structure,n,rep,ns_per_query,checksum
fusion8,256,0,36.8683,4651152958151299108
fusion8_c,256,0,35.8383,4651152958151299108
btree8_a64,256,0,21.3821,4651152958151299108
btree16_bl_a64,256,0,6.1188,4651152958151299108
btree8,256,0,21.8353,4651152958151299108
btree8_bl,256,0,16.9785,4651152958151299108
fusion16_w,256,0,27.0264,4651152958151299108
fusion8_bf,256,0,37.3230,4651152958151299108
btree8_bl_a64,256,0,16.0172,4651152958151299108
sorted_array,256,0,22.9156,4651152958151299108
btree8_bl,256,1,17.1890,4651152958151299108
fusion8,256,1,37.0071,4651152958151299108
btree16_bl_a64,256,1,6.1005,4651152958151299108
fusion16_w,256,1,26.7731,4651152958151299108
btree8_bl_a64,256,1,16.2292,4651152958151299108
btree8_a64,256,1,21.0892,4651152958151299108
fusion8_c,256,1,35.7773,4651152958151299108
sorted_array,256,1,22.8790,4651152958151299108
btree8,256,1,21.8964,4651152958151299108
fusion8_bf,256,1,37.2665,4651152958151299108
btree8_bl,256,2,16.9357,4651152958151299108
sorted_array,256,2,22.6913,4651152958151299108
btree16_bl_a64,256,2,6.0699,4651152958151299108
fusion8_c,256,2,35.9650,4651152958151299108
btree8_a64,256,2,21.3547,4651152958151299108
btree8,256,2,21.5500,4651152958151299108
fusion16_w,256,2,26.7853,4651152958151299108
fusion8,256,2,36.8820,4651152958151299108
fusion8_bf,256,2,37.3215,4651152958151299108
btree8_bl_a64,256,2,15.9012,4651152958151299108
fusion8_c,256,3,35.7117,4651152958151299108
fusion8_bf,256,3,37.2940,4651152958151299108
btree16_bl_a64,256,3,6.0135,4651152958151299108
btree8_bl_a64,256,3,16.0568,4651152958151299108
fusion8,256,3,36.8866,4651152958151299108
btree8,256,3,22.8271,4651152958151299108
sorted_array,256,3,23.4665,4651152958151299108
fusion16_w,256,3,27.0966,4651152958151299108
btree8_a64,256,3,21.3150,4651152958151299108
btree8_bl,256,3,16.8610,4651152958151299108
btree8_bl,256,4,16.4795,4651152958151299108
fusion16_w,256,4,26.6739,4651152958151299108
btree8_bl_a64,256,4,16.1560,4651152958151299108
btree16_bl_a64,256,4,6.0989,4651152958151299108
btree8,256,4,20.7336,4651152958151299108
fusion8,256,4,36.8515,4651152958151299108
fusion8_c,256,4,35.7376,4651152958151299108
fusion8_bf,256,4,37.2711,4651152958151299108
sorted_array,256,4,22.8165,4651152958151299108
btree8_a64,256,4,20.8008,4651152958151299108
fusion8_bf,256,5,37.0575,4651152958151299108
btree8,256,5,20.7458,4651152958151299108
btree8_a64,256,5,21.4355,4651152958151299108
btree8_bl,256,5,16.8304,4651152958151299108
btree16_bl_a64,256,5,6.0318,4651152958151299108
fusion8,256,5,36.8927,4651152958151299108
fusion16_w,256,5,27.0081,4651152958151299108
sorted_array,256,5,24.1501,4651152958151299108
btree8_bl_a64,256,5,16.1026,4651152958151299108
fusion8_c,256,5,35.7193,4651152958151299108
fusion8,256,6,36.9705,4651152958151299108
btree8_a64,256,6,22.1573,4651152958151299108
sorted_array,256,6,22.9553,4651152958151299108
btree8_bl,256,6,16.7389,4651152958151299108
btree16_bl_a64,256,6,6.0165,4651152958151299108
fusion8_bf,256,6,36.5509,4651152958151299108
fusion16_w,256,6,26.4282,4651152958151299108
btree8_bl_a64,256,6,15.7944,4651152958151299108
fusion8_c,256,6,35.1562,4651152958151299108
btree8,256,6,21.2067,4651152958151299108
fusion8_c,256,7,35.1822,4651152958151299108
fusion8_bf,256,7,36.6348,4651152958151299108
sorted_array,256,7,22.9477,4651152958151299108
btree8_bl,256,7,16.9647,4651152958151299108
btree8,256,7,20.8237,4651152958151299108
fusion16_w,256,7,27.1378,4651152958151299108
btree8_a64,256,7,22.3434,4651152958151299108
fusion8,256,7,36.9644,4651152958151299108
btree8_bl_a64,256,7,15.8920,4651152958151299108
btree16_bl_a64,256,7,6.1234,4651152958151299108
fusion8_c,256,8,35.3180,4651152958151299108
btree8_bl,256,8,16.7145,4651152958151299108
btree16_bl_a64,256,8,5.9525,4651152958151299108
fusion16_w,256,8,26.5167,4651152958151299108
btree8_bl_a64,256,8,15.8218,4651152958151299108
btree8,256,8,20.9152,4651152958151299108
btree8_a64,256,8,21.9849,4651152958151299108
fusion8_bf,256,8,37.3169,4651152958151299108
fusion8,256,8,36.7126,4651152958151299108
sorted_array,256,8,24.2996,4651152958151299108
fusion8_bf,256,9,36.7813,4651152958151299108
sorted_array,256,9,31.3889,4651152958151299108
btree8,256,9,20.8344,4651152958151299108
btree8_a64,256,9,21.0342,4651152958151299108
fusion16_w,256,9,27.2354,4651152958151299108
btree8_bl,256,9,17.1692,4651152958151299108
btree8_bl_a64,256,9,16.0339,4651152958151299108
btree16_bl_a64,256,9,5.9982,4651152958151299108
fusion8_c,256,9,35.9467,4651152958151299108
fusion8,256,9,37.0544,4651152958151299108
fusion8,256,10,36.5341,4651152958151299108
btree16_bl_a64,256,10,6.1111,4651152958151299108
btree8_bl_a64,256,10,16.0156,4651152958151299108
sorted_array,256,10,22.7890,4651152958151299108
fusion16_w,256,10,26.9012,4651152958151299108
btree8_bl,256,10,16.9220,4651152958151299108
fusion8_c,256,10,35.7285,4651152958151299108
btree8_a64,256,10,20.9076,4651152958151299108
btree8,256,10,21.2463,4651152958151299108
fusion8_bf,256,10,38.5513,4651152958151299108
fusion8,256,11,36.6302,4651152958151299108
btree8_a64,256,11,20.7443,4651152958151299108
fusion8_bf,256,11,37.2971,4651152958151299108
btree8,256,11,21.4157,4651152958151299108
btree8_bl_a64,256,11,15.9592,4651152958151299108
btree8_bl,256,11,17.0349,4651152958151299108
sorted_array,256,11,22.9019,4651152958151299108
fusion8_c,256,11,35.8948,4651152958151299108
btree16_bl_a64,256,11,5.9998,4651152958151299108
fusion16_w,256,11,27.0416,4651152958151299108
btree8_bl,256,12,17.0822,4651152958151299108
fusion16_w,256,12,26.8555,4651152958151299108
fusion8_bf,256,12,37.1094,4651152958151299108
fusion8,256,12,36.6013,4651152958151299108
sorted_array,256,12,23.1293,4651152958151299108
btree8_a64,256,12,21.1563,4651152958151299108
btree8_bl_a64,256,12,15.8325,4651152958151299108
fusion8_c,256,12,35.7590,4651152958151299108
btree16_bl_a64,256,12,6.0120,4651152958151299108
btree8,256,12,20.8618,4651152958151299108
fusion8,256,13,36.7508,4651152958151299108
fusion16_w,256,13,27.2568,4651152958151299108
btree8_a64,256,13,21.3074,4651152958151299108
fusion8_c,256,13,35.3622,4651152958151299108
btree8,256,13,20.3781,4651152958151299108
btree8_bl,256,13,16.7252,4651152958151299108
fusion8_bf,256,13,36.5814,4651152958151299108
btree16_bl_a64,256,13,5.9464,4651152958151299108
btree8_bl_a64,256,13,15.7639,4651152958151299108
sorted_array,256,13,22.3648,4651152958151299108
btree8_bl_a64,256,14,15.7394,4651152958151299108
fusion16_w,256,14,26.4786,4651152958151299108
btree8,256,14,21.7773,4651152958151299108
btree8_a64,256,14,22.1634,4651152958151299108
sorted_array,256,14,22.4686,4651152958151299108
btree8_bl,256,14,16.6962,4651152958151299108
btree16_bl_a64,256,14,5.9952,4651152958151299108
fusion8_bf,256,14,37.9196,4651152958151299108
fusion8,256,14,36.3403,4651152958151299108
fusion8_c,256,14,35.5240,4651152958151299108
fusion8_c,512,0,36.2076,5099789511540172029
btree8,512,0,25.0092,5099789511540172029
btree8_a64,512,0,26.5793,5099789511540172029
btree8_bl,512,0,13.9511,5099789511540172029
btree8_bl_a64,512,0,11.8042,5099789511540172029
fusion8,512,0,37.6709,5099789511540172029
sorted_array,512,0,30.3696,5099789511540172029
btree16_bl_a64,512,0,21.3287,5099789511540172029
fusion8_bf,512,0,38.4583,5099789511540172029
fusion16_w,512,0,41.4291,5099789511540172029
btree8_a64,512,1,25.1984,5099789511540172029
btree8,512,1,24.3790,5099789511540172029
fusion16_w,512,1,40.9897,5099789511540172029
fusion8,512,1,36.7218,5099789511540172029
btree8_bl,512,1,12.7869,5099789511540172029
btree16_bl_a64,512,1,21.6660,5099789511540172029
btree8_bl_a64,512,1,11.8988,5099789511540172029
fusion8_bf,512,1,38.4460,5099789511540172029
fusion8_c,512,1,36.5738,5099789511540172029
sorted_array,512,1,29.9225,5099789511540172029
fusion16_w,512,2,41.7892,5099789511540172029
btree8_bl_a64,512,2,12.0239,5099789511540172029
btree16_bl_a64,512,2,21.8002,5099789511540172029
fusion8_c,512,2,36.8118,5099789511540172029
fusion8_bf,512,2,37.8754,5099789511540172029
btree8_bl,512,2,12.5488,5099789511540172029
fusion8,512,2,36.6180,5099789511540172029
sorted_array,512,2,32.1625,5099789511540172029
btree8,512,2,24.5667,5099789511540172029
btree8_a64,512,2,27.4734,5099789511540172029
btree8_bl_a64,512,3,12.0041,5099789511540172029
btree8_a64,512,3,24.2172,5099789511540172029
sorted_array,512,3,30.0156,5099789511540172029
fusion8_c,512,3,36.6196,5099789511540172029
btree8,512,3,23.7625,5099789511540172029
fusion8,512,3,37.1643,5099789511540172029
fusion8_bf,512,3,38.1241,5099789511540172029
btree8_bl,512,3,12.3703,5099789511540172029
fusion16_w,512,3,40.6540,5099789511540172029
btree16_bl_a64,512,3,21.3348,5099789511540172029
fusion8_c,512,4,36.2564,5099789511540172029
btree8_bl,512,4,12.3795,5099789511540172029
btree16_bl_a64,512,4,21.6568,5099789511540172029
btree8,512,4,24.5651,5099789511540172029
btree8_bl_a64,512,4,12.0361,5099789511540172029
sorted_array,512,4,29.6875,5099789511540172029
btree8_a64,512,4,24.9863,5099789511540172029
fusion8_bf,512,4,38.5727,5099789511540172029
fusion16_w,512,4,41.4612,5099789511540172029
fusion8,512,4,36.6440,5099789511540172029
btree8_bl_a64,512,5,11.9110,5099789511540172029
btree8_bl,512,5,12.7213,5099789511540172029
fusion8_c,512,5,36.9034,5099789511540172029
btree16_bl_a64,512,5,21.8277,5099789511540172029
btree8,512,5,24.4781,5099789511540172029
btree8_a64,512,5,25.1846,5099789511540172029
fusion16_w,512,5,41.0065,5099789511540172029
sorted_array,512,5,30.0949,5099789511540172029
fusion8_bf,512,5,38.2263,5099789511540172029
fusion8,512,5,37.1689,5099789511540172029
fusion8,512,6,36.3403,5099789511540172029
btree8,512,6,23.8342,5099789511540172029
sorted_array,512,6,29.6188,5099789511540172029
btree16_bl_a64,512,6,21.8384,5099789511540172029
fusion16_w,512,6,41.4566,5099789511540172029
fusion8_c,512,6,36.3434,5099789511540172029
btree8_bl_a64,512,6,11.6409,5099789511540172029
btree8_a64,512,6,24.4995,5099789511540172029
btree8_bl,512,6,12.4451,5099789511540172029
fusion8_bf,512,6,39.0182,5099789511540172029
btree8,512,7,24.5590,5099789511540172029
btree8_a64,512,7,24.7314,5099789511540172029
fusion8_c,512,7,36.3571,5099789511540172029
fusion8_bf,512,7,37.6587,5099789511540172029
fusion8,512,7,36.7447,5099789511540172029
btree8_bl_a64,512,7,12.0682,5099789511540172029
fusion16_w,512,7,41.4261,5099789511540172029
btree16_bl_a64,512,7,21.8323,5099789511540172029
sorted_array,512,7,30.1910,5099789511540172029
btree8_bl,512,7,12.8601,5099789511540172029
sorted_array,512,8,30.0079,5099789511540172029
btree8_bl,512,8,12.6068,5099789511540172029
btree8_bl_a64,512,8,12.1124,5099789511540172029
btree16_bl_a64,512,8,21.6461,5099789511540172029
fusion8_bf,512,8,37.7960,5099789511540172029
fusion8,512,8,37.7701,5099789511540172029
fusion16_w,512,8,41.1819,5099789511540172029
fusion8_c,512,8,36.8866,5099789511540172029
btree8_a64,512,8,24.8383,5099789511540172029
btree8,512,8,25.3098,5099789511540172029
btree8_bl_a64,512,9,11.9843,5099789511540172029
btree8,512,9,23.8922,5099789511540172029
fusion16_w,512,9,40.5563,5099789511540172029
fusion8_c,512,9,36.3083,5099789511540172029
sorted_array,512,9,29.5044,5099789511540172029
btree8_a64,512,9,25.6485,5099789511540172029
btree16_bl_a64,512,9,21.4005,5099789511540172029
fusion8,512,9,36.6013,5099789511540172029
btree8_bl,512,9,12.5778,5099789511540172029
fusion8_bf,512,9,38.4689,5099789511540172029
btree8_bl,512,10,12.3032,5099789511540172029
btree8,512,10,24.4095,5099789511540172029
fusion8_c,512,10,36.8515,5099789511540172029
btree8_bl_a64,512,10,11.9919,5099789511540172029
btree8_a64,512,10,24.4736,5099789511540172029
sorted_array,512,10,30.1163,5099789511540172029
fusion16_w,512,10,41.4566,5099789511540172029
fusion8,512,10,39.2212,5099789511540172029
btree16_bl_a64,512,10,21.8979,5099789511540172029
fusion8_bf,512,10,38.4979,5099789511540172029
btree8_bl_a64,512,11,12.0926,5099789511540172029
fusion8_bf,512,11,38.4552,5099789511540172029
fusion8_c,512,11,36.9690,5099789511540172029
btree8_a64,512,11,24.5178,5099789511540172029
btree8_bl,512,11,12.6434,5099789511540172029
btree16_bl_a64,512,11,21.6583,5099789511540172029
fusion8,512,11,37.2482,5099789511540172029
fusion16_w,512,11,41.3940,5099789511540172029
sorted_array,512,11,30.0766,5099789511540172029
btree8,512,11,27.5253,5099789511540172029
btree8_bl_a64,512,12,12.1292,5099789511540172029
fusion8_bf,512,12,38.4735,5099789511540172029
fusion8_c,512,12,36.9202,5099789511540172029
btree8,512,12,24.9359,5099789511540172029
fusion8,512,12,37.2818,5099789511540172029
btree8_bl,512,12,12.8006,5099789511540172029
btree16_bl_a64,512,12,21.7728,5099789511540172029
btree8_a64,512,12,24.8062,5099789511540172029
sorted_array,512,12,30.1682,5099789511540172029
fusion16_w,512,12,41.4795,5099789511540172029
btree8,512,13,25.6668,5099789511540172029
fusion16_w,512,13,41.1346,5099789511540172029
btree8_a64,512,13,24.5544,5099789511540172029
sorted_array,512,13,30.3680,5099789511540172029
fusion8_bf,512,13,38.4293,5099789511540172029
fusion8,512,13,37.5198,5099789511540172029
btree8_bl,512,13,12.8571,5099789511540172029
btree16_bl_a64,512,13,21.6827,5099789511540172029
btree8_bl_a64,512,13,12.2467,5099789511540172029
fusion8_c,512,13,36.9415,5099789511540172029
btree8_bl_a64,512,14,11.9415,5099789511540172029
fusion8_bf,512,14,38.4003,5099789511540172029
btree8_a64,512,14,24.7940,5099789511540172029
btree8_bl,512,14,12.6938,5099789511540172029
btree16_bl_a64,512,14,21.7255,5099789511540172029
fusion16_w,512,14,41.5115,5099789511540172029
btree8,512,14,24.6872,5099789511540172029
fusion8_c,512,14,37.0346,5099789511540172029
sorted_array,512,14,30.0552,5099789511540172029
fusion8,512,14,37.7686,5099789511540172029
btree8,1024,0,27.6520,16675351655752164294
fusion16_w,1024,0,45.9015,16675351655752164294
btree8_a64,1024,0,28.2272,16675351655752164294
btree8_bl,1024,0,28.5416,16675351655752164294
fusion8_bf,1024,0,50.5981,16675351655752164294
fusion8,1024,0,46.0037,16675351655752164294
btree8_bl_a64,1024,0,26.9241,16675351655752164294
fusion8_c,1024,0,48.4024,16675351655752164294
sorted_array,1024,0,35.2448,16675351655752164294
btree16_bl_a64,1024,0,16.5695,16675351655752164294
btree8,1024,1,27.9190,16675351655752164294
fusion8,1024,1,45.7642,16675351655752164294
fusion8_bf,1024,1,50.6363,16675351655752164294
fusion8_c,1024,1,48.8251,16675351655752164294
fusion16_w,1024,1,46.1655,16675351655752164294
btree8_bl,1024,1,28.5080,16675351655752164294
sorted_array,1024,1,35.0998,16675351655752164294
btree16_bl_a64,1024,1,16.5405,16675351655752164294
btree8_bl_a64,1024,1,26.9043,16675351655752164294
btree8_a64,1024,1,27.5711,16675351655752164294
btree8,1024,2,28.9566,16675351655752164294
fusion8_bf,1024,2,50.5188,16675351655752164294
btree8_a64,1024,2,28.4225,16675351655752164294
btree8_bl,1024,2,28.5538,16675351655752164294
btree16_bl_a64,1024,2,16.4108,16675351655752164294
fusion8_c,1024,2,48.4039,16675351655752164294
fusion16_w,1024,2,46.0831,16675351655752164294
fusion8,1024,2,45.9045,16675351655752164294
sorted_array,1024,2,35.8902,16675351655752164294
btree8_bl_a64,1024,2,26.8707,16675351655752164294
sorted_array,1024,3,35.1440,16675351655752164294
fusion8_c,1024,3,48.4222,16675351655752164294
fusion16_w,1024,3,45.8633,16675351655752164294
btree16_bl_a64,1024,3,16.5298,16675351655752164294
fusion8,1024,3,45.7428,16675351655752164294
btree8_bl_a64,1024,3,27.0477,16675351655752164294
btree8_a64,1024,3,28.3173,16675351655752164294
fusion8_bf,1024,3,50.5478,16675351655752164294
btree8_bl,1024,3,28.5309,16675351655752164294
btree8,1024,3,28.3920,16675351655752164294
btree8_a64,1024,4,28.0640,16675351655752164294
btree8,1024,4,29.1870,16675351655752164294
fusion8_c,1024,4,48.4467,16675351655752164294
btree8_bl,1024,4,28.6896,16675351655752164294
sorted_array,1024,4,35.0388,16675351655752164294
fusion8_bf,1024,4,50.8240,16675351655752164294
btree8_bl_a64,1024,4,26.8036,16675351655752164294
btree16_bl_a64,1024,4,16.6306,16675351655752164294
fusion16_w,1024,4,45.9961,16675351655752164294
fusion8,1024,4,45.6253,16675351655752164294
fusion8,1024,5,44.3146,16675351655752164294
btree16_bl_a64,1024,5,15.9470,16675351655752164294
fusion16_w,1024,5,45.9488,16675351655752164294
btree8_bl,1024,5,28.4424,16675351655752164294
btree8_a64,1024,5,28.1616,16675351655752164294
fusion8_c,1024,5,57.5012,16675351655752164294
btree8,1024,5,28.5812,16675351655752164294
fusion8_bf,1024,5,50.6760,16675351655752164294
btree8_bl_a64,1024,5,26.8402,16675351655752164294
sorted_array,1024,5,35.0052,16675351655752164294
fusion16_w,1024,6,46.1182,16675351655752164294
btree8_bl,1024,6,28.7155,16675351655752164294
fusion8,1024,6,46.0571,16675351655752164294
btree8_a64,1024,6,30.0140,16675351655752164294
btree8,1024,6,28.4439,16675351655752164294
fusion8_c,1024,6,48.3505,16675351655752164294
sorted_array,1024,6,35.3394,16675351655752164294
btree8_bl_a64,1024,6,26.9547,16675351655752164294
btree16_bl_a64,1024,6,16.4139,16675351655752164294
fusion8_bf,1024,6,50.5356,16675351655752164294
sorted_array,1024,7,35.0815,16675351655752164294
fusion8_c,1024,7,50.5890,16675351655752164294
fusion8,1024,7,45.6894,16675351655752164294
btree16_bl_a64,1024,7,16.4261,16675351655752164294
fusion16_w,1024,7,46.1029,16675351655752164294
btree8,1024,7,28.4851,16675351655752164294
btree8_bl_a64,1024,7,26.8127,16675351655752164294
btree8_bl,1024,7,28.1097,16675351655752164294
btree8_a64,1024,7,27.5192,16675351655752164294
fusion8_bf,1024,7,50.7248,16675351655752164294
fusion8,1024,8,45.7642,16675351655752164294
btree8_bl,1024,8,28.5187,16675351655752164294
btree8_bl_a64,1024,8,27.0554,16675351655752164294
fusion8_c,1024,8,48.4894,16675351655752164294
fusion8_bf,1024,8,50.3998,16675351655752164294
btree16_bl_a64,1024,8,16.2582,16675351655752164294
sorted_array,1024,8,35.4675,16675351655752164294
btree8_a64,1024,8,31.6132,16675351655752164294
fusion16_w,1024,8,45.3583,16675351655752164294
btree8,1024,8,29.7531,16675351655752164294
fusion16_w,1024,9,45.8115,16675351655752164294
fusion8,1024,9,45.9915,16675351655752164294
btree8_a64,1024,9,27.2705,16675351655752164294
fusion8_bf,1024,9,49.5392,16675351655752164294
btree16_bl_a64,1024,9,16.1270,16675351655752164294
btree8_bl_a64,1024,9,26.7136,16675351655752164294
btree8_bl,1024,9,28.0151,16675351655752164294
fusion8_c,1024,9,47.4991,16675351655752164294
btree8,1024,9,28.0563,16675351655752164294
sorted_array,1024,9,34.7763,16675351655752164294
fusion8,1024,10,47.1268,16675351655752164294
btree16_bl_a64,1024,10,16.2064,16675351655752164294
fusion8_c,1024,10,47.9965,16675351655752164294
fusion8_bf,1024,10,50.5936,16675351655752164294
fusion16_w,1024,10,45.4208,16675351655752164294
btree8,1024,10,29.5914,16675351655752164294
sorted_array,1024,10,35.5301,16675351655752164294
btree8_bl,1024,10,28.7354,16675351655752164294
btree8_a64,1024,10,28.7048,16675351655752164294
btree8_bl_a64,1024,10,26.9394,16675351655752164294
btree8_bl_a64,1024,11,26.5671,16675351655752164294
sorted_array,1024,11,35.0555,16675351655752164294
btree8,1024,11,28.1265,16675351655752164294
fusion8,1024,11,45.7397,16675351655752164294
fusion8_bf,1024,11,51.8967,16675351655752164294
btree16_bl_a64,1024,11,16.4566,16675351655752164294
fusion16_w,1024,11,46.0175,16675351655752164294
btree8_a64,1024,11,29.2938,16675351655752164294
fusion8_c,1024,11,48.4985,16675351655752164294
btree8_bl,1024,11,28.6011,16675351655752164294
fusion16_w,1024,12,46.0999,16675351655752164294
fusion8,1024,12,45.8710,16675351655752164294
btree16_bl_a64,1024,12,16.4627,16675351655752164294
fusion8_bf,1024,12,62.2131,16675351655752164294
btree8_a64,1024,12,28.6819,16675351655752164294
sorted_array,1024,12,35.4385,16675351655752164294
btree8_bl_a64,1024,12,27.0218,16675351655752164294
btree8_bl,1024,12,28.5583,16675351655752164294
btree8,1024,12,28.3539,16675351655752164294
fusion8_c,1024,12,48.4863,16675351655752164294
btree8_bl,1024,13,28.7476,16675351655752164294
btree8,1024,13,28.3615,16675351655752164294
fusion16_w,1024,13,46.3486,16675351655752164294
sorted_array,1024,13,35.2905,16675351655752164294
btree8_bl_a64,1024,13,26.8799,16675351655752164294
fusion8_bf,1024,13,50.6012,16675351655752164294
btree16_bl_a64,1024,13,16.6367,16675351655752164294
fusion8_c,1024,13,48.4558,16675351655752164294
btree8_a64,1024,13,28.3157,16675351655752164294
fusion8,1024,13,45.9869,16675351655752164294
btree16_bl_a64,1024,14,16.4444,16675351655752164294
fusion8,1024,14,45.4910,16675351655752164294
sorted_array,1024,14,35.1776,16675351655752164294
fusion8_c,1024,14,50.8499,16675351655752164294
btree8,1024,14,28.3386,16675351655752164294
btree8_bl_a64,1024,14,26.7548,16675351655752164294
btree8_bl,1024,14,28.7323,16675351655752164294
fusion16_w,1024,14,46.1441,16675351655752164294
btree8_a64,1024,14,29.6875,16675351655752164294
fusion8_bf,1024,14,50.6104,16675351655752164294
fusion8,2048,0,54.7653,12960468969644381222
fusion16_w,2048,0,48.2224,12960468969644381222
btree8_bl_a64,2048,0,23.1979,12960468969644381222
btree8_bl,2048,0,24.7009,12960468969644381222
fusion8_c,2048,0,52.8198,12960468969644381222
btree16_bl_a64,2048,0,13.5559,12960468969644381222
sorted_array,2048,0,39.8651,12960468969644381222
btree8_a64,2048,0,35.6720,12960468969644381222
btree8,2048,0,33.4854,12960468969644381222
fusion8_bf,2048,0,55.6625,12960468969644381222
fusion8,2048,1,54.6814,12960468969644381222
btree16_bl_a64,2048,1,13.5406,12960468969644381222
sorted_array,2048,1,39.9551,12960468969644381222
btree8_a64,2048,1,34.3567,12960468969644381222
btree8,2048,1,33.2352,12960468969644381222
fusion16_w,2048,1,48.3185,12960468969644381222
fusion8_bf,2048,1,64.6881,12960468969644381222
fusion8_c,2048,1,52.9510,12960468969644381222
btree8_bl,2048,1,24.7177,12960468969644381222
btree8_bl_a64,2048,1,23.3871,12960468969644381222
fusion16_w,2048,2,48.2193,12960468969644381222
btree16_bl_a64,2048,2,13.5666,12960468969644381222
btree8,2048,2,32.3990,12960468969644381222
fusion8_c,2048,2,52.8946,12960468969644381222
sorted_array,2048,2,39.9857,12960468969644381222
btree8_a64,2048,2,33.5312,12960468969644381222
fusion8,2048,2,54.6402,12960468969644381222
fusion8_bf,2048,2,55.4825,12960468969644381222
btree8_bl,2048,2,24.9619,12960468969644381222
btree8_bl_a64,2048,2,23.0423,12960468969644381222
btree8_bl,2048,3,24.5728,12960468969644381222
fusion8_c,2048,3,52.9282,12960468969644381222
sorted_array,2048,3,39.9078,12960468969644381222
btree8_a64,2048,3,34.6481,12960468969644381222
fusion8_bf,2048,3,55.5237,12960468969644381222
btree16_bl_a64,2048,3,13.4583,12960468969644381222
btree8_bl_a64,2048,3,23.1186,12960468969644381222
btree8,2048,3,31.7291,12960468969644381222
fusion16_w,2048,3,48.1476,12960468969644381222
fusion8,2048,3,55.1483,12960468969644381222
btree16_bl_a64,2048,4,13.5452,12960468969644381222
sorted_array,2048,4,39.1586,12960468969644381222
fusion16_w,2048,4,48.1766,12960468969644381222
btree8_bl,2048,4,24.8398,12960468969644381222
btree8_bl_a64,2048,4,23.1018,12960468969644381222
fusion8,2048,4,54.2725,12960468969644381222
btree8_a64,2048,4,34.3475,12960468969644381222
fusion8_bf,2048,4,55.8304,12960468969644381222
btree8,2048,4,33.1482,12960468969644381222
fusion8_c,2048,4,52.7481,12960468969644381222
fusion8,2048,5,54.3655,12960468969644381222
btree8_bl,2048,5,24.8566,12960468969644381222
btree8,2048,5,32.0053,12960468969644381222
fusion8_c,2048,5,52.7573,12960468969644381222
sorted_array,2048,5,39.8926,12960468969644381222
btree8_a64,2048,5,33.2932,12960468969644381222
btree16_bl_a64,2048,5,13.4506,12960468969644381222
btree8_bl_a64,2048,5,23.1415,12960468969644381222
fusion8_bf,2048,5,65.0040,12960468969644381222
fusion16_w,2048,5,48.1384,12960468969644381222
btree8,2048,6,33.7753,12960468969644381222
sorted_array,2048,6,39.8666,12960468969644381222
fusion8,2048,6,57.2800,12960468969644381222
btree8_bl_a64,2048,6,23.2101,12960468969644381222
fusion8_c,2048,6,52.8015,12960468969644381222
fusion8_bf,2048,6,64.7949,12960468969644381222
fusion16_w,2048,6,48.3337,12960468969644381222
btree16_bl_a64,2048,6,13.7115,12960468969644381222
btree8_a64,2048,6,33.4152,12960468969644381222
btree8_bl,2048,6,25.0809,12960468969644381222
fusion8_bf,2048,7,55.6610,12960468969644381222
btree8,2048,7,31.9229,12960468969644381222
btree8_bl,2048,7,24.8444,12960468969644381222
btree16_bl_a64,2048,7,13.5193,12960468969644381222
btree8_bl_a64,2048,7,22.8561,12960468969644381222
fusion8_c,2048,7,52.8549,12960468969644381222
btree8_a64,2048,7,32.5775,12960468969644381222
sorted_array,2048,7,40.0391,12960468969644381222
fusion16_w,2048,7,48.1476,12960468969644381222
fusion8,2048,7,55.0629,12960468969644381222
fusion16_w,2048,8,47.8470,12960468969644381222
btree8,2048,8,33.9218,12960468969644381222
btree8_bl_a64,2048,8,39.6942,12960468969644381222
fusion8_c,2048,8,52.9816,12960468969644381222
btree8_bl,2048,8,24.7467,12960468969644381222
btree8_a64,2048,8,32.7606,12960468969644381222
fusion8_bf,2048,8,55.5984,12960468969644381222
btree16_bl_a64,2048,8,13.6688,12960468969644381222
sorted_array,2048,8,39.9994,12960468969644381222
fusion8,2048,8,55.1422,12960468969644381222
btree8_a64,2048,9,34.0027,12960468969644381222
fusion8,2048,9,53.8757,12960468969644381222
btree8,2048,9,31.9336,12960468969644381222
fusion16_w,2048,9,48.2269,12960468969644381222
btree16_bl_a64,2048,9,13.5223,12960468969644381222
btree8_bl,2048,9,24.8962,12960468969644381222
btree8_bl_a64,2048,9,22.8638,12960468969644381222
fusion8_bf,2048,9,55.7419,12960468969644381222
sorted_array,2048,9,39.8483,12960468969644381222
fusion8_c,2048,9,53.4561,12960468969644381222
btree16_bl_a64,2048,10,13.6078,12960468969644381222
sorted_array,2048,10,39.7766,12960468969644381222
btree8_bl,2048,10,25.0870,12960468969644381222
fusion8_c,2048,10,52.9633,12960468969644381222
fusion8,2048,10,54.2725,12960468969644381222
btree8,2048,10,34.0103,12960468969644381222
fusion16_w,2048,10,48.2452,12960468969644381222
btree8_bl_a64,2048,10,23.0957,12960468969644381222
fusion8_bf,2048,10,55.5862,12960468969644381222
btree8_a64,2048,10,32.6920,12960468969644381222
btree8,2048,11,32.9834,12960468969644381222
btree8_bl_a64,2048,11,23.0804,12960468969644381222
btree8_a64,2048,11,32.3776,12960468969644381222
fusion8_bf,2048,11,55.9143,12960468969644381222
btree8_bl,2048,11,24.8871,12960468969644381222
fusion8_c,2048,11,61.3388,12960468969644381222
fusion16_w,2048,11,48.0118,12960468969644381222
btree16_bl_a64,2048,11,13.6353,12960468969644381222
fusion8,2048,11,54.3991,12960468969644381222
sorted_array,2048,11,40.3015,12960468969644381222
sorted_array,2048,12,39.6683,12960468969644381222
btree16_bl_a64,2048,12,13.4476,12960468969644381222
btree8_bl_a64,2048,12,23.3871,12960468969644381222
fusion8_c,2048,12,52.6871,12960468969644381222
btree8_bl,2048,12,24.9573,12960468969644381222
btree8,2048,12,32.4753,12960468969644381222
fusion8_bf,2048,12,55.3802,12960468969644381222
fusion16_w,2048,12,48.2269,12960468969644381222
btree8_a64,2048,12,34.1843,12960468969644381222
fusion8,2048,12,54.2099,12960468969644381222
fusion16_w,2048,13,48.0423,12960468969644381222
btree8_bl,2048,13,25.1617,12960468969644381222
fusion8,2048,13,54.3304,12960468969644381222
btree16_bl_a64,2048,13,13.5666,12960468969644381222
fusion8_c,2048,13,52.8976,12960468969644381222
btree8_a64,2048,13,32.1243,12960468969644381222
btree8,2048,13,33.9142,12960468969644381222
sorted_array,2048,13,39.9323,12960468969644381222
btree8_bl_a64,2048,13,23.2544,12960468969644381222
fusion8_bf,2048,13,54.6173,12960468969644381222
btree8_bl,2048,14,24.8123,12960468969644381222
btree16_bl_a64,2048,14,13.4903,12960468969644381222
btree8,2048,14,31.5811,12960468969644381222
fusion8_bf,2048,14,54.7852,12960468969644381222
fusion8,2048,14,54.2542,12960468969644381222
btree8_a64,2048,14,34.6451,12960468969644381222
btree8_bl_a64,2048,14,23.0576,12960468969644381222
sorted_array,2048,14,39.2120,12960468969644381222
fusion16_w,2048,14,56.0287,12960468969644381222
fusion8_c,2048,14,52.7191,12960468969644381222
sorted_array,4096,0,43.8492,4803135936880507992
btree8,4096,0,36.5417,4803135936880507992
fusion8_c,4096,0,54.5456,4803135936880507992
fusion8_bf,4096,0,72.8516,4803135936880507992
btree8_bl,4096,0,19.2917,4803135936880507992
fusion16_w,4096,0,46.5408,4803135936880507992
fusion8,4096,0,56.4560,4803135936880507992
btree8_bl_a64,4096,0,18.6966,4803135936880507992
btree16_bl_a64,4096,0,11.5982,4803135936880507992
btree8_a64,4096,0,36.3647,4803135936880507992
fusion16_w,4096,1,46.2662,4803135936880507992
btree16_bl_a64,4096,1,11.5067,4803135936880507992
btree8_bl,4096,1,19.1452,4803135936880507992
btree8_bl_a64,4096,1,18.1152,4803135936880507992
btree8_a64,4096,1,35.9085,4803135936880507992
fusion8_bf,4096,1,57.8995,4803135936880507992
sorted_array,4096,1,43.6996,4803135936880507992
fusion8_c,4096,1,56.3705,4803135936880507992
fusion8,4096,1,56.3232,4803135936880507992
btree8,4096,1,38.8229,4803135936880507992
btree8_bl,4096,2,19.0247,4803135936880507992
fusion8_bf,4096,2,101.4557,4803135936880507992
btree8_bl_a64,4096,2,18.3014,4803135936880507992
fusion16_w,4096,2,46.4539,4803135936880507992
btree8_a64,4096,2,36.2793,4803135936880507992
btree8,4096,2,37.3138,4803135936880507992
btree16_bl_a64,4096,2,11.5540,4803135936880507992
fusion8_c,4096,2,53.9703,4803135936880507992
fusion8,4096,2,56.1310,4803135936880507992
sorted_array,4096,2,44.1040,4803135936880507992
fusion8_c,4096,3,53.7308,4803135936880507992
fusion8_bf,4096,3,56.4667,4803135936880507992
btree8,4096,3,35.1318,4803135936880507992
fusion8,4096,3,56.3736,4803135936880507992
btree16_bl_a64,4096,3,11.2869,4803135936880507992
btree8_bl,4096,3,18.6783,4803135936880507992
sorted_array,4096,3,59.6420,4803135936880507992
fusion16_w,4096,3,46.3470,4803135936880507992
btree8_a64,4096,3,36.3266,4803135936880507992
btree8_bl_a64,4096,3,18.3075,4803135936880507992
btree8_bl,4096,4,18.9056,4803135936880507992
fusion8_c,4096,4,53.9642,4803135936880507992
fusion8,4096,4,55.5725,4803135936880507992
btree8_bl_a64,4096,4,18.1198,4803135936880507992
btree8,4096,4,35.5530,4803135936880507992
sorted_array,4096,4,43.8568,4803135936880507992
fusion16_w,4096,4,46.8582,4803135936880507992
btree16_bl_a64,4096,4,11.6180,4803135936880507992
fusion8_bf,4096,4,57.2433,4803135936880507992
btree8_a64,4096,4,36.7325,4803135936880507992
btree8_bl_a64,4096,5,18.3426,4803135936880507992
btree16_bl_a64,4096,5,11.4990,4803135936880507992
fusion8_c,4096,5,53.9169,4803135936880507992
btree8,4096,5,45.0058,4803135936880507992
fusion16_w,4096,5,46.5820,4803135936880507992
btree8_bl,4096,5,19.0094,4803135936880507992
sorted_array,4096,5,43.8110,4803135936880507992
btree8_a64,4096,5,35.8429,4803135936880507992
fusion8,4096,5,56.5430,4803135936880507992
fusion8_bf,4096,5,57.4936,4803135936880507992
fusion8_bf,4096,6,56.7566,4803135936880507992
btree8_bl,4096,6,18.8629,4803135936880507992
sorted_array,4096,6,43.6691,4803135936880507992
btree8,4096,6,36.9781,4803135936880507992
fusion16_w,4096,6,46.5759,4803135936880507992
btree16_bl_a64,4096,6,11.5204,4803135936880507992
btree8_a64,4096,6,36.7569,4803135936880507992
fusion8,4096,6,55.7892,4803135936880507992
fusion8_c,4096,6,71.7010,4803135936880507992
btree8_bl_a64,4096,6,18.3105,4803135936880507992
btree8,4096,7,35.5988,4803135936880507992
sorted_array,4096,7,43.8141,4803135936880507992
fusion8_c,4096,7,54.3259,4803135936880507992
fusion16_w,4096,7,46.0052,4803135936880507992
btree8_bl_a64,4096,7,18.2495,4803135936880507992
btree8_a64,4096,7,36.1847,4803135936880507992
fusion8_bf,4096,7,57.0862,4803135936880507992
btree16_bl_a64,4096,7,11.5784,4803135936880507992
btree8_bl,4096,7,19.1772,4803135936880507992
fusion8,4096,7,55.6625,4803135936880507992
btree8,4096,8,36.1282,4803135936880507992
btree8_a64,4096,8,38.0295,4803135936880507992
fusion8_c,4096,8,53.8971,4803135936880507992
sorted_array,4096,8,43.1122,4803135936880507992
btree16_bl_a64,4096,8,11.2900,4803135936880507992
btree8_bl_a64,4096,8,34.3521,4803135936880507992
fusion8_bf,4096,8,56.8710,4803135936880507992
fusion16_w,4096,8,46.4722,4803135936880507992
btree8_bl,4096,8,19.1666,4803135936880507992
fusion8,4096,8,56.0822,4803135936880507992
fusion16_w,4096,9,46.5378,4803135936880507992
btree8_a64,4096,9,36.7065,4803135936880507992
sorted_array,4096,9,59.7107,4803135936880507992
btree8_bl_a64,4096,9,18.3395,4803135936880507992
btree8,4096,9,35.9863,4803135936880507992
fusion8_bf,4096,9,57.0221,4803135936880507992
fusion8_c,4096,9,54.1229,4803135936880507992
fusion8,4096,9,56.5247,4803135936880507992
btree8_bl,4096,9,19.2154,4803135936880507992
btree16_bl_a64,4096,9,11.5921,4803135936880507992
sorted_array,4096,10,52.4780,4803135936880507992
fusion16_w,4096,10,46.5683,4803135936880507992
fusion8,4096,10,56.3675,4803135936880507992
btree8_bl_a64,4096,10,18.5120,4803135936880507992
fusion8_c,4096,10,54.1702,4803135936880507992
btree8_a64,4096,10,36.5662,4803135936880507992
btree8,4096,10,37.6160,4803135936880507992
btree8_bl,4096,10,19.1925,4803135936880507992
btree16_bl_a64,4096,10,11.6440,4803135936880507992
fusion8_bf,4096,10,57.2769,4803135936880507992
btree8_bl,4096,11,18.8736,4803135936880507992
btree8_a64,4096,11,36.0519,4803135936880507992
fusion8,4096,11,56.4682,4803135936880507992
btree8_bl_a64,4096,11,18.4235,4803135936880507992
fusion8_c,4096,11,53.9215,4803135936880507992
fusion8_bf,4096,11,56.7398,4803135936880507992
btree16_bl_a64,4096,11,11.5677,4803135936880507992
btree8,4096,11,52.2476,4803135936880507992
fusion16_w,4096,11,46.3181,4803135936880507992
sorted_array,4096,11,43.9575,4803135936880507992
btree8_bl_a64,4096,12,18.3868,4803135936880507992
fusion8_c,4096,12,54.0375,4803135936880507992
btree8_a64,4096,12,35.8932,4803135936880507992
btree16_bl_a64,4096,12,11.4639,4803135936880507992
btree8_bl,4096,12,19.1086,4803135936880507992
btree8,4096,12,36.1420,4803135936880507992
fusion8_bf,4096,12,56.9946,4803135936880507992
fusion8,4096,12,56.6650,4803135936880507992
fusion16_w,4096,12,46.2616,4803135936880507992
sorted_array,4096,12,43.1625,4803135936880507992
btree8_a64,4096,13,37.5839,4803135936880507992
fusion8,4096,13,55.6656,4803135936880507992
btree8_bl,4096,13,19.2780,4803135936880507992
sorted_array,4096,13,62.3230,4803135936880507992
btree8_bl_a64,4096,13,18.3823,4803135936880507992
fusion16_w,4096,13,46.5546,4803135936880507992
btree8,4096,13,37.1017,4803135936880507992
fusion8_bf,4096,13,56.8787,4803135936880507992
btree16_bl_a64,4096,13,11.6302,4803135936880507992
fusion8_c,4096,13,53.9612,4803135936880507992
btree8_bl_a64,4096,14,18.4311,4803135936880507992
fusion8,4096,14,65.2191,4803135936880507992
fusion16_w,4096,14,46.5851,4803135936880507992
fusion8_c,4096,14,53.9764,4803135936880507992
btree8_bl,4096,14,19.1956,4803135936880507992
fusion8_bf,4096,14,56.9412,4803135936880507992
btree16_bl_a64,4096,14,11.4349,4803135936880507992
btree8,4096,14,35.9985,4803135936880507992
btree8_a64,4096,14,37.4481,4803135936880507992
sorted_array,4096,14,59.7565,4803135936880507992
fusion8_bf,8192,0,68.8904,159033305566865313
fusion8_c,8192,0,63.4979,159033305566865313
sorted_array,8192,0,49.5316,159033305566865313
btree8_bl,8192,0,30.3314,159033305566865313
btree8,8192,0,39.1037,159033305566865313
btree16_bl_a64,8192,0,34.7733,159033305566865313
btree8_bl_a64,8192,0,27.8198,159033305566865313
fusion8,8192,0,79.4403,159033305566865313
btree8_a64,8192,0,41.7511,159033305566865313
fusion16_w,8192,0,67.9230,159033305566865313
fusion8_bf,8192,1,69.3588,159033305566865313
btree8_a64,8192,1,39.5203,159033305566865313
fusion8_c,8192,1,80.6671,159033305566865313
fusion16_w,8192,1,66.8503,159033305566865313
sorted_array,8192,1,49.4217,159033305566865313
btree16_bl_a64,8192,1,35.4782,159033305566865313
btree8_bl_a64,8192,1,28.3539,159033305566865313
btree8,8192,1,40.0482,159033305566865313
btree8_bl,8192,1,29.5593,159033305566865313
fusion8,8192,1,72.2519,159033305566865313
btree16_bl_a64,8192,2,34.6252,159033305566865313
btree8_a64,8192,2,39.9979,159033305566865313
fusion8,8192,2,63.7238,159033305566865313
sorted_array,8192,2,49.4186,159033305566865313
fusion8_c,8192,2,67.4942,159033305566865313
btree8_bl_a64,8192,2,44.6487,159033305566865313
fusion16_w,8192,2,68.6295,159033305566865313
fusion8_bf,8192,2,68.4662,159033305566865313
btree8_bl,8192,2,29.4052,159033305566865313
btree8,8192,2,39.5279,159033305566865313
fusion8_bf,8192,3,66.3895,159033305566865313
btree8,8192,3,49.2706,159033305566865313
btree16_bl_a64,8192,3,35.1379,159033305566865313
btree8_a64,8192,3,40.2725,159033305566865313
btree8_bl,8192,3,29.9500,159033305566865313
fusion8_c,8192,3,64.4135,159033305566865313
sorted_array,8192,3,49.5575,159033305566865313
fusion16_w,8192,3,89.3234,159033305566865313
fusion8,8192,3,64.4852,159033305566865313
btree8_bl_a64,8192,3,28.7598,159033305566865313
btree8_bl,8192,4,29.8309,159033305566865313
btree8,8192,4,39.7476,159033305566865313
btree8_a64,8192,4,40.2679,159033305566865313
sorted_array,8192,4,50.6729,159033305566865313
btree8_bl_a64,8192,4,27.6657,159033305566865313
fusion8_c,8192,4,64.2792,159033305566865313
fusion8_bf,8192,4,68.4647,159033305566865313
fusion16_w,8192,4,68.1152,159033305566865313
btree16_bl_a64,8192,4,34.9655,159033305566865313
fusion8,8192,4,63.3728,159033305566865313
btree8_bl,8192,5,38.2904,159033305566865313
btree8_bl_a64,8192,5,27.4994,159033305566865313
btree8_a64,8192,5,39.8651,159033305566865313
btree16_bl_a64,8192,5,33.7021,159033305566865313
sorted_array,8192,5,49.5346,159033305566865313
fusion16_w,8192,5,68.9606,159033305566865313
fusion8_c,8192,5,64.4470,159033305566865313
fusion8_bf,8192,5,68.9545,159033305566865313
fusion8,8192,5,64.4379,159033305566865313
btree8,8192,5,40.3809,159033305566865313
sorted_array,8192,6,49.5010,159033305566865313
fusion8,8192,6,62.5351,159033305566865313
fusion8_c,8192,6,66.1682,159033305566865313
fusion16_w,8192,6,66.7374,159033305566865313
fusion8_bf,8192,6,67.2379,159033305566865313
btree8_bl,8192,6,29.7531,159033305566865313
btree8_a64,8192,6,40.0391,159033305566865313
btree8,8192,6,40.0940,159033305566865313
btree16_bl_a64,8192,6,34.6802,159033305566865313
btree8_bl_a64,8192,6,27.9449,159033305566865313
btree8_bl_a64,8192,7,27.0309,159033305566865313
sorted_array,8192,7,49.5224,159033305566865313
fusion8_bf,8192,7,71.5057,159033305566865313
btree8,8192,7,40.0650,159033305566865313
btree16_bl_a64,8192,7,32.9758,159033305566865313
fusion8,8192,7,62.7396,159033305566865313
btree8_bl,8192,7,45.7031,159033305566865313
fusion8_c,8192,7,64.2014,159033305566865313
btree8_a64,8192,7,39.7858,159033305566865313
fusion16_w,8192,7,67.8421,159033305566865313
fusion8,8192,8,62.8067,159033305566865313
btree16_bl_a64,8192,8,34.1660,159033305566865313
btree8_a64,8192,8,39.5218,159033305566865313
fusion16_w,8192,8,66.0294,159033305566865313
btree8_bl_a64,8192,8,27.8915,159033305566865313
fusion8_c,8192,8,63.4552,159033305566865313
fusion8_bf,8192,8,67.5919,159033305566865313
btree8,8192,8,39.9673,159033305566865313
btree8_bl,8192,8,29.5364,159033305566865313
sorted_array,8192,8,65.6067,159033305566865313
sorted_array,8192,9,49.4293,159033305566865313
btree8,8192,9,39.9796,159033305566865313
fusion8_c,8192,9,63.9908,159033305566865313
fusion8,8192,9,64.2639,159033305566865313
fusion16_w,8192,9,67.8040,159033305566865313
btree8_bl,8192,9,29.0421,159033305566865313
fusion8_bf,8192,9,67.3721,159033305566865313
btree16_bl_a64,8192,9,34.6375,159033305566865313
btree8_bl_a64,8192,9,28.0289,159033305566865313
btree8_a64,8192,9,39.5615,159033305566865313
fusion16_w,8192,10,65.8508,159033305566865313
btree16_bl_a64,8192,10,49.3103,159033305566865313
btree8_a64,8192,10,39.5065,159033305566865313
fusion8_bf,8192,10,67.2668,159033305566865313
sorted_array,8192,10,49.5346,159033305566865313
btree8,8192,10,40.1596,159033305566865313
fusion8,8192,10,64.3188,159033305566865313
fusion8_c,8192,10,64.3646,159033305566865313
btree8_bl,8192,10,29.2343,159033305566865313
btree8_bl_a64,8192,10,27.8946,159033305566865313
btree8,8192,11,38.9084,159033305566865313
fusion8,8192,11,63.6383,159033305566865313
btree8_a64,8192,11,39.3997,159033305566865313
fusion8_c,8192,11,63.0463,159033305566865313
btree16_bl_a64,8192,11,33.7448,159033305566865313
btree8_bl_a64,8192,11,27.4094,159033305566865313
btree8_bl,8192,11,28.9551,159033305566865313
fusion8_bf,8192,11,66.6870,159033305566865313
sorted_array,8192,11,49.4522,159033305566865313
fusion16_w,8192,11,70.6543,159033305566865313
fusion8_c,8192,12,63.3194,159033305566865313
btree8_bl,8192,12,29.3213,159033305566865313
fusion8_bf,8192,12,66.9189,159033305566865313
btree16_bl_a64,8192,12,32.5073,159033305566865313
sorted_array,8192,12,48.7915,159033305566865313
fusion8,8192,12,63.9816,159033305566865313
btree8_a64,8192,12,40.4449,159033305566865313
fusion16_w,8192,12,66.5298,159033305566865313
btree8_bl_a64,8192,12,27.3270,159033305566865313
btree8,8192,12,39.6591,159033305566865313
btree8_bl,8192,13,29.5975,159033305566865313
btree8_bl_a64,8192,13,30.1727,159033305566865313
btree16_bl_a64,8192,13,33.9355,159033305566865313
btree8,8192,13,40.4678,159033305566865313
fusion8_bf,8192,13,68.1854,159033305566865313
fusion16_w,8192,13,66.3818,159033305566865313
fusion8,8192,13,63.8062,159033305566865313
sorted_array,8192,13,48.7640,159033305566865313
btree8_a64,8192,13,40.2039,159033305566865313
fusion8_c,8192,13,63.7466,159033305566865313
fusion16_w,8192,14,82.5104,159033305566865313
fusion8,8192,14,64.9109,159033305566865313
btree16_bl_a64,8192,14,33.9645,159033305566865313
btree8_a64,8192,14,40.6342,159033305566865313
btree8_bl_a64,8192,14,27.6123,159033305566865313
fusion8_bf,8192,14,67.8024,159033305566865313
sorted_array,8192,14,48.8190,159033305566865313
btree8,8192,14,39.5325,159033305566865313
fusion8_c,8192,14,63.5437,159033305566865313
btree8_bl,8192,14,29.0024,159033305566865313
fusion8,16384,0,81.4377,9658500957361859441
btree16_bl_a64,16384,0,30.5817,9658500957361859441
btree8,16384,0,48.0850,9658500957361859441
fusion8_c,16384,0,76.1383,9658500957361859441
btree8_bl,16384,0,38.0219,9658500957361859441
sorted_array,16384,0,56.3065,9658500957361859441
btree8_a64,16384,0,49.3454,9658500957361859441
fusion16_w,16384,0,74.5148,9658500957361859441
fusion8_bf,16384,0,81.9550,9658500957361859441
btree8_bl_a64,16384,0,36.7691,9658500957361859441
fusion8_c,16384,1,74.9298,9658500957361859441
fusion8_bf,16384,1,75.4547,9658500957361859441
btree8_bl,16384,1,38.2248,9658500957361859441
btree16_bl_a64,16384,1,34.3307,9658500957361859441
fusion16_w,16384,1,79.9652,9658500957361859441
btree8_bl_a64,16384,1,36.4838,9658500957361859441
btree8,16384,1,48.1384,9658500957361859441
btree8_a64,16384,1,50.0397,9658500957361859441
sorted_array,16384,1,56.1050,9658500957361859441
fusion8,16384,1,86.4441,9658500957361859441
btree8_bl_a64,16384,2,36.2030,9658500957361859441
sorted_array,16384,2,56.2164,9658500957361859441
fusion8_bf,16384,2,79.1885,9658500957361859441
btree8,16384,2,47.3099,9658500957361859441
fusion8_c,16384,2,92.9108,9658500957361859441
btree8_bl,16384,2,37.4268,9658500957361859441
btree16_bl_a64,16384,2,30.7114,9658500957361859441
fusion16_w,16384,2,75.5112,9658500957361859441
btree8_a64,16384,2,49.0753,9658500957361859441
fusion8,16384,2,83.8745,9658500957361859441
btree16_bl_a64,16384,3,30.1468,9658500957361859441
btree8,16384,3,47.9691,9658500957361859441
fusion16_w,16384,3,73.4329,9658500957361859441
fusion8,16384,3,76.5915,9658500957361859441
btree8_bl_a64,16384,3,46.6385,9658500957361859441
fusion8_c,16384,3,75.9079,9658500957361859441
btree8_a64,16384,3,48.8739,9658500957361859441
sorted_array,16384,3,56.6238,9658500957361859441
fusion8_bf,16384,3,82.1884,9658500957361859441
btree8_bl,16384,3,37.8448,9658500957361859441
btree8_bl,16384,4,35.2081,9658500957361859441
btree8_bl_a64,16384,4,36.2747,9658500957361859441
fusion8_bf,16384,4,76.2131,9658500957361859441
fusion8,16384,4,82.8201,9658500957361859441
fusion16_w,16384,4,80.3360,9658500957361859441
btree8,16384,4,59.6527,9658500957361859441
sorted_array,16384,4,56.3873,9658500957361859441
btree8_a64,16384,4,49.1821,9658500957361859441
btree16_bl_a64,16384,4,30.9006,9658500957361859441
fusion8_c,16384,4,76.7715,9658500957361859441
btree8_bl,16384,5,37.8983,9658500957361859441
btree8_a64,16384,5,48.4711,9658500957361859441
btree8,16384,5,48.0789,9658500957361859441
btree16_bl_a64,16384,5,29.6356,9658500957361859441
fusion16_w,16384,5,74.7162,9658500957361859441
btree8_bl_a64,16384,5,37.4023,9658500957361859441
sorted_array,16384,5,56.3110,9658500957361859441
fusion8_c,16384,5,90.1489,9658500957361859441
fusion8,16384,5,83.7524,9658500957361859441
fusion8_bf,16384,5,82.4738,9658500957361859441
sorted_array,16384,6,55.9769,9658500957361859441
btree16_bl_a64,16384,6,30.2704,9658500957361859441
fusion8,16384,6,81.0928,9658500957361859441
btree8_bl_a64,16384,6,36.9034,9658500957361859441
btree8_a64,16384,6,48.5931,9658500957361859441
fusion16_w,16384,6,73.6740,9658500957361859441
btree8_bl,16384,6,37.1307,9658500957361859441
fusion8_bf,16384,6,93.6874,9658500957361859441
btree8,16384,6,48.4619,9658500957361859441
fusion8_c,16384,6,75.5249,9658500957361859441
fusion16_w,16384,7,74.7101,9658500957361859441
btree8_bl,16384,7,37.8387,9658500957361859441
fusion8_bf,16384,7,76.9501,9658500957361859441
btree16_bl_a64,16384,7,30.2963,9658500957361859441
btree8,16384,7,46.6187,9658500957361859441
btree8_bl_a64,16384,7,37.0834,9658500957361859441
btree8_a64,16384,7,49.4400,9658500957361859441
fusion8_c,16384,7,73.7640,9658500957361859441
fusion8,16384,7,100.9140,9658500957361859441
sorted_array,16384,7,56.5933,9658500957361859441
btree16_bl_a64,16384,8,29.9850,9658500957361859441
btree8_a64,16384,8,48.7930,9658500957361859441
btree8,16384,8,47.8363,9658500957361859441
sorted_array,16384,8,56.2881,9658500957361859441
btree8_bl_a64,16384,8,37.2299,9658500957361859441
fusion8_c,16384,8,75.2808,9658500957361859441
btree8_bl,16384,8,37.7563,9658500957361859441
fusion8,16384,8,76.5900,9658500957361859441
fusion8_bf,16384,8,81.2393,9658500957361859441
fusion16_w,16384,8,95.7062,9658500957361859441
sorted_array,16384,9,56.1935,9658500957361859441
btree8,16384,9,48.4055,9658500957361859441
btree16_bl_a64,16384,9,30.4230,9658500957361859441
fusion8_bf,16384,9,79.7607,9658500957361859441
fusion8,16384,9,80.3604,9658500957361859441
btree8_bl,16384,9,37.4741,9658500957361859441
fusion16_w,16384,9,72.4640,9658500957361859441
btree8_a64,16384,9,48.6298,9658500957361859441
btree8_bl_a64,16384,9,37.1262,9658500957361859441
fusion8_c,16384,9,85.7651,9658500957361859441
btree8,16384,10,47.6730,9658500957361859441
fusion8_bf,16384,10,79.7272,9658500957361859441
fusion8_c,16384,10,73.6557,9658500957361859441
btree8_a64,16384,10,48.5977,9658500957361859441
fusion16_w,16384,10,76.1932,9658500957361859441
fusion8,16384,10,83.5342,9658500957361859441
btree16_bl_a64,16384,10,30.5328,9658500957361859441
btree8_bl,16384,10,37.5397,9658500957361859441
btree8_bl_a64,16384,10,37.0132,9658500957361859441
sorted_array,16384,10,56.3660,9658500957361859441
fusion8,16384,11,96.2311,9658500957361859441
btree8_a64,16384,11,49.3454,9658500957361859441
btree8_bl_a64,16384,11,36.0611,9658500957361859441
fusion8_bf,16384,11,80.5145,9658500957361859441
fusion8_c,16384,11,76.2161,9658500957361859441
btree8,16384,11,47.8500,9658500957361859441
sorted_array,16384,11,55.6351,9658500957361859441
btree16_bl_a64,16384,11,30.2444,9658500957361859441
btree8_bl,16384,11,37.8677,9658500957361859441
fusion16_w,16384,11,74.9374,9658500957361859441
btree8_a64,16384,12,47.2565,9658500957361859441
sorted_array,16384,12,73.0087,9658500957361859441
btree8,16384,12,48.1476,9658500957361859441
btree8_bl,16384,12,37.5702,9658500957361859441
btree8_bl_a64,16384,12,36.2061,9658500957361859441
fusion8_c,16384,12,75.2838,9658500957361859441
fusion8,16384,12,82.9956,9658500957361859441
fusion16_w,16384,12,75.0916,9658500957361859441
btree16_bl_a64,16384,12,29.9652,9658500957361859441
fusion8_bf,16384,12,81.8542,9658500957361859441
btree16_bl_a64,16384,13,28.7048,9658500957361859441
btree8_bl,16384,13,36.3785,9658500957361859441
fusion8_c,16384,13,90.1016,9658500957361859441
btree8,16384,13,48.1750,9658500957361859441
fusion16_w,16384,13,74.5697,9658500957361859441
btree8_bl_a64,16384,13,36.9629,9658500957361859441
btree8_a64,16384,13,48.4497,9658500957361859441
fusion8_bf,16384,13,80.1788,9658500957361859441
fusion8,16384,13,82.5897,9658500957361859441
sorted_array,16384,13,55.8624,9658500957361859441
fusion8_c,16384,14,77.0477,9658500957361859441
sorted_array,16384,14,56.3873,9658500957361859441
btree16_bl_a64,16384,14,30.2475,9658500957361859441
fusion16_w,16384,14,92.4881,9658500957361859441
btree8_a64,16384,14,48.7289,9658500957361859441
btree8,16384,14,48.0438,9658500957361859441
btree8_bl_a64,16384,14,37.1475,9658500957361859441
fusion8,16384,14,80.9631,9658500957361859441
btree8_bl,16384,14,37.8021,9658500957361859441
fusion8_bf,16384,14,80.7480,9658500957361859441
btree8_a64,32768,0,52.1835,11629335647243425761
fusion16_w,32768,0,73.5321,11629335647243425761
sorted_array,32768,0,80.7220,11629335647243425761
btree8,32768,0,51.7273,11629335647243425761
fusion8_bf,32768,0,83.9539,11629335647243425761
fusion8,32768,0,84.6100,11629335647243425761
btree16_bl_a64,32768,0,25.7660,11629335647243425761
btree8_bl,32768,0,30.1331,11629335647243425761
btree8_bl_a64,32768,0,30.1758,11629335647243425761
fusion8_c,32768,0,79.6326,11629335647243425761
btree8_bl,32768,1,29.0329,11629335647243425761
btree8_bl_a64,32768,1,27.2293,11629335647243425761
fusion16_w,32768,1,78.2761,11629335647243425761
fusion8,32768,1,101.5808,11629335647243425761
sorted_array,32768,1,64.5355,11629335647243425761
btree16_bl_a64,32768,1,25.5188,11629335647243425761
fusion8_bf,32768,1,83.8806,11629335647243425761
fusion8_c,32768,1,79.8630,11629335647243425761
btree8_a64,32768,1,52.5711,11629335647243425761
btree8,32768,1,51.1368,11629335647243425761
btree8,32768,2,48.7442,11629335647243425761
fusion8,32768,2,81.8237,11629335647243425761
btree8_bl,32768,2,30.3223,11629335647243425761
btree16_bl_a64,32768,2,24.8383,11629335647243425761
fusion16_w,32768,2,96.2585,11629335647243425761
fusion8_bf,32768,2,83.5571,11629335647243425761
btree8_a64,32768,2,52.8427,11629335647243425761
sorted_array,32768,2,64.1861,11629335647243425761
fusion8_c,32768,2,82.9102,11629335647243425761
btree8_bl_a64,32768,2,29.9896,11629335647243425761
fusion8_c,32768,3,75.5142,11629335647243425761
btree8_bl_a64,32768,3,26.6708,11629335647243425761
btree8_bl,32768,3,29.6860,11629335647243425761
fusion8,32768,3,82.8598,11629335647243425761
sorted_array,32768,3,80.1178,11629335647243425761
btree8_a64,32768,3,51.4740,11629335647243425761
fusion8_bf,32768,3,83.3694,11629335647243425761
btree8,32768,3,51.9135,11629335647243425761
fusion16_w,32768,3,77.7969,11629335647243425761
btree16_bl_a64,32768,3,25.5264,11629335647243425761
fusion8,32768,4,82.6111,11629335647243425761
btree8_bl_a64,32768,4,30.0095,11629335647243425761
fusion8_bf,32768,4,81.6132,11629335647243425761
fusion16_w,32768,4,75.3174,11629335647243425761
btree8_bl,32768,4,40.0864,11629335647243425761
fusion8_c,32768,4,79.7562,11629335647243425761
sorted_array,32768,4,64.3250,11629335647243425761
btree8_a64,32768,4,52.3727,11629335647243425761
btree16_bl_a64,32768,4,24.9725,11629335647243425761
btree8,32768,4,51.3321,11629335647243425761
fusion8_bf,32768,5,82.4371,11629335647243425761
fusion16_w,32768,5,76.7120,11629335647243425761
btree8_bl_a64,32768,5,29.6738,11629335647243425761
btree8_a64,32768,5,52.1774,11629335647243425761
fusion8,32768,5,84.4620,11629335647243425761
fusion8_c,32768,5,88.7161,11629335647243425761
btree8,32768,5,50.8957,11629335647243425761
sorted_array,32768,5,64.3143,11629335647243425761
btree16_bl_a64,32768,5,25.8011,11629335647243425761
btree8_bl,32768,5,29.8767,11629335647243425761
btree8,32768,6,50.0275,11629335647243425761
fusion8_bf,32768,6,83.0460,11629335647243425761
fusion8,32768,6,81.0135,11629335647243425761
btree16_bl_a64,32768,6,22.3038,11629335647243425761
btree8_a64,32768,6,51.4664,11629335647243425761
fusion8_c,32768,6,75.8011,11629335647243425761
fusion16_w,32768,6,95.4788,11629335647243425761
sorted_array,32768,6,64.4043,11629335647243425761
btree8_bl_a64,32768,6,30.4779,11629335647243425761
btree8_bl,32768,6,29.6188,11629335647243425761
fusion8,32768,7,82.3212,11629335647243425761
fusion8_bf,32768,7,83.1131,11629335647243425761
fusion8_c,32768,7,80.9097,11629335647243425761
sorted_array,32768,7,64.1418,11629335647243425761
btree8_bl_a64,32768,7,29.1122,11629335647243425761
btree16_bl_a64,32768,7,24.4537,11629335647243425761
btree8,32768,7,51.3855,11629335647243425761
btree8_bl,32768,7,46.1594,11629335647243425761
fusion16_w,32768,7,76.6296,11629335647243425761
btree8_a64,32768,7,53.2578,11629335647243425761
fusion8_bf,32768,8,82.0862,11629335647243425761
btree16_bl_a64,32768,8,24.2630,11629335647243425761
btree8_bl,32768,8,28.2471,11629335647243425761
fusion8_c,32768,8,79.9332,11629335647243425761
fusion8,32768,8,83.0826,11629335647243425761
btree8,32768,8,50.3769,11629335647243425761
btree8_bl_a64,32768,8,29.8737,11629335647243425761
sorted_array,32768,8,64.1266,11629335647243425761
btree8_a64,32768,8,67.1265,11629335647243425761
fusion16_w,32768,8,77.5650,11629335647243425761
btree8_bl_a64,32768,9,28.5858,11629335647243425761
fusion8,32768,9,82.3456,11629335647243425761
fusion8_bf,32768,9,83.5709,11629335647243425761
btree8_a64,32768,9,67.0746,11629335647243425761
sorted_array,32768,9,64.4363,11629335647243425761
btree8_bl,32768,9,30.1331,11629335647243425761
btree16_bl_a64,32768,9,25.5081,11629335647243425761
fusion16_w,32768,9,77.8580,11629335647243425761
btree8,32768,9,51.8524,11629335647243425761
fusion8_c,32768,9,97.4823,11629335647243425761
fusion8_c,32768,10,75.9949,11629335647243425761
fusion16_w,32768,10,76.7776,11629335647243425761
sorted_array,32768,10,63.3331,11629335647243425761
fusion8_bf,32768,10,106.2958,11629335647243425761
btree16_bl_a64,32768,10,25.6134,11629335647243425761
btree8_bl_a64,32768,10,30.0919,11629335647243425761
fusion8,32768,10,85.0235,11629335647243425761
btree8,32768,10,51.5152,11629335647243425761
btree8_bl,32768,10,29.8782,11629335647243425761
btree8_a64,32768,10,68.7668,11629335647243425761
fusion8_bf,32768,11,82.4738,11629335647243425761
btree16_bl_a64,32768,11,28.2745,11629335647243425761
btree8,32768,11,51.2650,11629335647243425761
btree8_bl,32768,11,29.5044,11629335647243425761
fusion8,32768,11,85.5438,11629335647243425761
btree8_a64,32768,11,51.0437,11629335647243425761
btree8_bl_a64,32768,11,29.6463,11629335647243425761
fusion16_w,32768,11,77.7466,11629335647243425761
fusion8_c,32768,11,78.9856,11629335647243425761
sorted_array,32768,11,80.3925,11629335647243425761
fusion8_c,32768,12,77.9114,11629335647243425761
btree8_bl,32768,12,29.2755,11629335647243425761
btree8_a64,32768,12,51.0086,11629335647243425761
sorted_array,32768,12,64.3066,11629335647243425761
btree8_bl_a64,32768,12,30.1529,11629335647243425761
fusion8,32768,12,100.8316,11629335647243425761
btree16_bl_a64,32768,12,25.8133,11629335647243425761
fusion8_bf,32768,12,85.1196,11629335647243425761
fusion16_w,32768,12,78.4500,11629335647243425761
btree8,32768,12,68.5623,11629335647243425761
sorted_array,32768,13,64.2715,11629335647243425761
fusion8_c,32768,13,82.7301,11629335647243425761
btree8_a64,32768,13,52.4948,11629335647243425761
btree8_bl,32768,13,29.9713,11629335647243425761
fusion16_w,32768,13,94.0384,11629335647243425761
btree8,32768,13,51.0101,11629335647243425761
fusion8_bf,32768,13,84.2484,11629335647243425761
btree8_bl_a64,32768,13,29.8859,11629335647243425761
btree16_bl_a64,32768,13,25.6104,11629335647243425761
fusion8,32768,13,86.4349,11629335647243425761
btree16_bl_a64,32768,14,33.0719,11629335647243425761
fusion8_bf,32768,14,84.6436,11629335647243425761
btree8_bl_a64,32768,14,30.0262,11629335647243425761
fusion8,32768,14,84.3658,11629335647243425761
fusion16_w,32768,14,82.0496,11629335647243425761
btree8_bl,32768,14,47.5037,11629335647243425761
btree8,32768,14,52.1225,11629335647243425761
sorted_array,32768,14,64.3951,11629335647243425761
fusion8_c,32768,14,82.7332,11629335647243425761
btree8_a64,32768,14,52.5726,11629335647243425761
fusion8,65536,0,118.8354,5722582458615733357
fusion8_bf,65536,0,93.9209,5722582458615733357
fusion8_c,65536,0,88.7054,5722582458615733357
btree8_bl_a64,65536,0,34.1812,5722582458615733357
btree8_a64,65536,0,76.7334,5722582458615733357
btree16_bl_a64,65536,0,23.7732,5722582458615733357
fusion16_w,65536,0,77.6138,5722582458615733357
btree8_bl,65536,0,35.0052,5722582458615733357
sorted_array,65536,0,72.7188,5722582458615733357
btree8,65536,0,57.6706,5722582458615733357
btree8_bl_a64,65536,1,42.7155,5722582458615733357
fusion16_w,65536,1,77.0065,5722582458615733357
fusion8_c,65536,1,89.4058,5722582458615733357
fusion8,65536,1,95.2194,5722582458615733357
sorted_array,65536,1,73.0270,5722582458615733357
btree16_bl_a64,65536,1,23.4421,5722582458615733357
btree8,65536,1,57.8033,5722582458615733357
btree8_bl,65536,1,34.2560,5722582458615733357
fusion8_bf,65536,1,94.4687,5722582458615733357
btree8_a64,65536,1,76.9363,5722582458615733357
btree8_a64,65536,2,55.1743,5722582458615733357
sorted_array,65536,2,73.8617,5722582458615733357
btree16_bl_a64,65536,2,23.5855,5722582458615733357
fusion8_c,65536,2,91.5924,5722582458615733357
btree8,65536,2,57.2556,5722582458615733357
btree8_bl,65536,2,34.2514,5722582458615733357
fusion8,65536,2,96.6217,5722582458615733357
fusion16_w,65536,2,77.1194,5722582458615733357
fusion8_bf,65536,2,110.6842,5722582458615733357
btree8_bl_a64,65536,2,35.7376,5722582458615733357
btree8_a64,65536,3,58.7570,5722582458615733357
fusion16_w,65536,3,78.3905,5722582458615733357
fusion8_bf,65536,3,94.4153,5722582458615733357
btree8_bl,65536,3,34.1690,5722582458615733357
sorted_array,65536,3,110.7162,5722582458615733357
fusion8_c,65536,3,95.6848,5722582458615733357
btree8,65536,3,57.7530,5722582458615733357
fusion8,65536,3,117.1967,5722582458615733357
btree8_bl_a64,65536,3,34.7137,5722582458615733357
btree16_bl_a64,65536,3,23.2254,5722582458615733357
fusion8_bf,65536,4,94.9417,5722582458615733357
btree8_a64,65536,4,57.8033,5722582458615733357
btree16_bl_a64,65536,4,21.6309,5722582458615733357
sorted_array,65536,4,71.4752,5722582458615733357
btree8,65536,4,55.8670,5722582458615733357
btree8_bl,65536,4,34.6283,5722582458615733357
fusion8,65536,4,92.1005,5722582458615733357
fusion16_w,65536,4,76.8661,5722582458615733357
btree8_bl_a64,65536,4,33.1161,5722582458615733357
fusion8_c,65536,4,88.8184,5722582458615733357
btree8_bl_a64,65536,5,30.8426,5722582458615733357
sorted_array,65536,5,71.5546,5722582458615733357
fusion8_bf,65536,5,86.4594,5722582458615733357
fusion8_c,65536,5,81.6376,5722582458615733357
btree16_bl_a64,65536,5,22.1695,5722582458615733357
fusion16_w,65536,5,73.1201,5722582458615733357
btree8,65536,5,55.9280,5722582458615733357
btree8_bl,65536,5,32.7774,5722582458615733357
fusion8,65536,5,110.7239,5722582458615733357
btree8_a64,65536,5,59.1461,5722582458615733357
fusion8,65536,6,87.2665,5722582458615733357
fusion8_bf,65536,6,93.0725,5722582458615733357
fusion8_c,65536,6,114.8819,5722582458615733357
btree8_a64,65536,6,58.5175,5722582458615733357
btree16_bl_a64,65536,6,23.5367,5722582458615733357
btree8,65536,6,57.5211,5722582458615733357
fusion16_w,65536,6,76.6144,5722582458615733357
btree8_bl_a64,65536,6,49.6552,5722582458615733357
sorted_array,65536,6,72.7112,5722582458615733357
btree8_bl,65536,6,35.6705,5722582458615733357
btree8_bl,65536,7,31.1310,5722582458615733357
fusion8_bf,65536,7,94.4580,5722582458615733357
sorted_array,65536,7,89.2853,5722582458615733357
fusion8,65536,7,96.9376,5722582458615733357
fusion16_w,65536,7,78.5217,5722582458615733357
btree16_bl_a64,65536,7,23.8861,5722582458615733357
btree8,65536,7,74.9802,5722582458615733357
btree8_a64,65536,7,60.0159,5722582458615733357
btree8_bl_a64,65536,7,34.7229,5722582458615733357
fusion8_c,65536,7,90.0803,5722582458615733357
fusion8_bf,65536,8,93.5730,5722582458615733357
fusion16_w,65536,8,94.5984,5722582458615733357
btree8,65536,8,56.9809,5722582458615733357
btree16_bl_a64,65536,8,24.0082,5722582458615733357
fusion8_c,65536,8,88.2065,5722582458615733357
btree8_bl_a64,65536,8,32.8583,5722582458615733357
sorted_array,65536,8,88.9587,5722582458615733357
btree8_a64,65536,8,59.1980,5722582458615733357
btree8_bl,65536,8,34.5459,5722582458615733357
fusion8,65536,8,95.4178,5722582458615733357
btree8,65536,9,55.0964,5722582458615733357
btree8_bl_a64,65536,9,49.7025,5722582458615733357
btree16_bl_a64,65536,9,22.5525,5722582458615733357
fusion8_bf,65536,9,90.6219,5722582458615733357
btree8_bl,65536,9,34.2224,5722582458615733357
fusion8,65536,9,94.9646,5722582458615733357
btree8_a64,65536,9,77.4048,5722582458615733357
fusion16_w,65536,9,77.7023,5722582458615733357
sorted_array,65536,9,72.8027,5722582458615733357
fusion8_c,65536,9,94.2459,5722582458615733357
btree16_bl_a64,65536,10,40.5655,5722582458615733357
btree8_a64,65536,10,57.2922,5722582458615733357
fusion8,65536,10,96.9772,5722582458615733357
fusion8_c,65536,10,87.5229,5722582458615733357
sorted_array,65536,10,73.3322,5722582458615733357
btree8_bl_a64,65536,10,35.0983,5722582458615733357
btree8,65536,10,55.6213,5722582458615733357
fusion8_bf,65536,10,94.3634,5722582458615733357
fusion16_w,65536,10,93.1641,5722582458615733357
btree8_bl,65536,10,35.2188,5722582458615733357
fusion8,65536,11,92.8711,5722582458615733357
btree8,65536,11,53.8986,5722582458615733357
fusion16_w,65536,11,74.3729,5722582458615733357
btree8_bl,65536,11,32.7240,5722582458615733357
fusion8_c,65536,11,87.8326,5722582458615733357
btree8_bl_a64,65536,11,32.7454,5722582458615733357
btree8_a64,65536,11,58.0078,5722582458615733357
fusion8_bf,65536,11,93.7622,5722582458615733357
btree16_bl_a64,65536,11,23.4879,5722582458615733357
sorted_array,65536,11,72.9263,5722582458615733357
fusion16_w,65536,12,75.8301,5722582458615733357
fusion8_c,65536,12,92.9016,5722582458615733357
btree8_bl_a64,65536,12,32.7774,5722582458615733357
fusion8,65536,12,93.0527,5722582458615733357
fusion8_bf,65536,12,93.5760,5722582458615733357
sorted_array,65536,12,72.2290,5722582458615733357
btree8_bl,65536,12,32.6981,5722582458615733357
btree16_bl_a64,65536,12,21.7148,5722582458615733357
btree8,65536,12,56.8680,5722582458615733357
btree8_a64,65536,12,57.1167,5722582458615733357
btree8_bl_a64,65536,13,32.5287,5722582458615733357
fusion8_bf,65536,13,84.8526,5722582458615733357
btree16_bl_a64,65536,13,20.9747,5722582458615733357
btree8_a64,65536,13,54.9408,5722582458615733357
fusion16_w,65536,13,76.0330,5722582458615733357
fusion8,65536,13,95.5276,5722582458615733357
sorted_array,65536,13,72.4991,5722582458615733357
btree8,65536,13,55.6686,5722582458615733357
btree8_bl,65536,13,32.6630,5722582458615733357
fusion8_c,65536,13,85.0662,5722582458615733357
btree8_bl_a64,65536,14,32.8705,5722582458615733357
btree8_a64,65536,14,57.3975,5722582458615733357
fusion16_w,65536,14,74.1791,5722582458615733357
btree8_bl,65536,14,33.0521,5722582458615733357
fusion8_bf,65536,14,93.3762,5722582458615733357
sorted_array,65536,14,72.5769,5722582458615733357
fusion8_c,65536,14,90.7471,5722582458615733357
btree8,65536,14,55.6396,5722582458615733357
fusion8,65536,14,96.0358,5722582458615733357
btree16_bl_a64,65536,14,23.3353,5722582458615733357
btree8_bl_a64,131072,0,93.0695,15368517120400912463
btree8,131072,0,90.3503,15368517120400912463
fusion8_bf,131072,0,156.8542,15368517120400912463
fusion16_w,131072,0,128.7064,15368517120400912463
fusion8,131072,0,159.2102,15368517120400912463
btree16_bl_a64,131072,0,74.1730,15368517120400912463
btree8_a64,131072,0,88.7253,15368517120400912463
sorted_array,131072,0,84.2514,15368517120400912463
fusion8_c,131072,0,138.5498,15368517120400912463
btree8_bl,131072,0,68.7683,15368517120400912463
fusion8_c,131072,1,112.5671,15368517120400912463
fusion8,131072,1,150.0641,15368517120400912463
sorted_array,131072,1,83.2809,15368517120400912463
btree8_a64,131072,1,94.6014,15368517120400912463
fusion8_bf,131072,1,151.4557,15368517120400912463
btree8_bl,131072,1,69.8227,15368517120400912463
btree8,131072,1,89.4348,15368517120400912463
btree16_bl_a64,131072,1,73.8434,15368517120400912463
fusion16_w,131072,1,128.8223,15368517120400912463
btree8_bl_a64,131072,1,70.7916,15368517120400912463
btree8,131072,2,84.6786,15368517120400912463
sorted_array,131072,2,84.1080,15368517120400912463
fusion8_c,131072,2,140.7440,15368517120400912463
btree16_bl_a64,131072,2,69.2520,15368517120400912463
fusion8,131072,2,170.4529,15368517120400912463
fusion16_w,131072,2,132.3898,15368517120400912463
btree8_a64,131072,2,86.5219,15368517120400912463
btree8_bl_a64,131072,2,67.8101,15368517120400912463
fusion8_bf,131072,2,142.8635,15368517120400912463
btree8_bl,131072,2,68.5989,15368517120400912463
fusion8,131072,3,145.3842,15368517120400912463
btree8_bl,131072,3,59.5200,15368517120400912463
btree16_bl_a64,131072,3,71.5805,15368517120400912463
fusion8_bf,131072,3,153.7750,15368517120400912463
sorted_array,131072,3,84.3567,15368517120400912463
btree8,131072,3,83.1100,15368517120400912463
fusion8_c,131072,3,142.6331,15368517120400912463
btree8_a64,131072,3,92.8497,15368517120400912463
btree8_bl_a64,131072,3,68.4052,15368517120400912463
fusion16_w,131072,3,132.1838,15368517120400912463
btree16_bl_a64,131072,4,72.7097,15368517120400912463
fusion8_bf,131072,4,145.3506,15368517120400912463
btree8,131072,4,83.8867,15368517120400912463
fusion8_c,131072,4,132.3181,15368517120400912463
fusion8,131072,4,154.6234,15368517120400912463
btree8_bl_a64,131072,4,71.7651,15368517120400912463
sorted_array,131072,4,83.1619,15368517120400912463
btree8_bl,131072,4,71.2051,15368517120400912463
fusion16_w,131072,4,128.5156,15368517120400912463
btree8_a64,131072,4,95.9198,15368517120400912463
fusion8_bf,131072,5,146.1380,15368517120400912463
fusion8_c,131072,5,130.7938,15368517120400912463
fusion16_w,131072,5,128.1158,15368517120400912463
btree16_bl_a64,131072,5,69.2566,15368517120400912463
btree8_a64,131072,5,90.9058,15368517120400912463
btree8_bl_a64,131072,5,65.5396,15368517120400912463
fusion8,131072,5,146.3715,15368517120400912463
btree8,131072,5,88.9877,15368517120400912463
btree8_bl,131072,5,65.9058,15368517120400912463
sorted_array,131072,5,82.0648,15368517120400912463
btree16_bl_a64,131072,6,73.1400,15368517120400912463
fusion8_c,131072,6,128.5309,15368517120400912463
btree8_bl_a64,131072,6,66.1316,15368517120400912463
sorted_array,131072,6,82.0816,15368517120400912463
btree8_bl,131072,6,64.7949,15368517120400912463
btree8,131072,6,84.4025,15368517120400912463
btree8_a64,131072,6,96.2845,15368517120400912463
fusion16_w,131072,6,143.8736,15368517120400912463
fusion8_bf,131072,6,158.4946,15368517120400912463
fusion8,131072,6,139.4699,15368517120400912463
btree8_a64,131072,7,95.5643,15368517120400912463
fusion8_bf,131072,7,138.0707,15368517120400912463
fusion8,131072,7,155.8395,15368517120400912463
btree8_bl,131072,7,70.0607,15368517120400912463
btree8_bl_a64,131072,7,65.7257,15368517120400912463
btree16_bl_a64,131072,7,69.7861,15368517120400912463
fusion8_c,131072,7,129.7318,15368517120400912463
btree8,131072,7,90.4236,15368517120400912463
fusion16_w,131072,7,148.5703,15368517120400912463
sorted_array,131072,7,84.2712,15368517120400912463
fusion8_c,131072,8,140.7547,15368517120400912463
btree16_bl_a64,131072,8,90.5304,15368517120400912463
btree8_bl_a64,131072,8,72.6944,15368517120400912463
fusion8_bf,131072,8,154.3167,15368517120400912463
fusion16_w,131072,8,148.2880,15368517120400912463
btree8_bl,131072,8,70.5307,15368517120400912463
btree8_a64,131072,8,97.5769,15368517120400912463
btree8,131072,8,107.6981,15368517120400912463
fusion8,131072,8,153.9749,15368517120400912463
sorted_array,131072,8,83.6487,15368517120400912463
fusion8,131072,9,151.8875,15368517120400912463
fusion16_w,131072,9,140.7593,15368517120400912463
sorted_array,131072,9,92.7399,15368517120400912463
btree8_bl_a64,131072,9,72.4762,15368517120400912463
btree16_bl_a64,131072,9,74.2371,15368517120400912463
fusion8_bf,131072,9,176.4450,15368517120400912463
btree8_a64,131072,9,91.8106,15368517120400912463
btree8_bl,131072,9,69.6487,15368517120400912463
btree8,131072,9,89.9429,15368517120400912463
fusion8_c,131072,9,151.9791,15368517120400912463
fusion8,131072,10,161.2427,15368517120400912463
sorted_array,131072,10,101.9119,15368517120400912463
fusion8_bf,131072,10,154.7195,15368517120400912463
btree8,131072,10,107.6157,15368517120400912463
fusion8_c,131072,10,143.5699,15368517120400912463
btree16_bl_a64,131072,10,74.3439,15368517120400912463
fusion16_w,131072,10,169.6411,15368517120400912463
btree8_bl_a64,131072,10,72.5555,15368517120400912463
btree8_bl,131072,10,69.5206,15368517120400912463
btree8_a64,131072,10,105.3528,15368517120400912463
btree8_a64,131072,11,71.0388,15368517120400912463
btree8_bl_a64,131072,11,70.8939,15368517120400912463
fusion8,131072,11,175.7248,15368517120400912463
btree8_bl,131072,11,70.9885,15368517120400912463
fusion8_c,131072,11,140.9042,15368517120400912463
fusion16_w,131072,11,157.6294,15368517120400912463
sorted_array,131072,11,84.1614,15368517120400912463
btree16_bl_a64,131072,11,74.7665,15368517120400912463
fusion8_bf,131072,11,157.9117,15368517120400912463
btree8,131072,11,90.9180,15368517120400912463
fusion8_bf,131072,12,141.1652,15368517120400912463
fusion8,131072,12,167.9825,15368517120400912463
btree16_bl_a64,131072,12,74.1425,15368517120400912463
btree8_bl_a64,131072,12,67.2729,15368517120400912463
sorted_array,131072,12,83.9218,15368517120400912463
fusion16_w,131072,12,128.8651,15368517120400912463
fusion8_c,131072,12,139.4012,15368517120400912463
btree8_a64,131072,12,96.0556,15368517120400912463
btree8,131072,12,82.7393,15368517120400912463
btree8_bl,131072,12,68.1366,15368517120400912463
sorted_array,131072,13,82.3410,15368517120400912463
btree8,131072,13,71.1990,15368517120400912463
fusion8,131072,13,147.4838,15368517120400912463
btree8_a64,131072,13,90.7242,15368517120400912463
fusion8_c,131072,13,135.6461,15368517120400912463
fusion8_bf,131072,13,158.7097,15368517120400912463
btree8_bl,131072,13,68.7729,15368517120400912463
btree16_bl_a64,131072,13,71.1777,15368517120400912463
btree8_bl_a64,131072,13,67.7643,15368517120400912463
fusion16_w,131072,13,126.9592,15368517120400912463
fusion8_c,131072,14,134.5047,15368517120400912463
btree8_a64,131072,14,90.5365,15368517120400912463
btree8,131072,14,89.3951,15368517120400912463
fusion16_w,131072,14,132.3639,15368517120400912463
btree8_bl_a64,131072,14,69.5663,15368517120400912463
fusion8,131072,14,153.1219,15368517120400912463
fusion8_bf,131072,14,156.6025,15368517120400912463
btree16_bl_a64,131072,14,70.1874,15368517120400912463
btree8_bl,131072,14,64.9719,15368517120400912463
sorted_array,131072,14,82.8323,15368517120400912463
btree16_bl_a64,262144,0,76.0727,13725275285989217998
btree8_bl,262144,0,62.2833,13725275285989217998
btree8_bl_a64,262144,0,57.2327,13725275285989217998
btree8,262144,0,94.1727,13725275285989217998
fusion8_c,262144,0,151.2711,13725275285989217998
fusion8_bf,262144,0,172.5296,13725275285989217998
fusion8,262144,0,166.6458,13725275285989217998
sorted_array,262144,0,93.7759,13725275285989217998
btree8_a64,262144,0,102.2095,13725275285989217998
fusion16_w,262144,0,152.1912,13725275285989217998
sorted_array,262144,1,94.4473,13725275285989217998
fusion16_w,262144,1,134.0775,13725275285989217998
fusion8_c,262144,1,140.7394,13725275285989217998
btree8,262144,1,88.7924,13725275285989217998
btree8_a64,262144,1,96.6064,13725275285989217998
btree8_bl,262144,1,59.8709,13725275285989217998
fusion8_bf,262144,1,154.3503,13725275285989217998
btree8_bl_a64,262144,1,57.8568,13725275285989217998
btree16_bl_a64,262144,1,76.0696,13725275285989217998
fusion8,262144,1,150.0427,13725275285989217998
fusion8_c,262144,2,150.2197,13725275285989217998
fusion16_w,262144,2,170.2805,13725275285989217998
btree8,262144,2,88.3636,13725275285989217998
btree8_bl,262144,2,60.5911,13725275285989217998
sorted_array,262144,2,92.4118,13725275285989217998
btree8_a64,262144,2,92.4835,13725275285989217998
fusion8,262144,2,154.3488,13725275285989217998
btree8_bl_a64,262144,2,62.8998,13725275285989217998
btree16_bl_a64,262144,2,75.3983,13725275285989217998
fusion8_bf,262144,2,149.3668,13725275285989217998
btree8_bl_a64,262144,3,56.7947,13725275285989217998
btree8_a64,262144,3,94.5938,13725275285989217998
fusion8_bf,262144,3,140.8157,13725275285989217998
sorted_array,262144,3,92.3599,13725275285989217998
fusion8_c,262144,3,146.8384,13725275285989217998
fusion8,262144,3,161.5997,13725275285989217998
btree8,262144,3,94.8242,13725275285989217998
btree16_bl_a64,262144,3,77.2949,13725275285989217998
btree8_bl,262144,3,60.8810,13725275285989217998
fusion16_w,262144,3,153.9642,13725275285989217998
btree8,262144,4,97.1832,13725275285989217998
btree8_a64,262144,4,102.7817,13725275285989217998
btree8_bl_a64,262144,4,63.3362,13725275285989217998
btree16_bl_a64,262144,4,95.0760,13725275285989217998
fusion8_bf,262144,4,165.1779,13725275285989217998
sorted_array,262144,4,93.9301,13725275285989217998
btree8_bl,262144,4,65.7379,13725275285989217998
fusion8,262144,4,152.3193,13725275285989217998
fusion16_w,262144,4,166.9617,13725275285989217998
fusion8_c,262144,4,147.6776,13725275285989217998
fusion16_w,262144,5,147.5754,13725275285989217998
fusion8_bf,262144,5,149.4400,13725275285989217998
btree8_a64,262144,5,95.2286,13725275285989217998
fusion8_c,262144,5,146.1212,13725275285989217998
btree16_bl_a64,262144,5,76.9608,13725275285989217998
fusion8,262144,5,167.0486,13725275285989217998
btree8_bl_a64,262144,5,65.8096,13725275285989217998
btree8_bl,262144,5,57.0709,13725275285989217998
sorted_array,262144,5,92.5369,13725275285989217998
btree8,262144,5,93.9575,13725275285989217998
fusion8_c,262144,6,151.7685,13725275285989217998
btree8_bl_a64,262144,6,57.7606,13725275285989217998
btree16_bl_a64,262144,6,75.3662,13725275285989217998
btree8_bl,262144,6,59.7794,13725275285989217998
btree8,262144,6,87.5595,13725275285989217998
fusion8,262144,6,156.0562,13725275285989217998
fusion8_bf,262144,6,170.3873,13725275285989217998
fusion16_w,262144,6,154.2664,13725275285989217998
sorted_array,262144,6,93.7103,13725275285989217998
btree8_a64,262144,6,99.0814,13725275285989217998
btree8_bl_a64,262144,7,63.1393,13725275285989217998
fusion8,262144,7,147.4777,13725275285989217998
fusion8_c,262144,7,150.9811,13725275285989217998
fusion16_w,262144,7,170.1935,13725275285989217998
btree8,262144,7,134.2606,13725275285989217998
sorted_array,262144,7,94.6686,13725275285989217998
btree16_bl_a64,262144,7,80.0415,13725275285989217998
fusion8_bf,262144,7,163.8016,13725275285989217998
btree8_bl,262144,7,60.3088,13725275285989217998
btree8_a64,262144,7,101.8707,13725275285989217998
sorted_array,262144,8,94.5694,13725275285989217998
btree8_a64,262144,8,76.9470,13725275285989217998
btree16_bl_a64,262144,8,77.3697,13725275285989217998
btree8,262144,8,115.1138,13725275285989217998
fusion8,262144,8,163.9999,13725275285989217998
btree8_bl_a64,262144,8,64.8972,13725275285989217998
fusion8_c,262144,8,148.0759,13725275285989217998
fusion16_w,262144,8,153.8986,13725275285989217998
fusion8_bf,262144,8,171.4737,13725275285989217998
btree8_bl,262144,8,55.8960,13725275285989217998
btree8,262144,9,95.4666,13725275285989217998
btree8_bl,262144,9,49.1165,13725275285989217998
btree8_bl_a64,262144,9,63.8046,13725275285989217998
fusion16_w,262144,9,149.4263,13725275285989217998
fusion8_c,262144,9,144.6655,13725275285989217998
btree8_a64,262144,9,100.3052,13725275285989217998
fusion8_bf,262144,9,154.0634,13725275285989217998
sorted_array,262144,9,111.3113,13725275285989217998
fusion8,262144,9,167.3004,13725275285989217998
btree16_bl_a64,262144,9,76.0513,13725275285989217998
fusion8,262144,10,155.5481,13725275285989217998
sorted_array,262144,10,93.5364,13725275285989217998
btree8_a64,262144,10,91.9418,13725275285989217998
btree8_bl,262144,10,60.7147,13725275285989217998
btree8,262144,10,86.9339,13725275285989217998
btree8_bl_a64,262144,10,60.4950,13725275285989217998
btree16_bl_a64,262144,10,74.4812,13725275285989217998
fusion16_w,262144,10,172.8378,13725275285989217998
fusion8_c,262144,10,165.8676,13725275285989217998
fusion8_bf,262144,10,168.2953,13725275285989217998
btree8_bl,262144,11,55.0308,13725275285989217998
btree16_bl_a64,262144,11,75.2029,13725275285989217998
fusion8_bf,262144,11,161.3083,13725275285989217998
sorted_array,262144,11,93.7149,13725275285989217998
fusion16_w,262144,11,149.6445,13725275285989217998
btree8_a64,262144,11,96.3165,13725275285989217998
btree8_bl_a64,262144,11,61.3770,13725275285989217998
fusion8_c,262144,11,147.5693,13725275285989217998
btree8,262144,11,88.9648,13725275285989217998
fusion8,262144,11,154.5395,13725275285989217998
btree8_bl_a64,262144,12,60.2478,13725275285989217998
fusion8_bf,262144,12,165.5731,13725275285989217998
fusion8,262144,12,162.5717,13725275285989217998
btree16_bl_a64,262144,12,76.5152,13725275285989217998
btree8,262144,12,91.2048,13725275285989217998
fusion8_c,262144,12,132.6385,13725275285989217998
btree8_bl,262144,12,57.7805,13725275285989217998
sorted_array,262144,12,93.5822,13725275285989217998
btree8_a64,262144,12,99.5407,13725275285989217998
fusion16_w,262144,12,147.3419,13725275285989217998
fusion8,262144,13,153.7582,13725275285989217998
btree8_a64,262144,13,91.0095,13725275285989217998
btree16_bl_a64,262144,13,75.6485,13725275285989217998
fusion8_c,262144,13,132.4310,13725275285989217998
btree8_bl_a64,262144,13,58.7387,13725275285989217998
sorted_array,262144,13,92.7856,13725275285989217998
fusion16_w,262144,13,149.3057,13725275285989217998
btree8,262144,13,88.8824,13725275285989217998
btree8_bl,262144,13,61.6211,13725275285989217998
fusion8_bf,262144,13,169.1208,13725275285989217998
btree8_a64,262144,14,98.2178,13725275285989217998
sorted_array,262144,14,93.8278,13725275285989217998
fusion8_c,262144,14,147.8622,13725275285989217998
btree8_bl_a64,262144,14,58.8913,13725275285989217998
btree16_bl_a64,262144,14,76.7883,13725275285989217998
fusion16_w,262144,14,147.1207,13725275285989217998
fusion8_bf,262144,14,150.3586,13725275285989217998
btree8_bl,262144,14,57.4509,13725275285989217998
fusion8,262144,14,157.9330,13725275285989217998
btree8,262144,14,92.8497,13725275285989217998
sorted_array,524288,0,119.9280,8525115047326029414
fusion8_c,524288,0,151.5137,8525115047326029414
btree8_bl,524288,0,60.1990,8525115047326029414
btree8_a64,524288,0,103.4164,8525115047326029414
fusion8_bf,524288,0,167.8558,8525115047326029414
fusion8,524288,0,170.9656,8525115047326029414
btree8,524288,0,96.4813,8525115047326029414
btree8_bl_a64,524288,0,59.6237,8525115047326029414
btree16_bl_a64,524288,0,70.1324,8525115047326029414
fusion16_w,524288,0,158.8959,8525115047326029414
btree8,524288,1,100.1221,8525115047326029414
fusion8_bf,524288,1,172.7661,8525115047326029414
btree8_bl_a64,524288,1,59.7229,8525115047326029414
sorted_array,524288,1,120.6711,8525115047326029414
btree8_bl,524288,1,58.7967,8525115047326029414
btree8_a64,524288,1,103.0396,8525115047326029414
fusion16_w,524288,1,158.9035,8525115047326029414
fusion8_c,524288,1,147.2000,8525115047326029414
fusion8,524288,1,173.1415,8525115047326029414
btree16_bl_a64,524288,1,72.7371,8525115047326029414
btree8_bl,524288,2,56.0883,8525115047326029414
btree8,524288,2,97.9187,8525115047326029414
fusion8,524288,2,167.1158,8525115047326029414
btree8_a64,524288,2,99.9527,8525115047326029414
btree16_bl_a64,524288,2,72.0276,8525115047326029414
fusion8_c,524288,2,146.7529,8525115047326029414
btree8_bl_a64,524288,2,55.0308,8525115047326029414
fusion8_bf,524288,2,157.7240,8525115047326029414
fusion16_w,524288,2,168.0527,8525115047326029414
sorted_array,524288,2,121.4722,8525115047326029414
sorted_array,524288,3,119.8242,8525115047326029414
btree8_a64,524288,3,96.9666,8525115047326029414
btree16_bl_a64,524288,3,72.4655,8525115047326029414
fusion8_c,524288,3,144.6701,8525115047326029414
btree8,524288,3,99.2783,8525115047326029414
fusion8,524288,3,166.6824,8525115047326029414
btree8_bl_a64,524288,3,60.6995,8525115047326029414
btree8_bl,524288,3,55.7999,8525115047326029414
fusion16_w,524288,3,160.2478,8525115047326029414
fusion8_bf,524288,3,159.0179,8525115047326029414
btree8_a64,524288,4,105.2155,8525115047326029414
btree8_bl_a64,524288,4,60.3165,8525115047326029414
btree16_bl_a64,524288,4,72.4701,8525115047326029414
sorted_array,524288,4,122.6105,8525115047326029414
btree8_bl,524288,4,61.5707,8525115047326029414
fusion8,524288,4,171.9315,8525115047326029414
fusion8_bf,524288,4,163.9984,8525115047326029414
btree8,524288,4,91.7206,8525115047326029414
fusion16_w,524288,4,159.8602,8525115047326029414
fusion8_c,524288,4,153.6652,8525115047326029414
btree8_bl,524288,5,56.7780,8525115047326029414
btree8_bl_a64,524288,5,59.7717,8525115047326029414
btree16_bl_a64,524288,5,71.7575,8525115047326029414
fusion8_c,524288,5,136.6928,8525115047326029414
fusion16_w,524288,5,164.6820,8525115047326029414
btree8,524288,5,99.5758,8525115047326029414
fusion8,524288,5,166.8655,8525115047326029414
sorted_array,524288,5,121.1731,8525115047326029414
fusion8_bf,524288,5,163.1699,8525115047326029414
btree8_a64,524288,5,105.2124,8525115047326029414
btree16_bl_a64,524288,6,72.7325,8525115047326029414
sorted_array,524288,6,121.3287,8525115047326029414
btree8_bl_a64,524288,6,60.7880,8525115047326029414
fusion8,524288,6,152.3697,8525115047326029414
fusion8_bf,524288,6,170.0912,8525115047326029414
btree8,524288,6,93.3182,8525115047326029414
fusion16_w,524288,6,194.2551,8525115047326029414
btree8_a64,524288,6,103.3066,8525115047326029414
btree8_bl,524288,6,53.7674,8525115047326029414
fusion8_c,524288,6,145.1920,8525115047326029414
fusion8,524288,7,169.1238,8525115047326029414
sorted_array,524288,7,120.6696,8525115047326029414
fusion16_w,524288,7,181.1325,8525115047326029414
fusion8_bf,524288,7,160.7269,8525115047326029414
btree16_bl_a64,524288,7,70.3110,8525115047326029414
btree8_bl,524288,7,49.8947,8525115047326029414
btree8_bl_a64,524288,7,59.4238,8525115047326029414
btree8_a64,524288,7,94.2734,8525115047326029414
btree8,524288,7,94.3573,8525115047326029414
fusion8_c,524288,7,136.6364,8525115047326029414
fusion8_bf,524288,8,158.7265,8525115047326029414
fusion8_c,524288,8,128.8040,8525115047326029414
fusion16_w,524288,8,167.4088,8525115047326029414
btree16_bl_a64,524288,8,69.5908,8525115047326029414
sorted_array,524288,8,121.1777,8525115047326029414
btree8,524288,8,90.0482,8525115047326029414
btree8_bl_a64,524288,8,57.8003,8525115047326029414
btree8_bl,524288,8,54.3823,8525115047326029414
fusion8,524288,8,151.0010,8525115047326029414
btree8_a64,524288,8,96.2463,8525115047326029414
sorted_array,524288,9,119.0231,8525115047326029414
fusion8_bf,524288,9,160.1807,8525115047326029414
fusion8,524288,9,147.3801,8525115047326029414
fusion8_c,524288,9,148.0774,8525115047326029414
btree8_bl_a64,524288,9,57.7774,8525115047326029414
btree16_bl_a64,524288,9,69.5435,8525115047326029414
btree8,524288,9,96.2357,8525115047326029414
btree8_bl,524288,9,51.8814,8525115047326029414
fusion16_w,524288,9,153.4683,8525115047326029414
btree8_a64,524288,9,97.3755,8525115047326029414
btree8_a64,524288,10,76.3245,8525115047326029414
fusion16_w,524288,10,151.0666,8525115047326029414
fusion8_bf,524288,10,156.9244,8525115047326029414
fusion8,524288,10,150.7309,8525115047326029414
btree8,524288,10,94.0201,8525115047326029414
btree16_bl_a64,524288,10,69.9020,8525115047326029414
btree8_bl,524288,10,49.1333,8525115047326029414
btree8_bl_a64,524288,10,57.6965,8525115047326029414
sorted_array,524288,10,120.0089,8525115047326029414
fusion8_c,524288,10,162.4588,8525115047326029414
fusion8_bf,524288,11,167.9749,8525115047326029414
btree8,524288,11,90.6189,8525115047326029414
fusion8,524288,11,170.0470,8525115047326029414
btree8_a64,524288,11,100.5768,8525115047326029414
btree16_bl_a64,524288,11,70.2759,8525115047326029414
fusion8_c,524288,11,143.6020,8525115047326029414
btree8_bl,524288,11,56.4484,8525115047326029414
fusion16_w,524288,11,155.5344,8525115047326029414
btree8_bl_a64,524288,11,54.0268,8525115047326029414
sorted_array,524288,11,120.3354,8525115047326029414
fusion16_w,524288,12,163.4979,8525115047326029414
btree16_bl_a64,524288,12,69.8044,8525115047326029414
btree8_bl,524288,12,51.7715,8525115047326029414
sorted_array,524288,12,121.5012,8525115047326029414
fusion8_c,524288,12,157.3563,8525115047326029414
btree8,524288,12,98.5428,8525115047326029414
fusion8,524288,12,168.8324,8525115047326029414
fusion8_bf,524288,12,169.8730,8525115047326029414
btree8_bl_a64,524288,12,60.5225,8525115047326029414
btree8_a64,524288,12,102.3468,8525115047326029414
btree8_bl_a64,524288,13,45.4834,8525115047326029414
btree8,524288,13,97.5479,8525115047326029414
fusion16_w,524288,13,160.1395,8525115047326029414
btree16_bl_a64,524288,13,72.1741,8525115047326029414
btree8_bl,524288,13,57.3334,8525115047326029414
btree8_a64,524288,13,126.0361,8525115047326029414
fusion8_c,524288,13,156.8512,8525115047326029414
fusion8_bf,524288,13,173.1735,8525115047326029414
fusion8,524288,13,166.4200,8525115047326029414
sorted_array,524288,13,121.2280,8525115047326029414
fusion8_bf,524288,14,155.3665,8525115047326029414
btree16_bl_a64,524288,14,69.9158,8525115047326029414
fusion16_w,524288,14,154.9240,8525115047326029414
fusion8_c,524288,14,146.8079,8525115047326029414
sorted_array,524288,14,120.8420,8525115047326029414
fusion8,524288,14,176.3748,8525115047326029414
btree8_bl,524288,14,56.1325,8525115047326029414
btree8_a64,524288,14,93.9926,8525115047326029414
btree8,524288,14,98.7350,8525115047326029414
btree8_bl_a64,524288,14,60.3424,8525115047326029414
btree8_bl,1048576,0,137.5381,9971055575563239174
fusion16_w,1048576,0,150.5646,9971055575563239174
fusion8_bf,1048576,0,342.8253,9971055575563239174
btree16_bl_a64,1048576,0,68.5150,9971055575563239174
fusion8_c,1048576,0,300.3250,9971055575563239174
btree8,1048576,0,232.7789,9971055575563239174
btree8_a64,1048576,0,238.4521,9971055575563239174
fusion8,1048576,0,329.1138,9971055575563239174
sorted_array,1048576,0,164.7308,9971055575563239174
btree8_bl_a64,1048576,0,127.9282,9971055575563239174
sorted_array,1048576,1,164.5752,9971055575563239174
btree8_bl,1048576,1,132.8186,9971055575563239174
fusion8,1048576,1,325.7935,9971055575563239174
btree8_a64,1048576,1,239.6011,9971055575563239174
btree8,1048576,1,236.5097,9971055575563239174
btree8_bl_a64,1048576,1,127.2278,9971055575563239174
fusion8_bf,1048576,1,329.3762,9971055575563239174
btree16_bl_a64,1048576,1,68.6172,9971055575563239174
fusion16_w,1048576,1,157.1671,9971055575563239174
fusion8_c,1048576,1,308.3191,9971055575563239174
fusion8,1048576,2,336.9812,9971055575563239174
btree16_bl_a64,1048576,2,69.0613,9971055575563239174
btree8,1048576,2,234.5627,9971055575563239174
fusion8_bf,1048576,2,326.8463,9971055575563239174
btree8_bl,1048576,2,132.8949,9971055575563239174
btree8_bl_a64,1048576,2,126.4679,9971055575563239174
fusion8_c,1048576,2,307.9941,9971055575563239174
btree8_a64,1048576,2,239.5874,9971055575563239174
sorted_array,1048576,2,163.5544,9971055575563239174
fusion16_w,1048576,2,165.0940,9971055575563239174
fusion8_bf,1048576,3,342.0425,9971055575563239174
fusion8,1048576,3,335.2020,9971055575563239174
fusion16_w,1048576,3,157.3929,9971055575563239174
btree8,1048576,3,233.0109,9971055575563239174
fusion8_c,1048576,3,304.3304,9971055575563239174
sorted_array,1048576,3,165.9363,9971055575563239174
btree8_bl_a64,1048576,3,128.0304,9971055575563239174
btree16_bl_a64,1048576,3,69.1391,9971055575563239174
btree8_bl,1048576,3,131.9992,9971055575563239174
btree8_a64,1048576,3,241.6748,9971055575563239174
btree8_bl_a64,1048576,4,126.6220,9971055575563239174
btree8,1048576,4,234.3704,9971055575563239174
fusion8_bf,1048576,4,333.3359,9971055575563239174
btree16_bl_a64,1048576,4,68.2251,9971055575563239174
btree8_a64,1048576,4,241.3864,9971055575563239174
btree8_bl,1048576,4,131.1432,9971055575563239174
sorted_array,1048576,4,164.9200,9971055575563239174
fusion8,1048576,4,339.0305,9971055575563239174
fusion8_c,1048576,4,318.4372,9971055575563239174
fusion16_w,1048576,4,174.6292,9971055575563239174
fusion8,1048576,5,368.9789,9971055575563239174
btree8,1048576,5,233.8989,9971055575563239174
btree8_bl_a64,1048576,5,126.1154,9971055575563239174
fusion8_c,1048576,5,298.2315,9971055575563239174
sorted_array,1048576,5,165.7547,9971055575563239174
btree8_a64,1048576,5,238.9511,9971055575563239174
fusion16_w,1048576,5,157.2083,9971055575563239174
btree16_bl_a64,1048576,5,67.9749,9971055575563239174
btree8_bl,1048576,5,131.6513,9971055575563239174
fusion8_bf,1048576,5,329.4861,9971055575563239174
btree8,1048576,6,243.8446,9971055575563239174
sorted_array,1048576,6,164.2029,9971055575563239174
fusion8,1048576,6,344.6976,9971055575563239174
fusion8_c,1048576,6,328.1693,9971055575563239174
fusion8_bf,1048576,6,339.7522,9971055575563239174
fusion16_w,1048576,6,177.3239,9971055575563239174
btree8_bl_a64,1048576,6,130.2658,9971055575563239174
btree16_bl_a64,1048576,6,70.6772,9971055575563239174
btree8_bl,1048576,6,134.3765,9971055575563239174
btree8_a64,1048576,6,246.1975,9971055575563239174
fusion8,1048576,7,331.3629,9971055575563239174
btree8_bl_a64,1048576,7,128.2532,9971055575563239174
btree8,1048576,7,225.1236,9971055575563239174
fusion8_c,1048576,7,290.3992,9971055575563239174
fusion16_w,1048576,7,158.4335,9971055575563239174
fusion8_bf,1048576,7,332.0099,9971055575563239174
btree8_a64,1048576,7,236.7874,9971055575563239174
btree16_bl_a64,1048576,7,68.6859,9971055575563239174
sorted_array,1048576,7,165.5258,9971055575563239174
btree8_bl,1048576,7,138.5513,9971055575563239174
btree8,1048576,8,235.0739,9971055575563239174
fusion8_bf,1048576,8,323.7396,9971055575563239174
fusion8,1048576,8,332.2784,9971055575563239174
fusion16_w,1048576,8,158.7006,9971055575563239174
btree8_a64,1048576,8,232.5974,9971055575563239174
btree8_bl_a64,1048576,8,127.2095,9971055575563239174
fusion8_c,1048576,8,299.3195,9971055575563239174
btree8_bl,1048576,8,135.7239,9971055575563239174
sorted_array,1048576,8,166.2903,9971055575563239174
btree16_bl_a64,1048576,8,68.6752,9971055575563239174
fusion16_w,1048576,9,154.3488,9971055575563239174
btree8_a64,1048576,9,237.9913,9971055575563239174
fusion8_c,1048576,9,301.9821,9971055575563239174
fusion8,1048576,9,323.5657,9971055575563239174
sorted_array,1048576,9,181.6193,9971055575563239174
fusion8_bf,1048576,9,355.2292,9971055575563239174
btree8,1048576,9,237.6556,9971055575563239174
btree16_bl_a64,1048576,9,68.4143,9971055575563239174
btree8_bl_a64,1048576,9,126.5900,9971055575563239174
btree8_bl,1048576,9,131.3065,9971055575563239174
fusion16_w,1048576,10,153.8315,9971055575563239174
btree8_bl_a64,1048576,10,123.6969,9971055575563239174
fusion8,1048576,10,317.2577,9971055575563239174
fusion8_bf,1048576,10,337.3581,9971055575563239174
btree16_bl_a64,1048576,10,70.9702,9971055575563239174
btree8_bl,1048576,10,141.1835,9971055575563239174
btree8,1048576,10,242.6086,9971055575563239174
fusion8_c,1048576,10,308.2962,9971055575563239174
btree8_a64,1048576,10,256.4819,9971055575563239174
sorted_array,1048576,10,178.4195,9971055575563239174
btree8_bl_a64,1048576,11,131.7535,9971055575563239174
fusion8,1048576,11,369.0292,9971055575563239174
sorted_array,1048576,11,166.5482,9971055575563239174
btree8,1048576,11,320.5933,9971055575563239174
fusion8_c,1048576,11,410.6995,9971055575563239174
btree16_bl_a64,1048576,11,73.1262,9971055575563239174
btree8_bl,1048576,11,137.4710,9971055575563239174
btree8_a64,1048576,11,265.6357,9971055575563239174
fusion16_w,1048576,11,169.8318,9971055575563239174
fusion8_bf,1048576,11,385.6598,9971055575563239174
sorted_array,1048576,12,734.1125,9971055575563239174
fusion8_c,1048576,12,495.7474,9971055575563239174
btree8,1048576,12,293.1793,9971055575563239174
btree8_bl,1048576,12,143.6630,9971055575563239174
fusion8,1048576,12,528.9444,9971055575563239174
fusion16_w,1048576,12,305.3467,9971055575563239174
btree8_a64,1048576,12,281.2103,9971055575563239174
btree8_bl_a64,1048576,12,132.1411,9971055575563239174
btree16_bl_a64,1048576,12,82.8140,9971055575563239174
fusion8_bf,1048576,12,406.3858,9971055575563239174
fusion8,1048576,13,690.1108,9971055575563239174
sorted_array,1048576,13,191.6290,9971055575563239174
btree8_bl_a64,1048576,13,132.9254,9971055575563239174
btree16_bl_a64,1048576,13,74.8749,9971055575563239174
fusion8_bf,1048576,13,384.8694,9971055575563239174
btree8_a64,1048576,13,365.6891,9971055575563239174
fusion16_w,1048576,13,202.3926,9971055575563239174
fusion8_c,1048576,13,387.6358,9971055575563239174
btree8,1048576,13,290.9546,9971055575563239174
btree8_bl,1048576,13,152.1896,9971055575563239174
btree16_bl_a64,1048576,14,106.6513,9971055575563239174
btree8_bl,1048576,14,146.7773,9971055575563239174
sorted_array,1048576,14,166.6245,9971055575563239174
btree8,1048576,14,265.0909,9971055575563239174
fusion16_w,1048576,14,167.4713,9971055575563239174
fusion8_c,1048576,14,326.2680,9971055575563239174
btree8_a64,1048576,14,260.8078,9971055575563239174
fusion8_bf,1048576,14,355.0354,9971055575563239174
btree8_bl_a64,1048576,14,134.1995,9971055575563239174
fusion8,1048576,14,404.9530,9971055575563239174
btree8_a64,2097152,0,247.7631,360150140800640134
btree8_bl_a64,2097152,0,118.1366,360150140800640134
fusion8_c,2097152,0,311.3556,360150140800640134
fusion16_w,2097152,0,300.0854,360150140800640134
btree16_bl_a64,2097152,0,140.4724,360150140800640134
fusion8,2097152,0,348.2941,360150140800640134
fusion8_bf,2097152,0,376.6312,360150140800640134
btree8,2097152,0,245.0729,360150140800640134
btree8_bl,2097152,0,125.6119,360150140800640134
sorted_array,2097152,0,224.4232,360150140800640134
fusion8_c,2097152,1,312.3184,360150140800640134
fusion16_w,2097152,1,304.5151,360150140800640134
fusion8_bf,2097152,1,347.9126,360150140800640134
btree8_a64,2097152,1,253.4073,360150140800640134
sorted_array,2097152,1,219.1681,360150140800640134
btree8_bl,2097152,1,125.9552,360150140800640134
btree8,2097152,1,242.8726,360150140800640134
btree8_bl_a64,2097152,1,118.8370,360150140800640134
fusion8,2097152,1,336.3770,360150140800640134
btree16_bl_a64,2097152,1,156.5048,360150140800640134
sorted_array,2097152,2,220.1263,360150140800640134
btree8_a64,2097152,2,257.3166,360150140800640134
btree8_bl,2097152,2,125.9964,360150140800640134
fusion8_c,2097152,2,309.2819,360150140800640134
btree8,2097152,2,238.9343,360150140800640134
fusion8,2097152,2,340.2496,360150140800640134
btree16_bl_a64,2097152,2,139.5966,360150140800640134
fusion16_w,2097152,2,288.1012,360150140800640134
fusion8_bf,2097152,2,426.1887,360150140800640134
btree8_bl_a64,2097152,2,131.0654,360150140800640134
btree16_bl_a64,2097152,3,138.2034,360150140800640134
btree8_bl,2097152,3,125.3372,360150140800640134
fusion8_c,2097152,3,308.5770,360150140800640134
btree8_a64,2097152,3,248.1461,360150140800640134
fusion16_w,2097152,3,291.2216,360150140800640134
btree8,2097152,3,244.5328,360150140800640134
sorted_array,2097152,3,229.6463,360150140800640134
fusion8,2097152,3,341.3956,360150140800640134
fusion8_bf,2097152,3,352.9938,360150140800640134
btree8_bl_a64,2097152,3,121.3837,360150140800640134
btree8_bl_a64,2097152,4,89.0778,360150140800640134
btree8_a64,2097152,4,270.4544,360150140800640134
btree8,2097152,4,242.0792,360150140800640134
btree16_bl_a64,2097152,4,138.4918,360150140800640134
fusion16_w,2097152,4,284.0332,360150140800640134
btree8_bl,2097152,4,128.0365,360150140800640134
fusion8,2097152,4,335.5042,360150140800640134
sorted_array,2097152,4,236.5082,360150140800640134
fusion8_c,2097152,4,351.0895,360150140800640134
fusion8_bf,2097152,4,347.9630,360150140800640134
fusion16_w,2097152,5,304.1122,360150140800640134
btree8,2097152,5,253.5110,360150140800640134
fusion8,2097152,5,359.2285,360150140800640134
sorted_array,2097152,5,223.6099,360150140800640134
fusion8_c,2097152,5,326.0513,360150140800640134
fusion8_bf,2097152,5,365.2695,360150140800640134
btree8_bl_a64,2097152,5,122.7386,360150140800640134
btree16_bl_a64,2097152,5,139.5996,360150140800640134
btree8_a64,2097152,5,263.2187,360150140800640134
btree8_bl,2097152,5,138.2812,360150140800640134
btree8,2097152,6,261.3663,360150140800640134
btree8_bl_a64,2097152,6,124.0555,360150140800640134
fusion8_bf,2097152,6,373.0438,360150140800640134
fusion8_c,2097152,6,314.0533,360150140800640134
fusion16_w,2097152,6,300.1770,360150140800640134
sorted_array,2097152,6,208.9706,360150140800640134
fusion8,2097152,6,375.6683,360150140800640134
btree8_bl,2097152,6,126.0696,360150140800640134
btree16_bl_a64,2097152,6,141.6794,360150140800640134
btree8_a64,2097152,6,260.6888,360150140800640134
btree8_bl_a64,2097152,7,123.7396,360150140800640134
fusion16_w,2097152,7,285.5057,360150140800640134
btree16_bl_a64,2097152,7,140.7516,360150140800640134
btree8_a64,2097152,7,249.8276,360150140800640134
fusion8_bf,2097152,7,332.1808,360150140800640134
fusion8_c,2097152,7,316.9540,360150140800640134
fusion8,2097152,7,338.0890,360150140800640134
btree8,2097152,7,238.5834,360150140800640134
btree8_bl,2097152,7,122.0367,360150140800640134
sorted_array,2097152,7,254.0863,360150140800640134
fusion16_w,2097152,8,276.7960,360150140800640134
btree8_bl,2097152,8,127.2308,360150140800640134
sorted_array,2097152,8,249.3027,360150140800640134
fusion8_bf,2097152,8,339.7324,360150140800640134
btree8,2097152,8,240.2893,360150140800640134
fusion8_c,2097152,8,339.2151,360150140800640134
btree16_bl_a64,2097152,8,154.4907,360150140800640134
btree8_a64,2097152,8,273.3810,360150140800640134
fusion8,2097152,8,377.4857,360150140800640134
btree8_bl_a64,2097152,8,121.3425,360150140800640134
btree8_bl,2097152,9,123.0865,360150140800640134
fusion8,2097152,9,343.5684,360150140800640134
fusion8_c,2097152,9,316.0751,360150140800640134
fusion8_bf,2097152,9,346.1700,360150140800640134
fusion16_w,2097152,9,286.5601,360150140800640134
btree8_bl_a64,2097152,9,122.6440,360150140800640134
btree16_bl_a64,2097152,9,137.8357,360150140800640134
sorted_array,2097152,9,271.5561,360150140800640134
btree8,2097152,9,239.9704,360150140800640134
btree8_a64,2097152,9,248.3749,360150140800640134
fusion8_c,2097152,10,364.4470,360150140800640134
fusion16_w,2097152,10,321.3486,360150140800640134
btree8_bl_a64,2097152,10,120.8954,360150140800640134
fusion8,2097152,10,361.7874,360150140800640134
btree8_bl,2097152,10,132.8934,360150140800640134
fusion8_bf,2097152,10,333.2153,360150140800640134
btree16_bl_a64,2097152,10,137.5610,360150140800640134
btree8,2097152,10,238.5681,360150140800640134
btree8_a64,2097152,10,247.2260,360150140800640134
sorted_array,2097152,10,233.6670,360150140800640134
fusion8_bf,2097152,11,383.8715,360150140800640134
sorted_array,2097152,11,271.9330,360150140800640134
fusion8_c,2097152,11,333.4915,360150140800640134
btree8_bl_a64,2097152,11,119.2642,360150140800640134
btree8_bl,2097152,11,126.9714,360150140800640134
btree8_a64,2097152,11,275.6851,360150140800640134
btree8,2097152,11,246.6843,360150140800640134
btree16_bl_a64,2097152,11,141.6229,360150140800640134
fusion16_w,2097152,11,289.8117,360150140800640134
fusion8,2097152,11,339.2441,360150140800640134
btree16_bl_a64,2097152,12,154.7806,360150140800640134
fusion8,2097152,12,392.3782,360150140800640134
sorted_array,2097152,12,225.7996,360150140800640134
fusion16_w,2097152,12,280.7831,360150140800640134
fusion8_c,2097152,12,348.0423,360150140800640134
btree8,2097152,12,248.0667,360150140800640134
btree8_bl,2097152,12,125.5188,360150140800640134
fusion8_bf,2097152,12,327.3911,360150140800640134
btree8_bl_a64,2097152,12,119.3573,360150140800640134
btree8_a64,2097152,12,250.6165,360150140800640134
fusion8,2097152,13,374.3225,360150140800640134
fusion8_c,2097152,13,326.8341,360150140800640134
fusion8_bf,2097152,13,348.1369,360150140800640134
fusion16_w,2097152,13,305.1071,360150140800640134
sorted_array,2097152,13,259.2575,360150140800640134
btree8,2097152,13,246.3638,360150140800640134
btree16_bl_a64,2097152,13,155.8411,360150140800640134
btree8_a64,2097152,13,255.8655,360150140800640134
btree8_bl,2097152,13,133.4000,360150140800640134
btree8_bl_a64,2097152,13,122.1390,360150140800640134
fusion8_c,2097152,14,364.6973,360150140800640134
btree8,2097152,14,273.1934,360150140800640134
fusion8_bf,2097152,14,378.1998,360150140800640134
fusion8,2097152,14,415.8905,360150140800640134
btree8_bl,2097152,14,126.5274,360150140800640134
btree16_bl_a64,2097152,14,147.8790,360150140800640134
btree8_a64,2097152,14,279.0802,360150140800640134
fusion16_w,2097152,14,318.9819,360150140800640134
btree8_bl_a64,2097152,14,125.8957,360150140800640134
sorted_array,2097152,14,225.6287,360150140800640134
fusion8_bf,4194304,0,355.9937,13987696726093534327
btree8_bl_a64,4194304,0,120.2530,13987696726093534327
btree8,4194304,0,254.9088,13987696726093534327
fusion16_w,4194304,0,303.4882,13987696726093534327
fusion8_c,4194304,0,322.8638,13987696726093534327
btree8_a64,4194304,0,247.5143,13987696726093534327
sorted_array,4194304,0,351.8402,13987696726093534327
btree8_bl,4194304,0,124.7665,13987696726093534327
btree16_bl_a64,4194304,0,152.4338,13987696726093534327
fusion8,4194304,0,356.4240,13987696726093534327
btree8_bl_a64,4194304,1,117.1051,13987696726093534327
btree8_a64,4194304,1,250.8636,13987696726093534327
fusion8,4194304,1,369.7098,13987696726093534327
sorted_array,4194304,1,312.8143,13987696726093534327
fusion16_w,4194304,1,314.8575,13987696726093534327
fusion8_bf,4194304,1,362.0865,13987696726093534327
btree16_bl_a64,4194304,1,153.6819,13987696726093534327
btree8_bl,4194304,1,118.6020,13987696726093534327
fusion8_c,4194304,1,299.9252,13987696726093534327
btree8,4194304,1,237.5870,13987696726093534327
fusion16_w,4194304,2,309.1522,13987696726093534327
fusion8,4194304,2,345.5795,13987696726093534327
fusion8_bf,4194304,2,354.1656,13987696726093534327
btree8_bl,4194304,2,120.9213,13987696726093534327
fusion8_c,4194304,2,306.4026,13987696726093534327
sorted_array,4194304,2,336.5173,13987696726093534327
btree8_a64,4194304,2,247.9797,13987696726093534327
btree16_bl_a64,4194304,2,150.3906,13987696726093534327
btree8_bl_a64,4194304,2,112.4680,13987696726093534327
btree8,4194304,2,267.3523,13987696726093534327
fusion8,4194304,3,338.7482,13987696726093534327
fusion8_bf,4194304,3,445.7550,13987696726093534327
btree16_bl_a64,4194304,3,157.4570,13987696726093534327
fusion16_w,4194304,3,314.8544,13987696726093534327
btree8_bl_a64,4194304,3,114.8758,13987696726093534327
sorted_array,4194304,3,334.8587,13987696726093534327
btree8_a64,4194304,3,258.9249,13987696726093534327
fusion8_c,4194304,3,329.3518,13987696726093534327
btree8,4194304,3,260.2478,13987696726093534327
btree8_bl,4194304,3,121.0327,13987696726093534327
fusion8_bf,4194304,4,367.7765,13987696726093534327
btree8,4194304,4,260.8780,13987696726093534327
btree8_bl,4194304,4,122.4869,13987696726093534327
sorted_array,4194304,4,342.2958,13987696726093534327
fusion8_c,4194304,4,334.6725,13987696726093534327
btree16_bl_a64,4194304,4,154.9606,13987696726093534327
fusion8,4194304,4,343.8522,13987696726093534327
btree8_bl_a64,4194304,4,116.6946,13987696726093534327
fusion16_w,4194304,4,302.4796,13987696726093534327
btree8_a64,4194304,4,248.3810,13987696726093534327
fusion16_w,4194304,5,301.2497,13987696726093534327
sorted_array,4194304,5,382.2632,13987696726093534327
btree16_bl_a64,4194304,5,158.9874,13987696726093534327
btree8,4194304,5,255.0705,13987696726093534327
btree8_bl,4194304,5,121.9315,13987696726093534327
fusion8_bf,4194304,5,364.1129,13987696726093534327
btree8_bl_a64,4194304,5,119.7891,13987696726093534327
fusion8,4194304,5,368.9758,13987696726093534327
btree8_a64,4194304,5,265.5914,13987696726093534327
fusion8_c,4194304,5,321.5897,13987696726093534327
btree8_a64,4194304,6,256.7825,13987696726093534327
sorted_array,4194304,6,340.3275,13987696726093534327
btree8_bl_a64,4194304,6,118.0206,13987696726093534327
btree8,4194304,6,263.7466,13987696726093534327
fusion8_c,4194304,6,344.4962,13987696726093534327
fusion8_bf,4194304,6,358.5983,13987696726093534327
btree8_bl,4194304,6,120.6055,13987696726093534327
fusion16_w,4194304,6,310.0281,13987696726093534327
btree16_bl_a64,4194304,6,154.8096,13987696726093534327
fusion8,4194304,6,349.8886,13987696726093534327
btree8,4194304,7,256.5170,13987696726093534327
sorted_array,4194304,7,337.1979,13987696726093534327
fusion16_w,4194304,7,347.8668,13987696726093534327
fusion8,4194304,7,435.3653,13987696726093534327
fusion8_c,4194304,7,363.7329,13987696726093534327
btree8_bl_a64,4194304,7,125.6180,13987696726093534327
btree16_bl_a64,4194304,7,163.5437,13987696726093534327
btree8_bl,4194304,7,123.9304,13987696726093534327
btree8_a64,4194304,7,266.6672,13987696726093534327
fusion8_bf,4194304,7,370.1874,13987696726093534327
fusion8,4194304,8,369.8318,13987696726093534327
fusion16_w,4194304,8,355.4153,13987696726093534327
btree8,4194304,8,260.8826,13987696726093534327
btree16_bl_a64,4194304,8,157.3242,13987696726093534327
btree8_bl,4194304,8,120.8069,13987696726093534327
sorted_array,4194304,8,337.8677,13987696726093534327
fusion8_c,4194304,8,332.3807,13987696726093534327
fusion8_bf,4194304,8,363.6887,13987696726093534327
btree8_bl_a64,4194304,8,115.3824,13987696726093534327
btree8_a64,4194304,8,273.0682,13987696726093534327
btree8_bl_a64,4194304,9,113.7054,13987696726093534327
btree8,4194304,9,252.4475,13987696726093534327
fusion8_bf,4194304,9,345.5429,13987696726093534327
btree8_a64,4194304,9,252.5955,13987696726093534327
fusion8,4194304,9,354.0878,13987696726093534327
btree8_bl,4194304,9,124.1104,13987696726093534327
btree16_bl_a64,4194304,9,156.4392,13987696726093534327
fusion8_c,4194304,9,327.6077,13987696726093534327
fusion16_w,4194304,9,336.2198,13987696726093534327
sorted_array,4194304,9,370.5841,13987696726093534327
fusion8,4194304,10,362.2345,13987696726093534327
fusion16_w,4194304,10,356.8100,13987696726093534327
sorted_array,4194304,10,337.7945,13987696726093534327
fusion8_c,4194304,10,333.8257,13987696726093534327
btree8,4194304,10,257.1167,13987696726093534327
fusion8_bf,4194304,10,365.2313,13987696726093534327
btree8_bl_a64,4194304,10,117.1860,13987696726093534327
btree8_bl,4194304,10,120.6604,13987696726093534327
btree8_a64,4194304,10,259.7702,13987696726093534327
btree16_bl_a64,4194304,10,155.4077,13987696726093534327
fusion8_c,4194304,11,320.8878,13987696726093534327
btree8_bl,4194304,11,129.7333,13987696726093534327
fusion8_bf,4194304,11,354.2862,13987696726093534327
fusion8,4194304,11,361.9019,13987696726093534327
btree8,4194304,11,261.6699,13987696726093534327
btree8_a64,4194304,11,258.0078,13987696726093534327
btree8_bl_a64,4194304,11,115.6815,13987696726093534327
btree16_bl_a64,4194304,11,154.9423,13987696726093534327
sorted_array,4194304,11,328.6545,13987696726093534327
fusion16_w,4194304,11,298.7564,13987696726093534327
fusion8_bf,4194304,12,355.3772,13987696726093534327
btree8_bl_a64,4194304,12,116.3696,13987696726093534327
fusion16_w,4194304,12,308.5846,13987696726093534327
sorted_array,4194304,12,325.4547,13987696726093534327
btree8_bl,4194304,12,131.2164,13987696726093534327
btree16_bl_a64,4194304,12,154.2664,13987696726093534327
fusion8_c,4194304,12,316.7725,13987696726093534327
fusion8,4194304,12,347.9034,13987696726093534327
btree8,4194304,12,248.8342,13987696726093534327
btree8_a64,4194304,12,247.5693,13987696726093534327
sorted_array,4194304,13,321.1929,13987696726093534327
fusion8_bf,4194304,13,353.9566,13987696726093534327
btree8_a64,4194304,13,363.3972,13987696726093534327
btree16_bl_a64,4194304,13,172.7249,13987696726093534327
btree8_bl,4194304,13,130.2612,13987696726093534327
fusion8_c,4194304,13,342.4286,13987696726093534327
fusion16_w,4194304,13,379.3976,13987696726093534327
btree8_bl_a64,4194304,13,118.3640,13987696726093534327
fusion8,4194304,13,362.7609,13987696726093534327
btree8,4194304,13,253.4241,13987696726093534327
fusion8_bf,4194304,14,377.4246,13987696726093534327
fusion16_w,4194304,14,318.8309,13987696726093534327
fusion8,4194304,14,386.7523,13987696726093534327
btree16_bl_a64,4194304,14,160.1349,13987696726093534327
fusion8_c,4194304,14,337.0209,13987696726093534327
btree8,4194304,14,259.3109,13987696726093534327
btree8_bl,4194304,14,121.4020,13987696726093534327
btree8_a64,4194304,14,256.9763,13987696726093534327
btree8_bl_a64,4194304,14,115.2786,13987696726093534327
sorted_array,4194304,14,332.2189,13987696726093534327
btree16_bl_a64,8388608,0,143.0923,14571906064232911788
fusion16_w,8388608,0,301.6159,14571906064232911788
fusion8_bf,8388608,0,527.8061,14571906064232911788
btree8_a64,8388608,0,389.3463,14571906064232911788
btree8_bl,8388608,0,193.3731,14571906064232911788
fusion8_c,8388608,0,462.6984,14571906064232911788
btree8,8388608,0,409.6252,14571906064232911788
fusion8,8388608,0,517.5095,14571906064232911788
sorted_array,8388608,0,500.9583,14571906064232911788
btree8_bl_a64,8388608,0,270.0897,14571906064232911788
btree8_bl,8388608,1,304.7546,14571906064232911788
fusion8,8388608,1,508.2443,14571906064232911788
fusion8_c,8388608,1,480.3268,14571906064232911788
fusion8_bf,8388608,1,525.7507,14571906064232911788
btree16_bl_a64,8388608,1,244.7205,14571906064232911788
fusion16_w,8388608,1,310.5530,14571906064232911788
btree8,8388608,1,387.0651,14571906064232911788
sorted_array,8388608,1,531.1752,14571906064232911788
btree8_a64,8388608,1,387.9684,14571906064232911788
btree8_bl_a64,8388608,1,194.1238,14571906064232911788
btree8_a64,8388608,2,423.1110,14571906064232911788
fusion8_c,8388608,2,495.0775,14571906064232911788
btree16_bl_a64,8388608,2,148.8678,14571906064232911788
sorted_array,8388608,2,519.3085,14571906064232911788
fusion8_bf,8388608,2,518.3868,14571906064232911788
btree8_bl_a64,8388608,2,196.9345,14571906064232911788
fusion8,8388608,2,546.3379,14571906064232911788
btree8_bl,8388608,2,209.3491,14571906064232911788
btree8,8388608,2,397.0459,14571906064232911788
fusion16_w,8388608,2,312.7930,14571906064232911788
btree8_bl_a64,8388608,3,190.8661,14571906064232911788
fusion16_w,8388608,3,312.2528,14571906064232911788
btree16_bl_a64,8388608,3,145.0623,14571906064232911788
fusion8,8388608,3,509.6298,14571906064232911788
fusion8_c,8388608,3,496.9742,14571906064232911788
sorted_array,8388608,3,529.2068,14571906064232911788
btree8_bl,8388608,3,208.6014,14571906064232911788
btree8,8388608,3,388.8443,14571906064232911788
btree8_a64,8388608,3,392.9932,14571906064232911788
fusion8_bf,8388608,3,506.5948,14571906064232911788
btree8_bl,8388608,4,195.3415,14571906064232911788
btree8,8388608,4,389.8468,14571906064232911788
btree16_bl_a64,8388608,4,144.7556,14571906064232911788
fusion16_w,8388608,4,307.6584,14571906064232911788
sorted_array,8388608,4,500.1373,14571906064232911788
fusion8_bf,8388608,4,527.0065,14571906064232911788
btree8_bl_a64,8388608,4,189.1388,14571906064232911788
btree8_a64,8388608,4,402.5757,14571906064232911788
fusion8_c,8388608,4,492.4072,14571906064232911788
fusion8,8388608,4,523.9304,14571906064232911788
fusion8_c,8388608,5,502.9739,14571906064232911788
fusion16_w,8388608,5,362.3596,14571906064232911788
btree8,8388608,5,396.5942,14571906064232911788
sorted_array,8388608,5,488.7695,14571906064232911788
btree16_bl_a64,8388608,5,222.7524,14571906064232911788
btree8_bl_a64,8388608,5,191.5787,14571906064232911788
btree8_bl,8388608,5,197.8088,14571906064232911788
fusion8,8388608,5,534.3033,14571906064232911788
fusion8_bf,8388608,5,561.5280,14571906064232911788
btree8_a64,8388608,5,406.7627,14571906064232911788
fusion8,8388608,6,537.1780,14571906064232911788
btree8_bl,8388608,6,208.4656,14571906064232911788
btree8_a64,8388608,6,410.9711,14571906064232911788
fusion8_c,8388608,6,509.3887,14571906064232911788
fusion16_w,8388608,6,335.7010,14571906064232911788
sorted_array,8388608,6,507.2952,14571906064232911788
fusion8_bf,8388608,6,527.4780,14571906064232911788
btree16_bl_a64,8388608,6,144.7800,14571906064232911788
btree8_bl_a64,8388608,6,189.2990,14571906064232911788
btree8,8388608,6,390.3961,14571906064232911788
btree16_bl_a64,8388608,7,142.5797,14571906064232911788
btree8,8388608,7,378.5950,14571906064232911788
fusion8_bf,8388608,7,542.4301,14571906064232911788
fusion8,8388608,7,531.3553,14571906064232911788
btree8_bl,8388608,7,201.4786,14571906064232911788
btree8_bl_a64,8388608,7,190.9210,14571906064232911788
sorted_array,8388608,7,500.9857,14571906064232911788
fusion16_w,8388608,7,371.1670,14571906064232911788
fusion8_c,8388608,7,477.3666,14571906064232911788
btree8_a64,8388608,7,401.1017,14571906064232911788
fusion8_c,8388608,8,471.5561,14571906064232911788
fusion8_bf,8388608,8,545.5093,14571906064232911788
btree16_bl_a64,8388608,8,145.4559,14571906064232911788
btree8_a64,8388608,8,404.4205,14571906064232911788
sorted_array,8388608,8,504.2206,14571906064232911788
btree8_bl_a64,8388608,8,189.4394,14571906064232911788
btree8,8388608,8,389.2944,14571906064232911788
fusion8,8388608,8,509.0912,14571906064232911788
fusion16_w,8388608,8,349.2096,14571906064232911788
btree8_bl,8388608,8,207.2281,14571906064232911788
fusion8_c,8388608,9,552.0294,14571906064232911788
btree16_bl_a64,8388608,9,158.6288,14571906064232911788
fusion8,8388608,9,525.5539,14571906064232911788
fusion16_w,8388608,9,350.0580,14571906064232911788
btree8_bl,8388608,9,215.8371,14571906064232911788
btree8_a64,8388608,9,409.9319,14571906064232911788
fusion8_bf,8388608,9,543.9606,14571906064232911788
btree8_bl_a64,8388608,9,187.7258,14571906064232911788
btree8,8388608,9,441.2628,14571906064232911788
sorted_array,8388608,9,504.2526,14571906064232911788
fusion8,8388608,10,527.6016,14571906064232911788
sorted_array,8388608,10,504.7653,14571906064232911788
fusion8_c,8388608,10,503.4607,14571906064232911788
fusion8_bf,8388608,10,562.7167,14571906064232911788
btree8_bl_a64,8388608,10,193.6279,14571906064232911788
btree16_bl_a64,8388608,10,143.5028,14571906064232911788
btree8_bl,8388608,10,196.8536,14571906064232911788
fusion16_w,8388608,10,308.8821,14571906064232911788
btree8,8388608,10,391.1728,14571906064232911788
btree8_a64,8388608,10,443.8019,14571906064232911788
btree8,8388608,11,397.9019,14571906064232911788
sorted_array,8388608,11,507.8903,14571906064232911788
btree8_bl,8388608,11,219.9783,14571906064232911788
btree16_bl_a64,8388608,11,150.3006,14571906064232911788
btree8_a64,8388608,11,418.1519,14571906064232911788
fusion8_c,8388608,11,493.2266,14571906064232911788
fusion8_bf,8388608,11,549.7635,14571906064232911788
fusion16_w,8388608,11,355.7510,14571906064232911788
btree8_bl_a64,8388608,11,190.4663,14571906064232911788
fusion8,8388608,11,535.9436,14571906064232911788
sorted_array,8388608,12,507.7591,14571906064232911788
btree8_a64,8388608,12,403.4515,14571906064232911788
btree8,8388608,12,406.9763,14571906064232911788
fusion8_c,8388608,12,503.7598,14571906064232911788
btree8_bl,8388608,12,203.4409,14571906064232911788
fusion8_bf,8388608,12,560.3958,14571906064232911788
fusion16_w,8388608,12,331.3187,14571906064232911788
btree8_bl_a64,8388608,12,190.9439,14571906064232911788
fusion8,8388608,12,529.7974,14571906064232911788
btree16_bl_a64,8388608,12,148.0255,14571906064232911788
btree8,8388608,13,433.3313,14571906064232911788
btree16_bl_a64,8388608,13,144.9234,14571906064232911788
fusion8,8388608,13,528.7338,14571906064232911788
btree8_bl,8388608,13,196.9360,14571906064232911788
btree8_a64,8388608,13,403.6667,14571906064232911788
fusion16_w,8388608,13,317.7872,14571906064232911788
btree8_bl_a64,8388608,13,192.1448,14571906064232911788
fusion8_bf,8388608,13,524.3820,14571906064232911788
fusion8_c,8388608,13,494.2902,14571906064232911788
sorted_array,8388608,13,498.8174,14571906064232911788
fusion8_bf,8388608,14,543.8690,14571906064232911788
btree8_bl,8388608,14,199.9252,14571906064232911788
btree8_bl_a64,8388608,14,187.9272,14571906064232911788
btree8,8388608,14,412.2040,14571906064232911788
sorted_array,8388608,14,499.1043,14571906064232911788
fusion8,8388608,14,543.1229,14571906064232911788
fusion16_w,8388608,14,372.9355,14571906064232911788
fusion8_c,8388608,14,482.2052,14571906064232911788
btree8_a64,8388608,14,386.4395,14571906064232911788
btree16_bl_a64,8388608,14,142.4454,14571906064232911788
fusion8,16777216,0,548.8419,762412688173254828
fusion16_w,16777216,0,368.3578,762412688173254828
btree8,16777216,0,568.2144,762412688173254828
btree16_bl_a64,16777216,0,145.1935,762412688173254828
btree8_bl_a64,16777216,0,196.6690,762412688173254828
btree8_bl,16777216,0,197.9980,762412688173254828
fusion8_bf,16777216,0,555.4855,762412688173254828
btree8_a64,16777216,0,439.8438,762412688173254828
fusion8_c,16777216,0,504.8538,762412688173254828
sorted_array,16777216,0,682.5180,762412688173254828
btree8,16777216,1,427.6016,762412688173254828
btree16_bl_a64,16777216,1,141.2598,762412688173254828
btree8_bl,16777216,1,194.2368,762412688173254828
fusion8_c,16777216,1,505.4626,762412688173254828
btree8_bl_a64,16777216,1,188.6505,762412688173254828
btree8_a64,16777216,1,430.6107,762412688173254828
sorted_array,16777216,1,657.1060,762412688173254828
fusion8,16777216,1,558.1650,762412688173254828
fusion8_bf,16777216,1,570.8038,762412688173254828
fusion16_w,16777216,1,370.1843,762412688173254828
btree8_a64,16777216,2,437.2742,762412688173254828
fusion8,16777216,2,560.9024,762412688173254828
btree8_bl,16777216,2,220.1370,762412688173254828
sorted_array,16777216,2,684.0652,762412688173254828
fusion8_c,16777216,2,508.1299,762412688173254828
fusion8_bf,16777216,2,568.5623,762412688173254828
btree8_bl_a64,16777216,2,189.4028,762412688173254828
btree16_bl_a64,16777216,2,140.1947,762412688173254828
fusion16_w,16777216,2,317.5079,762412688173254828
btree8,16777216,2,420.5292,762412688173254828
btree8,16777216,3,378.5629,762412688173254828
btree8_a64,16777216,3,441.7572,762412688173254828
fusion8,16777216,3,556.7032,762412688173254828
fusion8_bf,16777216,3,565.1657,762412688173254828
sorted_array,16777216,3,669.0475,762412688173254828
fusion16_w,16777216,3,311.8576,762412688173254828
btree16_bl_a64,16777216,3,142.1524,762412688173254828
btree8_bl,16777216,3,283.8242,762412688173254828
fusion8_c,16777216,3,501.8326,762412688173254828
btree8_bl_a64,16777216,3,186.5845,762412688173254828
fusion8,16777216,4,566.3666,762412688173254828
fusion8_c,16777216,4,531.1234,762412688173254828
btree8,16777216,4,495.7840,762412688173254828
fusion16_w,16777216,4,313.0692,762412688173254828
btree8_a64,16777216,4,430.6107,762412688173254828
btree8_bl,16777216,4,196.6507,762412688173254828
sorted_array,16777216,4,669.1360,762412688173254828
btree8_bl_a64,16777216,4,189.3005,762412688173254828
btree16_bl_a64,16777216,4,140.8875,762412688173254828
fusion8_bf,16777216,4,549.0524,762412688173254828
fusion8,16777216,5,550.8926,762412688173254828
btree8,16777216,5,431.3232,762412688173254828
btree8_bl_a64,16777216,5,186.8301,762412688173254828
fusion8_c,16777216,5,495.1050,762412688173254828
btree16_bl_a64,16777216,5,146.9070,762412688173254828
btree8_a64,16777216,5,441.3300,762412688173254828
btree8_bl,16777216,5,205.3604,762412688173254828
fusion16_w,16777216,5,319.8639,762412688173254828
sorted_array,16777216,5,685.0998,762412688173254828
fusion8_bf,16777216,5,597.9477,762412688173254828
sorted_array,16777216,6,691.3361,762412688173254828
fusion8_c,16777216,6,523.2849,762412688173254828
btree8,16777216,6,429.5837,762412688173254828
fusion8,16777216,6,552.4979,762412688173254828
btree8_bl,16777216,6,197.8714,762412688173254828
btree8_a64,16777216,6,431.9092,762412688173254828
btree16_bl_a64,16777216,6,143.6966,762412688173254828
fusion16_w,16777216,6,318.5822,762412688173254828
btree8_bl_a64,16777216,6,203.2547,762412688173254828
fusion8_bf,16777216,6,600.7004,762412688173254828
btree8_bl_a64,16777216,7,195.9229,762412688173254828
btree8,16777216,7,447.3297,762412688173254828
btree8_a64,16777216,7,437.1567,762412688173254828
fusion8_c,16777216,7,531.2225,762412688173254828
btree16_bl_a64,16777216,7,143.9697,762412688173254828
fusion8_bf,16777216,7,548.9105,762412688173254828
fusion8,16777216,7,552.3193,762412688173254828
sorted_array,16777216,7,675.5356,762412688173254828
btree8_bl,16777216,7,309.0271,762412688173254828
fusion16_w,16777216,7,311.5341,762412688173254828
fusion8,16777216,8,557.9544,762412688173254828
sorted_array,16777216,8,669.0704,762412688173254828
fusion8_c,16777216,8,498.0270,762412688173254828
btree8,16777216,8,510.2188,762412688173254828
btree8_bl_a64,16777216,8,203.7338,762412688173254828
btree8_bl,16777216,8,206.6895,762412688173254828
fusion16_w,16777216,8,329.2130,762412688173254828
fusion8_bf,16777216,8,605.9601,762412688173254828
btree16_bl_a64,16777216,8,152.0599,762412688173254828
btree8_a64,16777216,8,454.4876,762412688173254828
fusion8,16777216,9,583.5358,762412688173254828
btree8,16777216,9,446.0724,762412688173254828
fusion8_c,16777216,9,551.6846,762412688173254828
fusion16_w,16777216,9,334.5642,762412688173254828
sorted_array,16777216,9,704.4662,762412688173254828
btree8_bl_a64,16777216,9,190.9470,762412688173254828
btree16_bl_a64,16777216,9,140.4297,762412688173254828
btree8_bl,16777216,9,194.5419,762412688173254828
fusion8_bf,16777216,9,549.8856,762412688173254828
btree8_a64,16777216,9,434.4177,762412688173254828
btree8,16777216,10,439.1159,762412688173254828
fusion16_w,16777216,10,324.6231,762412688173254828
fusion8_c,16777216,10,521.1029,762412688173254828
btree8_a64,16777216,10,450.4196,762412688173254828
fusion8,16777216,10,595.5368,762412688173254828
btree8_bl_a64,16777216,10,189.3845,762412688173254828
sorted_array,16777216,10,690.5441,762412688173254828
fusion8_bf,16777216,10,610.2325,762412688173254828
btree8_bl,16777216,10,304.2984,762412688173254828
btree16_bl_a64,16777216,10,147.0459,762412688173254828
btree8_a64,16777216,11,472.1115,762412688173254828
btree8,16777216,11,463.3972,762412688173254828
fusion8_c,16777216,11,499.0479,762412688173254828
btree8_bl_a64,16777216,11,189.8087,762412688173254828
fusion8_bf,16777216,11,549.5667,762412688173254828
fusion8,16777216,11,560.6857,762412688173254828
btree8_bl,16777216,11,200.3174,762412688173254828
fusion16_w,16777216,11,313.6963,762412688173254828
btree16_bl_a64,16777216,11,140.2817,762412688173254828
sorted_array,16777216,11,697.5601,762412688173254828
fusion8_c,16777216,12,518.6478,762412688173254828
sorted_array,16777216,12,700.0473,762412688173254828
btree8_bl_a64,16777216,12,188.4644,762412688173254828
btree8_bl,16777216,12,193.1366,762412688173254828
btree16_bl_a64,16777216,12,142.7002,762412688173254828
fusion8_bf,16777216,12,552.6093,762412688173254828
btree8_a64,16777216,12,431.7017,762412688173254828
fusion16_w,16777216,12,311.2549,762412688173254828
fusion8,16777216,12,702.3941,762412688173254828
btree8,16777216,12,536.1221,762412688173254828
fusion16_w,16777216,13,328.7125,762412688173254828
btree8_bl,16777216,13,203.6423,762412688173254828
fusion8_bf,16777216,13,669.1132,762412688173254828
btree8_bl_a64,16777216,13,222.6654,762412688173254828
btree8_a64,16777216,13,550.2686,762412688173254828
fusion8,16777216,13,719.6640,762412688173254828
btree16_bl_a64,16777216,13,150.8545,762412688173254828
sorted_array,16777216,13,657.8186,762412688173254828
btree8,16777216,13,445.0180,762412688173254828
fusion8_c,16777216,13,519.3298,762412688173254828
sorted_array,16777216,14,697.8500,762412688173254828
btree8_a64,16777216,14,442.7643,762412688173254828
btree8_bl_a64,16777216,14,193.8263,762412688173254828
fusion8_c,16777216,14,539.7827,762412688173254828
btree8_bl,16777216,14,247.0428,762412688173254828
btree8,16777216,14,452.9968,762412688173254828
fusion16_w,16777216,14,318.4753,762412688173254828
btree16_bl_a64,16777216,14,156.8024,762412688173254828
fusion8,16777216,14,573.1445,762412688173254828
fusion8_bf,16777216,14,596.2006,762412688173254828
fusion8_c,33554432,0,503.0609,11029033927968932563
btree8_bl,33554432,0,191.7313,11029033927968932563
btree8,33554432,0,432.6736,11029033927968932563
fusion8,33554432,0,575.9674,11029033927968932563
btree8_bl_a64,33554432,0,206.6711,11029033927968932563
fusion16_w,33554432,0,550.8514,11029033927968932563
btree16_bl_a64,33554432,0,484.2361,11029033927968932563
fusion8_bf,33554432,0,554.6204,11029033927968932563
sorted_array,33554432,0,754.1351,11029033927968932563
btree8_a64,33554432,0,435.7666,11029033927968932563
fusion16_w,33554432,1,576.9943,11029033927968932563
sorted_array,33554432,1,842.5110,11029033927968932563
btree8_bl_a64,33554432,1,198.4894,11029033927968932563
btree8_bl,33554432,1,200.7812,11029033927968932563
fusion8,33554432,1,632.2922,11029033927968932563
btree8,33554432,1,504.5990,11029033927968932563
fusion8_bf,33554432,1,691.8701,11029033927968932563
fusion8_c,33554432,1,598.8174,11029033927968932563
btree16_bl_a64,33554432,1,264.0167,11029033927968932563
btree8_a64,33554432,1,457.3639,11029033927968932563
sorted_array,33554432,2,783.4518,11029033927968932563
btree8,33554432,2,444.7845,11029033927968932563
fusion8_c,33554432,2,545.4941,11029033927968932563
fusion16_w,33554432,2,592.2592,11029033927968932563
btree8_a64,33554432,2,462.5824,11029033927968932563
btree16_bl_a64,33554432,2,250.3723,11029033927968932563
btree8_bl,33554432,2,195.4666,11029033927968932563
fusion8,33554432,2,629.9744,11029033927968932563
fusion8_bf,33554432,2,584.3201,11029033927968932563
btree8_bl_a64,33554432,2,187.7823,11029033927968932563
fusion16_w,33554432,3,614.1556,11029033927968932563
sorted_array,33554432,3,856.4941,11029033927968932563
fusion8,33554432,3,640.8829,11029033927968932563
btree8_bl_a64,33554432,3,226.2421,11029033927968932563
fusion8_c,33554432,3,563.5880,11029033927968932563
btree8_a64,33554432,3,461.0062,11029033927968932563
btree8,33554432,3,468.4479,11029033927968932563
btree8_bl,33554432,3,200.9186,11029033927968932563
fusion8_bf,33554432,3,619.4229,11029033927968932563
btree16_bl_a64,33554432,3,265.0345,11029033927968932563
fusion16_w,33554432,4,584.9121,11029033927968932563
btree8_bl_a64,33554432,4,187.6541,11029033927968932563
sorted_array,33554432,4,819.4656,11029033927968932563
btree8_bl,33554432,4,203.2547,11029033927968932563
fusion8,33554432,4,561.8256,11029033927968932563
fusion8_bf,33554432,4,581.2241,11029033927968932563
btree8,33554432,4,452.7328,11029033927968932563
fusion8_c,33554432,4,519.0475,11029033927968932563
btree8_a64,33554432,4,428.7109,11029033927968932563
btree16_bl_a64,33554432,4,236.4716,11029033927968932563
fusion8,33554432,5,552.9984,11029033927968932563
fusion8_c,33554432,5,509.6786,11029033927968932563
btree16_bl_a64,33554432,5,252.5345,11029033927968932563
btree8_a64,33554432,5,427.4384,11029033927968932563
btree8_bl_a64,33554432,5,180.1956,11029033927968932563
btree8_bl,33554432,5,188.4827,11029033927968932563
fusion16_w,33554432,5,544.6442,11029033927968932563
fusion8_bf,33554432,5,561.6501,11029033927968932563
sorted_array,33554432,5,850.3494,11029033927968932563
btree8,33554432,5,428.5538,11029033927968932563
fusion8_bf,33554432,6,547.4930,11029033927968932563
fusion16_w,33554432,6,581.4316,11029033927968932563
btree8,33554432,6,424.9237,11029033927968932563
btree8_bl_a64,33554432,6,180.5603,11029033927968932563
fusion8_c,33554432,6,515.5853,11029033927968932563
sorted_array,33554432,6,814.0640,11029033927968932563
fusion8,33554432,6,552.9205,11029033927968932563
btree16_bl_a64,33554432,6,244.9463,11029033927968932563
btree8_a64,33554432,6,423.7549,11029033927968932563
btree8_bl,33554432,6,190.4938,11029033927968932563
fusion16_w,33554432,7,574.3744,11029033927968932563
btree8_bl_a64,33554432,7,181.8787,11029033927968932563
btree16_bl_a64,33554432,7,237.1063,11029033927968932563
btree8_bl,33554432,7,189.1907,11029033927968932563
fusion8_c,33554432,7,507.6569,11029033927968932563
fusion8_bf,33554432,7,562.0422,11029033927968932563
sorted_array,33554432,7,871.6064,11029033927968932563
btree8_a64,33554432,7,425.0061,11029033927968932563
fusion8,33554432,7,551.4175,11029033927968932563
btree8,33554432,7,426.8570,11029033927968932563
btree8_bl_a64,33554432,8,181.9244,11029033927968932563
fusion8_c,33554432,8,512.1048,11029033927968932563
fusion8,33554432,8,547.3587,11029033927968932563
fusion8_bf,33554432,8,555.7663,11029033927968932563
btree16_bl_a64,33554432,8,250.5661,11029033927968932563
btree8_a64,33554432,8,429.3060,11029033927968932563
sorted_array,33554432,8,859.6054,11029033927968932563
btree8_bl,33554432,8,188.5300,11029033927968932563
btree8,33554432,8,424.1013,11029033927968932563
fusion16_w,33554432,8,565.2939,11029033927968932563
btree8_a64,33554432,9,428.0777,11029033927968932563
btree8_bl,33554432,9,188.0600,11029033927968932563
btree8,33554432,9,421.4142,11029033927968932563
btree16_bl_a64,33554432,9,237.6923,11029033927968932563
fusion8,33554432,9,549.1455,11029033927968932563
fusion8_c,33554432,9,494.5923,11029033927968932563
fusion8_bf,33554432,9,554.5410,11029033927968932563
sorted_array,33554432,9,854.7302,11029033927968932563
btree8_bl_a64,33554432,9,183.8455,11029033927968932563
fusion16_w,33554432,9,543.4311,11029033927968932563
btree8_a64,33554432,10,437.1155,11029033927968932563
btree16_bl_a64,33554432,10,244.2123,11029033927968932563
btree8,33554432,10,421.3654,11029033927968932563
fusion16_w,33554432,10,547.3907,11029033927968932563
sorted_array,33554432,10,864.8941,11029033927968932563
btree8_bl,33554432,10,190.0711,11029033927968932563
fusion8_c,33554432,10,516.7130,11029033927968932563
fusion8_bf,33554432,10,609.5566,11029033927968932563
fusion8,33554432,10,593.1137,11029033927968932563
btree8_bl_a64,33554432,10,183.1604,11029033927968932563
fusion8_bf,33554432,11,578.8803,11029033927968932563
fusion8,33554432,11,590.4556,11029033927968932563
btree16_bl_a64,33554432,11,266.5253,11029033927968932563
btree8_bl,33554432,11,193.5226,11029033927968932563
fusion16_w,33554432,11,581.0547,11029033927968932563
sorted_array,33554432,11,836.6638,11029033927968932563
fusion8_c,33554432,11,500.1984,11029033927968932563
btree8,33554432,11,437.3123,11029033927968932563
btree8_a64,33554432,11,424.4980,11029033927968932563
btree8_bl_a64,33554432,11,183.7936,11029033927968932563
btree8_bl,33554432,12,188.0692,11029033927968932563
fusion8_c,33554432,12,499.5346,11029033927968932563
fusion16_w,33554432,12,595.7108,11029033927968932563
btree8_a64,33554432,12,426.2405,11029033927968932563
fusion8_bf,33554432,12,553.0121,11029033927968932563
sorted_array,33554432,12,751.0651,11029033927968932563
fusion8,33554432,12,551.7273,11029033927968932563
btree8,33554432,12,425.4852,11029033927968932563
btree16_bl_a64,33554432,12,237.9028,11029033927968932563
btree8_bl_a64,33554432,12,180.6503,11029033927968932563
btree8_a64,33554432,13,426.5411,11029033927968932563
fusion8,33554432,13,564.4333,11029033927968932563
fusion8_bf,33554432,13,568.8110,11029033927968932563
btree8_bl_a64,33554432,13,191.0660,11029033927968932563
btree8_bl,33554432,13,190.7593,11029033927968932563
fusion8_c,33554432,13,503.7109,11029033927968932563
btree16_bl_a64,33554432,13,246.3058,11029033927968932563
sorted_array,33554432,13,748.2071,11029033927968932563
btree8,33554432,13,427.9678,11029033927968932563
fusion16_w,33554432,13,580.0064,11029033927968932563
fusion16_w,33554432,14,499.5132,11029033927968932563
btree8_bl_a64,33554432,14,183.6853,11029033927968932563
fusion8_c,33554432,14,498.3719,11029033927968932563
btree8_a64,33554432,14,424.5316,11029033927968932563
sorted_array,33554432,14,749.8718,11029033927968932563
fusion8,33554432,14,562.7396,11029033927968932563
btree16_bl_a64,33554432,14,245.7382,11029033927968932563
btree8_bl,33554432,14,187.2879,11029033927968932563
fusion8_bf,33554432,14,564.0518,11029033927968932563
btree8,33554432,14,429.0619,11029033927968932563
