structure,n,rep,ns_per_query,checksum
fusion8,256,0,40.8722,11530405409878601149
fusion8_c,256,0,41.9724,11530405409878601149
btree8_a64,256,0,19.9463,11530405409878601149
btree16_bl_a64,256,0,20.5933,11530405409878601149
btree8,256,0,22.1146,11530405409878601149
btree8_bl,256,0,29.6158,11530405409878601149
fusion16_w,256,0,37.4924,11530405409878601149
fusion8_bf,256,0,45.4269,11530405409878601149
btree8_bl_a64,256,0,28.1036,11530405409878601149
sorted_array,256,0,23.2025,11530405409878601149
btree8_bl,256,1,29.6371,11530405409878601149
fusion8,256,1,40.9409,11530405409878601149
btree16_bl_a64,256,1,20.6100,11530405409878601149
fusion16_w,256,1,37.7472,11530405409878601149
btree8_bl_a64,256,1,27.9816,11530405409878601149
btree8_a64,256,1,20.3278,11530405409878601149
fusion8_c,256,1,41.9052,11530405409878601149
sorted_array,256,1,23.2605,11530405409878601149
btree8,256,1,22.8806,11530405409878601149
fusion8_bf,256,1,43.5806,11530405409878601149
btree8_bl,256,2,29.6570,11530405409878601149
sorted_array,256,2,22.9828,11530405409878601149
btree16_bl_a64,256,2,20.6024,11530405409878601149
fusion8_c,256,2,41.8213,11530405409878601149
btree8_a64,256,2,21.4767,11530405409878601149
btree8,256,2,22.6151,11530405409878601149
fusion16_w,256,2,37.4847,11530405409878601149
fusion8,256,2,40.8218,11530405409878601149
fusion8_bf,256,2,43.8568,11530405409878601149
btree8_bl_a64,256,2,27.9739,11530405409878601149
fusion8_c,256,3,42.1448,11530405409878601149
fusion8_bf,256,3,43.6188,11530405409878601149
btree16_bl_a64,256,3,20.5902,11530405409878601149
btree8_bl_a64,256,3,27.9572,11530405409878601149
fusion8,256,3,40.7089,11530405409878601149
btree8,256,3,24.2676,11530405409878601149
sorted_array,256,3,23.6893,11530405409878601149
fusion16_w,256,3,37.4725,11530405409878601149
btree8_a64,256,3,21.1258,11530405409878601149
btree8_bl,256,3,29.6616,11530405409878601149
btree8_bl,256,4,29.7531,11530405409878601149
fusion16_w,256,4,37.5214,11530405409878601149
btree8_bl_a64,256,4,28.1509,11530405409878601149
btree16_bl_a64,256,4,20.5460,11530405409878601149
btree8,256,4,21.7438,11530405409878601149
fusion8,256,4,41.0385,11530405409878601149
fusion8_c,256,4,41.9510,11530405409878601149
fusion8_bf,256,4,43.4891,11530405409878601149
sorted_array,256,4,23.2162,11530405409878601149
btree8_a64,256,4,20.2469,11530405409878601149
fusion8_bf,256,5,43.5120,11530405409878601149
btree8,256,5,22.1313,11530405409878601149
btree8_a64,256,5,20.1675,11530405409878601149
btree8_bl,256,5,29.5944,11530405409878601149
btree16_bl_a64,256,5,20.5872,11530405409878601149
fusion8,256,5,40.7272,11530405409878601149
fusion16_w,256,5,37.4146,11530405409878601149
sorted_array,256,5,24.4827,11530405409878601149
btree8_bl_a64,256,5,28.1189,11530405409878601149
fusion8_c,256,5,41.9083,11530405409878601149
fusion8,256,6,41.2109,11530405409878601149
btree8_a64,256,6,21.4844,11530405409878601149
sorted_array,256,6,24.2447,11530405409878601149
btree8_bl,256,6,29.7226,11530405409878601149
btree16_bl_a64,256,6,20.5429,11530405409878601149
fusion8_bf,256,6,43.5760,11530405409878601149
fusion16_w,256,6,37.5076,11530405409878601149
btree8_bl_a64,256,6,27.9633,11530405409878601149
fusion8_c,256,6,41.8594,11530405409878601149
btree8,256,6,22.1680,11530405409878601149
fusion8_c,256,7,41.8030,11530405409878601149
fusion8_bf,256,7,43.7851,11530405409878601149
sorted_array,256,7,23.2925,11530405409878601149
btree8_bl,256,7,29.6021,11530405409878601149
btree8,256,7,21.7346,11530405409878601149
fusion16_w,256,7,37.4695,11530405409878601149
btree8_a64,256,7,20.6833,11530405409878601149
fusion8,256,7,41.0049,11530405409878601149
btree8_bl_a64,256,7,28.0090,11530405409878601149
btree16_bl_a64,256,7,20.5856,11530405409878601149
fusion8_c,256,8,41.7984,11530405409878601149
btree8_bl,256,8,29.6219,11530405409878601149
btree16_bl_a64,256,8,20.5719,11530405409878601149
fusion16_w,256,8,37.4359,11530405409878601149
btree8_bl_a64,256,8,27.9541,11530405409878601149
btree8,256,8,21.5454,11530405409878601149
btree8_a64,256,8,20.8237,11530405409878601149
fusion8_bf,256,8,43.5730,11530405409878601149
fusion8,256,8,40.7959,11530405409878601149
sorted_array,256,8,26.1871,11530405409878601149
fusion8_bf,256,9,43.8828,11530405409878601149
sorted_array,256,9,23.2346,11530405409878601149
btree8,256,9,21.6034,11530405409878601149
btree8_a64,256,9,20.3079,11530405409878601149
fusion16_w,256,9,37.5397,11530405409878601149
btree8_bl,256,9,29.8141,11530405409878601149
btree8_bl_a64,256,9,27.9755,11530405409878601149
btree16_bl_a64,256,9,20.5780,11530405409878601149
fusion8_c,256,9,41.9739,11530405409878601149
fusion8,256,9,41.0919,11530405409878601149
fusion8,256,10,40.7898,11530405409878601149
btree16_bl_a64,256,10,20.7550,11530405409878601149
btree8_bl_a64,256,10,28.0319,11530405409878601149
sorted_array,256,10,23.8098,11530405409878601149
fusion16_w,256,10,37.5351,11530405409878601149
btree8_bl,256,10,29.6539,11530405409878601149
fusion8_c,256,10,41.8564,11530405409878601149
btree8_a64,256,10,19.8196,11530405409878601149
btree8,256,10,22.7539,11530405409878601149
fusion8_bf,256,10,43.4296,11530405409878601149
fusion8,256,11,40.9729,11530405409878601149
btree8_a64,256,11,21.7545,11530405409878601149
fusion8_bf,256,11,43.7225,11530405409878601149
btree8,256,11,22.0612,11530405409878601149
btree8_bl_a64,256,11,27.9846,11530405409878601149
btree8_bl,256,11,29.6432,11530405409878601149
sorted_array,256,11,23.3887,11530405409878601149
fusion8_c,256,11,41.8121,11530405409878601149
btree16_bl_a64,256,11,20.5811,11530405409878601149
fusion16_w,256,11,37.6526,11530405409878601149
btree8_bl,256,12,29.6661,11530405409878601149
fusion16_w,256,12,37.5137,11530405409878601149
fusion8_bf,256,12,43.5486,11530405409878601149
fusion8,256,12,40.8890,11530405409878601149
sorted_array,256,12,26.0330,11530405409878601149
btree8_a64,256,12,22.4686,11530405409878601149
btree8_bl_a64,256,12,27.9907,11530405409878601149
fusion8_c,256,12,41.8579,11530405409878601149
btree16_bl_a64,256,12,20.5917,11530405409878601149
btree8,256,12,21.9986,11530405409878601149
fusion8,256,13,40.9195,11530405409878601149
fusion16_w,256,13,38.7436,11530405409878601149
btree8_a64,256,13,20.3842,11530405409878601149
fusion8_c,256,13,41.8976,11530405409878601149
btree8,256,13,22.0322,11530405409878601149
btree8_bl,256,13,29.6097,11530405409878601149
fusion8_bf,256,13,43.4265,11530405409878601149
btree16_bl_a64,256,13,20.5856,11530405409878601149
btree8_bl_a64,256,13,27.9694,11530405409878601149
sorted_array,256,13,23.2178,11530405409878601149
btree8_bl_a64,256,14,27.9633,11530405409878601149
fusion16_w,256,14,37.9669,11530405409878601149
btree8,256,14,21.6614,11530405409878601149
btree8_a64,256,14,19.9371,11530405409878601149
sorted_array,256,14,23.1918,11530405409878601149
btree8_bl,256,14,29.6555,11530405409878601149
btree16_bl_a64,256,14,20.5856,11530405409878601149
fusion8_bf,256,14,43.4814,11530405409878601149
fusion8,256,14,40.6891,11530405409878601149
fusion8_c,256,14,41.9617,11530405409878601149
fusion8_c,512,0,43.4448,16697882275220540387
btree8,512,0,24.5605,16697882275220540387
btree8_a64,512,0,23.3887,16697882275220540387
btree8_bl,512,0,28.8437,16697882275220540387
btree8_bl_a64,512,0,27.4612,16697882275220540387
fusion8,512,0,41.6580,16697882275220540387
sorted_array,512,0,29.8401,16697882275220540387
btree16_bl_a64,512,0,30.2414,16697882275220540387
fusion8_bf,512,0,44.9799,16697882275220540387
fusion16_w,512,0,50.3448,16697882275220540387
btree8_a64,512,1,22.5464,16697882275220540387
btree8,512,1,25.3113,16697882275220540387
fusion16_w,512,1,50.1953,16697882275220540387
fusion8,512,1,41.5619,16697882275220540387
btree8_bl,512,1,28.8681,16697882275220540387
btree16_bl_a64,512,1,31.2241,16697882275220540387
btree8_bl_a64,512,1,27.4582,16697882275220540387
fusion8_bf,512,1,46.5576,16697882275220540387
fusion8_c,512,1,43.4601,16697882275220540387
sorted_array,512,1,29.8080,16697882275220540387
fusion16_w,512,2,50.5417,16697882275220540387
btree8_bl_a64,512,2,27.4261,16697882275220540387
btree16_bl_a64,512,2,30.1010,16697882275220540387
fusion8_c,512,2,43.4616,16697882275220540387
fusion8_bf,512,2,44.8990,16697882275220540387
btree8_bl,512,2,28.8284,16697882275220540387
fusion8,512,2,41.6870,16697882275220540387
sorted_array,512,2,29.7165,16697882275220540387
btree8,512,2,24.3027,16697882275220540387
btree8_a64,512,2,23.2544,16697882275220540387
btree8_bl_a64,512,3,27.4338,16697882275220540387
btree8_a64,512,3,23.7976,16697882275220540387
sorted_array,512,3,28.7125,16697882275220540387
fusion8_c,512,3,43.5837,16697882275220540387
btree8,512,3,24.4431,16697882275220540387
fusion8,512,3,41.6214,16697882275220540387
fusion8_bf,512,3,44.9066,16697882275220540387
btree8_bl,512,3,28.8406,16697882275220540387
fusion16_w,512,3,50.4471,16697882275220540387
btree16_bl_a64,512,3,30.4840,16697882275220540387
fusion8_c,512,4,43.5715,16697882275220540387
btree8_bl,512,4,28.9093,16697882275220540387
btree16_bl_a64,512,4,30.2185,16697882275220540387
btree8,512,4,24.1577,16697882275220540387
btree8_bl_a64,512,4,27.4475,16697882275220540387
sorted_array,512,4,28.4851,16697882275220540387
btree8_a64,512,4,25.0076,16697882275220540387
fusion8_bf,512,4,44.9432,16697882275220540387
fusion16_w,512,4,50.4227,16697882275220540387
fusion8,512,4,41.7297,16697882275220540387
btree8_bl_a64,512,5,27.4475,16697882275220540387
btree8_bl,512,5,28.8422,16697882275220540387
fusion8_c,512,5,43.5516,16697882275220540387
btree16_bl_a64,512,5,30.3406,16697882275220540387
btree8,512,5,25.3204,16697882275220540387
btree8_a64,512,5,22.4548,16697882275220540387
fusion16_w,512,5,50.4288,16697882275220540387
sorted_array,512,5,29.4189,16697882275220540387
fusion8_bf,512,5,45.3079,16697882275220540387
fusion8,512,5,41.6458,16697882275220540387
fusion8,512,6,41.4139,16697882275220540387
btree8,512,6,25.7416,16697882275220540387
sorted_array,512,6,29.5303,16697882275220540387
btree16_bl_a64,512,6,30.4291,16697882275220540387
fusion16_w,512,6,50.4761,16697882275220540387
fusion8_c,512,6,43.4647,16697882275220540387
btree8_bl_a64,512,6,27.4399,16697882275220540387
btree8_a64,512,6,22.4792,16697882275220540387
btree8_bl,512,6,29.8843,16697882275220540387
fusion8_bf,512,6,44.9905,16697882275220540387
btree8,512,7,24.7055,16697882275220540387
btree8_a64,512,7,23.7930,16697882275220540387
fusion8_c,512,7,43.4067,16697882275220540387
fusion8_bf,512,7,45.1004,16697882275220540387
fusion8,512,7,41.6183,16697882275220540387
btree8_bl_a64,512,7,27.4551,16697882275220540387
fusion16_w,512,7,50.5081,16697882275220540387
btree16_bl_a64,512,7,30.3604,16697882275220540387
sorted_array,512,7,28.6697,16697882275220540387
btree8_bl,512,7,28.8757,16697882275220540387
sorted_array,512,8,28.3096,16697882275220540387
btree8_bl,512,8,29.0558,16697882275220540387
btree8_bl_a64,512,8,27.4338,16697882275220540387
btree16_bl_a64,512,8,30.3833,16697882275220540387
fusion8_bf,512,8,44.9844,16697882275220540387
fusion8,512,8,41.5939,16697882275220540387
fusion16_w,512,8,50.5325,16697882275220540387
fusion8_c,512,8,43.5852,16697882275220540387
btree8_a64,512,8,22.6425,16697882275220540387
btree8,512,8,25.6439,16697882275220540387
btree8_bl_a64,512,9,27.4445,16697882275220540387
btree8,512,9,23.7823,16697882275220540387
fusion16_w,512,9,50.4868,16697882275220540387
fusion8_c,512,9,43.4891,16697882275220540387
sorted_array,512,9,28.8330,16697882275220540387
btree8_a64,512,9,22.8271,16697882275220540387
btree16_bl_a64,512,9,30.3574,16697882275220540387
fusion8,512,9,41.7053,16697882275220540387
btree8_bl,512,9,28.8589,16697882275220540387
fusion8_bf,512,9,44.8944,16697882275220540387
btree8_bl,512,10,28.8391,16697882275220540387
btree8,512,10,24.4308,16697882275220540387
fusion8_c,512,10,43.4265,16697882275220540387
btree8_bl_a64,512,10,27.4078,16697882275220540387
btree8_a64,512,10,23.9883,16697882275220540387
sorted_array,512,10,28.9948,16697882275220540387
fusion16_w,512,10,50.5005,16697882275220540387
fusion8,512,10,41.6031,16697882275220540387
btree16_bl_a64,512,10,30.3940,16697882275220540387
fusion8_bf,512,10,44.9112,16697882275220540387
btree8_bl_a64,512,11,27.4612,16697882275220540387
fusion8_bf,512,11,44.9265,16697882275220540387
fusion8_c,512,11,43.4204,16697882275220540387
btree8_a64,512,11,23.2620,16697882275220540387
btree8_bl,512,11,28.8406,16697882275220540387
btree16_bl_a64,512,11,30.2948,16697882275220540387
fusion8,512,11,41.5833,16697882275220540387
fusion16_w,512,11,50.3891,16697882275220540387
sorted_array,512,11,28.9520,16697882275220540387
btree8,512,11,24.5438,16697882275220540387
btree8_bl_a64,512,12,27.4094,16697882275220540387
fusion8_bf,512,12,45.9763,16697882275220540387
fusion8_c,512,12,43.6234,16697882275220540387
btree8,512,12,25.4547,16697882275220540387
fusion8,512,12,41.5604,16697882275220540387
btree8_bl,512,12,28.8483,16697882275220540387
btree16_bl_a64,512,12,30.2734,16697882275220540387
btree8_a64,512,12,22.8928,16697882275220540387
sorted_array,512,12,29.8431,16697882275220540387
fusion16_w,512,12,50.6912,16697882275220540387
btree8,512,13,24.3515,16697882275220540387
fusion16_w,512,13,50.2884,16697882275220540387
btree8_a64,512,13,22.6547,16697882275220540387
sorted_array,512,13,28.7781,16697882275220540387
fusion8_bf,512,13,44.9432,16697882275220540387
fusion8,512,13,41.5588,16697882275220540387
btree8_bl,512,13,28.8437,16697882275220540387
btree16_bl_a64,512,13,30.3040,16697882275220540387
btree8_bl_a64,512,13,27.4246,16697882275220540387
fusion8_c,512,13,43.4753,16697882275220540387
btree8_bl_a64,512,14,27.4094,16697882275220540387
fusion8_bf,512,14,44.8608,16697882275220540387
btree8_a64,512,14,23.6343,16697882275220540387
btree8_bl,512,14,28.8406,16697882275220540387
btree16_bl_a64,512,14,30.3375,16697882275220540387
fusion16_w,512,14,50.4547,16697882275220540387
btree8,512,14,25.4608,16697882275220540387
fusion8_c,512,14,43.5730,16697882275220540387
sorted_array,512,14,29.7638,16697882275220540387
fusion8,512,14,41.8549,16697882275220540387
btree8,1024,0,30.0613,1822299186294993737
fusion16_w,1024,0,55.4962,1822299186294993737
btree8_a64,1024,0,28.1693,1822299186294993737
btree8_bl,1024,0,36.2488,1822299186294993737
fusion8_bf,1024,0,54.1336,1822299186294993737
fusion8,1024,0,50.4395,1822299186294993737
btree8_bl_a64,1024,0,33.9386,1822299186294993737
fusion8_c,1024,0,52.0020,1822299186294993737
sorted_array,1024,0,34.4589,1822299186294993737
btree16_bl_a64,1024,0,32.3761,1822299186294993737
btree8,1024,1,27.8534,1822299186294993737
fusion8,1024,1,50.2441,1822299186294993737
fusion8_bf,1024,1,54.1779,1822299186294993737
fusion8_c,1024,1,52.3010,1822299186294993737
fusion16_w,1024,1,55.8563,1822299186294993737
btree8_bl,1024,1,36.3159,1822299186294993737
sorted_array,1024,1,34.5444,1822299186294993737
btree16_bl_a64,1024,1,32.2235,1822299186294993737
btree8_bl_a64,1024,1,34.0561,1822299186294993737
btree8_a64,1024,1,26.9852,1822299186294993737
btree8,1024,2,29.5929,1822299186294993737
fusion8_bf,1024,2,54.2175,1822299186294993737
btree8_a64,1024,2,27.7313,1822299186294993737
btree8_bl,1024,2,36.3510,1822299186294993737
btree16_bl_a64,1024,2,32.1045,1822299186294993737
fusion8_c,1024,2,52.1790,1822299186294993737
fusion16_w,1024,2,57.0023,1822299186294993737
fusion8,1024,2,50.3967,1822299186294993737
sorted_array,1024,2,34.7488,1822299186294993737
btree8_bl_a64,1024,2,33.9355,1822299186294993737
sorted_array,1024,3,35.4996,1822299186294993737
fusion8_c,1024,3,51.8555,1822299186294993737
fusion16_w,1024,3,55.6717,1822299186294993737
btree16_bl_a64,1024,3,32.1823,1822299186294993737
fusion8,1024,3,49.8596,1822299186294993737
btree8_bl_a64,1024,3,33.9569,1822299186294993737
btree8_a64,1024,3,26.2970,1822299186294993737
fusion8_bf,1024,3,54.3289,1822299186294993737
btree8_bl,1024,3,36.2976,1822299186294993737
btree8,1024,3,29.0710,1822299186294993737
btree8_a64,1024,4,25.7278,1822299186294993737
btree8,1024,4,28.7476,1822299186294993737
fusion8_c,1024,4,51.8097,1822299186294993737
btree8_bl,1024,4,36.1130,1822299186294993737
sorted_array,1024,4,34.4727,1822299186294993737
fusion8_bf,1024,4,55.2933,1822299186294993737
btree8_bl_a64,1024,4,33.8028,1822299186294993737
btree16_bl_a64,1024,4,32.1442,1822299186294993737
fusion16_w,1024,4,55.5756,1822299186294993737
fusion8,1024,4,50.1144,1822299186294993737
fusion8,1024,5,49.8734,1822299186294993737
btree16_bl_a64,1024,5,32.0724,1822299186294993737
fusion16_w,1024,5,55.3436,1822299186294993737
btree8_bl,1024,5,36.2747,1822299186294993737
btree8_a64,1024,5,29.9286,1822299186294993737
fusion8_c,1024,5,51.7990,1822299186294993737
btree8,1024,5,29.4891,1822299186294993737
fusion8_bf,1024,5,54.1245,1822299186294993737
btree8_bl_a64,1024,5,33.8623,1822299186294993737
sorted_array,1024,5,34.4803,1822299186294993737
fusion16_w,1024,6,56.1218,1822299186294993737
btree8_bl,1024,6,36.7157,1822299186294993737
fusion8,1024,6,50.1938,1822299186294993737
btree8_a64,1024,6,27.0004,1822299186294993737
btree8,1024,6,28.9093,1822299186294993737
fusion8_c,1024,6,51.8295,1822299186294993737
sorted_array,1024,6,34.4818,1822299186294993737
btree8_bl_a64,1024,6,36.1389,1822299186294993737
btree16_bl_a64,1024,6,33.0704,1822299186294993737
fusion8_bf,1024,6,54.0939,1822299186294993737
sorted_array,1024,7,34.5947,1822299186294993737
fusion8_c,1024,7,52.5665,1822299186294993737
fusion8,1024,7,50.3922,1822299186294993737
btree16_bl_a64,1024,7,32.0587,1822299186294993737
fusion16_w,1024,7,55.5038,1822299186294993737
btree8,1024,7,29.1336,1822299186294993737
btree8_bl_a64,1024,7,33.8806,1822299186294993737
btree8_bl,1024,7,36.2106,1822299186294993737
btree8_a64,1024,7,27.8030,1822299186294993737
fusion8_bf,1024,7,54.0680,1822299186294993737
fusion8,1024,8,49.8398,1822299186294993737
btree8_bl,1024,8,36.1954,1822299186294993737
btree8_bl_a64,1024,8,33.8120,1822299186294993737
fusion8_c,1024,8,51.9882,1822299186294993737
fusion8_bf,1024,8,53.9551,1822299186294993737
btree16_bl_a64,1024,8,32.1579,1822299186294993737
sorted_array,1024,8,34.8083,1822299186294993737
btree8_a64,1024,8,28.6301,1822299186294993737
fusion16_w,1024,8,55.2338,1822299186294993737
btree8,1024,8,28.9444,1822299186294993737
fusion16_w,1024,9,56.5353,1822299186294993737
fusion8,1024,9,50.0885,1822299186294993737
btree8_a64,1024,9,26.1490,1822299186294993737
fusion8_bf,1024,9,54.2221,1822299186294993737
btree16_bl_a64,1024,9,32.1259,1822299186294993737
btree8_bl_a64,1024,9,34.2300,1822299186294993737
btree8_bl,1024,9,36.1938,1822299186294993737
fusion8_c,1024,9,51.8524,1822299186294993737
btree8,1024,9,28.7338,1822299186294993737
sorted_array,1024,9,35.2234,1822299186294993737
fusion8,1024,10,49.9695,1822299186294993737
btree16_bl_a64,1024,10,32.2571,1822299186294993737
fusion8_c,1024,10,52.1210,1822299186294993737
fusion8_bf,1024,10,54.4144,1822299186294993737
fusion16_w,1024,10,55.4718,1822299186294993737
btree8,1024,10,29.0100,1822299186294993737
sorted_array,1024,10,34.5673,1822299186294993737
btree8_bl,1024,10,36.3083,1822299186294993737
btree8_a64,1024,10,28.4073,1822299186294993737
btree8_bl_a64,1024,10,33.8989,1822299186294993737
btree8_bl_a64,1024,11,33.7341,1822299186294993737
sorted_array,1024,11,34.5047,1822299186294993737
btree8,1024,11,28.1189,1822299186294993737
fusion8,1024,11,50.1312,1822299186294993737
fusion8_bf,1024,11,54.0558,1822299186294993737
btree16_bl_a64,1024,11,32.1091,1822299186294993737
fusion16_w,1024,11,55.3772,1822299186294993737
btree8_a64,1024,11,26.0834,1822299186294993737
fusion8_c,1024,11,51.8295,1822299186294993737
btree8_bl,1024,11,36.0947,1822299186294993737
fusion16_w,1024,12,55.4535,1822299186294993737
fusion8,1024,12,49.8383,1822299186294993737
btree16_bl_a64,1024,12,32.1152,1822299186294993737
fusion8_bf,1024,12,54.8752,1822299186294993737
btree8_a64,1024,12,27.0096,1822299186294993737
sorted_array,1024,12,35.1547,1822299186294993737
btree8_bl_a64,1024,12,33.9447,1822299186294993737
btree8_bl,1024,12,36.2991,1822299186294993737
btree8,1024,12,28.7979,1822299186294993737
fusion8_c,1024,12,51.7609,1822299186294993737
btree8_bl,1024,13,36.0657,1822299186294993737
btree8,1024,13,27.9312,1822299186294993737
fusion16_w,1024,13,55.4199,1822299186294993737
sorted_array,1024,13,34.9365,1822299186294993737
btree8_bl_a64,1024,13,33.9096,1822299186294993737
fusion8_bf,1024,13,54.2648,1822299186294993737
btree16_bl_a64,1024,13,32.1014,1822299186294993737
fusion8_c,1024,13,51.8799,1822299186294993737
btree8_a64,1024,13,27.2049,1822299186294993737
fusion8,1024,13,49.9084,1822299186294993737
btree16_bl_a64,1024,14,32.0755,1822299186294993737
fusion8,1024,14,49.2126,1822299186294993737
sorted_array,1024,14,35.4752,1822299186294993737
fusion8_c,1024,14,53.8635,1822299186294993737
btree8,1024,14,27.8061,1822299186294993737
btree8_bl_a64,1024,14,33.8959,1822299186294993737
btree8_bl,1024,14,36.1633,1822299186294993737
fusion16_w,1024,14,55.3787,1822299186294993737
btree8_a64,1024,14,26.9699,1822299186294993737
fusion8_bf,1024,14,54.2343,1822299186294993737
fusion8,2048,0,57.2647,6787589965792239204
fusion16_w,2048,0,58.4457,6787589965792239204
btree8_bl_a64,2048,0,37.1460,6787589965792239204
btree8_bl,2048,0,39.8483,6787589965792239204
fusion8_c,2048,0,57.9178,6787589965792239204
btree16_bl_a64,2048,0,31.5216,6787589965792239204
sorted_array,2048,0,39.9338,6787589965792239204
btree8_a64,2048,0,33.7799,6787589965792239204
btree8,2048,0,33.1207,6787589965792239204
fusion8_bf,2048,0,61.5372,6787589965792239204
fusion8,2048,1,57.2266,6787589965792239204
btree16_bl_a64,2048,1,31.4972,6787589965792239204
sorted_array,2048,1,39.8453,6787589965792239204
btree8_a64,2048,1,33.6517,6787589965792239204
btree8,2048,1,33.7036,6787589965792239204
fusion16_w,2048,1,58.5464,6787589965792239204
fusion8_bf,2048,1,60.2936,6787589965792239204
fusion8_c,2048,1,57.6294,6787589965792239204
btree8_bl,2048,1,41.3864,6787589965792239204
btree8_bl_a64,2048,1,37.1170,6787589965792239204
fusion16_w,2048,2,58.4641,6787589965792239204
btree16_bl_a64,2048,2,31.5109,6787589965792239204
btree8,2048,2,32.0969,6787589965792239204
fusion8_c,2048,2,57.7652,6787589965792239204
sorted_array,2048,2,39.4257,6787589965792239204
btree8_a64,2048,2,30.2292,6787589965792239204
fusion8,2048,2,57.3059,6787589965792239204
fusion8_bf,2048,2,60.3470,6787589965792239204
btree8_bl,2048,2,39.8148,6787589965792239204
btree8_bl_a64,2048,2,38.5056,6787589965792239204
btree8_bl,2048,3,39.8361,6787589965792239204
fusion8_c,2048,3,57.7316,6787589965792239204
sorted_array,2048,3,40.7944,6787589965792239204
btree8_a64,2048,3,32.8461,6787589965792239204
fusion8_bf,2048,3,60.1974,6787589965792239204
btree16_bl_a64,2048,3,31.5109,6787589965792239204
btree8_bl_a64,2048,3,37.0941,6787589965792239204
btree8,2048,3,32.2205,6787589965792239204
fusion16_w,2048,3,58.4854,6787589965792239204
fusion8,2048,3,58.7570,6787589965792239204
btree16_bl_a64,2048,4,31.5399,6787589965792239204
sorted_array,2048,4,40.5319,6787589965792239204
fusion16_w,2048,4,58.6807,6787589965792239204
btree8_bl,2048,4,40.7928,6787589965792239204
btree8_bl_a64,2048,4,37.2238,6787589965792239204
fusion8,2048,4,57.0526,6787589965792239204
btree8_a64,2048,4,30.2994,6787589965792239204
fusion8_bf,2048,4,60.2631,6787589965792239204
btree8,2048,4,32.9498,6787589965792239204
fusion8_c,2048,4,58.9386,6787589965792239204
fusion8,2048,5,57.4295,6787589965792239204
btree8_bl,2048,5,39.8880,6787589965792239204
btree8,2048,5,32.1548,6787589965792239204
fusion8_c,2048,5,57.6599,6787589965792239204
sorted_array,2048,5,39.5279,6787589965792239204
btree8_a64,2048,5,31.0608,6787589965792239204
btree16_bl_a64,2048,5,31.5506,6787589965792239204
btree8_bl_a64,2048,5,37.0972,6787589965792239204
fusion8_bf,2048,5,60.2615,6787589965792239204
fusion16_w,2048,5,58.4946,6787589965792239204
btree8,2048,6,33.5541,6787589965792239204
sorted_array,2048,6,40.2191,6787589965792239204
fusion8,2048,6,58.9706,6787589965792239204
btree8_bl_a64,2048,6,37.1353,6787589965792239204
fusion8_c,2048,6,57.7133,6787589965792239204
fusion8_bf,2048,6,60.6445,6787589965792239204
fusion16_w,2048,6,58.4518,6787589965792239204
btree16_bl_a64,2048,6,31.5353,6787589965792239204
btree8_a64,2048,6,30.2002,6787589965792239204
btree8_bl,2048,6,39.8422,6787589965792239204
fusion8_bf,2048,7,60.8200,6787589965792239204
btree8,2048,7,32.0145,6787589965792239204
btree8_bl,2048,7,39.8392,6787589965792239204
btree16_bl_a64,2048,7,31.4774,6787589965792239204
btree8_bl_a64,2048,7,37.0636,6787589965792239204
fusion8_c,2048,7,57.6599,6787589965792239204
btree8_a64,2048,7,31.0944,6787589965792239204
sorted_array,2048,7,40.8508,6787589965792239204
fusion16_w,2048,7,58.4930,6787589965792239204
fusion8,2048,7,57.2144,6787589965792239204
fusion16_w,2048,8,58.4961,6787589965792239204
btree8,2048,8,34.1965,6787589965792239204
btree8_bl_a64,2048,8,37.1078,6787589965792239204
fusion8_c,2048,8,57.7103,6787589965792239204
btree8_bl,2048,8,39.7888,6787589965792239204
btree8_a64,2048,8,30.3696,6787589965792239204
fusion8_bf,2048,8,60.2081,6787589965792239204
btree16_bl_a64,2048,8,31.5155,6787589965792239204
sorted_array,2048,8,40.1794,6787589965792239204
fusion8,2048,8,57.8247,6787589965792239204
btree8_a64,2048,9,32.3044,6787589965792239204
fusion8,2048,9,56.8771,6787589965792239204
btree8,2048,9,32.5302,6787589965792239204
fusion16_w,2048,9,58.6060,6787589965792239204
btree16_bl_a64,2048,9,31.5140,6787589965792239204
btree8_bl,2048,9,39.7919,6787589965792239204
btree8_bl_a64,2048,9,37.1170,6787589965792239204
fusion8_bf,2048,9,60.2142,6787589965792239204
sorted_array,2048,9,40.2924,6787589965792239204
fusion8_c,2048,9,57.7713,6787589965792239204
btree16_bl_a64,2048,10,31.4972,6787589965792239204
sorted_array,2048,10,39.6942,6787589965792239204
btree8_bl,2048,10,39.9124,6787589965792239204
fusion8_c,2048,10,58.1696,6787589965792239204
fusion8,2048,10,57.2464,6787589965792239204
btree8,2048,10,34.1858,6787589965792239204
fusion16_w,2048,10,58.5846,6787589965792239204
btree8_bl_a64,2048,10,37.1109,6787589965792239204
fusion8_bf,2048,10,60.1593,6787589965792239204
btree8_a64,2048,10,31.5369,6787589965792239204
btree8,2048,11,33.7509,6787589965792239204
btree8_bl_a64,2048,11,37.2467,6787589965792239204
btree8_a64,2048,11,31.7032,6787589965792239204
fusion8_bf,2048,11,60.2600,6787589965792239204
btree8_bl,2048,11,39.7903,6787589965792239204
fusion8_c,2048,11,57.7682,6787589965792239204
fusion16_w,2048,11,58.4229,6787589965792239204
btree16_bl_a64,2048,11,31.5384,6787589965792239204
fusion8,2048,11,57.0251,6787589965792239204
sorted_array,2048,11,41.1438,6787589965792239204
sorted_array,2048,12,39.6896,6787589965792239204
btree16_bl_a64,2048,12,31.6055,6787589965792239204
btree8_bl_a64,2048,12,37.0956,6787589965792239204
fusion8_c,2048,12,57.8308,6787589965792239204
btree8_bl,2048,12,39.7949,6787589965792239204
btree8,2048,12,32.1304,6787589965792239204
fusion8_bf,2048,12,60.3088,6787589965792239204
fusion16_w,2048,12,58.4579,6787589965792239204
btree8_a64,2048,12,32.2510,6787589965792239204
fusion8,2048,12,57.1716,6787589965792239204
fusion16_w,2048,13,58.3694,6787589965792239204
btree8_bl,2048,13,39.9963,6787589965792239204
fusion8,2048,13,56.9489,6787589965792239204
btree16_bl_a64,2048,13,31.5216,6787589965792239204
fusion8_c,2048,13,57.6294,6787589965792239204
btree8_a64,2048,13,30.6168,6787589965792239204
btree8,2048,13,33.8242,6787589965792239204
sorted_array,2048,13,39.3875,6787589965792239204
btree8_bl_a64,2048,13,37.1582,6787589965792239204
fusion8_bf,2048,13,60.2661,6787589965792239204
btree8_bl,2048,14,39.8666,6787589965792239204
btree16_bl_a64,2048,14,32.0389,6787589965792239204
btree8,2048,14,32.5180,6787589965792239204
fusion8_bf,2048,14,60.2219,6787589965792239204
fusion8,2048,14,57.0984,6787589965792239204
btree8_a64,2048,14,32.1167,6787589965792239204
btree8_bl_a64,2048,14,37.2116,6787589965792239204
sorted_array,2048,14,39.4043,6787589965792239204
fusion16_w,2048,14,58.6151,6787589965792239204
fusion8_c,2048,14,57.8049,6787589965792239204
sorted_array,4096,0,45.4361,1914815765761774336
btree8,4096,0,35.4187,1914815765761774336
fusion8_c,4096,0,59.7397,1914815765761774336
fusion8_bf,4096,0,62.8006,1914815765761774336
btree8_bl,4096,0,39.3051,1914815765761774336
fusion16_w,4096,0,60.0159,1914815765761774336
fusion8,4096,0,60.4736,1914815765761774336
btree8_bl_a64,4096,0,37.3001,1914815765761774336
btree16_bl_a64,4096,0,31.3232,1914815765761774336
btree8_a64,4096,0,33.5785,1914815765761774336
fusion16_w,4096,1,58.7067,1914815765761774336
btree16_bl_a64,4096,1,31.2805,1914815765761774336
btree8_bl,4096,1,39.4089,1914815765761774336
btree8_bl_a64,4096,1,37.1262,1914815765761774336
btree8_a64,4096,1,34.3323,1914815765761774336
fusion8_bf,4096,1,63.3209,1914815765761774336
sorted_array,4096,1,45.1096,1914815765761774336
fusion8_c,4096,1,60.9573,1914815765761774336
fusion8,4096,1,60.5057,1914815765761774336
btree8,4096,1,38.1317,1914815765761774336
btree8_bl,4096,2,41.6626,1914815765761774336
fusion8_bf,4096,2,62.8769,1914815765761774336
btree8_bl_a64,4096,2,37.2650,1914815765761774336
fusion16_w,4096,2,58.7769,1914815765761774336
btree8_a64,4096,2,34.8511,1914815765761774336
btree8,4096,2,36.3708,1914815765761774336
btree16_bl_a64,4096,2,31.4041,1914815765761774336
fusion8_c,4096,2,59.8007,1914815765761774336
fusion8,4096,2,60.3119,1914815765761774336
sorted_array,4096,2,45.7993,1914815765761774336
fusion8_c,4096,3,59.7534,1914815765761774336
fusion8_bf,4096,3,62.6617,1914815765761774336
btree8,4096,3,36.5631,1914815765761774336
fusion8,4096,3,60.0342,1914815765761774336
btree16_bl_a64,4096,3,31.2180,1914815765761774336
btree8_bl,4096,3,39.4089,1914815765761774336
sorted_array,4096,3,44.2947,1914815765761774336
fusion16_w,4096,3,58.9722,1914815765761774336
btree8_a64,4096,3,33.8623,1914815765761774336
btree8_bl_a64,4096,3,36.9858,1914815765761774336
btree8_bl,4096,4,39.3005,1914815765761774336
fusion8_c,4096,4,59.6588,1914815765761774336
fusion8,4096,4,61.8927,1914815765761774336
btree8_bl_a64,4096,4,36.9568,1914815765761774336
btree8,4096,4,35.3989,1914815765761774336
sorted_array,4096,4,45.0912,1914815765761774336
fusion16_w,4096,4,58.8715,1914815765761774336
btree16_bl_a64,4096,4,31.1829,1914815765761774336
fusion8_bf,4096,4,62.6968,1914815765761774336
btree8_a64,4096,4,35.8658,1914815765761774336
btree8_bl_a64,4096,5,36.9949,1914815765761774336
btree16_bl_a64,4096,5,31.1813,1914815765761774336
fusion8_c,4096,5,60.7529,1914815765761774336
btree8,4096,5,35.6812,1914815765761774336
fusion16_w,4096,5,58.7982,1914815765761774336
btree8_bl,4096,5,39.3631,1914815765761774336
sorted_array,4096,5,44.3802,1914815765761774336
btree8_a64,4096,5,32.9178,1914815765761774336
fusion8,4096,5,60.4416,1914815765761774336
fusion8_bf,4096,5,62.7884,1914815765761774336
fusion8_bf,4096,6,62.5092,1914815765761774336
btree8_bl,4096,6,39.2563,1914815765761774336
sorted_array,4096,6,45.0668,1914815765761774336
btree8,4096,6,35.7529,1914815765761774336
fusion16_w,4096,6,58.7906,1914815765761774336
btree16_bl_a64,4096,6,31.2531,1914815765761774336
btree8_a64,4096,6,33.8394,1914815765761774336
fusion8,4096,6,60.3210,1914815765761774336
fusion8_c,4096,6,59.8053,1914815765761774336
btree8_bl_a64,4096,6,36.9629,1914815765761774336
btree8,4096,7,35.2844,1914815765761774336
sorted_array,4096,7,44.2642,1914815765761774336
fusion8_c,4096,7,59.7794,1914815765761774336
fusion16_w,4096,7,58.6472,1914815765761774336
btree8_bl_a64,4096,7,37.1429,1914815765761774336
btree8_a64,4096,7,34.2789,1914815765761774336
fusion8_bf,4096,7,62.5763,1914815765761774336
btree16_bl_a64,4096,7,31.2119,1914815765761774336
btree8_bl,4096,7,39.2288,1914815765761774336
fusion8,4096,7,60.0540,1914815765761774336
btree8,4096,8,36.9385,1914815765761774336
btree8_a64,4096,8,33.8562,1914815765761774336
fusion8_c,4096,8,59.7992,1914815765761774336
sorted_array,4096,8,45.3369,1914815765761774336
btree16_bl_a64,4096,8,31.2027,1914815765761774336
btree8_bl_a64,4096,8,37.0178,1914815765761774336
fusion8_bf,4096,8,62.6144,1914815765761774336
fusion16_w,4096,8,59.2758,1914815765761774336
btree8_bl,4096,8,39.4608,1914815765761774336
fusion8,4096,8,60.1898,1914815765761774336
fusion16_w,4096,9,58.8272,1914815765761774336
btree8_a64,4096,9,33.3008,1914815765761774336
sorted_array,4096,9,44.4977,1914815765761774336
btree8_bl_a64,4096,9,36.9873,1914815765761774336
btree8,4096,9,35.6369,1914815765761774336
fusion8_bf,4096,9,62.5153,1914815765761774336
fusion8_c,4096,9,59.6649,1914815765761774336
fusion8,4096,9,60.0327,1914815765761774336
btree8_bl,4096,9,39.2380,1914815765761774336
btree16_bl_a64,4096,9,31.2622,1914815765761774336
sorted_array,4096,10,44.8334,1914815765761774336
fusion16_w,4096,10,58.9249,1914815765761774336
fusion8,4096,10,60.2005,1914815765761774336
btree8_bl_a64,4096,10,37.0270,1914815765761774336
fusion8_c,4096,10,59.7061,1914815765761774336
btree8_a64,4096,10,33.7677,1914815765761774336
btree8,4096,10,36.1755,1914815765761774336
btree8_bl,4096,10,39.2426,1914815765761774336
btree16_bl_a64,4096,10,31.1920,1914815765761774336
fusion8_bf,4096,10,62.8296,1914815765761774336
btree8_bl,4096,11,39.9734,1914815765761774336
btree8_a64,4096,11,34.4910,1914815765761774336
fusion8,4096,11,60.2798,1914815765761774336
btree8_bl_a64,4096,11,37.0117,1914815765761774336
fusion8_c,4096,11,59.6848,1914815765761774336
fusion8_bf,4096,11,62.7960,1914815765761774336
btree16_bl_a64,4096,11,31.1813,1914815765761774336
btree8,4096,11,36.2335,1914815765761774336
fusion16_w,4096,11,58.5663,1914815765761774336
sorted_array,4096,11,44.7830,1914815765761774336
btree8_bl_a64,4096,12,37.0056,1914815765761774336
fusion8_c,4096,12,59.8297,1914815765761774336
btree8_a64,4096,12,35.2112,1914815765761774336
btree16_bl_a64,4096,12,31.1768,1914815765761774336
btree8_bl,4096,12,39.2242,1914815765761774336
btree8,4096,12,35.3119,1914815765761774336
fusion8_bf,4096,12,62.8860,1914815765761774336
fusion8,4096,12,60.1868,1914815765761774336
fusion16_w,4096,12,58.6700,1914815765761774336
sorted_array,4096,12,44.7556,1914815765761774336
btree8_a64,4096,13,37.3764,1914815765761774336
fusion8,4096,13,61.2579,1914815765761774336
btree8_bl,4096,13,39.1953,1914815765761774336
sorted_array,4096,13,43.7180,1914815765761774336
btree8_bl_a64,4096,13,36.9919,1914815765761774336
fusion16_w,4096,13,58.6899,1914815765761774336
btree8,4096,13,35.9283,1914815765761774336
fusion8_bf,4096,13,62.7869,1914815765761774336
btree16_bl_a64,4096,13,31.1996,1914815765761774336
fusion8_c,4096,13,59.6115,1914815765761774336
btree8_bl_a64,4096,14,37.0102,1914815765761774336
fusion8,4096,14,61.3205,1914815765761774336
fusion16_w,4096,14,59.1690,1914815765761774336
fusion8_c,4096,14,59.8740,1914815765761774336
btree8_bl,4096,14,39.2014,1914815765761774336
fusion8_bf,4096,14,62.5504,1914815765761774336
btree16_bl_a64,4096,14,31.3522,1914815765761774336
btree8,4096,14,36.1359,1914815765761774336
btree8_a64,4096,14,34.5154,1914815765761774336
sorted_array,4096,14,45.1904,1914815765761774336
fusion8_bf,8192,0,73.4818,6370395544211917414
fusion8_c,8192,0,68.1641,6370395544211917414
sorted_array,8192,0,49.7940,6370395544211917414
btree8_bl,8192,0,46.9040,6370395544211917414
btree8,8192,0,40.0574,6370395544211917414
btree16_bl_a64,8192,0,45.4742,6370395544211917414
btree8_bl_a64,8192,0,42.7353,6370395544211917414
fusion8,8192,0,68.8370,6370395544211917414
btree8_a64,8192,0,38.4430,6370395544211917414
fusion16_w,8192,0,75.0381,6370395544211917414
fusion8_bf,8192,1,72.4579,6370395544211917414
btree8_a64,8192,1,38.6948,6370395544211917414
fusion8_c,8192,1,68.1610,6370395544211917414
fusion16_w,8192,1,74.4186,6370395544211917414
sorted_array,8192,1,50.6409,6370395544211917414
btree16_bl_a64,8192,1,45.1813,6370395544211917414
btree8_bl_a64,8192,1,42.4103,6370395544211917414
btree8,8192,1,40.0284,6370395544211917414
btree8_bl,8192,1,45.1614,6370395544211917414
fusion8,8192,1,67.4225,6370395544211917414
btree16_bl_a64,8192,2,44.5862,6370395544211917414
btree8_a64,8192,2,38.0829,6370395544211917414
fusion8,8192,2,67.1494,6370395544211917414
sorted_array,8192,2,49.7482,6370395544211917414
fusion8_c,8192,2,67.9733,6370395544211917414
btree8_bl_a64,8192,2,42.0959,6370395544211917414
fusion16_w,8192,2,74.9603,6370395544211917414
fusion8_bf,8192,2,73.0164,6370395544211917414
btree8_bl,8192,2,44.8395,6370395544211917414
btree8,8192,2,39.8712,6370395544211917414
fusion8_bf,8192,3,72.0612,6370395544211917414
btree8,8192,3,39.2548,6370395544211917414
btree16_bl_a64,8192,3,45.1157,6370395544211917414
btree8_a64,8192,3,37.2787,6370395544211917414
btree8_bl,8192,3,44.8685,6370395544211917414
fusion8_c,8192,3,68.0573,6370395544211917414
sorted_array,8192,3,49.8718,6370395544211917414
fusion16_w,8192,3,76.1078,6370395544211917414
fusion8,8192,3,67.6834,6370395544211917414
btree8_bl_a64,8192,3,42.6041,6370395544211917414
btree8_bl,8192,4,44.9265,6370395544211917414
btree8,8192,4,39.9017,6370395544211917414
btree8_a64,8192,4,36.7569,6370395544211917414
sorted_array,8192,4,49.3851,6370395544211917414
btree8_bl_a64,8192,4,42.2409,6370395544211917414
fusion8_c,8192,4,67.8070,6370395544211917414
fusion8_bf,8192,4,71.3165,6370395544211917414
fusion16_w,8192,4,74.7528,6370395544211917414
btree16_bl_a64,8192,4,44.8196,6370395544211917414
fusion8,8192,4,67.0547,6370395544211917414
btree8_bl,8192,5,45.2469,6370395544211917414
btree8_bl_a64,8192,5,42.3584,6370395544211917414
btree8_a64,8192,5,37.6404,6370395544211917414
btree16_bl_a64,8192,5,44.6960,6370395544211917414
sorted_array,8192,5,49.4400,6370395544211917414
fusion16_w,8192,5,75.0137,6370395544211917414
fusion8_c,8192,5,69.3298,6370395544211917414
fusion8_bf,8192,5,73.5062,6370395544211917414
fusion8,8192,5,67.6208,6370395544211917414
btree8,8192,5,40.8157,6370395544211917414
sorted_array,8192,6,49.5407,6370395544211917414
fusion8,8192,6,67.0212,6370395544211917414
fusion8_c,8192,6,69.4641,6370395544211917414
fusion16_w,8192,6,74.8474,6370395544211917414
fusion8_bf,8192,6,71.8826,6370395544211917414
btree8_bl,8192,6,46.7255,6370395544211917414
btree8_a64,8192,6,38.5376,6370395544211917414
btree8,8192,6,40.1413,6370395544211917414
btree16_bl_a64,8192,6,46.3516,6370395544211917414
btree8_bl_a64,8192,6,42.6666,6370395544211917414
btree8_bl_a64,8192,7,41.9754,6370395544211917414
sorted_array,8192,7,50.2075,6370395544211917414
fusion8_bf,8192,7,71.3547,6370395544211917414
btree8,8192,7,40.1520,6370395544211917414
btree16_bl_a64,8192,7,45.2881,6370395544211917414
fusion8,8192,7,67.3508,6370395544211917414
btree8_bl,8192,7,45.1599,6370395544211917414
fusion8_c,8192,7,68.0054,6370395544211917414
btree8_a64,8192,7,38.5284,6370395544211917414
fusion16_w,8192,7,74.6933,6370395544211917414
fusion8,8192,8,67.0334,6370395544211917414
btree16_bl_a64,8192,8,44.8715,6370395544211917414
btree8_a64,8192,8,37.5473,6370395544211917414
fusion16_w,8192,8,75.9171,6370395544211917414
btree8_bl_a64,8192,8,42.6300,6370395544211917414
fusion8_c,8192,8,67.8375,6370395544211917414
fusion8_bf,8192,8,74.5728,6370395544211917414
btree8,8192,8,40.6906,6370395544211917414
btree8_bl,8192,8,45.0165,6370395544211917414
sorted_array,8192,8,50.0473,6370395544211917414
sorted_array,8192,9,49.7147,6370395544211917414
btree8,8192,9,39.5447,6370395544211917414
fusion8_c,8192,9,67.9871,6370395544211917414
fusion8,8192,9,68.6722,6370395544211917414
fusion16_w,8192,9,76.2024,6370395544211917414
btree8_bl,8192,9,45.0455,6370395544211917414
fusion8_bf,8192,9,71.5805,6370395544211917414
btree16_bl_a64,8192,9,45.2316,6370395544211917414
btree8_bl_a64,8192,9,42.2501,6370395544211917414
btree8_a64,8192,9,39.1891,6370395544211917414
fusion16_w,8192,10,74.5514,6370395544211917414
btree16_bl_a64,8192,10,44.8517,6370395544211917414
btree8_a64,8192,10,38.2263,6370395544211917414
fusion8_bf,8192,10,71.1578,6370395544211917414
sorted_array,8192,10,50.1724,6370395544211917414
btree8,8192,10,39.6027,6370395544211917414
fusion8,8192,10,67.5980,6370395544211917414
fusion8_c,8192,10,68.0603,6370395544211917414
btree8_bl,8192,10,44.8929,6370395544211917414
btree8_bl_a64,8192,10,42.1463,6370395544211917414
btree8,8192,11,40.1596,6370395544211917414
fusion8,8192,11,66.7007,6370395544211917414
btree8_a64,8192,11,38.0310,6370395544211917414
fusion8_c,8192,11,68.0130,6370395544211917414
btree16_bl_a64,8192,11,45.0821,6370395544211917414
btree8_bl_a64,8192,11,42.0883,6370395544211917414
btree8_bl,8192,11,44.7678,6370395544211917414
fusion8_bf,8192,11,71.7484,6370395544211917414
sorted_array,8192,11,50.7568,6370395544211917414
fusion16_w,8192,11,75.5951,6370395544211917414
fusion8_c,8192,12,67.8528,6370395544211917414
btree8_bl,8192,12,44.9081,6370395544211917414
fusion8_bf,8192,12,71.5408,6370395544211917414
btree16_bl_a64,8192,12,44.6533,6370395544211917414
sorted_array,8192,12,49.1135,6370395544211917414
fusion8,8192,12,71.1166,6370395544211917414
btree8_a64,8192,12,38.4247,6370395544211917414
fusion16_w,8192,12,74.7650,6370395544211917414
btree8_bl_a64,8192,12,42.5766,6370395544211917414
btree8,8192,12,40.3687,6370395544211917414
btree8_bl,8192,13,44.9280,6370395544211917414
btree8_bl_a64,8192,13,42.0258,6370395544211917414
btree16_bl_a64,8192,13,45.1233,6370395544211917414
btree8,8192,13,39.6790,6370395544211917414
fusion8_bf,8192,13,73.1918,6370395544211917414
fusion16_w,8192,13,75.2701,6370395544211917414
fusion8,8192,13,69.3848,6370395544211917414
sorted_array,8192,13,49.1837,6370395544211917414
btree8_a64,8192,13,39.8178,6370395544211917414
fusion8_c,8192,13,69.5053,6370395544211917414
fusion16_w,8192,14,74.4247,6370395544211917414
fusion8,8192,14,67.8741,6370395544211917414
btree16_bl_a64,8192,14,44.7418,6370395544211917414
btree8_a64,8192,14,38.5056,6370395544211917414
btree8_bl_a64,8192,14,42.4957,6370395544211917414
fusion8_bf,8192,14,72.2595,6370395544211917414
sorted_array,8192,14,49.3790,6370395544211917414
btree8,8192,14,39.7079,6370395544211917414
fusion8_c,8192,14,67.8665,6370395544211917414
btree8_bl,8192,14,45.1492,6370395544211917414
fusion8,16384,0,81.8939,8091356701843327338
btree16_bl_a64,16384,0,53.7674,8091356701843327338
btree8,16384,0,48.7778,8091356701843327338
fusion8_c,16384,0,80.8502,8091356701843327338
btree8_bl,16384,0,55.5847,8091356701843327338
sorted_array,16384,0,57.0618,8091356701843327338
btree8_a64,16384,0,48.1415,8091356701843327338
fusion16_w,16384,0,82.4875,8091356701843327338
fusion8_bf,16384,0,88.4308,8091356701843327338
btree8_bl_a64,16384,0,54.1718,8091356701843327338
fusion8_c,16384,1,81.4606,8091356701843327338
fusion8_bf,16384,1,83.0170,8091356701843327338
btree8_bl,16384,1,53.8345,8091356701843327338
btree16_bl_a64,16384,1,53.3661,8091356701843327338
fusion16_w,16384,1,82.3166,8091356701843327338
btree8_bl_a64,16384,1,52.2644,8091356701843327338
btree8,16384,1,47.9004,8091356701843327338
btree8_a64,16384,1,46.3257,8091356701843327338
sorted_array,16384,1,57.2403,8091356701843327338
fusion8,16384,1,84.4498,8091356701843327338
btree8_bl_a64,16384,2,52.0981,8091356701843327338
sorted_array,16384,2,57.8644,8091356701843327338
fusion8_bf,16384,2,86.3022,8091356701843327338
btree8,16384,2,47.2046,8091356701843327338
fusion8_c,16384,2,82.1747,8091356701843327338
btree8_bl,16384,2,54.5639,8091356701843327338
btree16_bl_a64,16384,2,51.0376,8091356701843327338
fusion16_w,16384,2,82.6920,8091356701843327338
btree8_a64,16384,2,45.2515,8091356701843327338
fusion8,16384,2,82.5531,8091356701843327338
btree16_bl_a64,16384,3,49.9863,8091356701843327338
btree8,16384,3,47.2977,8091356701843327338
fusion16_w,16384,3,82.3685,8091356701843327338
fusion8,16384,3,81.0471,8091356701843327338
btree8_bl_a64,16384,3,53.7704,8091356701843327338
fusion8_c,16384,3,81.1356,8091356701843327338
btree8_a64,16384,3,44.9539,8091356701843327338
sorted_array,16384,3,57.0511,8091356701843327338
fusion8_bf,16384,3,85.4309,8091356701843327338
btree8_bl,16384,3,54.8813,8091356701843327338
btree8_bl,16384,4,53.1738,8091356701843327338
btree8_bl_a64,16384,4,52.4734,8091356701843327338
fusion8_bf,16384,4,82.4783,8091356701843327338
fusion8,16384,4,82.3135,8091356701843327338
fusion16_w,16384,4,84.4437,8091356701843327338
btree8,16384,4,48.0362,8091356701843327338
sorted_array,16384,4,57.2983,8091356701843327338
btree8_a64,16384,4,48.5413,8091356701843327338
btree16_bl_a64,16384,4,51.6602,8091356701843327338
fusion8_c,16384,4,82.5897,8091356701843327338
btree8_bl,16384,5,55.8762,8091356701843327338
btree8_a64,16384,5,46.6614,8091356701843327338
btree8,16384,5,47.4625,8091356701843327338
btree16_bl_a64,16384,5,51.1673,8091356701843327338
fusion16_w,16384,5,85.5911,8091356701843327338
btree8_bl_a64,16384,5,55.1865,8091356701843327338
sorted_array,16384,5,57.7728,8091356701843327338
fusion8_c,16384,5,80.8716,8091356701843327338
fusion8,16384,5,82.8674,8091356701843327338
fusion8_bf,16384,5,87.7075,8091356701843327338
sorted_array,16384,6,56.3828,8091356701843327338
btree16_bl_a64,16384,6,50.8926,8091356701843327338
fusion8,16384,6,81.4545,8091356701843327338
btree8_bl_a64,16384,6,53.0930,8091356701843327338
btree8_a64,16384,6,45.2057,8091356701843327338
fusion16_w,16384,6,82.6859,8091356701843327338
btree8_bl,16384,6,56.1951,8091356701843327338
fusion8_bf,16384,6,83.9188,8091356701843327338
btree8,16384,6,47.7005,8091356701843327338
fusion8_c,16384,6,81.3766,8091356701843327338
fusion16_w,16384,7,82.5272,8091356701843327338
btree8_bl,16384,7,53.9841,8091356701843327338
fusion8_bf,16384,7,83.1238,8091356701843327338
btree16_bl_a64,16384,7,51.1520,8091356701843327338
btree8,16384,7,47.1985,8091356701843327338
btree8_bl_a64,16384,7,52.9099,8091356701843327338
btree8_a64,16384,7,45.5658,8091356701843327338
fusion8_c,16384,7,80.3787,8091356701843327338
fusion8,16384,7,85.5576,8091356701843327338
sorted_array,16384,7,56.8878,8091356701843327338
btree16_bl_a64,16384,8,49.5773,8091356701843327338
btree8_a64,16384,8,44.7952,8091356701843327338
btree8,16384,8,47.5311,8091356701843327338
sorted_array,16384,8,56.2317,8091356701843327338
btree8_bl_a64,16384,8,52.6825,8091356701843327338
fusion8_c,16384,8,80.2261,8091356701843327338
btree8_bl,16384,8,55.1971,8091356701843327338
fusion8,16384,8,81.3477,8091356701843327338
fusion8_bf,16384,8,85.1227,8091356701843327338
fusion16_w,16384,8,85.7559,8091356701843327338
sorted_array,16384,9,56.8787,8091356701843327338
btree8,16384,9,47.4106,8091356701843327338
btree16_bl_a64,16384,9,50.9811,8091356701843327338
fusion8_bf,16384,9,83.5556,8091356701843327338
fusion8,16384,9,81.6544,8091356701843327338
btree8_bl,16384,9,54.4846,8091356701843327338
fusion16_w,16384,9,85.3912,8091356701843327338
btree8_a64,16384,9,48.3490,8091356701843327338
btree8_bl_a64,16384,9,53.3264,8091356701843327338
fusion8_c,16384,9,81.5445,8091356701843327338
btree8,16384,10,47.0444,8091356701843327338
fusion8_bf,16384,10,83.9951,8091356701843327338
fusion8_c,16384,10,80.8914,8091356701843327338
btree8_a64,16384,10,46.2128,8091356701843327338
fusion16_w,16384,10,82.4295,8091356701843327338
fusion8,16384,10,82.2540,8091356701843327338
btree16_bl_a64,16384,10,54.7302,8091356701843327338
btree8_bl,16384,10,54.2877,8091356701843327338
btree8_bl_a64,16384,10,54.1962,8091356701843327338
sorted_array,16384,10,57.4097,8091356701843327338
fusion8,16384,11,80.6992,8091356701843327338
btree8_a64,16384,11,46.8582,8091356701843327338
btree8_bl_a64,16384,11,51.8661,8091356701843327338
fusion8_bf,16384,11,86.4441,8091356701843327338
fusion8_c,16384,11,84.5917,8091356701843327338
btree8,16384,11,48.8449,8091356701843327338
sorted_array,16384,11,56.8665,8091356701843327338
btree16_bl_a64,16384,11,50.8453,8091356701843327338
btree8_bl,16384,11,55.1086,8091356701843327338
fusion16_w,16384,11,84.3475,8091356701843327338
btree8_a64,16384,12,44.4794,8091356701843327338
sorted_array,16384,12,55.3329,8091356701843327338
btree8,16384,12,48.2742,8091356701843327338
btree8_bl,16384,12,53.5767,8091356701843327338
btree8_bl_a64,16384,12,53.0411,8091356701843327338
fusion8_c,16384,12,81.6833,8091356701843327338
fusion8,16384,12,82.8827,8091356701843327338
fusion16_w,16384,12,82.3898,8091356701843327338
btree16_bl_a64,16384,12,49.5850,8091356701843327338
fusion8_bf,16384,12,84.9960,8091356701843327338
btree16_bl_a64,16384,13,49.6170,8091356701843327338
btree8_bl,16384,13,54.1275,8091356701843327338
fusion8_c,16384,13,83.3801,8091356701843327338
btree8,16384,13,48.0270,8091356701843327338
fusion16_w,16384,13,83.2306,8091356701843327338
btree8_bl_a64,16384,13,53.0655,8091356701843327338
btree8_a64,16384,13,45.6299,8091356701843327338
fusion8_bf,16384,13,84.2773,8091356701843327338
fusion8,16384,13,83.0048,8091356701843327338
sorted_array,16384,13,56.8985,8091356701843327338
fusion8_c,16384,14,80.9464,8091356701843327338
sorted_array,16384,14,57.6752,8091356701843327338
btree16_bl_a64,16384,14,50.3036,8091356701843327338
fusion16_w,16384,14,83.3511,8091356701843327338
btree8_a64,16384,14,45.9396,8091356701843327338
btree8,16384,14,48.6267,8091356701843327338
btree8_bl_a64,16384,14,53.4973,8091356701843327338
fusion8,16384,14,80.2689,8091356701843327338
btree8_bl,16384,14,56.3171,8091356701843327338
fusion8_bf,16384,14,85.3882,8091356701843327338
btree8_a64,32768,0,50.9369,1451882096117854496
fusion16_w,32768,0,86.6165,1451882096117854496
sorted_array,32768,0,64.8636,1451882096117854496
btree8,32768,0,51.0666,1451882096117854496
fusion8_bf,32768,0,93.4341,1451882096117854496
fusion8,32768,0,88.1012,1451882096117854496
btree16_bl_a64,32768,0,55.0049,1451882096117854496
btree8_bl,32768,0,55.8578,1451882096117854496
btree8_bl_a64,32768,0,59.0530,1451882096117854496
fusion8_c,32768,0,85.6964,1451882096117854496
btree8_bl,32768,1,53.6194,1451882096117854496
btree8_bl_a64,32768,1,52.0248,1451882096117854496
fusion16_w,32768,1,88.0554,1451882096117854496
fusion8,32768,1,83.1100,1451882096117854496
sorted_array,32768,1,65.3870,1451882096117854496
btree16_bl_a64,32768,1,50.2029,1451882096117854496
fusion8_bf,32768,1,87.8845,1451882096117854496
fusion8_c,32768,1,83.4015,1451882096117854496
btree8_a64,32768,1,47.6517,1451882096117854496
btree8,32768,1,50.6958,1451882096117854496
btree8,32768,2,50.3052,1451882096117854496
fusion8,32768,2,81.9443,1451882096117854496
btree8_bl,32768,2,55.0613,1451882096117854496
btree16_bl_a64,32768,2,48.9975,1451882096117854496
fusion16_w,32768,2,89.0091,1451882096117854496
fusion8_bf,32768,2,86.0229,1451882096117854496
btree8_a64,32768,2,50.2777,1451882096117854496
sorted_array,32768,2,64.2410,1451882096117854496
fusion8_c,32768,2,84.9213,1451882096117854496
btree8_bl_a64,32768,2,56.3187,1451882096117854496
fusion8_c,32768,3,82.9025,1451882096117854496
btree8_bl_a64,32768,3,51.5732,1451882096117854496
btree8_bl,32768,3,53.1738,1451882096117854496
fusion8,32768,3,83.9951,1451882096117854496
sorted_array,32768,3,64.1571,1451882096117854496
btree8_a64,32768,3,49.5911,1451882096117854496
fusion8_bf,32768,3,87.4832,1451882096117854496
btree8,32768,3,49.8077,1451882096117854496
fusion16_w,32768,3,90.9576,1451882096117854496
btree16_bl_a64,32768,3,51.2817,1451882096117854496
fusion8,32768,4,82.6370,1451882096117854496
btree8_bl_a64,32768,4,55.5099,1451882096117854496
fusion8_bf,32768,4,85.5606,1451882096117854496
fusion16_w,32768,4,87.0941,1451882096117854496
btree8_bl,32768,4,55.0613,1451882096117854496
fusion8_c,32768,4,82.9193,1451882096117854496
sorted_array,32768,4,64.7293,1451882096117854496
btree8_a64,32768,4,48.7900,1451882096117854496
btree16_bl_a64,32768,4,50.4715,1451882096117854496
btree8,32768,4,50.0748,1451882096117854496
fusion8_bf,32768,5,85.3867,1451882096117854496
fusion16_w,32768,5,87.6740,1451882096117854496
btree8_bl_a64,32768,5,55.3406,1451882096117854496
btree8_a64,32768,5,50.4105,1451882096117854496
fusion8,32768,5,87.7396,1451882096117854496
fusion8_c,32768,5,85.9512,1451882096117854496
btree8,32768,5,51.3275,1451882096117854496
sorted_array,32768,5,65.0681,1451882096117854496
btree16_bl_a64,32768,5,51.6876,1451882096117854496
btree8_bl,32768,5,55.5313,1451882096117854496
btree8,32768,6,50.4868,1451882096117854496
fusion8_bf,32768,6,88.8474,1451882096117854496
fusion8,32768,6,84.7946,1451882096117854496
btree16_bl_a64,32768,6,51.2695,1451882096117854496
btree8_a64,32768,6,49.8947,1451882096117854496
fusion8_c,32768,6,85.3409,1451882096117854496
fusion16_w,32768,6,91.1072,1451882096117854496
sorted_array,32768,6,65.3198,1451882096117854496
btree8_bl_a64,32768,6,55.2750,1451882096117854496
btree8_bl,32768,6,55.0659,1451882096117854496
fusion8,32768,7,82.6202,1451882096117854496
fusion8_bf,32768,7,87.5427,1451882096117854496
fusion8_c,32768,7,85.2448,1451882096117854496
sorted_array,32768,7,65.0726,1451882096117854496
btree8_bl_a64,32768,7,53.8284,1451882096117854496
btree16_bl_a64,32768,7,50.0046,1451882096117854496
btree8,32768,7,50.4333,1451882096117854496
btree8_bl,32768,7,54.4342,1451882096117854496
fusion16_w,32768,7,88.0753,1451882096117854496
btree8_a64,32768,7,48.4879,1451882096117854496
fusion8_bf,32768,8,86.7935,1451882096117854496
btree16_bl_a64,32768,8,49.6841,1451882096117854496
btree8_bl,32768,8,53.7766,1451882096117854496
fusion8_c,32768,8,84.8602,1451882096117854496
fusion8,32768,8,84.9854,1451882096117854496
btree8,32768,8,50.3815,1451882096117854496
btree8_bl_a64,32768,8,53.2593,1451882096117854496
sorted_array,32768,8,64.3234,1451882096117854496
btree8_a64,32768,8,50.5829,1451882096117854496
fusion16_w,32768,8,87.9547,1451882096117854496
btree8_bl_a64,32768,9,52.5299,1451882096117854496
fusion8,32768,9,82.7713,1451882096117854496
fusion8_bf,32768,9,89.4028,1451882096117854496
btree8_a64,32768,9,49.0997,1451882096117854496
sorted_array,32768,9,65.3625,1451882096117854496
btree8_bl,32768,9,55.0934,1451882096117854496
btree16_bl_a64,32768,9,52.1637,1451882096117854496
fusion16_w,32768,9,87.5427,1451882096117854496
btree8,32768,9,49.8642,1451882096117854496
fusion8_c,32768,9,84.1934,1451882096117854496
fusion8_c,32768,10,82.8522,1451882096117854496
fusion16_w,32768,10,87.1078,1451882096117854496
sorted_array,32768,10,64.1296,1451882096117854496
fusion8_bf,32768,10,89.8300,1451882096117854496
btree16_bl_a64,32768,10,49.5361,1451882096117854496
btree8_bl_a64,32768,10,54.7516,1451882096117854496
fusion8,32768,10,84.4345,1451882096117854496
btree8,32768,10,50.7614,1451882096117854496
btree8_bl,32768,10,56.1844,1451882096117854496
btree8_a64,32768,10,50.6454,1451882096117854496
fusion8_bf,32768,11,86.3632,1451882096117854496
btree16_bl_a64,32768,11,49.9023,1451882096117854496
btree8,32768,11,49.8291,1451882096117854496
btree8_bl,32768,11,53.8101,1451882096117854496
fusion8,32768,11,82.4875,1451882096117854496
btree8_a64,32768,11,48.0225,1451882096117854496
btree8_bl_a64,32768,11,57.4234,1451882096117854496
fusion16_w,32768,11,88.9709,1451882096117854496
fusion8_c,32768,11,84.8770,1451882096117854496
sorted_array,32768,11,64.4394,1451882096117854496
fusion8_c,32768,12,84.6237,1451882096117854496
btree8_bl,32768,12,54.0253,1451882096117854496
btree8_a64,32768,12,49.1089,1451882096117854496
sorted_array,32768,12,64.9796,1451882096117854496
btree8_bl_a64,32768,12,54.2435,1451882096117854496
fusion8,32768,12,85.3638,1451882096117854496
btree16_bl_a64,32768,12,53.3386,1451882096117854496
fusion8_bf,32768,12,91.9800,1451882096117854496
fusion16_w,32768,12,89.0991,1451882096117854496
btree8,32768,12,52.0050,1451882096117854496
sorted_array,32768,13,64.2502,1451882096117854496
fusion8_c,32768,13,85.6049,1451882096117854496
btree8_a64,32768,13,49.8566,1451882096117854496
btree8_bl,32768,13,56.6345,1451882096117854496
fusion16_w,32768,13,88.6398,1451882096117854496
btree8,32768,13,50.8560,1451882096117854496
fusion8_bf,32768,13,90.0650,1451882096117854496
btree8_bl_a64,32768,13,55.0247,1451882096117854496
btree16_bl_a64,32768,13,51.8234,1451882096117854496
fusion8,32768,13,85.1700,1451882096117854496
btree16_bl_a64,32768,14,48.9395,1451882096117854496
fusion8_bf,32768,14,86.9110,1451882096117854496
btree8_bl_a64,32768,14,52.6016,1451882096117854496
fusion8,32768,14,82.3456,1451882096117854496
fusion16_w,32768,14,87.9959,1451882096117854496
btree8_bl,32768,14,55.1453,1451882096117854496
btree8,32768,14,49.9130,1451882096117854496
sorted_array,32768,14,65.6311,1451882096117854496
fusion8_c,32768,14,85.2890,1451882096117854496
btree8_a64,32768,14,51.8188,1451882096117854496
fusion8,65536,0,95.1065,1313883487276844600
fusion8_bf,65536,0,95.8054,1313883487276844600
fusion8_c,65536,0,92.2943,1313883487276844600
btree8_bl_a64,65536,0,62.9868,1313883487276844600
btree8_a64,65536,0,56.1554,1313883487276844600
btree16_bl_a64,65536,0,52.9465,1313883487276844600
fusion16_w,65536,0,90.6754,1313883487276844600
btree8_bl,65536,0,62.9852,1313883487276844600
sorted_array,65536,0,74.6262,1313883487276844600
btree8,65536,0,58.1207,1313883487276844600
btree8_bl_a64,65536,1,60.9955,1313883487276844600
fusion16_w,65536,1,89.0182,1313883487276844600
fusion8_c,65536,1,96.2021,1313883487276844600
fusion8,65536,1,99.3698,1313883487276844600
sorted_array,65536,1,73.1522,1313883487276844600
btree16_bl_a64,65536,1,53.1113,1313883487276844600
btree8,65536,1,58.5571,1313883487276844600
btree8_bl,65536,1,66.7099,1313883487276844600
fusion8_bf,65536,1,97.7539,1313883487276844600
btree8_a64,65536,1,58.0460,1313883487276844600
btree8_a64,65536,2,53.4348,1313883487276844600
sorted_array,65536,2,73.6511,1313883487276844600
btree16_bl_a64,65536,2,50.8972,1313883487276844600
fusion8_c,65536,2,94.4885,1313883487276844600
btree8,65536,2,55.8060,1313883487276844600
btree8_bl,65536,2,63.8504,1313883487276844600
fusion8,65536,2,97.9263,1313883487276844600
fusion16_w,65536,2,91.9998,1313883487276844600
fusion8_bf,65536,2,101.4755,1313883487276844600
btree8_bl_a64,65536,2,66.7633,1313883487276844600
btree8_a64,65536,3,54.6722,1313883487276844600
fusion16_w,65536,3,88.5193,1313883487276844600
fusion8_bf,65536,3,97.7188,1313883487276844600
btree8_bl,65536,3,61.5509,1313883487276844600
sorted_array,65536,3,74.2249,1313883487276844600
fusion8_c,65536,3,96.3181,1313883487276844600
btree8,65536,3,55.6442,1313883487276844600
fusion8,65536,3,97.2565,1313883487276844600
btree8_bl_a64,65536,3,62.8448,1313883487276844600
btree16_bl_a64,65536,3,55.5496,1313883487276844600
fusion8_bf,65536,4,94.3817,1313883487276844600
btree8_a64,65536,4,55.1987,1313883487276844600
btree16_bl_a64,65536,4,51.3641,1313883487276844600
sorted_array,65536,4,73.7274,1313883487276844600
btree8,65536,4,54.7318,1313883487276844600
btree8_bl,65536,4,61.2991,1313883487276844600
fusion8,65536,4,92.1204,1313883487276844600
fusion16_w,65536,4,91.2964,1313883487276844600
btree8_bl_a64,65536,4,62.8784,1313883487276844600
fusion8_c,65536,4,93.8431,1313883487276844600
btree8_bl_a64,65536,5,57.1793,1313883487276844600
sorted_array,65536,5,72.8394,1313883487276844600
fusion8_bf,65536,5,101.4755,1313883487276844600
fusion8_c,65536,5,91.4383,1313883487276844600
btree16_bl_a64,65536,5,53.2806,1313883487276844600
fusion16_w,65536,5,89.7537,1313883487276844600
btree8,65536,5,55.5984,1313883487276844600
btree8_bl,65536,5,62.9181,1313883487276844600
fusion8,65536,5,97.1069,1313883487276844600
btree8_a64,65536,5,55.6427,1313883487276844600
fusion8,65536,6,92.4393,1313883487276844600
fusion8_bf,65536,6,99.4400,1313883487276844600
fusion8_c,65536,6,93.0634,1313883487276844600
btree8_a64,65536,6,54.5685,1313883487276844600
btree16_bl_a64,65536,6,56.1081,1313883487276844600
btree8,65536,6,57.1655,1313883487276844600
fusion16_w,65536,6,92.7231,1313883487276844600
btree8_bl_a64,65536,6,66.0370,1313883487276844600
sorted_array,65536,6,73.4299,1313883487276844600
btree8_bl,65536,6,65.2100,1313883487276844600
btree8_bl,65536,7,57.1671,1313883487276844600
fusion8_bf,65536,7,100.5280,1313883487276844600
sorted_array,65536,7,72.8653,1313883487276844600
fusion8,65536,7,96.8307,1313883487276844600
fusion16_w,65536,7,92.0593,1313883487276844600
btree16_bl_a64,65536,7,52.5436,1313883487276844600
btree8,65536,7,55.7083,1313883487276844600
btree8_a64,65536,7,56.8787,1313883487276844600
btree8_bl_a64,65536,7,62.1918,1313883487276844600
fusion8_c,65536,7,93.3563,1313883487276844600
fusion8_bf,65536,8,96.0556,1313883487276844600
fusion16_w,65536,8,89.1098,1313883487276844600
btree8,65536,8,55.4688,1313883487276844600
btree16_bl_a64,65536,8,50.5692,1313883487276844600
fusion8_c,65536,8,90.4739,1313883487276844600
btree8_bl_a64,65536,8,59.3781,1313883487276844600
sorted_array,65536,8,73.5382,1313883487276844600
btree8_a64,65536,8,56.3828,1313883487276844600
btree8_bl,65536,8,65.4114,1313883487276844600
fusion8,65536,8,98.8098,1313883487276844600
btree8,65536,9,58.4534,1313883487276844600
btree8_bl_a64,65536,9,60.2737,1313883487276844600
btree16_bl_a64,65536,9,52.0920,1313883487276844600
fusion8_bf,65536,9,96.5149,1313883487276844600
btree8_bl,65536,9,63.3377,1313883487276844600
fusion8,65536,9,92.8360,1313883487276844600
btree8_a64,65536,9,55.2750,1313883487276844600
fusion16_w,65536,9,92.9443,1313883487276844600
sorted_array,65536,9,73.8998,1313883487276844600
fusion8_c,65536,9,96.2112,1313883487276844600
btree16_bl_a64,65536,10,52.8290,1313883487276844600
btree8_a64,65536,10,54.8279,1313883487276844600
fusion8,65536,10,92.2882,1313883487276844600
fusion8_c,65536,10,92.7414,1313883487276844600
sorted_array,65536,10,74.2386,1313883487276844600
btree8_bl_a64,65536,10,68.8370,1313883487276844600
btree8,65536,10,55.9357,1313883487276844600
fusion8_bf,65536,10,99.4247,1313883487276844600
fusion16_w,65536,10,91.0141,1313883487276844600
btree8_bl,65536,10,62.7228,1313883487276844600
fusion8,65536,11,95.1187,1313883487276844600
btree8,65536,11,56.6162,1313883487276844600
fusion16_w,65536,11,90.7501,1313883487276844600
btree8_bl,65536,11,62.4115,1313883487276844600
fusion8_c,65536,11,93.8065,1313883487276844600
btree8_bl_a64,65536,11,65.2679,1313883487276844600
btree8_a64,65536,11,58.9020,1313883487276844600
fusion8_bf,65536,11,98.9319,1313883487276844600
btree16_bl_a64,65536,11,56.3293,1313883487276844600
sorted_array,65536,11,73.4467,1313883487276844600
fusion16_w,65536,12,90.8905,1313883487276844600
fusion8_c,65536,12,91.9785,1313883487276844600
btree8_bl_a64,65536,12,61.2167,1313883487276844600
fusion8,65536,12,96.6721,1313883487276844600
fusion8_bf,65536,12,97.6212,1313883487276844600
sorted_array,65536,12,73.4451,1313883487276844600
btree8_bl,65536,12,62.9639,1313883487276844600
btree16_bl_a64,65536,12,54.0298,1313883487276844600
btree8,65536,12,55.9998,1313883487276844600
btree8_a64,65536,12,58.6349,1313883487276844600
btree8_bl_a64,65536,13,60.3745,1313883487276844600
fusion8_bf,65536,13,93.2098,1313883487276844600
btree16_bl_a64,65536,13,50.6821,1313883487276844600
btree8_a64,65536,13,54.9637,1313883487276844600
fusion16_w,65536,13,91.0172,1313883487276844600
fusion8,65536,13,92.8116,1313883487276844600
sorted_array,65536,13,75.5386,1313883487276844600
btree8,65536,13,54.8660,1313883487276844600
btree8_bl,65536,13,61.0809,1313883487276844600
fusion8_c,65536,13,93.3090,1313883487276844600
btree8_bl_a64,65536,14,61.9736,1313883487276844600
btree8_a64,65536,14,54.9896,1313883487276844600
fusion16_w,65536,14,90.7486,1313883487276844600
btree8_bl,65536,14,60.0479,1313883487276844600
fusion8_bf,65536,14,96.7392,1313883487276844600
sorted_array,65536,14,74.0570,1313883487276844600
fusion8_c,65536,14,93.9117,1313883487276844600
btree8,65536,14,57.1976,1313883487276844600
fusion8,65536,14,96.7850,1313883487276844600
btree16_bl_a64,65536,14,52.6367,1313883487276844600
btree8_bl_a64,131072,0,107.4585,7532165159138614248
btree8,131072,0,92.6834,7532165159138614248
fusion8_bf,131072,0,165.6631,7532165159138614248
fusion16_w,131072,0,151.6846,7532165159138614248
fusion8,131072,0,162.6236,7532165159138614248
btree16_bl_a64,131072,0,107.1899,7532165159138614248
btree8_a64,131072,0,91.1728,7532165159138614248
sorted_array,131072,0,87.1994,7532165159138614248
fusion8_c,131072,0,141.2094,7532165159138614248
btree8_bl,131072,0,99.7818,7532165159138614248
fusion8_c,131072,1,124.5911,7532165159138614248
fusion8,131072,1,165.4282,7532165159138614248
sorted_array,131072,1,85.1822,7532165159138614248
btree8_a64,131072,1,89.9582,7532165159138614248
fusion8_bf,131072,1,161.9247,7532165159138614248
btree8_bl,131072,1,105.0507,7532165159138614248
btree8,131072,1,86.5402,7532165159138614248
btree16_bl_a64,131072,1,107.4112,7532165159138614248
fusion16_w,131072,1,149.8291,7532165159138614248
btree8_bl_a64,131072,1,111.6745,7532165159138614248
btree8,131072,2,88.8351,7532165159138614248
sorted_array,131072,2,85.1852,7532165159138614248
fusion8_c,131072,2,156.5887,7532165159138614248
btree16_bl_a64,131072,2,109.2743,7532165159138614248
fusion8,131072,2,153.7155,7532165159138614248
fusion16_w,131072,2,151.1261,7532165159138614248
btree8_a64,131072,2,92.1021,7532165159138614248
btree8_bl_a64,131072,2,105.3589,7532165159138614248
fusion8_bf,131072,2,153.6697,7532165159138614248
btree8_bl,131072,2,107.3837,7532165159138614248
fusion8,131072,3,154.1092,7532165159138614248
btree8_bl,131072,3,89.9521,7532165159138614248
btree16_bl_a64,131072,3,105.2444,7532165159138614248
fusion8_bf,131072,3,166.3345,7532165159138614248
sorted_array,131072,3,86.1679,7532165159138614248
btree8,131072,3,89.1037,7532165159138614248
fusion8_c,131072,3,139.6591,7532165159138614248
btree8_a64,131072,3,98.4268,7532165159138614248
btree8_bl_a64,131072,3,109.1461,7532165159138614248
fusion16_w,131072,3,150.0153,7532165159138614248
btree16_bl_a64,131072,4,108.4946,7532165159138614248
fusion8_bf,131072,4,161.2854,7532165159138614248
btree8,131072,4,87.7777,7532165159138614248
fusion8_c,131072,4,145.9717,7532165159138614248
fusion8,131072,4,161.7783,7532165159138614248
btree8_bl_a64,131072,4,109.0820,7532165159138614248
sorted_array,131072,4,84.2743,7532165159138614248
btree8_bl,131072,4,105.9723,7532165159138614248
fusion16_w,131072,4,148.3414,7532165159138614248
btree8_a64,131072,4,90.5579,7532165159138614248
fusion8_bf,131072,5,156.3766,7532165159138614248
fusion8_c,131072,5,142.3233,7532165159138614248
fusion16_w,131072,5,152.4719,7532165159138614248
btree16_bl_a64,131072,5,106.7917,7532165159138614248
btree8_a64,131072,5,95.5872,7532165159138614248
btree8_bl_a64,131072,5,106.7627,7532165159138614248
fusion8,131072,5,154.7195,7532165159138614248
btree8,131072,5,91.0049,7532165159138614248
btree8_bl,131072,5,108.1512,7532165159138614248
sorted_array,131072,5,85.1517,7532165159138614248
btree16_bl_a64,131072,6,107.7316,7532165159138614248
fusion8_c,131072,6,147.5067,7532165159138614248
btree8_bl_a64,131072,6,109.6115,7532165159138614248
sorted_array,131072,6,85.3851,7532165159138614248
btree8_bl,131072,6,99.0112,7532165159138614248
btree8,131072,6,88.0600,7532165159138614248
btree8_a64,131072,6,91.1530,7532165159138614248
fusion16_w,131072,6,149.1180,7532165159138614248
fusion8_bf,131072,6,162.7563,7532165159138614248
fusion8,131072,6,152.1042,7532165159138614248
btree8_a64,131072,7,92.2455,7532165159138614248
fusion8_bf,131072,7,156.8176,7532165159138614248
fusion8,131072,7,144.0323,7532165159138614248
btree8_bl,131072,7,101.2436,7532165159138614248
btree8_bl_a64,131072,7,109.0942,7532165159138614248
btree16_bl_a64,131072,7,106.4774,7532165159138614248
fusion8_c,131072,7,138.7207,7532165159138614248
btree8,131072,7,95.3506,7532165159138614248
fusion16_w,131072,7,147.2275,7532165159138614248
sorted_array,131072,7,85.1364,7532165159138614248
fusion8_c,131072,8,143.3624,7532165159138614248
btree16_bl_a64,131072,8,108.0139,7532165159138614248
btree8_bl_a64,131072,8,109.6970,7532165159138614248
fusion8_bf,131072,8,159.6725,7532165159138614248
fusion16_w,131072,8,151.5411,7532165159138614248
btree8_bl,131072,8,100.1175,7532165159138614248
btree8_a64,131072,8,92.5217,7532165159138614248
btree8,131072,8,95.2576,7532165159138614248
fusion8,131072,8,161.0703,7532165159138614248
sorted_array,131072,8,85.7376,7532165159138614248
fusion8,131072,9,120.3537,7532165159138614248
fusion16_w,131072,9,154.5273,7532165159138614248
sorted_array,131072,9,84.9014,7532165159138614248
btree8_bl_a64,131072,9,108.9539,7532165159138614248
btree16_bl_a64,131072,9,105.3925,7532165159138614248
fusion8_bf,131072,9,157.5699,7532165159138614248
btree8_a64,131072,9,89.4897,7532165159138614248
btree8_bl,131072,9,103.8208,7532165159138614248
btree8,131072,9,87.7335,7532165159138614248
fusion8_c,131072,9,140.2954,7532165159138614248
fusion8,131072,10,153.9841,7532165159138614248
sorted_array,131072,10,85.0159,7532165159138614248
fusion8_bf,131072,10,157.6324,7532165159138614248
btree8,131072,10,86.9400,7532165159138614248
fusion8_c,131072,10,136.9736,7532165159138614248
btree16_bl_a64,131072,10,107.6950,7532165159138614248
fusion16_w,131072,10,149.9542,7532165159138614248
btree8_bl_a64,131072,10,111.6180,7532165159138614248
btree8_bl,131072,10,103.9474,7532165159138614248
btree8_a64,131072,10,90.0497,7532165159138614248
btree8_a64,131072,11,71.6141,7532165159138614248
btree8_bl_a64,131072,11,100.4059,7532165159138614248
fusion8,131072,11,155.3436,7532165159138614248
btree8_bl,131072,11,103.1708,7532165159138614248
fusion8_c,131072,11,140.6158,7532165159138614248
fusion16_w,131072,11,149.8276,7532165159138614248
sorted_array,131072,11,84.2133,7532165159138614248
btree16_bl_a64,131072,11,108.4641,7532165159138614248
fusion8_bf,131072,11,158.4961,7532165159138614248
btree8,131072,11,91.3651,7532165159138614248
fusion8_bf,131072,12,138.5696,7532165159138614248
fusion8,131072,12,153.3890,7532165159138614248
btree16_bl_a64,131072,12,110.1273,7532165159138614248
btree8_bl_a64,131072,12,111.4594,7532165159138614248
sorted_array,131072,12,85.2997,7532165159138614248
fusion16_w,131072,12,170.6848,7532165159138614248
fusion8_c,131072,12,150.1053,7532165159138614248
btree8_a64,131072,12,93.9331,7532165159138614248
btree8,131072,12,84.5947,7532165159138614248
btree8_bl,131072,12,104.9179,7532165159138614248
sorted_array,131072,13,84.4208,7532165159138614248
btree8,131072,13,77.2522,7532165159138614248
fusion8,131072,13,153.9474,7532165159138614248
btree8_a64,131072,13,90.4602,7532165159138614248
fusion8_c,131072,13,139.1800,7532165159138614248
fusion8_bf,131072,13,162.2803,7532165159138614248
btree8_bl,131072,13,103.7445,7532165159138614248
btree16_bl_a64,131072,13,106.4896,7532165159138614248
btree8_bl_a64,131072,13,109.8434,7532165159138614248
fusion16_w,131072,13,150.4669,7532165159138614248
fusion8_c,131072,14,140.5685,7532165159138614248
btree8_a64,131072,14,89.7934,7532165159138614248
btree8,131072,14,92.4576,7532165159138614248
fusion16_w,131072,14,145.3751,7532165159138614248
btree8_bl_a64,131072,14,106.5765,7532165159138614248
fusion8,131072,14,154.2694,7532165159138614248
fusion8_bf,131072,14,161.5616,7532165159138614248
btree16_bl_a64,131072,14,107.0755,7532165159138614248
btree8_bl,131072,14,104.7729,7532165159138614248
sorted_array,131072,14,85.7071,7532165159138614248
btree16_bl_a64,262144,0,163.2950,14595982901779754467
btree8_bl,262144,0,118.2816,14595982901779754467
btree8_bl_a64,262144,0,127.3804,14595982901779754467
btree8,262144,0,91.7694,14595982901779754467
fusion8_c,262144,0,159.1446,14595982901779754467
fusion8_bf,262144,0,166.3071,14595982901779754467
fusion8,262144,0,164.7842,14595982901779754467
sorted_array,262144,0,96.4859,14595982901779754467
btree8_a64,262144,0,93.1076,14595982901779754467
fusion16_w,262144,0,187.3474,14595982901779754467
sorted_array,262144,1,95.1096,14595982901779754467
fusion16_w,262144,1,151.5060,14595982901779754467
fusion8_c,262144,1,148.7564,14595982901779754467
btree8,262144,1,90.3534,14595982901779754467
btree8_a64,262144,1,98.8998,14595982901779754467
btree8_bl,262144,1,122.6898,14595982901779754467
fusion8_bf,262144,1,163.1027,14595982901779754467
btree8_bl_a64,262144,1,133.6426,14595982901779754467
btree16_bl_a64,262144,1,159.1156,14595982901779754467
fusion8,262144,1,167.6804,14595982901779754467
fusion8_c,262144,2,155.6290,14595982901779754467
fusion16_w,262144,2,196.4615,14595982901779754467
btree8,262144,2,91.7770,14595982901779754467
btree8_bl,262144,2,116.6336,14595982901779754467
sorted_array,262144,2,95.3537,14595982901779754467
btree8_a64,262144,2,97.7371,14595982901779754467
fusion8,262144,2,156.1401,14595982901779754467
btree8_bl_a64,262144,2,123.0927,14595982901779754467
btree16_bl_a64,262144,2,162.0178,14595982901779754467
fusion8_bf,262144,2,163.4018,14595982901779754467
btree8_bl_a64,262144,3,124.4720,14595982901779754467
btree8_a64,262144,3,99.0372,14595982901779754467
fusion8_bf,262144,3,161.9827,14595982901779754467
sorted_array,262144,3,94.6396,14595982901779754467
fusion8_c,262144,3,152.4460,14595982901779754467
fusion8,262144,3,160.0586,14595982901779754467
btree8,262144,3,92.4042,14595982901779754467
btree16_bl_a64,262144,3,160.4813,14595982901779754467
btree8_bl,262144,3,116.4215,14595982901779754467
fusion16_w,262144,3,191.6016,14595982901779754467
btree8,262144,4,90.9058,14595982901779754467
btree8_a64,262144,4,94.4901,14595982901779754467
btree8_bl_a64,262144,4,137.4222,14595982901779754467
btree16_bl_a64,262144,4,164.2639,14595982901779754467
fusion8_bf,262144,4,169.2413,14595982901779754467
sorted_array,262144,4,96.6522,14595982901779754467
btree8_bl,262144,4,116.1697,14595982901779754467
fusion8,262144,4,164.8438,14595982901779754467
fusion16_w,262144,4,188.0310,14595982901779754467
fusion8_c,262144,4,156.3782,14595982901779754467
fusion16_w,262144,5,175.7309,14595982901779754467
fusion8_bf,262144,5,166.5085,14595982901779754467
btree8_a64,262144,5,96.3699,14595982901779754467
fusion8_c,262144,5,151.0834,14595982901779754467
btree16_bl_a64,262144,5,167.8146,14595982901779754467
fusion8,262144,5,161.7722,14595982901779754467
btree8_bl_a64,262144,5,132.3715,14595982901779754467
btree8_bl,262144,5,116.2933,14595982901779754467
sorted_array,262144,5,94.7525,14595982901779754467
btree8,262144,5,90.9805,14595982901779754467
fusion8_c,262144,6,157.7881,14595982901779754467
btree8_bl_a64,262144,6,122.1786,14595982901779754467
btree16_bl_a64,262144,6,158.6945,14595982901779754467
btree8_bl,262144,6,125.5798,14595982901779754467
btree8,262144,6,89.3921,14595982901779754467
fusion8,262144,6,164.4379,14595982901779754467
fusion8_bf,262144,6,175.6531,14595982901779754467
fusion16_w,262144,6,197.9675,14595982901779754467
sorted_array,262144,6,94.8700,14595982901779754467
btree8_a64,262144,6,94.3039,14595982901779754467
btree8_bl_a64,262144,7,130.3482,14595982901779754467
fusion8,262144,7,159.1400,14595982901779754467
fusion8_c,262144,7,151.6418,14595982901779754467
fusion16_w,262144,7,200.2274,14595982901779754467
btree8,262144,7,95.0607,14595982901779754467
sorted_array,262144,7,94.8120,14595982901779754467
btree16_bl_a64,262144,7,160.0967,14595982901779754467
fusion8_bf,262144,7,161.5677,14595982901779754467
btree8_bl,262144,7,112.6175,14595982901779754467
btree8_a64,262144,7,97.8302,14595982901779754467
sorted_array,262144,8,95.1599,14595982901779754467
btree8_a64,262144,8,75.1205,14595982901779754467
btree16_bl_a64,262144,8,159.5139,14595982901779754467
btree8,262144,8,97.8302,14595982901779754467
fusion8,262144,8,162.3459,14595982901779754467
btree8_bl_a64,262144,8,125.1297,14595982901779754467
fusion8_c,262144,8,147.2305,14595982901779754467
fusion16_w,262144,8,188.2248,14595982901779754467
fusion8_bf,262144,8,175.3769,14595982901779754467
btree8_bl,262144,8,117.0837,14595982901779754467
btree8,262144,9,91.5802,14595982901779754467
btree8_bl,262144,9,90.1871,14595982901779754467
btree8_bl_a64,262144,9,136.7218,14595982901779754467
fusion16_w,262144,9,217.7597,14595982901779754467
fusion8_c,262144,9,156.0318,14595982901779754467
btree8_a64,262144,9,99.5712,14595982901779754467
fusion8_bf,262144,9,163.9664,14595982901779754467
sorted_array,262144,9,95.6329,14595982901779754467
fusion8,262144,9,165.9576,14595982901779754467
btree16_bl_a64,262144,9,160.4645,14595982901779754467
fusion8,262144,10,156.0349,14595982901779754467
sorted_array,262144,10,94.9860,14595982901779754467
btree8_a64,262144,10,96.7545,14595982901779754467
btree8_bl,262144,10,112.4084,14595982901779754467
btree8,262144,10,90.2878,14595982901779754467
btree8_bl_a64,262144,10,132.4829,14595982901779754467
btree16_bl_a64,262144,10,157.7087,14595982901779754467
fusion16_w,262144,10,186.9125,14595982901779754467
fusion8_c,262144,10,150.2609,14595982901779754467
fusion8_bf,262144,10,169.1818,14595982901779754467
btree8_bl,262144,11,118.2419,14595982901779754467
btree16_bl_a64,262144,11,159.5016,14595982901779754467
fusion8_bf,262144,11,165.4907,14595982901779754467
sorted_array,262144,11,95.6512,14595982901779754467
fusion16_w,262144,11,184.8572,14595982901779754467
btree8_a64,262144,11,104.1168,14595982901779754467
btree8_bl_a64,262144,11,123.3337,14595982901779754467
fusion8_c,262144,11,147.8760,14595982901779754467
btree8,262144,11,89.7339,14595982901779754467
fusion8,262144,11,166.0629,14595982901779754467
btree8_bl_a64,262144,12,121.3867,14595982901779754467
fusion8_bf,262144,12,167.0074,14595982901779754467
fusion8,262144,12,156.7520,14595982901779754467
btree16_bl_a64,262144,12,158.9798,14595982901779754467
btree8,262144,12,93.3456,14595982901779754467
fusion8_c,262144,12,157.2418,14595982901779754467
btree8_bl,262144,12,123.1857,14595982901779754467
sorted_array,262144,12,95.3522,14595982901779754467
btree8_a64,262144,12,95.4666,14595982901779754467
fusion16_w,262144,12,189.6713,14595982901779754467
fusion8,262144,13,164.9185,14595982901779754467
btree8_a64,262144,13,95.3049,14595982901779754467
btree16_bl_a64,262144,13,163.5147,14595982901779754467
fusion8_c,262144,13,155.0735,14595982901779754467
btree8_bl_a64,262144,13,124.4324,14595982901779754467
sorted_array,262144,13,95.8252,14595982901779754467
fusion16_w,262144,13,196.0983,14595982901779754467
btree8,262144,13,93.0801,14595982901779754467
btree8_bl,262144,13,119.2245,14595982901779754467
fusion8_bf,262144,13,163.2187,14595982901779754467
btree8_a64,262144,14,99.9817,14595982901779754467
sorted_array,262144,14,96.4264,14595982901779754467
fusion8_c,262144,14,151.1200,14595982901779754467
btree8_bl_a64,262144,14,131.0669,14595982901779754467
btree16_bl_a64,262144,14,160.5820,14595982901779754467
fusion16_w,262144,14,187.3672,14595982901779754467
fusion8_bf,262144,14,165.2023,14595982901779754467
btree8_bl,262144,14,115.2756,14595982901779754467
fusion8,262144,14,157.5775,14595982901779754467
btree8,262144,14,91.4871,14595982901779754467
sorted_array,524288,0,121.0541,2430445356442705539
fusion8_c,524288,0,161.3892,2430445356442705539
btree8_bl,524288,0,123.4131,2430445356442705539
btree8_a64,524288,0,102.0096,2430445356442705539
fusion8_bf,524288,0,166.7648,2430445356442705539
fusion8,524288,0,164.9765,2430445356442705539
btree8,524288,0,96.6660,2430445356442705539
btree8_bl_a64,524288,0,132.4799,2430445356442705539
btree16_bl_a64,524288,0,172.5281,2430445356442705539
fusion16_w,524288,0,214.8895,2430445356442705539
btree8,524288,1,97.1375,2430445356442705539
fusion8_bf,524288,1,172.3999,2430445356442705539
btree8_bl_a64,524288,1,124.0692,2430445356442705539
sorted_array,524288,1,121.9971,2430445356442705539
btree8_bl,524288,1,116.7358,2430445356442705539
btree8_a64,524288,1,96.6095,2430445356442705539
fusion16_w,524288,1,208.0246,2430445356442705539
fusion8_c,524288,1,149.8901,2430445356442705539
fusion8,524288,1,173.4467,2430445356442705539
btree16_bl_a64,524288,1,171.2967,2430445356442705539
btree8_bl,524288,2,112.4496,2430445356442705539
btree8,524288,2,95.6482,2430445356442705539
fusion8,524288,2,154.4128,2430445356442705539
btree8_a64,524288,2,99.0265,2430445356442705539
btree16_bl_a64,524288,2,173.5275,2430445356442705539
fusion8_c,524288,2,150.6088,2430445356442705539
btree8_bl_a64,524288,2,128.7628,2430445356442705539
fusion8_bf,524288,2,172.2382,2430445356442705539
fusion16_w,524288,2,203.9413,2430445356442705539
sorted_array,524288,2,122.0306,2430445356442705539
sorted_array,524288,3,119.3222,2430445356442705539
btree8_a64,524288,3,98.7701,2430445356442705539
btree16_bl_a64,524288,3,202.0416,2430445356442705539
fusion8_c,524288,3,148.6984,2430445356442705539
btree8,524288,3,100.5478,2430445356442705539
fusion8,524288,3,166.0370,2430445356442705539
btree8_bl_a64,524288,3,125.6042,2430445356442705539
btree8_bl,524288,3,122.7356,2430445356442705539
fusion16_w,524288,3,210.6018,2430445356442705539
fusion8_bf,524288,3,171.8063,2430445356442705539
btree8_a64,524288,4,98.1445,2430445356442705539
btree8_bl_a64,524288,4,137.1017,2430445356442705539
btree16_bl_a64,524288,4,171.2128,2430445356442705539
sorted_array,524288,4,121.6721,2430445356442705539
btree8_bl,524288,4,113.5101,2430445356442705539
fusion8,524288,4,162.2421,2430445356442705539
fusion8_bf,524288,4,167.0837,2430445356442705539
btree8,524288,4,92.2592,2430445356442705539
fusion16_w,524288,4,209.5154,2430445356442705539
fusion8_c,524288,4,152.3224,2430445356442705539
btree8_bl,524288,5,117.1524,2430445356442705539
btree8_bl_a64,524288,5,125.5386,2430445356442705539
btree16_bl_a64,524288,5,169.1071,2430445356442705539
fusion8_c,524288,5,155.2765,2430445356442705539
fusion16_w,524288,5,216.1774,2430445356442705539
btree8,524288,5,97.2610,2430445356442705539
fusion8,524288,5,162.9395,2430445356442705539
sorted_array,524288,5,122.5708,2430445356442705539
fusion8_bf,524288,5,178.0045,2430445356442705539
btree8_a64,524288,5,97.2961,2430445356442705539
btree16_bl_a64,524288,6,168.0145,2430445356442705539
sorted_array,524288,6,121.5607,2430445356442705539
btree8_bl_a64,524288,6,126.6037,2430445356442705539
fusion8,524288,6,160.4324,2430445356442705539
fusion8_bf,524288,6,177.7084,2430445356442705539
btree8,524288,6,93.5349,2430445356442705539
fusion16_w,524288,6,209.9472,2430445356442705539
btree8_a64,524288,6,101.4954,2430445356442705539
btree8_bl,524288,6,114.3066,2430445356442705539
fusion8_c,524288,6,156.6635,2430445356442705539
fusion8,524288,7,163.1683,2430445356442705539
sorted_array,524288,7,124.8856,2430445356442705539
fusion16_w,524288,7,211.2427,2430445356442705539
fusion8_bf,524288,7,164.8590,2430445356442705539
btree16_bl_a64,524288,7,170.1370,2430445356442705539
btree8_bl,524288,7,126.0529,2430445356442705539
btree8_bl_a64,524288,7,128.0823,2430445356442705539
btree8_a64,524288,7,94.1071,2430445356442705539
btree8,524288,7,101.4908,2430445356442705539
fusion8_c,524288,7,150.5157,2430445356442705539
fusion8_bf,524288,8,168.1366,2430445356442705539
fusion8_c,524288,8,134.4208,2430445356442705539
fusion16_w,524288,8,213.4750,2430445356442705539
btree16_bl_a64,524288,8,174.3088,2430445356442705539
sorted_array,524288,8,122.3801,2430445356442705539
btree8,524288,8,101.3718,2430445356442705539
btree8_bl_a64,524288,8,140.5426,2430445356442705539
btree8_bl,524288,8,125.7263,2430445356442705539
fusion8,524288,8,180.5283,2430445356442705539
btree8_a64,524288,8,107.8156,2430445356442705539
sorted_array,524288,9,122.2260,2430445356442705539
fusion8_bf,524288,9,180.2246,2430445356442705539
fusion8,524288,9,166.1133,2430445356442705539
fusion8_c,524288,9,159.2422,2430445356442705539
btree8_bl_a64,524288,9,127.4628,2430445356442705539
btree16_bl_a64,524288,9,187.3672,2430445356442705539
btree8,524288,9,94.2200,2430445356442705539
btree8_bl,524288,9,117.0380,2430445356442705539
fusion16_w,524288,9,210.3424,2430445356442705539
btree8_a64,524288,9,96.1945,2430445356442705539
btree8_a64,524288,10,75.2274,2430445356442705539
fusion16_w,524288,10,182.9880,2430445356442705539
fusion8_bf,524288,10,172.9156,2430445356442705539
fusion8,524288,10,158.2535,2430445356442705539
btree8,524288,10,94.7113,2430445356442705539
btree16_bl_a64,524288,10,169.6625,2430445356442705539
btree8_bl,524288,10,115.8096,2430445356442705539
btree8_bl_a64,524288,10,129.9805,2430445356442705539
sorted_array,524288,10,121.4066,2430445356442705539
fusion8_c,524288,10,151.3123,2430445356442705539
fusion8_bf,524288,11,162.7014,2430445356442705539
btree8,524288,11,92.8879,2430445356442705539
fusion8,524288,11,158.6624,2430445356442705539
btree8_a64,524288,11,99.3332,2430445356442705539
btree16_bl_a64,524288,11,179.3839,2430445356442705539
fusion8_c,524288,11,156.2439,2430445356442705539
btree8_bl,524288,11,116.1911,2430445356442705539
fusion16_w,524288,11,208.4061,2430445356442705539
btree8_bl_a64,524288,11,137.2879,2430445356442705539
sorted_array,524288,11,121.0251,2430445356442705539
fusion16_w,524288,12,197.6562,2430445356442705539
btree16_bl_a64,524288,12,169.0674,2430445356442705539
btree8_bl,524288,12,117.3218,2430445356442705539
sorted_array,524288,12,121.7255,2430445356442705539
fusion8_c,524288,12,153.5385,2430445356442705539
btree8,524288,12,98.2330,2430445356442705539
fusion8,524288,12,167.0151,2430445356442705539
fusion8_bf,524288,12,164.0015,2430445356442705539
btree8_bl_a64,524288,12,130.5359,2430445356442705539
btree8_a64,524288,12,99.5331,2430445356442705539
btree8_bl_a64,524288,13,99.6109,2430445356442705539
btree8,524288,13,100.3067,2430445356442705539
fusion16_w,524288,13,212.8799,2430445356442705539
btree16_bl_a64,524288,13,166.8259,2430445356442705539
btree8_bl,524288,13,118.5440,2430445356442705539
btree8_a64,524288,13,105.0705,2430445356442705539
fusion8_c,524288,13,147.7661,2430445356442705539
fusion8_bf,524288,13,178.7842,2430445356442705539
fusion8,524288,13,173.7808,2430445356442705539
sorted_array,524288,13,120.9778,2430445356442705539
fusion8_bf,524288,14,170.1523,2430445356442705539
btree16_bl_a64,524288,14,171.1609,2430445356442705539
fusion16_w,524288,14,210.8078,2430445356442705539
fusion8_c,524288,14,151.5823,2430445356442705539
sorted_array,524288,14,120.8344,2430445356442705539
fusion8,524288,14,157.2205,2430445356442705539
btree8_bl,524288,14,111.9858,2430445356442705539
btree8_a64,524288,14,102.2934,2430445356442705539
btree8,524288,14,101.6388,2430445356442705539
btree8_bl_a64,524288,14,127.9022,2430445356442705539
btree8_bl,1048576,0,236.0336,9246909816537294732
fusion16_w,1048576,0,212.5198,9246909816537294732
fusion8_bf,1048576,0,327.6077,9246909816537294732
btree16_bl_a64,1048576,0,175.1785,9246909816537294732
fusion8_c,1048576,0,312.2314,9246909816537294732
btree8,1048576,0,244.8074,9246909816537294732
btree8_a64,1048576,0,245.9106,9246909816537294732
fusion8,1048576,0,336.6272,9246909816537294732
sorted_array,1048576,0,215.4541,9246909816537294732
btree8_bl_a64,1048576,0,233.8120,9246909816537294732
sorted_array,1048576,1,203.5492,9246909816537294732
btree8_bl,1048576,1,238.8351,9246909816537294732
fusion8,1048576,1,331.3828,9246909816537294732
btree8_a64,1048576,1,276.7776,9246909816537294732
btree8,1048576,1,360.4691,9246909816537294732
btree8_bl_a64,1048576,1,232.8171,9246909816537294732
fusion8_bf,1048576,1,328.3875,9246909816537294732
btree16_bl_a64,1048576,1,172.2061,9246909816537294732
fusion16_w,1048576,1,228.7964,9246909816537294732
fusion8_c,1048576,1,312.3657,9246909816537294732
fusion8,1048576,2,336.6531,9246909816537294732
btree16_bl_a64,1048576,2,177.7206,9246909816537294732
btree8,1048576,2,241.5359,9246909816537294732
fusion8_bf,1048576,2,337.9486,9246909816537294732
btree8_bl,1048576,2,235.9146,9246909816537294732
btree8_bl_a64,1048576,2,227.7069,9246909816537294732
fusion8_c,1048576,2,307.9849,9246909816537294732
btree8_a64,1048576,2,247.8271,9246909816537294732
sorted_array,1048576,2,197.4304,9246909816537294732
fusion16_w,1048576,2,219.1620,9246909816537294732
fusion8_bf,1048576,3,347.9462,9246909816537294732
fusion8,1048576,3,341.3879,9246909816537294732
fusion16_w,1048576,3,220.9045,9246909816537294732
btree8,1048576,3,250.0351,9246909816537294732
fusion8_c,1048576,3,304.3381,9246909816537294732
sorted_array,1048576,3,200.3479,9246909816537294732
btree8_bl_a64,1048576,3,233.4915,9246909816537294732
btree16_bl_a64,1048576,3,178.6804,9246909816537294732
btree8_bl,1048576,3,238.0646,9246909816537294732
btree8_a64,1048576,3,247.3541,9246909816537294732
btree8_bl_a64,1048576,4,231.1493,9246909816537294732
btree8,1048576,4,249.1470,9246909816537294732
fusion8_bf,1048576,4,334.5993,9246909816537294732
btree16_bl_a64,1048576,4,181.7139,9246909816537294732
btree8_a64,1048576,4,250.2960,9246909816537294732
btree8_bl,1048576,4,241.3254,9246909816537294732
sorted_array,1048576,4,212.9196,9246909816537294732
fusion8,1048576,4,331.2958,9246909816537294732
fusion8_c,1048576,4,321.1609,9246909816537294732
fusion16_w,1048576,4,225.9705,9246909816537294732
fusion8,1048576,5,350.3128,9246909816537294732
btree8,1048576,5,250.4562,9246909816537294732
btree8_bl_a64,1048576,5,225.7660,9246909816537294732
fusion8_c,1048576,5,311.0382,9246909816537294732
sorted_array,1048576,5,201.1963,9246909816537294732
btree8_a64,1048576,5,245.5704,9246909816537294732
fusion16_w,1048576,5,224.6674,9246909816537294732
btree16_bl_a64,1048576,5,170.9534,9246909816537294732
btree8_bl,1048576,5,240.8157,9246909816537294732
fusion8_bf,1048576,5,329.7897,9246909816537294732
btree8,1048576,6,245.6512,9246909816537294732
sorted_array,1048576,6,201.4191,9246909816537294732
fusion8,1048576,6,334.9930,9246909816537294732
fusion8_c,1048576,6,332.4341,9246909816537294732
fusion8_bf,1048576,6,348.6801,9246909816537294732
fusion16_w,1048576,6,223.7106,9246909816537294732
btree8_bl_a64,1048576,6,228.7506,9246909816537294732
btree16_bl_a64,1048576,6,172.7142,9246909816537294732
btree8_bl,1048576,6,243.4128,9246909816537294732
btree8_a64,1048576,6,246.9315,9246909816537294732
fusion8,1048576,7,336.5341,9246909816537294732
btree8_bl_a64,1048576,7,229.7333,9246909816537294732
btree8,1048576,7,248.9548,9246909816537294732
fusion8_c,1048576,7,312.1002,9246909816537294732
fusion16_w,1048576,7,216.8945,9246909816537294732
fusion8_bf,1048576,7,346.7453,9246909816537294732
btree8_a64,1048576,7,248.9517,9246909816537294732
btree16_bl_a64,1048576,7,173.7061,9246909816537294732
sorted_array,1048576,7,193.0328,9246909816537294732
btree8_bl,1048576,7,252.5284,9246909816537294732
btree8,1048576,8,249.1989,9246909816537294732
fusion8_bf,1048576,8,331.8985,9246909816537294732
fusion8,1048576,8,336.0397,9246909816537294732
fusion16_w,1048576,8,225.9903,9246909816537294732
btree8_a64,1048576,8,247.6807,9246909816537294732
btree8_bl_a64,1048576,8,230.3223,9246909816537294732
fusion8_c,1048576,8,306.6986,9246909816537294732
btree8_bl,1048576,8,239.5889,9246909816537294732
sorted_array,1048576,8,208.3511,9246909816537294732
btree16_bl_a64,1048576,8,169.8608,9246909816537294732
fusion16_w,1048576,9,225.7416,9246909816537294732
btree8_a64,1048576,9,254.7043,9246909816537294732
fusion8_c,1048576,9,310.0494,9246909816537294732
fusion8,1048576,9,344.3527,9246909816537294732
sorted_array,1048576,9,200.9109,9246909816537294732
fusion8_bf,1048576,9,331.4362,9246909816537294732
btree8,1048576,9,247.8973,9246909816537294732
btree16_bl_a64,1048576,9,173.7549,9246909816537294732
btree8_bl_a64,1048576,9,229.2862,9246909816537294732
btree8_bl,1048576,9,241.4673,9246909816537294732
fusion16_w,1048576,10,217.3035,9246909816537294732
btree8_bl_a64,1048576,10,235.8368,9246909816537294732
fusion8,1048576,10,331.0303,9246909816537294732
fusion8_bf,1048576,10,361.2823,9246909816537294732
btree16_bl_a64,1048576,10,173.4222,9246909816537294732
btree8_bl,1048576,10,238.6108,9246909816537294732
btree8,1048576,10,248.0530,9246909816537294732
fusion8_c,1048576,10,308.5602,9246909816537294732
btree8_a64,1048576,10,248.9868,9246909816537294732
sorted_array,1048576,10,199.8154,9246909816537294732
btree8_bl_a64,1048576,11,232.9315,9246909816537294732
fusion8,1048576,11,340.8585,9246909816537294732
sorted_array,1048576,11,183.9706,9246909816537294732
btree8,1048576,11,244.6823,9246909816537294732
fusion8_c,1048576,11,306.5018,9246909816537294732
btree16_bl_a64,1048576,11,167.6987,9246909816537294732
btree8_bl,1048576,11,241.3788,9246909816537294732
btree8_a64,1048576,11,249.8978,9246909816537294732
fusion16_w,1048576,11,221.4233,9246909816537294732
fusion8_bf,1048576,11,344.1681,9246909816537294732
sorted_array,1048576,12,200.5524,9246909816537294732
fusion8_c,1048576,12,308.6899,9246909816537294732
btree8,1048576,12,247.4625,9246909816537294732
btree8_bl,1048576,12,243.2526,9246909816537294732
fusion8,1048576,12,336.2595,9246909816537294732
fusion16_w,1048576,12,221.6171,9246909816537294732
btree8_a64,1048576,12,248.0560,9246909816537294732
btree8_bl_a64,1048576,12,234.0759,9246909816537294732
btree16_bl_a64,1048576,12,172.4686,9246909816537294732
fusion8_bf,1048576,12,327.6428,9246909816537294732
fusion8,1048576,13,341.1697,9246909816537294732
sorted_array,1048576,13,218.4677,9246909816537294732
btree8_bl_a64,1048576,13,230.3955,9246909816537294732
btree16_bl_a64,1048576,13,174.2599,9246909816537294732
fusion8_bf,1048576,13,333.2626,9246909816537294732
btree8_a64,1048576,13,248.6923,9246909816537294732
fusion16_w,1048576,13,218.8965,9246909816537294732
fusion8_c,1048576,13,315.9805,9246909816537294732
btree8,1048576,13,246.2219,9246909816537294732
btree8_bl,1048576,13,242.9123,9246909816537294732
btree16_bl_a64,1048576,14,173.1018,9246909816537294732
btree8_bl,1048576,14,225.8911,9246909816537294732
sorted_array,1048576,14,205.6244,9246909816537294732
btree8,1048576,14,244.4611,9246909816537294732
fusion16_w,1048576,14,222.0108,9246909816537294732
fusion8_c,1048576,14,315.3412,9246909816537294732
btree8_a64,1048576,14,244.8318,9246909816537294732
fusion8_bf,1048576,14,346.6415,9246909816537294732
btree8_bl_a64,1048576,14,229.0680,9246909816537294732
fusion8,1048576,14,333.0399,9246909816537294732
btree8_a64,2097152,0,259.4177,14519592687764155675
btree8_bl_a64,2097152,0,287.6846,14519592687764155675
fusion8_c,2097152,0,320.6512,14519592687764155675
fusion16_w,2097152,0,348.4772,14519592687764155675
btree16_bl_a64,2097152,0,258.5281,14519592687764155675
fusion8,2097152,0,353.2288,14519592687764155675
fusion8_bf,2097152,0,353.9642,14519592687764155675
btree8,2097152,0,254.4556,14519592687764155675
btree8_bl,2097152,0,284.5779,14519592687764155675
sorted_array,2097152,0,291.5482,14519592687764155675
fusion8_c,2097152,1,322.1207,14519592687764155675
fusion16_w,2097152,1,341.2079,14519592687764155675
fusion8_bf,2097152,1,359.6558,14519592687764155675
btree8_a64,2097152,1,258.6716,14519592687764155675
sorted_array,2097152,1,273.5428,14519592687764155675
btree8_bl,2097152,1,288.9175,14519592687764155675
btree8,2097152,1,251.7532,14519592687764155675
btree8_bl_a64,2097152,1,275.3738,14519592687764155675
fusion8,2097152,1,351.2131,14519592687764155675
btree16_bl_a64,2097152,1,264.7247,14519592687764155675
sorted_array,2097152,2,276.2360,14519592687764155675
btree8_a64,2097152,2,255.5283,14519592687764155675
btree8_bl,2097152,2,285.8582,14519592687764155675
fusion8_c,2097152,2,319.9066,14519592687764155675
btree8,2097152,2,257.9117,14519592687764155675
fusion8,2097152,2,350.5753,14519592687764155675
btree16_bl_a64,2097152,2,257.8552,14519592687764155675
fusion16_w,2097152,2,332.9788,14519592687764155675
fusion8_bf,2097152,2,361.9019,14519592687764155675
btree8_bl_a64,2097152,2,278.3096,14519592687764155675
btree16_bl_a64,2097152,3,255.7724,14519592687764155675
btree8_bl,2097152,3,286.4929,14519592687764155675
fusion8_c,2097152,3,323.1354,14519592687764155675
btree8_a64,2097152,3,259.8526,14519592687764155675
fusion16_w,2097152,3,343.9240,14519592687764155675
btree8,2097152,3,257.0786,14519592687764155675
sorted_array,2097152,3,248.8953,14519592687764155675
fusion8,2097152,3,348.0835,14519592687764155675
fusion8_bf,2097152,3,355.9586,14519592687764155675
btree8_bl_a64,2097152,3,277.7405,14519592687764155675
btree8_bl_a64,2097152,4,172.9889,14519592687764155675
btree8_a64,2097152,4,259.7443,14519592687764155675
btree8,2097152,4,255.5756,14519592687764155675
btree16_bl_a64,2097152,4,251.7517,14519592687764155675
fusion16_w,2097152,4,338.6902,14519592687764155675
btree8_bl,2097152,4,287.5504,14519592687764155675
fusion8,2097152,4,353.8681,14519592687764155675
sorted_array,2097152,4,266.5054,14519592687764155675
fusion8_c,2097152,4,333.7234,14519592687764155675
fusion8_bf,2097152,4,357.7759,14519592687764155675
fusion16_w,2097152,5,344.9936,14519592687764155675
btree8,2097152,5,253.4210,14519592687764155675
fusion8,2097152,5,348.4360,14519592687764155675
sorted_array,2097152,5,264.9902,14519592687764155675
fusion8_c,2097152,5,320.2881,14519592687764155675
fusion8_bf,2097152,5,369.6487,14519592687764155675
btree8_bl_a64,2097152,5,281.2347,14519592687764155675
btree16_bl_a64,2097152,5,259.3750,14519592687764155675
btree8_a64,2097152,5,259.4666,14519592687764155675
btree8_bl,2097152,5,287.7975,14519592687764155675
btree8,2097152,6,251.6785,14519592687764155675
btree8_bl_a64,2097152,6,281.8176,14519592687764155675
fusion8_bf,2097152,6,356.4911,14519592687764155675
fusion8_c,2097152,6,357.3898,14519592687764155675
fusion16_w,2097152,6,344.5663,14519592687764155675
sorted_array,2097152,6,283.8867,14519592687764155675
fusion8,2097152,6,351.8585,14519592687764155675
btree8_bl,2097152,6,285.5911,14519592687764155675
btree16_bl_a64,2097152,6,251.8631,14519592687764155675
btree8_a64,2097152,6,256.7307,14519592687764155675
btree8_bl_a64,2097152,7,277.5269,14519592687764155675
fusion16_w,2097152,7,338.2629,14519592687764155675
btree16_bl_a64,2097152,7,255.3955,14519592687764155675
btree8_a64,2097152,7,255.7907,14519592687764155675
fusion8_bf,2097152,7,353.5675,14519592687764155675
fusion8_c,2097152,7,322.8683,14519592687764155675
fusion8,2097152,7,356.2759,14519592687764155675
btree8,2097152,7,255.8319,14519592687764155675
btree8_bl,2097152,7,286.6821,14519592687764155675
sorted_array,2097152,7,271.7667,14519592687764155675
fusion16_w,2097152,8,344.3924,14519592687764155675
btree8_bl,2097152,8,297.5525,14519592687764155675
sorted_array,2097152,8,248.7808,14519592687764155675
fusion8_bf,2097152,8,353.1723,14519592687764155675
btree8,2097152,8,260.5621,14519592687764155675
fusion8_c,2097152,8,319.6014,14519592687764155675
btree16_bl_a64,2097152,8,253.0045,14519592687764155675
btree8_a64,2097152,8,255.8594,14519592687764155675
fusion8,2097152,8,352.9404,14519592687764155675
btree8_bl_a64,2097152,8,279.6524,14519592687764155675
btree8_bl,2097152,9,285.2737,14519592687764155675
fusion8,2097152,9,346.3699,14519592687764155675
fusion8_c,2097152,9,327.4536,14519592687764155675
fusion8_bf,2097152,9,358.3328,14519592687764155675
fusion16_w,2097152,9,326.9714,14519592687764155675
btree8_bl_a64,2097152,9,276.8402,14519592687764155675
btree16_bl_a64,2097152,9,253.1616,14519592687764155675
sorted_array,2097152,9,290.8615,14519592687764155675
btree8,2097152,9,256.3126,14519592687764155675
btree8_a64,2097152,9,257.3654,14519592687764155675
fusion8_c,2097152,10,318.0038,14519592687764155675
fusion16_w,2097152,10,342.8192,14519592687764155675
btree8_bl_a64,2097152,10,275.6851,14519592687764155675
fusion8,2097152,10,349.2264,14519592687764155675
btree8_bl,2097152,10,289.7293,14519592687764155675
fusion8_bf,2097152,10,353.2181,14519592687764155675
btree16_bl_a64,2097152,10,252.7039,14519592687764155675
btree8,2097152,10,257.9330,14519592687764155675
btree8_a64,2097152,10,258.0826,14519592687764155675
sorted_array,2097152,10,278.6728,14519592687764155675
fusion8_bf,2097152,11,359.8831,14519592687764155675
sorted_array,2097152,11,259.7275,14519592687764155675
fusion8_c,2097152,11,329.7653,14519592687764155675
btree8_bl_a64,2097152,11,274.5483,14519592687764155675
btree8_bl,2097152,11,284.5428,14519592687764155675
btree8_a64,2097152,11,260.2264,14519592687764155675
btree8,2097152,11,252.5665,14519592687764155675
btree16_bl_a64,2097152,11,254.6646,14519592687764155675
fusion16_w,2097152,11,336.3449,14519592687764155675
fusion8,2097152,11,350.6454,14519592687764155675
btree16_bl_a64,2097152,12,258.6975,14519592687764155675
fusion8,2097152,12,343.9896,14519592687764155675
sorted_array,2097152,12,269.7342,14519592687764155675
fusion16_w,2097152,12,328.5324,14519592687764155675
fusion8_c,2097152,12,333.9447,14519592687764155675
btree8,2097152,12,251.2863,14519592687764155675
btree8_bl,2097152,12,285.5988,14519592687764155675
fusion8_bf,2097152,12,352.1713,14519592687764155675
btree8_bl_a64,2097152,12,279.2618,14519592687764155675
btree8_a64,2097152,12,261.8408,14519592687764155675
fusion8,2097152,13,349.0219,14519592687764155675
fusion8_c,2097152,13,329.0436,14519592687764155675
fusion8_bf,2097152,13,351.0513,14519592687764155675
fusion16_w,2097152,13,353.2898,14519592687764155675
sorted_array,2097152,13,231.9778,14519592687764155675
btree8,2097152,13,257.7087,14519592687764155675
btree16_bl_a64,2097152,13,253.2333,14519592687764155675
btree8_a64,2097152,13,256.1768,14519592687764155675
btree8_bl,2097152,13,290.0406,14519592687764155675
btree8_bl_a64,2097152,13,280.1498,14519592687764155675
fusion8_c,2097152,14,317.0807,14519592687764155675
btree8,2097152,14,252.5558,14519592687764155675
fusion8_bf,2097152,14,353.4042,14519592687764155675
fusion8,2097152,14,348.7946,14519592687764155675
btree8_bl,2097152,14,287.8601,14519592687764155675
btree16_bl_a64,2097152,14,255.8929,14519592687764155675
btree8_a64,2097152,14,257.1320,14519592687764155675
fusion16_w,2097152,14,340.0772,14519592687764155675
btree8_bl_a64,2097152,14,277.0874,14519592687764155675
sorted_array,2097152,14,266.9815,14519592687764155675
fusion8_bf,4194304,0,364.6240,15606720263345192253
btree8_bl_a64,4194304,0,285.2066,15606720263345192253
btree8,4194304,0,257.0328,15606720263345192253
fusion16_w,4194304,0,393.3640,15606720263345192253
fusion8_c,4194304,0,323.9105,15606720263345192253
btree8_a64,4194304,0,262.2925,15606720263345192253
sorted_array,4194304,0,402.9083,15606720263345192253
btree8_bl,4194304,0,287.1368,15606720263345192253
btree16_bl_a64,4194304,0,355.0598,15606720263345192253
fusion8,4194304,0,351.4801,15606720263345192253
btree8_bl_a64,4194304,1,281.8497,15606720263345192253
btree8_a64,4194304,1,261.3190,15606720263345192253
fusion8,4194304,1,350.1846,15606720263345192253
sorted_array,4194304,1,433.7006,15606720263345192253
fusion16_w,4194304,1,409.1370,15606720263345192253
fusion8_bf,4194304,1,360.9787,15606720263345192253
btree16_bl_a64,4194304,1,350.8286,15606720263345192253
btree8_bl,4194304,1,407.0343,15606720263345192253
fusion8_c,4194304,1,333.6502,15606720263345192253
btree8,4194304,1,255.9372,15606720263345192253
fusion16_w,4194304,2,390.4099,15606720263345192253
fusion8,4194304,2,349.4537,15606720263345192253
fusion8_bf,4194304,2,357.4707,15606720263345192253
btree8_bl,4194304,2,293.5455,15606720263345192253
fusion8_c,4194304,2,329.1031,15606720263345192253
sorted_array,4194304,2,454.0924,15606720263345192253
btree8_a64,4194304,2,259.3765,15606720263345192253
btree16_bl_a64,4194304,2,354.2892,15606720263345192253
btree8_bl_a64,4194304,2,283.8348,15606720263345192253
btree8,4194304,2,259.6039,15606720263345192253
fusion8,4194304,3,354.4083,15606720263345192253
fusion8_bf,4194304,3,366.9083,15606720263345192253
btree16_bl_a64,4194304,3,348.2437,15606720263345192253
fusion16_w,4194304,3,387.4100,15606720263345192253
btree8_bl_a64,4194304,3,284.3811,15606720263345192253
sorted_array,4194304,3,462.6022,15606720263345192253
btree8_a64,4194304,3,259.6710,15606720263345192253
fusion8_c,4194304,3,327.6138,15606720263345192253
btree8,4194304,3,260.7910,15606720263345192253
btree8_bl,4194304,3,291.9418,15606720263345192253
fusion8_bf,4194304,4,361.5036,15606720263345192253
btree8,4194304,4,263.7344,15606720263345192253
btree8_bl,4194304,4,288.8779,15606720263345192253
sorted_array,4194304,4,440.6815,15606720263345192253
fusion8_c,4194304,4,329.4998,15606720263345192253
btree16_bl_a64,4194304,4,350.7401,15606720263345192253
fusion8,4194304,4,354.0451,15606720263345192253
btree8_bl_a64,4194304,4,281.6040,15606720263345192253
fusion16_w,4194304,4,386.3968,15606720263345192253
btree8_a64,4194304,4,263.4567,15606720263345192253
fusion16_w,4194304,5,391.6290,15606720263345192253
sorted_array,4194304,5,435.9055,15606720263345192253
btree16_bl_a64,4194304,5,352.6993,15606720263345192253
btree8,4194304,5,254.8615,15606720263345192253
btree8_bl,4194304,5,292.9596,15606720263345192253
fusion8_bf,4194304,5,357.7377,15606720263345192253
btree8_bl_a64,4194304,5,283.5648,15606720263345192253
fusion8,4194304,5,350.6714,15606720263345192253
btree8_a64,4194304,5,262.9288,15606720263345192253
fusion8_c,4194304,5,334.7076,15606720263345192253
btree8_a64,4194304,6,258.7402,15606720263345192253
sorted_array,4194304,6,443.2449,15606720263345192253
btree8_bl_a64,4194304,6,283.3694,15606720263345192253
btree8,4194304,6,263.9481,15606720263345192253
fusion8_c,4194304,6,327.5558,15606720263345192253
fusion8_bf,4194304,6,363.2858,15606720263345192253
btree8_bl,4194304,6,293.1808,15606720263345192253
fusion16_w,4194304,6,391.7786,15606720263345192253
btree16_bl_a64,4194304,6,351.2619,15606720263345192253
fusion8,4194304,6,353.6057,15606720263345192253
btree8,4194304,7,259.8404,15606720263345192253
sorted_array,4194304,7,452.3972,15606720263345192253
fusion16_w,4194304,7,406.9962,15606720263345192253
fusion8,4194304,7,356.5750,15606720263345192253
fusion8_c,4194304,7,327.1729,15606720263345192253
btree8_bl_a64,4194304,7,280.8884,15606720263345192253
btree16_bl_a64,4194304,7,352.1286,15606720263345192253
btree8_bl,4194304,7,303.1281,15606720263345192253
btree8_a64,4194304,7,260.3333,15606720263345192253
fusion8_bf,4194304,7,362.5656,15606720263345192253
fusion8,4194304,8,355.6900,15606720263345192253
fusion16_w,4194304,8,413.3820,15606720263345192253
btree8,4194304,8,261.3617,15606720263345192253
btree16_bl_a64,4194304,8,348.5764,15606720263345192253
btree8_bl,4194304,8,290.5121,15606720263345192253
sorted_array,4194304,8,453.5233,15606720263345192253
fusion8_c,4194304,8,327.8870,15606720263345192253
fusion8_bf,4194304,8,365.3549,15606720263345192253
btree8_bl_a64,4194304,8,285.1669,15606720263345192253
btree8_a64,4194304,8,263.5162,15606720263345192253
btree8_bl_a64,4194304,9,280.9952,15606720263345192253
btree8,4194304,9,263.3926,15606720263345192253
fusion8_bf,4194304,9,357.5684,15606720263345192253
btree8_a64,4194304,9,264.9796,15606720263345192253
fusion8,4194304,9,356.3766,15606720263345192253
btree8_bl,4194304,9,291.1255,15606720263345192253
btree16_bl_a64,4194304,9,351.0574,15606720263345192253
fusion8_c,4194304,9,325.9247,15606720263345192253
fusion16_w,4194304,9,402.3163,15606720263345192253
sorted_array,4194304,9,390.3519,15606720263345192253
fusion8,4194304,10,358.2581,15606720263345192253
fusion16_w,4194304,10,390.2985,15606720263345192253
sorted_array,4194304,10,435.4416,15606720263345192253
fusion8_c,4194304,10,330.6732,15606720263345192253
btree8,4194304,10,263.8504,15606720263345192253
fusion8_bf,4194304,10,365.0818,15606720263345192253
btree8_bl_a64,4194304,10,287.2040,15606720263345192253
btree8_bl,4194304,10,292.1646,15606720263345192253
btree8_a64,4194304,10,264.0076,15606720263345192253
btree16_bl_a64,4194304,10,351.5289,15606720263345192253
fusion8_c,4194304,11,325.4288,15606720263345192253
btree8_bl,4194304,11,293.2083,15606720263345192253
fusion8_bf,4194304,11,356.2134,15606720263345192253
fusion8,4194304,11,352.8580,15606720263345192253
btree8,4194304,11,260.4416,15606720263345192253
btree8_a64,4194304,11,259.8175,15606720263345192253
btree8_bl_a64,4194304,11,286.3556,15606720263345192253
btree16_bl_a64,4194304,11,347.9431,15606720263345192253
sorted_array,4194304,11,431.5628,15606720263345192253
fusion16_w,4194304,11,389.3860,15606720263345192253
fusion8_bf,4194304,12,362.5061,15606720263345192253
btree8_bl_a64,4194304,12,287.4924,15606720263345192253
fusion16_w,4194304,12,387.5854,15606720263345192253
sorted_array,4194304,12,435.9070,15606720263345192253
btree8_bl,4194304,12,294.4366,15606720263345192253
btree16_bl_a64,4194304,12,347.0001,15606720263345192253
fusion8_c,4194304,12,330.6290,15606720263345192253
fusion8,4194304,12,354.5502,15606720263345192253
btree8,4194304,12,261.8515,15606720263345192253
btree8_a64,4194304,12,261.0886,15606720263345192253
sorted_array,4194304,13,476.0941,15606720263345192253
fusion8_bf,4194304,13,360.8673,15606720263345192253
btree8_a64,4194304,13,264.5187,15606720263345192253
btree16_bl_a64,4194304,13,358.1299,15606720263345192253
btree8_bl,4194304,13,291.8823,15606720263345192253
fusion8_c,4194304,13,328.1219,15606720263345192253
fusion16_w,4194304,13,397.9874,15606720263345192253
btree8_bl_a64,4194304,13,285.7361,15606720263345192253
fusion8,4194304,13,357.2220,15606720263345192253
btree8,4194304,13,260.2783,15606720263345192253
fusion8_bf,4194304,14,360.8734,15606720263345192253
fusion16_w,4194304,14,394.2566,15606720263345192253
fusion8,4194304,14,353.0670,15606720263345192253
btree16_bl_a64,4194304,14,350.1892,15606720263345192253
fusion8_c,4194304,14,331.2851,15606720263345192253
btree8,4194304,14,268.7408,15606720263345192253
btree8_bl,4194304,14,295.6543,15606720263345192253
btree8_a64,4194304,14,261.6501,15606720263345192253
btree8_bl_a64,4194304,14,283.0856,15606720263345192253
sorted_array,4194304,14,455.7678,15606720263345192253
btree16_bl_a64,8388608,0,366.1697,10131753818064663245
fusion16_w,8388608,0,428.8834,10131753818064663245
fusion8_bf,8388608,0,525.9933,10131753818064663245
btree8_a64,8388608,0,407.0419,10131753818064663245
btree8_bl,8388608,0,399.4583,10131753818064663245
fusion8_c,8388608,0,476.5457,10131753818064663245
btree8,8388608,0,404.4479,10131753818064663245
fusion8,8388608,0,520.8862,10131753818064663245
sorted_array,8388608,0,685.5301,10131753818064663245
btree8_bl_a64,8388608,0,385.6964,10131753818064663245
btree8_bl,8388608,1,402.0645,10131753818064663245
fusion8,8388608,1,525.6287,10131753818064663245
fusion8_c,8388608,1,497.9019,10131753818064663245
fusion8_bf,8388608,1,556.5308,10131753818064663245
btree16_bl_a64,8388608,1,457.2067,10131753818064663245
fusion16_w,8388608,1,428.4454,10131753818064663245
btree8,8388608,1,399.1455,10131753818064663245
sorted_array,8388608,1,671.9925,10131753818064663245
btree8_a64,8388608,1,403.8544,10131753818064663245
btree8_bl_a64,8388608,1,384.2270,10131753818064663245
btree8_a64,8388608,2,394.3008,10131753818064663245
fusion8_c,8388608,2,483.3969,10131753818064663245
btree16_bl_a64,8388608,2,366.1652,10131753818064663245
sorted_array,8388608,2,694.5602,10131753818064663245
fusion8_bf,8388608,2,521.4905,10131753818064663245
btree8_bl_a64,8388608,2,389.1006,10131753818064663245
fusion8,8388608,2,518.4738,10131753818064663245
btree8_bl,8388608,2,401.6800,10131753818064663245
btree8,8388608,2,403.6194,10131753818064663245
fusion16_w,8388608,2,434.1339,10131753818064663245
btree8_bl_a64,8388608,3,394.1223,10131753818064663245
fusion16_w,8388608,3,420.5688,10131753818064663245
btree16_bl_a64,8388608,3,370.8755,10131753818064663245
fusion8,8388608,3,516.3834,10131753818064663245
fusion8_c,8388608,3,495.5627,10131753818064663245
sorted_array,8388608,3,654.1382,10131753818064663245
btree8_bl,8388608,3,403.4866,10131753818064663245
btree8,8388608,3,400.6699,10131753818064663245
btree8_a64,8388608,3,400.8331,10131753818064663245
fusion8_bf,8388608,3,519.9707,10131753818064663245
btree8_bl,8388608,4,400.0519,10131753818064663245
btree8,8388608,4,399.9344,10131753818064663245
btree16_bl_a64,8388608,4,369.0063,10131753818064663245
fusion16_w,8388608,4,429.4662,10131753818064663245
sorted_array,8388608,4,686.5417,10131753818064663245
fusion8_bf,8388608,4,522.2519,10131753818064663245
btree8_bl_a64,8388608,4,389.0823,10131753818064663245
btree8_a64,8388608,4,407.9437,10131753818064663245
fusion8_c,8388608,4,482.5150,10131753818064663245
fusion8,8388608,4,516.7023,10131753818064663245
fusion8_c,8388608,5,487.0056,10131753818064663245
fusion16_w,8388608,5,429.8141,10131753818064663245
btree8,8388608,5,417.2089,10131753818064663245
sorted_array,8388608,5,687.7716,10131753818064663245
btree16_bl_a64,8388608,5,362.2940,10131753818064663245
btree8_bl_a64,8388608,5,387.6312,10131753818064663245
btree8_bl,8388608,5,404.6417,10131753818064663245
fusion8,8388608,5,518.7363,10131753818064663245
fusion8_bf,8388608,5,521.4294,10131753818064663245
btree8_a64,8388608,5,409.0851,10131753818064663245
fusion8,8388608,6,515.7364,10131753818064663245
btree8_bl,8388608,6,404.4403,10131753818064663245
btree8_a64,8388608,6,409.4360,10131753818064663245
fusion8_c,8388608,6,486.3617,10131753818064663245
fusion16_w,8388608,6,435.6140,10131753818064663245
sorted_array,8388608,6,692.6514,10131753818064663245
fusion8_bf,8388608,6,520.6848,10131753818064663245
btree16_bl_a64,8388608,6,370.5734,10131753818064663245
btree8_bl_a64,8388608,6,389.5279,10131753818064663245
btree8,8388608,6,402.3117,10131753818064663245
btree16_bl_a64,8388608,7,371.2646,10131753818064663245
btree8,8388608,7,396.9177,10131753818064663245
fusion8_bf,8388608,7,525.0610,10131753818064663245
fusion8,8388608,7,517.3325,10131753818064663245
btree8_bl,8388608,7,409.8083,10131753818064663245
btree8_bl_a64,8388608,7,386.4014,10131753818064663245
sorted_array,8388608,7,700.3632,10131753818064663245
fusion16_w,8388608,7,428.2074,10131753818064663245
fusion8_c,8388608,7,502.1942,10131753818064663245
btree8_a64,8388608,7,401.6129,10131753818064663245
fusion8_c,8388608,8,484.8465,10131753818064663245
fusion8_bf,8388608,8,530.7663,10131753818064663245
btree16_bl_a64,8388608,8,365.5029,10131753818064663245
btree8_a64,8388608,8,403.3203,10131753818064663245
sorted_array,8388608,8,697.1771,10131753818064663245
btree8_bl_a64,8388608,8,385.4294,10131753818064663245
btree8,8388608,8,404.2969,10131753818064663245
fusion8,8388608,8,513.4583,10131753818064663245
fusion16_w,8388608,8,433.8608,10131753818064663245
btree8_bl,8388608,8,409.5856,10131753818064663245
fusion8_c,8388608,9,478.9612,10131753818064663245
btree16_bl_a64,8388608,9,367.8009,10131753818064663245
fusion8,8388608,9,521.1075,10131753818064663245
fusion16_w,8388608,9,434.5825,10131753818064663245
btree8_bl,8388608,9,406.9199,10131753818064663245
btree8_a64,8388608,9,403.1754,10131753818064663245
fusion8_bf,8388608,9,527.1515,10131753818064663245
btree8_bl_a64,8388608,9,383.5480,10131753818064663245
btree8,8388608,9,401.7365,10131753818064663245
sorted_array,8388608,9,694.8776,10131753818064663245
fusion8,8388608,10,514.2746,10131753818064663245
sorted_array,8388608,10,687.5809,10131753818064663245
fusion8_c,8388608,10,485.2158,10131753818064663245
fusion8_bf,8388608,10,524.6506,10131753818064663245
btree8_bl_a64,8388608,10,384.0225,10131753818064663245
btree16_bl_a64,8388608,10,366.3284,10131753818064663245
btree8_bl,8388608,10,402.4475,10131753818064663245
fusion16_w,8388608,10,423.7564,10131753818064663245
btree8,8388608,10,401.4542,10131753818064663245
btree8_a64,8388608,10,402.1149,10131753818064663245
btree8,8388608,11,404.5502,10131753818064663245
sorted_array,8388608,11,666.7130,10131753818064663245
btree8_bl,8388608,11,407.6843,10131753818064663245
btree16_bl_a64,8388608,11,370.0119,10131753818064663245
btree8_a64,8388608,11,404.8660,10131753818064663245
fusion8_c,8388608,11,486.9812,10131753818064663245
fusion8_bf,8388608,11,532.7438,10131753818064663245
fusion16_w,8388608,11,431.0181,10131753818064663245
btree8_bl_a64,8388608,11,389.7507,10131753818064663245
fusion8,8388608,11,514.1495,10131753818064663245
sorted_array,8388608,12,668.9667,10131753818064663245
btree8_a64,8388608,12,407.0587,10131753818064663245
btree8,8388608,12,398.3444,10131753818064663245
fusion8_c,8388608,12,480.0308,10131753818064663245
btree8_bl,8388608,12,406.2637,10131753818064663245
fusion8_bf,8388608,12,519.2703,10131753818064663245
fusion16_w,8388608,12,433.9706,10131753818064663245
btree8_bl_a64,8388608,12,389.0488,10131753818064663245
fusion8,8388608,12,513.4338,10131753818064663245
btree16_bl_a64,8388608,12,362.2772,10131753818064663245
btree8,8388608,13,402.8244,10131753818064663245
btree16_bl_a64,8388608,13,363.4811,10131753818064663245
fusion8,8388608,13,524.1272,10131753818064663245
btree8_bl,8388608,13,400.8499,10131753818064663245
btree8_a64,8388608,13,411.0031,10131753818064663245
fusion16_w,8388608,13,432.1762,10131753818064663245
btree8_bl_a64,8388608,13,394.6274,10131753818064663245
fusion8_bf,8388608,13,518.2129,10131753818064663245
fusion8_c,8388608,13,485.3760,10131753818064663245
sorted_array,8388608,13,717.2897,10131753818064663245
fusion8_bf,8388608,14,519.5251,10131753818064663245
btree8_bl,8388608,14,391.7084,10131753818064663245
btree8_bl_a64,8388608,14,386.3052,10131753818064663245
btree8,8388608,14,406.6422,10131753818064663245
sorted_array,8388608,14,701.1292,10131753818064663245
fusion8,8388608,14,521.6309,10131753818064663245
fusion16_w,8388608,14,439.1205,10131753818064663245
fusion8_c,8388608,14,485.6476,10131753818064663245
btree8_a64,8388608,14,405.6335,10131753818064663245
btree16_bl_a64,8388608,14,363.7772,10131753818064663245
fusion8,16777216,0,559.4009,3590053196634910135
fusion16_w,16777216,0,430.4977,3590053196634910135
btree8,16777216,0,438.4491,3590053196634910135
btree16_bl_a64,16777216,0,365.6952,3590053196634910135
btree8_bl_a64,16777216,0,450.4776,3590053196634910135
btree8_bl,16777216,0,468.6935,3590053196634910135
fusion8_bf,16777216,0,570.6879,3590053196634910135
btree8_a64,16777216,0,435.5881,3590053196634910135
fusion8_c,16777216,0,559.8694,3590053196634910135
sorted_array,16777216,0,977.6382,3590053196634910135
btree8,16777216,1,441.5482,3590053196634910135
btree16_bl_a64,16777216,1,364.8361,3590053196634910135
btree8_bl,16777216,1,471.6156,3590053196634910135
fusion8_c,16777216,1,510.9192,3590053196634910135
btree8_bl_a64,16777216,1,450.8759,3590053196634910135
btree8_a64,16777216,1,434.5840,3590053196634910135
sorted_array,16777216,1,888.2141,3590053196634910135
fusion8,16777216,1,555.3757,3590053196634910135
fusion8_bf,16777216,1,569.9280,3590053196634910135
fusion16_w,16777216,1,432.1365,3590053196634910135
btree8_a64,16777216,2,434.8831,3590053196634910135
fusion8,16777216,2,556.7490,3590053196634910135
btree8_bl,16777216,2,472.3618,3590053196634910135
sorted_array,16777216,2,897.0245,3590053196634910135
fusion8_c,16777216,2,515.5685,3590053196634910135
fusion8_bf,16777216,2,566.6489,3590053196634910135
btree8_bl_a64,16777216,2,451.5244,3590053196634910135
btree16_bl_a64,16777216,2,363.1622,3590053196634910135
fusion16_w,16777216,2,430.4810,3590053196634910135
btree8,16777216,2,445.7214,3590053196634910135
btree8,16777216,3,393.2373,3590053196634910135
btree8_a64,16777216,3,437.7121,3590053196634910135
fusion8,16777216,3,568.4525,3590053196634910135
fusion8_bf,16777216,3,578.8834,3590053196634910135
sorted_array,16777216,3,880.3818,3590053196634910135
fusion16_w,16777216,3,431.9031,3590053196634910135
btree16_bl_a64,16777216,3,364.8605,3590053196634910135
btree8_bl,16777216,3,478.6301,3590053196634910135
fusion8_c,16777216,3,525.3265,3590053196634910135
btree8_bl_a64,16777216,3,462.9547,3590053196634910135
fusion8,16777216,4,566.4825,3590053196634910135
fusion8_c,16777216,4,523.9868,3590053196634910135
btree8,16777216,4,442.5629,3590053196634910135
fusion16_w,16777216,4,428.4286,3590053196634910135
btree8_a64,16777216,4,433.9462,3590053196634910135
btree8_bl,16777216,4,471.8231,3590053196634910135
sorted_array,16777216,4,938.4216,3590053196634910135
btree8_bl_a64,16777216,4,445.0089,3590053196634910135
btree16_bl_a64,16777216,4,363.4399,3590053196634910135
fusion8_bf,16777216,4,567.4927,3590053196634910135
fusion8,16777216,5,567.4774,3590053196634910135
btree8,16777216,5,437.9486,3590053196634910135
btree8_bl_a64,16777216,5,452.2171,3590053196634910135
fusion8_c,16777216,5,512.7151,3590053196634910135
btree16_bl_a64,16777216,5,369.0369,3590053196634910135
btree8_a64,16777216,5,440.2817,3590053196634910135
btree8_bl,16777216,5,469.5892,3590053196634910135
fusion16_w,16777216,5,429.3137,3590053196634910135
sorted_array,16777216,5,892.5751,3590053196634910135
fusion8_bf,16777216,5,573.9426,3590053196634910135
sorted_array,16777216,6,884.9518,3590053196634910135
fusion8_c,16777216,6,513.9236,3590053196634910135
btree8,16777216,6,439.6164,3590053196634910135
fusion8,16777216,6,558.7799,3590053196634910135
btree8_bl,16777216,6,472.7310,3590053196634910135
btree8_a64,16777216,6,436.2381,3590053196634910135
btree16_bl_a64,16777216,6,361.5021,3590053196634910135
fusion16_w,16777216,6,433.6700,3590053196634910135
btree8_bl_a64,16777216,6,452.4841,3590053196634910135
fusion8_bf,16777216,6,571.6476,3590053196634910135
btree8_bl_a64,16777216,7,453.0380,3590053196634910135
btree8,16777216,7,443.8950,3590053196634910135
btree8_a64,16777216,7,442.4011,3590053196634910135
fusion8_c,16777216,7,521.0190,3590053196634910135
btree16_bl_a64,16777216,7,364.4958,3590053196634910135
fusion8_bf,16777216,7,559.5215,3590053196634910135
fusion8,16777216,7,560.9009,3590053196634910135
sorted_array,16777216,7,904.5944,3590053196634910135
btree8_bl,16777216,7,472.2977,3590053196634910135
fusion16_w,16777216,7,430.7327,3590053196634910135
fusion8,16777216,8,563.9679,3590053196634910135
sorted_array,16777216,8,900.8957,3590053196634910135
fusion8_c,16777216,8,523.7961,3590053196634910135
btree8,16777216,8,439.1052,3590053196634910135
btree8_bl_a64,16777216,8,450.0229,3590053196634910135
btree8_bl,16777216,8,469.1437,3590053196634910135
fusion16_w,16777216,8,433.8730,3590053196634910135
fusion8_bf,16777216,8,565.6448,3590053196634910135
btree16_bl_a64,16777216,8,365.3625,3590053196634910135
btree8_a64,16777216,8,437.1475,3590053196634910135
fusion8,16777216,9,564.5508,3590053196634910135
btree8,16777216,9,437.3520,3590053196634910135
fusion8_c,16777216,9,518.5333,3590053196634910135
fusion16_w,16777216,9,435.7468,3590053196634910135
sorted_array,16777216,9,906.3400,3590053196634910135
btree8_bl_a64,16777216,9,444.7678,3590053196634910135
btree16_bl_a64,16777216,9,366.2231,3590053196634910135
btree8_bl,16777216,9,474.5560,3590053196634910135
fusion8_bf,16777216,9,567.1524,3590053196634910135
btree8_a64,16777216,9,437.1078,3590053196634910135
btree8,16777216,10,436.9507,3590053196634910135
fusion16_w,16777216,10,431.6818,3590053196634910135
fusion8_c,16777216,10,528.5812,3590053196634910135
btree8_a64,16777216,10,433.5220,3590053196634910135
fusion8,16777216,10,564.2227,3590053196634910135
btree8_bl_a64,16777216,10,452.8961,3590053196634910135
sorted_array,16777216,10,903.5217,3590053196634910135
fusion8_bf,16777216,10,569.5786,3590053196634910135
btree8_bl,16777216,10,478.5843,3590053196634910135
btree16_bl_a64,16777216,10,364.0778,3590053196634910135
btree8_a64,16777216,11,438.3041,3590053196634910135
btree8,16777216,11,441.9861,3590053196634910135
fusion8_c,16777216,11,520.3125,3590053196634910135
btree8_bl_a64,16777216,11,452.0660,3590053196634910135
fusion8_bf,16777216,11,563.6414,3590053196634910135
fusion8,16777216,11,560.3226,3590053196634910135
btree8_bl,16777216,11,473.4116,3590053196634910135
fusion16_w,16777216,11,430.4260,3590053196634910135
btree16_bl_a64,16777216,11,362.3520,3590053196634910135
sorted_array,16777216,11,893.2755,3590053196634910135
fusion8_c,16777216,12,509.4681,3590053196634910135
sorted_array,16777216,12,924.9283,3590053196634910135
btree8_bl_a64,16777216,12,454.3045,3590053196634910135
btree8_bl,16777216,12,469.6655,3590053196634910135
btree16_bl_a64,16777216,12,367.5247,3590053196634910135
fusion8_bf,16777216,12,572.3724,3590053196634910135
btree8_a64,16777216,12,440.8463,3590053196634910135
fusion16_w,16777216,12,434.7351,3590053196634910135
fusion8,16777216,12,572.4731,3590053196634910135
btree8,16777216,12,435.9665,3590053196634910135
fusion16_w,16777216,13,433.2321,3590053196634910135
btree8_bl,16777216,13,475.4944,3590053196634910135
fusion8_bf,16777216,13,589.9948,3590053196634910135
btree8_bl_a64,16777216,13,452.0325,3590053196634910135
btree8_a64,16777216,13,435.2631,3590053196634910135
fusion8,16777216,13,565.5960,3590053196634910135
btree16_bl_a64,16777216,13,362.3444,3590053196634910135
sorted_array,16777216,13,894.4489,3590053196634910135
btree8,16777216,13,439.9536,3590053196634910135
fusion8_c,16777216,13,510.8780,3590053196634910135
sorted_array,16777216,14,905.5206,3590053196634910135
btree8_a64,16777216,14,439.2212,3590053196634910135
btree8_bl_a64,16777216,14,460.0739,3590053196634910135
fusion8_c,16777216,14,514.2899,3590053196634910135
btree8_bl,16777216,14,473.5947,3590053196634910135
btree8,16777216,14,436.6989,3590053196634910135
fusion16_w,16777216,14,432.7194,3590053196634910135
btree16_bl_a64,16777216,14,365.1535,3590053196634910135
fusion8,16777216,14,568.5394,3590053196634910135
fusion8_bf,16777216,14,577.1545,3590053196634910135
fusion8_c,33554432,0,522.4350,14493871693595802041
btree8_bl,33554432,0,481.2180,14493871693595802041
btree8,33554432,0,447.9828,14493871693595802041
fusion8,33554432,0,573.1186,14493871693595802041
btree8_bl_a64,33554432,0,477.0294,14493871693595802041
fusion16_w,33554432,0,599.8550,14493871693595802041
btree16_bl_a64,33554432,0,496.3181,14493871693595802041
fusion8_bf,33554432,0,576.2360,14493871693595802041
sorted_array,33554432,0,1055.7800,14493871693595802041
btree8_a64,33554432,0,443.4937,14493871693595802041
fusion16_w,33554432,1,608.5449,14493871693595802041
sorted_array,33554432,1,1050.1633,14493871693595802041
btree8_bl_a64,33554432,1,461.1664,14493871693595802041
btree8_bl,33554432,1,477.3956,14493871693595802041
fusion8,33554432,1,567.3584,14493871693595802041
btree8,33554432,1,452.8961,14493871693595802041
fusion8_bf,33554432,1,569.8059,14493871693595802041
fusion8_c,33554432,1,532.0236,14493871693595802041
btree16_bl_a64,33554432,1,502.8214,14493871693595802041
btree8_a64,33554432,1,440.0436,14493871693595802041
sorted_array,33554432,2,994.9615,14493871693595802041
btree8,33554432,2,446.5271,14493871693595802041
fusion8_c,33554432,2,528.2288,14493871693595802041
fusion16_w,33554432,2,612.5748,14493871693595802041
btree8_a64,33554432,2,449.4049,14493871693595802041
btree16_bl_a64,33554432,2,504.3549,14493871693595802041
btree8_bl,33554432,2,497.0200,14493871693595802041
fusion8,33554432,2,603.7262,14493871693595802041
fusion8_bf,33554432,2,573.6618,14493871693595802041
btree8_bl_a64,33554432,2,463.9786,14493871693595802041
fusion16_w,33554432,3,607.9620,14493871693595802041
sorted_array,33554432,3,1056.3766,14493871693595802041
fusion8,33554432,3,569.9417,14493871693595802041
btree8_bl_a64,33554432,3,457.1686,14493871693595802041
fusion8_c,33554432,3,527.7817,14493871693595802041
btree8_a64,33554432,3,446.0754,14493871693595802041
btree8,33554432,3,446.9070,14493871693595802041
btree8_bl,33554432,3,482.7103,14493871693595802041
fusion8_bf,33554432,3,566.1835,14493871693595802041
btree16_bl_a64,33554432,3,497.0139,14493871693595802041
fusion16_w,33554432,4,608.6517,14493871693595802041
btree8_bl_a64,33554432,4,463.2401,14493871693595802041
sorted_array,33554432,4,1089.4562,14493871693595802041
btree8_bl,33554432,4,482.2937,14493871693595802041
fusion8,33554432,4,562.5626,14493871693595802041
fusion8_bf,33554432,4,573.1262,14493871693595802041
btree8,33554432,4,447.3923,14493871693595802041
fusion8_c,33554432,4,533.9874,14493871693595802041
btree8_a64,33554432,4,445.4086,14493871693595802041
btree16_bl_a64,33554432,4,502.1133,14493871693595802041
fusion8,33554432,5,568.9240,14493871693595802041
fusion8_c,33554432,5,525.6668,14493871693595802041
btree16_bl_a64,33554432,5,503.0701,14493871693595802041
btree8_a64,33554432,5,442.9382,14493871693595802041
btree8_bl_a64,33554432,5,458.1375,14493871693595802041
btree8_bl,33554432,5,481.9458,14493871693595802041
fusion16_w,33554432,5,605.8304,14493871693595802041
fusion8_bf,33554432,5,576.4465,14493871693595802041
sorted_array,33554432,5,961.8744,14493871693595802041
btree8,33554432,5,448.3185,14493871693595802041
fusion8_bf,33554432,6,568.0862,14493871693595802041
fusion16_w,33554432,6,608.9020,14493871693595802041
btree8,33554432,6,447.3770,14493871693595802041
btree8_bl_a64,33554432,6,460.0143,14493871693595802041
fusion8_c,33554432,6,523.8327,14493871693595802041
sorted_array,33554432,6,1077.4338,14493871693595802041
fusion8,33554432,6,568.1870,14493871693595802041
btree16_bl_a64,33554432,6,500.0412,14493871693595802041
btree8_a64,33554432,6,444.9982,14493871693595802041
btree8_bl,33554432,6,500.3265,14493871693595802041
fusion16_w,33554432,7,604.9484,14493871693595802041
btree8_bl_a64,33554432,7,461.4914,14493871693595802041
btree16_bl_a64,33554432,7,504.6280,14493871693595802041
btree8_bl,33554432,7,490.2313,14493871693595802041
fusion8_c,33554432,7,528.6545,14493871693595802041
fusion8_bf,33554432,7,570.9122,14493871693595802041
sorted_array,33554432,7,1098.0667,14493871693595802041
btree8_a64,33554432,7,446.2952,14493871693595802041
fusion8,33554432,7,571.9131,14493871693595802041
btree8,33554432,7,449.5728,14493871693595802041
btree8_bl_a64,33554432,8,462.0667,14493871693595802041
fusion8_c,33554432,8,522.0810,14493871693595802041
fusion8,33554432,8,575.0900,14493871693595802041
fusion8_bf,33554432,8,572.9355,14493871693595802041
btree16_bl_a64,33554432,8,501.6205,14493871693595802041
btree8_a64,33554432,8,444.9875,14493871693595802041
sorted_array,33554432,8,1059.4391,14493871693595802041
btree8_bl,33554432,8,486.9156,14493871693595802041
btree8,33554432,8,442.5583,14493871693595802041
fusion16_w,33554432,8,611.0764,14493871693595802041
btree8_a64,33554432,9,454.3442,14493871693595802041
btree8_bl,33554432,9,488.4705,14493871693595802041
btree8,33554432,9,445.9946,14493871693595802041
btree16_bl_a64,33554432,9,496.8750,14493871693595802041
fusion8,33554432,9,571.2570,14493871693595802041
fusion8_c,33554432,9,525.4181,14493871693595802041
fusion8_bf,33554432,9,571.4310,14493871693595802041
sorted_array,33554432,9,1089.9155,14493871693595802041
btree8_bl_a64,33554432,9,462.1613,14493871693595802041
fusion16_w,33554432,9,604.5166,14493871693595802041
btree8_a64,33554432,10,447.0535,14493871693595802041
btree16_bl_a64,33554432,10,502.6062,14493871693595802041
btree8,33554432,10,446.5317,14493871693595802041
fusion16_w,33554432,10,609.5078,14493871693595802041
sorted_array,33554432,10,1117.4469,14493871693595802041
btree8_bl,33554432,10,493.2938,14493871693595802041
fusion8_c,33554432,10,522.4396,14493871693595802041
fusion8_bf,33554432,10,575.3036,14493871693595802041
fusion8,33554432,10,563.0783,14493871693595802041
btree8_bl_a64,33554432,10,459.9258,14493871693595802041
fusion8_bf,33554432,11,564.4165,14493871693595802041
fusion8,33554432,11,577.3041,14493871693595802041
btree16_bl_a64,33554432,11,496.5134,14493871693595802041
btree8_bl,33554432,11,491.7236,14493871693595802041
fusion16_w,33554432,11,600.2731,14493871693595802041
sorted_array,33554432,11,1087.5748,14493871693595802041
fusion8_c,33554432,11,527.7878,14493871693595802041
btree8,33554432,11,445.1614,14493871693595802041
btree8_a64,33554432,11,442.8116,14493871693595802041
btree8_bl_a64,33554432,11,460.6705,14493871693595802041
btree8_bl,33554432,12,485.6873,14493871693595802041
fusion8_c,33554432,12,520.9412,14493871693595802041
fusion16_w,33554432,12,616.6580,14493871693595802041
btree8_a64,33554432,12,451.0712,14493871693595802041
fusion8_bf,33554432,12,570.4422,14493871693595802041
sorted_array,33554432,12,1101.3229,14493871693595802041
fusion8,33554432,12,574.8062,14493871693595802041
btree8,33554432,12,448.7183,14493871693595802041
btree16_bl_a64,33554432,12,508.1619,14493871693595802041
btree8_bl_a64,33554432,12,456.8604,14493871693595802041
btree8_a64,33554432,13,441.8854,14493871693595802041
fusion8,33554432,13,575.0473,14493871693595802041
fusion8_bf,33554432,13,585.0235,14493871693595802041
btree8_bl_a64,33554432,13,481.8298,14493871693595802041
btree8_bl,33554432,13,491.9128,14493871693595802041
fusion8_c,33554432,13,523.6679,14493871693595802041
btree16_bl_a64,33554432,13,496.2219,14493871693595802041
sorted_array,33554432,13,1109.6542,14493871693595802041
btree8,33554432,13,442.4194,14493871693595802041
fusion16_w,33554432,13,603.2349,14493871693595802041
fusion16_w,33554432,14,547.1054,14493871693595802041
btree8_bl_a64,33554432,14,458.0704,14493871693595802041
fusion8_c,33554432,14,525.0443,14493871693595802041
btree8_a64,33554432,14,447.6120,14493871693595802041
sorted_array,33554432,14,1061.8225,14493871693595802041
fusion8,33554432,14,561.8607,14493871693595802041
btree16_bl_a64,33554432,14,502.1057,14493871693595802041
btree8_bl,33554432,14,479.5883,14493871693595802041
fusion8_bf,33554432,14,569.1193,14493871693595802041
btree8,33554432,14,448.3368,14493871693595802041
