structure,n,rep,ns_per_query,checksum
fusion8,256,0,40.9821,3802318259966007189
fusion8_c,256,0,41.7038,3802318259966007189
btree8_a64,256,0,20.0027,3802318259966007189
btree16_bl_a64,256,0,20.3659,3802318259966007189
btree8,256,0,21.4432,3802318259966007189
btree8_bl,256,0,29.0253,3802318259966007189
fusion16_w,256,0,37.2177,3802318259966007189
fusion8_bf,256,0,42.1387,3802318259966007189
btree8_bl_a64,256,0,27.4246,3802318259966007189
sorted_array,256,0,24.1058,3802318259966007189
btree8_bl,256,1,29.0161,3802318259966007189
fusion8,256,1,40.3870,3802318259966007189
btree16_bl_a64,256,1,20.4285,3802318259966007189
fusion16_w,256,1,37.2894,3802318259966007189
btree8_bl_a64,256,1,28.4592,3802318259966007189
btree8_a64,256,1,19.8059,3802318259966007189
fusion8_c,256,1,40.8493,3802318259966007189
sorted_array,256,1,24.7208,3802318259966007189
btree8,256,1,22.7173,3802318259966007189
fusion8_bf,256,1,42.1844,3802318259966007189
btree8_bl,256,2,30.5771,3802318259966007189
sorted_array,256,2,24.1287,3802318259966007189
btree16_bl_a64,256,2,20.8527,3802318259966007189
fusion8_c,256,2,41.5115,3802318259966007189
btree8_a64,256,2,20.1431,3802318259966007189
btree8,256,2,21.8536,3802318259966007189
fusion16_w,256,2,37.2498,3802318259966007189
fusion8,256,2,40.0787,3802318259966007189
fusion8_bf,256,2,42.3172,3802318259966007189
btree8_bl_a64,256,2,27.4124,3802318259966007189
fusion8_c,256,3,42.1448,3802318259966007189
fusion8_bf,256,3,42.3508,3802318259966007189
btree16_bl_a64,256,3,20.3918,3802318259966007189
btree8_bl_a64,256,3,27.4399,3802318259966007189
fusion8,256,3,40.1962,3802318259966007189
btree8,256,3,21.2708,3802318259966007189
sorted_array,256,3,23.7366,3802318259966007189
fusion16_w,256,3,37.3169,3802318259966007189
btree8_a64,256,3,20.2713,3802318259966007189
btree8_bl,256,3,29.0146,3802318259966007189
btree8_bl,256,4,28.9276,3802318259966007189
fusion16_w,256,4,37.1475,3802318259966007189
btree8_bl_a64,256,4,27.4429,3802318259966007189
btree16_bl_a64,256,4,20.3873,3802318259966007189
btree8,256,4,21.4340,3802318259966007189
fusion8,256,4,40.7990,3802318259966007189
fusion8_c,256,4,41.0309,3802318259966007189
fusion8_bf,256,4,42.0593,3802318259966007189
sorted_array,256,4,23.5764,3802318259966007189
btree8_a64,256,4,22.1634,3802318259966007189
fusion8_bf,256,5,42.1890,3802318259966007189
btree8,256,5,21.3943,3802318259966007189
btree8_a64,256,5,21.2051,3802318259966007189
btree8_bl,256,5,28.9993,3802318259966007189
btree16_bl_a64,256,5,21.0114,3802318259966007189
fusion8,256,5,40.4160,3802318259966007189
fusion16_w,256,5,37.1826,3802318259966007189
sorted_array,256,5,25.4990,3802318259966007189
btree8_bl_a64,256,5,27.4521,3802318259966007189
fusion8_c,256,5,40.7715,3802318259966007189
fusion8,256,6,40.0787,3802318259966007189
btree8_a64,256,6,21.7819,3802318259966007189
sorted_array,256,6,24.3774,3802318259966007189
btree8_bl,256,6,28.9764,3802318259966007189
btree16_bl_a64,256,6,20.4239,3802318259966007189
fusion8_bf,256,6,42.2760,3802318259966007189
fusion16_w,256,6,37.1155,3802318259966007189
btree8_bl_a64,256,6,27.4506,3802318259966007189
fusion8_c,256,6,40.9729,3802318259966007189
btree8,256,6,21.4035,3802318259966007189
fusion8_c,256,7,41.4841,3802318259966007189
fusion8_bf,256,7,42.2760,3802318259966007189
sorted_array,256,7,23.4344,3802318259966007189
btree8_bl,256,7,29.0054,3802318259966007189
btree8,256,7,21.4111,3802318259966007189
fusion16_w,256,7,37.1445,3802318259966007189
btree8_a64,256,7,20.3522,3802318259966007189
fusion8,256,7,40.2267,3802318259966007189
btree8_bl_a64,256,7,27.5604,3802318259966007189
btree16_bl_a64,256,7,20.3964,3802318259966007189
fusion8_c,256,8,40.7852,3802318259966007189
btree8_bl,256,8,28.9719,3802318259966007189
btree16_bl_a64,256,8,20.3384,3802318259966007189
fusion16_w,256,8,37.1536,3802318259966007189
btree8_bl_a64,256,8,27.4353,3802318259966007189
btree8,256,8,21.3547,3802318259966007189
btree8_a64,256,8,22.1298,3802318259966007189
fusion8_bf,256,8,42.5079,3802318259966007189
fusion8,256,8,40.1077,3802318259966007189
sorted_array,256,8,24.2828,3802318259966007189
fusion8_bf,256,9,42.8177,3802318259966007189
sorted_array,256,9,24.6674,3802318259966007189
btree8,256,9,21.8979,3802318259966007189
btree8_a64,256,9,20.7275,3802318259966007189
fusion16_w,256,9,37.2101,3802318259966007189
btree8_bl,256,9,29.0344,3802318259966007189
btree8_bl_a64,256,9,27.4429,3802318259966007189
btree16_bl_a64,256,9,20.3674,3802318259966007189
fusion8_c,256,9,40.8310,3802318259966007189
fusion8,256,9,41.0416,3802318259966007189
fusion8,256,10,39.9811,3802318259966007189
btree16_bl_a64,256,10,20.4163,3802318259966007189
btree8_bl_a64,256,10,27.5314,3802318259966007189
sorted_array,256,10,23.9349,3802318259966007189
fusion16_w,256,10,37.1780,3802318259966007189
btree8_bl,256,10,29.0344,3802318259966007189
fusion8_c,256,10,40.8081,3802318259966007189
btree8_a64,256,10,20.1889,3802318259966007189
btree8,256,10,21.7972,3802318259966007189
fusion8_bf,256,10,42.4515,3802318259966007189
fusion8,256,11,40.1886,3802318259966007189
btree8_a64,256,11,20.7199,3802318259966007189
fusion8_bf,256,11,42.2409,3802318259966007189
btree8,256,11,21.4905,3802318259966007189
btree8_bl_a64,256,11,27.4246,3802318259966007189
btree8_bl,256,11,28.9719,3802318259966007189
sorted_array,256,11,24.3103,3802318259966007189
fusion8_c,256,11,40.9790,3802318259966007189
btree16_bl_a64,256,11,21.2646,3802318259966007189
fusion16_w,256,11,37.3291,3802318259966007189
btree8_bl,256,12,29.0405,3802318259966007189
fusion16_w,256,12,37.1841,3802318259966007189
fusion8_bf,256,12,42.3325,3802318259966007189
fusion8,256,12,40.2771,3802318259966007189
sorted_array,256,12,26.3443,3802318259966007189
btree8_a64,256,12,23.6786,3802318259966007189
btree8_bl_a64,256,12,28.1281,3802318259966007189
fusion8_c,256,12,40.7379,3802318259966007189
btree16_bl_a64,256,12,20.3766,3802318259966007189
btree8,256,12,21.3318,3802318259966007189
fusion8,256,13,40.0452,3802318259966007189
fusion16_w,256,13,37.1536,3802318259966007189
btree8_a64,256,13,19.7556,3802318259966007189
fusion8_c,256,13,42.3828,3802318259966007189
btree8,256,13,21.8552,3802318259966007189
btree8_bl,256,13,29.2618,3802318259966007189
fusion8_bf,256,13,42.2501,3802318259966007189
btree16_bl_a64,256,13,20.4132,3802318259966007189
btree8_bl_a64,256,13,27.4429,3802318259966007189
sorted_array,256,13,24.2523,3802318259966007189
btree8_bl_a64,256,14,27.3621,3802318259966007189
fusion16_w,256,14,37.1704,3802318259966007189
btree8,256,14,21.7865,3802318259966007189
btree8_a64,256,14,21.1685,3802318259966007189
sorted_array,256,14,23.6694,3802318259966007189
btree8_bl,256,14,29.8569,3802318259966007189
btree16_bl_a64,256,14,20.4269,3802318259966007189
fusion8_bf,256,14,42.1799,3802318259966007189
fusion8,256,14,40.2115,3802318259966007189
fusion8_c,256,14,41.0889,3802318259966007189
fusion8_c,512,0,42.7628,18445980686323395203
btree8,512,0,23.9105,18445980686323395203
btree8_a64,512,0,23.4924,18445980686323395203
btree8_bl,512,0,28.3371,18445980686323395203
btree8_bl_a64,512,0,26.8631,18445980686323395203
fusion8,512,0,41.1346,18445980686323395203
sorted_array,512,0,29.7440,18445980686323395203
btree16_bl_a64,512,0,28.7064,18445980686323395203
fusion8_bf,512,0,44.0689,18445980686323395203
fusion16_w,512,0,48.5062,18445980686323395203
btree8_a64,512,1,22.1542,18445980686323395203
btree8,512,1,24.5117,18445980686323395203
fusion16_w,512,1,48.4528,18445980686323395203
fusion8,512,1,42.1204,18445980686323395203
btree8_bl,512,1,28.3173,18445980686323395203
btree16_bl_a64,512,1,28.6346,18445980686323395203
btree8_bl_a64,512,1,26.8448,18445980686323395203
fusion8_bf,512,1,44.0567,18445980686323395203
fusion8_c,512,1,42.7734,18445980686323395203
sorted_array,512,1,28.7750,18445980686323395203
fusion16_w,512,2,48.7915,18445980686323395203
btree8_bl_a64,512,2,26.8845,18445980686323395203
btree16_bl_a64,512,2,28.5553,18445980686323395203
fusion8_c,512,2,42.7475,18445980686323395203
fusion8_bf,512,2,44.0384,18445980686323395203
btree8_bl,512,2,28.2578,18445980686323395203
fusion8,512,2,41.0751,18445980686323395203
sorted_array,512,2,30.8807,18445980686323395203
btree8,512,2,23.9563,18445980686323395203
btree8_a64,512,2,23.1674,18445980686323395203
btree8_bl_a64,512,3,26.8814,18445980686323395203
btree8_a64,512,3,21.6522,18445980686323395203
sorted_array,512,3,28.5660,18445980686323395203
fusion8_c,512,3,42.8055,18445980686323395203
btree8,512,3,24.1943,18445980686323395203
fusion8,512,3,41.0736,18445980686323395203
fusion8_bf,512,3,44.1040,18445980686323395203
btree8_bl,512,3,28.3142,18445980686323395203
fusion16_w,512,3,48.5291,18445980686323395203
btree16_bl_a64,512,3,28.6407,18445980686323395203
fusion8_c,512,4,42.7063,18445980686323395203
btree8_bl,512,4,28.2349,18445980686323395203
btree16_bl_a64,512,4,29.1687,18445980686323395203
btree8,512,4,24.8932,18445980686323395203
btree8_bl_a64,512,4,27.4002,18445980686323395203
sorted_array,512,4,29.3488,18445980686323395203
btree8_a64,512,4,23.7015,18445980686323395203
fusion8_bf,512,4,45.2759,18445980686323395203
fusion16_w,512,4,48.9044,18445980686323395203
fusion8,512,4,41.1865,18445980686323395203
btree8_bl_a64,512,5,27.4277,18445980686323395203
btree8_bl,512,5,28.6972,18445980686323395203
fusion8_c,512,5,43.3121,18445980686323395203
btree16_bl_a64,512,5,28.5995,18445980686323395203
btree8,512,5,24.2020,18445980686323395203
btree8_a64,512,5,23.6511,18445980686323395203
fusion16_w,512,5,48.7534,18445980686323395203
sorted_array,512,5,28.8483,18445980686323395203
fusion8_bf,512,5,44.1513,18445980686323395203
fusion8,512,5,40.9317,18445980686323395203
fusion8,512,6,40.7715,18445980686323395203
btree8,512,6,25.6165,18445980686323395203
sorted_array,512,6,29.0970,18445980686323395203
btree16_bl_a64,512,6,28.6102,18445980686323395203
fusion16_w,512,6,49.5102,18445980686323395203
fusion8_c,512,6,42.7155,18445980686323395203
btree8_bl_a64,512,6,26.8707,18445980686323395203
btree8_a64,512,6,23.2727,18445980686323395203
btree8_bl,512,6,28.3051,18445980686323395203
fusion8_bf,512,6,44.1116,18445980686323395203
btree8,512,7,24.5346,18445980686323395203
btree8_a64,512,7,23.9731,18445980686323395203
fusion8_c,512,7,42.7490,18445980686323395203
fusion8_bf,512,7,44.0231,18445980686323395203
fusion8,512,7,40.9927,18445980686323395203
btree8_bl_a64,512,7,26.8524,18445980686323395203
fusion16_w,512,7,48.5214,18445980686323395203
btree16_bl_a64,512,7,29.4067,18445980686323395203
sorted_array,512,7,29.4693,18445980686323395203
btree8_bl,512,7,28.8956,18445980686323395203
sorted_array,512,8,29.3884,18445980686323395203
btree8_bl,512,8,28.3188,18445980686323395203
btree8_bl_a64,512,8,26.9043,18445980686323395203
btree16_bl_a64,512,8,28.6209,18445980686323395203
fusion8_bf,512,8,44.1147,18445980686323395203
fusion8,512,8,41.8823,18445980686323395203
fusion16_w,512,8,49.1165,18445980686323395203
fusion8_c,512,8,42.7231,18445980686323395203
btree8_a64,512,8,22.1008,18445980686323395203
btree8,512,8,24.9069,18445980686323395203
btree8_bl_a64,512,9,26.8738,18445980686323395203
btree8,512,9,23.3475,18445980686323395203
fusion16_w,512,9,48.5626,18445980686323395203
fusion8_c,512,9,42.8497,18445980686323395203
sorted_array,512,9,29.4846,18445980686323395203
btree8_a64,512,9,22.3343,18445980686323395203
btree16_bl_a64,512,9,29.0573,18445980686323395203
fusion8,512,9,40.9988,18445980686323395203
btree8_bl,512,9,28.3112,18445980686323395203
fusion8_bf,512,9,44.3756,18445980686323395203
btree8_bl,512,10,28.2593,18445980686323395203
btree8,512,10,23.7091,18445980686323395203
fusion8_c,512,10,42.7338,18445980686323395203
btree8_bl_a64,512,10,26.8784,18445980686323395203
btree8_a64,512,10,21.8201,18445980686323395203
sorted_array,512,10,28.6835,18445980686323395203
fusion16_w,512,10,48.7076,18445980686323395203
fusion8,512,10,41.9235,18445980686323395203
btree16_bl_a64,512,10,29.2358,18445980686323395203
fusion8_bf,512,10,44.1330,18445980686323395203
btree8_bl_a64,512,11,26.8829,18445980686323395203
fusion8_bf,512,11,44.5358,18445980686323395203
fusion8_c,512,11,42.9214,18445980686323395203
btree8_a64,512,11,22.6746,18445980686323395203
btree8_bl,512,11,28.4058,18445980686323395203
btree16_bl_a64,512,11,28.6072,18445980686323395203
fusion8,512,11,41.1011,18445980686323395203
fusion16_w,512,11,48.5886,18445980686323395203
sorted_array,512,11,29.6066,18445980686323395203
btree8,512,11,23.7534,18445980686323395203
btree8_bl_a64,512,12,26.8555,18445980686323395203
fusion8_bf,512,12,44.8471,18445980686323395203
fusion8_c,512,12,44.0094,18445980686323395203
btree8,512,12,23.7015,18445980686323395203
fusion8,512,12,40.9454,18445980686323395203
btree8_bl,512,12,28.2928,18445980686323395203
btree16_bl_a64,512,12,28.7476,18445980686323395203
btree8_a64,512,12,22.2092,18445980686323395203
sorted_array,512,12,29.4022,18445980686323395203
fusion16_w,512,12,48.6496,18445980686323395203
btree8,512,13,23.6923,18445980686323395203
fusion16_w,512,13,48.4940,18445980686323395203
btree8_a64,512,13,23.0042,18445980686323395203
sorted_array,512,13,29.1168,18445980686323395203
fusion8_bf,512,13,46.0220,18445980686323395203
fusion8,512,13,41.3696,18445980686323395203
btree8_bl,512,13,28.2883,18445980686323395203
btree16_bl_a64,512,13,28.7094,18445980686323395203
btree8_bl_a64,512,13,26.8890,18445980686323395203
fusion8_c,512,13,42.7475,18445980686323395203
btree8_bl_a64,512,14,26.8448,18445980686323395203
fusion8_bf,512,14,44.0186,18445980686323395203
btree8_a64,512,14,22.2870,18445980686323395203
btree8_bl,512,14,28.2776,18445980686323395203
btree16_bl_a64,512,14,28.6728,18445980686323395203
fusion16_w,512,14,48.7305,18445980686323395203
btree8,512,14,25.0549,18445980686323395203
fusion8_c,512,14,42.7200,18445980686323395203
sorted_array,512,14,29.6799,18445980686323395203
fusion8,512,14,41.9846,18445980686323395203
btree8,1024,0,27.3300,13330139387826418850
fusion16_w,1024,0,54.2633,13330139387826418850
btree8_a64,1024,0,26.0605,13330139387826418850
btree8_bl,1024,0,35.9589,13330139387826418850
fusion8_bf,1024,0,53.0701,13330139387826418850
fusion8,1024,0,48.5794,13330139387826418850
btree8_bl_a64,1024,0,33.2733,13330139387826418850
fusion8_c,1024,0,51.0590,13330139387826418850
sorted_array,1024,0,34.3552,13330139387826418850
btree16_bl_a64,1024,0,32.0694,13330139387826418850
btree8,1024,1,27.3788,13330139387826418850
fusion8,1024,1,48.9990,13330139387826418850
fusion8_bf,1024,1,53.2562,13330139387826418850
fusion8_c,1024,1,51.0361,13330139387826418850
fusion16_w,1024,1,55.6000,13330139387826418850
btree8_bl,1024,1,36.1237,13330139387826418850
sorted_array,1024,1,34.7519,13330139387826418850
btree16_bl_a64,1024,1,31.3950,13330139387826418850
btree8_bl_a64,1024,1,33.2535,13330139387826418850
btree8_a64,1024,1,26.1353,13330139387826418850
btree8,1024,2,28.5843,13330139387826418850
fusion8_bf,1024,2,53.4225,13330139387826418850
btree8_a64,1024,2,27.8748,13330139387826418850
btree8_bl,1024,2,35.3149,13330139387826418850
btree16_bl_a64,1024,2,31.3843,13330139387826418850
fusion8_c,1024,2,51.1566,13330139387826418850
fusion16_w,1024,2,54.3365,13330139387826418850
fusion8,1024,2,49.3805,13330139387826418850
sorted_array,1024,2,34.5657,13330139387826418850
btree8_bl_a64,1024,2,33.3115,13330139387826418850
sorted_array,1024,3,33.5342,13330139387826418850
fusion8_c,1024,3,51.2665,13330139387826418850
fusion16_w,1024,3,54.3579,13330139387826418850
btree16_bl_a64,1024,3,31.3507,13330139387826418850
fusion8,1024,3,48.8632,13330139387826418850
btree8_bl_a64,1024,3,33.2581,13330139387826418850
btree8_a64,1024,3,25.7050,13330139387826418850
fusion8_bf,1024,3,53.2684,13330139387826418850
btree8_bl,1024,3,35.3073,13330139387826418850
btree8,1024,3,29.2114,13330139387826418850
btree8_a64,1024,4,26.5839,13330139387826418850
btree8,1024,4,28.5553,13330139387826418850
fusion8_c,1024,4,51.1383,13330139387826418850
btree8_bl,1024,4,35.3104,13330139387826418850
sorted_array,1024,4,34.0683,13330139387826418850
fusion8_bf,1024,4,53.5736,13330139387826418850
btree8_bl_a64,1024,4,33.2001,13330139387826418850
btree16_bl_a64,1024,4,31.3904,13330139387826418850
fusion16_w,1024,4,55.8411,13330139387826418850
fusion8,1024,4,50.0900,13330139387826418850
fusion8,1024,5,48.3063,13330139387826418850
btree16_bl_a64,1024,5,31.8848,13330139387826418850
fusion16_w,1024,5,55.2063,13330139387826418850
btree8_bl,1024,5,35.5667,13330139387826418850
btree8_a64,1024,5,25.8606,13330139387826418850
fusion8_c,1024,5,51.0559,13330139387826418850
btree8,1024,5,27.7145,13330139387826418850
fusion8_bf,1024,5,53.3234,13330139387826418850
btree8_bl_a64,1024,5,33.2504,13330139387826418850
sorted_array,1024,5,34.0134,13330139387826418850
fusion16_w,1024,6,54.2725,13330139387826418850
btree8_bl,1024,6,35.3500,13330139387826418850
fusion8,1024,6,48.4177,13330139387826418850
btree8_a64,1024,6,28.4668,13330139387826418850
btree8,1024,6,28.5034,13330139387826418850
fusion8_c,1024,6,51.2451,13330139387826418850
sorted_array,1024,6,33.6777,13330139387826418850
btree8_bl_a64,1024,6,33.2611,13330139387826418850
btree16_bl_a64,1024,6,31.3461,13330139387826418850
fusion8_bf,1024,6,53.2745,13330139387826418850
sorted_array,1024,7,33.6319,13330139387826418850
fusion8_c,1024,7,52.4399,13330139387826418850
fusion8,1024,7,48.4802,13330139387826418850
btree16_bl_a64,1024,7,31.3309,13330139387826418850
fusion16_w,1024,7,54.4174,13330139387826418850
btree8,1024,7,29.6234,13330139387826418850
btree8_bl_a64,1024,7,33.2199,13330139387826418850
btree8_bl,1024,7,35.3531,13330139387826418850
btree8_a64,1024,7,25.7767,13330139387826418850
fusion8_bf,1024,7,53.2578,13330139387826418850
fusion8,1024,8,48.4100,13330139387826418850
btree8_bl,1024,8,36.2091,13330139387826418850
btree8_bl_a64,1024,8,33.1787,13330139387826418850
fusion8_c,1024,8,51.1414,13330139387826418850
fusion8_bf,1024,8,53.2242,13330139387826418850
btree16_bl_a64,1024,8,31.3416,13330139387826418850
sorted_array,1024,8,34.6893,13330139387826418850
btree8_a64,1024,8,26.0239,13330139387826418850
fusion16_w,1024,8,54.3365,13330139387826418850
btree8,1024,8,28.6835,13330139387826418850
fusion16_w,1024,9,54.0466,13330139387826418850
fusion8,1024,9,48.4924,13330139387826418850
btree8_a64,1024,9,28.1738,13330139387826418850
fusion8_bf,1024,9,54.0100,13330139387826418850
btree16_bl_a64,1024,9,31.3766,13330139387826418850
btree8_bl_a64,1024,9,33.2092,13330139387826418850
btree8_bl,1024,9,35.3424,13330139387826418850
fusion8_c,1024,9,51.1429,13330139387826418850
btree8,1024,9,28.3859,13330139387826418850
sorted_array,1024,9,34.1232,13330139387826418850
fusion8,1024,10,51.3809,13330139387826418850
btree16_bl_a64,1024,10,31.3324,13330139387826418850
fusion8_c,1024,10,51.1200,13330139387826418850
fusion8_bf,1024,10,53.2730,13330139387826418850
fusion16_w,1024,10,54.2618,13330139387826418850
btree8,1024,10,29.7791,13330139387826418850
sorted_array,1024,10,34.4955,13330139387826418850
btree8_bl,1024,10,35.5927,13330139387826418850
btree8_a64,1024,10,25.4700,13330139387826418850
btree8_bl_a64,1024,10,33.2886,13330139387826418850
btree8_bl_a64,1024,11,33.0948,13330139387826418850
sorted_array,1024,11,34.1400,13330139387826418850
btree8,1024,11,27.5787,13330139387826418850
fusion8,1024,11,48.8281,13330139387826418850
fusion8_bf,1024,11,53.5797,13330139387826418850
btree16_bl_a64,1024,11,31.8619,13330139387826418850
fusion16_w,1024,11,55.1682,13330139387826418850
btree8_a64,1024,11,26.0620,13330139387826418850
fusion8_c,1024,11,52.1484,13330139387826418850
btree8_bl,1024,11,35.3638,13330139387826418850
fusion16_w,1024,12,54.1992,13330139387826418850
fusion8,1024,12,48.4451,13330139387826418850
btree16_bl_a64,1024,12,31.3492,13330139387826418850
fusion8_bf,1024,12,53.6407,13330139387826418850
btree8_a64,1024,12,28.1281,13330139387826418850
sorted_array,1024,12,35.4370,13330139387826418850
btree8_bl_a64,1024,12,33.6044,13330139387826418850
btree8_bl,1024,12,35.4050,13330139387826418850
btree8,1024,12,27.5360,13330139387826418850
fusion8_c,1024,12,51.0468,13330139387826418850
btree8_bl,1024,13,36.3373,13330139387826418850
btree8,1024,13,27.5833,13330139387826418850
fusion16_w,1024,13,54.3289,13330139387826418850
sorted_array,1024,13,34.0714,13330139387826418850
btree8_bl_a64,1024,13,33.2443,13330139387826418850
fusion8_bf,1024,13,53.0823,13330139387826418850
btree16_bl_a64,1024,13,31.4590,13330139387826418850
fusion8_c,1024,13,51.1307,13330139387826418850
btree8_a64,1024,13,25.7385,13330139387826418850
fusion8,1024,13,48.6450,13330139387826418850
btree16_bl_a64,1024,14,31.3324,13330139387826418850
fusion8,1024,14,48.3063,13330139387826418850
sorted_array,1024,14,36.2015,13330139387826418850
fusion8_c,1024,14,51.0971,13330139387826418850
btree8,1024,14,28.0991,13330139387826418850
btree8_bl_a64,1024,14,33.2291,13330139387826418850
btree8_bl,1024,14,35.4004,13330139387826418850
fusion16_w,1024,14,54.2038,13330139387826418850
btree8_a64,1024,14,25.6348,13330139387826418850
fusion8_bf,1024,14,53.0594,13330139387826418850
fusion8,2048,0,56.6742,8649855807846794996
fusion16_w,2048,0,57.3517,8649855807846794996
btree8_bl_a64,2048,0,36.4380,8649855807846794996
btree8_bl,2048,0,39.2761,8649855807846794996
fusion8_c,2048,0,56.3705,8649855807846794996
btree16_bl_a64,2048,0,30.8609,8649855807846794996
sorted_array,2048,0,39.5386,8649855807846794996
btree8_a64,2048,0,34.0515,8649855807846794996
btree8,2048,0,31.3538,8649855807846794996
fusion8_bf,2048,0,58.6044,8649855807846794996
fusion8,2048,1,56.3400,8649855807846794996
btree16_bl_a64,2048,1,30.9036,8649855807846794996
sorted_array,2048,1,38.9160,8649855807846794996
btree8_a64,2048,1,33.8455,8649855807846794996
btree8,2048,1,31.4194,8649855807846794996
fusion16_w,2048,1,57.2495,8649855807846794996
fusion8_bf,2048,1,58.9737,8649855807846794996
fusion8_c,2048,1,56.8176,8649855807846794996
btree8_bl,2048,1,39.1373,8649855807846794996
btree8_bl_a64,2048,1,36.7538,8649855807846794996
fusion16_w,2048,2,57.2189,8649855807846794996
btree16_bl_a64,2048,2,30.8807,8649855807846794996
btree8,2048,2,32.3593,8649855807846794996
fusion8_c,2048,2,57.1777,8649855807846794996
sorted_array,2048,2,38.8000,8649855807846794996
btree8_a64,2048,2,34.4620,8649855807846794996
fusion8,2048,2,56.5155,8649855807846794996
fusion8_bf,2048,2,58.8531,8649855807846794996
btree8_bl,2048,2,39.1449,8649855807846794996
btree8_bl_a64,2048,2,36.3464,8649855807846794996
btree8_bl,2048,3,38.9206,8649855807846794996
fusion8_c,2048,3,56.3095,8649855807846794996
sorted_array,2048,3,38.8367,8649855807846794996
btree8_a64,2048,3,31.0532,8649855807846794996
fusion8_bf,2048,3,59.8068,8649855807846794996
btree16_bl_a64,2048,3,30.8746,8649855807846794996
btree8_bl_a64,2048,3,36.2762,8649855807846794996
btree8,2048,3,31.4331,8649855807846794996
fusion16_w,2048,3,57.2693,8649855807846794996
fusion8,2048,3,56.5094,8649855807846794996
btree16_bl_a64,2048,4,30.8716,8649855807846794996
sorted_array,2048,4,39.3921,8649855807846794996
fusion16_w,2048,4,57.5989,8649855807846794996
btree8_bl,2048,4,39.1373,8649855807846794996
btree8_bl_a64,2048,4,36.3007,8649855807846794996
fusion8,2048,4,57.1152,8649855807846794996
btree8_a64,2048,4,32.9056,8649855807846794996
fusion8_bf,2048,4,58.8379,8649855807846794996
btree8,2048,4,32.5226,8649855807846794996
fusion8_c,2048,4,56.2561,8649855807846794996
fusion8,2048,5,56.4529,8649855807846794996
btree8_bl,2048,5,39.0289,8649855807846794996
btree8,2048,5,31.1691,8649855807846794996
fusion8_c,2048,5,56.2057,8649855807846794996
sorted_array,2048,5,40.0726,8649855807846794996
btree8_a64,2048,5,30.0720,8649855807846794996
btree16_bl_a64,2048,5,30.9418,8649855807846794996
btree8_bl_a64,2048,5,36.3861,8649855807846794996
fusion8_bf,2048,5,58.7433,8649855807846794996
fusion16_w,2048,5,57.2998,8649855807846794996
btree8,2048,6,32.5485,8649855807846794996
sorted_array,2048,6,39.8987,8649855807846794996
fusion8,2048,6,58.0322,8649855807846794996
btree8_bl_a64,2048,6,36.4120,8649855807846794996
fusion8_c,2048,6,56.2256,8649855807846794996
fusion8_bf,2048,6,58.8348,8649855807846794996
fusion16_w,2048,6,57.8705,8649855807846794996
btree16_bl_a64,2048,6,30.8838,8649855807846794996
btree8_a64,2048,6,30.0262,8649855807846794996
btree8_bl,2048,6,39.0106,8649855807846794996
fusion8_bf,2048,7,58.7479,8649855807846794996
btree8,2048,7,31.1554,8649855807846794996
btree8_bl,2048,7,39.0244,8649855807846794996
btree16_bl_a64,2048,7,30.9174,8649855807846794996
btree8_bl_a64,2048,7,36.3281,8649855807846794996
fusion8_c,2048,7,56.3400,8649855807846794996
btree8_a64,2048,7,30.5161,8649855807846794996
sorted_array,2048,7,39.5493,8649855807846794996
fusion16_w,2048,7,58.6990,8649855807846794996
fusion8,2048,7,56.7932,8649855807846794996
fusion16_w,2048,8,57.2449,8649855807846794996
btree8,2048,8,33.1818,8649855807846794996
btree8_bl_a64,2048,8,36.3647,8649855807846794996
fusion8_c,2048,8,56.3797,8649855807846794996
btree8_bl,2048,8,39.0060,8649855807846794996
btree8_a64,2048,8,29.8782,8649855807846794996
fusion8_bf,2048,8,58.7830,8649855807846794996
btree16_bl_a64,2048,8,31.0120,8649855807846794996
sorted_array,2048,8,38.9221,8649855807846794996
fusion8,2048,8,57.5333,8649855807846794996
btree8_a64,2048,9,32.7759,8649855807846794996
fusion8,2048,9,55.8960,8649855807846794996
btree8,2048,9,31.5170,8649855807846794996
fusion16_w,2048,9,57.1442,8649855807846794996
btree16_bl_a64,2048,9,31.1264,8649855807846794996
btree8_bl,2048,9,39.3982,8649855807846794996
btree8_bl_a64,2048,9,36.3373,8649855807846794996
fusion8_bf,2048,9,58.8120,8649855807846794996
sorted_array,2048,9,38.4369,8649855807846794996
fusion8_c,2048,9,56.2912,8649855807846794996
btree16_bl_a64,2048,10,32.1747,8649855807846794996
sorted_array,2048,10,38.8245,8649855807846794996
btree8_bl,2048,10,39.1068,8649855807846794996
fusion8_c,2048,10,56.2729,8649855807846794996
fusion8,2048,10,56.5887,8649855807846794996
btree8,2048,10,33.1772,8649855807846794996
fusion16_w,2048,10,57.2815,8649855807846794996
btree8_bl_a64,2048,10,36.3571,8649855807846794996
fusion8_bf,2048,10,59.5062,8649855807846794996
btree8_a64,2048,10,30.8868,8649855807846794996
btree8,2048,11,31.9321,8649855807846794996
btree8_bl_a64,2048,11,36.3373,8649855807846794996
btree8_a64,2048,11,31.1401,8649855807846794996
fusion8_bf,2048,11,58.7830,8649855807846794996
btree8_bl,2048,11,38.9999,8649855807846794996
fusion8_c,2048,11,56.3675,8649855807846794996
fusion16_w,2048,11,57.3578,8649855807846794996
btree16_bl_a64,2048,11,30.8624,8649855807846794996
fusion8,2048,11,56.4255,8649855807846794996
sorted_array,2048,11,40.2771,8649855807846794996
sorted_array,2048,12,39.3906,8649855807846794996
btree16_bl_a64,2048,12,30.8334,8649855807846794996
btree8_bl_a64,2048,12,37.3474,8649855807846794996
fusion8_c,2048,12,57.1869,8649855807846794996
btree8_bl,2048,12,38.9923,8649855807846794996
btree8,2048,12,31.3965,8649855807846794996
fusion8_bf,2048,12,58.6975,8649855807846794996
fusion16_w,2048,12,57.3868,8649855807846794996
btree8_a64,2048,12,32.9453,8649855807846794996
fusion8,2048,12,56.4896,8649855807846794996
fusion16_w,2048,13,57.2647,8649855807846794996
btree8_bl,2048,13,38.9969,8649855807846794996
fusion8,2048,13,57.0923,8649855807846794996
btree16_bl_a64,2048,13,31.0043,8649855807846794996
fusion8_c,2048,13,56.4194,8649855807846794996
btree8_a64,2048,13,31.7352,8649855807846794996
btree8,2048,13,33.0200,8649855807846794996
sorted_array,2048,13,38.6948,8649855807846794996
btree8_bl_a64,2048,13,36.5997,8649855807846794996
fusion8_bf,2048,13,58.8959,8649855807846794996
btree8_bl,2048,14,39.0366,8649855807846794996
btree16_bl_a64,2048,14,30.8655,8649855807846794996
btree8,2048,14,31.8695,8649855807846794996
fusion8_bf,2048,14,58.7463,8649855807846794996
fusion8,2048,14,57.7454,8649855807846794996
btree8_a64,2048,14,30.8594,8649855807846794996
btree8_bl_a64,2048,14,36.3770,8649855807846794996
sorted_array,2048,14,38.4186,8649855807846794996
fusion16_w,2048,14,57.3364,8649855807846794996
fusion8_c,2048,14,56.8451,8649855807846794996
sorted_array,4096,0,42.9871,201817674810245547
btree8,4096,0,34.8953,201817674810245547
fusion8_c,4096,0,58.9401,201817674810245547
fusion8_bf,4096,0,61.5662,201817674810245547
btree8_bl,4096,0,38.4811,201817674810245547
fusion16_w,4096,0,57.5317,201817674810245547
fusion8,4096,0,60.3775,201817674810245547
btree8_bl_a64,4096,0,36.4502,201817674810245547
btree16_bl_a64,4096,0,30.8792,201817674810245547
btree8_a64,4096,0,34.8923,201817674810245547
fusion16_w,4096,1,58.4885,201817674810245547
btree16_bl_a64,4096,1,30.6137,201817674810245547
btree8_bl,4096,1,38.4995,201817674810245547
btree8_bl_a64,4096,1,36.3113,201817674810245547
btree8_a64,4096,1,34.0118,201817674810245547
fusion8_bf,4096,1,62.7136,201817674810245547
sorted_array,4096,1,42.9062,201817674810245547
fusion8_c,4096,1,60.6995,201817674810245547
fusion8,4096,1,58.6044,201817674810245547
btree8,4096,1,36.6669,201817674810245547
btree8_bl,4096,2,38.5376,201817674810245547
fusion8_bf,4096,2,62.9150,201817674810245547
btree8_bl_a64,4096,2,36.6241,201817674810245547
fusion16_w,4096,2,57.4539,201817674810245547
btree8_a64,4096,2,35.1852,201817674810245547
btree8,4096,2,35.7574,201817674810245547
btree16_bl_a64,4096,2,30.6702,201817674810245547
fusion8_c,4096,2,59.5795,201817674810245547
fusion8,4096,2,58.6304,201817674810245547
sorted_array,4096,2,43.6798,201817674810245547
fusion8_c,4096,3,60.0357,201817674810245547
fusion8_bf,4096,3,61.6928,201817674810245547
btree8,4096,3,36.2930,201817674810245547
fusion8,4096,3,58.7524,201817674810245547
btree16_bl_a64,4096,3,30.5893,201817674810245547
btree8_bl,4096,3,38.5117,201817674810245547
sorted_array,4096,3,44.3512,201817674810245547
fusion16_w,4096,3,58.2458,201817674810245547
btree8_a64,4096,3,34.2667,201817674810245547
btree8_bl_a64,4096,3,36.2946,201817674810245547
btree8_bl,4096,4,38.4644,201817674810245547
fusion8_c,4096,4,58.9096,201817674810245547
fusion8,4096,4,58.6548,201817674810245547
btree8_bl_a64,4096,4,36.3449,201817674810245547
btree8,4096,4,34.5810,201817674810245547
sorted_array,4096,4,43.6829,201817674810245547
fusion16_w,4096,4,57.6019,201817674810245547
btree16_bl_a64,4096,4,30.6015,201817674810245547
fusion8_bf,4096,4,63.1866,201817674810245547
btree8_a64,4096,4,33.8852,201817674810245547
btree8_bl_a64,4096,5,36.2747,201817674810245547
btree16_bl_a64,4096,5,30.5634,201817674810245547
fusion8_c,4096,5,59.1263,201817674810245547
btree8,4096,5,35.0189,201817674810245547
fusion16_w,4096,5,57.6141,201817674810245547
btree8_bl,4096,5,39.2578,201817674810245547
sorted_array,4096,5,43.6188,201817674810245547
btree8_a64,4096,5,32.6599,201817674810245547
fusion8,4096,5,58.8104,201817674810245547
fusion8_bf,4096,5,62.0041,201817674810245547
fusion8_bf,4096,6,62.6038,201817674810245547
btree8_bl,4096,6,39.1190,201817674810245547
sorted_array,4096,6,42.9932,201817674810245547
btree8,4096,6,36.6913,201817674810245547
fusion16_w,4096,6,57.6157,201817674810245547
btree16_bl_a64,4096,6,30.6305,201817674810245547
btree8_a64,4096,6,33.4518,201817674810245547
fusion8,4096,6,58.8593,201817674810245547
fusion8_c,4096,6,58.9508,201817674810245547
btree8_bl_a64,4096,6,36.2427,201817674810245547
btree8,4096,7,34.8175,201817674810245547
sorted_array,4096,7,44.0826,201817674810245547
fusion8_c,4096,7,60.0861,201817674810245547
fusion16_w,4096,7,57.5577,201817674810245547
btree8_bl_a64,4096,7,36.2152,201817674810245547
btree8_a64,4096,7,33.7814,201817674810245547
fusion8_bf,4096,7,62.5137,201817674810245547
btree16_bl_a64,4096,7,31.2195,201817674810245547
btree8_bl,4096,7,38.5986,201817674810245547
fusion8,4096,7,58.6105,201817674810245547
btree8,4096,8,36.0291,201817674810245547
btree8_a64,4096,8,35.2859,201817674810245547
fusion8_c,4096,8,58.7097,201817674810245547
sorted_array,4096,8,43.8309,201817674810245547
btree16_bl_a64,4096,8,30.5969,201817674810245547
btree8_bl_a64,4096,8,36.2854,201817674810245547
fusion8_bf,4096,8,62.4329,201817674810245547
fusion16_w,4096,8,57.5012,201817674810245547
btree8_bl,4096,8,38.4491,201817674810245547
fusion8,4096,8,58.6777,201817674810245547
fusion16_w,4096,9,57.4631,201817674810245547
btree8_a64,4096,9,36.4899,201817674810245547
sorted_array,4096,9,44.6686,201817674810245547
btree8_bl_a64,4096,9,36.7783,201817674810245547
btree8,4096,9,34.8892,201817674810245547
fusion8_bf,4096,9,61.6806,201817674810245547
fusion8_c,4096,9,59.6024,201817674810245547
fusion8,4096,9,58.8318,201817674810245547
btree8_bl,4096,9,38.4567,201817674810245547
btree16_bl_a64,4096,9,30.5466,201817674810245547
sorted_array,4096,10,44.3512,201817674810245547
fusion16_w,4096,10,58.0338,201817674810245547
fusion8,4096,10,60.1578,201817674810245547
btree8_bl_a64,4096,10,36.4304,201817674810245547
fusion8_c,4096,10,58.9264,201817674810245547
btree8_a64,4096,10,34.6832,201817674810245547
btree8,4096,10,34.6725,201817674810245547
btree8_bl,4096,10,39.2548,201817674810245547
btree16_bl_a64,4096,10,30.6015,201817674810245547
fusion8_bf,4096,10,61.7355,201817674810245547
btree8_bl,4096,11,38.4506,201817674810245547
btree8_a64,4096,11,32.9224,201817674810245547
fusion8,4096,11,58.9371,201817674810245547
btree8_bl_a64,4096,11,36.3083,201817674810245547
fusion8_c,4096,11,58.9722,201817674810245547
fusion8_bf,4096,11,62.3917,201817674810245547
btree16_bl_a64,4096,11,30.6076,201817674810245547
btree8,4096,11,35.6476,201817674810245547
fusion16_w,4096,11,57.5623,201817674810245547
sorted_array,4096,11,44.1238,201817674810245547
btree8_bl_a64,4096,12,36.3098,201817674810245547
fusion8_c,4096,12,58.9493,201817674810245547
btree8_a64,4096,12,32.9285,201817674810245547
btree16_bl_a64,4096,12,30.6076,201817674810245547
btree8_bl,4096,12,38.5223,201817674810245547
btree8,4096,12,35.0433,201817674810245547
fusion8_bf,4096,12,61.6653,201817674810245547
fusion8,4096,12,59.3903,201817674810245547
fusion16_w,4096,12,57.6859,201817674810245547
sorted_array,4096,12,44.4260,201817674810245547
btree8_a64,4096,13,36.3968,201817674810245547
fusion8,4096,13,58.8120,201817674810245547
btree8_bl,4096,13,38.4644,201817674810245547
sorted_array,4096,13,44.0903,201817674810245547
btree8_bl_a64,4096,13,36.3190,201817674810245547
fusion16_w,4096,13,57.4158,201817674810245547
btree8,4096,13,35.4050,201817674810245547
fusion8_bf,4096,13,61.8439,201817674810245547
btree16_bl_a64,4096,13,30.5817,201817674810245547
fusion8_c,4096,13,60.6964,201817674810245547
btree8_bl_a64,4096,14,36.3525,201817674810245547
fusion8,4096,14,59.0530,201817674810245547
fusion16_w,4096,14,58.6060,201817674810245547
fusion8_c,4096,14,59.7961,201817674810245547
btree8_bl,4096,14,39.3005,201817674810245547
fusion8_bf,4096,14,63.0066,201817674810245547
btree16_bl_a64,4096,14,30.9723,201817674810245547
btree8,4096,14,35.5347,201817674810245547
btree8_a64,4096,14,33.5205,201817674810245547
sorted_array,4096,14,43.0283,201817674810245547
fusion8_bf,8192,0,72.5891,14779494332775015852
fusion8_c,8192,0,66.6061,14779494332775015852
sorted_array,8192,0,50.4791,14779494332775015852
btree8_bl,8192,0,44.5023,14779494332775015852
btree8,8192,0,39.5935,14779494332775015852
btree16_bl_a64,8192,0,47.2900,14779494332775015852
btree8_bl_a64,8192,0,42.0074,14779494332775015852
fusion8,8192,0,66.3101,14779494332775015852
btree8_a64,8192,0,38.3698,14779494332775015852
fusion16_w,8192,0,73.7823,14779494332775015852
fusion8_bf,8192,1,71.4157,14779494332775015852
btree8_a64,8192,1,37.1811,14779494332775015852
fusion8_c,8192,1,67.4210,14779494332775015852
fusion16_w,8192,1,73.2330,14779494332775015852
sorted_array,8192,1,49.1272,14779494332775015852
btree16_bl_a64,8192,1,44.2047,14779494332775015852
btree8_bl_a64,8192,1,42.0258,14779494332775015852
btree8,8192,1,39.1907,14779494332775015852
btree8_bl,8192,1,44.0765,14779494332775015852
fusion8,8192,1,65.9698,14779494332775015852
btree16_bl_a64,8192,2,43.7363,14779494332775015852
btree8_a64,8192,2,38.5803,14779494332775015852
fusion8,8192,2,65.4449,14779494332775015852
sorted_array,8192,2,49.2554,14779494332775015852
fusion8_c,8192,2,66.4902,14779494332775015852
btree8_bl_a64,8192,2,41.2857,14779494332775015852
fusion16_w,8192,2,73.5870,14779494332775015852
fusion8_bf,8192,2,71.1548,14779494332775015852
btree8_bl,8192,2,44.9158,14779494332775015852
btree8,8192,2,38.8397,14779494332775015852
fusion8_bf,8192,3,70.7840,14779494332775015852
btree8,8192,3,38.1317,14779494332775015852
btree16_bl_a64,8192,3,44.2200,14779494332775015852
btree8_a64,8192,3,36.3953,14779494332775015852
btree8_bl,8192,3,44.0506,14779494332775015852
fusion8_c,8192,3,66.6519,14779494332775015852
sorted_array,8192,3,48.2773,14779494332775015852
fusion16_w,8192,3,78.9490,14779494332775015852
fusion8,8192,3,66.3620,14779494332775015852
btree8_bl_a64,8192,3,43.2297,14779494332775015852
btree8_bl,8192,4,44.8380,14779494332775015852
btree8,8192,4,39.2181,14779494332775015852
btree8_a64,8192,4,36.4243,14779494332775015852
sorted_array,8192,4,48.3353,14779494332775015852
btree8_bl_a64,8192,4,41.6229,14779494332775015852
fusion8_c,8192,4,67.1387,14779494332775015852
fusion8_bf,8192,4,71.3745,14779494332775015852
fusion16_w,8192,4,73.5428,14779494332775015852
btree16_bl_a64,8192,4,44.4595,14779494332775015852
fusion8,8192,4,65.4602,14779494332775015852
btree8_bl,8192,5,44.2352,14779494332775015852
btree8_bl_a64,8192,5,41.3101,14779494332775015852
btree8_a64,8192,5,36.2305,14779494332775015852
btree16_bl_a64,8192,5,44.0369,14779494332775015852
sorted_array,8192,5,49.1150,14779494332775015852
fusion16_w,8192,5,75.1740,14779494332775015852
fusion8_c,8192,5,67.5323,14779494332775015852
fusion8_bf,8192,5,71.5729,14779494332775015852
fusion8,8192,5,66.3834,14779494332775015852
btree8,8192,5,38.4659,14779494332775015852
sorted_array,8192,6,48.8037,14779494332775015852
fusion8,8192,6,68.2083,14779494332775015852
fusion8_c,8192,6,66.5451,14779494332775015852
fusion16_w,8192,6,73.3643,14779494332775015852
fusion8_bf,8192,6,71.0358,14779494332775015852
btree8_bl,8192,6,45.0302,14779494332775015852
btree8_a64,8192,6,38.3865,14779494332775015852
btree8,8192,6,39.1373,14779494332775015852
btree16_bl_a64,8192,6,44.2810,14779494332775015852
btree8_bl_a64,8192,6,41.4078,14779494332775015852
btree8_bl_a64,8192,7,41.1072,14779494332775015852
sorted_array,8192,7,49.1562,14779494332775015852
fusion8_bf,8192,7,72.9294,14779494332775015852
btree8,8192,7,38.7283,14779494332775015852
btree16_bl_a64,8192,7,44.0308,14779494332775015852
fusion8,8192,7,66.3345,14779494332775015852
btree8_bl,8192,7,44.1574,14779494332775015852
fusion8_c,8192,7,66.5573,14779494332775015852
btree8_a64,8192,7,37.0544,14779494332775015852
fusion16_w,8192,7,74.3164,14779494332775015852
fusion8,8192,8,67.3172,14779494332775015852
btree16_bl_a64,8192,8,44.1864,14779494332775015852
btree8_a64,8192,8,38.0875,14779494332775015852
fusion16_w,8192,8,73.2452,14779494332775015852
btree8_bl_a64,8192,8,41.4948,14779494332775015852
fusion8_c,8192,8,66.4413,14779494332775015852
fusion8_bf,8192,8,70.1660,14779494332775015852
btree8,8192,8,39.5340,14779494332775015852
btree8_bl,8192,8,45.1080,14779494332775015852
sorted_array,8192,8,48.3322,14779494332775015852
sorted_array,8192,9,49.5560,14779494332775015852
btree8,8192,9,38.6307,14779494332775015852
fusion8_c,8192,9,66.5237,14779494332775015852
fusion8,8192,9,66.0080,14779494332775015852
fusion16_w,8192,9,75.9033,14779494332775015852
btree8_bl,8192,9,44.2627,14779494332775015852
fusion8_bf,8192,9,70.2484,14779494332775015852
btree16_bl_a64,8192,9,44.9585,14779494332775015852
btree8_bl_a64,8192,9,41.4383,14779494332775015852
btree8_a64,8192,9,38.3209,14779494332775015852
fusion16_w,8192,10,73.3826,14779494332775015852
btree16_bl_a64,8192,10,43.8904,14779494332775015852
btree8_a64,8192,10,35.9909,14779494332775015852
fusion8_bf,8192,10,70.3552,14779494332775015852
sorted_array,8192,10,48.3795,14779494332775015852
btree8,8192,10,38.6200,14779494332775015852
fusion8,8192,10,66.2613,14779494332775015852
fusion8_c,8192,10,67.3233,14779494332775015852
btree8_bl,8192,10,43.9484,14779494332775015852
btree8_bl_a64,8192,10,41.3559,14779494332775015852
btree8,8192,11,39.1693,14779494332775015852
fusion8,8192,11,65.5319,14779494332775015852
btree8_a64,8192,11,38.7726,14779494332775015852
fusion8_c,8192,11,66.4383,14779494332775015852
btree16_bl_a64,8192,11,44.0125,14779494332775015852
btree8_bl_a64,8192,11,41.3300,14779494332775015852
btree8_bl,8192,11,44.6533,14779494332775015852
fusion8_bf,8192,11,69.9997,14779494332775015852
sorted_array,8192,11,49.9207,14779494332775015852
fusion16_w,8192,11,73.5199,14779494332775015852
fusion8_c,8192,12,66.9357,14779494332775015852
btree8_bl,8192,12,44.7144,14779494332775015852
fusion8_bf,8192,12,70.0790,14779494332775015852
btree16_bl_a64,8192,12,43.8950,14779494332775015852
sorted_array,8192,12,49.7086,14779494332775015852
fusion8,8192,12,70.4529,14779494332775015852
btree8_a64,8192,12,36.7340,14779494332775015852
fusion16_w,8192,12,73.3124,14779494332775015852
btree8_bl_a64,8192,12,41.3956,14779494332775015852
btree8,8192,12,38.9374,14779494332775015852
btree8_bl,8192,13,44.3527,14779494332775015852
btree8_bl_a64,8192,13,41.2064,14779494332775015852
btree16_bl_a64,8192,13,45.0333,14779494332775015852
btree8,8192,13,38.6597,14779494332775015852
fusion8_bf,8192,13,70.0851,14779494332775015852
fusion16_w,8192,13,74.4705,14779494332775015852
fusion8,8192,13,67.0441,14779494332775015852
sorted_array,8192,13,49.0799,14779494332775015852
btree8_a64,8192,13,39.0198,14779494332775015852
fusion8_c,8192,13,66.5741,14779494332775015852
fusion16_w,8192,14,73.2056,14779494332775015852
fusion8,8192,14,65.3946,14779494332775015852
btree16_bl_a64,8192,14,43.9789,14779494332775015852
btree8_a64,8192,14,39.1907,14779494332775015852
btree8_bl_a64,8192,14,41.5726,14779494332775015852
fusion8_bf,8192,14,69.9081,14779494332775015852
sorted_array,8192,14,48.3871,14779494332775015852
btree8,8192,14,38.5147,14779494332775015852
fusion8_c,8192,14,66.4886,14779494332775015852
btree8_bl,8192,14,44.0231,14779494332775015852
fusion8,16384,0,81.9061,5257893481483210933
btree16_bl_a64,16384,0,51.1627,5257893481483210933
btree8,16384,0,49.2172,5257893481483210933
fusion8_c,16384,0,81.0669,5257893481483210933
btree8_bl,16384,0,56.5018,5257893481483210933
sorted_array,16384,0,56.0547,5257893481483210933
btree8_a64,16384,0,46.9406,5257893481483210933
fusion16_w,16384,0,82.1991,5257893481483210933
fusion8_bf,16384,0,85.1990,5257893481483210933
btree8_bl_a64,16384,0,53.9459,5257893481483210933
fusion8_c,16384,1,80.4184,5257893481483210933
fusion8_bf,16384,1,81.4789,5257893481483210933
btree8_bl,16384,1,53.1128,5257893481483210933
btree16_bl_a64,16384,1,49.6948,5257893481483210933
fusion16_w,16384,1,80.7831,5257893481483210933
btree8_bl_a64,16384,1,50.9201,5257893481483210933
btree8,16384,1,47.4411,5257893481483210933
btree8_a64,16384,1,44.5923,5257893481483210933
sorted_array,16384,1,57.5027,5257893481483210933
fusion8,16384,1,81.6238,5257893481483210933
btree8_bl_a64,16384,2,50.9186,5257893481483210933
sorted_array,16384,2,55.6076,5257893481483210933
fusion8_bf,16384,2,81.3919,5257893481483210933
btree8,16384,2,46.5469,5257893481483210933
fusion8_c,16384,2,78.7277,5257893481483210933
btree8_bl,16384,2,52.9251,5257893481483210933
btree16_bl_a64,16384,2,50.7843,5257893481483210933
fusion16_w,16384,2,82.2937,5257893481483210933
btree8_a64,16384,2,46.0785,5257893481483210933
fusion8,16384,2,80.6870,5257893481483210933
btree16_bl_a64,16384,3,48.6893,5257893481483210933
btree8,16384,3,46.5103,5257893481483210933
fusion16_w,16384,3,80.1315,5257893481483210933
fusion8,16384,3,80.9875,5257893481483210933
btree8_bl_a64,16384,3,51.7258,5257893481483210933
fusion8_c,16384,3,78.8528,5257893481483210933
btree8_a64,16384,3,46.4706,5257893481483210933
sorted_array,16384,3,57.2021,5257893481483210933
fusion8_bf,16384,3,84.4406,5257893481483210933
btree8_bl,16384,3,53.9658,5257893481483210933
btree8_bl,16384,4,52.1149,5257893481483210933
btree8_bl_a64,16384,4,51.8494,5257893481483210933
fusion8_bf,16384,4,80.6198,5257893481483210933
fusion8,16384,4,80.3131,5257893481483210933
fusion16_w,16384,4,84.3613,5257893481483210933
btree8,16384,4,47.0673,5257893481483210933
sorted_array,16384,4,55.7266,5257893481483210933
btree8_a64,16384,4,46.1182,5257893481483210933
btree16_bl_a64,16384,4,49.9710,5257893481483210933
fusion8_c,16384,4,78.9459,5257893481483210933
btree8_bl,16384,5,52.8046,5257893481483210933
btree8_a64,16384,5,44.4611,5257893481483210933
btree8,16384,5,47.4670,5257893481483210933
btree16_bl_a64,16384,5,48.6038,5257893481483210933
fusion16_w,16384,5,81.4362,5257893481483210933
btree8_bl_a64,16384,5,51.1398,5257893481483210933
sorted_array,16384,5,55.3619,5257893481483210933
fusion8_c,16384,5,82.7133,5257893481483210933
fusion8,16384,5,81.6315,5257893481483210933
fusion8_bf,16384,5,83.1863,5257893481483210933
sorted_array,16384,6,56.4713,5257893481483210933
btree16_bl_a64,16384,6,48.7244,5257893481483210933
fusion8,16384,6,78.4851,5257893481483210933
btree8_bl_a64,16384,6,51.3428,5257893481483210933
btree8_a64,16384,6,44.6167,5257893481483210933
fusion16_w,16384,6,82.2556,5257893481483210933
btree8_bl,16384,6,53.6621,5257893481483210933
fusion8_bf,16384,6,81.1996,5257893481483210933
btree8,16384,6,47.1909,5257893481483210933
fusion8_c,16384,6,78.7369,5257893481483210933
fusion16_w,16384,7,80.5466,5257893481483210933
btree8_bl,16384,7,52.4139,5257893481483210933
fusion8_bf,16384,7,81.8115,5257893481483210933
btree16_bl_a64,16384,7,48.6603,5257893481483210933
btree8,16384,7,46.3043,5257893481483210933
btree8_bl_a64,16384,7,50.9308,5257893481483210933
btree8_a64,16384,7,45.3339,5257893481483210933
fusion8_c,16384,7,78.7140,5257893481483210933
fusion8,16384,7,79.8508,5257893481483210933
sorted_array,16384,7,55.1773,5257893481483210933
btree16_bl_a64,16384,8,50.4044,5257893481483210933
btree8_a64,16384,8,43.8217,5257893481483210933
btree8,16384,8,46.4737,5257893481483210933
sorted_array,16384,8,55.9647,5257893481483210933
btree8_bl_a64,16384,8,50.8865,5257893481483210933
fusion8_c,16384,8,78.7476,5257893481483210933
btree8_bl,16384,8,52.7374,5257893481483210933
fusion8,16384,8,78.6926,5257893481483210933
fusion8_bf,16384,8,83.2458,5257893481483210933
fusion16_w,16384,8,81.7734,5257893481483210933
sorted_array,16384,9,55.2673,5257893481483210933
btree8,16384,9,46.3165,5257893481483210933
btree16_bl_a64,16384,9,49.1180,5257893481483210933
fusion8_bf,16384,9,80.8640,5257893481483210933
fusion8,16384,9,79.2847,5257893481483210933
btree8_bl,16384,9,54.0833,5257893481483210933
fusion16_w,16384,9,80.9540,5257893481483210933
btree8_a64,16384,9,46.0968,5257893481483210933
btree8_bl_a64,16384,9,51.9241,5257893481483210933
fusion8_c,16384,9,79.2557,5257893481483210933
btree8,16384,10,46.5927,5257893481483210933
fusion8_bf,16384,10,82.7667,5257893481483210933
fusion8_c,16384,10,78.7277,5257893481483210933
btree8_a64,16384,10,46.4554,5257893481483210933
fusion16_w,16384,10,80.7648,5257893481483210933
fusion8,16384,10,78.7170,5257893481483210933
btree16_bl_a64,16384,10,48.7503,5257893481483210933
btree8_bl,16384,10,53.8986,5257893481483210933
btree8_bl_a64,16384,10,51.6052,5257893481483210933
sorted_array,16384,10,56.0928,5257893481483210933
fusion8,16384,11,80.3406,5257893481483210933
btree8_a64,16384,11,45.0226,5257893481483210933
btree8_bl_a64,16384,11,50.9308,5257893481483210933
fusion8_bf,16384,11,81.5018,5257893481483210933
fusion8_c,16384,11,79.1519,5257893481483210933
btree8,16384,11,47.0093,5257893481483210933
sorted_array,16384,11,56.3797,5257893481483210933
btree16_bl_a64,16384,11,48.6404,5257893481483210933
btree8_bl,16384,11,52.6215,5257893481483210933
fusion16_w,16384,11,82.0679,5257893481483210933
btree8_a64,16384,12,44.5709,5257893481483210933
sorted_array,16384,12,56.7474,5257893481483210933
btree8,16384,12,47.5967,5257893481483210933
btree8_bl,16384,12,53.4958,5257893481483210933
btree8_bl_a64,16384,12,51.2665,5257893481483210933
fusion8_c,16384,12,78.8300,5257893481483210933
fusion8,16384,12,80.0552,5257893481483210933
fusion16_w,16384,12,81.0654,5257893481483210933
btree16_bl_a64,16384,12,48.9136,5257893481483210933
fusion8_bf,16384,12,81.2363,5257893481483210933
btree16_bl_a64,16384,13,49.3149,5257893481483210933
btree8_bl,16384,13,53.5675,5257893481483210933
fusion8_c,16384,13,79.1351,5257893481483210933
btree8,16384,13,46.6125,5257893481483210933
fusion16_w,16384,13,80.9479,5257893481483210933
btree8_bl_a64,16384,13,51.6800,5257893481483210933
btree8_a64,16384,13,44.9417,5257893481483210933
fusion8_bf,16384,13,82.5027,5257893481483210933
fusion8,16384,13,80.7205,5257893481483210933
sorted_array,16384,13,56.4774,5257893481483210933
fusion8_c,16384,14,78.7354,5257893481483210933
sorted_array,16384,14,56.7871,5257893481483210933
btree16_bl_a64,16384,14,48.8480,5257893481483210933
fusion16_w,16384,14,81.0318,5257893481483210933
btree8_a64,16384,14,45.0989,5257893481483210933
btree8,16384,14,46.5240,5257893481483210933
btree8_bl_a64,16384,14,52.3300,5257893481483210933
fusion8,16384,14,79.7668,5257893481483210933
btree8_bl,16384,14,53.1158,5257893481483210933
fusion8_bf,16384,14,82.2632,5257893481483210933
btree8_a64,32768,0,50.7675,8916881238133207675
fusion16_w,32768,0,84.8282,8916881238133207675
sorted_array,32768,0,64.2807,8916881238133207675
btree8,32768,0,50.2731,8916881238133207675
fusion8_bf,32768,0,89.4241,8916881238133207675
fusion8,32768,0,83.7219,8916881238133207675
btree16_bl_a64,32768,0,51.7563,8916881238133207675
btree8_bl,32768,0,55.9387,8916881238133207675
btree8_bl_a64,32768,0,53.9658,8916881238133207675
fusion8_c,32768,0,82.7713,8916881238133207675
btree8_bl,32768,1,52.5085,8916881238133207675
btree8_bl_a64,32768,1,51.2421,8916881238133207675
fusion16_w,32768,1,85.5881,8916881238133207675
fusion8,32768,1,81.0974,8916881238133207675
sorted_array,32768,1,66.0385,8916881238133207675
btree16_bl_a64,32768,1,49.6765,8916881238133207675
fusion8_bf,32768,1,86.3449,8916881238133207675
fusion8_c,32768,1,82.7972,8916881238133207675
btree8_a64,32768,1,49.1104,8916881238133207675
btree8,32768,1,51.3809,8916881238133207675
btree8,32768,2,49.0158,8916881238133207675
fusion8,32768,2,82.8278,8916881238133207675
btree8_bl,32768,2,55.2567,8916881238133207675
btree16_bl_a64,32768,2,48.5809,8916881238133207675
fusion16_w,32768,2,87.0941,8916881238133207675
fusion8_bf,32768,2,85.9894,8916881238133207675
btree8_a64,32768,2,47.5235,8916881238133207675
sorted_array,32768,2,63.8458,8916881238133207675
fusion8_c,32768,2,82.3303,8916881238133207675
btree8_bl_a64,32768,2,56.2241,8916881238133207675
fusion8_c,32768,3,81.5887,8916881238133207675
btree8_bl_a64,32768,3,50.8560,8916881238133207675
btree8_bl,32768,3,56.9275,8916881238133207675
fusion8,32768,3,82.3410,8916881238133207675
sorted_array,32768,3,63.8962,8916881238133207675
btree8_a64,32768,3,46.2585,8916881238133207675
fusion8_bf,32768,3,84.9442,8916881238133207675
btree8,32768,3,51.2711,8916881238133207675
fusion16_w,32768,3,85.8322,8916881238133207675
btree16_bl_a64,32768,3,48.9899,8916881238133207675
fusion8,32768,4,81.8100,8916881238133207675
btree8_bl_a64,32768,4,51.9745,8916881238133207675
fusion8_bf,32768,4,83.7997,8916881238133207675
fusion16_w,32768,4,85.9955,8916881238133207675
btree8_bl,32768,4,55.0415,8916881238133207675
fusion8_c,32768,4,82.1274,8916881238133207675
sorted_array,32768,4,63.5269,8916881238133207675
btree8_a64,32768,4,49.5087,8916881238133207675
btree16_bl_a64,32768,4,49.5575,8916881238133207675
btree8,32768,4,49.0570,8916881238133207675
fusion8_bf,32768,5,84.5078,8916881238133207675
fusion16_w,32768,5,85.8582,8916881238133207675
btree8_bl_a64,32768,5,52.3270,8916881238133207675
btree8_a64,32768,5,49.0250,8916881238133207675
fusion8,32768,5,83.5876,8916881238133207675
fusion8_c,32768,5,84.0225,8916881238133207675
btree8,32768,5,49.1821,8916881238133207675
sorted_array,32768,5,63.6383,8916881238133207675
btree16_bl_a64,32768,5,48.3734,8916881238133207675
btree8_bl,32768,5,53.9108,8916881238133207675
btree8,32768,6,48.8937,8916881238133207675
fusion8_bf,32768,6,84.4803,8916881238133207675
fusion8,32768,6,82.2495,8916881238133207675
btree16_bl_a64,32768,6,48.3551,8916881238133207675
btree8_a64,32768,6,48.1003,8916881238133207675
fusion8_c,32768,6,82.9727,8916881238133207675
fusion16_w,32768,6,88.8306,8916881238133207675
sorted_array,32768,6,63.2721,8916881238133207675
btree8_bl_a64,32768,6,53.8223,8916881238133207675
btree8_bl,32768,6,53.7140,8916881238133207675
fusion8,32768,7,82.6523,8916881238133207675
fusion8_bf,32768,7,85.9146,8916881238133207675
fusion8_c,32768,7,84.0942,8916881238133207675
sorted_array,32768,7,64.4379,8916881238133207675
btree8_bl_a64,32768,7,52.4109,8916881238133207675
btree16_bl_a64,32768,7,50.3632,8916881238133207675
btree8,32768,7,49.8016,8916881238133207675
btree8_bl,32768,7,54.9103,8916881238133207675
fusion16_w,32768,7,86.9736,8916881238133207675
btree8_a64,32768,7,49.3759,8916881238133207675
fusion8_bf,32768,8,88.1561,8916881238133207675
btree16_bl_a64,32768,8,53.2120,8916881238133207675
btree8_bl,32768,8,53.3722,8916881238133207675
fusion8_c,32768,8,84.3628,8916881238133207675
fusion8,32768,8,84.6970,8916881238133207675
btree8,32768,8,50.2518,8916881238133207675
btree8_bl_a64,32768,8,55.7953,8916881238133207675
sorted_array,32768,8,63.8199,8916881238133207675
btree8_a64,32768,8,49.3988,8916881238133207675
fusion16_w,32768,8,88.2812,8916881238133207675
btree8_bl_a64,32768,9,51.5533,8916881238133207675
fusion8,32768,9,82.7362,8916881238133207675
fusion8_bf,32768,9,86.4929,8916881238133207675
btree8_a64,32768,9,47.9691,8916881238133207675
sorted_array,32768,9,63.0844,8916881238133207675
btree8_bl,32768,9,54.6234,8916881238133207675
btree16_bl_a64,32768,9,54.0848,8916881238133207675
fusion16_w,32768,9,85.2356,8916881238133207675
btree8,32768,9,49.4553,8916881238133207675
fusion8_c,32768,9,84.1019,8916881238133207675
fusion8_c,32768,10,81.2256,8916881238133207675
fusion16_w,32768,10,85.4080,8916881238133207675
sorted_array,32768,10,63.9175,8916881238133207675
fusion8_bf,32768,10,86.6898,8916881238133207675
btree16_bl_a64,32768,10,48.8800,8916881238133207675
btree8_bl_a64,32768,10,52.4094,8916881238133207675
fusion8,32768,10,81.9168,8916881238133207675
btree8,32768,10,50.1190,8916881238133207675
btree8_bl,32768,10,54.2572,8916881238133207675
btree8_a64,32768,10,48.4467,8916881238133207675
fusion8_bf,32768,11,85.3668,8916881238133207675
btree16_bl_a64,32768,11,48.2224,8916881238133207675
btree8,32768,11,49.0494,8916881238133207675
btree8_bl,32768,11,52.7771,8916881238133207675
fusion8,32768,11,80.9036,8916881238133207675
btree8_a64,32768,11,47.2626,8916881238133207675
btree8_bl_a64,32768,11,52.0248,8916881238133207675
fusion16_w,32768,11,87.0193,8916881238133207675
fusion8_c,32768,11,83.3328,8916881238133207675
sorted_array,32768,11,63.6002,8916881238133207675
fusion8_c,32768,12,83.6334,8916881238133207675
btree8_bl,32768,12,52.9541,8916881238133207675
btree8_a64,32768,12,48.0255,8916881238133207675
sorted_array,32768,12,64.7110,8916881238133207675
btree8_bl_a64,32768,12,51.4023,8916881238133207675
fusion8,32768,12,82.0602,8916881238133207675
btree16_bl_a64,32768,12,48.3200,8916881238133207675
fusion8_bf,32768,12,85.2219,8916881238133207675
fusion16_w,32768,12,85.5148,8916881238133207675
btree8,32768,12,49.3851,8916881238133207675
sorted_array,32768,13,63.7482,8916881238133207675
fusion8_c,32768,13,84.3124,8916881238133207675
btree8_a64,32768,13,50.1266,8916881238133207675
btree8_bl,32768,13,54.0039,8916881238133207675
fusion16_w,32768,13,85.4523,8916881238133207675
btree8,32768,13,49.1714,8916881238133207675
fusion8_bf,32768,13,84.7534,8916881238133207675
btree8_bl_a64,32768,13,52.4857,8916881238133207675
btree16_bl_a64,32768,13,49.1837,8916881238133207675
fusion8,32768,13,82.8766,8916881238133207675
btree16_bl_a64,32768,14,48.2422,8916881238133207675
fusion8_bf,32768,14,84.8099,8916881238133207675
btree8_bl_a64,32768,14,51.8509,8916881238133207675
fusion8,32768,14,80.6793,8916881238133207675
fusion16_w,32768,14,85.5682,8916881238133207675
btree8_bl,32768,14,53.7643,8916881238133207675
btree8,32768,14,49.4263,8916881238133207675
sorted_array,32768,14,64.6164,8916881238133207675
fusion8_c,32768,14,83.3603,8916881238133207675
btree8_a64,32768,14,48.2971,8916881238133207675
fusion8,65536,0,91.7297,13538052259203909017
fusion8_bf,65536,0,97.1268,13538052259203909017
fusion8_c,65536,0,90.7974,13538052259203909017
btree8_bl_a64,65536,0,60.2005,13538052259203909017
btree8_a64,65536,0,54.7638,13538052259203909017
btree16_bl_a64,65536,0,51.7563,13538052259203909017
fusion16_w,65536,0,86.7691,13538052259203909017
btree8_bl,65536,0,62.3199,13538052259203909017
sorted_array,65536,0,72.3770,13538052259203909017
btree8,65536,0,55.3253,13538052259203909017
btree8_bl_a64,65536,1,56.9351,13538052259203909017
fusion16_w,65536,1,86.4548,13538052259203909017
fusion8_c,65536,1,89.5096,13538052259203909017
fusion8,65536,1,93.1183,13538052259203909017
sorted_array,65536,1,72.5937,13538052259203909017
btree16_bl_a64,65536,1,49.2325,13538052259203909017
btree8,65536,1,54.2206,13538052259203909017
btree8_bl,65536,1,60.3363,13538052259203909017
fusion8_bf,65536,1,94.0323,13538052259203909017
btree8_a64,65536,1,53.9429,13538052259203909017
btree8_a64,65536,2,52.8778,13538052259203909017
sorted_array,65536,2,72.1252,13538052259203909017
btree16_bl_a64,65536,2,48.2010,13538052259203909017
fusion8_c,65536,2,92.1951,13538052259203909017
btree8,65536,2,53.9398,13538052259203909017
btree8_bl,65536,2,60.8307,13538052259203909017
fusion8,65536,2,94.0567,13538052259203909017
fusion16_w,65536,2,89.2242,13538052259203909017
fusion8_bf,65536,2,99.7940,13538052259203909017
btree8_bl_a64,65536,2,61.5662,13538052259203909017
btree8_a64,65536,3,55.0522,13538052259203909017
fusion16_w,65536,3,88.2431,13538052259203909017
fusion8_bf,65536,3,95.0745,13538052259203909017
btree8_bl,65536,3,59.3597,13538052259203909017
sorted_array,65536,3,72.3892,13538052259203909017
fusion8_c,65536,3,93.5944,13538052259203909017
btree8,65536,3,53.7476,13538052259203909017
fusion8,65536,3,93.3380,13538052259203909017
btree8_bl_a64,65536,3,58.9920,13538052259203909017
btree16_bl_a64,65536,3,51.4099,13538052259203909017
fusion8_bf,65536,4,94.1452,13538052259203909017
btree8_a64,65536,4,55.2246,13538052259203909017
btree16_bl_a64,65536,4,49.5331,13538052259203909017
sorted_array,65536,4,72.7402,13538052259203909017
btree8,65536,4,55.3345,13538052259203909017
btree8_bl,65536,4,60.1212,13538052259203909017
fusion8,65536,4,91.3666,13538052259203909017
fusion16_w,65536,4,89.4058,13538052259203909017
btree8_bl_a64,65536,4,59.1141,13538052259203909017
fusion8_c,65536,4,92.5659,13538052259203909017
btree8_bl_a64,65536,5,56.7032,13538052259203909017
sorted_array,65536,5,71.8994,13538052259203909017
fusion8_bf,65536,5,96.1273,13538052259203909017
fusion8_c,65536,5,90.2390,13538052259203909017
btree16_bl_a64,65536,5,49.3988,13538052259203909017
fusion16_w,65536,5,88.6322,13538052259203909017
btree8,65536,5,54.0695,13538052259203909017
btree8_bl,65536,5,59.3384,13538052259203909017
fusion8,65536,5,90.1642,13538052259203909017
btree8_a64,65536,5,55.5893,13538052259203909017
fusion8,65536,6,89.4043,13538052259203909017
fusion8_bf,65536,6,92.4988,13538052259203909017
fusion8_c,65536,6,89.2151,13538052259203909017
btree8_a64,65536,6,52.9236,13538052259203909017
btree16_bl_a64,65536,6,49.2661,13538052259203909017
btree8,65536,6,53.4515,13538052259203909017
fusion16_w,65536,6,88.3926,13538052259203909017
btree8_bl_a64,65536,6,61.7935,13538052259203909017
sorted_array,65536,6,71.9833,13538052259203909017
btree8_bl,65536,6,59.3735,13538052259203909017
btree8_bl,65536,7,55.9570,13538052259203909017
fusion8_bf,65536,7,92.1158,13538052259203909017
sorted_array,65536,7,73.2712,13538052259203909017
fusion8,65536,7,92.6743,13538052259203909017
fusion16_w,65536,7,86.9125,13538052259203909017
btree16_bl_a64,65536,7,48.3002,13538052259203909017
btree8,65536,7,53.2379,13538052259203909017
btree8_a64,65536,7,54.2038,13538052259203909017
btree8_bl_a64,65536,7,57.9666,13538052259203909017
fusion8_c,65536,7,90.3351,13538052259203909017
fusion8_bf,65536,8,93.8660,13538052259203909017
fusion16_w,65536,8,88.1546,13538052259203909017
btree8,65536,8,52.7924,13538052259203909017
btree16_bl_a64,65536,8,49.4858,13538052259203909017
fusion8_c,65536,8,89.2288,13538052259203909017
btree8_bl_a64,65536,8,58.7494,13538052259203909017
sorted_array,65536,8,72.8439,13538052259203909017
btree8_a64,65536,8,56.0440,13538052259203909017
btree8_bl,65536,8,63.5803,13538052259203909017
fusion8,65536,8,91.8716,13538052259203909017
btree8,65536,9,54.2526,13538052259203909017
btree8_bl_a64,65536,9,58.9935,13538052259203909017
btree16_bl_a64,65536,9,48.8434,13538052259203909017
fusion8_bf,65536,9,95.2454,13538052259203909017
btree8_bl,65536,9,59.6222,13538052259203909017
fusion8,65536,9,90.3564,13538052259203909017
btree8_a64,65536,9,55.0903,13538052259203909017
fusion16_w,65536,9,90.3030,13538052259203909017
sorted_array,65536,9,72.7386,13538052259203909017
fusion8_c,65536,9,92.7872,13538052259203909017
btree16_bl_a64,65536,10,49.6887,13538052259203909017
btree8_a64,65536,10,53.4149,13538052259203909017
fusion8,65536,10,88.6047,13538052259203909017
fusion8_c,65536,10,91.3803,13538052259203909017
sorted_array,65536,10,72.7188,13538052259203909017
btree8_bl_a64,65536,10,59.7656,13538052259203909017
btree8,65536,10,53.6133,13538052259203909017
fusion8_bf,65536,10,92.3126,13538052259203909017
fusion16_w,65536,10,88.4247,13538052259203909017
btree8_bl,65536,10,60.1990,13538052259203909017
fusion8,65536,11,88.6398,13538052259203909017
btree8,65536,11,53.8361,13538052259203909017
fusion16_w,65536,11,87.2147,13538052259203909017
btree8_bl,65536,11,59.9411,13538052259203909017
fusion8_c,65536,11,90.5914,13538052259203909017
btree8_bl_a64,65536,11,60.9070,13538052259203909017
btree8_a64,65536,11,54.4128,13538052259203909017
fusion8_bf,65536,11,94.3802,13538052259203909017
btree16_bl_a64,65536,11,54.3198,13538052259203909017
sorted_array,65536,11,72.7448,13538052259203909017
fusion16_w,65536,12,88.9832,13538052259203909017
fusion8_c,65536,12,89.7018,13538052259203909017
btree8_bl_a64,65536,12,59.6237,13538052259203909017
fusion8,65536,12,93.6005,13538052259203909017
fusion8_bf,65536,12,94.6320,13538052259203909017
sorted_array,65536,12,72.1252,13538052259203909017
btree8_bl,65536,12,60.5942,13538052259203909017
btree16_bl_a64,65536,12,50.4822,13538052259203909017
btree8,65536,12,55.4062,13538052259203909017
btree8_a64,65536,12,54.5090,13538052259203909017
btree8_bl_a64,65536,13,57.8979,13538052259203909017
fusion8_bf,65536,13,93.4616,13538052259203909017
btree16_bl_a64,65536,13,48.2590,13538052259203909017
btree8_a64,65536,13,52.5589,13538052259203909017
fusion16_w,65536,13,91.6656,13538052259203909017
fusion8,65536,13,93.0771,13538052259203909017
sorted_array,65536,13,72.2504,13538052259203909017
btree8,65536,13,54.2847,13538052259203909017
btree8_bl,65536,13,62.2467,13538052259203909017
fusion8_c,65536,13,94.6945,13538052259203909017
btree8_bl_a64,65536,14,63.8504,13538052259203909017
btree8_a64,65536,14,56.1462,13538052259203909017
fusion16_w,65536,14,90.6876,13538052259203909017
btree8_bl,65536,14,58.9264,13538052259203909017
fusion8_bf,65536,14,96.5973,13538052259203909017
sorted_array,65536,14,72.4564,13538052259203909017
fusion8_c,65536,14,92.0273,13538052259203909017
btree8,65536,14,54.7653,13538052259203909017
fusion8,65536,14,95.2179,13538052259203909017
btree16_bl_a64,65536,14,51.9974,13538052259203909017
btree8_bl_a64,131072,0,107.9239,18322359750267561758
btree8,131072,0,89.4928,18322359750267561758
fusion8_bf,131072,0,156.3263,18322359750267561758
fusion16_w,131072,0,147.6166,18322359750267561758
fusion8,131072,0,157.4265,18322359750267561758
btree16_bl_a64,131072,0,104.0466,18322359750267561758
btree8_a64,131072,0,88.7772,18322359750267561758
sorted_array,131072,0,83.8760,18322359750267561758
fusion8_c,131072,0,142.8696,18322359750267561758
btree8_bl,131072,0,100.6210,18322359750267561758
fusion8_c,131072,1,116.4413,18322359750267561758
fusion8,131072,1,151.6739,18322359750267561758
sorted_array,131072,1,83.0017,18322359750267561758
btree8_a64,131072,1,86.3571,18322359750267561758
fusion8_bf,131072,1,152.4216,18322359750267561758
btree8_bl,131072,1,103.0151,18322359750267561758
btree8,131072,1,84.3552,18322359750267561758
btree16_bl_a64,131072,1,107.1411,18322359750267561758
fusion16_w,131072,1,146.7972,18322359750267561758
btree8_bl_a64,131072,1,106.8634,18322359750267561758
btree8,131072,2,88.4476,18322359750267561758
sorted_array,131072,2,83.6884,18322359750267561758
fusion8_c,131072,2,141.9250,18322359750267561758
btree16_bl_a64,131072,2,103.8452,18322359750267561758
fusion8,131072,2,156.6635,18322359750267561758
fusion16_w,131072,2,148.4558,18322359750267561758
btree8_a64,131072,2,89.8895,18322359750267561758
btree8_bl_a64,131072,2,107.8583,18322359750267561758
fusion8_bf,131072,2,150.7324,18322359750267561758
btree8_bl,131072,2,104.3259,18322359750267561758
fusion8,131072,3,154.7623,18322359750267561758
btree8_bl,131072,3,84.1980,18322359750267561758
btree16_bl_a64,131072,3,104.3564,18322359750267561758
fusion8_bf,131072,3,155.8792,18322359750267561758
sorted_array,131072,3,83.3801,18322359750267561758
btree8,131072,3,85.7117,18322359750267561758
fusion8_c,131072,3,143.8568,18322359750267561758
btree8_a64,131072,3,89.0594,18322359750267561758
btree8_bl_a64,131072,3,109.5352,18322359750267561758
fusion16_w,131072,3,146.5591,18322359750267561758
btree16_bl_a64,131072,4,105.8792,18322359750267561758
fusion8_bf,131072,4,155.1147,18322359750267561758
btree8,131072,4,86.4212,18322359750267561758
fusion8_c,131072,4,137.6923,18322359750267561758
fusion8,131072,4,161.8469,18322359750267561758
btree8_bl_a64,131072,4,107.3776,18322359750267561758
sorted_array,131072,4,83.0368,18322359750267561758
btree8_bl,131072,4,101.8066,18322359750267561758
fusion16_w,131072,4,148.3032,18322359750267561758
btree8_a64,131072,4,91.7465,18322359750267561758
fusion8_bf,131072,5,156.5414,18322359750267561758
fusion8_c,131072,5,140.7074,18322359750267561758
fusion16_w,131072,5,144.4443,18322359750267561758
btree16_bl_a64,131072,5,107.9010,18322359750267561758
btree8_a64,131072,5,90.5243,18322359750267561758
btree8_bl_a64,131072,5,113.5239,18322359750267561758
fusion8,131072,5,157.1716,18322359750267561758
btree8,131072,5,87.1094,18322359750267561758
btree8_bl,131072,5,103.8910,18322359750267561758
sorted_array,131072,5,83.1375,18322359750267561758
btree16_bl_a64,131072,6,106.6162,18322359750267561758
fusion8_c,131072,6,147.8409,18322359750267561758
btree8_bl_a64,131072,6,107.3090,18322359750267561758
sorted_array,131072,6,83.0582,18322359750267561758
btree8_bl,131072,6,102.7206,18322359750267561758
btree8,131072,6,85.0937,18322359750267561758
btree8_a64,131072,6,92.2165,18322359750267561758
fusion16_w,131072,6,147.0016,18322359750267561758
fusion8_bf,131072,6,155.4916,18322359750267561758
fusion8,131072,6,154.0436,18322359750267561758
btree8_a64,131072,7,90.9943,18322359750267561758
fusion8_bf,131072,7,172.2183,18322359750267561758
fusion8,131072,7,145.0104,18322359750267561758
btree8_bl,131072,7,103.3859,18322359750267561758
btree8_bl_a64,131072,7,108.2764,18322359750267561758
btree16_bl_a64,131072,7,105.3680,18322359750267561758
fusion8_c,131072,7,140.0833,18322359750267561758
btree8,131072,7,93.5699,18322359750267561758
fusion16_w,131072,7,150.8286,18322359750267561758
sorted_array,131072,7,83.1970,18322359750267561758
fusion8_c,131072,8,132.8384,18322359750267561758
btree16_bl_a64,131072,8,103.8406,18322359750267561758
btree8_bl_a64,131072,8,109.3338,18322359750267561758
fusion8_bf,131072,8,147.1329,18322359750267561758
fusion16_w,131072,8,146.0678,18322359750267561758
btree8_bl,131072,8,101.6266,18322359750267561758
btree8_a64,131072,8,90.5746,18322359750267561758
btree8,131072,8,86.0687,18322359750267561758
fusion8,131072,8,155.5023,18322359750267561758
sorted_array,131072,8,83.7570,18322359750267561758
fusion8,131072,9,120.7184,18322359750267561758
fusion16_w,131072,9,147.7814,18322359750267561758
sorted_array,131072,9,82.2250,18322359750267561758
btree8_bl_a64,131072,9,104.6738,18322359750267561758
btree16_bl_a64,131072,9,103.6942,18322359750267561758
fusion8_bf,131072,9,159.3002,18322359750267561758
btree8_a64,131072,9,88.7390,18322359750267561758
btree8_bl,131072,9,105.3452,18322359750267561758
btree8,131072,9,85.0143,18322359750267561758
fusion8_c,131072,9,140.4144,18322359750267561758
fusion8,131072,10,154.0161,18322359750267561758
sorted_array,131072,10,83.3359,18322359750267561758
fusion8_bf,131072,10,159.7458,18322359750267561758
btree8,131072,10,85.0662,18322359750267561758
fusion8_c,131072,10,143.8629,18322359750267561758
btree16_bl_a64,131072,10,105.8655,18322359750267561758
fusion16_w,131072,10,153.6179,18322359750267561758
btree8_bl_a64,131072,10,112.4817,18322359750267561758
btree8_bl,131072,10,99.6857,18322359750267561758
btree8_a64,131072,10,88.6978,18322359750267561758
btree8_a64,131072,11,68.1244,18322359750267561758
btree8_bl_a64,131072,11,90.2893,18322359750267561758
fusion8,131072,11,156.2683,18322359750267561758
btree8_bl,131072,11,96.9193,18322359750267561758
fusion8_c,131072,11,144.3878,18322359750267561758
fusion16_w,131072,11,149.7787,18322359750267561758
sorted_array,131072,11,82.8049,18322359750267561758
btree16_bl_a64,131072,11,104.7485,18322359750267561758
fusion8_bf,131072,11,157.0450,18322359750267561758
btree8,131072,11,85.9329,18322359750267561758
fusion8_bf,131072,12,124.9161,18322359750267561758
fusion8,131072,12,151.0315,18322359750267561758
btree16_bl_a64,131072,12,108.0093,18322359750267561758
btree8_bl_a64,131072,12,109.1202,18322359750267561758
sorted_array,131072,12,82.5333,18322359750267561758
fusion16_w,131072,12,154.8416,18322359750267561758
fusion8_c,131072,12,140.3244,18322359750267561758
btree8_a64,131072,12,89.6133,18322359750267561758
btree8,131072,12,93.1946,18322359750267561758
btree8_bl,131072,12,108.6655,18322359750267561758
sorted_array,131072,13,82.3410,18322359750267561758
btree8,131072,13,74.8749,18322359750267561758
fusion8,131072,13,162.4969,18322359750267561758
btree8_a64,131072,13,85.4568,18322359750267561758
fusion8_c,131072,13,140.7990,18322359750267561758
fusion8_bf,131072,13,151.5320,18322359750267561758
btree8_bl,131072,13,103.2730,18322359750267561758
btree16_bl_a64,131072,13,104.9988,18322359750267561758
btree8_bl_a64,131072,13,106.2531,18322359750267561758
fusion16_w,131072,13,148.5001,18322359750267561758
fusion8_c,131072,14,135.8276,18322359750267561758
btree8_a64,131072,14,96.2540,18322359750267561758
btree8,131072,14,84.3460,18322359750267561758
fusion16_w,131072,14,141.2323,18322359750267561758
btree8_bl_a64,131072,14,104.9164,18322359750267561758
fusion8,131072,14,153.8589,18322359750267561758
fusion8_bf,131072,14,156.8802,18322359750267561758
btree16_bl_a64,131072,14,108.1345,18322359750267561758
btree8_bl,131072,14,100.7843,18322359750267561758
sorted_array,131072,14,82.8049,18322359750267561758
btree16_bl_a64,262144,0,162.0667,10037066851814254848
btree8_bl,262144,0,109.1782,10037066851814254848
btree8_bl_a64,262144,0,126.0544,10037066851814254848
btree8,262144,0,90.2008,10037066851814254848
fusion8_c,262144,0,148.6740,10037066851814254848
fusion8_bf,262144,0,167.6819,10037066851814254848
fusion8,262144,0,157.6309,10037066851814254848
sorted_array,262144,0,93.8644,10037066851814254848
btree8_a64,262144,0,94.0704,10037066851814254848
fusion16_w,262144,0,187.2620,10037066851814254848
sorted_array,262144,1,93.5287,10037066851814254848
fusion16_w,262144,1,142.7353,10037066851814254848
fusion8_c,262144,1,149.7009,10037066851814254848
btree8,262144,1,93.1763,10037066851814254848
btree8_a64,262144,1,90.6754,10037066851814254848
btree8_bl,262144,1,115.4434,10037066851814254848
fusion8_bf,262144,1,162.9532,10037066851814254848
btree8_bl_a64,262144,1,128.9230,10037066851814254848
btree16_bl_a64,262144,1,156.8237,10037066851814254848
fusion8,262144,1,169.6960,10037066851814254848
fusion8_c,262144,2,147.1359,10037066851814254848
fusion16_w,262144,2,186.1389,10037066851814254848
btree8,262144,2,90.5548,10037066851814254848
btree8_bl,262144,2,116.1331,10037066851814254848
sorted_array,262144,2,93.4448,10037066851814254848
btree8_a64,262144,2,91.5924,10037066851814254848
fusion8,262144,2,159.3994,10037066851814254848
btree8_bl_a64,262144,2,127.9007,10037066851814254848
btree16_bl_a64,262144,2,192.2150,10037066851814254848
fusion8_bf,262144,2,168.7500,10037066851814254848
btree8_bl_a64,262144,3,121.1060,10037066851814254848
btree8_a64,262144,3,94.8837,10037066851814254848
fusion8_bf,262144,3,144.9493,10037066851814254848
sorted_array,262144,3,94.8700,10037066851814254848
fusion8_c,262144,3,147.7615,10037066851814254848
fusion8,262144,3,172.2595,10037066851814254848
btree8,262144,3,90.2588,10037066851814254848
btree16_bl_a64,262144,3,159.3842,10037066851814254848
btree8_bl,262144,3,125.3632,10037066851814254848
fusion16_w,262144,3,182.6614,10037066851814254848
btree8,262144,4,90.3076,10037066851814254848
btree8_a64,262144,4,92.4408,10037066851814254848
btree8_bl_a64,262144,4,125.4776,10037066851814254848
btree16_bl_a64,262144,4,159.2468,10037066851814254848
fusion8_bf,262144,4,172.2626,10037066851814254848
sorted_array,262144,4,94.1574,10037066851814254848
btree8_bl,262144,4,112.2910,10037066851814254848
fusion8,262144,4,159.8267,10037066851814254848
fusion16_w,262144,4,186.8881,10037066851814254848
fusion8_c,262144,4,155.6641,10037066851814254848
fusion16_w,262144,5,161.7630,10037066851814254848
fusion8_bf,262144,5,162.7045,10037066851814254848
btree8_a64,262144,5,98.3307,10037066851814254848
fusion8_c,262144,5,149.3179,10037066851814254848
btree16_bl_a64,262144,5,160.5530,10037066851814254848
fusion8,262144,5,176.6968,10037066851814254848
btree8_bl_a64,262144,5,124.7772,10037066851814254848
btree8_bl,262144,5,112.5870,10037066851814254848
sorted_array,262144,5,94.6320,10037066851814254848
btree8,262144,5,95.9900,10037066851814254848
fusion8_c,262144,6,153.0197,10037066851814254848
btree8_bl_a64,262144,6,125.5051,10037066851814254848
btree16_bl_a64,262144,6,157.8644,10037066851814254848
btree8_bl,262144,6,123.4070,10037066851814254848
btree8,262144,6,88.2156,10037066851814254848
fusion8,262144,6,162.1887,10037066851814254848
fusion8_bf,262144,6,164.0228,10037066851814254848
fusion16_w,262144,6,185.4828,10037066851814254848
sorted_array,262144,6,92.7002,10037066851814254848
btree8_a64,262144,6,95.0790,10037066851814254848
btree8_bl_a64,262144,7,128.8254,10037066851814254848
fusion8,262144,7,158.1024,10037066851814254848
fusion8_c,262144,7,145.3140,10037066851814254848
fusion16_w,262144,7,201.4618,10037066851814254848
btree8,262144,7,89.7430,10037066851814254848
sorted_array,262144,7,93.2373,10037066851814254848
btree16_bl_a64,262144,7,156.3385,10037066851814254848
fusion8_bf,262144,7,173.3688,10037066851814254848
btree8_bl,262144,7,112.3001,10037066851814254848
btree8_a64,262144,7,92.6270,10037066851814254848
sorted_array,262144,8,94.0445,10037066851814254848
btree8_a64,262144,8,73.3566,10037066851814254848
btree16_bl_a64,262144,8,160.3668,10037066851814254848
btree8,262144,8,97.1344,10037066851814254848
fusion8,262144,8,168.3121,10037066851814254848
btree8_bl_a64,262144,8,128.6407,10037066851814254848
fusion8_c,262144,8,149.2157,10037066851814254848
fusion16_w,262144,8,186.6608,10037066851814254848
fusion8_bf,262144,8,169.3222,10037066851814254848
btree8_bl,262144,8,117.6041,10037066851814254848
btree8,262144,9,90.7440,10037066851814254848
btree8_bl,262144,9,89.7812,10037066851814254848
btree8_bl_a64,262144,9,128.5126,10037066851814254848
fusion16_w,262144,9,180.6580,10037066851814254848
fusion8_c,262144,9,151.7609,10037066851814254848
btree8_a64,262144,9,96.5286,10037066851814254848
fusion8_bf,262144,9,162.3001,10037066851814254848
sorted_array,262144,9,93.5150,10037066851814254848
fusion8,262144,9,163.7100,10037066851814254848
btree16_bl_a64,262144,9,161.2366,10037066851814254848
fusion8,262144,10,142.3355,10037066851814254848
sorted_array,262144,10,93.9850,10037066851814254848
btree8_a64,262144,10,90.6891,10037066851814254848
btree8_bl,262144,10,116.9998,10037066851814254848
btree8,262144,10,92.5827,10037066851814254848
btree8_bl_a64,262144,10,122.8622,10037066851814254848
btree16_bl_a64,262144,10,159.9899,10037066851814254848
fusion16_w,262144,10,186.5524,10037066851814254848
fusion8_c,262144,10,147.7173,10037066851814254848
fusion8_bf,262144,10,169.9585,10037066851814254848
btree8_bl,262144,11,118.2678,10037066851814254848
btree16_bl_a64,262144,11,159.0683,10037066851814254848
fusion8_bf,262144,11,160.8353,10037066851814254848
sorted_array,262144,11,93.8507,10037066851814254848
fusion16_w,262144,11,182.1579,10037066851814254848
btree8_a64,262144,11,97.1146,10037066851814254848
btree8_bl_a64,262144,11,124.7284,10037066851814254848
fusion8_c,262144,11,149.4171,10037066851814254848
btree8,262144,11,92.0044,10037066851814254848
fusion8,262144,11,162.2574,10037066851814254848
btree8_bl_a64,262144,12,117.7353,10037066851814254848
fusion8_bf,262144,12,167.9504,10037066851814254848
fusion8,262144,12,153.7491,10037066851814254848
btree16_bl_a64,262144,12,158.9981,10037066851814254848
btree8,262144,12,96.1105,10037066851814254848
fusion8_c,262144,12,143.6905,10037066851814254848
btree8_bl,262144,12,116.0675,10037066851814254848
sorted_array,262144,12,94.2017,10037066851814254848
btree8_a64,262144,12,94.4748,10037066851814254848
fusion16_w,262144,12,186.0001,10037066851814254848
fusion8,262144,13,163.4857,10037066851814254848
btree8_a64,262144,13,88.1546,10037066851814254848
btree16_bl_a64,262144,13,163.1577,10037066851814254848
fusion8_c,262144,13,153.1601,10037066851814254848
btree8_bl_a64,262144,13,126.5671,10037066851814254848
sorted_array,262144,13,93.4647,10037066851814254848
fusion16_w,262144,13,190.0681,10037066851814254848
btree8,262144,13,89.4791,10037066851814254848
btree8_bl,262144,13,114.9704,10037066851814254848
fusion8_bf,262144,13,163.5620,10037066851814254848
btree8_a64,262144,14,91.0690,10037066851814254848
sorted_array,262144,14,95.0790,10037066851814254848
fusion8_c,262144,14,157.6462,10037066851814254848
btree8_bl_a64,262144,14,129.5532,10037066851814254848
btree16_bl_a64,262144,14,159.1263,10037066851814254848
fusion16_w,262144,14,186.1267,10037066851814254848
fusion8_bf,262144,14,167.5430,10037066851814254848
btree8_bl,262144,14,114.3356,10037066851814254848
fusion8,262144,14,166.4307,10037066851814254848
btree8,262144,14,90.9576,10037066851814254848
sorted_array,524288,0,121.2112,12494368574949970434
fusion8_c,524288,0,145.5399,12494368574949970434
btree8_bl,524288,0,119.9814,12494368574949970434
btree8_a64,524288,0,102.5040,12494368574949970434
fusion8_bf,524288,0,163.8824,12494368574949970434
fusion8,524288,0,161.1145,12494368574949970434
btree8,524288,0,92.9825,12494368574949970434
btree8_bl_a64,524288,0,129.7653,12494368574949970434
btree16_bl_a64,524288,0,168.0878,12494368574949970434
fusion16_w,524288,0,210.7101,12494368574949970434
btree8,524288,1,94.2123,12494368574949970434
fusion8_bf,524288,1,170.8435,12494368574949970434
btree8_bl_a64,524288,1,124.8215,12494368574949970434
sorted_array,524288,1,120.3568,12494368574949970434
btree8_bl,524288,1,115.9927,12494368574949970434
btree8_a64,524288,1,96.3242,12494368574949970434
fusion16_w,524288,1,208.9218,12494368574949970434
fusion8_c,524288,1,152.3132,12494368574949970434
fusion8,524288,1,165.2939,12494368574949970434
btree16_bl_a64,524288,1,166.1514,12494368574949970434
btree8_bl,524288,2,123.2773,12494368574949970434
btree8,524288,2,92.0807,12494368574949970434
fusion8,524288,2,156.3156,12494368574949970434
btree8_a64,524288,2,94.6136,12494368574949970434
btree16_bl_a64,524288,2,169.7433,12494368574949970434
fusion8_c,524288,2,152.8549,12494368574949970434
btree8_bl_a64,524288,2,138.8474,12494368574949970434
fusion8_bf,524288,2,167.2607,12494368574949970434
fusion16_w,524288,2,211.6364,12494368574949970434
sorted_array,524288,2,121.2036,12494368574949970434
sorted_array,524288,3,118.3670,12494368574949970434
btree8_a64,524288,3,93.9606,12494368574949970434
btree16_bl_a64,524288,3,165.7272,12494368574949970434
fusion8_c,524288,3,160.4477,12494368574949970434
btree8,524288,3,93.5074,12494368574949970434
fusion8,524288,3,166.0233,12494368574949970434
btree8_bl_a64,524288,3,126.4496,12494368574949970434
btree8_bl,524288,3,111.9553,12494368574949970434
fusion16_w,524288,3,206.8237,12494368574949970434
fusion8_bf,524288,3,173.6755,12494368574949970434
btree8_a64,524288,4,96.8964,12494368574949970434
btree8_bl_a64,524288,4,128.2349,12494368574949970434
btree16_bl_a64,524288,4,169.0247,12494368574949970434
sorted_array,524288,4,123.0301,12494368574949970434
btree8_bl,524288,4,117.7933,12494368574949970434
fusion8,524288,4,159.9838,12494368574949970434
fusion8_bf,524288,4,165.8951,12494368574949970434
btree8,524288,4,93.4326,12494368574949970434
fusion16_w,524288,4,209.1736,12494368574949970434
fusion8_c,524288,4,157.0099,12494368574949970434
btree8_bl,524288,5,114.8575,12494368574949970434
btree8_bl_a64,524288,5,128.0182,12494368574949970434
btree16_bl_a64,524288,5,164.4501,12494368574949970434
fusion8_c,524288,5,155.8121,12494368574949970434
fusion16_w,524288,5,211.1588,12494368574949970434
btree8,524288,5,89.7125,12494368574949970434
fusion8,524288,5,165.0330,12494368574949970434
sorted_array,524288,5,121.2021,12494368574949970434
fusion8_bf,524288,5,166.0431,12494368574949970434
btree8_a64,524288,5,94.0109,12494368574949970434
btree16_bl_a64,524288,6,169.3558,12494368574949970434
sorted_array,524288,6,120.1782,12494368574949970434
btree8_bl_a64,524288,6,130.9280,12494368574949970434
fusion8,524288,6,161.5097,12494368574949970434
fusion8_bf,524288,6,165.0848,12494368574949970434
btree8,524288,6,92.3126,12494368574949970434
fusion16_w,524288,6,209.5154,12494368574949970434
btree8_a64,524288,6,95.9778,12494368574949970434
btree8_bl,524288,6,117.4957,12494368574949970434
fusion8_c,524288,6,147.4228,12494368574949970434
fusion8,524288,7,169.1177,12494368574949970434
sorted_array,524288,7,120.1492,12494368574949970434
fusion16_w,524288,7,204.2358,12494368574949970434
fusion8_bf,524288,7,164.0045,12494368574949970434
btree16_bl_a64,524288,7,168.0969,12494368574949970434
btree8_bl,524288,7,124.1119,12494368574949970434
btree8_bl_a64,524288,7,124.6521,12494368574949970434
btree8_a64,524288,7,96.6507,12494368574949970434
btree8,524288,7,94.2062,12494368574949970434
fusion8_c,524288,7,176.1642,12494368574949970434
fusion8_bf,524288,8,179.0558,12494368574949970434
fusion8_c,524288,8,128.8239,12494368574949970434
fusion16_w,524288,8,213.0661,12494368574949970434
btree16_bl_a64,524288,8,169.6442,12494368574949970434
sorted_array,524288,8,120.8313,12494368574949970434
btree8,524288,8,92.3508,12494368574949970434
btree8_bl_a64,524288,8,131.4728,12494368574949970434
btree8_bl,524288,8,118.2587,12494368574949970434
fusion8,524288,8,160.0632,12494368574949970434
btree8_a64,524288,8,101.2207,12494368574949970434
sorted_array,524288,9,120.7916,12494368574949970434
fusion8_bf,524288,9,174.8505,12494368574949970434
fusion8,524288,9,161.9461,12494368574949970434
fusion8_c,524288,9,148.4192,12494368574949970434
btree8_bl_a64,524288,9,134.7733,12494368574949970434
btree16_bl_a64,524288,9,168.2144,12494368574949970434
btree8,524288,9,90.3503,12494368574949970434
btree8_bl,524288,9,126.0773,12494368574949970434
fusion16_w,524288,9,204.2023,12494368574949970434
btree8_a64,524288,9,101.4328,12494368574949970434
btree8_a64,524288,10,75.0763,12494368574949970434
fusion16_w,524288,10,174.4400,12494368574949970434
fusion8_bf,524288,10,171.3760,12494368574949970434
fusion8,524288,10,155.6244,12494368574949970434
btree8,524288,10,92.4225,12494368574949970434
btree16_bl_a64,524288,10,169.5374,12494368574949970434
btree8_bl,524288,10,127.4323,12494368574949970434
btree8_bl_a64,524288,10,128.9902,12494368574949970434
sorted_array,524288,10,120.5200,12494368574949970434
fusion8_c,524288,10,148.7473,12494368574949970434
fusion8_bf,524288,11,165.5304,12494368574949970434
btree8,524288,11,92.9413,12494368574949970434
fusion8,524288,11,180.3040,12494368574949970434
btree8_a64,524288,11,94.4061,12494368574949970434
btree16_bl_a64,524288,11,168.7057,12494368574949970434
fusion8_c,524288,11,158.7875,12494368574949970434
btree8_bl,524288,11,119.1055,12494368574949970434
fusion16_w,524288,11,205.5817,12494368574949970434
btree8_bl_a64,524288,11,132.0511,12494368574949970434
sorted_array,524288,11,120.1324,12494368574949970434
fusion16_w,524288,12,182.8476,12494368574949970434
btree16_bl_a64,524288,12,168.6508,12494368574949970434
btree8_bl,524288,12,123.7808,12494368574949970434
sorted_array,524288,12,121.5057,12494368574949970434
fusion8_c,524288,12,148.8052,12494368574949970434
btree8,524288,12,96.3318,12494368574949970434
fusion8,524288,12,168.0771,12494368574949970434
fusion8_bf,524288,12,165.2740,12494368574949970434
btree8_bl_a64,524288,12,125.5844,12494368574949970434
btree8_a64,524288,12,97.9202,12494368574949970434
btree8_bl_a64,524288,13,88.0402,12494368574949970434
btree8,524288,13,90.0085,12494368574949970434
fusion16_w,524288,13,210.2478,12494368574949970434
btree16_bl_a64,524288,13,171.1502,12494368574949970434
btree8_bl,524288,13,121.1029,12494368574949970434
btree8_a64,524288,13,99.1776,12494368574949970434
fusion8_c,524288,13,152.6581,12494368574949970434
fusion8_bf,524288,13,167.0547,12494368574949970434
fusion8,524288,13,163.6917,12494368574949970434
sorted_array,524288,13,120.7520,12494368574949970434
fusion8_bf,524288,14,153.4500,12494368574949970434
btree16_bl_a64,524288,14,167.5430,12494368574949970434
fusion16_w,524288,14,211.6638,12494368574949970434
fusion8_c,524288,14,155.9814,12494368574949970434
sorted_array,524288,14,120.3537,12494368574949970434
fusion8,524288,14,164.4241,12494368574949970434
btree8_bl,524288,14,114.3341,12494368574949970434
btree8_a64,524288,14,96.7422,12494368574949970434
btree8,524288,14,92.0181,12494368574949970434
btree8_bl_a64,524288,14,130.8884,12494368574949970434
btree8_bl,1048576,0,238.0081,16362192324183350314
fusion16_w,1048576,0,219.2184,16362192324183350314
fusion8_bf,1048576,0,341.2689,16362192324183350314
btree16_bl_a64,1048576,0,175.1389,16362192324183350314
fusion8_c,1048576,0,301.7502,16362192324183350314
btree8,1048576,0,249.2950,16362192324183350314
btree8_a64,1048576,0,247.3679,16362192324183350314
fusion8,1048576,0,331.0944,16362192324183350314
sorted_array,1048576,0,217.1707,16362192324183350314
btree8_bl_a64,1048576,0,229.5197,16362192324183350314
sorted_array,1048576,1,208.2169,16362192324183350314
btree8_bl,1048576,1,234.3933,16362192324183350314
fusion8,1048576,1,329.2465,16362192324183350314
btree8_a64,1048576,1,244.7861,16362192324183350314
btree8,1048576,1,241.9495,16362192324183350314
btree8_bl_a64,1048576,1,227.5589,16362192324183350314
fusion8_bf,1048576,1,327.2919,16362192324183350314
btree16_bl_a64,1048576,1,177.1362,16362192324183350314
fusion16_w,1048576,1,215.8401,16362192324183350314
fusion8_c,1048576,1,315.0208,16362192324183350314
fusion8,1048576,2,327.9846,16362192324183350314
btree16_bl_a64,1048576,2,178.9291,16362192324183350314
btree8,1048576,2,238.4140,16362192324183350314
fusion8_bf,1048576,2,343.6462,16362192324183350314
btree8_bl,1048576,2,242.4332,16362192324183350314
btree8_bl_a64,1048576,2,229.0070,16362192324183350314
fusion8_c,1048576,2,312.0743,16362192324183350314
btree8_a64,1048576,2,243.2800,16362192324183350314
sorted_array,1048576,2,204.4632,16362192324183350314
fusion16_w,1048576,2,215.3931,16362192324183350314
fusion8_bf,1048576,3,347.0871,16362192324183350314
fusion8,1048576,3,335.4172,16362192324183350314
fusion16_w,1048576,3,224.4110,16362192324183350314
btree8,1048576,3,242.7353,16362192324183350314
fusion8_c,1048576,3,310.8231,16362192324183350314
sorted_array,1048576,3,219.7479,16362192324183350314
btree8_bl_a64,1048576,3,228.8315,16362192324183350314
btree16_bl_a64,1048576,3,174.2065,16362192324183350314
btree8_bl,1048576,3,239.5050,16362192324183350314
btree8_a64,1048576,3,248.2391,16362192324183350314
btree8_bl_a64,1048576,4,230.4291,16362192324183350314
btree8,1048576,4,278.0746,16362192324183350314
fusion8_bf,1048576,4,341.4642,16362192324183350314
btree16_bl_a64,1048576,4,173.7640,16362192324183350314
btree8_a64,1048576,4,247.0093,16362192324183350314
btree8_bl,1048576,4,241.2781,16362192324183350314
sorted_array,1048576,4,221.5073,16362192324183350314
fusion8,1048576,4,336.0825,16362192324183350314
fusion8_c,1048576,4,315.5563,16362192324183350314
fusion16_w,1048576,4,222.0612,16362192324183350314
fusion8,1048576,5,330.8975,16362192324183350314
btree8,1048576,5,243.5669,16362192324183350314
btree8_bl_a64,1048576,5,228.1464,16362192324183350314
fusion8_c,1048576,5,312.2116,16362192324183350314
sorted_array,1048576,5,220.1141,16362192324183350314
btree8_a64,1048576,5,243.1946,16362192324183350314
fusion16_w,1048576,5,229.3961,16362192324183350314
btree16_bl_a64,1048576,5,169.9173,16362192324183350314
btree8_bl,1048576,5,237.0209,16362192324183350314
fusion8_bf,1048576,5,323.9502,16362192324183350314
btree8,1048576,6,246.4157,16362192324183350314
sorted_array,1048576,6,207.8308,16362192324183350314
fusion8,1048576,6,330.8365,16362192324183350314
fusion8_c,1048576,6,315.9744,16362192324183350314
fusion8_bf,1048576,6,340.0055,16362192324183350314
fusion16_w,1048576,6,226.4694,16362192324183350314
btree8_bl_a64,1048576,6,231.0959,16362192324183350314
btree16_bl_a64,1048576,6,174.5804,16362192324183350314
btree8_bl,1048576,6,232.8949,16362192324183350314
btree8_a64,1048576,6,245.6070,16362192324183350314
fusion8,1048576,7,327.9861,16362192324183350314
btree8_bl_a64,1048576,7,233.7097,16362192324183350314
btree8,1048576,7,245.8344,16362192324183350314
fusion8_c,1048576,7,308.7357,16362192324183350314
fusion16_w,1048576,7,223.9044,16362192324183350314
fusion8_bf,1048576,7,349.7787,16362192324183350314
btree8_a64,1048576,7,245.0531,16362192324183350314
btree16_bl_a64,1048576,7,173.1812,16362192324183350314
sorted_array,1048576,7,218.5013,16362192324183350314
btree8_bl,1048576,7,237.2131,16362192324183350314
btree8,1048576,8,248.0652,16362192324183350314
fusion8_bf,1048576,8,341.8671,16362192324183350314
fusion8,1048576,8,327.3483,16362192324183350314
fusion16_w,1048576,8,227.2842,16362192324183350314
btree8_a64,1048576,8,247.4106,16362192324183350314
btree8_bl_a64,1048576,8,235.3012,16362192324183350314
fusion8_c,1048576,8,305.1956,16362192324183350314
btree8_bl,1048576,8,239.0945,16362192324183350314
sorted_array,1048576,8,217.4683,16362192324183350314
btree16_bl_a64,1048576,8,171.1761,16362192324183350314
fusion16_w,1048576,9,223.2574,16362192324183350314
btree8_a64,1048576,9,246.1975,16362192324183350314
fusion8_c,1048576,9,307.0801,16362192324183350314
fusion8,1048576,9,339.9658,16362192324183350314
sorted_array,1048576,9,184.2621,16362192324183350314
fusion8_bf,1048576,9,324.8611,16362192324183350314
btree8,1048576,9,241.7023,16362192324183350314
btree16_bl_a64,1048576,9,169.7144,16362192324183350314
btree8_bl_a64,1048576,9,230.7480,16362192324183350314
btree8_bl,1048576,9,239.9490,16362192324183350314
fusion16_w,1048576,10,223.1415,16362192324183350314
btree8_bl_a64,1048576,10,230.0415,16362192324183350314
fusion8,1048576,10,335.3546,16362192324183350314
fusion8_bf,1048576,10,345.0012,16362192324183350314
btree16_bl_a64,1048576,10,170.1324,16362192324183350314
btree8_bl,1048576,10,240.3107,16362192324183350314
btree8,1048576,10,239.4089,16362192324183350314
fusion8_c,1048576,10,300.5737,16362192324183350314
btree8_a64,1048576,10,243.2297,16362192324183350314
sorted_array,1048576,10,224.8352,16362192324183350314
btree8_bl_a64,1048576,11,233.0048,16362192324183350314
fusion8,1048576,11,332.2586,16362192324183350314
sorted_array,1048576,11,210.7361,16362192324183350314
btree8,1048576,11,239.3814,16362192324183350314
fusion8_c,1048576,11,306.9473,16362192324183350314
btree16_bl_a64,1048576,11,173.9609,16362192324183350314
btree8_bl,1048576,11,242.8329,16362192324183350314
btree8_a64,1048576,11,243.0786,16362192324183350314
fusion16_w,1048576,11,221.4767,16362192324183350314
fusion8_bf,1048576,11,330.6137,16362192324183350314
sorted_array,1048576,12,212.3840,16362192324183350314
fusion8_c,1048576,12,311.3937,16362192324183350314
btree8,1048576,12,254.3869,16362192324183350314
btree8_bl,1048576,12,233.7631,16362192324183350314
fusion8,1048576,12,337.1078,16362192324183350314
fusion16_w,1048576,12,220.4193,16362192324183350314
btree8_a64,1048576,12,245.3140,16362192324183350314
btree8_bl_a64,1048576,12,233.1314,16362192324183350314
btree16_bl_a64,1048576,12,170.2759,16362192324183350314
fusion8_bf,1048576,12,326.5961,16362192324183350314
fusion8,1048576,13,334.9426,16362192324183350314
sorted_array,1048576,13,205.7663,16362192324183350314
btree8_bl_a64,1048576,13,230.3528,16362192324183350314
btree16_bl_a64,1048576,13,173.4558,16362192324183350314
fusion8_bf,1048576,13,327.4597,16362192324183350314
btree8_a64,1048576,13,250.0549,16362192324183350314
fusion16_w,1048576,13,224.7513,16362192324183350314
fusion8_c,1048576,13,316.6519,16362192324183350314
btree8,1048576,13,246.0251,16362192324183350314
btree8_bl,1048576,13,238.0524,16362192324183350314
btree16_bl_a64,1048576,14,173.9426,16362192324183350314
btree8_bl,1048576,14,209.7290,16362192324183350314
sorted_array,1048576,14,221.0693,16362192324183350314
btree8,1048576,14,239.4073,16362192324183350314
fusion16_w,1048576,14,214.5294,16362192324183350314
fusion8_c,1048576,14,311.3693,16362192324183350314
btree8_a64,1048576,14,251.4465,16362192324183350314
fusion8_bf,1048576,14,324.7620,16362192324183350314
btree8_bl_a64,1048576,14,233.5999,16362192324183350314
fusion8,1048576,14,333.0688,16362192324183350314
btree8_a64,2097152,0,253.8681,6087976039063001523
btree8_bl_a64,2097152,0,278.2089,6087976039063001523
fusion8_c,2097152,0,317.5949,6087976039063001523
fusion16_w,2097152,0,335.7391,6087976039063001523
btree16_bl_a64,2097152,0,246.2540,6087976039063001523
fusion8,2097152,0,346.0022,6087976039063001523
fusion8_bf,2097152,0,352.0966,6087976039063001523
btree8,2097152,0,252.3300,6087976039063001523
btree8_bl,2097152,0,286.3754,6087976039063001523
sorted_array,2097152,0,314.8315,6087976039063001523
fusion8_c,2097152,1,320.0302,6087976039063001523
fusion16_w,2097152,1,324.9069,6087976039063001523
fusion8_bf,2097152,1,357.0663,6087976039063001523
btree8_a64,2097152,1,306.3950,6087976039063001523
sorted_array,2097152,1,240.6952,6087976039063001523
btree8_bl,2097152,1,320.3171,6087976039063001523
btree8,2097152,1,252.4536,6087976039063001523
btree8_bl_a64,2097152,1,274.6017,6087976039063001523
fusion8,2097152,1,343.2373,6087976039063001523
btree16_bl_a64,2097152,1,252.6718,6087976039063001523
sorted_array,2097152,2,336.2045,6087976039063001523
btree8_a64,2097152,2,256.8573,6087976039063001523
btree8_bl,2097152,2,285.8841,6087976039063001523
fusion8_c,2097152,2,324.3118,6087976039063001523
btree8,2097152,2,258.4198,6087976039063001523
fusion8,2097152,2,341.8747,6087976039063001523
btree16_bl_a64,2097152,2,254.2297,6087976039063001523
fusion16_w,2097152,2,325.4135,6087976039063001523
fusion8_bf,2097152,2,354.0665,6087976039063001523
btree8_bl_a64,2097152,2,276.9897,6087976039063001523
btree16_bl_a64,2097152,3,247.5739,6087976039063001523
btree8_bl,2097152,3,288.0692,6087976039063001523
fusion8_c,2097152,3,326.6693,6087976039063001523
btree8_a64,2097152,3,256.2729,6087976039063001523
fusion16_w,2097152,3,339.8605,6087976039063001523
btree8,2097152,3,245.2866,6087976039063001523
sorted_array,2097152,3,336.3449,6087976039063001523
fusion8,2097152,3,358.7280,6087976039063001523
fusion8_bf,2097152,3,346.0999,6087976039063001523
btree8_bl_a64,2097152,3,279.9759,6087976039063001523
btree8_bl_a64,2097152,4,162.7548,6087976039063001523
btree8_a64,2097152,4,252.7100,6087976039063001523
btree8,2097152,4,253.6758,6087976039063001523
btree16_bl_a64,2097152,4,247.2641,6087976039063001523
fusion16_w,2097152,4,327.8778,6087976039063001523
btree8_bl,2097152,4,286.7661,6087976039063001523
fusion8,2097152,4,342.9504,6087976039063001523
sorted_array,2097152,4,355.5771,6087976039063001523
fusion8_c,2097152,4,325.9247,6087976039063001523
fusion8_bf,2097152,4,344.2139,6087976039063001523
fusion16_w,2097152,5,337.6419,6087976039063001523
btree8,2097152,5,250.1221,6087976039063001523
fusion8,2097152,5,347.9050,6087976039063001523
sorted_array,2097152,5,337.1948,6087976039063001523
fusion8_c,2097152,5,320.4269,6087976039063001523
fusion8_bf,2097152,5,357.6904,6087976039063001523
btree8_bl_a64,2097152,5,276.1841,6087976039063001523
btree16_bl_a64,2097152,5,246.9925,6087976039063001523
btree8_a64,2097152,5,252.5986,6087976039063001523
btree8_bl,2097152,5,284.4788,6087976039063001523
btree8,2097152,6,256.1874,6087976039063001523
btree8_bl_a64,2097152,6,274.6765,6087976039063001523
fusion8_bf,2097152,6,352.4048,6087976039063001523
fusion8_c,2097152,6,328.1372,6087976039063001523
fusion16_w,2097152,6,336.7416,6087976039063001523
sorted_array,2097152,6,328.8712,6087976039063001523
fusion8,2097152,6,358.8211,6087976039063001523
btree8_bl,2097152,6,285.2982,6087976039063001523
btree16_bl_a64,2097152,6,247.3801,6087976039063001523
btree8_a64,2097152,6,253.6469,6087976039063001523
btree8_bl_a64,2097152,7,281.2042,6087976039063001523
fusion16_w,2097152,7,321.2112,6087976039063001523
btree16_bl_a64,2097152,7,245.5292,6087976039063001523
btree8_a64,2097152,7,255.4214,6087976039063001523
fusion8_bf,2097152,7,344.5206,6087976039063001523
fusion8_c,2097152,7,333.9600,6087976039063001523
fusion8,2097152,7,340.4724,6087976039063001523
btree8,2097152,7,258.4122,6087976039063001523
btree8_bl,2097152,7,286.2335,6087976039063001523
sorted_array,2097152,7,344.4412,6087976039063001523
fusion16_w,2097152,8,320.1706,6087976039063001523
btree8_bl,2097152,8,283.9417,6087976039063001523
sorted_array,2097152,8,262.2299,6087976039063001523
fusion8_bf,2097152,8,353.9230,6087976039063001523
btree8,2097152,8,257.6935,6087976039063001523
fusion8_c,2097152,8,323.5382,6087976039063001523
btree16_bl_a64,2097152,8,250.3082,6087976039063001523
btree8_a64,2097152,8,259.2133,6087976039063001523
fusion8,2097152,8,345.5627,6087976039063001523
btree8_bl_a64,2097152,8,275.8163,6087976039063001523
btree8_bl,2097152,9,280.8823,6087976039063001523
fusion8,2097152,9,346.9498,6087976039063001523
fusion8_c,2097152,9,329.9606,6087976039063001523
fusion8_bf,2097152,9,352.3758,6087976039063001523
fusion16_w,2097152,9,341.4291,6087976039063001523
btree8_bl_a64,2097152,9,275.0259,6087976039063001523
btree16_bl_a64,2097152,9,251.3718,6087976039063001523
sorted_array,2097152,9,354.0970,6087976039063001523
btree8,2097152,9,256.8649,6087976039063001523
btree8_a64,2097152,9,256.2424,6087976039063001523
fusion8_c,2097152,10,327.4811,6087976039063001523
fusion16_w,2097152,10,343.0862,6087976039063001523
btree8_bl_a64,2097152,10,276.3748,6087976039063001523
fusion8,2097152,10,348.3856,6087976039063001523
btree8_bl,2097152,10,283.7753,6087976039063001523
fusion8_bf,2097152,10,351.6876,6087976039063001523
btree16_bl_a64,2097152,10,247.2122,6087976039063001523
btree8,2097152,10,253.4119,6087976039063001523
btree8_a64,2097152,10,255.9143,6087976039063001523
sorted_array,2097152,10,338.8290,6087976039063001523
fusion8_bf,2097152,11,354.4769,6087976039063001523
sorted_array,2097152,11,334.1263,6087976039063001523
fusion8_c,2097152,11,323.8129,6087976039063001523
btree8_bl_a64,2097152,11,274.6536,6087976039063001523
btree8_bl,2097152,11,289.4043,6087976039063001523
btree8_a64,2097152,11,253.3737,6087976039063001523
btree8,2097152,11,257.0999,6087976039063001523
btree16_bl_a64,2097152,11,247.7905,6087976039063001523
fusion16_w,2097152,11,324.2584,6087976039063001523
fusion8,2097152,11,347.2137,6087976039063001523
btree16_bl_a64,2097152,12,254.2053,6087976039063001523
fusion8,2097152,12,342.0197,6087976039063001523
sorted_array,2097152,12,364.3097,6087976039063001523
fusion16_w,2097152,12,321.6354,6087976039063001523
fusion8_c,2097152,12,326.9257,6087976039063001523
btree8,2097152,12,254.2725,6087976039063001523
btree8_bl,2097152,12,288.8611,6087976039063001523
fusion8_bf,2097152,12,350.1068,6087976039063001523
btree8_bl_a64,2097152,12,273.8266,6087976039063001523
btree8_a64,2097152,12,257.9590,6087976039063001523
fusion8,2097152,13,342.9565,6087976039063001523
fusion8_c,2097152,13,330.4306,6087976039063001523
fusion8_bf,2097152,13,354.6326,6087976039063001523
fusion16_w,2097152,13,340.8020,6087976039063001523
sorted_array,2097152,13,335.4736,6087976039063001523
btree8,2097152,13,250.7080,6087976039063001523
btree16_bl_a64,2097152,13,254.5059,6087976039063001523
btree8_a64,2097152,13,250.8377,6087976039063001523
btree8_bl,2097152,13,289.1769,6087976039063001523
btree8_bl_a64,2097152,13,277.6886,6087976039063001523
fusion8_c,2097152,14,320.3354,6087976039063001523
btree8,2097152,14,252.9861,6087976039063001523
fusion8_bf,2097152,14,347.4579,6087976039063001523
fusion8,2097152,14,347.8592,6087976039063001523
btree8_bl,2097152,14,283.8181,6087976039063001523
btree16_bl_a64,2097152,14,248.3673,6087976039063001523
btree8_a64,2097152,14,256.9122,6087976039063001523
fusion16_w,2097152,14,331.0730,6087976039063001523
btree8_bl_a64,2097152,14,277.8061,6087976039063001523
sorted_array,2097152,14,330.5878,6087976039063001523
fusion8_bf,4194304,0,351.6251,14247903871160904604
btree8_bl_a64,4194304,0,285.2829,14247903871160904604
btree8,4194304,0,256.9626,14247903871160904604
fusion16_w,4194304,0,384.4772,14247903871160904604
fusion8_c,4194304,0,332.1182,14247903871160904604
btree8_a64,4194304,0,260.4156,14247903871160904604
sorted_array,4194304,0,433.3206,14247903871160904604
btree8_bl,4194304,0,285.8566,14247903871160904604
btree16_bl_a64,4194304,0,342.1082,14247903871160904604
fusion8,4194304,0,346.4462,14247903871160904604
btree8_bl_a64,4194304,1,284.3781,14247903871160904604
btree8_a64,4194304,1,258.6929,14247903871160904604
fusion8,4194304,1,349.8367,14247903871160904604
sorted_array,4194304,1,468.5745,14247903871160904604
fusion16_w,4194304,1,384.2758,14247903871160904604
fusion8_bf,4194304,1,361.9522,14247903871160904604
btree16_bl_a64,4194304,1,333.6044,14247903871160904604
btree8_bl,4194304,1,290.4007,14247903871160904604
fusion8_c,4194304,1,329.1992,14247903871160904604
btree8,4194304,1,263.3636,14247903871160904604
fusion16_w,4194304,2,373.5138,14247903871160904604
fusion8,4194304,2,356.6086,14247903871160904604
fusion8_bf,4194304,2,352.7084,14247903871160904604
btree8_bl,4194304,2,290.3503,14247903871160904604
fusion8_c,4194304,2,327.7603,14247903871160904604
sorted_array,4194304,2,468.0038,14247903871160904604
btree8_a64,4194304,2,254.7470,14247903871160904604
btree16_bl_a64,4194304,2,335.8780,14247903871160904604
btree8_bl_a64,4194304,2,282.7515,14247903871160904604
btree8,4194304,2,257.4219,14247903871160904604
fusion8,4194304,3,350.2579,14247903871160904604
fusion8_bf,4194304,3,357.0419,14247903871160904604
btree16_bl_a64,4194304,3,341.8076,14247903871160904604
fusion16_w,4194304,3,375.1266,14247903871160904604
btree8_bl_a64,4194304,3,283.9264,14247903871160904604
sorted_array,4194304,3,461.1053,14247903871160904604
btree8_a64,4194304,3,256.1676,14247903871160904604
fusion8_c,4194304,3,324.6780,14247903871160904604
btree8,4194304,3,255.9753,14247903871160904604
btree8_bl,4194304,3,289.6881,14247903871160904604
fusion8_bf,4194304,4,352.9327,14247903871160904604
btree8,4194304,4,255.2521,14247903871160904604
btree8_bl,4194304,4,291.2796,14247903871160904604
sorted_array,4194304,4,461.1664,14247903871160904604
fusion8_c,4194304,4,326.2756,14247903871160904604
btree16_bl_a64,4194304,4,338.8489,14247903871160904604
fusion8,4194304,4,349.2569,14247903871160904604
btree8_bl_a64,4194304,4,280.5923,14247903871160904604
fusion16_w,4194304,4,375.1038,14247903871160904604
btree8_a64,4194304,4,257.7179,14247903871160904604
fusion16_w,4194304,5,365.6311,14247903871160904604
sorted_array,4194304,5,466.2262,14247903871160904604
btree16_bl_a64,4194304,5,343.2190,14247903871160904604
btree8,4194304,5,256.4850,14247903871160904604
btree8_bl,4194304,5,295.3690,14247903871160904604
fusion8_bf,4194304,5,355.7358,14247903871160904604
btree8_bl_a64,4194304,5,278.9093,14247903871160904604
fusion8,4194304,5,352.1164,14247903871160904604
btree8_a64,4194304,5,257.3730,14247903871160904604
fusion8_c,4194304,5,322.9019,14247903871160904604
btree8_a64,4194304,6,256.1874,14247903871160904604
sorted_array,4194304,6,443.3609,14247903871160904604
btree8_bl_a64,4194304,6,279.4830,14247903871160904604
btree8,4194304,6,259.5551,14247903871160904604
fusion8_c,4194304,6,328.7003,14247903871160904604
fusion8_bf,4194304,6,357.2586,14247903871160904604
btree8_bl,4194304,6,292.0883,14247903871160904604
fusion16_w,4194304,6,380.9402,14247903871160904604
btree16_bl_a64,4194304,6,343.8217,14247903871160904604
fusion8,4194304,6,351.8616,14247903871160904604
btree8,4194304,7,250.7492,14247903871160904604
sorted_array,4194304,7,466.9373,14247903871160904604
fusion16_w,4194304,7,387.3230,14247903871160904604
fusion8,4194304,7,350.9232,14247903871160904604
fusion8_c,4194304,7,328.3722,14247903871160904604
btree8_bl_a64,4194304,7,281.4133,14247903871160904604
btree16_bl_a64,4194304,7,338.4247,14247903871160904604
btree8_bl,4194304,7,288.7268,14247903871160904604
btree8_a64,4194304,7,260.3226,14247903871160904604
fusion8_bf,4194304,7,355.8838,14247903871160904604
fusion8,4194304,8,348.3795,14247903871160904604
fusion16_w,4194304,8,401.0681,14247903871160904604
btree8,4194304,8,251.6937,14247903871160904604
btree16_bl_a64,4194304,8,340.2618,14247903871160904604
btree8_bl,4194304,8,286.9080,14247903871160904604
sorted_array,4194304,8,458.8074,14247903871160904604
fusion8_c,4194304,8,326.0178,14247903871160904604
fusion8_bf,4194304,8,357.3273,14247903871160904604
btree8_bl_a64,4194304,8,281.6376,14247903871160904604
btree8_a64,4194304,8,260.7895,14247903871160904604
btree8_bl_a64,4194304,9,269.5419,14247903871160904604
btree8,4194304,9,258.8013,14247903871160904604
fusion8_bf,4194304,9,355.5527,14247903871160904604
btree8_a64,4194304,9,256.7474,14247903871160904604
fusion8,4194304,9,351.3977,14247903871160904604
btree8_bl,4194304,9,292.1921,14247903871160904604
btree16_bl_a64,4194304,9,338.3713,14247903871160904604
fusion8_c,4194304,9,332.4982,14247903871160904604
fusion16_w,4194304,9,398.3200,14247903871160904604
sorted_array,4194304,9,450.2075,14247903871160904604
fusion8,4194304,10,350.0717,14247903871160904604
fusion16_w,4194304,10,383.9005,14247903871160904604
sorted_array,4194304,10,468.5898,14247903871160904604
fusion8_c,4194304,10,325.8606,14247903871160904604
btree8,4194304,10,263.4521,14247903871160904604
fusion8_bf,4194304,10,353.5431,14247903871160904604
btree8_bl_a64,4194304,10,283.7967,14247903871160904604
btree8_bl,4194304,10,289.6515,14247903871160904604
btree8_a64,4194304,10,260.7407,14247903871160904604
btree16_bl_a64,4194304,10,339.4699,14247903871160904604
fusion8_c,4194304,11,324.7757,14247903871160904604
btree8_bl,4194304,11,287.7335,14247903871160904604
fusion8_bf,4194304,11,356.3065,14247903871160904604
fusion8,4194304,11,353.5782,14247903871160904604
btree8,4194304,11,255.3314,14247903871160904604
btree8_a64,4194304,11,256.1813,14247903871160904604
btree8_bl_a64,4194304,11,285.0189,14247903871160904604
btree16_bl_a64,4194304,11,339.4943,14247903871160904604
sorted_array,4194304,11,434.7458,14247903871160904604
fusion16_w,4194304,11,388.3240,14247903871160904604
fusion8_bf,4194304,12,359.6252,14247903871160904604
btree8_bl_a64,4194304,12,281.8283,14247903871160904604
fusion16_w,4194304,12,388.3362,14247903871160904604
sorted_array,4194304,12,436.5829,14247903871160904604
btree8_bl,4194304,12,289.9948,14247903871160904604
btree16_bl_a64,4194304,12,339.4089,14247903871160904604
fusion8_c,4194304,12,325.2899,14247903871160904604
fusion8,4194304,12,352.7542,14247903871160904604
btree8,4194304,12,259.2590,14247903871160904604
btree8_a64,4194304,12,256.4926,14247903871160904604
sorted_array,4194304,13,456.8024,14247903871160904604
fusion8_bf,4194304,13,352.5986,14247903871160904604
btree8_a64,4194304,13,260.9528,14247903871160904604
btree16_bl_a64,4194304,13,338.4689,14247903871160904604
btree8_bl,4194304,13,294.3497,14247903871160904604
fusion8_c,4194304,13,329.2450,14247903871160904604
fusion16_w,4194304,13,386.1526,14247903871160904604
btree8_bl_a64,4194304,13,285.1212,14247903871160904604
fusion8,4194304,13,348.8235,14247903871160904604
btree8,4194304,13,260.4935,14247903871160904604
fusion8_bf,4194304,14,358.7753,14247903871160904604
fusion16_w,4194304,14,392.2775,14247903871160904604
fusion8,4194304,14,352.0782,14247903871160904604
btree16_bl_a64,4194304,14,334.2926,14247903871160904604
fusion8_c,4194304,14,330.1071,14247903871160904604
btree8,4194304,14,255.2948,14247903871160904604
btree8_bl,4194304,14,290.4633,14247903871160904604
btree8_a64,4194304,14,256.6986,14247903871160904604
btree8_bl_a64,4194304,14,291.4444,14247903871160904604
sorted_array,4194304,14,464.4974,14247903871160904604
btree16_bl_a64,8388608,0,356.0486,16818331115280313399
fusion16_w,8388608,0,405.1086,16818331115280313399
fusion8_bf,8388608,0,528.5004,16818331115280313399
btree8_a64,8388608,0,398.4039,16818331115280313399
btree8_bl,8388608,0,398.5336,16818331115280313399
fusion8_c,8388608,0,581.9839,16818331115280313399
btree8,8388608,0,550.9445,16818331115280313399
fusion8,8388608,0,499.5682,16818331115280313399
sorted_array,8388608,0,721.2585,16818331115280313399
btree8_bl_a64,8388608,0,377.0294,16818331115280313399
btree8_bl,8388608,1,403.1509,16818331115280313399
fusion8,8388608,1,504.6967,16818331115280313399
fusion8_c,8388608,1,481.0883,16818331115280313399
fusion8_bf,8388608,1,527.0874,16818331115280313399
btree16_bl_a64,8388608,1,356.5155,16818331115280313399
fusion16_w,8388608,1,414.6545,16818331115280313399
btree8,8388608,1,393.3304,16818331115280313399
sorted_array,8388608,1,700.9598,16818331115280313399
btree8_a64,8388608,1,397.1252,16818331115280313399
btree8_bl_a64,8388608,1,379.3533,16818331115280313399
btree8_a64,8388608,2,374.5560,16818331115280313399
fusion8_c,8388608,2,465.6021,16818331115280313399
btree16_bl_a64,8388608,2,356.3004,16818331115280313399
sorted_array,8388608,2,716.7328,16818331115280313399
fusion8_bf,8388608,2,516.4474,16818331115280313399
btree8_bl_a64,8388608,2,383.0856,16818331115280313399
fusion8,8388608,2,502.1698,16818331115280313399
btree8_bl,8388608,2,401.0696,16818331115280313399
btree8,8388608,2,393.6081,16818331115280313399
fusion16_w,8388608,2,418.5410,16818331115280313399
btree8_bl_a64,8388608,3,379.3625,16818331115280313399
fusion16_w,8388608,3,401.5945,16818331115280313399
btree16_bl_a64,8388608,3,356.8375,16818331115280313399
fusion8,8388608,3,505.4810,16818331115280313399
fusion8_c,8388608,3,479.0253,16818331115280313399
sorted_array,8388608,3,722.2321,16818331115280313399
btree8_bl,8388608,3,391.8976,16818331115280313399
btree8,8388608,3,393.7714,16818331115280313399
btree8_a64,8388608,3,395.9244,16818331115280313399
fusion8_bf,8388608,3,536.2854,16818331115280313399
btree8_bl,8388608,4,392.2745,16818331115280313399
btree8,8388608,4,452.7649,16818331115280313399
btree16_bl_a64,8388608,4,358.0353,16818331115280313399
fusion16_w,8388608,4,413.0386,16818331115280313399
sorted_array,8388608,4,700.6195,16818331115280313399
fusion8_bf,8388608,4,531.9946,16818331115280313399
btree8_bl_a64,8388608,4,381.3766,16818331115280313399
btree8_a64,8388608,4,399.4965,16818331115280313399
fusion8_c,8388608,4,471.6980,16818331115280313399
fusion8,8388608,4,511.7340,16818331115280313399
fusion8_c,8388608,5,465.3992,16818331115280313399
fusion16_w,8388608,5,414.8163,16818331115280313399
btree8,8388608,5,412.0224,16818331115280313399
sorted_array,8388608,5,708.8730,16818331115280313399
btree16_bl_a64,8388608,5,355.4123,16818331115280313399
btree8_bl_a64,8388608,5,376.6937,16818331115280313399
btree8_bl,8388608,5,394.9554,16818331115280313399
fusion8,8388608,5,498.5123,16818331115280313399
fusion8_bf,8388608,5,521.4371,16818331115280313399
btree8_a64,8388608,5,394.6365,16818331115280313399
fusion8,8388608,6,516.3971,16818331115280313399
btree8_bl,8388608,6,409.2422,16818331115280313399
btree8_a64,8388608,6,393.6325,16818331115280313399
fusion8_c,8388608,6,468.7225,16818331115280313399
fusion16_w,8388608,6,421.6858,16818331115280313399
sorted_array,8388608,6,729.3747,16818331115280313399
fusion8_bf,8388608,6,516.1102,16818331115280313399
btree16_bl_a64,8388608,6,357.9651,16818331115280313399
btree8_bl_a64,8388608,6,376.9058,16818331115280313399
btree8,8388608,6,386.1618,16818331115280313399
btree16_bl_a64,8388608,7,355.4779,16818331115280313399
btree8,8388608,7,380.5191,16818331115280313399
fusion8_bf,8388608,7,525.8331,16818331115280313399
fusion8,8388608,7,516.2033,16818331115280313399
btree8_bl,8388608,7,405.9189,16818331115280313399
btree8_bl_a64,8388608,7,380.3055,16818331115280313399
sorted_array,8388608,7,714.1983,16818331115280313399
fusion16_w,8388608,7,416.2521,16818331115280313399
fusion8_c,8388608,7,473.6877,16818331115280313399
btree8_a64,8388608,7,396.5057,16818331115280313399
fusion8_c,8388608,8,462.5183,16818331115280313399
fusion8_bf,8388608,8,527.2079,16818331115280313399
btree16_bl_a64,8388608,8,360.4553,16818331115280313399
btree8_a64,8388608,8,390.3992,16818331115280313399
sorted_array,8388608,8,707.4600,16818331115280313399
btree8_bl_a64,8388608,8,399.0845,16818331115280313399
btree8,8388608,8,443.6813,16818331115280313399
fusion8,8388608,8,497.5433,16818331115280313399
fusion16_w,8388608,8,419.1025,16818331115280313399
btree8_bl,8388608,8,398.0347,16818331115280313399
fusion8_c,8388608,9,475.9033,16818331115280313399
btree16_bl_a64,8388608,9,357.0206,16818331115280313399
fusion8,8388608,9,501.8158,16818331115280313399
fusion16_w,8388608,9,420.2377,16818331115280313399
btree8_bl,8388608,9,398.1232,16818331115280313399
btree8_a64,8388608,9,395.9808,16818331115280313399
fusion8_bf,8388608,9,510.1334,16818331115280313399
btree8_bl_a64,8388608,9,378.8391,16818331115280313399
btree8,8388608,9,393.8889,16818331115280313399
sorted_array,8388608,9,721.0876,16818331115280313399
fusion8,8388608,10,501.2894,16818331115280313399
sorted_array,8388608,10,709.1736,16818331115280313399
fusion8_c,8388608,10,465.3458,16818331115280313399
fusion8_bf,8388608,10,522.0551,16818331115280313399
btree8_bl_a64,8388608,10,383.8791,16818331115280313399
btree16_bl_a64,8388608,10,352.8900,16818331115280313399
btree8_bl,8388608,10,411.5601,16818331115280313399
fusion16_w,8388608,10,409.5444,16818331115280313399
btree8,8388608,10,426.6464,16818331115280313399
btree8_a64,8388608,10,398.5611,16818331115280313399
btree8,8388608,11,379.5685,16818331115280313399
sorted_array,8388608,11,713.3453,16818331115280313399
btree8_bl,8388608,11,401.3229,16818331115280313399
btree16_bl_a64,8388608,11,355.9784,16818331115280313399
btree8_a64,8388608,11,397.5433,16818331115280313399
fusion8_c,8388608,11,479.9484,16818331115280313399
fusion8_bf,8388608,11,526.2100,16818331115280313399
fusion16_w,8388608,11,415.8371,16818331115280313399
btree8_bl_a64,8388608,11,383.4763,16818331115280313399
fusion8,8388608,11,519.0704,16818331115280313399
sorted_array,8388608,12,720.3812,16818331115280313399
btree8_a64,8388608,12,392.7155,16818331115280313399
btree8,8388608,12,390.5945,16818331115280313399
fusion8_c,8388608,12,471.8262,16818331115280313399
btree8_bl,8388608,12,389.1129,16818331115280313399
fusion8_bf,8388608,12,520.7108,16818331115280313399
fusion16_w,8388608,12,422.8378,16818331115280313399
btree8_bl_a64,8388608,12,383.4274,16818331115280313399
fusion8,8388608,12,502.8549,16818331115280313399
btree16_bl_a64,8388608,12,356.7596,16818331115280313399
btree8,8388608,13,388.4872,16818331115280313399
btree16_bl_a64,8388608,13,352.0370,16818331115280313399
fusion8,8388608,13,508.2794,16818331115280313399
btree8_bl,8388608,13,395.7535,16818331115280313399
btree8_a64,8388608,13,395.9732,16818331115280313399
fusion16_w,8388608,13,416.3086,16818331115280313399
btree8_bl_a64,8388608,13,380.8960,16818331115280313399
fusion8_bf,8388608,13,515.7822,16818331115280313399
fusion8_c,8388608,13,484.3430,16818331115280313399
sorted_array,8388608,13,708.2443,16818331115280313399
fusion8_bf,8388608,14,525.3525,16818331115280313399
btree8_bl,8388608,14,418.1961,16818331115280313399
btree8_bl_a64,8388608,14,380.0262,16818331115280313399
btree8,8388608,14,390.2420,16818331115280313399
sorted_array,8388608,14,693.7286,16818331115280313399
fusion8,8388608,14,508.8013,16818331115280313399
fusion16_w,8388608,14,425.3998,16818331115280313399
fusion8_c,8388608,14,474.7253,16818331115280313399
btree8_a64,8388608,14,396.0922,16818331115280313399
btree16_bl_a64,8388608,14,356.1920,16818331115280313399
fusion8,16777216,0,552.4200,7378316869786178009
fusion16_w,16777216,0,425.0122,7378316869786178009
btree8,16777216,0,435.2737,7378316869786178009
btree16_bl_a64,16777216,0,361.0733,7378316869786178009
btree8_bl_a64,16777216,0,445.5612,7378316869786178009
btree8_bl,16777216,0,460.3195,7378316869786178009
fusion8_bf,16777216,0,554.7440,7378316869786178009
btree8_a64,16777216,0,575.0977,7378316869786178009
fusion8_c,16777216,0,547.1451,7378316869786178009
sorted_array,16777216,0,929.7989,7378316869786178009
btree8,16777216,1,540.7730,7378316869786178009
btree16_bl_a64,16777216,1,357.3898,7378316869786178009
btree8_bl,16777216,1,467.6880,7378316869786178009
fusion8_c,16777216,1,507.4265,7378316869786178009
btree8_bl_a64,16777216,1,445.0012,7378316869786178009
btree8_a64,16777216,1,425.5081,7378316869786178009
sorted_array,16777216,1,942.8299,7378316869786178009
fusion8,16777216,1,545.3445,7378316869786178009
fusion8_bf,16777216,1,576.7593,7378316869786178009
fusion16_w,16777216,1,430.4184,7378316869786178009
btree8_a64,16777216,2,425.9140,7378316869786178009
fusion8,16777216,2,549.4064,7378316869786178009
btree8_bl,16777216,2,469.1422,7378316869786178009
sorted_array,16777216,2,946.4966,7378316869786178009
fusion8_c,16777216,2,511.2747,7378316869786178009
fusion8_bf,16777216,2,566.3193,7378316869786178009
btree8_bl_a64,16777216,2,443.4738,7378316869786178009
btree16_bl_a64,16777216,2,354.4144,7378316869786178009
fusion16_w,16777216,2,429.1138,7378316869786178009
btree8,16777216,2,431.0760,7378316869786178009
btree8,16777216,3,359.7519,7378316869786178009
btree8_a64,16777216,3,433.0139,7378316869786178009
fusion8,16777216,3,553.1860,7378316869786178009
fusion8_bf,16777216,3,560.5392,7378316869786178009
sorted_array,16777216,3,936.2793,7378316869786178009
fusion16_w,16777216,3,429.4601,7378316869786178009
btree16_bl_a64,16777216,3,368.2434,7378316869786178009
btree8_bl,16777216,3,469.1055,7378316869786178009
fusion8_c,16777216,3,520.0241,7378316869786178009
btree8_bl_a64,16777216,3,449.9161,7378316869786178009
fusion8,16777216,4,547.9553,7378316869786178009
fusion8_c,16777216,4,515.5106,7378316869786178009
btree8,16777216,4,508.7616,7378316869786178009
fusion16_w,16777216,4,426.1230,7378316869786178009
btree8_a64,16777216,4,433.5449,7378316869786178009
btree8_bl,16777216,4,468.6234,7378316869786178009
sorted_array,16777216,4,940.6799,7378316869786178009
btree8_bl_a64,16777216,4,438.8824,7378316869786178009
btree16_bl_a64,16777216,4,366.4658,7378316869786178009
fusion8_bf,16777216,4,559.2789,7378316869786178009
fusion8,16777216,5,553.3356,7378316869786178009
btree8,16777216,5,432.2601,7378316869786178009
btree8_bl_a64,16777216,5,445.2576,7378316869786178009
fusion8_c,16777216,5,507.7820,7378316869786178009
btree16_bl_a64,16777216,5,362.6297,7378316869786178009
btree8_a64,16777216,5,432.4921,7378316869786178009
btree8_bl,16777216,5,456.4590,7378316869786178009
fusion16_w,16777216,5,427.2675,7378316869786178009
sorted_array,16777216,5,919.5892,7378316869786178009
fusion8_bf,16777216,5,563.4659,7378316869786178009
sorted_array,16777216,6,940.6723,7378316869786178009
fusion8_c,16777216,6,506.8130,7378316869786178009
btree8,16777216,6,436.1313,7378316869786178009
fusion8,16777216,6,552.4765,7378316869786178009
btree8_bl,16777216,6,463.8611,7378316869786178009
btree8_a64,16777216,6,440.9348,7378316869786178009
btree16_bl_a64,16777216,6,356.1188,7378316869786178009
fusion16_w,16777216,6,425.8896,7378316869786178009
btree8_bl_a64,16777216,6,451.0559,7378316869786178009
fusion8_bf,16777216,6,560.7880,7378316869786178009
btree8_bl_a64,16777216,7,438.4033,7378316869786178009
btree8,16777216,7,428.7537,7378316869786178009
btree8_a64,16777216,7,431.6879,7378316869786178009
fusion8_c,16777216,7,513.5757,7378316869786178009
btree16_bl_a64,16777216,7,359.9457,7378316869786178009
fusion8_bf,16777216,7,557.0480,7378316869786178009
fusion8,16777216,7,549.8276,7378316869786178009
sorted_array,16777216,7,932.3761,7378316869786178009
btree8_bl,16777216,7,540.2634,7378316869786178009
fusion16_w,16777216,7,427.7847,7378316869786178009
fusion8,16777216,8,554.8920,7378316869786178009
sorted_array,16777216,8,952.7817,7378316869786178009
fusion8_c,16777216,8,504.8462,7378316869786178009
btree8,16777216,8,428.8055,7378316869786178009
btree8_bl_a64,16777216,8,445.2942,7378316869786178009
btree8_bl,16777216,8,462.8296,7378316869786178009
fusion16_w,16777216,8,432.5836,7378316869786178009
fusion8_bf,16777216,8,555.2292,7378316869786178009
btree16_bl_a64,16777216,8,361.3541,7378316869786178009
btree8_a64,16777216,8,429.8080,7378316869786178009
fusion8,16777216,9,550.1266,7378316869786178009
btree8,16777216,9,435.0861,7378316869786178009
fusion8_c,16777216,9,515.2176,7378316869786178009
fusion16_w,16777216,9,428.8757,7378316869786178009
sorted_array,16777216,9,946.1670,7378316869786178009
btree8_bl_a64,16777216,9,461.3174,7378316869786178009
btree16_bl_a64,16777216,9,365.0497,7378316869786178009
btree8_bl,16777216,9,510.8582,7378316869786178009
fusion8_bf,16777216,9,561.0397,7378316869786178009
btree8_a64,16777216,9,426.1597,7378316869786178009
btree8,16777216,10,431.7108,7378316869786178009
fusion16_w,16777216,10,431.5765,7378316869786178009
fusion8_c,16777216,10,508.4137,7378316869786178009
btree8_a64,16777216,10,429.2694,7378316869786178009
fusion8,16777216,10,559.9838,7378316869786178009
btree8_bl_a64,16777216,10,445.4163,7378316869786178009
sorted_array,16777216,10,938.9038,7378316869786178009
fusion8_bf,16777216,10,566.1911,7378316869786178009
btree8_bl,16777216,10,477.8534,7378316869786178009
btree16_bl_a64,16777216,10,359.3872,7378316869786178009
btree8_a64,16777216,11,428.4378,7378316869786178009
btree8,16777216,11,429.0115,7378316869786178009
fusion8_c,16777216,11,516.4124,7378316869786178009
btree8_bl_a64,16777216,11,444.9860,7378316869786178009
fusion8_bf,16777216,11,568.6829,7378316869786178009
fusion8,16777216,11,554.5303,7378316869786178009
btree8_bl,16777216,11,460.3394,7378316869786178009
fusion16_w,16777216,11,430.2628,7378316869786178009
btree16_bl_a64,16777216,11,358.6533,7378316869786178009
sorted_array,16777216,11,931.5598,7378316869786178009
fusion8_c,16777216,12,510.3455,7378316869786178009
sorted_array,16777216,12,910.3378,7378316869786178009
btree8_bl_a64,16777216,12,440.6876,7378316869786178009
btree8_bl,16777216,12,462.1658,7378316869786178009
btree16_bl_a64,16777216,12,360.9085,7378316869786178009
fusion8_bf,16777216,12,569.2184,7378316869786178009
btree8_a64,16777216,12,426.0803,7378316869786178009
fusion16_w,16777216,12,439.3585,7378316869786178009
fusion8,16777216,12,555.8945,7378316869786178009
btree8,16777216,12,425.5722,7378316869786178009
fusion16_w,16777216,13,428.3508,7378316869786178009
btree8_bl,16777216,13,494.9982,7378316869786178009
fusion8_bf,16777216,13,570.4803,7378316869786178009
btree8_bl_a64,16777216,13,444.5679,7378316869786178009
btree8_a64,16777216,13,433.9554,7378316869786178009
fusion8,16777216,13,552.4826,7378316869786178009
btree16_bl_a64,16777216,13,359.8648,7378316869786178009
sorted_array,16777216,13,941.2155,7378316869786178009
btree8,16777216,13,430.1559,7378316869786178009
fusion8_c,16777216,13,519.2490,7378316869786178009
sorted_array,16777216,14,943.7180,7378316869786178009
btree8_a64,16777216,14,427.2217,7378316869786178009
btree8_bl_a64,16777216,14,445.4391,7378316869786178009
fusion8_c,16777216,14,518.1519,7378316869786178009
btree8_bl,16777216,14,463.8840,7378316869786178009
btree8,16777216,14,431.3889,7378316869786178009
fusion16_w,16777216,14,431.5643,7378316869786178009
btree16_bl_a64,16777216,14,354.9942,7378316869786178009
fusion8,16777216,14,551.6022,7378316869786178009
fusion8_bf,16777216,14,558.8791,7378316869786178009
fusion8_c,33554432,0,542.6147,14781225337507930917
btree8_bl,33554432,0,490.5685,14781225337507930917
btree8,33554432,0,436.2488,14781225337507930917
fusion8,33554432,0,565.7303,14781225337507930917
btree8_bl_a64,33554432,0,450.2151,14781225337507930917
fusion16_w,33554432,0,594.4534,14781225337507930917
btree16_bl_a64,33554432,0,493.5959,14781225337507930917
fusion8_bf,33554432,0,566.1270,14781225337507930917
sorted_array,33554432,0,1093.1122,14781225337507930917
btree8_a64,33554432,0,434.8480,14781225337507930917
fusion16_w,33554432,1,589.0411,14781225337507930917
sorted_array,33554432,1,1108.0353,14781225337507930917
btree8_bl_a64,33554432,1,456.8390,14781225337507930917
btree8_bl,33554432,1,468.0893,14781225337507930917
fusion8,33554432,1,580.2750,14781225337507930917
btree8,33554432,1,432.4844,14781225337507930917
fusion8_bf,33554432,1,564.8758,14781225337507930917
fusion8_c,33554432,1,519.9554,14781225337507930917
btree16_bl_a64,33554432,1,496.0373,14781225337507930917
btree8_a64,33554432,1,431.2042,14781225337507930917
sorted_array,33554432,2,1091.3651,14781225337507930917
btree8,33554432,2,429.0329,14781225337507930917
fusion8_c,33554432,2,524.5773,14781225337507930917
fusion16_w,33554432,2,597.8577,14781225337507930917
btree8_a64,33554432,2,433.0017,14781225337507930917
btree16_bl_a64,33554432,2,493.1610,14781225337507930917
btree8_bl,33554432,2,469.9890,14781225337507930917
fusion8,33554432,2,565.3564,14781225337507930917
fusion8_bf,33554432,2,583.5297,14781225337507930917
btree8_bl_a64,33554432,2,456.4331,14781225337507930917
fusion16_w,33554432,3,604.5044,14781225337507930917
sorted_array,33554432,3,1093.3533,14781225337507930917
fusion8,33554432,3,554.6371,14781225337507930917
btree8_bl_a64,33554432,3,453.0289,14781225337507930917
fusion8_c,33554432,3,522.5983,14781225337507930917
btree8_a64,33554432,3,432.6157,14781225337507930917
btree8,33554432,3,435.1807,14781225337507930917
btree8_bl,33554432,3,486.3113,14781225337507930917
fusion8_bf,33554432,3,559.6771,14781225337507930917
btree16_bl_a64,33554432,3,490.3076,14781225337507930917
fusion16_w,33554432,4,598.3505,14781225337507930917
btree8_bl_a64,33554432,4,454.2526,14781225337507930917
sorted_array,33554432,4,1065.3442,14781225337507930917
btree8_bl,33554432,4,470.7809,14781225337507930917
fusion8,33554432,4,559.4543,14781225337507930917
fusion8_bf,33554432,4,563.5056,14781225337507930917
btree8,33554432,4,430.9418,14781225337507930917
fusion8_c,33554432,4,518.4235,14781225337507930917
btree8_a64,33554432,4,434.1110,14781225337507930917
btree16_bl_a64,33554432,4,497.1466,14781225337507930917
fusion8,33554432,5,553.0930,14781225337507930917
fusion8_c,33554432,5,521.0602,14781225337507930917
btree16_bl_a64,33554432,5,495.9747,14781225337507930917
btree8_a64,33554432,5,437.9883,14781225337507930917
btree8_bl_a64,33554432,5,451.2543,14781225337507930917
btree8_bl,33554432,5,481.2668,14781225337507930917
fusion16_w,33554432,5,603.9154,14781225337507930917
fusion8_bf,33554432,5,573.2376,14781225337507930917
sorted_array,33554432,5,1091.4871,14781225337507930917
btree8,33554432,5,433.3328,14781225337507930917
fusion8_bf,33554432,6,556.5933,14781225337507930917
fusion16_w,33554432,6,606.6147,14781225337507930917
btree8,33554432,6,429.4952,14781225337507930917
btree8_bl_a64,33554432,6,450.7187,14781225337507930917
fusion8_c,33554432,6,522.7539,14781225337507930917
sorted_array,33554432,6,1103.5995,14781225337507930917
fusion8,33554432,6,556.1371,14781225337507930917
btree16_bl_a64,33554432,6,498.3475,14781225337507930917
btree8_a64,33554432,6,434.1125,14781225337507930917
btree8_bl,33554432,6,496.0648,14781225337507930917
fusion16_w,33554432,7,592.3019,14781225337507930917
btree8_bl_a64,33554432,7,450.3906,14781225337507930917
btree16_bl_a64,33554432,7,493.9636,14781225337507930917
btree8_bl,33554432,7,471.6217,14781225337507930917
fusion8_c,33554432,7,513.1226,14781225337507930917
fusion8_bf,33554432,7,559.9792,14781225337507930917
sorted_array,33554432,7,1073.1476,14781225337507930917
btree8_a64,33554432,7,435.8704,14781225337507930917
fusion8,33554432,7,560.0464,14781225337507930917
btree8,33554432,7,440.9882,14781225337507930917
btree8_bl_a64,33554432,8,454.5135,14781225337507930917
fusion8_c,33554432,8,531.3705,14781225337507930917
fusion8,33554432,8,564.2502,14781225337507930917
fusion8_bf,33554432,8,573.1659,14781225337507930917
btree16_bl_a64,33554432,8,506.6849,14781225337507930917
btree8_a64,33554432,8,439.0762,14781225337507930917
sorted_array,33554432,8,1068.9713,14781225337507930917
btree8_bl,33554432,8,491.2155,14781225337507930917
btree8,33554432,8,434.4696,14781225337507930917
fusion16_w,33554432,8,621.5378,14781225337507930917
btree8_a64,33554432,9,442.6407,14781225337507930917
btree8_bl,33554432,9,479.8996,14781225337507930917
btree8,33554432,9,441.2415,14781225337507930917
btree16_bl_a64,33554432,9,510.1913,14781225337507930917
fusion8,33554432,9,569.5892,14781225337507930917
fusion8_c,33554432,9,532.9575,14781225337507930917
fusion8_bf,33554432,9,573.6771,14781225337507930917
sorted_array,33554432,9,1043.0450,14781225337507930917
btree8_bl_a64,33554432,9,458.8608,14781225337507930917
fusion16_w,33554432,9,590.9241,14781225337507930917
btree8_a64,33554432,10,434.6802,14781225337507930917
btree16_bl_a64,33554432,10,496.7819,14781225337507930917
btree8,33554432,10,432.2281,14781225337507930917
fusion16_w,33554432,10,609.3903,14781225337507930917
sorted_array,33554432,10,1040.1581,14781225337507930917
btree8_bl,33554432,10,473.0225,14781225337507930917
fusion8_c,33554432,10,519.1498,14781225337507930917
fusion8_bf,33554432,10,565.1779,14781225337507930917
fusion8,33554432,10,568.4128,14781225337507930917
btree8_bl_a64,33554432,10,455.0690,14781225337507930917
fusion8_bf,33554432,11,561.2228,14781225337507930917
fusion8,33554432,11,560.5209,14781225337507930917
btree16_bl_a64,33554432,11,514.8300,14781225337507930917
btree8_bl,33554432,11,490.4709,14781225337507930917
fusion16_w,33554432,11,598.3948,14781225337507930917
sorted_array,33554432,11,1091.8976,14781225337507930917
fusion8_c,33554432,11,515.9317,14781225337507930917
btree8,33554432,11,434.1888,14781225337507930917
btree8_a64,33554432,11,442.7170,14781225337507930917
btree8_bl_a64,33554432,11,454.9927,14781225337507930917
btree8_bl,33554432,12,474.1745,14781225337507930917
fusion8_c,33554432,12,516.7877,14781225337507930917
fusion16_w,33554432,12,592.7521,14781225337507930917
btree8_a64,33554432,12,440.9714,14781225337507930917
fusion8_bf,33554432,12,569.9203,14781225337507930917
sorted_array,33554432,12,1060.0586,14781225337507930917
fusion8,33554432,12,560.5896,14781225337507930917
btree8,33554432,12,436.1450,14781225337507930917
btree16_bl_a64,33554432,12,493.5318,14781225337507930917
btree8_bl_a64,33554432,12,457.0053,14781225337507930917
btree8_a64,33554432,13,433.3389,14781225337507930917
fusion8,33554432,13,558.4702,14781225337507930917
fusion8_bf,33554432,13,565.1123,14781225337507930917
btree8_bl_a64,33554432,13,456.2012,14781225337507930917
btree8_bl,33554432,13,473.7839,14781225337507930917
fusion8_c,33554432,13,519.2001,14781225337507930917
btree16_bl_a64,33554432,13,499.9908,14781225337507930917
sorted_array,33554432,13,1066.9281,14781225337507930917
btree8,33554432,13,429.2572,14781225337507930917
fusion16_w,33554432,13,597.3801,14781225337507930917
fusion16_w,33554432,14,536.7783,14781225337507930917
btree8_bl_a64,33554432,14,452.7527,14781225337507930917
fusion8_c,33554432,14,519.1605,14781225337507930917
btree8_a64,33554432,14,438.6917,14781225337507930917
sorted_array,33554432,14,1091.8793,14781225337507930917
fusion8,33554432,14,555.1910,14781225337507930917
btree16_bl_a64,33554432,14,497.3663,14781225337507930917
btree8_bl,33554432,14,487.2650,14781225337507930917
fusion8_bf,33554432,14,567.0502,14781225337507930917
btree8,33554432,14,437.8906,14781225337507930917
