structure,n,rep,ns_per_query,checksum
fusion8,256,0,37.4481,11530405409878601149
fusion8_c,256,0,38.3972,11530405409878601149
btree8_a64,256,0,21.6614,11530405409878601149
btree16_bl_a64,256,0,5.7739,11530405409878601149
btree8,256,0,22.7875,11530405409878601149
btree8_bl,256,0,18.0771,11530405409878601149
fusion16_w,256,0,26.2604,11530405409878601149
fusion8_bf,256,0,38.7558,11530405409878601149
btree8_bl_a64,256,0,17.1738,11530405409878601149
sorted_array,256,0,23.1659,11530405409878601149
btree8_bl,256,1,18.0252,11530405409878601149
fusion8,256,1,37.3093,11530405409878601149
btree16_bl_a64,256,1,5.7770,11530405409878601149
fusion16_w,256,1,26.2436,11530405409878601149
btree8_bl_a64,256,1,17.0547,11530405409878601149
btree8_a64,256,1,22.0627,11530405409878601149
fusion8_c,256,1,37.2253,11530405409878601149
sorted_array,256,1,23.2300,11530405409878601149
btree8,256,1,21.6354,11530405409878601149
fusion8_bf,256,1,38.7924,11530405409878601149
btree8_bl,256,2,18.0527,11530405409878601149
sorted_array,256,2,23.0087,11530405409878601149
btree16_bl_a64,256,2,5.7877,11530405409878601149
fusion8_c,256,2,37.0483,11530405409878601149
btree8_a64,256,2,21.8948,11530405409878601149
btree8,256,2,21.9986,11530405409878601149
fusion16_w,256,2,26.2756,11530405409878601149
fusion8,256,2,37.1643,11530405409878601149
fusion8_bf,256,2,38.4766,11530405409878601149
btree8_bl_a64,256,2,17.0700,11530405409878601149
fusion8_c,256,3,37.0071,11530405409878601149
fusion8_bf,256,3,38.5910,11530405409878601149
btree16_bl_a64,256,3,5.6641,11530405409878601149
btree8_bl_a64,256,3,17.0776,11530405409878601149
fusion8,256,3,37.2131,11530405409878601149
btree8,256,3,22.8119,11530405409878601149
sorted_array,256,3,23.1735,11530405409878601149
fusion16_w,256,3,26.2787,11530405409878601149
btree8_a64,256,3,22.4564,11530405409878601149
btree8_bl,256,3,18.9484,11530405409878601149
btree8_bl,256,4,17.9611,11530405409878601149
fusion16_w,256,4,26.3702,11530405409878601149
btree8_bl_a64,256,4,16.8564,11530405409878601149
btree16_bl_a64,256,4,5.6763,11530405409878601149
btree8,256,4,21.4325,11530405409878601149
fusion8,256,4,37.0117,11530405409878601149
fusion8_c,256,4,37.2498,11530405409878601149
fusion8_bf,256,4,38.8077,11530405409878601149
sorted_array,256,4,23.1949,11530405409878601149
btree8_a64,256,4,22.7158,11530405409878601149
fusion8_bf,256,5,38.6658,11530405409878601149
btree8,256,5,21.7529,11530405409878601149
btree8_a64,256,5,21.1624,11530405409878601149
btree8_bl,256,5,18.0603,11530405409878601149
btree16_bl_a64,256,5,5.7388,11530405409878601149
fusion8,256,5,37.5717,11530405409878601149
fusion16_w,256,5,26.4130,11530405409878601149
sorted_array,256,5,25.8133,11530405409878601149
btree8_bl_a64,256,5,17.3874,11530405409878601149
fusion8_c,256,5,37.0987,11530405409878601149
fusion8,256,6,37.0865,11530405409878601149
btree8_a64,256,6,21.6827,11530405409878601149
sorted_array,256,6,23.1003,11530405409878601149
btree8_bl,256,6,18.2587,11530405409878601149
btree16_bl_a64,256,6,5.7312,11530405409878601149
fusion8_bf,256,6,38.7939,11530405409878601149
fusion16_w,256,6,26.2863,11530405409878601149
btree8_bl_a64,256,6,17.0456,11530405409878601149
fusion8_c,256,6,36.9202,11530405409878601149
btree8,256,6,21.9894,11530405409878601149
fusion8_c,256,7,36.9919,11530405409878601149
fusion8_bf,256,7,38.7939,11530405409878601149
sorted_array,256,7,23.1873,11530405409878601149
btree8_bl,256,7,18.1610,11530405409878601149
btree8,256,7,21.5775,11530405409878601149
fusion16_w,256,7,26.2482,11530405409878601149
btree8_a64,256,7,21.5179,11530405409878601149
fusion8,256,7,37.1658,11530405409878601149
btree8_bl_a64,256,7,17.1890,11530405409878601149
btree16_bl_a64,256,7,5.6839,11530405409878601149
fusion8_c,256,8,36.9522,11530405409878601149
btree8_bl,256,8,17.9535,11530405409878601149
btree16_bl_a64,256,8,5.6519,11530405409878601149
fusion16_w,256,8,26.1719,11530405409878601149
btree8_bl_a64,256,8,17.2348,11530405409878601149
btree8,256,8,21.2982,11530405409878601149
btree8_a64,256,8,22.0688,11530405409878601149
fusion8_bf,256,8,38.8153,11530405409878601149
fusion8,256,8,37.2726,11530405409878601149
sorted_array,256,8,24.2111,11530405409878601149
fusion8_bf,256,9,39.0289,11530405409878601149
sorted_array,256,9,22.9630,11530405409878601149
btree8,256,9,21.6080,11530405409878601149
btree8_a64,256,9,22.7509,11530405409878601149
fusion16_w,256,9,26.2497,11530405409878601149
btree8_bl,256,9,18.0359,11530405409878601149
btree8_bl_a64,256,9,16.7969,11530405409878601149
btree16_bl_a64,256,9,5.6183,11530405409878601149
fusion8_c,256,9,36.9461,11530405409878601149
fusion8,256,9,38.3377,11530405409878601149
fusion8,256,10,36.8240,11530405409878601149
btree16_bl_a64,256,10,5.7373,11530405409878601149
btree8_bl_a64,256,10,17.0242,11530405409878601149
sorted_array,256,10,23.0667,11530405409878601149
fusion16_w,256,10,26.2070,11530405409878601149
btree8_bl,256,10,18.0420,11530405409878601149
fusion8_c,256,10,36.9812,11530405409878601149
btree8_a64,256,10,21.6141,11530405409878601149
btree8,256,10,22.6746,11530405409878601149
fusion8_bf,256,10,38.9297,11530405409878601149
fusion8,256,11,37.3062,11530405409878601149
btree8_a64,256,11,23.6633,11530405409878601149
fusion8_bf,256,11,38.6963,11530405409878601149
btree8,256,11,21.9162,11530405409878601149
btree8_bl_a64,256,11,17.0151,11530405409878601149
btree8_bl,256,11,18.1915,11530405409878601149
sorted_array,256,11,22.9919,11530405409878601149
fusion8_c,256,11,37.3672,11530405409878601149
btree16_bl_a64,256,11,5.6885,11530405409878601149
fusion16_w,256,11,26.3428,11530405409878601149
btree8_bl,256,12,17.9428,11530405409878601149
fusion16_w,256,12,26.1505,11530405409878601149
fusion8_bf,256,12,38.9343,11530405409878601149
fusion8,256,12,37.4176,11530405409878601149
sorted_array,256,12,24.0692,11530405409878601149
btree8_a64,256,12,23.4070,11530405409878601149
btree8_bl_a64,256,12,17.1432,11530405409878601149
fusion8_c,256,12,36.9705,11530405409878601149
btree16_bl_a64,256,12,5.9753,11530405409878601149
btree8,256,12,21.8979,11530405409878601149
fusion8,256,13,37.1719,11530405409878601149
fusion16_w,256,13,26.3504,11530405409878601149
btree8_a64,256,13,22.1466,11530405409878601149
fusion8_c,256,13,37.1490,11530405409878601149
btree8,256,13,21.3898,11530405409878601149
btree8_bl,256,13,18.1076,11530405409878601149
fusion8_bf,256,13,38.6902,11530405409878601149
btree16_bl_a64,256,13,5.6686,11530405409878601149
btree8_bl_a64,256,13,17.1570,11530405409878601149
sorted_array,256,13,22.9874,11530405409878601149
btree8_bl_a64,256,14,16.8793,11530405409878601149
fusion16_w,256,14,26.2863,11530405409878601149
btree8,256,14,21.8781,11530405409878601149
btree8_a64,256,14,21.9757,11530405409878601149
sorted_array,256,14,23.2040,11530405409878601149
btree8_bl,256,14,18.0649,11530405409878601149
btree16_bl_a64,256,14,5.7037,11530405409878601149
fusion8_bf,256,14,38.6581,11530405409878601149
fusion8,256,14,37.0956,11530405409878601149
fusion8_c,256,14,37.6007,11530405409878601149
fusion8_c,512,0,37.9944,16697882275220540387
btree8,512,0,24.7543,16697882275220540387
btree8_a64,512,0,26.3596,16697882275220540387
btree8_bl,512,0,12.4359,16697882275220540387
btree8_bl_a64,512,0,11.7325,16697882275220540387
fusion8,512,0,37.1719,16697882275220540387
sorted_array,512,0,32.1625,16697882275220540387
btree16_bl_a64,512,0,21.7117,16697882275220540387
fusion8_bf,512,0,39.5203,16697882275220540387
fusion16_w,512,0,41.6321,16697882275220540387
btree8_a64,512,1,26.1169,16697882275220540387
btree8,512,1,26.2421,16697882275220540387
fusion16_w,512,1,41.6290,16697882275220540387
fusion8,512,1,36.8973,16697882275220540387
btree8_bl,512,1,12.3871,16697882275220540387
btree16_bl_a64,512,1,21.6949,16697882275220540387
btree8_bl_a64,512,1,11.7081,16697882275220540387
fusion8_bf,512,1,39.4043,16697882275220540387
fusion8_c,512,1,38.0783,16697882275220540387
sorted_array,512,1,29.9774,16697882275220540387
fusion16_w,512,2,41.4948,16697882275220540387
btree8_bl_a64,512,2,12.7182,16697882275220540387
btree16_bl_a64,512,2,21.5607,16697882275220540387
fusion8_c,512,2,38.1317,16697882275220540387
fusion8_bf,512,2,39.5203,16697882275220540387
btree8_bl,512,2,12.4939,16697882275220540387
fusion8,512,2,38.3331,16697882275220540387
sorted_array,512,2,30.0720,16697882275220540387
btree8,512,2,27.8488,16697882275220540387
btree8_a64,512,2,26.9485,16697882275220540387
btree8_bl_a64,512,3,11.6943,16697882275220540387
btree8_a64,512,3,24.6368,16697882275220540387
sorted_array,512,3,30.0812,16697882275220540387
fusion8_c,512,3,37.9211,16697882275220540387
btree8,512,3,24.3484,16697882275220540387
fusion8,512,3,36.8881,16697882275220540387
fusion8_bf,512,3,39.5264,16697882275220540387
btree8_bl,512,3,12.4054,16697882275220540387
fusion16_w,512,3,41.8030,16697882275220540387
btree16_bl_a64,512,3,21.6812,16697882275220540387
fusion8_c,512,4,38.0722,16697882275220540387
btree8_bl,512,4,12.2406,16697882275220540387
btree16_bl_a64,512,4,22.0551,16697882275220540387
btree8,512,4,25.2029,16697882275220540387
btree8_bl_a64,512,4,11.9629,16697882275220540387
sorted_array,512,4,29.8935,16697882275220540387
btree8_a64,512,4,25.4440,16697882275220540387
fusion8_bf,512,4,39.4623,16697882275220540387
fusion16_w,512,4,41.7313,16697882275220540387
fusion8,512,4,37.0239,16697882275220540387
btree8_bl_a64,512,5,11.7676,16697882275220540387
btree8_bl,512,5,12.4161,16697882275220540387
fusion8_c,512,5,37.9059,16697882275220540387
btree16_bl_a64,512,5,21.7163,16697882275220540387
btree8,512,5,24.7131,16697882275220540387
btree8_a64,512,5,25.1984,16697882275220540387
fusion16_w,512,5,41.8137,16697882275220540387
sorted_array,512,5,29.9988,16697882275220540387
fusion8_bf,512,5,39.6469,16697882275220540387
fusion8,512,5,36.9003,16697882275220540387
fusion8,512,6,36.5494,16697882275220540387
btree8,512,6,24.8611,16697882275220540387
sorted_array,512,6,30.1666,16697882275220540387
btree16_bl_a64,512,6,21.7804,16697882275220540387
fusion16_w,512,6,41.7786,16697882275220540387
fusion8_c,512,6,38.0142,16697882275220540387
btree8_bl_a64,512,6,11.6364,16697882275220540387
btree8_a64,512,6,24.9298,16697882275220540387
btree8_bl,512,6,12.4084,16697882275220540387
fusion8_bf,512,6,39.4867,16697882275220540387
btree8,512,7,24.7040,16697882275220540387
btree8_a64,512,7,25.7950,16697882275220540387
fusion8_c,512,7,37.9440,16697882275220540387
fusion8_bf,512,7,39.4440,16697882275220540387
fusion8,512,7,36.9568,16697882275220540387
btree8_bl_a64,512,7,11.6379,16697882275220540387
fusion16_w,512,7,41.8869,16697882275220540387
btree16_bl_a64,512,7,21.6492,16697882275220540387
sorted_array,512,7,29.9347,16697882275220540387
btree8_bl,512,7,12.4298,16697882275220540387
sorted_array,512,8,29.5731,16697882275220540387
btree8_bl,512,8,12.2940,16697882275220540387
btree8_bl_a64,512,8,11.7249,16697882275220540387
btree16_bl_a64,512,8,21.6110,16697882275220540387
fusion8_bf,512,8,39.3463,16697882275220540387
fusion8,512,8,36.9370,16697882275220540387
fusion16_w,512,8,41.8961,16697882275220540387
fusion8_c,512,8,38.0371,16697882275220540387
btree8_a64,512,8,24.8001,16697882275220540387
btree8,512,8,25.5936,16697882275220540387
btree8_bl_a64,512,9,11.6486,16697882275220540387
btree8,512,9,25.3845,16697882275220540387
fusion16_w,512,9,41.6992,16697882275220540387
fusion8_c,512,9,37.9364,16697882275220540387
sorted_array,512,9,29.9271,16697882275220540387
btree8_a64,512,9,26.0757,16697882275220540387
btree16_bl_a64,512,9,21.7102,16697882275220540387
fusion8,512,9,36.9293,16697882275220540387
btree8_bl,512,9,12.8891,16697882275220540387
fusion8_bf,512,9,39.4165,16697882275220540387
btree8_bl,512,10,12.1964,16697882275220540387
btree8,512,10,24.7971,16697882275220540387
fusion8_c,512,10,37.9471,16697882275220540387
btree8_bl_a64,512,10,11.5921,16697882275220540387
btree8_a64,512,10,25.1343,16697882275220540387
sorted_array,512,10,30.1147,16697882275220540387
fusion16_w,512,10,41.9815,16697882275220540387
fusion8,512,10,36.7722,16697882275220540387
btree16_bl_a64,512,10,21.5714,16697882275220540387
fusion8_bf,512,10,39.4958,16697882275220540387
btree8_bl_a64,512,11,11.7844,16697882275220540387
fusion8_bf,512,11,39.3860,16697882275220540387
fusion8_c,512,11,37.8967,16697882275220540387
btree8_a64,512,11,25.2823,16697882275220540387
btree8_bl,512,11,12.2849,16697882275220540387
btree16_bl_a64,512,11,21.6736,16697882275220540387
fusion8,512,11,37.0071,16697882275220540387
fusion16_w,512,11,42.0197,16697882275220540387
sorted_array,512,11,30.1620,16697882275220540387
btree8,512,11,26.9302,16697882275220540387
btree8_bl_a64,512,12,11.7081,16697882275220540387
fusion8_bf,512,12,39.4150,16697882275220540387
fusion8_c,512,12,37.9150,16697882275220540387
btree8,512,12,24.7620,16697882275220540387
fusion8,512,12,37.2086,16697882275220540387
btree8_bl,512,12,12.3367,16697882275220540387
btree16_bl_a64,512,12,21.6904,16697882275220540387
btree8_a64,512,12,24.6353,16697882275220540387
sorted_array,512,12,29.7729,16697882275220540387
fusion16_w,512,12,41.8304,16697882275220540387
btree8,512,13,24.7711,16697882275220540387
fusion16_w,512,13,41.6275,16697882275220540387
btree8_a64,512,13,24.6841,16697882275220540387
sorted_array,512,13,30.1453,16697882275220540387
fusion8_bf,512,13,39.5859,16697882275220540387
fusion8,512,13,37.1674,16697882275220540387
btree8_bl,512,13,12.4130,16697882275220540387
btree16_bl_a64,512,13,21.7133,16697882275220540387
btree8_bl_a64,512,13,11.7188,16697882275220540387
fusion8_c,512,13,37.9547,16697882275220540387
btree8_bl_a64,512,14,11.5952,16697882275220540387
fusion8_bf,512,14,39.4165,16697882275220540387
btree8_a64,512,14,25.2808,16697882275220540387
btree8_bl,512,14,12.4817,16697882275220540387
btree16_bl_a64,512,14,21.6782,16697882275220540387
fusion16_w,512,14,42.8406,16697882275220540387
btree8,512,14,24.6399,16697882275220540387
fusion8_c,512,14,37.9135,16697882275220540387
sorted_array,512,14,30.0171,16697882275220540387
fusion8,512,14,37.0422,16697882275220540387
btree8,1024,0,29.9820,1822299186294993737
fusion16_w,1024,0,47.0795,1822299186294993737
btree8_a64,1024,0,29.4083,1822299186294993737
btree8_bl,1024,0,28.0975,1822299186294993737
fusion8_bf,1024,0,50.9781,1822299186294993737
fusion8,1024,0,46.4737,1822299186294993737
btree8_bl_a64,1024,0,26.7441,1822299186294993737
fusion8_c,1024,0,48.6115,1822299186294993737
sorted_array,1024,0,35.4218,1822299186294993737
btree16_bl_a64,1024,0,17.6285,1822299186294993737
btree8,1024,1,28.6285,1822299186294993737
fusion8,1024,1,46.6904,1822299186294993737
fusion8_bf,1024,1,50.9552,1822299186294993737
fusion8_c,1024,1,48.5336,1822299186294993737
fusion16_w,1024,1,47.0901,1822299186294993737
btree8_bl,1024,1,28.3051,1822299186294993737
sorted_array,1024,1,35.2463,1822299186294993737
btree16_bl_a64,1024,1,17.6346,1822299186294993737
btree8_bl_a64,1024,1,26.6846,1822299186294993737
btree8_a64,1024,1,28.8895,1822299186294993737
btree8,1024,2,29.8218,1822299186294993737
fusion8_bf,1024,2,50.9216,1822299186294993737
btree8_a64,1024,2,29.9133,1822299186294993737
btree8_bl,1024,2,28.2730,1822299186294993737
btree16_bl_a64,1024,2,17.5217,1822299186294993737
fusion8_c,1024,2,48.5611,1822299186294993737
fusion16_w,1024,2,46.9406,1822299186294993737
fusion8,1024,2,46.7728,1822299186294993737
sorted_array,1024,2,36.8301,1822299186294993737
btree8_bl_a64,1024,2,26.8127,1822299186294993737
sorted_array,1024,3,35.2768,1822299186294993737
fusion8_c,1024,3,48.7030,1822299186294993737
fusion16_w,1024,3,46.8445,1822299186294993737
btree16_bl_a64,1024,3,17.6056,1822299186294993737
fusion8,1024,3,45.8191,1822299186294993737
btree8_bl_a64,1024,3,26.7502,1822299186294993737
btree8_a64,1024,3,29.2145,1822299186294993737
fusion8_bf,1024,3,50.8026,1822299186294993737
btree8_bl,1024,3,28.0167,1822299186294993737
btree8,1024,3,29.0268,1822299186294993737
btree8_a64,1024,4,28.7918,1822299186294993737
btree8,1024,4,29.2847,1822299186294993737
fusion8_c,1024,4,48.6847,1822299186294993737
btree8_bl,1024,4,28.2928,1822299186294993737
sorted_array,1024,4,35.5057,1822299186294993737
fusion8_bf,1024,4,50.8911,1822299186294993737
btree8_bl_a64,1024,4,26.4908,1822299186294993737
btree16_bl_a64,1024,4,17.6804,1822299186294993737
fusion16_w,1024,4,47.1115,1822299186294993737
fusion8,1024,4,46.0587,1822299186294993737
fusion8,1024,5,58.6990,1822299186294993737
btree16_bl_a64,1024,5,17.5613,1822299186294993737
fusion16_w,1024,5,46.9925,1822299186294993737
btree8_bl,1024,5,28.3722,1822299186294993737
btree8_a64,1024,5,27.8061,1822299186294993737
fusion8_c,1024,5,48.5870,1822299186294993737
btree8,1024,5,28.2288,1822299186294993737
fusion8_bf,1024,5,50.9781,1822299186294993737
btree8_bl_a64,1024,5,26.7212,1822299186294993737
sorted_array,1024,5,35.2997,1822299186294993737
fusion16_w,1024,6,47.2305,1822299186294993737
btree8_bl,1024,6,28.8666,1822299186294993737
fusion8,1024,6,45.8847,1822299186294993737
btree8_a64,1024,6,30.4886,1822299186294993737
btree8,1024,6,27.7359,1822299186294993737
fusion8_c,1024,6,48.7228,1822299186294993737
sorted_array,1024,6,35.3424,1822299186294993737
btree8_bl_a64,1024,6,26.7197,1822299186294993737
btree16_bl_a64,1024,6,17.7597,1822299186294993737
fusion8_bf,1024,6,50.8911,1822299186294993737
sorted_array,1024,7,35.3180,1822299186294993737
fusion8_c,1024,7,50.4089,1822299186294993737
fusion8,1024,7,46.1349,1822299186294993737
btree16_bl_a64,1024,7,17.4713,1822299186294993737
fusion16_w,1024,7,47.0078,1822299186294993737
btree8,1024,7,29.5364,1822299186294993737
btree8_bl_a64,1024,7,27.0782,1822299186294993737
btree8_bl,1024,7,28.3234,1822299186294993737
btree8_a64,1024,7,28.2410,1822299186294993737
fusion8_bf,1024,7,51.3718,1822299186294993737
fusion8,1024,8,45.9915,1822299186294993737
btree8_bl,1024,8,28.4058,1822299186294993737
btree8_bl_a64,1024,8,26.6815,1822299186294993737
fusion8_c,1024,8,48.6984,1822299186294993737
fusion8_bf,1024,8,50.8942,1822299186294993737
btree16_bl_a64,1024,8,17.5171,1822299186294993737
sorted_array,1024,8,35.2966,1822299186294993737
btree8_a64,1024,8,31.3202,1822299186294993737
fusion16_w,1024,8,46.8796,1822299186294993737
btree8,1024,8,30.1773,1822299186294993737
fusion16_w,1024,9,46.7606,1822299186294993737
fusion8,1024,9,46.7117,1822299186294993737
btree8_a64,1024,9,28.3417,1822299186294993737
fusion8_bf,1024,9,51.7822,1822299186294993737
btree16_bl_a64,1024,9,17.6895,1822299186294993737
btree8_bl_a64,1024,9,26.6632,1822299186294993737
btree8_bl,1024,9,28.2745,1822299186294993737
fusion8_c,1024,9,48.5580,1822299186294993737
btree8,1024,9,28.2257,1822299186294993737
sorted_array,1024,9,35.5530,1822299186294993737
fusion8,1024,10,46.1288,1822299186294993737
btree16_bl_a64,1024,10,17.4759,1822299186294993737
fusion8_c,1024,10,48.8937,1822299186294993737
fusion8_bf,1024,10,50.8835,1822299186294993737
fusion16_w,1024,10,48.4161,1822299186294993737
btree8,1024,10,28.4195,1822299186294993737
sorted_array,1024,10,35.5347,1822299186294993737
btree8_bl,1024,10,28.3035,1822299186294993737
btree8_a64,1024,10,30.1041,1822299186294993737
btree8_bl_a64,1024,10,26.5518,1822299186294993737
btree8_bl_a64,1024,11,26.6754,1822299186294993737
sorted_array,1024,11,35.2493,1822299186294993737
btree8,1024,11,28.9871,1822299186294993737
fusion8,1024,11,46.2402,1822299186294993737
fusion8_bf,1024,11,51.0284,1822299186294993737
btree16_bl_a64,1024,11,17.4332,1822299186294993737
fusion16_w,1024,11,47.0810,1822299186294993737
btree8_a64,1024,11,29.8843,1822299186294993737
fusion8_c,1024,11,48.6664,1822299186294993737
btree8_bl,1024,11,28.1815,1822299186294993737
fusion16_w,1024,12,47.1161,1822299186294993737
fusion8,1024,12,46.3669,1822299186294993737
btree16_bl_a64,1024,12,17.4896,1822299186294993737
fusion8_bf,1024,12,50.8774,1822299186294993737
btree8_a64,1024,12,29.4952,1822299186294993737
sorted_array,1024,12,35.2707,1822299186294993737
btree8_bl_a64,1024,12,26.8585,1822299186294993737
btree8_bl,1024,12,28.3264,1822299186294993737
btree8,1024,12,27.8732,1822299186294993737
fusion8_c,1024,12,48.8220,1822299186294993737
btree8_bl,1024,13,28.3463,1822299186294993737
btree8,1024,13,28.6942,1822299186294993737
fusion16_w,1024,13,46.7636,1822299186294993737
sorted_array,1024,13,35.5408,1822299186294993737
btree8_bl_a64,1024,13,26.6449,1822299186294993737
fusion8_bf,1024,13,50.9537,1822299186294993737
btree16_bl_a64,1024,13,17.5903,1822299186294993737
fusion8_c,1024,13,49.6063,1822299186294993737
btree8_a64,1024,13,29.1428,1822299186294993737
fusion8,1024,13,46.0022,1822299186294993737
btree16_bl_a64,1024,14,17.6147,1822299186294993737
fusion8,1024,14,45.4865,1822299186294993737
sorted_array,1024,14,35.8429,1822299186294993737
fusion8_c,1024,14,50.5798,1822299186294993737
btree8,1024,14,28.2364,1822299186294993737
btree8_bl_a64,1024,14,26.8921,1822299186294993737
btree8_bl,1024,14,28.2394,1822299186294993737
fusion16_w,1024,14,46.9925,1822299186294993737
btree8_a64,1024,14,29.7089,1822299186294993737
fusion8_bf,1024,14,51.0605,1822299186294993737
fusion8,2048,0,54.0909,6787589965792239204
fusion16_w,2048,0,47.8104,6787589965792239204
btree8_bl_a64,2048,0,22.8882,6787589965792239204
btree8_bl,2048,0,25.2716,6787589965792239204
fusion8_c,2048,0,52.6718,6787589965792239204
btree16_bl_a64,2048,0,13.3423,6787589965792239204
sorted_array,2048,0,39.6072,6787589965792239204
btree8_a64,2048,0,34.6359,6787589965792239204
btree8,2048,0,33.3115,6787589965792239204
fusion8_bf,2048,0,55.4245,6787589965792239204
fusion8,2048,1,54.5685,6787589965792239204
btree16_bl_a64,2048,1,13.4094,6787589965792239204
sorted_array,2048,1,40.0345,6787589965792239204
btree8_a64,2048,1,32.3380,6787589965792239204
btree8,2048,1,32.6004,6787589965792239204
fusion16_w,2048,1,48.0423,6787589965792239204
fusion8_bf,2048,1,55.2521,6787589965792239204
fusion8_c,2048,1,52.5040,6787589965792239204
btree8_bl,2048,1,24.9207,6787589965792239204
btree8_bl_a64,2048,1,22.6639,6787589965792239204
fusion16_w,2048,2,47.9050,6787589965792239204
btree16_bl_a64,2048,2,13.4491,6787589965792239204
btree8,2048,2,32.8293,6787589965792239204
fusion8_c,2048,2,52.5375,6787589965792239204
sorted_array,2048,2,39.6713,6787589965792239204
btree8_a64,2048,2,33.8257,6787589965792239204
fusion8,2048,2,54.2007,6787589965792239204
fusion8_bf,2048,2,55.3009,6787589965792239204
btree8_bl,2048,2,24.4003,6787589965792239204
btree8_bl_a64,2048,2,23.1232,6787589965792239204
btree8_bl,2048,3,24.2538,6787589965792239204
fusion8_c,2048,3,52.4948,6787589965792239204
sorted_array,2048,3,39.5935,6787589965792239204
btree8_a64,2048,3,33.9752,6787589965792239204
fusion8_bf,2048,3,55.5435,6787589965792239204
btree16_bl_a64,2048,3,13.3255,6787589965792239204
btree8_bl_a64,2048,3,22.9889,6787589965792239204
btree8,2048,3,31.7520,6787589965792239204
fusion16_w,2048,3,47.7737,6787589965792239204
fusion8,2048,3,54.0497,6787589965792239204
btree16_bl_a64,2048,4,13.2248,6787589965792239204
sorted_array,2048,4,39.5203,6787589965792239204
fusion16_w,2048,4,47.9858,6787589965792239204
btree8_bl,2048,4,24.7253,6787589965792239204
btree8_bl_a64,2048,4,23.7076,6787589965792239204
fusion8,2048,4,53.5675,6787589965792239204
btree8_a64,2048,4,34.8755,6787589965792239204
fusion8_bf,2048,4,55.2750,6787589965792239204
btree8,2048,4,33.0811,6787589965792239204
fusion8_c,2048,4,52.3605,6787589965792239204
fusion8,2048,5,53.5156,6787589965792239204
btree8_bl,2048,5,24.7238,6787589965792239204
btree8,2048,5,32.6553,6787589965792239204
fusion8_c,2048,5,52.3895,6787589965792239204
sorted_array,2048,5,39.6805,6787589965792239204
btree8_a64,2048,5,32.7118,6787589965792239204
btree16_bl_a64,2048,5,13.2416,6787589965792239204
btree8_bl_a64,2048,5,22.9141,6787589965792239204
fusion8_bf,2048,5,55.0385,6787589965792239204
fusion16_w,2048,5,47.8455,6787589965792239204
btree8,2048,6,33.7723,6787589965792239204
sorted_array,2048,6,39.5813,6787589965792239204
fusion8,2048,6,56.0913,6787589965792239204
btree8_bl_a64,2048,6,22.9904,6787589965792239204
fusion8_c,2048,6,52.4780,6787589965792239204
fusion8_bf,2048,6,55.0751,6787589965792239204
fusion16_w,2048,6,48.9548,6787589965792239204
btree16_bl_a64,2048,6,13.2812,6787589965792239204
btree8_a64,2048,6,31.6849,6787589965792239204
btree8_bl,2048,6,24.7589,6787589965792239204
fusion8_bf,2048,7,55.2139,6787589965792239204
btree8,2048,7,31.7078,6787589965792239204
btree8_bl,2048,7,24.5682,6787589965792239204
btree16_bl_a64,2048,7,13.2477,6787589965792239204
btree8_bl_a64,2048,7,22.5937,6787589965792239204
fusion8_c,2048,7,52.5299,6787589965792239204
btree8_a64,2048,7,31.7917,6787589965792239204
sorted_array,2048,7,39.6637,6787589965792239204
fusion16_w,2048,7,47.8058,6787589965792239204
fusion8,2048,7,53.9642,6787589965792239204
fusion16_w,2048,8,48.9197,6787589965792239204
btree8,2048,8,33.0276,6787589965792239204
btree8_bl_a64,2048,8,22.6562,6787589965792239204
fusion8_c,2048,8,52.4246,6787589965792239204
btree8_bl,2048,8,24.7437,6787589965792239204
btree8_a64,2048,8,32.3273,6787589965792239204
fusion8_bf,2048,8,54.9973,6787589965792239204
btree16_bl_a64,2048,8,13.2675,6787589965792239204
sorted_array,2048,8,39.6393,6787589965792239204
fusion8,2048,8,54.7958,6787589965792239204
btree8_a64,2048,9,33.6075,6787589965792239204
fusion8,2048,9,53.1723,6787589965792239204
btree8,2048,9,32.4203,6787589965792239204
fusion16_w,2048,9,47.7722,6787589965792239204
btree16_bl_a64,2048,9,13.1943,6787589965792239204
btree8_bl,2048,9,24.5575,6787589965792239204
btree8_bl_a64,2048,9,23.5687,6787589965792239204
fusion8_bf,2048,9,55.1346,6787589965792239204
sorted_array,2048,9,39.6179,6787589965792239204
fusion8_c,2048,9,52.4673,6787589965792239204
btree16_bl_a64,2048,10,13.2874,6787589965792239204
sorted_array,2048,10,39.5050,6787589965792239204
btree8_bl,2048,10,24.6735,6787589965792239204
fusion8_c,2048,10,52.4185,6787589965792239204
fusion8,2048,10,54.0359,6787589965792239204
btree8,2048,10,34.9243,6787589965792239204
fusion16_w,2048,10,48.0881,6787589965792239204
btree8_bl_a64,2048,10,22.6044,6787589965792239204
fusion8_bf,2048,10,55.1849,6787589965792239204
btree8_a64,2048,10,33.0200,6787589965792239204
btree8,2048,11,33.2901,6787589965792239204
btree8_bl_a64,2048,11,22.7493,6787589965792239204
btree8_a64,2048,11,32.0312,6787589965792239204
fusion8_bf,2048,11,55.0095,6787589965792239204
btree8_bl,2048,11,24.4186,6787589965792239204
fusion8_c,2048,11,52.4033,6787589965792239204
fusion16_w,2048,11,47.7707,6787589965792239204
btree16_bl_a64,2048,11,13.3591,6787589965792239204
fusion8,2048,11,54.0359,6787589965792239204
sorted_array,2048,11,39.6255,6787589965792239204
sorted_array,2048,12,39.2670,6787589965792239204
btree16_bl_a64,2048,12,13.1470,6787589965792239204
btree8_bl_a64,2048,12,22.8592,6787589965792239204
fusion8_c,2048,12,52.4384,6787589965792239204
btree8_bl,2048,12,24.3225,6787589965792239204
btree8,2048,12,32.4203,6787589965792239204
fusion8_bf,2048,12,55.0140,6787589965792239204
fusion16_w,2048,12,47.7081,6787589965792239204
btree8_a64,2048,12,34.3079,6787589965792239204
fusion8,2048,12,53.8193,6787589965792239204
fusion16_w,2048,13,47.8195,6787589965792239204
btree8_bl,2048,13,24.6811,6787589965792239204
fusion8,2048,13,53.4500,6787589965792239204
btree16_bl_a64,2048,13,13.2828,6787589965792239204
fusion8_c,2048,13,52.4109,6787589965792239204
btree8_a64,2048,13,31.8344,6787589965792239204
btree8,2048,13,33.2153,6787589965792239204
sorted_array,2048,13,39.6698,6787589965792239204
btree8_bl_a64,2048,13,22.8683,6787589965792239204
fusion8_bf,2048,13,55.1392,6787589965792239204
btree8_bl,2048,14,24.5422,6787589965792239204
btree16_bl_a64,2048,14,13.2523,6787589965792239204
btree8,2048,14,31.7261,6787589965792239204
fusion8_bf,2048,14,55.1620,6787589965792239204
fusion8,2048,14,53.9703,6787589965792239204
btree8_a64,2048,14,34.1537,6787589965792239204
btree8_bl_a64,2048,14,23.2758,6787589965792239204
sorted_array,2048,14,39.5508,6787589965792239204
fusion16_w,2048,14,48.0713,6787589965792239204
fusion8_c,2048,14,54.6112,6787589965792239204
sorted_array,4096,0,43.8232,1914815765761774336
btree8,4096,0,36.6623,1914815765761774336
fusion8_c,4096,0,54.1870,1914815765761774336
fusion8_bf,4096,0,56.9839,1914815765761774336
btree8_bl,4096,0,19.3069,1914815765761774336
fusion16_w,4096,0,46.6965,1914815765761774336
fusion8,4096,0,55.8716,1914815765761774336
btree8_bl_a64,4096,0,18.5944,1914815765761774336
btree16_bl_a64,4096,0,11.5723,1914815765761774336
btree8_a64,4096,0,36.3403,1914815765761774336
fusion16_w,4096,1,46.5256,1914815765761774336
btree16_bl_a64,4096,1,11.5280,1914815765761774336
btree8_bl,4096,1,19.2200,1914815765761774336
btree8_bl_a64,4096,1,18.1732,1914815765761774336
btree8_a64,4096,1,36.0916,1914815765761774336
fusion8_bf,4096,1,56.9916,1914815765761774336
sorted_array,4096,1,43.7012,1914815765761774336
fusion8_c,4096,1,57.3944,1914815765761774336
fusion8,4096,1,56.0013,1914815765761774336
btree8,4096,1,36.6104,1914815765761774336
btree8_bl,4096,2,19.1360,1914815765761774336
fusion8_bf,4096,2,56.8329,1914815765761774336
btree8_bl_a64,4096,2,18.1549,1914815765761774336
fusion16_w,4096,2,46.7148,1914815765761774336
btree8_a64,4096,2,37.0453,1914815765761774336
btree8,4096,2,35.6659,1914815765761774336
btree16_bl_a64,4096,2,11.5356,1914815765761774336
fusion8_c,4096,2,55.1331,1914815765761774336
fusion8,4096,2,57.0480,1914815765761774336
sorted_array,4096,2,43.7637,1914815765761774336
fusion8_c,4096,3,55.8136,1914815765761774336
fusion8_bf,4096,3,56.9397,1914815765761774336
btree8,4096,3,35.9665,1914815765761774336
fusion8,4096,3,56.2195,1914815765761774336
btree16_bl_a64,4096,3,11.5555,1914815765761774336
btree8_bl,4096,3,19.5633,1914815765761774336
sorted_array,4096,3,43.8904,1914815765761774336
fusion16_w,4096,3,46.8445,1914815765761774336
btree8_a64,4096,3,36.7004,1914815765761774336
btree8_bl_a64,4096,3,18.3426,1914815765761774336
btree8_bl,4096,4,19.0536,1914815765761774336
fusion8_c,4096,4,54.0955,1914815765761774336
fusion8,4096,4,56.1554,1914815765761774336
btree8_bl_a64,4096,4,18.4082,1914815765761774336
btree8,4096,4,35.8109,1914815765761774336
sorted_array,4096,4,43.9285,1914815765761774336
fusion16_w,4096,4,47.1329,1914815765761774336
btree16_bl_a64,4096,4,11.6043,1914815765761774336
fusion8_bf,4096,4,57.0206,1914815765761774336
btree8_a64,4096,4,36.9110,1914815765761774336
btree8_bl_a64,4096,5,18.3655,1914815765761774336
btree16_bl_a64,4096,5,11.4670,1914815765761774336
fusion8_c,4096,5,54.0039,1914815765761774336
btree8,4096,5,36.4594,1914815765761774336
fusion16_w,4096,5,46.7850,1914815765761774336
btree8_bl,4096,5,19.0964,1914815765761774336
sorted_array,4096,5,44.2657,1914815765761774336
btree8_a64,4096,5,39.4485,1914815765761774336
fusion8,4096,5,56.1752,1914815765761774336
fusion8_bf,4096,5,57.5714,1914815765761774336
fusion8_bf,4096,6,57.2495,1914815765761774336
btree8_bl,4096,6,19.3298,1914815765761774336
sorted_array,4096,6,43.7225,1914815765761774336
btree8,4096,6,35.4309,1914815765761774336
fusion16_w,4096,6,48.1247,1914815765761774336
btree16_bl_a64,4096,6,11.8515,1914815765761774336
btree8_a64,4096,6,36.5875,1914815765761774336
fusion8,4096,6,56.0852,1914815765761774336
fusion8_c,4096,6,54.3015,1914815765761774336
btree8_bl_a64,4096,6,18.1137,1914815765761774336
btree8,4096,7,35.7315,1914815765761774336
sorted_array,4096,7,44.0552,1914815765761774336
fusion8_c,4096,7,53.9337,1914815765761774336
fusion16_w,4096,7,46.9025,1914815765761774336
btree8_bl_a64,4096,7,18.2922,1914815765761774336
btree8_a64,4096,7,36.8530,1914815765761774336
fusion8_bf,4096,7,56.9977,1914815765761774336
btree16_bl_a64,4096,7,11.5265,1914815765761774336
btree8_bl,4096,7,19.2917,1914815765761774336
fusion8,4096,7,55.9418,1914815765761774336
btree8,4096,8,35.6186,1914815765761774336
btree8_a64,4096,8,37.0667,1914815765761774336
fusion8_c,4096,8,53.8467,1914815765761774336
sorted_array,4096,8,43.8431,1914815765761774336
btree16_bl_a64,4096,8,11.5021,1914815765761774336
btree8_bl_a64,4096,8,18.3487,1914815765761774336
fusion8_bf,4096,8,56.8924,1914815765761774336
fusion16_w,4096,8,46.6324,1914815765761774336
btree8_bl,4096,8,19.1864,1914815765761774336
fusion8,4096,8,56.6620,1914815765761774336
fusion16_w,4096,9,46.6812,1914815765761774336
btree8_a64,4096,9,37.0453,1914815765761774336
sorted_array,4096,9,43.8248,1914815765761774336
btree8_bl_a64,4096,9,18.2999,1914815765761774336
btree8,4096,9,35.5682,1914815765761774336
fusion8_bf,4096,9,56.8436,1914815765761774336
fusion8_c,4096,9,54.0939,1914815765761774336
fusion8,4096,9,55.9494,1914815765761774336
btree8_bl,4096,9,19.1956,1914815765761774336
btree16_bl_a64,4096,9,11.5326,1914815765761774336
sorted_array,4096,10,43.8904,1914815765761774336
fusion16_w,4096,10,46.7209,1914815765761774336
fusion8,4096,10,56.0883,1914815765761774336
btree8_bl_a64,4096,10,18.5455,1914815765761774336
fusion8_c,4096,10,53.9673,1914815765761774336
btree8_a64,4096,10,36.5646,1914815765761774336
btree8,4096,10,36.6104,1914815765761774336
btree8_bl,4096,10,19.0247,1914815765761774336
btree16_bl_a64,4096,10,11.5005,1914815765761774336
fusion8_bf,4096,10,56.9504,1914815765761774336
btree8_bl,4096,11,18.8934,1914815765761774336
btree8_a64,4096,11,36.6577,1914815765761774336
fusion8,4096,11,56.5460,1914815765761774336
btree8_bl_a64,4096,11,18.4311,1914815765761774336
fusion8_c,4096,11,53.9154,1914815765761774336
fusion8_bf,4096,11,56.7215,1914815765761774336
btree16_bl_a64,4096,11,12.6770,1914815765761774336
btree8,4096,11,36.7188,1914815765761774336
fusion16_w,4096,11,46.6324,1914815765761774336
sorted_array,4096,11,43.8751,1914815765761774336
btree8_bl_a64,4096,12,18.3334,1914815765761774336
fusion8_c,4096,12,53.9932,1914815765761774336
btree8_a64,4096,12,36.6409,1914815765761774336
btree16_bl_a64,4096,12,11.4944,1914815765761774336
btree8_bl,4096,12,19.1895,1914815765761774336
btree8,4096,12,35.7483,1914815765761774336
fusion8_bf,4096,12,57.7988,1914815765761774336
fusion8,4096,12,56.1859,1914815765761774336
fusion16_w,4096,12,46.6522,1914815765761774336
sorted_array,4096,12,43.7500,1914815765761774336
btree8_a64,4096,13,39.2838,1914815765761774336
fusion8,4096,13,55.6061,1914815765761774336
btree8_bl,4096,13,19.1605,1914815765761774336
sorted_array,4096,13,43.8141,1914815765761774336
btree8_bl_a64,4096,13,19.1772,1914815765761774336
fusion16_w,4096,13,46.6644,1914815765761774336
btree8,4096,13,36.5295,1914815765761774336
fusion8_bf,4096,13,57.1945,1914815765761774336
btree16_bl_a64,4096,13,11.5875,1914815765761774336
fusion8_c,4096,13,53.8742,1914815765761774336
btree8_bl_a64,4096,14,18.3945,1914815765761774336
fusion8,4096,14,55.8945,1914815765761774336
fusion16_w,4096,14,46.6888,1914815765761774336
fusion8_c,4096,14,54.0131,1914815765761774336
btree8_bl,4096,14,19.1559,1914815765761774336
fusion8_bf,4096,14,56.8878,1914815765761774336
btree16_bl_a64,4096,14,11.4243,1914815765761774336
btree8,4096,14,35.6613,1914815765761774336
btree8_a64,4096,14,37.3123,1914815765761774336
sorted_array,4096,14,43.9789,1914815765761774336
fusion8_bf,8192,0,66.6595,6370395544211917414
fusion8_c,8192,0,63.3926,6370395544211917414
sorted_array,8192,0,49.2462,6370395544211917414
btree8_bl,8192,0,30.6259,6370395544211917414
btree8,8192,0,39.4379,6370395544211917414
btree16_bl_a64,8192,0,33.3160,6370395544211917414
btree8_bl_a64,8192,0,27.6871,6370395544211917414
fusion8,8192,0,63.1027,6370395544211917414
btree8_a64,8192,0,41.2231,6370395544211917414
fusion16_w,8192,0,66.1926,6370395544211917414
fusion8_bf,8192,1,67.6270,6370395544211917414
btree8_a64,8192,1,39.6912,6370395544211917414
fusion8_c,8192,1,64.3875,6370395544211917414
fusion16_w,8192,1,65.9821,6370395544211917414
sorted_array,8192,1,49.3759,6370395544211917414
btree16_bl_a64,8192,1,34.0820,6370395544211917414
btree8_bl_a64,8192,1,27.5955,6370395544211917414
btree8,8192,1,39.9536,6370395544211917414
btree8_bl,8192,1,29.4739,6370395544211917414
fusion8,8192,1,63.2370,6370395544211917414
btree16_bl_a64,8192,2,33.0154,6370395544211917414
btree8_a64,8192,2,40.4053,6370395544211917414
fusion8,8192,2,62.5824,6370395544211917414
sorted_array,8192,2,49.5316,6370395544211917414
fusion8_c,8192,2,67.3798,6370395544211917414
btree8_bl_a64,8192,2,27.5055,6370395544211917414
fusion16_w,8192,2,66.1179,6370395544211917414
fusion8_bf,8192,2,67.2165,6370395544211917414
btree8_bl,8192,2,29.7943,6370395544211917414
btree8,8192,2,39.7339,6370395544211917414
fusion8_bf,8192,3,66.7786,6370395544211917414
btree8,8192,3,40.0696,6370395544211917414
btree16_bl_a64,8192,3,32.9697,6370395544211917414
btree8_a64,8192,3,40.1001,6370395544211917414
btree8_bl,8192,3,29.3594,6370395544211917414
fusion8_c,8192,3,63.7283,6370395544211917414
sorted_array,8192,3,49.2966,6370395544211917414
fusion16_w,8192,3,71.0266,6370395544211917414
fusion8,8192,3,64.5920,6370395544211917414
btree8_bl_a64,8192,3,28.2532,6370395544211917414
btree8_bl,8192,4,29.5441,6370395544211917414
btree8,8192,4,39.3295,6370395544211917414
btree8_a64,8192,4,40.1108,6370395544211917414
sorted_array,8192,4,49.8016,6370395544211917414
btree8_bl_a64,8192,4,27.7573,6370395544211917414
fusion8_c,8192,4,64.6271,6370395544211917414
fusion8_bf,8192,4,66.9830,6370395544211917414
fusion16_w,8192,4,66.5955,6370395544211917414
btree16_bl_a64,8192,4,33.1985,6370395544211917414
fusion8,8192,4,62.8265,6370395544211917414
btree8_bl,8192,5,29.7577,6370395544211917414
btree8_bl_a64,8192,5,28.7308,6370395544211917414
btree8_a64,8192,5,39.5264,6370395544211917414
btree16_bl_a64,8192,5,33.1741,6370395544211917414
sorted_array,8192,5,49.2188,6370395544211917414
fusion16_w,8192,5,71.3745,6370395544211917414
fusion8_c,8192,5,63.6414,6370395544211917414
fusion8_bf,8192,5,68.1396,6370395544211917414
fusion8,8192,5,63.4598,6370395544211917414
btree8,8192,5,41.0431,6370395544211917414
sorted_array,8192,6,49.3118,6370395544211917414
fusion8,8192,6,64.5264,6370395544211917414
fusion8_c,8192,6,65.3320,6370395544211917414
fusion16_w,8192,6,67.3859,6370395544211917414
fusion8_bf,8192,6,67.0044,6370395544211917414
btree8_bl,8192,6,29.9500,6370395544211917414
btree8_a64,8192,6,39.7125,6370395544211917414
btree8,8192,6,38.9450,6370395544211917414
btree16_bl_a64,8192,6,33.0627,6370395544211917414
btree8_bl_a64,8192,6,27.7222,6370395544211917414
btree8_bl_a64,8192,7,27.2232,6370395544211917414
sorted_array,8192,7,49.3134,6370395544211917414
fusion8_bf,8192,7,71.5302,6370395544211917414
btree8,8192,7,39.3677,6370395544211917414
btree16_bl_a64,8192,7,32.8827,6370395544211917414
fusion8,8192,7,63.3102,6370395544211917414
btree8_bl,8192,7,30.1697,6370395544211917414
fusion8_c,8192,7,63.7527,6370395544211917414
btree8_a64,8192,7,39.6744,6370395544211917414
fusion16_w,8192,7,67.9474,6370395544211917414
fusion8,8192,8,62.9776,6370395544211917414
btree16_bl_a64,8192,8,33.7311,6370395544211917414
btree8_a64,8192,8,39.5325,6370395544211917414
fusion16_w,8192,8,65.6830,6370395544211917414
btree8_bl_a64,8192,8,28.3340,6370395544211917414
fusion8_c,8192,8,64.9643,6370395544211917414
fusion8_bf,8192,8,67.8711,6370395544211917414
btree8,8192,8,39.9399,6370395544211917414
btree8_bl,8192,8,29.6219,6370395544211917414
sorted_array,8192,8,49.2325,6370395544211917414
sorted_array,8192,9,48.9136,6370395544211917414
btree8,8192,9,39.8270,6370395544211917414
fusion8_c,8192,9,63.5757,6370395544211917414
fusion8,8192,9,64.1541,6370395544211917414
fusion16_w,8192,9,67.5064,6370395544211917414
btree8_bl,8192,9,29.9255,6370395544211917414
fusion8_bf,8192,9,67.1127,6370395544211917414
btree16_bl_a64,8192,9,33.9813,6370395544211917414
btree8_bl_a64,8192,9,27.9236,6370395544211917414
btree8_a64,8192,9,39.6255,6370395544211917414
fusion16_w,8192,10,65.5746,6370395544211917414
btree16_bl_a64,8192,10,33.0215,6370395544211917414
btree8_a64,8192,10,39.5828,6370395544211917414
fusion8_bf,8192,10,66.6992,6370395544211917414
sorted_array,8192,10,49.3744,6370395544211917414
btree8,8192,10,40.1215,6370395544211917414
fusion8,8192,10,63.9404,6370395544211917414
fusion8_c,8192,10,63.9526,6370395544211917414
btree8_bl,8192,10,29.4067,6370395544211917414
btree8_bl_a64,8192,10,27.5894,6370395544211917414
btree8,8192,11,39.3051,6370395544211917414
fusion8,8192,11,65.0879,6370395544211917414
btree8_a64,8192,11,39.4989,6370395544211917414
fusion8_c,8192,11,63.6185,6370395544211917414
btree16_bl_a64,8192,11,33.1512,6370395544211917414
btree8_bl_a64,8192,11,27.5604,6370395544211917414
btree8_bl,8192,11,29.1779,6370395544211917414
fusion8_bf,8192,11,66.7664,6370395544211917414
sorted_array,8192,11,49.3027,6370395544211917414
fusion16_w,8192,11,69.2596,6370395544211917414
fusion8_c,8192,12,64.7614,6370395544211917414
btree8_bl,8192,12,29.6814,6370395544211917414
fusion8_bf,8192,12,67.0532,6370395544211917414
btree16_bl_a64,8192,12,33.2016,6370395544211917414
sorted_array,8192,12,49.2447,6370395544211917414
fusion8,8192,12,63.9862,6370395544211917414
btree8_a64,8192,12,40.9897,6370395544211917414
fusion16_w,8192,12,66.3376,6370395544211917414
btree8_bl_a64,8192,12,27.2751,6370395544211917414
btree8,8192,12,39.2365,6370395544211917414
btree8_bl,8192,13,30.8685,6370395544211917414
btree8_bl_a64,8192,13,27.4673,6370395544211917414
btree16_bl_a64,8192,13,33.0933,6370395544211917414
btree8,8192,13,39.4760,6370395544211917414
fusion8_bf,8192,13,66.7999,6370395544211917414
fusion16_w,8192,13,66.2094,6370395544211917414
fusion8,8192,13,65.0726,6370395544211917414
sorted_array,8192,13,49.1608,6370395544211917414
btree8_a64,8192,13,41.1926,6370395544211917414
fusion8_c,8192,13,64.6652,6370395544211917414
fusion16_w,8192,14,65.7898,6370395544211917414
fusion8,8192,14,63.4796,6370395544211917414
btree16_bl_a64,8192,14,33.0582,6370395544211917414
btree8_a64,8192,14,39.6179,6370395544211917414
btree8_bl_a64,8192,14,27.9831,6370395544211917414
fusion8_bf,8192,14,67.1616,6370395544211917414
sorted_array,8192,14,49.1943,6370395544211917414
btree8,8192,14,40.0742,6370395544211917414
fusion8_c,8192,14,63.8184,6370395544211917414
btree8_bl,8192,14,29.9225,6370395544211917414
fusion8,16384,0,79.6326,8091356701843327338
btree16_bl_a64,16384,0,29.6616,8091356701843327338
btree8,16384,0,47.4258,8091356701843327338
fusion8_c,16384,0,74.5972,8091356701843327338
btree8_bl,16384,0,37.6328,8091356701843327338
sorted_array,16384,0,56.1264,8091356701843327338
btree8_a64,16384,0,48.2742,8091356701843327338
fusion16_w,16384,0,71.6354,8091356701843327338
fusion8_bf,16384,0,78.9825,8091356701843327338
btree8_bl_a64,16384,0,35.5957,8091356701843327338
fusion8_c,16384,1,73.4833,8091356701843327338
fusion8_bf,16384,1,77.0248,8091356701843327338
btree8_bl,16384,1,35.7849,8091356701843327338
btree16_bl_a64,16384,1,28.4454,8091356701843327338
fusion16_w,16384,1,71.5790,8091356701843327338
btree8_bl_a64,16384,1,34.9152,8091356701843327338
btree8,16384,1,46.8079,8091356701843327338
btree8_a64,16384,1,48.3963,8091356701843327338
sorted_array,16384,1,56.3034,8091356701843327338
fusion8,16384,1,81.2454,8091356701843327338
btree8_bl_a64,16384,2,34.2789,8091356701843327338
sorted_array,16384,2,56.0745,8091356701843327338
fusion8_bf,16384,2,77.2171,8091356701843327338
btree8,16384,2,46.7834,8091356701843327338
fusion8_c,16384,2,75.4028,8091356701843327338
btree8_bl,16384,2,36.4838,8091356701843327338
btree16_bl_a64,16384,2,28.5568,8091356701843327338
fusion16_w,16384,2,71.7514,8091356701843327338
btree8_a64,16384,2,49.1302,8091356701843327338
fusion8,16384,2,82.0709,8091356701843327338
btree16_bl_a64,16384,3,28.1158,8091356701843327338
btree8,16384,3,46.4890,8091356701843327338
fusion16_w,16384,3,71.3623,8091356701843327338
fusion8,16384,3,79.8660,8091356701843327338
btree8_bl_a64,16384,3,35.3302,8091356701843327338
fusion8_c,16384,3,74.5468,8091356701843327338
btree8_a64,16384,3,48.1094,8091356701843327338
sorted_array,16384,3,56.2714,8091356701843327338
fusion8_bf,16384,3,78.1067,8091356701843327338
btree8_bl,16384,3,36.5616,8091356701843327338
btree8_bl,16384,4,35.2707,8091356701843327338
btree8_bl_a64,16384,4,34.4635,8091356701843327338
fusion8_bf,16384,4,75.9979,8091356701843327338
fusion8,16384,4,77.4658,8091356701843327338
fusion16_w,16384,4,77.3254,8091356701843327338
btree8,16384,4,47.9553,8091356701843327338
sorted_array,16384,4,56.3126,8091356701843327338
btree8_a64,16384,4,47.4518,8091356701843327338
btree16_bl_a64,16384,4,29.0359,8091356701843327338
fusion8_c,16384,4,73.9960,8091356701843327338
btree8_bl,16384,5,36.1801,8091356701843327338
btree8_a64,16384,5,47.1802,8091356701843327338
btree8,16384,5,46.5118,8091356701843327338
btree16_bl_a64,16384,5,27.9144,8091356701843327338
fusion16_w,16384,5,72.4472,8091356701843327338
btree8_bl_a64,16384,5,34.2194,8091356701843327338
sorted_array,16384,5,56.2683,8091356701843327338
fusion8_c,16384,5,75.0824,8091356701843327338
fusion8,16384,5,79.2206,8091356701843327338
fusion8_bf,16384,5,78.9932,8091356701843327338
sorted_array,16384,6,56.1279,8091356701843327338
btree16_bl_a64,16384,6,28.3295,8091356701843327338
fusion8,16384,6,76.6525,8091356701843327338
btree8_bl_a64,16384,6,35.0327,8091356701843327338
btree8_a64,16384,6,48.8571,8091356701843327338
fusion16_w,16384,6,71.5515,8091356701843327338
btree8_bl,16384,6,37.0773,8091356701843327338
fusion8_bf,16384,6,77.3453,8091356701843327338
btree8,16384,6,46.7514,8091356701843327338
fusion8_c,16384,6,75.1938,8091356701843327338
fusion16_w,16384,7,71.5347,8091356701843327338
btree8_bl,16384,7,35.6415,8091356701843327338
fusion8_bf,16384,7,76.5244,8091356701843327338
btree16_bl_a64,16384,7,29.5776,8091356701843327338
btree8,16384,7,46.8018,8091356701843327338
btree8_bl_a64,16384,7,35.6583,8091356701843327338
btree8_a64,16384,7,46.9360,8091356701843327338
fusion8_c,16384,7,73.0774,8091356701843327338
fusion8,16384,7,80.7861,8091356701843327338
sorted_array,16384,7,56.3156,8091356701843327338
btree16_bl_a64,16384,8,28.5461,8091356701843327338
btree8_a64,16384,8,47.2473,8091356701843327338
btree8,16384,8,46.9315,8091356701843327338
sorted_array,16384,8,56.3385,8091356701843327338
btree8_bl_a64,16384,8,35.3073,8091356701843327338
fusion8_c,16384,8,73.6267,8091356701843327338
btree8_bl,16384,8,36.3647,8091356701843327338
fusion8,16384,8,78.5141,8091356701843327338
fusion8_bf,16384,8,80.9433,8091356701843327338
fusion16_w,16384,8,76.9012,8091356701843327338
sorted_array,16384,9,56.2729,8091356701843327338
btree8,16384,9,47.4564,8091356701843327338
btree16_bl_a64,16384,9,30.2292,8091356701843327338
fusion8_bf,16384,9,77.4017,8091356701843327338
fusion8,16384,9,78.4760,8091356701843327338
btree8_bl,16384,9,36.7004,8091356701843327338
fusion16_w,16384,9,72.4213,8091356701843327338
btree8_a64,16384,9,48.1415,8091356701843327338
btree8_bl_a64,16384,9,36.0886,8091356701843327338
fusion8_c,16384,9,75.0366,8091356701843327338
btree8,16384,10,47.9263,8091356701843327338
fusion8_bf,16384,10,76.9424,8091356701843327338
fusion8_c,16384,10,75.2380,8091356701843327338
btree8_a64,16384,10,48.2559,8091356701843327338
fusion16_w,16384,10,72.8638,8091356701843327338
fusion8,16384,10,78.2913,8091356701843327338
btree16_bl_a64,16384,10,30.0766,8091356701843327338
btree8_bl,16384,10,36.7401,8091356701843327338
btree8_bl_a64,16384,10,34.7763,8091356701843327338
sorted_array,16384,10,56.3538,8091356701843327338
fusion8,16384,11,79.2313,8091356701843327338
btree8_a64,16384,11,48.5718,8091356701843327338
btree8_bl_a64,16384,11,35.2188,8091356701843327338
fusion8_bf,16384,11,78.9505,8091356701843327338
fusion8_c,16384,11,75.9293,8091356701843327338
btree8,16384,11,47.7585,8091356701843327338
sorted_array,16384,11,56.1966,8091356701843327338
btree16_bl_a64,16384,11,29.0970,8091356701843327338
btree8_bl,16384,11,36.8256,8091356701843327338
fusion16_w,16384,11,75.8423,8091356701843327338
btree8_a64,16384,12,47.8378,8091356701843327338
sorted_array,16384,12,56.2714,8091356701843327338
btree8,16384,12,47.7280,8091356701843327338
btree8_bl,16384,12,36.3419,8091356701843327338
btree8_bl_a64,16384,12,35.3043,8091356701843327338
fusion8_c,16384,12,75.7584,8091356701843327338
fusion8,16384,12,81.5704,8091356701843327338
fusion16_w,16384,12,74.5956,8091356701843327338
btree16_bl_a64,16384,12,29.2679,8091356701843327338
fusion8_bf,16384,12,78.2288,8091356701843327338
btree16_bl_a64,16384,13,28.1525,8091356701843327338
btree8_bl,16384,13,36.0931,8091356701843327338
fusion8_c,16384,13,74.2111,8091356701843327338
btree8,16384,13,46.8674,8091356701843327338
fusion16_w,16384,13,72.6959,8091356701843327338
btree8_bl_a64,16384,13,36.9995,8091356701843327338
btree8_a64,16384,13,48.4497,8091356701843327338
fusion8_bf,16384,13,76.9470,8091356701843327338
fusion8,16384,13,80.1819,8091356701843327338
sorted_array,16384,13,56.4621,8091356701843327338
fusion8_c,16384,14,73.9075,8091356701843327338
sorted_array,16384,14,56.2393,8091356701843327338
btree16_bl_a64,16384,14,29.2542,8091356701843327338
fusion16_w,16384,14,72.6486,8091356701843327338
btree8_a64,16384,14,47.6929,8091356701843327338
btree8,16384,14,47.3938,8091356701843327338
btree8_bl_a64,16384,14,35.7529,8091356701843327338
fusion8,16384,14,76.9485,8091356701843327338
btree8_bl,16384,14,38.5513,8091356701843327338
fusion8_bf,16384,14,76.9531,8091356701843327338
btree8_a64,32768,0,51.2421,1451882096117854496
fusion16_w,32768,0,73.8770,1451882096117854496
sorted_array,32768,0,63.8260,1451882096117854496
btree8,32768,0,51.5961,1451882096117854496
fusion8_bf,32768,0,82.0160,1451882096117854496
fusion8,32768,0,83.8882,1451882096117854496
btree16_bl_a64,32768,0,24.9451,1451882096117854496
btree8_bl,32768,0,29.3304,1451882096117854496
btree8_bl_a64,32768,0,28.7003,1451882096117854496
fusion8_c,32768,0,77.3315,1451882096117854496
btree8_bl,32768,1,28.0624,1451882096117854496
btree8_bl_a64,32768,1,27.0370,1451882096117854496
fusion16_w,32768,1,74.4675,1451882096117854496
fusion8,32768,1,80.2597,1451882096117854496
sorted_array,32768,1,64.0839,1451882096117854496
btree16_bl_a64,32768,1,22.8760,1451882096117854496
fusion8_bf,32768,1,79.6661,1451882096117854496
fusion8_c,32768,1,76.6464,1451882096117854496
btree8_a64,32768,1,50.9186,1451882096117854496
btree8,32768,1,50.4044,1451882096117854496
btree8,32768,2,49.1394,1451882096117854496
fusion8,32768,2,80.2429,1451882096117854496
btree8_bl,32768,2,29.0085,1451882096117854496
btree16_bl_a64,32768,2,22.8821,1451882096117854496
fusion16_w,32768,2,75.1587,1451882096117854496
fusion8_bf,32768,2,79.0802,1451882096117854496
btree8_a64,32768,2,50.6012,1451882096117854496
sorted_array,32768,2,63.7695,1451882096117854496
fusion8_c,32768,2,81.1966,1451882096117854496
btree8_bl_a64,32768,2,28.6057,1451882096117854496
fusion8_c,32768,3,75.9888,1451882096117854496
btree8_bl_a64,32768,3,26.6373,1451882096117854496
btree8_bl,32768,3,28.7643,1451882096117854496
fusion8,32768,3,81.5155,1451882096117854496
sorted_array,32768,3,64.0121,1451882096117854496
btree8_a64,32768,3,51.1139,1451882096117854496
fusion8_bf,32768,3,81.1737,1451882096117854496
btree8,32768,3,51.1719,1451882096117854496
fusion16_w,32768,3,77.1942,1451882096117854496
btree16_bl_a64,32768,3,24.2584,1451882096117854496
fusion8,32768,4,80.6519,1451882096117854496
btree8_bl_a64,32768,4,28.3081,1451882096117854496
fusion8_bf,32768,4,80.0659,1451882096117854496
fusion16_w,32768,4,75.0717,1451882096117854496
btree8_bl,32768,4,29.0924,1451882096117854496
fusion8_c,32768,4,78.8467,1451882096117854496
sorted_array,32768,4,63.8626,1451882096117854496
btree8_a64,32768,4,52.3102,1451882096117854496
btree16_bl_a64,32768,4,23.4589,1451882096117854496
btree8,32768,4,50.4364,1451882096117854496
fusion8_bf,32768,5,79.4144,1451882096117854496
fusion16_w,32768,5,74.3317,1451882096117854496
btree8_bl_a64,32768,5,27.6215,1451882096117854496
btree8_a64,32768,5,50.6393,1451882096117854496
fusion8,32768,5,82.0175,1451882096117854496
fusion8_c,32768,5,76.7151,1451882096117854496
btree8,32768,5,50.6622,1451882096117854496
sorted_array,32768,5,63.7756,1451882096117854496
btree16_bl_a64,32768,5,23.5107,1451882096117854496
btree8_bl,32768,5,29.0588,1451882096117854496
btree8,32768,6,49.4766,1451882096117854496
fusion8_bf,32768,6,79.8523,1451882096117854496
fusion8,32768,6,79.1122,1451882096117854496
btree16_bl_a64,32768,6,22.6089,1451882096117854496
btree8_a64,32768,6,50.6531,1451882096117854496
fusion8_c,32768,6,76.5442,1451882096117854496
fusion16_w,32768,6,77.2522,1451882096117854496
sorted_array,32768,6,63.8123,1451882096117854496
btree8_bl_a64,32768,6,28.2700,1451882096117854496
btree8_bl,32768,6,28.3630,1451882096117854496
fusion8,32768,7,78.3279,1451882096117854496
fusion8_bf,32768,7,79.7638,1451882096117854496
fusion8_c,32768,7,80.4108,1451882096117854496
sorted_array,32768,7,63.9481,1451882096117854496
btree8_bl_a64,32768,7,27.5253,1451882096117854496
btree16_bl_a64,32768,7,23.4985,1451882096117854496
btree8,32768,7,50.4608,1451882096117854496
btree8_bl,32768,7,28.4988,1451882096117854496
fusion16_w,32768,7,74.8779,1451882096117854496
btree8_a64,32768,7,50.6927,1451882096117854496
fusion8_bf,32768,8,79.0573,1451882096117854496
btree16_bl_a64,32768,8,22.9858,1451882096117854496
btree8_bl,32768,8,28.1219,1451882096117854496
fusion8_c,32768,8,76.8784,1451882096117854496
fusion8,32768,8,83.7952,1451882096117854496
btree8,32768,8,49.8795,1451882096117854496
btree8_bl_a64,32768,8,28.1509,1451882096117854496
sorted_array,32768,8,63.9160,1451882096117854496
btree8_a64,32768,8,50.8545,1451882096117854496
fusion16_w,32768,8,74.6811,1451882096117854496
btree8_bl_a64,32768,9,27.2003,1451882096117854496
fusion8,32768,9,78.6621,1451882096117854496
fusion8_bf,32768,9,81.5521,1451882096117854496
btree8_a64,32768,9,51.4267,1451882096117854496
sorted_array,32768,9,64.0305,1451882096117854496
btree8_bl,32768,9,28.9703,1451882096117854496
btree16_bl_a64,32768,9,23.6923,1451882096117854496
fusion16_w,32768,9,75.5920,1451882096117854496
btree8,32768,9,50.5341,1451882096117854496
fusion8_c,32768,9,77.0859,1451882096117854496
fusion8_c,32768,10,76.1642,1451882096117854496
fusion16_w,32768,10,74.4995,1451882096117854496
sorted_array,32768,10,66.6916,1451882096117854496
fusion8_bf,32768,10,82.1335,1451882096117854496
btree16_bl_a64,32768,10,24.3210,1451882096117854496
btree8_bl_a64,32768,10,29.4220,1451882096117854496
fusion8,32768,10,80.3116,1451882096117854496
btree8,32768,10,50.0977,1451882096117854496
btree8_bl,32768,10,29.6753,1451882096117854496
btree8_a64,32768,10,51.8784,1451882096117854496
fusion8_bf,32768,11,81.8100,1451882096117854496
btree16_bl_a64,32768,11,23.3307,1451882096117854496
btree8,32768,11,49.5880,1451882096117854496
btree8_bl,32768,11,28.5370,1451882096117854496
fusion8,32768,11,79.8584,1451882096117854496
btree8_a64,32768,11,50.6287,1451882096117854496
btree8_bl_a64,32768,11,27.9388,1451882096117854496
fusion16_w,32768,11,75.1587,1451882096117854496
fusion8_c,32768,11,77.7420,1451882096117854496
sorted_array,32768,11,64.0793,1451882096117854496
fusion8_c,32768,12,75.8057,1451882096117854496
btree8_bl,32768,12,28.5492,1451882096117854496
btree8_a64,32768,12,51.9485,1451882096117854496
sorted_array,32768,12,63.7970,1451882096117854496
btree8_bl_a64,32768,12,27.4353,1451882096117854496
fusion8,32768,12,78.8330,1451882096117854496
btree16_bl_a64,32768,12,23.5886,1451882096117854496
fusion8_bf,32768,12,82.3456,1451882096117854496
fusion16_w,32768,12,75.2243,1451882096117854496
btree8,32768,12,50.3098,1451882096117854496
sorted_array,32768,13,63.7390,1451882096117854496
fusion8_c,32768,13,83.2397,1451882096117854496
btree8_a64,32768,13,50.8514,1451882096117854496
btree8_bl,32768,13,28.5660,1451882096117854496
fusion16_w,32768,13,73.9746,1451882096117854496
btree8,32768,13,49.9771,1451882096117854496
fusion8_bf,32768,13,79.6143,1451882096117854496
btree8_bl_a64,32768,13,28.8361,1451882096117854496
btree16_bl_a64,32768,13,23.5168,1451882096117854496
fusion8,32768,13,81.1340,1451882096117854496
btree16_bl_a64,32768,14,22.5021,1451882096117854496
fusion8_bf,32768,14,79.4785,1451882096117854496
btree8_bl_a64,32768,14,27.3209,1451882096117854496
fusion8,32768,14,78.2639,1451882096117854496
fusion16_w,32768,14,77.0828,1451882096117854496
btree8_bl,32768,14,29.1367,1451882096117854496
btree8,32768,14,49.7589,1451882096117854496
sorted_array,32768,14,63.7924,1451882096117854496
fusion8_c,32768,14,80.7678,1451882096117854496
btree8_a64,32768,14,51.4725,1451882096117854496
fusion8,65536,0,91.8076,1313883487276844600
fusion8_bf,65536,0,95.7443,1313883487276844600
fusion8_c,65536,0,85.2966,1313883487276844600
btree8_bl_a64,65536,0,32.2983,1313883487276844600
btree8_a64,65536,0,57.3822,1313883487276844600
btree16_bl_a64,65536,0,22.0978,1313883487276844600
fusion16_w,65536,0,73.4009,1313883487276844600
btree8_bl,65536,0,33.6502,1313883487276844600
sorted_array,65536,0,72.8516,1313883487276844600
btree8,65536,0,55.9372,1313883487276844600
btree8_bl_a64,65536,1,30.9006,1313883487276844600
fusion16_w,65536,1,73.2498,1313883487276844600
fusion8_c,65536,1,84.8953,1313883487276844600
fusion8,65536,1,90.8859,1313883487276844600
sorted_array,65536,1,72.9614,1313883487276844600
btree16_bl_a64,65536,1,22.7829,1313883487276844600
btree8,65536,1,54.2923,1313883487276844600
btree8_bl,65536,1,32.7026,1313883487276844600
fusion8_bf,65536,1,92.7277,1313883487276844600
btree8_a64,65536,1,56.6956,1313883487276844600
btree8_a64,65536,2,53.9978,1313883487276844600
sorted_array,65536,2,72.7997,1313883487276844600
btree16_bl_a64,65536,2,20.8694,1313883487276844600
fusion8_c,65536,2,84.3323,1313883487276844600
btree8,65536,2,54.0192,1313883487276844600
btree8_bl,65536,2,31.8344,1313883487276844600
fusion8,65536,2,89.0091,1313883487276844600
fusion16_w,65536,2,76.0468,1313883487276844600
fusion8_bf,65536,2,94.6442,1313883487276844600
btree8_bl_a64,65536,2,33.3710,1313883487276844600
btree8_a64,65536,3,55.9006,1313883487276844600
fusion16_w,65536,3,73.7595,1313883487276844600
fusion8_bf,65536,3,86.5311,1313883487276844600
btree8_bl,65536,3,31.8176,1313883487276844600
sorted_array,65536,3,72.9050,1313883487276844600
fusion8_c,65536,3,92.3386,1313883487276844600
btree8,65536,3,54.8645,1313883487276844600
fusion8,65536,3,91.8350,1313883487276844600
btree8_bl_a64,65536,3,32.2495,1313883487276844600
btree16_bl_a64,65536,3,22.1558,1313883487276844600
fusion8_bf,65536,4,86.7111,1313883487276844600
btree8_a64,65536,4,55.9555,1313883487276844600
btree16_bl_a64,65536,4,22.1558,1313883487276844600
sorted_array,65536,4,72.8119,1313883487276844600
btree8,65536,4,54.8721,1313883487276844600
btree8_bl,65536,4,32.2739,1313883487276844600
fusion8,65536,4,89.9826,1313883487276844600
fusion16_w,65536,4,76.6800,1313883487276844600
btree8_bl_a64,65536,4,32.0465,1313883487276844600
fusion8_c,65536,4,84.3811,1313883487276844600
btree8_bl_a64,65536,5,31.5002,1313883487276844600
sorted_array,65536,5,72.3892,1313883487276844600
fusion8_bf,65536,5,88.0783,1313883487276844600
fusion8_c,65536,5,83.5083,1313883487276844600
btree16_bl_a64,65536,5,22.9111,1313883487276844600
fusion16_w,65536,5,75.4730,1313883487276844600
btree8,65536,5,55.5115,1313883487276844600
btree8_bl,65536,5,32.9147,1313883487276844600
fusion8,65536,5,93.2663,1313883487276844600
btree8_a64,65536,5,57.7408,1313883487276844600
fusion8,65536,6,87.0575,1313883487276844600
fusion8_bf,65536,6,94.2963,1313883487276844600
fusion8_c,65536,6,89.7156,1313883487276844600
btree8_a64,65536,6,54.8111,1313883487276844600
btree16_bl_a64,65536,6,22.3618,1313883487276844600
btree8,65536,6,56.2073,1313883487276844600
fusion16_w,65536,6,75.9705,1313883487276844600
btree8_bl_a64,65536,6,34.7275,1313883487276844600
sorted_array,65536,6,72.8455,1313883487276844600
btree8_bl,65536,6,33.6533,1313883487276844600
btree8_bl,65536,7,30.1163,1313883487276844600
fusion8_bf,65536,7,88.5468,1313883487276844600
sorted_array,65536,7,72.8577,1313883487276844600
fusion8,65536,7,90.0299,1313883487276844600
fusion16_w,65536,7,77.6123,1313883487276844600
btree16_bl_a64,65536,7,22.6181,1313883487276844600
btree8,65536,7,54.8386,1313883487276844600
btree8_a64,65536,7,56.7688,1313883487276844600
btree8_bl_a64,65536,7,32.3853,1313883487276844600
fusion8_c,65536,7,85.6796,1313883487276844600
fusion8_bf,65536,8,88.1577,1313883487276844600
fusion16_w,65536,8,75.2533,1313883487276844600
btree8,65536,8,54.1626,1313883487276844600
btree16_bl_a64,65536,8,21.7224,1313883487276844600
fusion8_c,65536,8,83.3267,1313883487276844600
btree8_bl_a64,65536,8,31.2042,1313883487276844600
sorted_array,65536,8,74.1592,1313883487276844600
btree8_a64,65536,8,55.7816,1313883487276844600
btree8_bl,65536,8,33.6227,1313883487276844600
fusion8,65536,8,89.3372,1313883487276844600
btree8,65536,9,55.8807,1313883487276844600
btree8_bl_a64,65536,9,31.1707,1313883487276844600
btree16_bl_a64,65536,9,21.7743,1313883487276844600
fusion8_bf,65536,9,91.2521,1313883487276844600
btree8_bl,65536,9,31.7139,1313883487276844600
fusion8,65536,9,87.5031,1313883487276844600
btree8_a64,65536,9,56.0272,1313883487276844600
fusion16_w,65536,9,76.4282,1313883487276844600
sorted_array,65536,9,72.9141,1313883487276844600
fusion8_c,65536,9,89.3768,1313883487276844600
btree16_bl_a64,65536,10,23.0789,1313883487276844600
btree8_a64,65536,10,55.5756,1313883487276844600
fusion8,65536,10,86.7844,1313883487276844600
fusion8_c,65536,10,87.2696,1313883487276844600
sorted_array,65536,10,72.8439,1313883487276844600
btree8_bl_a64,65536,10,33.6243,1313883487276844600
btree8,65536,10,55.3360,1313883487276844600
fusion8_bf,65536,10,91.2857,1313883487276844600
fusion16_w,65536,10,75.3891,1313883487276844600
btree8_bl,65536,10,32.3349,1313883487276844600
fusion8,65536,11,87.2925,1313883487276844600
btree8,65536,11,54.4083,1313883487276844600
fusion16_w,65536,11,74.4507,1313883487276844600
btree8_bl,65536,11,32.2922,1313883487276844600
fusion8_c,65536,11,86.6913,1313883487276844600
btree8_bl_a64,65536,11,31.8207,1313883487276844600
btree8_a64,65536,11,57.1106,1313883487276844600
fusion8_bf,65536,11,89.2044,1313883487276844600
btree16_bl_a64,65536,11,22.0703,1313883487276844600
sorted_array,65536,11,72.8897,1313883487276844600
fusion16_w,65536,12,76.3077,1313883487276844600
fusion8_c,65536,12,83.7280,1313883487276844600
btree8_bl_a64,65536,12,30.8456,1313883487276844600
fusion8,65536,12,88.1683,1313883487276844600
fusion8_bf,65536,12,89.5081,1313883487276844600
sorted_array,65536,12,72.1588,1313883487276844600
btree8_bl,65536,12,32.8003,1313883487276844600
btree16_bl_a64,65536,12,22.4731,1313883487276844600
btree8,65536,12,56.2592,1313883487276844600
btree8_a64,65536,12,57.1701,1313883487276844600
btree8_bl_a64,65536,13,31.5155,1313883487276844600
fusion8_bf,65536,13,85.8337,1313883487276844600
btree16_bl_a64,65536,13,21.6721,1313883487276844600
btree8_a64,65536,13,56.6635,1313883487276844600
fusion16_w,65536,13,74.9863,1313883487276844600
fusion8,65536,13,91.2949,1313883487276844600
sorted_array,65536,13,72.9950,1313883487276844600
btree8,65536,13,56.4392,1313883487276844600
btree8_bl,65536,13,33.8867,1313883487276844600
fusion8_c,65536,13,86.0428,1313883487276844600
btree8_bl_a64,65536,14,33.3664,1313883487276844600
btree8_a64,65536,14,57.1091,1313883487276844600
fusion16_w,65536,14,74.5941,1313883487276844600
btree8_bl,65536,14,32.8217,1313883487276844600
fusion8_bf,65536,14,89.8666,1313883487276844600
sorted_array,65536,14,73.1232,1313883487276844600
fusion8_c,65536,14,88.9267,1313883487276844600
btree8,65536,14,56.0150,1313883487276844600
fusion8,65536,14,92.8665,1313883487276844600
btree16_bl_a64,65536,14,23.4848,1313883487276844600
btree8_bl_a64,131072,0,70.3491,7532165159138614248
btree8,131072,0,88.9374,7532165159138614248
fusion8_bf,131072,0,153.2242,7532165159138614248
fusion16_w,131072,0,127.7634,7532165159138614248
fusion8,131072,0,155.2200,7532165159138614248
btree16_bl_a64,131072,0,70.4132,7532165159138614248
btree8_a64,131072,0,90.8936,7532165159138614248
sorted_array,131072,0,83.8028,7532165159138614248
fusion8_c,131072,0,136.1710,7532165159138614248
btree8_bl,131072,0,69.1925,7532165159138614248
fusion8_c,131072,1,110.4218,7532165159138614248
fusion8,131072,1,148.3658,7532165159138614248
sorted_array,131072,1,83.7143,7532165159138614248
btree8_a64,131072,1,87.1674,7532165159138614248
fusion8_bf,131072,1,153.1357,7532165159138614248
btree8_bl,131072,1,63.6383,7532165159138614248
btree8,131072,1,84.0378,7532165159138614248
btree16_bl_a64,131072,1,72.2198,7532165159138614248
fusion16_w,131072,1,127.6810,7532165159138614248
btree8_bl_a64,131072,1,70.3171,7532165159138614248
btree8,131072,2,81.0928,7532165159138614248
sorted_array,131072,2,84.1019,7532165159138614248
fusion8_c,131072,2,131.9138,7532165159138614248
btree16_bl_a64,131072,2,71.6095,7532165159138614248
fusion8,131072,2,156.1478,7532165159138614248
fusion16_w,131072,2,128.6987,7532165159138614248
btree8_a64,131072,2,90.8615,7532165159138614248
btree8_bl_a64,131072,2,72.1069,7532165159138614248
fusion8_bf,131072,2,159.8709,7532165159138614248
btree8_bl,131072,2,70.1767,7532165159138614248
fusion8,131072,3,153.8712,7532165159138614248
btree8_bl,131072,3,64.4516,7532165159138614248
btree16_bl_a64,131072,3,71.5759,7532165159138614248
fusion8_bf,131072,3,162.8296,7532165159138614248
sorted_array,131072,3,84.0393,7532165159138614248
btree8,131072,3,85.4172,7532165159138614248
fusion8_c,131072,3,132.7774,7532165159138614248
btree8_a64,131072,3,94.0842,7532165159138614248
btree8_bl_a64,131072,3,66.2201,7532165159138614248
fusion16_w,131072,3,129.9591,7532165159138614248
btree16_bl_a64,131072,4,70.6650,7532165159138614248
fusion8_bf,131072,4,146.9559,7532165159138614248
btree8,131072,4,87.2864,7532165159138614248
fusion8_c,131072,4,133.7433,7532165159138614248
fusion8,131072,4,147.4304,7532165159138614248
btree8_bl_a64,131072,4,67.4606,7532165159138614248
sorted_array,131072,4,85.6689,7532165159138614248
btree8_bl,131072,4,67.0059,7532165159138614248
fusion16_w,131072,4,127.8137,7532165159138614248
btree8_a64,131072,4,93.3472,7532165159138614248
fusion8_bf,131072,5,150.8133,7532165159138614248
fusion8_c,131072,5,134.7473,7532165159138614248
fusion16_w,131072,5,129.0695,7532165159138614248
btree16_bl_a64,131072,5,70.6589,7532165159138614248
btree8_a64,131072,5,90.2069,7532165159138614248
btree8_bl_a64,131072,5,65.9866,7532165159138614248
fusion8,131072,5,154.5441,7532165159138614248
btree8,131072,5,86.4349,7532165159138614248
btree8_bl,131072,5,63.5483,7532165159138614248
sorted_array,131072,5,84.8740,7532165159138614248
btree16_bl_a64,131072,6,76.1551,7532165159138614248
fusion8_c,131072,6,134.2072,7532165159138614248
btree8_bl_a64,131072,6,66.4139,7532165159138614248
sorted_array,131072,6,84.0271,7532165159138614248
btree8_bl,131072,6,66.0370,7532165159138614248
btree8,131072,6,85.9390,7532165159138614248
btree8_a64,131072,6,91.0126,7532165159138614248
fusion16_w,131072,6,127.8442,7532165159138614248
fusion8_bf,131072,6,152.5131,7532165159138614248
fusion8,131072,6,156.9992,7532165159138614248
btree8_a64,131072,7,88.6642,7532165159138614248
fusion8_bf,131072,7,148.2620,7532165159138614248
fusion8,131072,7,152.4673,7532165159138614248
btree8_bl,131072,7,64.5248,7532165159138614248
btree8_bl_a64,131072,7,66.5558,7532165159138614248
btree16_bl_a64,131072,7,72.6105,7532165159138614248
fusion8_c,131072,7,131.7734,7532165159138614248
btree8,131072,7,84.5642,7532165159138614248
fusion16_w,131072,7,127.5665,7532165159138614248
sorted_array,131072,7,84.0057,7532165159138614248
fusion8_c,131072,8,141.1789,7532165159138614248
btree16_bl_a64,131072,8,74.9832,7532165159138614248
btree8_bl_a64,131072,8,72.4625,7532165159138614248
fusion8_bf,131072,8,141.6061,7532165159138614248
fusion16_w,131072,8,128.9429,7532165159138614248
btree8_bl,131072,8,70.1111,7532165159138614248
btree8_a64,131072,8,95.9839,7532165159138614248
btree8,131072,8,90.4984,7532165159138614248
fusion8,131072,8,161.3449,7532165159138614248
sorted_array,131072,8,84.4391,7532165159138614248
fusion8,131072,9,128.2913,7532165159138614248
fusion16_w,131072,9,128.5034,7532165159138614248
sorted_array,131072,9,84.1446,7532165159138614248
btree8_bl_a64,131072,9,70.2057,7532165159138614248
btree16_bl_a64,131072,9,70.0089,7532165159138614248
fusion8_bf,131072,9,153.9108,7532165159138614248
btree8_a64,131072,9,93.5837,7532165159138614248
btree8_bl,131072,9,69.0918,7532165159138614248
btree8,131072,9,87.3428,7532165159138614248
fusion8_c,131072,9,132.6508,7532165159138614248
fusion8,131072,10,158.0887,7532165159138614248
sorted_array,131072,10,83.6639,7532165159138614248
fusion8_bf,131072,10,151.3046,7532165159138614248
btree8,131072,10,83.5007,7532165159138614248
fusion8_c,131072,10,131.5063,7532165159138614248
btree16_bl_a64,131072,10,70.3094,7532165159138614248
fusion16_w,131072,10,130.4398,7532165159138614248
btree8_bl_a64,131072,10,66.4536,7532165159138614248
btree8_bl,131072,10,66.3666,7532165159138614248
btree8_a64,131072,10,91.8472,7532165159138614248
btree8_a64,131072,11,72.8851,7532165159138614248
btree8_bl_a64,131072,11,63.0768,7532165159138614248
fusion8,131072,11,142.3737,7532165159138614248
btree8_bl,131072,11,63.4125,7532165159138614248
fusion8_c,131072,11,127.1378,7532165159138614248
fusion16_w,131072,11,132.3898,7532165159138614248
sorted_array,131072,11,83.3206,7532165159138614248
btree16_bl_a64,131072,11,75.5356,7532165159138614248
fusion8_bf,131072,11,141.3376,7532165159138614248
btree8,131072,11,84.8663,7532165159138614248
fusion8_bf,131072,12,135.9573,7532165159138614248
fusion8,131072,12,156.5704,7532165159138614248
btree16_bl_a64,131072,12,70.7489,7532165159138614248
btree8_bl_a64,131072,12,66.2781,7532165159138614248
sorted_array,131072,12,83.8074,7532165159138614248
fusion16_w,131072,12,127.8381,7532165159138614248
fusion8_c,131072,12,140.8524,7532165159138614248
btree8_a64,131072,12,92.8101,7532165159138614248
btree8,131072,12,83.8013,7532165159138614248
btree8_bl,131072,12,66.6519,7532165159138614248
sorted_array,131072,13,83.8715,7532165159138614248
btree8,131072,13,73.9685,7532165159138614248
fusion8,131072,13,139.9765,7532165159138614248
btree8_a64,131072,13,89.9017,7532165159138614248
fusion8_c,131072,13,126.9974,7532165159138614248
fusion8_bf,131072,13,162.3962,7532165159138614248
btree8_bl,131072,13,66.7099,7532165159138614248
btree16_bl_a64,131072,13,71.5591,7532165159138614248
btree8_bl_a64,131072,13,67.3065,7532165159138614248
fusion16_w,131072,13,128.2532,7532165159138614248
fusion8_c,131072,14,133.4457,7532165159138614248
btree8_a64,131072,14,96.4737,7532165159138614248
btree8,131072,14,85.1471,7532165159138614248
fusion16_w,131072,14,127.0416,7532165159138614248
btree8_bl_a64,131072,14,69.5633,7532165159138614248
fusion8,131072,14,145.2805,7532165159138614248
fusion8_bf,131072,14,158.4961,7532165159138614248
btree16_bl_a64,131072,14,72.3373,7532165159138614248
btree8_bl,131072,14,69.2780,7532165159138614248
sorted_array,131072,14,83.7433,7532165159138614248
btree16_bl_a64,262144,0,77.6154,14595982901779754467
btree8_bl,262144,0,54.7516,14595982901779754467
btree8_bl_a64,262144,0,58.6411,14595982901779754467
btree8,262144,0,86.3480,14595982901779754467
fusion8_c,262144,0,145.5368,14595982901779754467
fusion8_bf,262144,0,165.3000,14595982901779754467
fusion8,262144,0,151.8280,14595982901779754467
sorted_array,262144,0,94.7113,14595982901779754467
btree8_a64,262144,0,91.2308,14595982901779754467
fusion16_w,262144,0,152.3193,14595982901779754467
sorted_array,262144,1,94.6014,14595982901779754467
fusion16_w,262144,1,147.9767,14595982901779754467
fusion8_c,262144,1,148.1506,14595982901779754467
btree8,262144,1,91.7648,14595982901779754467
btree8_a64,262144,1,93.7622,14595982901779754467
btree8_bl,262144,1,57.3318,14595982901779754467
fusion8_bf,262144,1,159.0836,14595982901779754467
btree8_bl_a64,262144,1,57.5607,14595982901779754467
btree16_bl_a64,262144,1,79.0771,14595982901779754467
fusion8,262144,1,156.7490,14595982901779754467
fusion8_c,262144,2,142.7933,14595982901779754467
fusion16_w,262144,2,177.2797,14595982901779754467
btree8,262144,2,92.5934,14595982901779754467
btree8_bl,262144,2,60.2692,14595982901779754467
sorted_array,262144,2,94.1544,14595982901779754467
btree8_a64,262144,2,97.1069,14595982901779754467
fusion8,262144,2,154.1031,14595982901779754467
btree8_bl_a64,262144,2,58.5007,14595982901779754467
btree16_bl_a64,262144,2,90.6677,14595982901779754467
fusion8_bf,262144,2,167.7414,14595982901779754467
btree8_bl_a64,262144,3,57.5027,14595982901779754467
btree8_a64,262144,3,96.3333,14595982901779754467
fusion8_bf,262144,3,145.1675,14595982901779754467
sorted_array,262144,3,95.4498,14595982901779754467
fusion8_c,262144,3,140.1566,14595982901779754467
fusion8,262144,3,151.5060,14595982901779754467
btree8,262144,3,85.4111,14595982901779754467
btree16_bl_a64,262144,3,77.4506,14595982901779754467
btree8_bl,262144,3,56.9061,14595982901779754467
fusion16_w,262144,3,151.1429,14595982901779754467
btree8,262144,4,91.3666,14595982901779754467
btree8_a64,262144,4,93.4921,14595982901779754467
btree8_bl_a64,262144,4,64.0900,14595982901779754467
btree16_bl_a64,262144,4,76.9211,14595982901779754467
fusion8_bf,262144,4,151.5152,14595982901779754467
sorted_array,262144,4,94.3817,14595982901779754467
btree8_bl,262144,4,56.9382,14595982901779754467
fusion8,262144,4,157.5302,14595982901779754467
fusion16_w,262144,4,161.8454,14595982901779754467
fusion8_c,262144,4,148.1613,14595982901779754467
fusion16_w,262144,5,148.1308,14595982901779754467
fusion8_bf,262144,5,158.9722,14595982901779754467
btree8_a64,262144,5,96.6446,14595982901779754467
fusion8_c,262144,5,153.1647,14595982901779754467
btree16_bl_a64,262144,5,77.5482,14595982901779754467
fusion8,262144,5,155.3268,14595982901779754467
btree8_bl_a64,262144,5,60.7025,14595982901779754467
btree8_bl,262144,5,59.4910,14595982901779754467
sorted_array,262144,5,94.2841,14595982901779754467
btree8,262144,5,88.9603,14595982901779754467
fusion8_c,262144,6,145.5017,14595982901779754467
btree8_bl_a64,262144,6,56.9046,14595982901779754467
btree16_bl_a64,262144,6,75.3937,14595982901779754467
btree8_bl,262144,6,56.2256,14595982901779754467
btree8,262144,6,88.1683,14595982901779754467
fusion8,262144,6,160.4828,14595982901779754467
fusion8_bf,262144,6,162.0880,14595982901779754467
fusion16_w,262144,6,170.8908,14595982901779754467
sorted_array,262144,6,94.9188,14595982901779754467
btree8_a64,262144,6,91.1331,14595982901779754467
btree8_bl_a64,262144,7,56.5811,14595982901779754467
fusion8,262144,7,155.4733,14595982901779754467
fusion8_c,262144,7,142.3157,14595982901779754467
fusion16_w,262144,7,170.8908,14595982901779754467
btree8,262144,7,90.5441,14595982901779754467
sorted_array,262144,7,94.6869,14595982901779754467
btree16_bl_a64,262144,7,76.1887,14595982901779754467
fusion8_bf,262144,7,154.3365,14595982901779754467
btree8_bl,262144,7,57.7316,14595982901779754467
btree8_a64,262144,7,100.3128,14595982901779754467
sorted_array,262144,8,94.5847,14595982901779754467
btree8_a64,262144,8,78.8422,14595982901779754467
btree16_bl_a64,262144,8,75.4044,14595982901779754467
btree8,262144,8,91.5710,14595982901779754467
fusion8,262144,8,160.6781,14595982901779754467
btree8_bl_a64,262144,8,58.9340,14595982901779754467
fusion8_c,262144,8,138.7741,14595982901779754467
fusion16_w,262144,8,152.9404,14595982901779754467
fusion8_bf,262144,8,165.7928,14595982901779754467
btree8_bl,262144,8,59.6466,14595982901779754467
btree8,262144,9,88.7817,14595982901779754467
btree8_bl,262144,9,46.7209,14595982901779754467
btree8_bl_a64,262144,9,58.7494,14595982901779754467
fusion16_w,262144,9,152.5681,14595982901779754467
fusion8_c,262144,9,143.7744,14595982901779754467
btree8_a64,262144,9,97.2519,14595982901779754467
fusion8_bf,262144,9,151.6068,14595982901779754467
sorted_array,262144,9,94.7784,14595982901779754467
fusion8,262144,9,156.0303,14595982901779754467
btree16_bl_a64,262144,9,77.3499,14595982901779754467
fusion8,262144,10,137.9349,14595982901779754467
sorted_array,262144,10,94.6777,14595982901779754467
btree8_a64,262144,10,98.4726,14595982901779754467
btree8_bl,262144,10,60.1135,14595982901779754467
btree8,262144,10,95.6772,14595982901779754467
btree8_bl_a64,262144,10,59.0546,14595982901779754467
btree16_bl_a64,262144,10,77.9755,14595982901779754467
fusion16_w,262144,10,150.8850,14595982901779754467
fusion8_c,262144,10,139.3936,14595982901779754467
fusion8_bf,262144,10,168.5623,14595982901779754467
btree8_bl,262144,11,61.3327,14595982901779754467
btree16_bl_a64,262144,11,75.6897,14595982901779754467
fusion8_bf,262144,11,147.2183,14595982901779754467
sorted_array,262144,11,94.5572,14595982901779754467
fusion16_w,262144,11,163.8626,14595982901779754467
btree8_a64,262144,11,93.3670,14595982901779754467
btree8_bl_a64,262144,11,59.3796,14595982901779754467
fusion8_c,262144,11,142.1188,14595982901779754467
btree8,262144,11,92.2104,14595982901779754467
fusion8,262144,11,160.3638,14595982901779754467
btree8_bl_a64,262144,12,58.2260,14595982901779754467
fusion8_bf,262144,12,150.9018,14595982901779754467
fusion8,262144,12,149.2905,14595982901779754467
btree16_bl_a64,262144,12,76.9287,14595982901779754467
btree8,262144,12,87.1841,14595982901779754467
fusion8_c,262144,12,142.9657,14595982901779754467
btree8_bl,262144,12,58.3954,14595982901779754467
sorted_array,262144,12,94.6869,14595982901779754467
btree8_a64,262144,12,98.5107,14595982901779754467
fusion16_w,262144,12,150.0092,14595982901779754467
fusion8,262144,13,163.1546,14595982901779754467
btree8_a64,262144,13,93.7454,14595982901779754467
btree16_bl_a64,262144,13,75.5295,14595982901779754467
fusion8_c,262144,13,136.5143,14595982901779754467
btree8_bl_a64,262144,13,66.8091,14595982901779754467
sorted_array,262144,13,94.7357,14595982901779754467
fusion16_w,262144,13,174.5911,14595982901779754467
btree8,262144,13,90.3122,14595982901779754467
btree8_bl,262144,13,60.2036,14595982901779754467
fusion8_bf,262144,13,151.1368,14595982901779754467
btree8_a64,262144,14,96.1243,14595982901779754467
sorted_array,262144,14,94.4153,14595982901779754467
fusion8_c,262144,14,131.2790,14595982901779754467
btree8_bl_a64,262144,14,63.7344,14595982901779754467
btree16_bl_a64,262144,14,75.1221,14595982901779754467
fusion16_w,262144,14,150.6821,14595982901779754467
fusion8_bf,262144,14,160.2997,14595982901779754467
btree8_bl,262144,14,62.9044,14595982901779754467
fusion8,262144,14,157.8598,14595982901779754467
btree8,262144,14,87.7594,14595982901779754467
sorted_array,524288,0,121.8796,2430445356442705539
fusion8_c,524288,0,142.5751,2430445356442705539
btree8_bl,524288,0,55.1651,2430445356442705539
btree8_a64,524288,0,97.1878,2430445356442705539
fusion8_bf,524288,0,154.1046,2430445356442705539
fusion8,524288,0,159.7748,2430445356442705539
btree8,524288,0,90.9988,2430445356442705539
btree8_bl_a64,524288,0,57.0419,2430445356442705539
btree16_bl_a64,524288,0,69.1269,2430445356442705539
fusion16_w,524288,0,157.4142,2430445356442705539
btree8,524288,1,94.7845,2430445356442705539
fusion8_bf,524288,1,150.6805,2430445356442705539
btree8_bl_a64,524288,1,53.3081,2430445356442705539
sorted_array,524288,1,121.1823,2430445356442705539
btree8_bl,524288,1,52.4948,2430445356442705539
btree8_a64,524288,1,94.7357,2430445356442705539
fusion16_w,524288,1,157.8720,2430445356442705539
fusion8_c,524288,1,145.9763,2430445356442705539
fusion8,524288,1,163.6917,2430445356442705539
btree16_bl_a64,524288,1,72.5998,2430445356442705539
btree8_bl,524288,2,51.7654,2430445356442705539
btree8,524288,2,97.5357,2430445356442705539
fusion8,524288,2,158.3786,2430445356442705539
btree8_a64,524288,2,102.4323,2430445356442705539
btree16_bl_a64,524288,2,70.3186,2430445356442705539
fusion8_c,524288,2,149.6201,2430445356442705539
btree8_bl_a64,524288,2,58.1909,2430445356442705539
fusion8_bf,524288,2,152.5360,2430445356442705539
fusion16_w,524288,2,156.0822,2430445356442705539
sorted_array,524288,2,121.7514,2430445356442705539
sorted_array,524288,3,119.6472,2430445356442705539
btree8_a64,524288,3,109.7992,2430445356442705539
btree16_bl_a64,524288,3,71.6888,2430445356442705539
fusion8_c,524288,3,138.3987,2430445356442705539
btree8,524288,3,90.9195,2430445356442705539
fusion8,524288,3,163.2462,2430445356442705539
btree8_bl_a64,524288,3,56.2592,2430445356442705539
btree8_bl,524288,3,56.3171,2430445356442705539
fusion16_w,524288,3,155.1834,2430445356442705539
fusion8_bf,524288,3,155.7159,2430445356442705539
btree8_a64,524288,4,96.4890,2430445356442705539
btree8_bl_a64,524288,4,54.1275,2430445356442705539
btree16_bl_a64,524288,4,70.2118,2430445356442705539
sorted_array,524288,4,121.7499,2430445356442705539
btree8_bl,524288,4,55.2429,2430445356442705539
fusion8,524288,4,154.9957,2430445356442705539
fusion8_bf,524288,4,155.5023,2430445356442705539
btree8,524288,4,91.3849,2430445356442705539
fusion16_w,524288,4,157.1075,2430445356442705539
fusion8_c,524288,4,141.8716,2430445356442705539
btree8_bl,524288,5,53.0411,2430445356442705539
btree8_bl_a64,524288,5,60.1288,2430445356442705539
btree16_bl_a64,524288,5,69.3588,2430445356442705539
fusion8_c,524288,5,136.6867,2430445356442705539
fusion16_w,524288,5,156.4209,2430445356442705539
btree8,524288,5,95.1294,2430445356442705539
fusion8,524288,5,149.2477,2430445356442705539
sorted_array,524288,5,121.5942,2430445356442705539
fusion8_bf,524288,5,148.7122,2430445356442705539
btree8_a64,524288,5,103.0029,2430445356442705539
btree16_bl_a64,524288,6,69.5038,2430445356442705539
sorted_array,524288,6,120.9747,2430445356442705539
btree8_bl_a64,524288,6,53.5751,2430445356442705539
fusion8,524288,6,159.3353,2430445356442705539
fusion8_bf,524288,6,150.1465,2430445356442705539
btree8,524288,6,92.2958,2430445356442705539
fusion16_w,524288,6,155.8472,2430445356442705539
btree8_a64,524288,6,103.4103,2430445356442705539
btree8_bl,524288,6,52.6093,2430445356442705539
fusion8_c,524288,6,149.4614,2430445356442705539
fusion8,524288,7,162.8357,2430445356442705539
sorted_array,524288,7,122.1848,2430445356442705539
fusion16_w,524288,7,162.7060,2430445356442705539
fusion8_bf,524288,7,176.2939,2430445356442705539
btree16_bl_a64,524288,7,77.8610,2430445356442705539
btree8_bl,524288,7,56.2531,2430445356442705539
btree8_bl_a64,524288,7,55.9006,2430445356442705539
btree8_a64,524288,7,96.6599,2430445356442705539
btree8,524288,7,97.9477,2430445356442705539
fusion8_c,524288,7,142.4530,2430445356442705539
fusion8_bf,524288,8,155.7373,2430445356442705539
fusion8_c,524288,8,129.3137,2430445356442705539
fusion16_w,524288,8,155.4962,2430445356442705539
btree16_bl_a64,524288,8,71.1807,2430445356442705539
sorted_array,524288,8,121.1945,2430445356442705539
btree8,524288,8,90.2557,2430445356442705539
btree8_bl_a64,524288,8,56.0303,2430445356442705539
btree8_bl,524288,8,51.1337,2430445356442705539
fusion8,524288,8,144.9005,2430445356442705539
btree8_a64,524288,8,104.6570,2430445356442705539
sorted_array,524288,9,123.1476,2430445356442705539
fusion8_bf,524288,9,163.4171,2430445356442705539
fusion8,524288,9,155.1605,2430445356442705539
fusion8_c,524288,9,147.0886,2430445356442705539
btree8_bl_a64,524288,9,56.4041,2430445356442705539
btree16_bl_a64,524288,9,70.4575,2430445356442705539
btree8,524288,9,91.5878,2430445356442705539
btree8_bl,524288,9,56.1264,2430445356442705539
fusion16_w,524288,9,156.6711,2430445356442705539
btree8_a64,524288,9,97.6074,2430445356442705539
btree8_a64,524288,10,76.8280,2430445356442705539
fusion16_w,524288,10,144.7464,2430445356442705539
fusion8_bf,524288,10,155.3635,2430445356442705539
fusion8,524288,10,155.1300,2430445356442705539
btree8,524288,10,92.3447,2430445356442705539
btree16_bl_a64,524288,10,70.0150,2430445356442705539
btree8_bl,524288,10,53.5980,2430445356442705539
btree8_bl_a64,524288,10,56.8787,2430445356442705539
sorted_array,524288,10,121.4050,2430445356442705539
fusion8_c,524288,10,149.6948,2430445356442705539
fusion8_bf,524288,11,149.8337,2430445356442705539
btree8,524288,11,90.0772,2430445356442705539
fusion8,524288,11,153.3600,2430445356442705539
btree8_a64,524288,11,97.5891,2430445356442705539
btree16_bl_a64,524288,11,71.5088,2430445356442705539
fusion8_c,524288,11,153.1113,2430445356442705539
btree8_bl,524288,11,51.8768,2430445356442705539
fusion16_w,524288,11,157.5958,2430445356442705539
btree8_bl_a64,524288,11,55.0659,2430445356442705539
sorted_array,524288,11,122.4747,2430445356442705539
fusion16_w,524288,12,176.0071,2430445356442705539
btree16_bl_a64,524288,12,70.5750,2430445356442705539
btree8_bl,524288,12,54.3945,2430445356442705539
sorted_array,524288,12,121.1243,2430445356442705539
fusion8_c,524288,12,146.2875,2430445356442705539
btree8,524288,12,90.2649,2430445356442705539
fusion8,524288,12,163.0081,2430445356442705539
fusion8_bf,524288,12,158.2123,2430445356442705539
btree8_bl_a64,524288,12,55.2933,2430445356442705539
btree8_a64,524288,12,95.4010,2430445356442705539
btree8_bl_a64,524288,13,42.5354,2430445356442705539
btree8,524288,13,97.9568,2430445356442705539
fusion16_w,524288,13,158.8623,2430445356442705539
btree16_bl_a64,524288,13,71.7514,2430445356442705539
btree8_bl,524288,13,53.5675,2430445356442705539
btree8_a64,524288,13,97.9614,2430445356442705539
fusion8_c,524288,13,138.1363,2430445356442705539
fusion8_bf,524288,13,155.5573,2430445356442705539
fusion8,524288,13,146.0129,2430445356442705539
sorted_array,524288,13,122.1725,2430445356442705539
fusion8_bf,524288,14,149.2432,2430445356442705539
btree16_bl_a64,524288,14,70.4620,2430445356442705539
fusion16_w,524288,14,155.2505,2430445356442705539
fusion8_c,524288,14,145.2911,2430445356442705539
sorted_array,524288,14,121.4676,2430445356442705539
fusion8,524288,14,163.1531,2430445356442705539
btree8_bl,524288,14,56.3232,2430445356442705539
btree8_a64,524288,14,96.6049,2430445356442705539
btree8,524288,14,91.8396,2430445356442705539
btree8_bl_a64,524288,14,56.3919,2430445356442705539
btree8_bl,1048576,0,130.6152,9246909816537294732
fusion16_w,1048576,0,149.3866,9246909816537294732
fusion8_bf,1048576,0,335.1013,9246909816537294732
btree16_bl_a64,1048576,0,69.1803,9246909816537294732
fusion8_c,1048576,0,289.7964,9246909816537294732
btree8,1048576,0,231.7612,9246909816537294732
btree8_a64,1048576,0,235.5515,9246909816537294732
fusion8,1048576,0,325.7172,9246909816537294732
sorted_array,1048576,0,175.7660,9246909816537294732
btree8_bl_a64,1048576,0,131.0806,9246909816537294732
sorted_array,1048576,1,178.7201,9246909816537294732
btree8_bl,1048576,1,130.1620,9246909816537294732
fusion8,1048576,1,325.7965,9246909816537294732
btree8_a64,1048576,1,236.9751,9246909816537294732
btree8,1048576,1,236.5509,9246909816537294732
btree8_bl_a64,1048576,1,126.7609,9246909816537294732
fusion8_bf,1048576,1,316.4536,9246909816537294732
btree16_bl_a64,1048576,1,67.1310,9246909816537294732
fusion16_w,1048576,1,157.1930,9246909816537294732
fusion8_c,1048576,1,310.3149,9246909816537294732
fusion8,1048576,2,342.9733,9246909816537294732
btree16_bl_a64,1048576,2,68.2220,9246909816537294732
btree8,1048576,2,229.2633,9246909816537294732
fusion8_bf,1048576,2,333.3115,9246909816537294732
btree8_bl,1048576,2,129.9698,9246909816537294732
btree8_bl_a64,1048576,2,125.9415,9246909816537294732
fusion8_c,1048576,2,294.3649,9246909816537294732
btree8_a64,1048576,2,242.0715,9246909816537294732
sorted_array,1048576,2,186.3739,9246909816537294732
fusion16_w,1048576,2,157.3975,9246909816537294732
fusion8_bf,1048576,3,341.1087,9246909816537294732
fusion8,1048576,3,325.6638,9246909816537294732
fusion16_w,1048576,3,158.3511,9246909816537294732
btree8,1048576,3,227.8900,9246909816537294732
fusion8_c,1048576,3,292.0792,9246909816537294732
sorted_array,1048576,3,203.9459,9246909816537294732
btree8_bl_a64,1048576,3,127.0538,9246909816537294732
btree16_bl_a64,1048576,3,67.8726,9246909816537294732
btree8_bl,1048576,3,131.2744,9246909816537294732
btree8_a64,1048576,3,235.5377,9246909816537294732
btree8_bl_a64,1048576,4,126.1368,9246909816537294732
btree8,1048576,4,222.9294,9246909816537294732
fusion8_bf,1048576,4,327.7725,9246909816537294732
btree16_bl_a64,1048576,4,69.4733,9246909816537294732
btree8_a64,1048576,4,234.5535,9246909816537294732
btree8_bl,1048576,4,133.1604,9246909816537294732
sorted_array,1048576,4,189.7354,9246909816537294732
fusion8,1048576,4,329.2831,9246909816537294732
fusion8_c,1048576,4,318.2281,9246909816537294732
fusion16_w,1048576,4,168.4082,9246909816537294732
fusion8,1048576,5,330.7236,9246909816537294732
btree8,1048576,5,234.6390,9246909816537294732
btree8_bl_a64,1048576,5,126.0696,9246909816537294732
fusion8_c,1048576,5,296.0953,9246909816537294732
sorted_array,1048576,5,199.0250,9246909816537294732
btree8_a64,1048576,5,240.3381,9246909816537294732
fusion16_w,1048576,5,159.7900,9246909816537294732
btree16_bl_a64,1048576,5,75.5066,9246909816537294732
btree8_bl,1048576,5,131.2210,9246909816537294732
fusion8_bf,1048576,5,312.2757,9246909816537294732
btree8,1048576,6,231.5628,9246909816537294732
sorted_array,1048576,6,187.1399,9246909816537294732
fusion8,1048576,6,323.6511,9246909816537294732
fusion8_c,1048576,6,312.5900,9246909816537294732
fusion8_bf,1048576,6,325.1984,9246909816537294732
fusion16_w,1048576,6,156.2576,9246909816537294732
btree8_bl_a64,1048576,6,125.6165,9246909816537294732
btree16_bl_a64,1048576,6,67.9779,9246909816537294732
btree8_bl,1048576,6,131.2454,9246909816537294732
btree8_a64,1048576,6,235.9070,9246909816537294732
fusion8,1048576,7,332.5836,9246909816537294732
btree8_bl_a64,1048576,7,125.7065,9246909816537294732
btree8,1048576,7,227.7756,9246909816537294732
fusion8_c,1048576,7,298.3826,9246909816537294732
fusion16_w,1048576,7,158.5373,9246909816537294732
fusion8_bf,1048576,7,334.2743,9246909816537294732
btree8_a64,1048576,7,243.0206,9246909816537294732
btree16_bl_a64,1048576,7,69.1406,9246909816537294732
sorted_array,1048576,7,168.2434,9246909816537294732
btree8_bl,1048576,7,132.1121,9246909816537294732
btree8,1048576,8,229.1855,9246909816537294732
fusion8_bf,1048576,8,322.7539,9246909816537294732
fusion8,1048576,8,329.2801,9246909816537294732
fusion16_w,1048576,8,159.1949,9246909816537294732
btree8_a64,1048576,8,235.2142,9246909816537294732
btree8_bl_a64,1048576,8,127.1347,9246909816537294732
fusion8_c,1048576,8,297.6044,9246909816537294732
btree8_bl,1048576,8,133.8867,9246909816537294732
sorted_array,1048576,8,190.9500,9246909816537294732
btree16_bl_a64,1048576,8,67.6575,9246909816537294732
fusion16_w,1048576,9,154.3213,9246909816537294732
btree8_a64,1048576,9,236.8576,9246909816537294732
fusion8_c,1048576,9,303.7720,9246909816537294732
fusion8,1048576,9,332.8781,9246909816537294732
sorted_array,1048576,9,198.4955,9246909816537294732
fusion8_bf,1048576,9,311.4868,9246909816537294732
btree8,1048576,9,227.7435,9246909816537294732
btree16_bl_a64,1048576,9,68.4647,9246909816537294732
btree8_bl_a64,1048576,9,124.5255,9246909816537294732
btree8_bl,1048576,9,131.1172,9246909816537294732
fusion16_w,1048576,10,155.4092,9246909816537294732
btree8_bl_a64,1048576,10,126.4328,9246909816537294732
fusion8,1048576,10,326.7700,9246909816537294732
fusion8_bf,1048576,10,318.6218,9246909816537294732
btree16_bl_a64,1048576,10,69.5190,9246909816537294732
btree8_bl,1048576,10,131.4194,9246909816537294732
btree8,1048576,10,227.7359,9246909816537294732
fusion8_c,1048576,10,291.5649,9246909816537294732
btree8_a64,1048576,10,241.7114,9246909816537294732
sorted_array,1048576,10,200.0732,9246909816537294732
btree8_bl_a64,1048576,11,126.7044,9246909816537294732
fusion8,1048576,11,319.3375,9246909816537294732
sorted_array,1048576,11,191.6046,9246909816537294732
btree8,1048576,11,227.5696,9246909816537294732
fusion8_c,1048576,11,302.0630,9246909816537294732
btree16_bl_a64,1048576,11,67.2272,9246909816537294732
btree8_bl,1048576,11,129.7516,9246909816537294732
btree8_a64,1048576,11,240.2084,9246909816537294732
fusion16_w,1048576,11,157.8491,9246909816537294732
fusion8_bf,1048576,11,343.5883,9246909816537294732
sorted_array,1048576,12,204.4846,9246909816537294732
fusion8_c,1048576,12,289.8026,9246909816537294732
btree8,1048576,12,234.1141,9246909816537294732
btree8_bl,1048576,12,129.9088,9246909816537294732
fusion8,1048576,12,323.8922,9246909816537294732
fusion16_w,1048576,12,162.6801,9246909816537294732
btree8_a64,1048576,12,239.4562,9246909816537294732
btree8_bl_a64,1048576,12,126.9638,9246909816537294732
btree16_bl_a64,1048576,12,70.6100,9246909816537294732
fusion8_bf,1048576,12,314.1846,9246909816537294732
fusion8,1048576,13,329.6326,9246909816537294732
sorted_array,1048576,13,190.3671,9246909816537294732
btree8_bl_a64,1048576,13,125.5188,9246909816537294732
btree16_bl_a64,1048576,13,67.8635,9246909816537294732
fusion8_bf,1048576,13,316.5955,9246909816537294732
btree8_a64,1048576,13,238.7131,9246909816537294732
fusion16_w,1048576,13,157.3807,9246909816537294732
fusion8_c,1048576,13,290.5182,9246909816537294732
btree8,1048576,13,233.8699,9246909816537294732
btree8_bl,1048576,13,133.8364,9246909816537294732
btree16_bl_a64,1048576,14,66.5741,9246909816537294732
btree8_bl,1048576,14,124.0723,9246909816537294732
sorted_array,1048576,14,187.3047,9246909816537294732
btree8,1048576,14,225.1373,9246909816537294732
fusion16_w,1048576,14,157.9391,9246909816537294732
fusion8_c,1048576,14,310.5545,9246909816537294732
btree8_a64,1048576,14,240.4266,9246909816537294732
fusion8_bf,1048576,14,340.8493,9246909816537294732
btree8_bl_a64,1048576,14,127.2415,9246909816537294732
fusion8,1048576,14,319.4626,9246909816537294732
btree8_a64,2097152,0,249.0799,14519592687764155675
btree8_bl_a64,2097152,0,118.3914,14519592687764155675
fusion8_c,2097152,0,307.5424,14519592687764155675
fusion16_w,2097152,0,302.4033,14519592687764155675
btree16_bl_a64,2097152,0,141.3315,14519592687764155675
fusion8,2097152,0,343.9972,14519592687764155675
fusion8_bf,2097152,0,348.0942,14519592687764155675
btree8,2097152,0,242.8207,14519592687764155675
btree8_bl,2097152,0,123.5840,14519592687764155675
sorted_array,2097152,0,218.8797,14519592687764155675
fusion8_c,2097152,1,319.8685,14519592687764155675
fusion16_w,2097152,1,312.1979,14519592687764155675
fusion8_bf,2097152,1,351.5121,14519592687764155675
btree8_a64,2097152,1,243.1793,14519592687764155675
sorted_array,2097152,1,256.1432,14519592687764155675
btree8_bl,2097152,1,125.5051,14519592687764155675
btree8,2097152,1,241.9662,14519592687764155675
btree8_bl_a64,2097152,1,118.1366,14519592687764155675
fusion8,2097152,1,334.7137,14519592687764155675
btree16_bl_a64,2097152,1,139.3112,14519592687764155675
sorted_array,2097152,2,262.8998,14519592687764155675
btree8_a64,2097152,2,248.4039,14519592687764155675
btree8_bl,2097152,2,123.4314,14519592687764155675
fusion8_c,2097152,2,303.3737,14519592687764155675
btree8,2097152,2,243.5455,14519592687764155675
fusion8,2097152,2,354.7714,14519592687764155675
btree16_bl_a64,2097152,2,148.6725,14519592687764155675
fusion16_w,2097152,2,288.6856,14519592687764155675
fusion8_bf,2097152,2,345.5673,14519592687764155675
btree8_bl_a64,2097152,2,120.3354,14519592687764155675
btree16_bl_a64,2097152,3,137.6099,14519592687764155675
btree8_bl,2097152,3,122.8699,14519592687764155675
fusion8_c,2097152,3,307.2266,14519592687764155675
btree8_a64,2097152,3,254.0466,14519592687764155675
fusion16_w,2097152,3,294.5709,14519592687764155675
btree8,2097152,3,240.2283,14519592687764155675
sorted_array,2097152,3,267.9214,14519592687764155675
fusion8,2097152,3,346.3104,14519592687764155675
fusion8_bf,2097152,3,330.5939,14519592687764155675
btree8_bl_a64,2097152,3,119.0216,14519592687764155675
btree8_bl_a64,2097152,4,82.2495,14519592687764155675
btree8_a64,2097152,4,244.8456,14519592687764155675
btree8,2097152,4,237.7838,14519592687764155675
btree16_bl_a64,2097152,4,141.4658,14519592687764155675
fusion16_w,2097152,4,283.6914,14519592687764155675
btree8_bl,2097152,4,130.7068,14519592687764155675
fusion8,2097152,4,344.5435,14519592687764155675
sorted_array,2097152,4,246.0297,14519592687764155675
fusion8_c,2097152,4,320.3537,14519592687764155675
fusion8_bf,2097152,4,328.0380,14519592687764155675
fusion16_w,2097152,5,299.2767,14519592687764155675
btree8,2097152,5,239.8972,14519592687764155675
fusion8,2097152,5,339.7079,14519592687764155675
sorted_array,2097152,5,237.0193,14519592687764155675
fusion8_c,2097152,5,302.3972,14519592687764155675
fusion8_bf,2097152,5,350.5096,14519592687764155675
btree8_bl_a64,2097152,5,118.5562,14519592687764155675
btree16_bl_a64,2097152,5,139.2212,14519592687764155675
btree8_a64,2097152,5,245.2789,14519592687764155675
btree8_bl,2097152,5,126.7441,14519592687764155675
btree8,2097152,6,239.6042,14519592687764155675
btree8_bl_a64,2097152,6,118.7286,14519592687764155675
fusion8_bf,2097152,6,329.6524,14519592687764155675
fusion8_c,2097152,6,319.3909,14519592687764155675
fusion16_w,2097152,6,305.9326,14519592687764155675
sorted_array,2097152,6,281.9183,14519592687764155675
fusion8,2097152,6,341.3818,14519592687764155675
btree8_bl,2097152,6,132.1533,14519592687764155675
btree16_bl_a64,2097152,6,138.2034,14519592687764155675
btree8_a64,2097152,6,252.2034,14519592687764155675
btree8_bl_a64,2097152,7,118.2358,14519592687764155675
fusion16_w,2097152,7,276.5717,14519592687764155675
btree16_bl_a64,2097152,7,141.3788,14519592687764155675
btree8_a64,2097152,7,249.1730,14519592687764155675
fusion8_bf,2097152,7,332.6050,14519592687764155675
fusion8_c,2097152,7,320.7550,14519592687764155675
fusion8,2097152,7,347.5357,14519592687764155675
btree8,2097152,7,237.0926,14519592687764155675
btree8_bl,2097152,7,124.3576,14519592687764155675
sorted_array,2097152,7,244.7311,14519592687764155675
fusion16_w,2097152,8,280.8182,14519592687764155675
btree8_bl,2097152,8,128.3997,14519592687764155675
sorted_array,2097152,8,262.3413,14519592687764155675
fusion8_bf,2097152,8,326.7944,14519592687764155675
btree8,2097152,8,243.2007,14519592687764155675
fusion8_c,2097152,8,321.0876,14519592687764155675
btree16_bl_a64,2097152,8,141.8915,14519592687764155675
btree8_a64,2097152,8,244.7556,14519592687764155675
fusion8,2097152,8,342.3813,14519592687764155675
btree8_bl_a64,2097152,8,121.8063,14519592687764155675
btree8_bl,2097152,9,125.2777,14519592687764155675
fusion8,2097152,9,334.4406,14519592687764155675
fusion8_c,2097152,9,321.8094,14519592687764155675
fusion8_bf,2097152,9,354.4815,14519592687764155675
fusion16_w,2097152,9,306.8558,14519592687764155675
btree8_bl_a64,2097152,9,121.2326,14519592687764155675
btree16_bl_a64,2097152,9,138.2919,14519592687764155675
sorted_array,2097152,9,258.2428,14519592687764155675
btree8,2097152,9,242.0074,14519592687764155675
btree8_a64,2097152,9,250.8347,14519592687764155675
fusion8_c,2097152,10,312.5687,14519592687764155675
fusion16_w,2097152,10,302.7573,14519592687764155675
btree8_bl_a64,2097152,10,121.7865,14519592687764155675
fusion8,2097152,10,337.3062,14519592687764155675
btree8_bl,2097152,10,129.1992,14519592687764155675
fusion8_bf,2097152,10,336.5952,14519592687764155675
btree16_bl_a64,2097152,10,139.4958,14519592687764155675
btree8,2097152,10,238.2690,14519592687764155675
btree8_a64,2097152,10,246.0037,14519592687764155675
sorted_array,2097152,10,248.8724,14519592687764155675
fusion8_bf,2097152,11,351.9928,14519592687764155675
sorted_array,2097152,11,266.4139,14519592687764155675
fusion8_c,2097152,11,315.1047,14519592687764155675
btree8_bl_a64,2097152,11,119.3069,14519592687764155675
btree8_bl,2097152,11,124.4202,14519592687764155675
btree8_a64,2097152,11,245.8572,14519592687764155675
btree8,2097152,11,240.8615,14519592687764155675
btree16_bl_a64,2097152,11,138.5193,14519592687764155675
fusion16_w,2097152,11,288.2660,14519592687764155675
fusion8,2097152,11,337.5793,14519592687764155675
btree16_bl_a64,2097152,12,141.2369,14519592687764155675
fusion8,2097152,12,335.8795,14519592687764155675
sorted_array,2097152,12,256.0425,14519592687764155675
fusion16_w,2097152,12,319.8044,14519592687764155675
fusion8_c,2097152,12,318.1946,14519592687764155675
btree8,2097152,12,239.6271,14519592687764155675
btree8_bl,2097152,12,123.9410,14519592687764155675
fusion8_bf,2097152,12,327.6245,14519592687764155675
btree8_bl_a64,2097152,12,118.4219,14519592687764155675
btree8_a64,2097152,12,249.9084,14519592687764155675
fusion8,2097152,13,340.2710,14519592687764155675
fusion8_c,2097152,13,320.3156,14519592687764155675
fusion8_bf,2097152,13,346.3821,14519592687764155675
fusion16_w,2097152,13,299.4156,14519592687764155675
sorted_array,2097152,13,257.5958,14519592687764155675
btree8,2097152,13,248.3963,14519592687764155675
btree16_bl_a64,2097152,13,138.5117,14519592687764155675
btree8_a64,2097152,13,243.7012,14519592687764155675
btree8_bl,2097152,13,123.5794,14519592687764155675
btree8_bl_a64,2097152,13,119.7296,14519592687764155675
fusion8_c,2097152,14,309.0866,14519592687764155675
btree8,2097152,14,239.8743,14519592687764155675
fusion8_bf,2097152,14,342.9657,14519592687764155675
fusion8,2097152,14,337.7792,14519592687764155675
btree8_bl,2097152,14,127.6581,14519592687764155675
btree16_bl_a64,2097152,14,139.4424,14519592687764155675
btree8_a64,2097152,14,247.6730,14519592687764155675
fusion16_w,2097152,14,282.8690,14519592687764155675
btree8_bl_a64,2097152,14,122.1451,14519592687764155675
sorted_array,2097152,14,247.5098,14519592687764155675
fusion8_bf,4194304,0,351.2863,15606720263345192253
btree8_bl_a64,4194304,0,116.2933,15606720263345192253
btree8,4194304,0,243.7088,15606720263345192253
fusion16_w,4194304,0,314.7690,15606720263345192253
fusion8_c,4194304,0,312.4512,15606720263345192253
btree8_a64,4194304,0,250.2487,15606720263345192253
sorted_array,4194304,0,370.5429,15606720263345192253
btree8_bl,4194304,0,121.5408,15606720263345192253
btree16_bl_a64,4194304,0,153.1036,15606720263345192253
fusion8,4194304,0,339.6194,15606720263345192253
btree8_bl_a64,4194304,1,114.5554,15606720263345192253
btree8_a64,4194304,1,247.0795,15606720263345192253
fusion8,4194304,1,338.6383,15606720263345192253
sorted_array,4194304,1,360.3867,15606720263345192253
fusion16_w,4194304,1,304.6844,15606720263345192253
fusion8_bf,4194304,1,346.6141,15606720263345192253
btree16_bl_a64,4194304,1,152.0508,15606720263345192253
btree8_bl,4194304,1,117.2348,15606720263345192253
fusion8_c,4194304,1,306.7322,15606720263345192253
btree8,4194304,1,240.7349,15606720263345192253
fusion16_w,4194304,2,314.2548,15606720263345192253
fusion8,4194304,2,336.4120,15606720263345192253
fusion8_bf,4194304,2,346.5134,15606720263345192253
btree8_bl,4194304,2,121.9208,15606720263345192253
fusion8_c,4194304,2,315.1077,15606720263345192253
sorted_array,4194304,2,366.2125,15606720263345192253
btree8_a64,4194304,2,249.6216,15606720263345192253
btree16_bl_a64,4194304,2,151.1063,15606720263345192253
btree8_bl_a64,4194304,2,113.7207,15606720263345192253
btree8,4194304,2,242.9214,15606720263345192253
fusion8,4194304,3,336.5906,15606720263345192253
fusion8_bf,4194304,3,344.4427,15606720263345192253
btree16_bl_a64,4194304,3,159.9136,15606720263345192253
fusion16_w,4194304,3,304.1733,15606720263345192253
btree8_bl_a64,4194304,3,114.8727,15606720263345192253
sorted_array,4194304,3,361.2381,15606720263345192253
btree8_a64,4194304,3,243.2632,15606720263345192253
fusion8_c,4194304,3,309.2056,15606720263345192253
btree8,4194304,3,242.5217,15606720263345192253
btree8_bl,4194304,3,117.6392,15606720263345192253
fusion8_bf,4194304,4,344.4046,15606720263345192253
btree8,4194304,4,245.5658,15606720263345192253
btree8_bl,4194304,4,118.8736,15606720263345192253
sorted_array,4194304,4,386.2946,15606720263345192253
fusion8_c,4194304,4,310.1105,15606720263345192253
btree16_bl_a64,4194304,4,153.8040,15606720263345192253
fusion8,4194304,4,336.6486,15606720263345192253
btree8_bl_a64,4194304,4,119.5587,15606720263345192253
fusion16_w,4194304,4,303.8010,15606720263345192253
btree8_a64,4194304,4,251.9531,15606720263345192253
fusion16_w,4194304,5,313.9481,15606720263345192253
sorted_array,4194304,5,374.0158,15606720263345192253
btree16_bl_a64,4194304,5,153.6240,15606720263345192253
btree8,4194304,5,246.3287,15606720263345192253
btree8_bl,4194304,5,118.7424,15606720263345192253
fusion8_bf,4194304,5,336.9125,15606720263345192253
btree8_bl_a64,4194304,5,114.2853,15606720263345192253
fusion8,4194304,5,337.7945,15606720263345192253
btree8_a64,4194304,5,248.0743,15606720263345192253
fusion8_c,4194304,5,305.1987,15606720263345192253
btree8_a64,4194304,6,244.1147,15606720263345192253
sorted_array,4194304,6,364.3265,15606720263345192253
btree8_bl_a64,4194304,6,116.6519,15606720263345192253
btree8,4194304,6,238.9404,15606720263345192253
fusion8_c,4194304,6,308.3313,15606720263345192253
fusion8_bf,4194304,6,350.7721,15606720263345192253
btree8_bl,4194304,6,121.6888,15606720263345192253
fusion16_w,4194304,6,301.1185,15606720263345192253
btree16_bl_a64,4194304,6,154.6494,15606720263345192253
fusion8,4194304,6,349.4827,15606720263345192253
btree8,4194304,7,245.5444,15606720263345192253
sorted_array,4194304,7,361.6013,15606720263345192253
fusion16_w,4194304,7,304.5288,15606720263345192253
fusion8,4194304,7,339.6271,15606720263345192253
fusion8_c,4194304,7,317.8680,15606720263345192253
btree8_bl_a64,4194304,7,114.1052,15606720263345192253
btree16_bl_a64,4194304,7,152.9022,15606720263345192253
btree8_bl,4194304,7,117.4026,15606720263345192253
btree8_a64,4194304,7,246.4523,15606720263345192253
fusion8_bf,4194304,7,342.0486,15606720263345192253
fusion8,4194304,8,343.9209,15606720263345192253
fusion16_w,4194304,8,335.9558,15606720263345192253
btree8,4194304,8,243.4067,15606720263345192253
btree16_bl_a64,4194304,8,153.2288,15606720263345192253
btree8_bl,4194304,8,121.4432,15606720263345192253
sorted_array,4194304,8,318.1564,15606720263345192253
fusion8_c,4194304,8,316.4658,15606720263345192253
fusion8_bf,4194304,8,346.8063,15606720263345192253
btree8_bl_a64,4194304,8,115.9912,15606720263345192253
btree8_a64,4194304,8,248.7137,15606720263345192253
btree8_bl_a64,4194304,9,111.9217,15606720263345192253
btree8,4194304,9,239.4653,15606720263345192253
fusion8_bf,4194304,9,335.8871,15606720263345192253
btree8_a64,4194304,9,250.4425,15606720263345192253
fusion8,4194304,9,332.4478,15606720263345192253
btree8_bl,4194304,9,123.6160,15606720263345192253
btree16_bl_a64,4194304,9,152.7573,15606720263345192253
fusion8_c,4194304,9,306.7429,15606720263345192253
fusion16_w,4194304,9,329.9377,15606720263345192253
sorted_array,4194304,9,345.3842,15606720263345192253
fusion8,4194304,10,343.8019,15606720263345192253
fusion16_w,4194304,10,377.5131,15606720263345192253
sorted_array,4194304,10,370.2545,15606720263345192253
fusion8_c,4194304,10,301.6937,15606720263345192253
btree8,4194304,10,241.4688,15606720263345192253
fusion8_bf,4194304,10,344.1772,15606720263345192253
btree8_bl_a64,4194304,10,114.1235,15606720263345192253
btree8_bl,4194304,10,117.6834,15606720263345192253
btree8_a64,4194304,10,249.7650,15606720263345192253
btree16_bl_a64,4194304,10,152.6352,15606720263345192253
fusion8_c,4194304,11,309.8083,15606720263345192253
btree8_bl,4194304,11,117.9398,15606720263345192253
fusion8_bf,4194304,11,334.5703,15606720263345192253
fusion8,4194304,11,339.8544,15606720263345192253
btree8,4194304,11,246.8948,15606720263345192253
btree8_a64,4194304,11,246.0861,15606720263345192253
btree8_bl_a64,4194304,11,116.3681,15606720263345192253
btree16_bl_a64,4194304,11,151.3809,15606720263345192253
sorted_array,4194304,11,361.9629,15606720263345192253
fusion16_w,4194304,11,371.5729,15606720263345192253
fusion8_bf,4194304,12,339.3204,15606720263345192253
btree8_bl_a64,4194304,12,116.5039,15606720263345192253
fusion16_w,4194304,12,303.5339,15606720263345192253
sorted_array,4194304,12,361.8195,15606720263345192253
btree8_bl,4194304,12,118.0786,15606720263345192253
btree16_bl_a64,4194304,12,154.5639,15606720263345192253
fusion8_c,4194304,12,312.2467,15606720263345192253
fusion8,4194304,12,335.3943,15606720263345192253
btree8,4194304,12,243.9224,15606720263345192253
btree8_a64,4194304,12,248.9700,15606720263345192253
sorted_array,4194304,13,372.6501,15606720263345192253
fusion8_bf,4194304,13,339.7430,15606720263345192253
btree8_a64,4194304,13,248.4711,15606720263345192253
btree16_bl_a64,4194304,13,151.8555,15606720263345192253
btree8_bl,4194304,13,116.8854,15606720263345192253
fusion8_c,4194304,13,308.9905,15606720263345192253
fusion16_w,4194304,13,335.4034,15606720263345192253
btree8_bl_a64,4194304,13,117.2623,15606720263345192253
fusion8,4194304,13,338.6993,15606720263345192253
btree8,4194304,13,242.6788,15606720263345192253
fusion8_bf,4194304,14,330.9372,15606720263345192253
fusion16_w,4194304,14,328.6331,15606720263345192253
fusion8,4194304,14,342.4805,15606720263345192253
btree16_bl_a64,4194304,14,152.9907,15606720263345192253
fusion8_c,4194304,14,310.3653,15606720263345192253
btree8,4194304,14,247.8638,15606720263345192253
btree8_bl,4194304,14,119.8593,15606720263345192253
btree8_a64,4194304,14,246.2158,15606720263345192253
btree8_bl_a64,4194304,14,115.3763,15606720263345192253
sorted_array,4194304,14,374.4598,15606720263345192253
btree16_bl_a64,8388608,0,147.1695,10131753818064663245
fusion16_w,8388608,0,314.0274,10131753818064663245
fusion8_bf,8388608,0,523.1857,10131753818064663245
btree8_a64,8388608,0,392.8131,10131753818064663245
btree8_bl,8388608,0,196.7758,10131753818064663245
fusion8_c,8388608,0,475.8514,10131753818064663245
btree8,8388608,0,395.8557,10131753818064663245
fusion8,8388608,0,511.2167,10131753818064663245
sorted_array,8388608,0,537.6617,10131753818064663245
btree8_bl_a64,8388608,0,187.0575,10131753818064663245
btree8_bl,8388608,1,197.1725,10131753818064663245
fusion8,8388608,1,514.8438,10131753818064663245
fusion8_c,8388608,1,480.6381,10131753818064663245
fusion8_bf,8388608,1,524.3790,10131753818064663245
btree16_bl_a64,8388608,1,144.3573,10131753818064663245
fusion16_w,8388608,1,316.6779,10131753818064663245
btree8,8388608,1,392.9688,10131753818064663245
sorted_array,8388608,1,542.5690,10131753818064663245
btree8_a64,8388608,1,396.6660,10131753818064663245
btree8_bl_a64,8388608,1,189.1312,10131753818064663245
btree8_a64,8388608,2,379.2908,10131753818064663245
fusion8_c,8388608,2,468.8416,10131753818064663245
btree16_bl_a64,8388608,2,152.4918,10131753818064663245
sorted_array,8388608,2,534.2819,10131753818064663245
fusion8_bf,8388608,2,528.3508,10131753818064663245
btree8_bl_a64,8388608,2,190.3671,10131753818064663245
fusion8,8388608,2,507.8842,10131753818064663245
btree8_bl,8388608,2,197.7356,10131753818064663245
btree8,8388608,2,390.5304,10131753818064663245
fusion16_w,8388608,2,323.0911,10131753818064663245
btree8_bl_a64,8388608,3,189.7339,10131753818064663245
fusion16_w,8388608,3,309.1217,10131753818064663245
btree16_bl_a64,8388608,3,144.6701,10131753818064663245
fusion8,8388608,3,506.9717,10131753818064663245
fusion8_c,8388608,3,488.3438,10131753818064663245
sorted_array,8388608,3,539.1937,10131753818064663245
btree8_bl,8388608,3,199.6445,10131753818064663245
btree8,8388608,3,390.0101,10131753818064663245
btree8_a64,8388608,3,391.8137,10131753818064663245
fusion8_bf,8388608,3,513.4415,10131753818064663245
btree8_bl,8388608,4,197.5937,10131753818064663245
btree8,8388608,4,389.0106,10131753818064663245
btree16_bl_a64,8388608,4,144.6426,10131753818064663245
fusion16_w,8388608,4,318.3487,10131753818064663245
sorted_array,8388608,4,524.7559,10131753818064663245
fusion8_bf,8388608,4,525.9888,10131753818064663245
btree8_bl_a64,8388608,4,188.5376,10131753818064663245
btree8_a64,8388608,4,395.6909,10131753818064663245
fusion8_c,8388608,4,477.8244,10131753818064663245
fusion8,8388608,4,522.8363,10131753818064663245
fusion8_c,8388608,5,497.3755,10131753818064663245
fusion16_w,8388608,5,315.3214,10131753818064663245
btree8,8388608,5,389.9002,10131753818064663245
sorted_array,8388608,5,533.0429,10131753818064663245
btree16_bl_a64,8388608,5,149.0479,10131753818064663245
btree8_bl_a64,8388608,5,189.5599,10131753818064663245
btree8_bl,8388608,5,196.5347,10131753818064663245
fusion8,8388608,5,513.1851,10131753818064663245
fusion8_bf,8388608,5,525.1617,10131753818064663245
btree8_a64,8388608,5,394.1925,10131753818064663245
fusion8,8388608,6,511.5936,10131753818064663245
btree8_bl,8388608,6,195.0119,10131753818064663245
btree8_a64,8388608,6,392.6270,10131753818064663245
fusion8_c,8388608,6,486.7599,10131753818064663245
fusion16_w,8388608,6,332.7759,10131753818064663245
sorted_array,8388608,6,530.0095,10131753818064663245
fusion8_bf,8388608,6,537.8983,10131753818064663245
btree16_bl_a64,8388608,6,145.6711,10131753818064663245
btree8_bl_a64,8388608,6,189.2334,10131753818064663245
btree8,8388608,6,389.7476,10131753818064663245
btree16_bl_a64,8388608,7,144.2993,10131753818064663245
btree8,8388608,7,391.1957,10131753818064663245
fusion8_bf,8388608,7,507.0877,10131753818064663245
fusion8,8388608,7,515.4541,10131753818064663245
btree8_bl,8388608,7,201.9836,10131753818064663245
btree8_bl_a64,8388608,7,188.9236,10131753818064663245
sorted_array,8388608,7,550.2884,10131753818064663245
fusion16_w,8388608,7,375.2029,10131753818064663245
fusion8_c,8388608,7,482.9819,10131753818064663245
btree8_a64,8388608,7,394.2932,10131753818064663245
fusion8_c,8388608,8,475.2029,10131753818064663245
fusion8_bf,8388608,8,512.4344,10131753818064663245
btree16_bl_a64,8388608,8,144.3771,10131753818064663245
btree8_a64,8388608,8,387.6923,10131753818064663245
sorted_array,8388608,8,540.1505,10131753818064663245
btree8_bl_a64,8388608,8,186.5219,10131753818064663245
btree8,8388608,8,387.5687,10131753818064663245
fusion8,8388608,8,510.8536,10131753818064663245
fusion16_w,8388608,8,316.8091,10131753818064663245
btree8_bl,8388608,8,197.6639,10131753818064663245
fusion8_c,8388608,9,478.2791,10131753818064663245
btree16_bl_a64,8388608,9,152.0355,10131753818064663245
fusion8,8388608,9,517.9169,10131753818064663245
fusion16_w,8388608,9,349.4064,10131753818064663245
btree8_bl,8388608,9,200.1541,10131753818064663245
btree8_a64,8388608,9,390.9027,10131753818064663245
fusion8_bf,8388608,9,516.4612,10131753818064663245
btree8_bl_a64,8388608,9,189.4135,10131753818064663245
btree8,8388608,9,394.7632,10131753818064663245
sorted_array,8388608,9,542.4072,10131753818064663245
fusion8,8388608,10,515.4236,10131753818064663245
sorted_array,8388608,10,531.1569,10131753818064663245
fusion8_c,8388608,10,493.6951,10131753818064663245
fusion8_bf,8388608,10,544.6487,10131753818064663245
btree8_bl_a64,8388608,10,187.7335,10131753818064663245
btree16_bl_a64,8388608,10,145.4330,10131753818064663245
btree8_bl,8388608,10,200.2380,10131753818064663245
fusion16_w,8388608,10,322.8470,10131753818064663245
btree8,8388608,10,393.1564,10131753818064663245
btree8_a64,8388608,10,396.1655,10131753818064663245
btree8,8388608,11,385.2783,10131753818064663245
sorted_array,8388608,11,544.1788,10131753818064663245
btree8_bl,8388608,11,195.8679,10131753818064663245
btree16_bl_a64,8388608,11,147.3175,10131753818064663245
btree8_a64,8388608,11,398.2437,10131753818064663245
fusion8_c,8388608,11,483.2748,10131753818064663245
fusion8_bf,8388608,11,520.7825,10131753818064663245
fusion16_w,8388608,11,348.8144,10131753818064663245
btree8_bl_a64,8388608,11,189.7659,10131753818064663245
fusion8,8388608,11,506.6711,10131753818064663245
sorted_array,8388608,12,531.2790,10131753818064663245
btree8_a64,8388608,12,393.9560,10131753818064663245
btree8,8388608,12,403.1418,10131753818064663245
fusion8_c,8388608,12,481.4499,10131753818064663245
btree8_bl,8388608,12,198.1689,10131753818064663245
fusion8_bf,8388608,12,526.3092,10131753818064663245
fusion16_w,8388608,12,339.9658,10131753818064663245
btree8_bl_a64,8388608,12,188.4842,10131753818064663245
fusion8,8388608,12,504.6448,10131753818064663245
btree16_bl_a64,8388608,12,159.5200,10131753818064663245
btree8,8388608,13,388.7985,10131753818064663245
btree16_bl_a64,8388608,13,144.9493,10131753818064663245
fusion8,8388608,13,510.0693,10131753818064663245
btree8_bl,8388608,13,195.1523,10131753818064663245
btree8_a64,8388608,13,398.8678,10131753818064663245
fusion16_w,8388608,13,320.5658,10131753818064663245
btree8_bl_a64,8388608,13,193.1396,10131753818064663245
fusion8_bf,8388608,13,513.3713,10131753818064663245
fusion8_c,8388608,13,491.4047,10131753818064663245
sorted_array,8388608,13,521.6553,10131753818064663245
fusion8_bf,8388608,14,507.1274,10131753818064663245
btree8_bl,8388608,14,196.7255,10131753818064663245
btree8_bl_a64,8388608,14,189.5096,10131753818064663245
btree8,8388608,14,389.4745,10131753818064663245
sorted_array,8388608,14,532.4142,10131753818064663245
fusion8,8388608,14,510.6491,10131753818064663245
fusion16_w,8388608,14,348.5214,10131753818064663245
fusion8_c,8388608,14,490.5746,10131753818064663245
btree8_a64,8388608,14,394.3237,10131753818064663245
btree16_bl_a64,8388608,14,147.2076,10131753818064663245
fusion8,16777216,0,578.9902,3590053196634910135
fusion16_w,16777216,0,353.5477,3590053196634910135
btree8,16777216,0,425.7477,3590053196634910135
btree16_bl_a64,16777216,0,140.0940,3590053196634910135
btree8_bl_a64,16777216,0,187.1246,3590053196634910135
btree8_bl,16777216,0,197.6837,3590053196634910135
fusion8_bf,16777216,0,547.9843,3590053196634910135
btree8_a64,16777216,0,435.1669,3590053196634910135
fusion8_c,16777216,0,519.2230,3590053196634910135
sorted_array,16777216,0,724.4583,3590053196634910135
btree8,16777216,1,424.8932,3590053196634910135
btree16_bl_a64,16777216,1,141.5390,3590053196634910135
btree8_bl,16777216,1,195.1416,3590053196634910135
fusion8_c,16777216,1,510.1349,3590053196634910135
btree8_bl_a64,16777216,1,188.2095,3590053196634910135
btree8_a64,16777216,1,427.4307,3590053196634910135
sorted_array,16777216,1,790.8813,3590053196634910135
fusion8,16777216,1,563.7314,3590053196634910135
fusion8_bf,16777216,1,565.7455,3590053196634910135
fusion16_w,16777216,1,368.2846,3590053196634910135
btree8_a64,16777216,2,431.9519,3590053196634910135
fusion8,16777216,2,551.2054,3590053196634910135
btree8_bl,16777216,2,210.9421,3590053196634910135
sorted_array,16777216,2,713.3377,3590053196634910135
fusion8_c,16777216,2,524.2599,3590053196634910135
fusion8_bf,16777216,2,552.3911,3590053196634910135
btree8_bl_a64,16777216,2,189.6835,3590053196634910135
btree16_bl_a64,16777216,2,142.2134,3590053196634910135
fusion16_w,16777216,2,312.5275,3590053196634910135
btree8,16777216,2,429.7058,3590053196634910135
btree8,16777216,3,373.8022,3590053196634910135
btree8_a64,16777216,3,430.8044,3590053196634910135
fusion8,16777216,3,562.3001,3590053196634910135
fusion8_bf,16777216,3,565.9439,3590053196634910135
sorted_array,16777216,3,713.1393,3590053196634910135
fusion16_w,16777216,3,382.8918,3590053196634910135
btree16_bl_a64,16777216,3,148.6145,3590053196634910135
btree8_bl,16777216,3,198.3643,3590053196634910135
fusion8_c,16777216,3,511.1191,3590053196634910135
btree8_bl_a64,16777216,3,189.5172,3590053196634910135
fusion8,16777216,4,548.4406,3590053196634910135
fusion8_c,16777216,4,513.1058,3590053196634910135
btree8,16777216,4,426.3184,3590053196634910135
fusion16_w,16777216,4,315.3671,3590053196634910135
btree8_a64,16777216,4,430.9906,3590053196634910135
btree8_bl,16777216,4,196.0632,3590053196634910135
sorted_array,16777216,4,695.0317,3590053196634910135
btree8_bl_a64,16777216,4,190.3198,3590053196634910135
btree16_bl_a64,16777216,4,143.3838,3590053196634910135
fusion8_bf,16777216,4,550.1816,3590053196634910135
fusion8,16777216,5,561.8393,3590053196634910135
btree8,16777216,5,432.1136,3590053196634910135
btree8_bl_a64,16777216,5,186.8622,3590053196634910135
fusion8_c,16777216,5,504.8126,3590053196634910135
btree16_bl_a64,16777216,5,141.8228,3590053196634910135
btree8_a64,16777216,5,449.6475,3590053196634910135
btree8_bl,16777216,5,197.3618,3590053196634910135
fusion16_w,16777216,5,310.5148,3590053196634910135
sorted_array,16777216,5,684.1293,3590053196634910135
fusion8_bf,16777216,5,559.1141,3590053196634910135
sorted_array,16777216,6,676.1154,3590053196634910135
fusion8_c,16777216,6,511.7828,3590053196634910135
btree8,16777216,6,428.3691,3590053196634910135
fusion8,16777216,6,554.7836,3590053196634910135
btree8_bl,16777216,6,194.9966,3590053196634910135
btree8_a64,16777216,6,429.7653,3590053196634910135
btree16_bl_a64,16777216,6,142.2928,3590053196634910135
fusion16_w,16777216,6,312.9623,3590053196634910135
btree8_bl_a64,16777216,6,188.8275,3590053196634910135
fusion8_bf,16777216,6,547.1985,3590053196634910135
btree8_bl_a64,16777216,7,186.3144,3590053196634910135
btree8,16777216,7,432.2464,3590053196634910135
btree8_a64,16777216,7,430.9845,3590053196634910135
fusion8_c,16777216,7,507.3410,3590053196634910135
btree16_bl_a64,16777216,7,146.3638,3590053196634910135
fusion8_bf,16777216,7,554.3289,3590053196634910135
fusion8,16777216,7,557.3715,3590053196634910135
sorted_array,16777216,7,704.7089,3590053196634910135
btree8_bl,16777216,7,205.3696,3590053196634910135
fusion16_w,16777216,7,313.2980,3590053196634910135
fusion8,16777216,8,552.4460,3590053196634910135
sorted_array,16777216,8,692.3050,3590053196634910135
fusion8_c,16777216,8,520.0775,3590053196634910135
btree8,16777216,8,424.0784,3590053196634910135
btree8_bl_a64,16777216,8,187.7609,3590053196634910135
btree8_bl,16777216,8,195.1721,3590053196634910135
fusion16_w,16777216,8,315.2069,3590053196634910135
fusion8_bf,16777216,8,563.4781,3590053196634910135
btree16_bl_a64,16777216,8,140.7349,3590053196634910135
btree8_a64,16777216,8,432.0679,3590053196634910135
fusion8,16777216,9,555.2994,3590053196634910135
btree8,16777216,9,429.4998,3590053196634910135
fusion8_c,16777216,9,511.3708,3590053196634910135
fusion16_w,16777216,9,347.7936,3590053196634910135
sorted_array,16777216,9,734.2407,3590053196634910135
btree8_bl_a64,16777216,9,186.9949,3590053196634910135
btree16_bl_a64,16777216,9,142.4896,3590053196634910135
btree8_bl,16777216,9,193.8034,3590053196634910135
fusion8_bf,16777216,9,544.8944,3590053196634910135
btree8_a64,16777216,9,429.7867,3590053196634910135
btree8,16777216,10,423.8754,3590053196634910135
fusion16_w,16777216,10,321.5561,3590053196634910135
fusion8_c,16777216,10,514.0381,3590053196634910135
btree8_a64,16777216,10,431.7398,3590053196634910135
fusion8,16777216,10,559.2941,3590053196634910135
btree8_bl_a64,16777216,10,187.5946,3590053196634910135
sorted_array,16777216,10,675.8301,3590053196634910135
fusion8_bf,16777216,10,545.3140,3590053196634910135
btree8_bl,16777216,10,198.7015,3590053196634910135
btree16_bl_a64,16777216,10,140.2420,3590053196634910135
btree8_a64,16777216,11,432.2968,3590053196634910135
btree8,16777216,11,433.7738,3590053196634910135
fusion8_c,16777216,11,509.5398,3590053196634910135
btree8_bl_a64,16777216,11,189.0411,3590053196634910135
fusion8_bf,16777216,11,548.3078,3590053196634910135
fusion8,16777216,11,555.4077,3590053196634910135
btree8_bl,16777216,11,215.4999,3590053196634910135
fusion16_w,16777216,11,313.3087,3590053196634910135
btree16_bl_a64,16777216,11,142.5598,3590053196634910135
sorted_array,16777216,11,722.6868,3590053196634910135
fusion8_c,16777216,12,502.7176,3590053196634910135
sorted_array,16777216,12,712.1826,3590053196634910135
btree8_bl_a64,16777216,12,187.0041,3590053196634910135
btree8_bl,16777216,12,197.3907,3590053196634910135
btree16_bl_a64,16777216,12,142.6239,3590053196634910135
fusion8_bf,16777216,12,544.7388,3590053196634910135
btree8_a64,16777216,12,430.6808,3590053196634910135
fusion16_w,16777216,12,319.7906,3590053196634910135
fusion8,16777216,12,561.1008,3590053196634910135
btree8,16777216,12,425.2457,3590053196634910135
fusion16_w,16777216,13,321.7529,3590053196634910135
btree8_bl,16777216,13,193.9835,3590053196634910135
fusion8_bf,16777216,13,560.6720,3590053196634910135
btree8_bl_a64,16777216,13,189.8209,3590053196634910135
btree8_a64,16777216,13,431.1035,3590053196634910135
fusion8,16777216,13,548.6008,3590053196634910135
btree16_bl_a64,16777216,13,144.3268,3590053196634910135
sorted_array,16777216,13,713.1561,3590053196634910135
btree8,16777216,13,428.8254,3590053196634910135
fusion8_c,16777216,13,500.9903,3590053196634910135
sorted_array,16777216,14,710.3958,3590053196634910135
btree8_a64,16777216,14,432.6263,3590053196634910135
btree8_bl_a64,16777216,14,188.4048,3590053196634910135
fusion8_c,16777216,14,502.3148,3590053196634910135
btree8_bl,16777216,14,198.4390,3590053196634910135
btree8,16777216,14,430.6808,3590053196634910135
fusion16_w,16777216,14,311.6501,3590053196634910135
btree16_bl_a64,16777216,14,141.6916,3590053196634910135
fusion8,16777216,14,550.8911,3590053196634910135
fusion8_bf,16777216,14,558.4030,3590053196634910135
fusion8_c,33554432,0,567.5049,14493871693595802041
btree8_bl,33554432,0,210.2127,14493871693595802041
btree8,33554432,0,454.1260,14493871693595802041
fusion8,33554432,0,589.9780,14493871693595802041
btree8_bl_a64,33554432,0,200.9171,14493871693595802041
fusion16_w,33554432,0,555.4810,14493871693595802041
btree16_bl_a64,33554432,0,248.0362,14493871693595802041
fusion8_bf,33554432,0,556.7581,14493871693595802041
sorted_array,33554432,0,884.1171,14493871693595802041
btree8_a64,33554432,0,439.1754,14493871693595802041
fusion16_w,33554432,1,557.5546,14493871693595802041
sorted_array,33554432,1,784.0881,14493871693595802041
btree8_bl_a64,33554432,1,182.0099,14493871693595802041
btree8_bl,33554432,1,188.6566,14493871693595802041
fusion8,33554432,1,557.2159,14493871693595802041
btree8,33554432,1,435.8185,14493871693595802041
fusion8_bf,33554432,1,568.8690,14493871693595802041
fusion8_c,33554432,1,521.5790,14493871693595802041
btree16_bl_a64,33554432,1,243.9377,14493871693595802041
btree8_a64,33554432,1,433.0399,14493871693595802041
sorted_array,33554432,2,802.9602,14493871693595802041
btree8,33554432,2,451.0651,14493871693595802041
fusion8_c,33554432,2,514.5248,14493871693595802041
fusion16_w,33554432,2,597.6257,14493871693595802041
btree8_a64,33554432,2,435.0632,14493871693595802041
btree16_bl_a64,33554432,2,242.1127,14493871693595802041
btree8_bl,33554432,2,188.3850,14493871693595802041
fusion8,33554432,2,547.1893,14493871693595802041
fusion8_bf,33554432,2,570.0943,14493871693595802041
btree8_bl_a64,33554432,2,205.8380,14493871693595802041
fusion16_w,33554432,3,550.1755,14493871693595802041
sorted_array,33554432,3,876.0818,14493871693595802041
fusion8,33554432,3,548.5153,14493871693595802041
btree8_bl_a64,33554432,3,186.1206,14493871693595802041
fusion8_c,33554432,3,508.2825,14493871693595802041
btree8_a64,33554432,3,431.1676,14493871693595802041
btree8,33554432,3,435.9879,14493871693595802041
btree8_bl,33554432,3,189.3646,14493871693595802041
fusion8_bf,33554432,3,557.1701,14493871693595802041
btree16_bl_a64,33554432,3,242.5201,14493871693595802041
fusion16_w,33554432,4,594.4565,14493871693595802041
btree8_bl_a64,33554432,4,180.8411,14493871693595802041
sorted_array,33554432,4,884.9258,14493871693595802041
btree8_bl,33554432,4,196.8094,14493871693595802041
fusion8,33554432,4,548.7411,14493871693595802041
fusion8_bf,33554432,4,568.8400,14493871693595802041
btree8,33554432,4,431.0806,14493871693595802041
fusion8_c,33554432,4,509.6069,14493871693595802041
btree8_a64,33554432,4,431.8649,14493871693595802041
btree16_bl_a64,33554432,4,244.3848,14493871693595802041
fusion8,33554432,5,564.1251,14493871693595802041
fusion8_c,33554432,5,518.5272,14493871693595802041
btree16_bl_a64,33554432,5,247.3129,14493871693595802041
btree8_a64,33554432,5,436.9247,14493871693595802041
btree8_bl_a64,33554432,5,181.8558,14493871693595802041
btree8_bl,33554432,5,189.8972,14493871693595802041
fusion16_w,33554432,5,553.5583,14493871693595802041
fusion8_bf,33554432,5,606.5811,14493871693595802041
sorted_array,33554432,5,836.2732,14493871693595802041
btree8,33554432,5,427.9526,14493871693595802041
fusion8_bf,33554432,6,566.0599,14493871693595802041
fusion16_w,33554432,6,593.1595,14493871693595802041
btree8,33554432,6,435.8795,14493871693595802041
btree8_bl_a64,33554432,6,181.8512,14493871693595802041
fusion8_c,33554432,6,511.9705,14493871693595802041
sorted_array,33554432,6,874.0082,14493871693595802041
fusion8,33554432,6,549.7345,14493871693595802041
btree16_bl_a64,33554432,6,255.7770,14493871693595802041
btree8_a64,33554432,6,429.9057,14493871693595802041
btree8_bl,33554432,6,191.6168,14493871693595802041
fusion16_w,33554432,7,553.7521,14493871693595802041
btree8_bl_a64,33554432,7,185.9482,14493871693595802041
btree16_bl_a64,33554432,7,240.5502,14493871693595802041
btree8_bl,33554432,7,189.1235,14493871693595802041
fusion8_c,33554432,7,510.0906,14493871693595802041
fusion8_bf,33554432,7,565.2908,14493871693595802041
sorted_array,33554432,7,841.5314,14493871693595802041
btree8_a64,33554432,7,433.1039,14493871693595802041
fusion8,33554432,7,558.7830,14493871693595802041
btree8,33554432,7,433.1543,14493871693595802041
btree8_bl_a64,33554432,8,185.1852,14493871693595802041
fusion8_c,33554432,8,510.0128,14493871693595802041
fusion8,33554432,8,551.5686,14493871693595802041
fusion8_bf,33554432,8,577.9327,14493871693595802041
btree16_bl_a64,33554432,8,244.5358,14493871693595802041
btree8_a64,33554432,8,438.9297,14493871693595802041
sorted_array,33554432,8,786.0886,14493871693595802041
btree8_bl,33554432,8,195.6711,14493871693595802041
btree8,33554432,8,435.0250,14493871693595802041
fusion16_w,33554432,8,549.1287,14493871693595802041
btree8_a64,33554432,9,438.7192,14493871693595802041
btree8_bl,33554432,9,189.8239,14493871693595802041
btree8,33554432,9,429.9545,14493871693595802041
btree16_bl_a64,33554432,9,243.5928,14493871693595802041
fusion8,33554432,9,552.6886,14493871693595802041
fusion8_c,33554432,9,504.4601,14493871693595802041
fusion8_bf,33554432,9,580.2307,14493871693595802041
sorted_array,33554432,9,804.6112,14493871693595802041
btree8_bl_a64,33554432,9,181.8634,14493871693595802041
fusion16_w,33554432,9,563.5254,14493871693595802041
btree8_a64,33554432,10,433.2611,14493871693595802041
btree16_bl_a64,33554432,10,242.2043,14493871693595802041
btree8,33554432,10,429.3777,14493871693595802041
fusion16_w,33554432,10,578.9429,14493871693595802041
sorted_array,33554432,10,879.1702,14493871693595802041
btree8_bl,33554432,10,189.1891,14493871693595802041
fusion8_c,33554432,10,511.2595,14493871693595802041
fusion8_bf,33554432,10,576.3229,14493871693595802041
fusion8,33554432,10,557.3929,14493871693595802041
btree8_bl_a64,33554432,10,181.8878,14493871693595802041
fusion8_bf,33554432,11,551.7288,14493871693595802041
fusion8,33554432,11,556.7581,14493871693595802041
btree16_bl_a64,33554432,11,252.8152,14493871693595802041
btree8_bl,33554432,11,190.4343,14493871693595802041
fusion16_w,33554432,11,555.9021,14493871693595802041
sorted_array,33554432,11,874.6582,14493871693595802041
fusion8_c,33554432,11,511.0580,14493871693595802041
btree8,33554432,11,429.1199,14493871693595802041
btree8_a64,33554432,11,433.4930,14493871693595802041
btree8_bl_a64,33554432,11,182.7042,14493871693595802041
btree8_bl,33554432,12,191.3528,14493871693595802041
fusion8_c,33554432,12,508.4351,14493871693595802041
fusion16_w,33554432,12,593.6249,14493871693595802041
btree8_a64,33554432,12,434.4055,14493871693595802041
fusion8_bf,33554432,12,564.8743,14493871693595802041
sorted_array,33554432,12,856.2897,14493871693595802041
fusion8,33554432,12,557.4295,14493871693595802041
btree8,33554432,12,428.3066,14493871693595802041
btree16_bl_a64,33554432,12,250.9903,14493871693595802041
btree8_bl_a64,33554432,12,251.3992,14493871693595802041
btree8_a64,33554432,13,508.1085,14493871693595802041
fusion8,33554432,13,592.2958,14493871693595802041
fusion8_bf,33554432,13,604.6738,14493871693595802041
btree8_bl_a64,33554432,13,197.2870,14493871693595802041
btree8_bl,33554432,13,190.7608,14493871693595802041
fusion8_c,33554432,13,509.9838,14493871693595802041
btree16_bl_a64,33554432,13,242.4561,14493871693595802041
sorted_array,33554432,13,894.6594,14493871693595802041
btree8,33554432,13,431.2805,14493871693595802041
fusion16_w,33554432,13,582.7393,14493871693595802041
fusion16_w,33554432,14,523.5458,14493871693595802041
btree8_bl_a64,33554432,14,182.3257,14493871693595802041
fusion8_c,33554432,14,511.3419,14493871693595802041
btree8_a64,33554432,14,437.2498,14493871693595802041
sorted_array,33554432,14,849.7864,14493871693595802041
fusion8,33554432,14,571.6782,14493871693595802041
btree16_bl_a64,33554432,14,259.6497,14493871693595802041
btree8_bl,33554432,14,190.8920,14493871693595802041
fusion8_bf,33554432,14,561.7966,14493871693595802041
btree8,33554432,14,434.4101,14493871693595802041
