structure,n,rep,ns_per_query,checksum
sorted_array,256,0,12.9440,11530405409878601149
sorted_array,256,1,12.9822,11530405409878601149
sorted_array,256,2,12.9425,11530405409878601149
sorted_array,256,3,12.9425,11530405409878601149
sorted_array,256,4,12.9868,11530405409878601149
sorted_array,256,5,12.9425,11530405409878601149
sorted_array,256,6,12.9700,11530405409878601149
sorted_array,256,7,12.9410,11530405409878601149
sorted_array,256,8,38.3057,11530405409878601149
sorted_array,256,9,12.9425,11530405409878601149
sorted_array,256,10,13.0646,11530405409878601149
sorted_array,256,11,12.9883,11530405409878601149
sorted_array,256,12,12.9425,11530405409878601149
sorted_array,256,13,12.9868,11530405409878601149
sorted_array,256,14,12.9440,11530405409878601149
btree8,256,0,20.7962,11530405409878601149
btree8,256,1,20.5597,11530405409878601149
btree8,256,2,20.4544,11530405409878601149
btree8,256,3,20.4575,11530405409878601149
btree8,256,4,20.4636,11530405409878601149
btree8,256,5,21.1090,11530405409878601149
btree8,256,6,20.4102,11530405409878601149
btree8,256,7,20.4163,11530405409878601149
btree8,256,8,20.4407,11530405409878601149
btree8,256,9,20.4010,11530405409878601149
btree8,256,10,20.3949,11530405409878601149
btree8,256,11,20.4117,11530405409878601149
btree8,256,12,20.4346,11530405409878601149
btree8,256,13,20.4285,11530405409878601149
btree8,256,14,20.4453,11530405409878601149
btree8_bl,256,0,27.2354,11530405409878601149
btree8_bl,256,1,27.1332,11530405409878601149
btree8_bl,256,2,27.0859,11530405409878601149
btree8_bl,256,3,27.3026,11530405409878601149
btree8_bl,256,4,27.0218,11530405409878601149
btree8_bl,256,5,27.1515,11530405409878601149
btree8_bl,256,6,27.0813,11530405409878601149
btree8_bl,256,7,27.0203,11530405409878601149
btree8_bl,256,8,27.0096,11530405409878601149
btree8_bl,256,9,26.9867,11530405409878601149
btree8_bl,256,10,27.2430,11530405409878601149
btree8_bl,256,11,27.0004,11530405409878601149
btree8_bl,256,12,26.9669,11530405409878601149
btree8_bl,256,13,26.9760,11530405409878601149
btree8_bl,256,14,26.9760,11530405409878601149
btree8_a64,256,0,20.1614,11530405409878601149
btree8_a64,256,1,19.9081,11530405409878601149
btree8_a64,256,2,19.8395,11530405409878601149
btree8_a64,256,3,19.7021,11530405409878601149
btree8_a64,256,4,19.7113,11530405409878601149
btree8_a64,256,5,19.8105,11530405409878601149
btree8_a64,256,6,19.7693,11530405409878601149
btree8_a64,256,7,20.8542,11530405409878601149
btree8_a64,256,8,19.7403,11530405409878601149
btree8_a64,256,9,19.7433,11530405409878601149
btree8_a64,256,10,19.6213,11530405409878601149
btree8_a64,256,11,19.6899,11530405409878601149
btree8_a64,256,12,19.7479,11530405409878601149
btree8_a64,256,13,19.6945,11530405409878601149
btree8_a64,256,14,19.7449,11530405409878601149
btree8_bl_a64,256,0,25.2411,11530405409878601149
btree8_bl_a64,256,1,25.1099,11530405409878601149
btree8_bl_a64,256,2,25.0702,11530405409878601149
btree8_bl_a64,256,3,25.3372,11530405409878601149
btree8_bl_a64,256,4,25.0259,11530405409878601149
btree8_bl_a64,256,5,25.0351,11530405409878601149
btree8_bl_a64,256,6,25.0305,11530405409878601149
btree8_bl_a64,256,7,25.0229,11530405409878601149
btree8_bl_a64,256,8,25.0565,11530405409878601149
btree8_bl_a64,256,9,25.0336,11530405409878601149
btree8_bl_a64,256,10,25.0320,11530405409878601149
btree8_bl_a64,256,11,25.1358,11530405409878601149
btree8_bl_a64,256,12,25.0305,11530405409878601149
btree8_bl_a64,256,13,25.0412,11530405409878601149
btree8_bl_a64,256,14,25.0107,11530405409878601149
btree16_bl_a64,256,0,17.2699,11530405409878601149
btree16_bl_a64,256,1,17.1005,11530405409878601149
btree16_bl_a64,256,2,17.1570,11530405409878601149
btree16_bl_a64,256,3,17.1295,11530405409878601149
btree16_bl_a64,256,4,17.0654,11530405409878601149
btree16_bl_a64,256,5,17.0990,11530405409878601149
btree16_bl_a64,256,6,17.0502,11530405409878601149
btree16_bl_a64,256,7,17.0929,11530405409878601149
btree16_bl_a64,256,8,17.0380,11530405409878601149
btree16_bl_a64,256,9,17.0837,11530405409878601149
btree16_bl_a64,256,10,17.0731,11530405409878601149
btree16_bl_a64,256,11,17.0258,11530405409878601149
btree16_bl_a64,256,12,17.0746,11530405409878601149
btree16_bl_a64,256,13,17.0166,11530405409878601149
btree16_bl_a64,256,14,17.0715,11530405409878601149
fusion8,256,0,38.9648,11530405409878601149
fusion8,256,1,38.6566,11530405409878601149
fusion8,256,2,38.5880,11530405409878601149
fusion8,256,3,39.6744,11530405409878601149
fusion8,256,4,38.8718,11530405409878601149
fusion8,256,5,38.7772,11530405409878601149
fusion8,256,6,38.7726,11530405409878601149
fusion8,256,7,38.5529,11530405409878601149
fusion8,256,8,38.8107,11530405409878601149
fusion8,256,9,38.5605,11530405409878601149
fusion8,256,10,38.7115,11530405409878601149
fusion8,256,11,38.7115,11530405409878601149
fusion8,256,12,38.5132,11530405409878601149
fusion8,256,13,38.7558,11530405409878601149
fusion8,256,14,39.3646,11530405409878601149
fusion8_bf,256,0,42.7490,11530405409878601149
fusion8_bf,256,1,42.5705,11530405409878601149
fusion8_bf,256,2,42.5705,11530405409878601149
fusion8_bf,256,3,42.5964,11530405409878601149
fusion8_bf,256,4,42.6453,11530405409878601149
fusion8_bf,256,5,42.5278,11530405409878601149
fusion8_bf,256,6,42.4561,11530405409878601149
fusion8_bf,256,7,42.6926,11530405409878601149
fusion8_bf,256,8,42.4286,11530405409878601149
fusion8_bf,256,9,42.3630,11530405409878601149
fusion8_bf,256,10,43.7729,11530405409878601149
fusion8_bf,256,11,42.3813,11530405409878601149
fusion8_bf,256,12,42.4454,11530405409878601149
fusion8_bf,256,13,42.4255,11530405409878601149
fusion8_bf,256,14,42.4332,11530405409878601149
fusion8_c,256,0,41.8777,11530405409878601149
fusion8_c,256,1,43.4158,11530405409878601149
fusion8_c,256,2,41.6946,11530405409878601149
fusion8_c,256,3,43.3960,11530405409878601149
fusion8_c,256,4,41.9571,11530405409878601149
fusion8_c,256,5,41.7892,11530405409878601149
fusion8_c,256,6,42.5613,11530405409878601149
fusion8_c,256,7,41.7847,11530405409878601149
fusion8_c,256,8,41.7191,11530405409878601149
fusion8_c,256,9,41.7175,11530405409878601149
fusion8_c,256,10,41.7847,11530405409878601149
fusion8_c,256,11,41.7648,11530405409878601149
fusion8_c,256,12,41.7419,11530405409878601149
fusion8_c,256,13,41.8854,11530405409878601149
fusion8_c,256,14,41.6870,11530405409878601149
fusion16_w,256,0,37.9837,11530405409878601149
fusion16_w,256,1,38.0020,11530405409878601149
fusion16_w,256,2,37.8479,11530405409878601149
fusion16_w,256,3,37.7243,11530405409878601149
fusion16_w,256,4,37.6740,11530405409878601149
fusion16_w,256,5,37.7213,11530405409878601149
fusion16_w,256,6,37.6495,11530405409878601149
fusion16_w,256,7,37.6312,11530405409878601149
fusion16_w,256,8,37.6678,11530405409878601149
fusion16_w,256,9,37.6297,11530405409878601149
fusion16_w,256,10,37.6160,11530405409878601149
fusion16_w,256,11,37.6312,11530405409878601149
fusion16_w,256,12,37.7991,11530405409878601149
fusion16_w,256,13,37.6556,11530405409878601149
fusion16_w,256,14,37.6053,11530405409878601149
sorted_array,512,0,14.3494,16697882275220540387
sorted_array,512,1,14.3692,16697882275220540387
sorted_array,512,2,14.3402,16697882275220540387
sorted_array,512,3,14.3890,16697882275220540387
sorted_array,512,4,14.3417,16697882275220540387
sorted_array,512,5,14.3768,16697882275220540387
sorted_array,512,6,14.3433,16697882275220540387
sorted_array,512,7,14.3967,16697882275220540387
sorted_array,512,8,14.3372,16697882275220540387
sorted_array,512,9,14.3707,16697882275220540387
sorted_array,512,10,15.0391,16697882275220540387
sorted_array,512,11,14.3951,16697882275220540387
sorted_array,512,12,14.4699,16697882275220540387
sorted_array,512,13,14.5004,16697882275220540387
sorted_array,512,14,14.7415,16697882275220540387
btree8,512,0,24.0616,16697882275220540387
btree8,512,1,23.7488,16697882275220540387
btree8,512,2,23.6618,16697882275220540387
btree8,512,3,23.6023,16697882275220540387
btree8,512,4,23.5794,16697882275220540387
btree8,512,5,23.5474,16697882275220540387
btree8,512,6,23.5626,16697882275220540387
btree8,512,7,23.5626,16697882275220540387
btree8,512,8,23.5718,16697882275220540387
btree8,512,9,23.6008,16697882275220540387
btree8,512,10,23.5611,16697882275220540387
btree8,512,11,23.5382,16697882275220540387
btree8,512,12,23.5550,16697882275220540387
btree8,512,13,23.5458,16697882275220540387
btree8,512,14,23.5550,16697882275220540387
btree8_bl,512,0,26.8509,16697882275220540387
btree8_bl,512,1,26.7761,16697882275220540387
btree8_bl,512,2,26.7563,16697882275220540387
btree8_bl,512,3,26.9348,16697882275220540387
btree8_bl,512,4,26.7471,16697882275220540387
btree8_bl,512,5,26.7258,16697882275220540387
btree8_bl,512,6,26.6907,16697882275220540387
btree8_bl,512,7,26.6907,16697882275220540387
btree8_bl,512,8,26.6602,16697882275220540387
btree8_bl,512,9,26.7029,16697882275220540387
btree8_bl,512,10,26.6144,16697882275220540387
btree8_bl,512,11,26.6571,16697882275220540387
btree8_bl,512,12,26.6525,16697882275220540387
btree8_bl,512,13,26.6357,16697882275220540387
btree8_bl,512,14,26.6373,16697882275220540387
btree8_a64,512,0,23.0804,16697882275220540387
btree8_a64,512,1,22.9019,16697882275220540387
btree8_a64,512,2,22.7936,16697882275220540387
btree8_a64,512,3,22.7066,16697882275220540387
btree8_a64,512,4,22.7722,16697882275220540387
btree8_a64,512,5,23.2269,16697882275220540387
btree8_a64,512,6,22.9233,16697882275220540387
btree8_a64,512,7,22.7585,16697882275220540387
btree8_a64,512,8,22.7676,16697882275220540387
btree8_a64,512,9,22.7829,16697882275220540387
btree8_a64,512,10,22.7371,16697882275220540387
btree8_a64,512,11,22.6944,16697882275220540387
btree8_a64,512,12,22.7417,16697882275220540387
btree8_a64,512,13,22.6944,16697882275220540387
btree8_a64,512,14,22.5708,16697882275220540387
btree8_bl_a64,512,0,24.1409,16697882275220540387
btree8_bl_a64,512,1,24.1867,16697882275220540387
btree8_bl_a64,512,2,24.0417,16697882275220540387
btree8_bl_a64,512,3,24.0173,16697882275220540387
btree8_bl_a64,512,4,24.0128,16697882275220540387
btree8_bl_a64,512,5,24.0005,16697882275220540387
btree8_bl_a64,512,6,23.9914,16697882275220540387
btree8_bl_a64,512,7,23.9563,16697882275220540387
btree8_bl_a64,512,8,23.9990,16697882275220540387
btree8_bl_a64,512,9,24.0189,16697882275220540387
btree8_bl_a64,512,10,24.1348,16697882275220540387
btree8_bl_a64,512,11,23.9868,16697882275220540387
btree8_bl_a64,512,12,23.9731,16697882275220540387
btree8_bl_a64,512,13,23.9868,16697882275220540387
btree8_bl_a64,512,14,23.9578,16697882275220540387
btree16_bl_a64,512,0,25.9583,16697882275220540387
btree16_bl_a64,512,1,25.8743,16697882275220540387
btree16_bl_a64,512,2,25.8011,16697882275220540387
btree16_bl_a64,512,3,25.7767,16697882275220540387
btree16_bl_a64,512,4,25.7660,16697882275220540387
btree16_bl_a64,512,5,25.8377,16697882275220540387
btree16_bl_a64,512,6,25.7584,16697882275220540387
btree16_bl_a64,512,7,25.7690,16697882275220540387
btree16_bl_a64,512,8,25.7828,16697882275220540387
btree16_bl_a64,512,9,25.6973,16697882275220540387
btree16_bl_a64,512,10,25.7599,16697882275220540387
btree16_bl_a64,512,11,25.7446,16697882275220540387
btree16_bl_a64,512,12,25.7645,16697882275220540387
btree16_bl_a64,512,13,25.8621,16697882275220540387
btree16_bl_a64,512,14,25.7416,16697882275220540387
fusion8,512,0,39.3661,16697882275220540387
fusion8,512,1,39.3860,16697882275220540387
fusion8,512,2,39.0701,16697882275220540387
fusion8,512,3,39.1312,16697882275220540387
fusion8,512,4,39.3890,16697882275220540387
fusion8,512,5,39.7415,16697882275220540387
fusion8,512,6,39.1342,16697882275220540387
fusion8,512,7,39.1541,16697882275220540387
fusion8,512,8,39.3188,16697882275220540387
fusion8,512,9,39.1403,16697882275220540387
fusion8,512,10,39.2746,16697882275220540387
fusion8,512,11,39.0945,16697882275220540387
fusion8,512,12,39.0045,16697882275220540387
fusion8,512,13,39.2654,16697882275220540387
fusion8,512,14,39.0442,16697882275220540387
fusion8_bf,512,0,44.2123,16697882275220540387
fusion8_bf,512,1,44.1254,16697882275220540387
fusion8_bf,512,2,44.0628,16697882275220540387
fusion8_bf,512,3,44.1071,16697882275220540387
fusion8_bf,512,4,44.0826,16697882275220540387
fusion8_bf,512,5,44.0765,16697882275220540387
fusion8_bf,512,6,44.2200,16697882275220540387
fusion8_bf,512,7,44.0002,16697882275220540387
fusion8_bf,512,8,44.1238,16697882275220540387
fusion8_bf,512,9,44.0475,16697882275220540387
fusion8_bf,512,10,44.0414,16697882275220540387
fusion8_bf,512,11,44.0674,16697882275220540387
fusion8_bf,512,12,44.0857,16697882275220540387
fusion8_bf,512,13,44.2383,16697882275220540387
fusion8_bf,512,14,44.0720,16697882275220540387
fusion8_c,512,0,43.6005,16697882275220540387
fusion8_c,512,1,43.8477,16697882275220540387
fusion8_c,512,2,43.5593,16697882275220540387
fusion8_c,512,3,43.6127,16697882275220540387
fusion8_c,512,4,43.7180,16697882275220540387
fusion8_c,512,5,43.4891,16697882275220540387
fusion8_c,512,6,43.4677,16697882275220540387
fusion8_c,512,7,43.6142,16697882275220540387
fusion8_c,512,8,43.6615,16697882275220540387
fusion8_c,512,9,43.5699,16697882275220540387
fusion8_c,512,10,43.4616,16697882275220540387
fusion8_c,512,11,43.4509,16697882275220540387
fusion8_c,512,12,43.9682,16697882275220540387
fusion8_c,512,13,43.5577,16697882275220540387
fusion8_c,512,14,43.5867,16697882275220540387
fusion16_w,512,0,51.5442,16697882275220540387
fusion16_w,512,1,51.3885,16697882275220540387
fusion16_w,512,2,51.2955,16697882275220540387
fusion16_w,512,3,51.3428,16697882275220540387
fusion16_w,512,4,51.4374,16697882275220540387
fusion16_w,512,5,51.3916,16697882275220540387
fusion16_w,512,6,51.3458,16697882275220540387
fusion16_w,512,7,51.3702,16697882275220540387
fusion16_w,512,8,51.3412,16697882275220540387
fusion16_w,512,9,51.1719,16697882275220540387
fusion16_w,512,10,51.3733,16697882275220540387
fusion16_w,512,11,51.3504,16697882275220540387
fusion16_w,512,12,51.3184,16697882275220540387
fusion16_w,512,13,51.3931,16697882275220540387
fusion16_w,512,14,51.3123,16697882275220540387
sorted_array,1024,0,15.8279,1822299186294993737
sorted_array,1024,1,15.8737,1822299186294993737
sorted_array,1024,2,15.8295,1822299186294993737
sorted_array,1024,3,15.8661,1822299186294993737
sorted_array,1024,4,15.8829,1822299186294993737
sorted_array,1024,5,15.8417,1822299186294993737
sorted_array,1024,6,15.8966,1822299186294993737
sorted_array,1024,7,15.8249,1822299186294993737
sorted_array,1024,8,15.8615,1822299186294993737
sorted_array,1024,9,16.5375,1822299186294993737
sorted_array,1024,10,15.8691,1822299186294993737
sorted_array,1024,11,15.8279,1822299186294993737
sorted_array,1024,12,15.8539,1822299186294993737
sorted_array,1024,13,15.8752,1822299186294993737
sorted_array,1024,14,15.8325,1822299186294993737
btree8,1024,0,27.0447,1822299186294993737
btree8,1024,1,26.3748,1822299186294993737
btree8,1024,2,26.3168,1822299186294993737
btree8,1024,3,26.2634,1822299186294993737
btree8,1024,4,26.2329,1822299186294993737
btree8,1024,5,26.2009,1822299186294993737
btree8,1024,6,26.2100,1822299186294993737
btree8,1024,7,26.2360,1822299186294993737
btree8,1024,8,26.2543,1822299186294993737
btree8,1024,9,26.2512,1822299186294993737
btree8,1024,10,26.1292,1822299186294993737
btree8,1024,11,26.1871,1822299186294993737
btree8,1024,12,26.1810,1822299186294993737
btree8,1024,13,26.2604,1822299186294993737
btree8,1024,14,26.1520,1822299186294993737
btree8_bl,1024,0,33.7143,1822299186294993737
btree8_bl,1024,1,33.2809,1822299186294993737
btree8_bl,1024,2,33.1284,1822299186294993737
btree8_bl,1024,3,33.1116,1822299186294993737
btree8_bl,1024,4,33.0826,1822299186294993737
btree8_bl,1024,5,33.0688,1822299186294993737
btree8_bl,1024,6,33.0750,1822299186294993737
btree8_bl,1024,7,33.0414,1822299186294993737
btree8_bl,1024,8,33.1696,1822299186294993737
btree8_bl,1024,9,33.0185,1822299186294993737
btree8_bl,1024,10,32.9819,1822299186294993737
btree8_bl,1024,11,33.0811,1822299186294993737
btree8_bl,1024,12,32.9941,1822299186294993737
btree8_bl,1024,13,33.0536,1822299186294993737
btree8_bl,1024,14,32.9742,1822299186294993737
btree8_a64,1024,0,26.2527,1822299186294993737
btree8_a64,1024,1,25.7370,1822299186294993737
btree8_a64,1024,2,25.6729,1822299186294993737
btree8_a64,1024,3,25.7431,1822299186294993737
btree8_a64,1024,4,25.9064,1822299186294993737
btree8_a64,1024,5,25.6149,1822299186294993737
btree8_a64,1024,6,25.5783,1822299186294993737
btree8_a64,1024,7,25.6104,1822299186294993737
btree8_a64,1024,8,25.6424,1822299186294993737
btree8_a64,1024,9,25.5508,1822299186294993737
btree8_a64,1024,10,25.6042,1822299186294993737
btree8_a64,1024,11,25.5508,1822299186294993737
btree8_a64,1024,12,25.5539,1822299186294993737
btree8_a64,1024,13,25.5692,1822299186294993737
btree8_a64,1024,14,25.5600,1822299186294993737
btree8_bl_a64,1024,0,31.0898,1822299186294993737
btree8_bl_a64,1024,1,30.8990,1822299186294993737
btree8_bl_a64,1024,2,30.8731,1822299186294993737
btree8_bl_a64,1024,3,30.8502,1822299186294993737
btree8_bl_a64,1024,4,31.6040,1822299186294993737
btree8_bl_a64,1024,5,30.8060,1822299186294993737
btree8_bl_a64,1024,6,30.7709,1822299186294993737
btree8_bl_a64,1024,7,30.8105,1822299186294993737
btree8_bl_a64,1024,8,30.7938,1822299186294993737
btree8_bl_a64,1024,9,30.7556,1822299186294993737
btree8_bl_a64,1024,10,30.7648,1822299186294993737
btree8_bl_a64,1024,11,31.1050,1822299186294993737
btree8_bl_a64,1024,12,30.7938,1822299186294993737
btree8_bl_a64,1024,13,30.7678,1822299186294993737
btree8_bl_a64,1024,14,30.7678,1822299186294993737
btree16_bl_a64,1024,0,27.2675,1822299186294993737
btree16_bl_a64,1024,1,27.0142,1822299186294993737
btree16_bl_a64,1024,2,26.9043,1822299186294993737
btree16_bl_a64,1024,3,26.9119,1822299186294993737
btree16_bl_a64,1024,4,26.8860,1822299186294993737
btree16_bl_a64,1024,5,26.8692,1822299186294993737
btree16_bl_a64,1024,6,26.8738,1822299186294993737
btree16_bl_a64,1024,7,27.1545,1822299186294993737
btree16_bl_a64,1024,8,26.8448,1822299186294993737
btree16_bl_a64,1024,9,26.8448,1822299186294993737
btree16_bl_a64,1024,10,26.8295,1822299186294993737
btree16_bl_a64,1024,11,26.8204,1822299186294993737
btree16_bl_a64,1024,12,26.8066,1822299186294993737
btree16_bl_a64,1024,13,26.8143,1822299186294993737
btree16_bl_a64,1024,14,26.8204,1822299186294993737
fusion8,1024,0,47.4197,1822299186294993737
fusion8,1024,1,47.3068,1822299186294993737
fusion8,1024,2,46.7484,1822299186294993737
fusion8,1024,3,46.8277,1822299186294993737
fusion8,1024,4,46.7239,1822299186294993737
fusion8,1024,5,46.6492,1822299186294993737
fusion8,1024,6,46.8826,1822299186294993737
fusion8,1024,7,46.6995,1822299186294993737
fusion8,1024,8,46.6797,1822299186294993737
fusion8,1024,9,46.7209,1822299186294993737
fusion8,1024,10,46.8735,1822299186294993737
fusion8,1024,11,47.5098,1822299186294993737
fusion8,1024,12,46.6980,1822299186294993737
fusion8,1024,13,46.8689,1822299186294993737
fusion8,1024,14,46.7499,1822299186294993737
fusion8_bf,1024,0,53.8162,1822299186294993737
fusion8_bf,1024,1,53.2913,1822299186294993737
fusion8_bf,1024,2,53.1403,1822299186294993737
fusion8_bf,1024,3,53.0746,1822299186294993737
fusion8_bf,1024,4,53.3264,1822299186294993737
fusion8_bf,1024,5,53.3813,1822299186294993737
fusion8_bf,1024,6,53.1113,1822299186294993737
fusion8_bf,1024,7,53.1326,1822299186294993737
fusion8_bf,1024,8,53.0914,1822299186294993737
fusion8_bf,1024,9,53.0960,1822299186294993737
fusion8_bf,1024,10,53.1113,1822299186294993737
fusion8_bf,1024,11,53.0884,1822299186294993737
fusion8_bf,1024,12,53.0807,1822299186294993737
fusion8_bf,1024,13,53.1158,1822299186294993737
fusion8_bf,1024,14,53.1006,1822299186294993737
fusion8_c,1024,0,52.4826,1822299186294993737
fusion8_c,1024,1,52.2781,1822299186294993737
fusion8_c,1024,2,52.2781,1822299186294993737
fusion8_c,1024,3,52.2385,1822299186294993737
fusion8_c,1024,4,52.2507,1822299186294993737
fusion8_c,1024,5,52.2675,1822299186294993737
fusion8_c,1024,6,52.2491,1822299186294993737
fusion8_c,1024,7,52.4673,1822299186294993737
fusion8_c,1024,8,52.2812,1822299186294993737
fusion8_c,1024,9,52.2690,1822299186294993737
fusion8_c,1024,10,52.2186,1822299186294993737
fusion8_c,1024,11,52.2552,1822299186294993737
fusion8_c,1024,12,52.2278,1822299186294993737
fusion8_c,1024,13,52.4170,1822299186294993737
fusion8_c,1024,14,52.2308,1822299186294993737
fusion16_w,1024,0,56.4819,1822299186294993737
fusion16_w,1024,1,56.1859,1822299186294993737
fusion16_w,1024,2,56.0226,1822299186294993737
fusion16_w,1024,3,55.9692,1822299186294993737
fusion16_w,1024,4,55.9235,1822299186294993737
fusion16_w,1024,5,55.8746,1822299186294993737
fusion16_w,1024,6,55.8792,1822299186294993737
fusion16_w,1024,7,55.8777,1822299186294993737
fusion16_w,1024,8,55.8594,1822299186294993737
fusion16_w,1024,9,56.8939,1822299186294993737
fusion16_w,1024,10,55.8594,1822299186294993737
fusion16_w,1024,11,55.8990,1822299186294993737
fusion16_w,1024,12,55.9448,1822299186294993737
fusion16_w,1024,13,55.8517,1822299186294993737
fusion16_w,1024,14,55.8731,1822299186294993737
sorted_array,2048,0,17.2485,6787589965792239204
sorted_array,2048,1,17.2073,6787589965792239204
sorted_array,2048,2,17.1707,6787589965792239204
sorted_array,2048,3,17.2012,6787589965792239204
sorted_array,2048,4,17.1890,6787589965792239204
sorted_array,2048,5,17.1844,6787589965792239204
sorted_array,2048,6,17.2028,6787589965792239204
sorted_array,2048,7,17.1448,6787589965792239204
sorted_array,2048,8,17.2195,6787589965792239204
sorted_array,2048,9,17.1463,6787589965792239204
sorted_array,2048,10,17.2302,6787589965792239204
sorted_array,2048,11,17.2012,6787589965792239204
sorted_array,2048,12,17.1463,6787589965792239204
sorted_array,2048,13,17.2012,6787589965792239204
sorted_array,2048,14,17.3004,6787589965792239204
btree8,2048,0,30.7541,6787589965792239204
btree8,2048,1,30.4047,6787589965792239204
btree8,2048,2,30.3802,6787589965792239204
btree8,2048,3,30.4367,6787589965792239204
btree8,2048,4,30.2536,6787589965792239204
btree8,2048,5,30.5298,6787589965792239204
btree8,2048,6,30.2628,6787589965792239204
btree8,2048,7,30.2582,6787589965792239204
btree8,2048,8,30.3680,6787589965792239204
btree8,2048,9,30.3848,6787589965792239204
btree8,2048,10,30.3055,6787589965792239204
btree8,2048,11,30.4092,6787589965792239204
btree8,2048,12,30.3162,6787589965792239204
btree8,2048,13,30.3162,6787589965792239204
btree8,2048,14,30.5801,6787589965792239204
btree8_bl,2048,0,36.9278,6787589965792239204
btree8_bl,2048,1,36.0626,6787589965792239204
btree8_bl,2048,2,35.9253,6787589965792239204
btree8_bl,2048,3,35.9222,6787589965792239204
btree8_bl,2048,4,35.8795,6787589965792239204
btree8_bl,2048,5,36.0504,6787589965792239204
btree8_bl,2048,6,35.8734,6787589965792239204
btree8_bl,2048,7,35.8810,6787589965792239204
btree8_bl,2048,8,35.7880,6787589965792239204
btree8_bl,2048,9,35.8429,6787589965792239204
btree8_bl,2048,10,35.8139,6787589965792239204
btree8_bl,2048,11,35.7788,6787589965792239204
btree8_bl,2048,12,35.9177,6787589965792239204
btree8_bl,2048,13,35.7727,6787589965792239204
btree8_bl,2048,14,35.7788,6787589965792239204
btree8_a64,2048,0,30.4169,6787589965792239204
btree8_a64,2048,1,29.9988,6787589965792239204
btree8_a64,2048,2,29.8828,6787589965792239204
btree8_a64,2048,3,29.8569,6787589965792239204
btree8_a64,2048,4,29.8553,6787589965792239204
btree8_a64,2048,5,29.8538,6787589965792239204
btree8_a64,2048,6,29.8813,6787589965792239204
btree8_a64,2048,7,29.7867,6787589965792239204
btree8_a64,2048,8,29.8141,6787589965792239204
btree8_a64,2048,9,29.7836,6787589965792239204
btree8_a64,2048,10,29.8111,6787589965792239204
btree8_a64,2048,11,29.7928,6787589965792239204
btree8_a64,2048,12,29.9637,6787589965792239204
btree8_a64,2048,13,29.8416,6787589965792239204
btree8_a64,2048,14,29.7943,6787589965792239204
btree8_bl_a64,2048,0,33.9661,6787589965792239204
btree8_bl_a64,2048,1,33.1955,6787589965792239204
btree8_bl_a64,2048,2,33.2031,6787589965792239204
btree8_bl_a64,2048,3,33.0933,6787589965792239204
btree8_bl_a64,2048,4,33.1741,6787589965792239204
btree8_bl_a64,2048,5,33.1451,6787589965792239204
btree8_bl_a64,2048,6,33.0063,6787589965792239204
btree8_bl_a64,2048,7,32.9361,6787589965792239204
btree8_bl_a64,2048,8,33.0154,6787589965792239204
btree8_bl_a64,2048,9,32.9956,6787589965792239204
btree8_bl_a64,2048,10,32.9330,6787589965792239204
btree8_bl_a64,2048,11,33.1390,6787589965792239204
btree8_bl_a64,2048,12,32.9437,6787589965792239204
btree8_bl_a64,2048,13,32.9071,6787589965792239204
btree8_bl_a64,2048,14,32.9193,6787589965792239204
btree16_bl_a64,2048,0,26.8021,6787589965792239204
btree16_bl_a64,2048,1,26.3458,6787589965792239204
btree16_bl_a64,2048,2,26.3779,6787589965792239204
btree16_bl_a64,2048,3,26.3824,6787589965792239204
btree16_bl_a64,2048,4,26.3489,6787589965792239204
btree16_bl_a64,2048,5,26.3321,6787589965792239204
btree16_bl_a64,2048,6,26.4359,6787589965792239204
btree16_bl_a64,2048,7,26.3092,6787589965792239204
btree16_bl_a64,2048,8,26.2924,6787589965792239204
btree16_bl_a64,2048,9,26.3062,6787589965792239204
btree16_bl_a64,2048,10,26.2924,6787589965792239204
btree16_bl_a64,2048,11,26.3077,6787589965792239204
btree16_bl_a64,2048,12,27.1606,6787589965792239204
btree16_bl_a64,2048,13,26.2985,6787589965792239204
btree16_bl_a64,2048,14,26.2833,6787589965792239204
fusion8,2048,0,55.0217,6787589965792239204
fusion8,2048,1,54.4495,6787589965792239204
fusion8,2048,2,54.1809,6787589965792239204
fusion8,2048,3,54.1153,6787589965792239204
fusion8,2048,4,54.2892,6787589965792239204
fusion8,2048,5,54.2191,6787589965792239204
fusion8,2048,6,54.0268,6787589965792239204
fusion8,2048,7,54.2236,6787589965792239204
fusion8,2048,8,54.0436,6787589965792239204
fusion8,2048,9,53.9978,6787589965792239204
fusion8,2048,10,54.1260,6787589965792239204
fusion8,2048,11,54.0878,6787589965792239204
fusion8,2048,12,54.0894,6787589965792239204
fusion8,2048,13,54.0527,6787589965792239204
fusion8,2048,14,54.0436,6787589965792239204
fusion8_bf,2048,0,59.6298,6787589965792239204
fusion8_bf,2048,1,59.2209,6787589965792239204
fusion8_bf,2048,2,59.3048,6787589965792239204
fusion8_bf,2048,3,59.1110,6787589965792239204
fusion8_bf,2048,4,59.0683,6787589965792239204
fusion8_bf,2048,5,59.0820,6787589965792239204
fusion8_bf,2048,6,59.3002,6787589965792239204
fusion8_bf,2048,7,59.1354,6787589965792239204
fusion8_bf,2048,8,60.3073,6787589965792239204
fusion8_bf,2048,9,59.0469,6787589965792239204
fusion8_bf,2048,10,59.1110,6787589965792239204
fusion8_bf,2048,11,59.0454,6787589965792239204
fusion8_bf,2048,12,59.0088,6787589965792239204
fusion8_bf,2048,13,58.9752,6787589965792239204
fusion8_bf,2048,14,59.1446,6787589965792239204
fusion8_c,2048,0,58.6227,6787589965792239204
fusion8_c,2048,1,57.9285,6787589965792239204
fusion8_c,2048,2,57.8598,6787589965792239204
fusion8_c,2048,3,57.8583,6787589965792239204
fusion8_c,2048,4,57.8003,6787589965792239204
fusion8_c,2048,5,57.8522,6787589965792239204
fusion8_c,2048,6,57.8293,6787589965792239204
fusion8_c,2048,7,58.0841,6787589965792239204
fusion8_c,2048,8,57.8629,6787589965792239204
fusion8_c,2048,9,58.0185,6787589965792239204
fusion8_c,2048,10,57.8659,6787589965792239204
fusion8_c,2048,11,57.8720,6787589965792239204
fusion8_c,2048,12,58.9630,6787589965792239204
fusion8_c,2048,13,58.0658,6787589965792239204
fusion8_c,2048,14,58.1223,6787589965792239204
fusion16_w,2048,0,59.6115,6787589965792239204
fusion16_w,2048,1,59.0652,6787589965792239204
fusion16_w,2048,2,58.8928,6787589965792239204
fusion16_w,2048,3,58.8882,6787589965792239204
fusion16_w,2048,4,58.8684,6787589965792239204
fusion16_w,2048,5,58.8028,6787589965792239204
fusion16_w,2048,6,58.7250,6787589965792239204
fusion16_w,2048,7,58.8608,6787589965792239204
fusion16_w,2048,8,58.7814,6787589965792239204
fusion16_w,2048,9,59.9411,6787589965792239204
fusion16_w,2048,10,58.9157,6787589965792239204
fusion16_w,2048,11,58.7021,6787589965792239204
fusion16_w,2048,12,58.8425,6787589965792239204
fusion16_w,2048,13,58.8104,6787589965792239204
fusion16_w,2048,14,58.7097,6787589965792239204
sorted_array,4096,0,19.0811,1914815765761774336
sorted_array,4096,1,18.7683,1914815765761774336
sorted_array,4096,2,18.6661,1914815765761774336
sorted_array,4096,3,18.7195,1914815765761774336
sorted_array,4096,4,18.6981,1914815765761774336
sorted_array,4096,5,18.6569,1914815765761774336
sorted_array,4096,6,18.7180,1914815765761774336
sorted_array,4096,7,18.7012,1914815765761774336
sorted_array,4096,8,18.7485,1914815765761774336
sorted_array,4096,9,19.1437,1914815765761774336
sorted_array,4096,10,18.7424,1914815765761774336
sorted_array,4096,11,18.6890,1914815765761774336
sorted_array,4096,12,18.7286,1914815765761774336
sorted_array,4096,13,18.6829,1914815765761774336
sorted_array,4096,14,18.6920,1914815765761774336
btree8,4096,0,33.9127,1914815765761774336
btree8,4096,1,33.4976,1914815765761774336
btree8,4096,2,33.4396,1914815765761774336
btree8,4096,3,33.4717,1914815765761774336
btree8,4096,4,33.3313,1914815765761774336
btree8,4096,5,33.2336,1914815765761774336
btree8,4096,6,33.2001,1914815765761774336
btree8,4096,7,34.5642,1914815765761774336
btree8,4096,8,33.2825,1914815765761774336
btree8,4096,9,33.2458,1914815765761774336
btree8,4096,10,33.3832,1914815765761774336
btree8,4096,11,33.3267,1914815765761774336
btree8,4096,12,34.4101,1914815765761774336
btree8,4096,13,33.4869,1914815765761774336
btree8,4096,14,33.3603,1914815765761774336
btree8_bl,4096,0,36.0245,1914815765761774336
btree8_bl,4096,1,35.5927,1914815765761774336
btree8_bl,4096,2,35.4965,1914815765761774336
btree8_bl,4096,3,35.5194,1914815765761774336
btree8_bl,4096,4,35.4355,1914815765761774336
btree8_bl,4096,5,35.4279,1914815765761774336
btree8_bl,4096,6,35.4538,1914815765761774336
btree8_bl,4096,7,35.4187,1914815765761774336
btree8_bl,4096,8,35.4172,1914815765761774336
btree8_bl,4096,9,35.4248,1914815765761774336
btree8_bl,4096,10,35.5560,1914815765761774336
btree8_bl,4096,11,35.4324,1914815765761774336
btree8_bl,4096,12,35.4614,1914815765761774336
btree8_bl,4096,13,35.3851,1914815765761774336
btree8_bl,4096,14,35.4370,1914815765761774336
btree8_a64,4096,0,33.6044,1914815765761774336
btree8_a64,4096,1,33.0215,1914815765761774336
btree8_a64,4096,2,32.9773,1914815765761774336
btree8_a64,4096,3,32.8537,1914815765761774336
btree8_a64,4096,4,32.8049,1914815765761774336
btree8_a64,4096,5,32.8064,1914815765761774336
btree8_a64,4096,6,32.9071,1914815765761774336
btree8_a64,4096,7,32.8903,1914815765761774336
btree8_a64,4096,8,32.7652,1914815765761774336
btree8_a64,4096,9,32.8857,1914815765761774336
btree8_a64,4096,10,32.8293,1914815765761774336
btree8_a64,4096,11,33.0353,1914815765761774336
btree8_a64,4096,12,32.8033,1914815765761774336
btree8_a64,4096,13,32.6279,1914815765761774336
btree8_a64,4096,14,32.7011,1914815765761774336
btree8_bl_a64,4096,0,33.1879,1914815765761774336
btree8_bl_a64,4096,1,32.7026,1914815765761774336
btree8_bl_a64,4096,2,32.6294,1914815765761774336
btree8_bl_a64,4096,3,32.6065,1914815765761774336
btree8_bl_a64,4096,4,32.6004,1914815765761774336
btree8_bl_a64,4096,5,32.5974,1914815765761774336
btree8_bl_a64,4096,6,32.5684,1914815765761774336
btree8_bl_a64,4096,7,33.4274,1914815765761774336
btree8_bl_a64,4096,8,32.9620,1914815765761774336
btree8_bl_a64,4096,9,32.5226,1914815765761774336
btree8_bl_a64,4096,10,32.5043,1914815765761774336
btree8_bl_a64,4096,11,32.5714,1914815765761774336
btree8_bl_a64,4096,12,32.5012,1914815765761774336
btree8_bl_a64,4096,13,32.5180,1914815765761774336
btree8_bl_a64,4096,14,32.5195,1914815765761774336
btree16_bl_a64,4096,0,26.2527,1914815765761774336
btree16_bl_a64,4096,1,26.0803,1914815765761774336
btree16_bl_a64,4096,2,26.0117,1914815765761774336
btree16_bl_a64,4096,3,26.0422,1914815765761774336
btree16_bl_a64,4096,4,26.4191,1914815765761774336
btree16_bl_a64,4096,5,26.0483,1914815765761774336
btree16_bl_a64,4096,6,26.0040,1914815765761774336
btree16_bl_a64,4096,7,25.9979,1914815765761774336
btree16_bl_a64,4096,8,26.1246,1914815765761774336
btree16_bl_a64,4096,9,26.0025,1914815765761774336
btree16_bl_a64,4096,10,26.0056,1914815765761774336
btree16_bl_a64,4096,11,25.9827,1914815765761774336
btree16_bl_a64,4096,12,26.0132,1914815765761774336
btree16_bl_a64,4096,13,26.0025,1914815765761774336
btree16_bl_a64,4096,14,25.9766,1914815765761774336
fusion8,4096,0,57.7286,1914815765761774336
fusion8,4096,1,56.4316,1914815765761774336
fusion8,4096,2,56.6742,1914815765761774336
fusion8,4096,3,56.5552,1914815765761774336
fusion8,4096,4,56.4240,1914815765761774336
fusion8,4096,5,57.0923,1914815765761774336
fusion8,4096,6,56.3110,1914815765761774336
fusion8,4096,7,56.4621,1914815765761774336
fusion8,4096,8,56.3919,1914815765761774336
fusion8,4096,9,56.3751,1914815765761774336
fusion8,4096,10,56.3263,1914815765761774336
fusion8,4096,11,56.1859,1914815765761774336
fusion8,4096,12,56.2790,1914815765761774336
fusion8,4096,13,56.3126,1914815765761774336
fusion8,4096,14,56.5216,1914815765761774336
fusion8_bf,4096,0,62.4405,1914815765761774336
fusion8_bf,4096,1,62.8784,1914815765761774336
fusion8_bf,4096,2,61.5448,1914815765761774336
fusion8_bf,4096,3,61.6104,1914815765761774336
fusion8_bf,4096,4,61.5692,1914815765761774336
fusion8_bf,4096,5,61.7111,1914815765761774336
fusion8_bf,4096,6,61.6470,1914815765761774336
fusion8_bf,4096,7,61.6287,1914815765761774336
fusion8_bf,4096,8,61.7996,1914815765761774336
fusion8_bf,4096,9,61.7157,1914815765761774336
fusion8_bf,4096,10,61.5707,1914815765761774336
fusion8_bf,4096,11,61.9171,1914815765761774336
fusion8_bf,4096,12,61.7645,1914815765761774336
fusion8_bf,4096,13,63.0402,1914815765761774336
fusion8_bf,4096,14,61.5707,1914815765761774336
fusion8_c,4096,0,60.1929,1914815765761774336
fusion8_c,4096,1,59.9365,1914815765761774336
fusion8_c,4096,2,59.8083,1914815765761774336
fusion8_c,4096,3,59.9442,1914815765761774336
fusion8_c,4096,4,59.9152,1914815765761774336
fusion8_c,4096,5,59.8679,1914815765761774336
fusion8_c,4096,6,60.0098,1914815765761774336
fusion8_c,4096,7,59.8480,1914815765761774336
fusion8_c,4096,8,59.8251,1914815765761774336
fusion8_c,4096,9,60.3027,1914815765761774336
fusion8_c,4096,10,59.8938,1914815765761774336
fusion8_c,4096,11,59.8831,1914815765761774336
fusion8_c,4096,12,59.8694,1914815765761774336
fusion8_c,4096,13,60.1547,1914815765761774336
fusion8_c,4096,14,59.9014,1914815765761774336
fusion16_w,4096,0,59.2285,1914815765761774336
fusion16_w,4096,1,59.0546,1914815765761774336
fusion16_w,4096,2,58.8882,1914815765761774336
fusion16_w,4096,3,58.9508,1914815765761774336
fusion16_w,4096,4,59.0240,1914815765761774336
fusion16_w,4096,5,58.8364,1914815765761774336
fusion16_w,4096,6,59.1614,1914815765761774336
fusion16_w,4096,7,58.9767,1914815765761774336
fusion16_w,4096,8,58.8364,1914815765761774336
fusion16_w,4096,9,59.0149,1914815765761774336
fusion16_w,4096,10,58.9981,1914815765761774336
fusion16_w,4096,11,58.9325,1914815765761774336
fusion16_w,4096,12,58.7936,1914815765761774336
fusion16_w,4096,13,58.9005,1914815765761774336
fusion16_w,4096,14,58.8623,1914815765761774336
sorted_array,8192,0,23.1659,6370395544211917414
sorted_array,8192,1,23.0377,6370395544211917414
sorted_array,8192,2,22.9752,6370395544211917414
sorted_array,8192,3,23.0301,6370395544211917414
sorted_array,8192,4,23.0255,6370395544211917414
sorted_array,8192,5,23.0103,6370395544211917414
sorted_array,8192,6,23.0118,6370395544211917414
sorted_array,8192,7,22.9675,6370395544211917414
sorted_array,8192,8,23.3078,6370395544211917414
sorted_array,8192,9,25.3616,6370395544211917414
sorted_array,8192,10,23.0392,6370395544211917414
sorted_array,8192,11,23.0331,6370395544211917414
sorted_array,8192,12,23.0423,6370395544211917414
sorted_array,8192,13,22.9980,6370395544211917414
sorted_array,8192,14,23.0301,6370395544211917414
btree8,8192,0,39.2334,6370395544211917414
btree8,8192,1,36.6043,6370395544211917414
btree8,8192,2,36.5952,6370395544211917414
btree8,8192,3,36.5280,6370395544211917414
btree8,8192,4,36.5021,6370395544211917414
btree8,8192,5,36.4517,6370395544211917414
btree8,8192,6,36.4731,6370395544211917414
btree8,8192,7,36.6074,6370395544211917414
btree8,8192,8,36.4700,6370395544211917414
btree8,8192,9,36.4853,6370395544211917414
btree8,8192,10,36.3953,6370395544211917414
btree8,8192,11,36.4731,6370395544211917414
btree8,8192,12,36.5036,6370395544211917414
btree8,8192,13,36.4197,6370395544211917414
btree8,8192,14,36.4578,6370395544211917414
btree8_bl,8192,0,42.8116,6370395544211917414
btree8_bl,8192,1,40.8752,6370395544211917414
btree8_bl,8192,2,40.8112,6370395544211917414
btree8_bl,8192,3,40.7913,6370395544211917414
btree8_bl,8192,4,40.8188,6370395544211917414
btree8_bl,8192,5,40.7730,6370395544211917414
btree8_bl,8192,6,40.7333,6370395544211917414
btree8_bl,8192,7,40.7059,6370395544211917414
btree8_bl,8192,8,40.7654,6370395544211917414
btree8_bl,8192,9,40.8615,6370395544211917414
btree8_bl,8192,10,40.6876,6370395544211917414
btree8_bl,8192,11,40.7990,6370395544211917414
btree8_bl,8192,12,40.8829,6370395544211917414
btree8_bl,8192,13,40.7196,6370395544211917414
btree8_bl,8192,14,40.7623,6370395544211917414
btree8_a64,8192,0,38.1088,6370395544211917414
btree8_a64,8192,1,36.0840,6370395544211917414
btree8_a64,8192,2,36.1237,6370395544211917414
btree8_a64,8192,3,36.3037,6370395544211917414
btree8_a64,8192,4,36.0306,6370395544211917414
btree8_a64,8192,5,36.1008,6370395544211917414
btree8_a64,8192,6,36.1588,6370395544211917414
btree8_a64,8192,7,36.0123,6370395544211917414
btree8_a64,8192,8,35.9833,6370395544211917414
btree8_a64,8192,9,36.0519,6370395544211917414
btree8_a64,8192,10,35.9268,6370395544211917414
btree8_a64,8192,11,35.9238,6370395544211917414
btree8_a64,8192,12,36.0046,6370395544211917414
btree8_a64,8192,13,35.9680,6370395544211917414
btree8_a64,8192,14,35.9528,6370395544211917414
btree8_bl_a64,8192,0,41.0339,6370395544211917414
btree8_bl_a64,8192,1,38.8290,6370395544211917414
btree8_bl_a64,8192,2,38.8260,6370395544211917414
btree8_bl_a64,8192,3,40.8340,6370395544211917414
btree8_bl_a64,8192,4,38.3331,6370395544211917414
btree8_bl_a64,8192,5,37.8815,6370395544211917414
btree8_bl_a64,8192,6,37.8204,6370395544211917414
btree8_bl_a64,8192,7,37.8098,6370395544211917414
btree8_bl_a64,8192,8,37.8098,6370395544211917414
btree8_bl_a64,8192,9,37.7335,6370395544211917414
btree8_bl_a64,8192,10,37.7350,6370395544211917414
btree8_bl_a64,8192,11,37.7441,6370395544211917414
btree8_bl_a64,8192,12,37.7258,6370395544211917414
btree8_bl_a64,8192,13,37.7945,6370395544211917414
btree8_bl_a64,8192,14,37.7762,6370395544211917414
btree16_bl_a64,8192,0,42.8848,6370395544211917414
btree16_bl_a64,8192,1,38.1668,6370395544211917414
btree16_bl_a64,8192,2,38.1989,6370395544211917414
btree16_bl_a64,8192,3,38.1027,6370395544211917414
btree16_bl_a64,8192,4,38.1729,6370395544211917414
btree16_bl_a64,8192,5,38.1180,6370395544211917414
btree16_bl_a64,8192,6,38.2202,6370395544211917414
btree16_bl_a64,8192,7,38.2751,6370395544211917414
btree16_bl_a64,8192,8,38.1699,6370395544211917414
btree16_bl_a64,8192,9,38.2706,6370395544211917414
btree16_bl_a64,8192,10,38.1439,6370395544211917414
btree16_bl_a64,8192,11,38.1348,6370395544211917414
btree16_bl_a64,8192,12,38.2568,6370395544211917414
btree16_bl_a64,8192,13,38.1958,6370395544211917414
btree16_bl_a64,8192,14,38.1851,6370395544211917414
fusion8,8192,0,65.9424,6370395544211917414
fusion8,8192,1,63.7848,6370395544211917414
fusion8,8192,2,63.9282,6370395544211917414
fusion8,8192,3,63.6841,6370395544211917414
fusion8,8192,4,63.7772,6370395544211917414
fusion8,8192,5,63.9084,6370395544211917414
fusion8,8192,6,63.5468,6370395544211917414
fusion8,8192,7,63.6246,6370395544211917414
fusion8,8192,8,63.8474,6370395544211917414
fusion8,8192,9,63.7314,6370395544211917414
fusion8,8192,10,63.7100,6370395544211917414
fusion8,8192,11,63.6475,6370395544211917414
fusion8,8192,12,63.6505,6370395544211917414
fusion8,8192,13,63.5788,6370395544211917414
fusion8,8192,14,63.6078,6370395544211917414
fusion8_bf,8192,0,72.2717,6370395544211917414
fusion8_bf,8192,1,70.8893,6370395544211917414
fusion8_bf,8192,2,70.6009,6370395544211917414
fusion8_bf,8192,3,70.6421,6370395544211917414
fusion8_bf,8192,4,71.7682,6370395544211917414
fusion8_bf,8192,5,70.6497,6370395544211917414
fusion8_bf,8192,6,70.6268,6370395544211917414
fusion8_bf,8192,7,70.6375,6370395544211917414
fusion8_bf,8192,8,71.8185,6370395544211917414
fusion8_bf,8192,9,70.6238,6370395544211917414
fusion8_bf,8192,10,70.7260,6370395544211917414
fusion8_bf,8192,11,70.5917,6370395544211917414
fusion8_bf,8192,12,70.6711,6370395544211917414
fusion8_bf,8192,13,70.6711,6370395544211917414
fusion8_bf,8192,14,70.7077,6370395544211917414
fusion8_c,8192,0,70.2179,6370395544211917414
fusion8_c,8192,1,68.2190,6370395544211917414
fusion8_c,8192,2,67.7933,6370395544211917414
fusion8_c,8192,3,67.4667,6370395544211917414
fusion8_c,8192,4,67.3843,6370395544211917414
fusion8_c,8192,5,67.3981,6370395544211917414
fusion8_c,8192,6,67.5690,6370395544211917414
fusion8_c,8192,7,67.4301,6370395544211917414
fusion8_c,8192,8,67.4240,6370395544211917414
fusion8_c,8192,9,67.5323,6370395544211917414
fusion8_c,8192,10,67.6086,6370395544211917414
fusion8_c,8192,11,67.3996,6370395544211917414
fusion8_c,8192,12,67.3492,6370395544211917414
fusion8_c,8192,13,67.4118,6370395544211917414
fusion8_c,8192,14,67.3401,6370395544211917414
fusion16_w,8192,0,82.6767,6370395544211917414
fusion16_w,8192,1,75.8560,6370395544211917414
fusion16_w,8192,2,75.8026,6370395544211917414
fusion16_w,8192,3,75.7568,6370395544211917414
fusion16_w,8192,4,77.0493,6370395544211917414
fusion16_w,8192,5,75.7935,6370395544211917414
fusion16_w,8192,6,75.8286,6370395544211917414
fusion16_w,8192,7,75.8301,6370395544211917414
fusion16_w,8192,8,75.7874,6370395544211917414
fusion16_w,8192,9,75.7538,6370395544211917414
fusion16_w,8192,10,75.7797,6370395544211917414
fusion16_w,8192,11,75.7385,6370395544211917414
fusion16_w,8192,12,75.8621,6370395544211917414
fusion16_w,8192,13,75.6882,6370395544211917414
fusion16_w,8192,14,75.7523,6370395544211917414
sorted_array,16384,0,29.4388,8091356701843327338
sorted_array,16384,1,29.1504,8091356701843327338
sorted_array,16384,2,29.2267,8091356701843327338
sorted_array,16384,3,29.1214,8091356701843327338
sorted_array,16384,4,29.1000,8091356701843327338
sorted_array,16384,5,29.1199,8091356701843327338
sorted_array,16384,6,29.1473,8091356701843327338
sorted_array,16384,7,29.1107,8091356701843327338
sorted_array,16384,8,29.1214,8091356701843327338
sorted_array,16384,9,29.1336,8091356701843327338
sorted_array,16384,10,29.0985,8091356701843327338
sorted_array,16384,11,29.1122,8091356701843327338
sorted_array,16384,12,29.1031,8091356701843327338
sorted_array,16384,13,29.1061,8091356701843327338
sorted_array,16384,14,29.1107,8091356701843327338
btree8,16384,0,48.1766,8091356701843327338
btree8,16384,1,46.3440,8091356701843327338
btree8,16384,2,46.3867,8091356701843327338
btree8,16384,3,46.4127,8091356701843327338
btree8,16384,4,46.4127,8091356701843327338
btree8,16384,5,46.3043,8091356701843327338
btree8,16384,6,46.4264,8091356701843327338
btree8,16384,7,46.1731,8091356701843327338
btree8,16384,8,46.2158,8091356701843327338
btree8,16384,9,46.1273,8091356701843327338
btree8,16384,10,46.1761,8091356701843327338
btree8,16384,11,46.1624,8091356701843327338
btree8,16384,12,46.2860,8091356701843327338
btree8,16384,13,46.1563,8091356701843327338
btree8,16384,14,46.1426,8091356701843327338
btree8_bl,16384,0,54.3549,8091356701843327338
btree8_bl,16384,1,49.1013,8091356701843327338
btree8_bl,16384,2,49.9496,8091356701843327338
btree8_bl,16384,3,49.0234,8091356701843327338
btree8_bl,16384,4,48.9365,8091356701843327338
btree8_bl,16384,5,48.9212,8091356701843327338
btree8_bl,16384,6,49.1577,8091356701843327338
btree8_bl,16384,7,48.9594,8091356701843327338
btree8_bl,16384,8,48.9288,8091356701843327338
btree8_bl,16384,9,48.9914,8091356701843327338
btree8_bl,16384,10,48.9563,8091356701843327338
btree8_bl,16384,11,48.9410,8091356701843327338
btree8_bl,16384,12,48.9380,8091356701843327338
btree8_bl,16384,13,48.9670,8091356701843327338
btree8_bl,16384,14,49.0173,8091356701843327338
btree8_a64,16384,0,49.7253,8091356701843327338
btree8_a64,16384,1,45.9488,8091356701843327338
btree8_a64,16384,2,45.5841,8091356701843327338
btree8_a64,16384,3,45.5856,8091356701843327338
btree8_a64,16384,4,45.4544,8091356701843327338
btree8_a64,16384,5,45.4926,8091356701843327338
btree8_a64,16384,6,45.5704,8091356701843327338
btree8_a64,16384,7,45.4803,8091356701843327338
btree8_a64,16384,8,45.5750,8091356701843327338
btree8_a64,16384,9,45.4575,8091356701843327338
btree8_a64,16384,10,45.6955,8091356701843327338
btree8_a64,16384,11,46.6599,8091356701843327338
btree8_a64,16384,12,45.3873,8091356701843327338
btree8_a64,16384,13,45.6024,8091356701843327338
btree8_a64,16384,14,45.7031,8091356701843327338
btree8_bl_a64,16384,0,54.0482,8091356701843327338
btree8_bl_a64,16384,1,46.6446,8091356701843327338
btree8_bl_a64,16384,2,46.5744,8091356701843327338
btree8_bl_a64,16384,3,46.3776,8091356701843327338
btree8_bl_a64,16384,4,46.4584,8091356701843327338
btree8_bl_a64,16384,5,46.4447,8091356701843327338
btree8_bl_a64,16384,6,46.5027,8091356701843327338
btree8_bl_a64,16384,7,46.3730,8091356701843327338
btree8_bl_a64,16384,8,46.3791,8091356701843327338
btree8_bl_a64,16384,9,46.4188,8091356701843327338
btree8_bl_a64,16384,10,46.4203,8091356701843327338
btree8_bl_a64,16384,11,46.3226,8091356701843327338
btree8_bl_a64,16384,12,46.3776,8091356701843327338
btree8_bl_a64,16384,13,46.4005,8091356701843327338
btree8_bl_a64,16384,14,46.3715,8091356701843327338
btree16_bl_a64,16384,0,57.5455,8091356701843327338
btree16_bl_a64,16384,1,41.9159,8091356701843327338
btree16_bl_a64,16384,2,41.9373,8091356701843327338
btree16_bl_a64,16384,3,41.8167,8091356701843327338
btree16_bl_a64,16384,4,41.8716,8091356701843327338
btree16_bl_a64,16384,5,41.7938,8091356701843327338
btree16_bl_a64,16384,6,41.8304,8091356701843327338
btree16_bl_a64,16384,7,41.7267,8091356701843327338
btree16_bl_a64,16384,8,41.8259,8091356701843327338
btree16_bl_a64,16384,9,41.7343,8091356701843327338
btree16_bl_a64,16384,10,41.8579,8091356701843327338
btree16_bl_a64,16384,11,42.9672,8091356701843327338
btree16_bl_a64,16384,12,41.6840,8091356701843327338
btree16_bl_a64,16384,13,41.8091,8091356701843327338
btree16_bl_a64,16384,14,41.7572,8091356701843327338
fusion8,16384,0,83.9630,8091356701843327338
fusion8,16384,1,76.1200,8091356701843327338
fusion8,16384,2,76.0239,8091356701843327338
fusion8,16384,3,77.7267,8091356701843327338
fusion8,16384,4,76.1780,8091356701843327338
fusion8,16384,5,76.3382,8091356701843327338
fusion8,16384,6,76.1200,8091356701843327338
fusion8,16384,7,83.8593,8091356701843327338
fusion8,16384,8,76.3062,8091356701843327338
fusion8,16384,9,76.9302,8091356701843327338
fusion8,16384,10,76.1032,8091356701843327338
fusion8,16384,11,76.0696,8091356701843327338
fusion8,16384,12,76.1810,8091356701843327338
fusion8,16384,13,76.0529,8091356701843327338
fusion8,16384,14,76.1230,8091356701843327338
fusion8_bf,16384,0,89.6759,8091356701843327338
fusion8_bf,16384,1,82.4142,8091356701843327338
fusion8_bf,16384,2,82.3761,8091356701843327338
fusion8_bf,16384,3,82.3090,8091356701843327338
fusion8_bf,16384,4,82.3410,8091356701843327338
fusion8_bf,16384,5,82.5897,8091356701843327338
fusion8_bf,16384,6,84.0622,8091356701843327338
fusion8_bf,16384,7,82.4219,8091356701843327338
fusion8_bf,16384,8,82.6599,8091356701843327338
fusion8_bf,16384,9,82.4036,8091356701843327338
fusion8_bf,16384,10,82.3425,8091356701843327338
fusion8_bf,16384,11,83.4274,8091356701843327338
fusion8_bf,16384,12,82.3929,8091356701843327338
fusion8_bf,16384,13,82.2968,8091356701843327338
fusion8_bf,16384,14,82.2891,8091356701843327338
fusion8_c,16384,0,91.5344,8091356701843327338
fusion8_c,16384,1,79.9698,8091356701843327338
fusion8_c,16384,2,79.8630,8091356701843327338
fusion8_c,16384,3,79.8584,8091356701843327338
fusion8_c,16384,4,79.5044,8091356701843327338
fusion8_c,16384,5,79.4769,8091356701843327338
fusion8_c,16384,6,79.5792,8091356701843327338
fusion8_c,16384,7,79.8920,8091356701843327338
fusion8_c,16384,8,79.8340,8091356701843327338
fusion8_c,16384,9,79.5929,8091356701843327338
fusion8_c,16384,10,79.5654,8091356701843327338
fusion8_c,16384,11,79.8523,8091356701843327338
fusion8_c,16384,12,79.6036,8091356701843327338
fusion8_c,16384,13,80.2124,8091356701843327338
fusion8_c,16384,14,79.5319,8091356701843327338
fusion16_w,16384,0,97.8073,8091356701843327338
fusion16_w,16384,1,84.1339,8091356701843327338
fusion16_w,16384,2,84.1629,8091356701843327338
fusion16_w,16384,3,84.0546,8091356701843327338
fusion16_w,16384,4,84.2545,8091356701843327338
fusion16_w,16384,5,84.1339,8091356701843327338
fusion16_w,16384,6,84.0729,8091356701843327338
fusion16_w,16384,7,84.1324,8091356701843327338
fusion16_w,16384,8,84.0927,8091356701843327338
fusion16_w,16384,9,84.1187,8091356701843327338
fusion16_w,16384,10,84.0332,8091356701843327338
fusion16_w,16384,11,84.0668,8091356701843327338
fusion16_w,16384,12,84.1675,8091356701843327338
fusion16_w,16384,13,84.1492,8091356701843327338
fusion16_w,16384,14,85.6171,8091356701843327338
sorted_array,32768,0,37.6480,1451882096117854496
sorted_array,32768,1,36.5692,1451882096117854496
sorted_array,32768,2,37.4725,1451882096117854496
sorted_array,32768,3,37.2894,1451882096117854496
sorted_array,32768,4,36.5173,1451882096117854496
sorted_array,32768,5,36.5128,1451882096117854496
sorted_array,32768,6,36.6043,1451882096117854496
sorted_array,32768,7,36.5158,1451882096117854496
sorted_array,32768,8,36.4944,1451882096117854496
sorted_array,32768,9,36.5097,1451882096117854496
sorted_array,32768,10,36.4853,1451882096117854496
sorted_array,32768,11,36.5311,1451882096117854496
sorted_array,32768,12,36.5204,1451882096117854496
sorted_array,32768,13,36.6043,1451882096117854496
sorted_array,32768,14,36.6730,1451882096117854496
btree8,32768,0,49.3637,1451882096117854496
btree8,32768,1,46.7270,1451882096117854496
btree8,32768,2,46.6934,1451882096117854496
btree8,32768,3,46.6583,1451882096117854496
btree8,32768,4,46.5866,1451882096117854496
btree8,32768,5,46.9467,1451882096117854496
btree8,32768,6,47.7676,1451882096117854496
btree8,32768,7,46.7819,1451882096117854496
btree8,32768,8,46.9269,1451882096117854496
btree8,32768,9,46.4676,1451882096117854496
btree8,32768,10,46.7377,1451882096117854496
btree8,32768,11,46.5591,1451882096117854496
btree8,32768,12,48.5245,1451882096117854496
btree8,32768,13,46.6522,1451882096117854496
btree8,32768,14,46.4264,1451882096117854496
btree8_bl,32768,0,53.0914,1451882096117854496
btree8_bl,32768,1,48.7518,1451882096117854496
btree8_bl,32768,2,48.7122,1451882096117854496
btree8_bl,32768,3,48.6679,1451882096117854496
btree8_bl,32768,4,48.6923,1451882096117854496
btree8_bl,32768,5,48.7991,1451882096117854496
btree8_bl,32768,6,48.8144,1451882096117854496
btree8_bl,32768,7,49.4034,1451882096117854496
btree8_bl,32768,8,48.7656,1451882096117854496
btree8_bl,32768,9,48.7152,1451882096117854496
btree8_bl,32768,10,48.6862,1451882096117854496
btree8_bl,32768,11,48.6313,1451882096117854496
btree8_bl,32768,12,48.7320,1451882096117854496
btree8_bl,32768,13,48.7625,1451882096117854496
btree8_bl,32768,14,48.6816,1451882096117854496
btree8_a64,32768,0,51.7273,1451882096117854496
btree8_a64,32768,1,46.9147,1451882096117854496
btree8_a64,32768,2,45.9381,1451882096117854496
btree8_a64,32768,3,45.9213,1451882096117854496
btree8_a64,32768,4,45.9579,1451882096117854496
btree8_a64,32768,5,45.8008,1451882096117854496
btree8_a64,32768,6,45.8939,1451882096117854496
btree8_a64,32768,7,45.8847,1451882096117854496
btree8_a64,32768,8,45.7886,1451882096117854496
btree8_a64,32768,9,45.4147,1451882096117854496
btree8_a64,32768,10,45.8160,1451882096117854496
btree8_a64,32768,11,46.0846,1451882096117854496
btree8_a64,32768,12,45.8389,1451882096117854496
btree8_a64,32768,13,45.7870,1451882096117854496
btree8_a64,32768,14,45.8252,1451882096117854496
btree8_bl_a64,32768,0,54.5135,1451882096117854496
btree8_bl_a64,32768,1,46.5515,1451882096117854496
btree8_bl_a64,32768,2,46.3776,1451882096117854496
btree8_bl_a64,32768,3,46.4371,1451882096117854496
btree8_bl_a64,32768,4,46.3486,1451882096117854496
btree8_bl_a64,32768,5,46.3440,1451882096117854496
btree8_bl_a64,32768,6,47.2092,1451882096117854496
btree8_bl_a64,32768,7,46.3699,1451882096117854496
btree8_bl_a64,32768,8,46.3654,1451882096117854496
btree8_bl_a64,32768,9,46.3867,1451882096117854496
btree8_bl_a64,32768,10,46.3943,1451882096117854496
btree8_bl_a64,32768,11,46.3455,1451882096117854496
btree8_bl_a64,32768,12,46.3821,1451882096117854496
btree8_bl_a64,32768,13,46.4035,1451882096117854496
btree8_bl_a64,32768,14,46.3501,1451882096117854496
btree16_bl_a64,32768,0,47.1390,1451882096117854496
btree16_bl_a64,32768,1,41.4825,1451882096117854496
btree16_bl_a64,32768,2,41.4581,1451882096117854496
btree16_bl_a64,32768,3,41.3788,1451882096117854496
btree16_bl_a64,32768,4,41.4749,1451882096117854496
btree16_bl_a64,32768,5,41.3727,1451882096117854496
btree16_bl_a64,32768,6,43.4753,1451882096117854496
btree16_bl_a64,32768,7,41.3971,1451882096117854496
btree16_bl_a64,32768,8,41.3330,1451882096117854496
btree16_bl_a64,32768,9,41.4108,1451882096117854496
btree16_bl_a64,32768,10,41.3376,1451882096117854496
btree16_bl_a64,32768,11,41.4536,1451882096117854496
btree16_bl_a64,32768,12,41.4597,1451882096117854496
btree16_bl_a64,32768,13,41.4352,1451882096117854496
btree16_bl_a64,32768,14,41.4078,1451882096117854496
fusion8,32768,0,83.5449,1451882096117854496
fusion8,32768,1,80.0339,1451882096117854496
fusion8,32768,2,79.2358,1451882096117854496
fusion8,32768,3,79.5364,1451882096117854496
fusion8,32768,4,80.0766,1451882096117854496
fusion8,32768,5,79.5074,1451882096117854496
fusion8,32768,6,79.4373,1451882096117854496
fusion8,32768,7,79.2664,1451882096117854496
fusion8,32768,8,79.1687,1451882096117854496
fusion8,32768,9,79.2603,1451882096117854496
fusion8,32768,10,79.3472,1451882096117854496
fusion8,32768,11,79.1901,1451882096117854496
fusion8,32768,12,78.9917,1451882096117854496
fusion8,32768,13,79.0848,1451882096117854496
fusion8,32768,14,78.8879,1451882096117854496
fusion8_bf,32768,0,91.4368,1451882096117854496
fusion8_bf,32768,1,86.0046,1451882096117854496
fusion8_bf,32768,2,85.8109,1451882096117854496
fusion8_bf,32768,3,85.8093,1451882096117854496
fusion8_bf,32768,4,85.9711,1451882096117854496
fusion8_bf,32768,5,85.9299,1451882096117854496
fusion8_bf,32768,6,86.0580,1451882096117854496
fusion8_bf,32768,7,86.1099,1451882096117854496
fusion8_bf,32768,8,86.0107,1451882096117854496
fusion8_bf,32768,9,86.1725,1451882096117854496
fusion8_bf,32768,10,85.8795,1451882096117854496
fusion8_bf,32768,11,87.3398,1451882096117854496
fusion8_bf,32768,12,87.2513,1451882096117854496
fusion8_bf,32768,13,86.2442,1451882096117854496
fusion8_bf,32768,14,86.0947,1451882096117854496
fusion8_c,32768,0,88.8962,1451882096117854496
fusion8_c,32768,1,83.9722,1451882096117854496
fusion8_c,32768,2,83.0490,1451882096117854496
fusion8_c,32768,3,82.8827,1451882096117854496
fusion8_c,32768,4,82.8506,1451882096117854496
fusion8_c,32768,5,82.8842,1451882096117854496
fusion8_c,32768,6,83.0780,1451882096117854496
fusion8_c,32768,7,83.0322,1451882096117854496
fusion8_c,32768,8,83.3847,1451882096117854496
fusion8_c,32768,9,82.7896,1451882096117854496
fusion8_c,32768,10,82.8781,1451882096117854496
fusion8_c,32768,11,83.4717,1451882096117854496
fusion8_c,32768,12,83.4717,1451882096117854496
fusion8_c,32768,13,82.7255,1451882096117854496
fusion8_c,32768,14,82.7881,1451882096117854496
fusion16_w,32768,0,97.2458,1451882096117854496
fusion16_w,32768,1,88.5208,1451882096117854496
fusion16_w,32768,2,88.5742,1451882096117854496
fusion16_w,32768,3,88.5178,1451882096117854496
fusion16_w,32768,4,88.4735,1451882096117854496
fusion16_w,32768,5,88.4613,1451882096117854496
fusion16_w,32768,6,88.4674,1451882096117854496
fusion16_w,32768,7,88.5132,1451882096117854496
fusion16_w,32768,8,89.5203,1451882096117854496
fusion16_w,32768,9,88.5620,1451882096117854496
fusion16_w,32768,10,88.4995,1451882096117854496
fusion16_w,32768,11,88.5605,1451882096117854496
fusion16_w,32768,12,88.6078,1451882096117854496
fusion16_w,32768,13,88.6902,1451882096117854496
fusion16_w,32768,14,88.6414,1451882096117854496
sorted_array,65536,0,48.8358,1313883487276844600
sorted_array,65536,1,46.6064,1313883487276844600
sorted_array,65536,2,46.5469,1313883487276844600
sorted_array,65536,3,46.5851,1313883487276844600
sorted_array,65536,4,46.6461,1313883487276844600
sorted_array,65536,5,46.5927,1313883487276844600
sorted_array,65536,6,46.6171,1313883487276844600
sorted_array,65536,7,46.5775,1313883487276844600
sorted_array,65536,8,46.6873,1313883487276844600
sorted_array,65536,9,46.6492,1313883487276844600
sorted_array,65536,10,46.5973,1313883487276844600
sorted_array,65536,11,46.6278,1313883487276844600
sorted_array,65536,12,46.5591,1313883487276844600
sorted_array,65536,13,46.6171,1313883487276844600
sorted_array,65536,14,46.6690,1313883487276844600
btree8,65536,0,58.5052,1313883487276844600
btree8,65536,1,52.0737,1313883487276844600
btree8,65536,2,52.2583,1313883487276844600
btree8,65536,3,52.0111,1313883487276844600
btree8,65536,4,51.8692,1313883487276844600
btree8,65536,5,51.8845,1313883487276844600
btree8,65536,6,51.9348,1313883487276844600
btree8,65536,7,51.9058,1313883487276844600
btree8,65536,8,52.8412,1313883487276844600
btree8,65536,9,51.8677,1313883487276844600
btree8,65536,10,51.7990,1313883487276844600
btree8,65536,11,53.0441,1313883487276844600
btree8,65536,12,51.7914,1313883487276844600
btree8,65536,13,51.8463,1313883487276844600
btree8,65536,14,51.7883,1313883487276844600
btree8_bl,65536,0,59.3826,1313883487276844600
btree8_bl,65536,1,52.7313,1313883487276844600
btree8_bl,65536,2,52.7145,1313883487276844600
btree8_bl,65536,3,52.6962,1313883487276844600
btree8_bl,65536,4,52.8137,1313883487276844600
btree8_bl,65536,5,52.6901,1313883487276844600
btree8_bl,65536,6,53.5004,1313883487276844600
btree8_bl,65536,7,52.8671,1313883487276844600
btree8_bl,65536,8,52.8519,1313883487276844600
btree8_bl,65536,9,52.7512,1313883487276844600
btree8_bl,65536,10,52.9129,1313883487276844600
btree8_bl,65536,11,52.6520,1313883487276844600
btree8_bl,65536,12,52.7191,1313883487276844600
btree8_bl,65536,13,53.6530,1313883487276844600
btree8_bl,65536,14,52.7969,1313883487276844600
btree8_a64,65536,0,62.9089,1313883487276844600
btree8_a64,65536,1,52.1164,1313883487276844600
btree8_a64,65536,2,52.3209,1313883487276844600
btree8_a64,65536,3,52.2858,1313883487276844600
btree8_a64,65536,4,52.2568,1313883487276844600
btree8_a64,65536,5,52.1881,1313883487276844600
btree8_a64,65536,6,52.4017,1313883487276844600
btree8_a64,65536,7,52.3712,1313883487276844600
btree8_a64,65536,8,52.3071,1313883487276844600
btree8_a64,65536,9,52.2263,1313883487276844600
btree8_a64,65536,10,52.4857,1313883487276844600
btree8_a64,65536,11,54.3762,1313883487276844600
btree8_a64,65536,12,52.4582,1313883487276844600
btree8_a64,65536,13,52.2461,1313883487276844600
btree8_a64,65536,14,52.3254,1313883487276844600
btree8_bl_a64,65536,0,65.0131,1313883487276844600
btree8_bl_a64,65536,1,51.2482,1313883487276844600
btree8_bl_a64,65536,2,51.0605,1313883487276844600
btree8_bl_a64,65536,3,51.1063,1313883487276844600
btree8_bl_a64,65536,4,51.0178,1313883487276844600
btree8_bl_a64,65536,5,50.9842,1313883487276844600
btree8_bl_a64,65536,6,50.9415,1313883487276844600
btree8_bl_a64,65536,7,50.9216,1313883487276844600
btree8_bl_a64,65536,8,50.9506,1313883487276844600
btree8_bl_a64,65536,9,51.3580,1313883487276844600
btree8_bl_a64,65536,10,50.9796,1313883487276844600
btree8_bl_a64,65536,11,51.0162,1313883487276844600
btree8_bl_a64,65536,12,50.9567,1313883487276844600
btree8_bl_a64,65536,13,51.0178,1313883487276844600
btree8_bl_a64,65536,14,51.0025,1313883487276844600
btree16_bl_a64,65536,0,50.0778,1313883487276844600
btree16_bl_a64,65536,1,41.0812,1313883487276844600
btree16_bl_a64,65536,2,41.2994,1313883487276844600
btree16_bl_a64,65536,3,41.1499,1313883487276844600
btree16_bl_a64,65536,4,41.1453,1313883487276844600
btree16_bl_a64,65536,5,41.0309,1313883487276844600
btree16_bl_a64,65536,6,41.0431,1313883487276844600
btree16_bl_a64,65536,7,41.0660,1313883487276844600
btree16_bl_a64,65536,8,41.0873,1313883487276844600
btree16_bl_a64,65536,9,42.0181,1313883487276844600
btree16_bl_a64,65536,10,41.0095,1313883487276844600
btree16_bl_a64,65536,11,41.1407,1313883487276844600
btree16_bl_a64,65536,12,41.0233,1313883487276844600
btree16_bl_a64,65536,13,41.0614,1313883487276844600
btree16_bl_a64,65536,14,41.0263,1313883487276844600
fusion8,65536,0,100.8163,1313883487276844600
fusion8,65536,1,85.6277,1313883487276844600
fusion8,65536,2,85.1807,1313883487276844600
fusion8,65536,3,85.4019,1313883487276844600
fusion8,65536,4,85.1013,1313883487276844600
fusion8,65536,5,86.0321,1313883487276844600
fusion8,65536,6,85.4935,1313883487276844600
fusion8,65536,7,85.1196,1313883487276844600
fusion8,65536,8,85.2737,1313883487276844600
fusion8,65536,9,85.1639,1313883487276844600
fusion8,65536,10,85.3043,1313883487276844600
fusion8,65536,11,85.0754,1313883487276844600
fusion8,65536,12,85.1212,1313883487276844600
fusion8,65536,13,85.1730,1313883487276844600
fusion8,65536,14,85.1761,1313883487276844600
fusion8_bf,65536,0,113.1424,1313883487276844600
fusion8_bf,65536,1,92.4072,1313883487276844600
fusion8_bf,65536,2,92.2043,1313883487276844600
fusion8_bf,65536,3,92.2470,1313883487276844600
fusion8_bf,65536,4,92.2348,1313883487276844600
fusion8_bf,65536,5,92.3721,1313883487276844600
fusion8_bf,65536,6,92.1448,1313883487276844600
fusion8_bf,65536,7,92.1219,1313883487276844600
fusion8_bf,65536,8,92.3035,1313883487276844600
fusion8_bf,65536,9,92.2516,1313883487276844600
fusion8_bf,65536,10,92.2821,1313883487276844600
fusion8_bf,65536,11,92.2714,1313883487276844600
fusion8_bf,65536,12,92.2272,1313883487276844600
fusion8_bf,65536,13,92.2211,1313883487276844600
fusion8_bf,65536,14,92.1036,1313883487276844600
fusion8_c,65536,0,114.3875,1313883487276844600
fusion8_c,65536,1,90.3244,1313883487276844600
fusion8_c,65536,2,90.1764,1313883487276844600
fusion8_c,65536,3,90.0970,1313883487276844600
fusion8_c,65536,4,90.1337,1313883487276844600
fusion8_c,65536,5,91.6885,1313883487276844600
fusion8_c,65536,6,90.4694,1313883487276844600
fusion8_c,65536,7,90.1733,1313883487276844600
fusion8_c,65536,8,90.1215,1313883487276844600
fusion8_c,65536,9,90.1093,1313883487276844600
fusion8_c,65536,10,90.3656,1313883487276844600
fusion8_c,65536,11,90.1749,1313883487276844600
fusion8_c,65536,12,90.1093,1313883487276844600
fusion8_c,65536,13,90.0497,1313883487276844600
fusion8_c,65536,14,90.2802,1313883487276844600
fusion16_w,65536,0,98.1247,1313883487276844600
fusion16_w,65536,1,89.1113,1313883487276844600
fusion16_w,65536,2,89.0259,1313883487276844600
fusion16_w,65536,3,89.0228,1313883487276844600
fusion16_w,65536,4,91.2949,1313883487276844600
fusion16_w,65536,5,91.0004,1313883487276844600
fusion16_w,65536,6,89.0396,1313883487276844600
fusion16_w,65536,7,89.0259,1313883487276844600
fusion16_w,65536,8,89.0793,1313883487276844600
fusion16_w,65536,9,89.0884,1313883487276844600
fusion16_w,65536,10,90.2039,1313883487276844600
fusion16_w,65536,11,89.1159,1313883487276844600
fusion16_w,65536,12,88.9679,1313883487276844600
fusion16_w,65536,13,89.0137,1313883487276844600
fusion16_w,65536,14,89.0091,1313883487276844600
sorted_array,131072,0,64.1022,7532165159138614248
sorted_array,131072,1,58.5358,7532165159138614248
sorted_array,131072,2,58.2947,7532165159138614248
sorted_array,131072,3,58.3023,7532165159138614248
sorted_array,131072,4,58.2932,7532165159138614248
sorted_array,131072,5,58.3557,7532165159138614248
sorted_array,131072,6,58.3481,7532165159138614248
sorted_array,131072,7,58.2977,7532165159138614248
sorted_array,131072,8,58.3115,7532165159138614248
sorted_array,131072,9,59.1782,7532165159138614248
sorted_array,131072,10,58.3939,7532165159138614248
sorted_array,131072,11,58.3694,7532165159138614248
sorted_array,131072,12,58.4824,7532165159138614248
sorted_array,131072,13,58.3084,7532165159138614248
sorted_array,131072,14,58.2764,7532165159138614248
btree8,131072,0,97.1573,7532165159138614248
btree8,131072,1,71.5149,7532165159138614248
btree8,131072,2,71.3211,7532165159138614248
btree8,131072,3,70.9595,7532165159138614248
btree8,131072,4,70.9900,7532165159138614248
btree8,131072,5,71.2982,7532165159138614248
btree8,131072,6,71.0953,7532165159138614248
btree8,131072,7,70.7718,7532165159138614248
btree8,131072,8,71.1899,7532165159138614248
btree8,131072,9,70.8786,7532165159138614248
btree8,131072,10,70.6314,7532165159138614248
btree8,131072,11,71.0587,7532165159138614248
btree8,131072,12,70.7428,7532165159138614248
btree8,131072,13,70.7962,7532165159138614248
btree8,131072,14,71.3547,7532165159138614248
btree8_bl,131072,0,111.8057,7532165159138614248
btree8_bl,131072,1,74.2554,7532165159138614248
btree8_bl,131072,2,73.9517,7532165159138614248
btree8_bl,131072,3,73.8190,7532165159138614248
btree8_bl,131072,4,74.3011,7532165159138614248
btree8_bl,131072,5,75.3891,7532165159138614248
btree8_bl,131072,6,73.7350,7532165159138614248
btree8_bl,131072,7,73.6664,7532165159138614248
btree8_bl,131072,8,73.6969,7532165159138614248
btree8_bl,131072,9,73.5474,7532165159138614248
btree8_bl,131072,10,73.9380,7532165159138614248
btree8_bl,131072,11,75.0992,7532165159138614248
btree8_bl,131072,12,73.6832,7532165159138614248
btree8_bl,131072,13,74.1058,7532165159138614248
btree8_bl,131072,14,73.8434,7532165159138614248
btree8_a64,131072,0,95.0302,7532165159138614248
btree8_a64,131072,1,72.1970,7532165159138614248
btree8_a64,131072,2,72.0032,7532165159138614248
btree8_a64,131072,3,71.8887,7532165159138614248
btree8_a64,131072,4,71.8124,7532165159138614248
btree8_a64,131072,5,71.9131,7532165159138614248
btree8_a64,131072,6,71.8597,7532165159138614248
btree8_a64,131072,7,71.8048,7532165159138614248
btree8_a64,131072,8,71.9116,7532165159138614248
btree8_a64,131072,9,71.7850,7532165159138614248
btree8_a64,131072,10,71.9086,7532165159138614248
btree8_a64,131072,11,72.0673,7532165159138614248
btree8_a64,131072,12,72.2656,7532165159138614248
btree8_a64,131072,13,72.0215,7532165159138614248
btree8_a64,131072,14,71.8323,7532165159138614248
btree8_bl_a64,131072,0,109.0668,7532165159138614248
btree8_bl_a64,131072,1,70.9473,7532165159138614248
btree8_bl_a64,131072,2,69.9020,7532165159138614248
btree8_bl_a64,131072,3,70.3171,7532165159138614248
btree8_bl_a64,131072,4,70.0134,7532165159138614248
btree8_bl_a64,131072,5,70.4788,7532165159138614248
btree8_bl_a64,131072,6,70.2682,7532165159138614248
btree8_bl_a64,131072,7,70.6543,7532165159138614248
btree8_bl_a64,131072,8,70.2362,7532165159138614248
btree8_bl_a64,131072,9,70.4498,7532165159138614248
btree8_bl_a64,131072,10,70.3125,7532165159138614248
btree8_bl_a64,131072,11,70.3400,7532165159138614248
btree8_bl_a64,131072,12,70.5704,7532165159138614248
btree8_bl_a64,131072,13,70.2789,7532165159138614248
btree8_bl_a64,131072,14,70.3812,7532165159138614248
btree16_bl_a64,131072,0,105.6427,7532165159138614248
btree16_bl_a64,131072,1,71.0068,7532165159138614248
btree16_bl_a64,131072,2,69.9310,7532165159138614248
btree16_bl_a64,131072,3,70.4086,7532165159138614248
btree16_bl_a64,131072,4,69.7678,7532165159138614248
btree16_bl_a64,131072,5,71.0968,7532165159138614248
btree16_bl_a64,131072,6,70.4346,7532165159138614248
btree16_bl_a64,131072,7,70.5383,7532165159138614248
btree16_bl_a64,131072,8,70.1157,7532165159138614248
btree16_bl_a64,131072,9,71.9147,7532165159138614248
btree16_bl_a64,131072,10,71.5225,7532165159138614248
btree16_bl_a64,131072,11,70.2805,7532165159138614248
btree16_bl_a64,131072,12,74.2691,7532165159138614248
btree16_bl_a64,131072,13,71.8063,7532165159138614248
btree16_bl_a64,131072,14,70.4712,7532165159138614248
fusion8,131072,0,151.7609,7532165159138614248
fusion8,131072,1,117.1387,7532165159138614248
fusion8,131072,2,116.5405,7532165159138614248
fusion8,131072,3,117.1890,7532165159138614248
fusion8,131072,4,117.7780,7532165159138614248
fusion8,131072,5,116.8945,7532165159138614248
fusion8,131072,6,117.1539,7532165159138614248
fusion8,131072,7,116.8442,7532165159138614248
fusion8,131072,8,118.0923,7532165159138614248
fusion8,131072,9,117.8421,7532165159138614248
fusion8,131072,10,117.8741,7532165159138614248
fusion8,131072,11,117.4683,7532165159138614248
fusion8,131072,12,117.7582,7532165159138614248
fusion8,131072,13,116.9922,7532165159138614248
fusion8,131072,14,117.3294,7532165159138614248
fusion8_bf,131072,0,168.9713,7532165159138614248
fusion8_bf,131072,1,124.2554,7532165159138614248
fusion8_bf,131072,2,123.8754,7532165159138614248
fusion8_bf,131072,3,126.5549,7532165159138614248
fusion8_bf,131072,4,125.5295,7532165159138614248
fusion8_bf,131072,5,124.9664,7532165159138614248
fusion8_bf,131072,6,124.5712,7532165159138614248
fusion8_bf,131072,7,124.0784,7532165159138614248
fusion8_bf,131072,8,127.0844,7532165159138614248
fusion8_bf,131072,9,125.0671,7532165159138614248
fusion8_bf,131072,10,123.6908,7532165159138614248
fusion8_bf,131072,11,126.0422,7532165159138614248
fusion8_bf,131072,12,123.6969,7532165159138614248
fusion8_bf,131072,13,124.2386,7532165159138614248
fusion8_bf,131072,14,125.2716,7532165159138614248
fusion8_c,131072,0,147.6044,7532165159138614248
fusion8_c,131072,1,113.6383,7532165159138614248
fusion8_c,131072,2,112.8235,7532165159138614248
fusion8_c,131072,3,113.2446,7532165159138614248
fusion8_c,131072,4,113.9893,7532165159138614248
fusion8_c,131072,5,113.3484,7532165159138614248
fusion8_c,131072,6,112.9425,7532165159138614248
fusion8_c,131072,7,113.5132,7532165159138614248
fusion8_c,131072,8,113.1653,7532165159138614248
fusion8_c,131072,9,112.8128,7532165159138614248
fusion8_c,131072,10,114.2700,7532165159138614248
fusion8_c,131072,11,113.5666,7532165159138614248
fusion8_c,131072,12,112.9150,7532165159138614248
fusion8_c,131072,13,113.1226,7532165159138614248
fusion8_c,131072,14,112.7731,7532165159138614248
fusion16_w,131072,0,152.4475,7532165159138614248
fusion16_w,131072,1,124.4766,7532165159138614248
fusion16_w,131072,2,121.9437,7532165159138614248
fusion16_w,131072,3,122.3434,7532165159138614248
fusion16_w,131072,4,122.5571,7532165159138614248
fusion16_w,131072,5,122.0886,7532165159138614248
fusion16_w,131072,6,123.8327,7532165159138614248
fusion16_w,131072,7,124.3347,7532165159138614248
fusion16_w,131072,8,122.6242,7532165159138614248
fusion16_w,131072,9,122.0535,7532165159138614248
fusion16_w,131072,10,122.6120,7532165159138614248
fusion16_w,131072,11,122.2534,7532165159138614248
fusion16_w,131072,12,123.3093,7532165159138614248
fusion16_w,131072,13,122.0978,7532165159138614248
fusion16_w,131072,14,123.5123,7532165159138614248
sorted_array,262144,0,80.0888,14595982901779754467
sorted_array,262144,1,67.6605,14595982901779754467
sorted_array,262144,2,69.5160,14595982901779754467
sorted_array,262144,3,67.7521,14595982901779754467
sorted_array,262144,4,67.6285,14595982901779754467
sorted_array,262144,5,67.5507,14595982901779754467
sorted_array,262144,6,67.5293,14595982901779754467
sorted_array,262144,7,67.5507,14595982901779754467
sorted_array,262144,8,67.9291,14595982901779754467
sorted_array,262144,9,67.6163,14595982901779754467
sorted_array,262144,10,67.6010,14595982901779754467
sorted_array,262144,11,67.6926,14595982901779754467
sorted_array,262144,12,67.5217,14595982901779754467
sorted_array,262144,13,67.6147,14595982901779754467
sorted_array,262144,14,67.5034,14595982901779754467
btree8,262144,0,91.8243,14595982901779754467
btree8,262144,1,75.5051,14595982901779754467
btree8,262144,2,74.3423,14595982901779754467
btree8,262144,3,75.2991,14595982901779754467
btree8,262144,4,75.4700,14595982901779754467
btree8,262144,5,74.1699,14595982901779754467
btree8,262144,6,74.1852,14595982901779754467
btree8,262144,7,74.4141,14595982901779754467
btree8,262144,8,74.1837,14595982901779754467
btree8,262144,9,74.1852,14595982901779754467
btree8,262144,10,74.1257,14595982901779754467
btree8,262144,11,74.1211,14595982901779754467
btree8,262144,12,74.0936,14595982901779754467
btree8,262144,13,74.2355,14595982901779754467
btree8,262144,14,74.0173,14595982901779754467
btree8_bl,262144,0,118.6768,14595982901779754467
btree8_bl,262144,1,77.8351,14595982901779754467
btree8_bl,262144,2,77.0874,14595982901779754467
btree8_bl,262144,3,78.5477,14595982901779754467
btree8_bl,262144,4,76.7654,14595982901779754467
btree8_bl,262144,5,76.5869,14595982901779754467
btree8_bl,262144,6,76.6312,14595982901779754467
btree8_bl,262144,7,76.4267,14595982901779754467
btree8_bl,262144,8,76.5564,14595982901779754467
btree8_bl,262144,9,78.9139,14595982901779754467
btree8_bl,262144,10,76.7746,14595982901779754467
btree8_bl,262144,11,76.4786,14595982901779754467
btree8_bl,262144,12,76.6083,14595982901779754467
btree8_bl,262144,13,77.1103,14595982901779754467
btree8_bl,262144,14,77.1088,14595982901779754467
btree8_a64,262144,0,104.8080,14595982901779754467
btree8_a64,262144,1,74.7360,14595982901779754467
btree8_a64,262144,2,74.1318,14595982901779754467
btree8_a64,262144,3,74.2737,14595982901779754467
btree8_a64,262144,4,74.6689,14595982901779754467
btree8_a64,262144,5,74.2615,14595982901779754467
btree8_a64,262144,6,75.2304,14595982901779754467
btree8_a64,262144,7,74.4110,14595982901779754467
btree8_a64,262144,8,74.2844,14595982901779754467
btree8_a64,262144,9,74.1821,14595982901779754467
btree8_a64,262144,10,74.0799,14595982901779754467
btree8_a64,262144,11,74.2401,14595982901779754467
btree8_a64,262144,12,75.8499,14595982901779754467
btree8_a64,262144,13,74.2844,14595982901779754467
btree8_a64,262144,14,74.2401,14595982901779754467
btree8_bl_a64,262144,0,119.8898,14595982901779754467
btree8_bl_a64,262144,1,74.7559,14595982901779754467
btree8_bl_a64,262144,2,73.4665,14595982901779754467
btree8_bl_a64,262144,3,74.5758,14595982901779754467
btree8_bl_a64,262144,4,73.3490,14595982901779754467
btree8_bl_a64,262144,5,74.2126,14595982901779754467
btree8_bl_a64,262144,6,73.2498,14595982901779754467
btree8_bl_a64,262144,7,74.1806,14595982901779754467
btree8_bl_a64,262144,8,73.5214,14595982901779754467
btree8_bl_a64,262144,9,74.7025,14595982901779754467
btree8_bl_a64,262144,10,73.3200,14595982901779754467
btree8_bl_a64,262144,11,74.7849,14595982901779754467
btree8_bl_a64,262144,12,75.1755,14595982901779754467
btree8_bl_a64,262144,13,74.8596,14595982901779754467
btree8_bl_a64,262144,14,73.1659,14595982901779754467
btree16_bl_a64,262144,0,151.5808,14595982901779754467
btree16_bl_a64,262144,1,97.6181,14595982901779754467
btree16_bl_a64,262144,2,90.3915,14595982901779754467
btree16_bl_a64,262144,3,89.8315,14595982901779754467
btree16_bl_a64,262144,4,92.1112,14595982901779754467
btree16_bl_a64,262144,5,90.2832,14595982901779754467
btree16_bl_a64,262144,6,90.2588,14595982901779754467
btree16_bl_a64,262144,7,91.5375,14595982901779754467
btree16_bl_a64,262144,8,94.7510,14595982901779754467
btree16_bl_a64,262144,9,92.8101,14595982901779754467
btree16_bl_a64,262144,10,92.7826,14595982901779754467
btree16_bl_a64,262144,11,98.0225,14595982901779754467
btree16_bl_a64,262144,12,100.0458,14595982901779754467
btree16_bl_a64,262144,13,91.4673,14595982901779754467
btree16_bl_a64,262144,14,96.8979,14595982901779754467
fusion8,262144,0,159.8663,14595982901779754467
fusion8,262144,1,123.7991,14595982901779754467
fusion8,262144,2,123.0423,14595982901779754467
fusion8,262144,3,123.8052,14595982901779754467
fusion8,262144,4,123.2330,14595982901779754467
fusion8,262144,5,124.0067,14595982901779754467
fusion8,262144,6,126.9791,14595982901779754467
fusion8,262144,7,125.4486,14595982901779754467
fusion8,262144,8,126.1948,14595982901779754467
fusion8,262144,9,125.0824,14595982901779754467
fusion8,262144,10,123.3109,14595982901779754467
fusion8,262144,11,123.9471,14595982901779754467
fusion8,262144,12,124.3942,14595982901779754467
fusion8,262144,13,123.0408,14595982901779754467
fusion8,262144,14,129.0787,14595982901779754467
fusion8_bf,262144,0,176.8631,14595982901779754467
fusion8_bf,262144,1,135.1013,14595982901779754467
fusion8_bf,262144,2,134.2514,14595982901779754467
fusion8_bf,262144,3,132.1274,14595982901779754467
fusion8_bf,262144,4,132.0190,14595982901779754467
fusion8_bf,262144,5,133.7296,14595982901779754467
fusion8_bf,262144,6,133.1726,14595982901779754467
fusion8_bf,262144,7,131.0196,14595982901779754467
fusion8_bf,262144,8,132.5485,14595982901779754467
fusion8_bf,262144,9,131.0028,14595982901779754467
fusion8_bf,262144,10,131.8054,14595982901779754467
fusion8_bf,262144,11,130.4993,14595982901779754467
fusion8_bf,262144,12,134.7610,14595982901779754467
fusion8_bf,262144,13,130.9540,14595982901779754467
fusion8_bf,262144,14,135.5057,14595982901779754467
fusion8_c,262144,0,169.0735,14595982901779754467
fusion8_c,262144,1,120.4208,14595982901779754467
fusion8_c,262144,2,119.6167,14595982901779754467
fusion8_c,262144,3,119.7311,14595982901779754467
fusion8_c,262144,4,120.4880,14595982901779754467
fusion8_c,262144,5,119.8547,14595982901779754467
fusion8_c,262144,6,119.6365,14595982901779754467
fusion8_c,262144,7,120.0043,14595982901779754467
fusion8_c,262144,8,121.2128,14595982901779754467
fusion8_c,262144,9,120.1279,14595982901779754467
fusion8_c,262144,10,120.3644,14595982901779754467
fusion8_c,262144,11,120.4041,14595982901779754467
fusion8_c,262144,12,121.3043,14595982901779754467
fusion8_c,262144,13,120.1401,14595982901779754467
fusion8_c,262144,14,120.0989,14595982901779754467
fusion16_w,262144,0,196.8216,14595982901779754467
fusion16_w,262144,1,146.7285,14595982901779754467
fusion16_w,262144,2,149.0891,14595982901779754467
fusion16_w,262144,3,166.2094,14595982901779754467
fusion16_w,262144,4,157.2983,14595982901779754467
fusion16_w,262144,5,147.6547,14595982901779754467
fusion16_w,262144,6,156.4087,14595982901779754467
fusion16_w,262144,7,159.4070,14595982901779754467
fusion16_w,262144,8,170.3857,14595982901779754467
fusion16_w,262144,9,168.3624,14595982901779754467
fusion16_w,262144,10,151.8677,14595982901779754467
fusion16_w,262144,11,146.8765,14595982901779754467
fusion16_w,262144,12,146.6843,14595982901779754467
fusion16_w,262144,13,145.5780,14595982901779754467
fusion16_w,262144,14,153.3905,14595982901779754467
sorted_array,524288,0,124.4843,2430445356442705539
sorted_array,524288,1,108.5190,2430445356442705539
sorted_array,524288,2,108.0612,2430445356442705539
sorted_array,524288,3,107.8293,2430445356442705539
sorted_array,524288,4,107.9483,2430445356442705539
sorted_array,524288,5,112.1536,2430445356442705539
sorted_array,524288,6,108.4641,2430445356442705539
sorted_array,524288,7,107.0084,2430445356442705539
sorted_array,524288,8,106.8802,2430445356442705539
sorted_array,524288,9,106.8420,2430445356442705539
sorted_array,524288,10,107.0099,2430445356442705539
sorted_array,524288,11,106.9733,2430445356442705539
sorted_array,524288,12,106.8863,2430445356442705539
sorted_array,524288,13,106.8222,2430445356442705539
sorted_array,524288,14,107.1564,2430445356442705539
btree8,524288,0,107.3486,2430445356442705539
btree8,524288,1,75.2045,2430445356442705539
btree8,524288,2,74.8535,2430445356442705539
btree8,524288,3,74.4919,2430445356442705539
btree8,524288,4,74.5316,2430445356442705539
btree8,524288,5,74.4537,2430445356442705539
btree8,524288,6,74.7467,2430445356442705539
btree8,524288,7,74.5743,2430445356442705539
btree8,524288,8,74.1364,2430445356442705539
btree8,524288,9,74.5621,2430445356442705539
btree8,524288,10,74.3317,2430445356442705539
btree8,524288,11,74.2142,2430445356442705539
btree8,524288,12,74.6048,2430445356442705539
btree8,524288,13,74.5346,2430445356442705539
btree8,524288,14,74.7131,2430445356442705539
btree8_bl,524288,0,123.2910,2430445356442705539
btree8_bl,524288,1,77.3590,2430445356442705539
btree8_bl,524288,2,76.8341,2430445356442705539
btree8_bl,524288,3,76.3733,2430445356442705539
btree8_bl,524288,4,76.4893,2430445356442705539
btree8_bl,524288,5,76.4938,2430445356442705539
btree8_bl,524288,6,76.3351,2430445356442705539
btree8_bl,524288,7,76.4893,2430445356442705539
btree8_bl,524288,8,77.5070,2430445356442705539
btree8_bl,524288,9,76.7319,2430445356442705539
btree8_bl,524288,10,76.3977,2430445356442705539
btree8_bl,524288,11,76.2909,2430445356442705539
btree8_bl,524288,12,76.3763,2430445356442705539
btree8_bl,524288,13,78.3569,2430445356442705539
btree8_bl,524288,14,78.3295,2430445356442705539
btree8_a64,524288,0,98.3154,2430445356442705539
btree8_a64,524288,1,74.8917,2430445356442705539
btree8_a64,524288,2,74.8276,2430445356442705539
btree8_a64,524288,3,74.6429,2430445356442705539
btree8_a64,524288,4,74.8993,2430445356442705539
btree8_a64,524288,5,77.5986,2430445356442705539
btree8_a64,524288,6,74.8337,2430445356442705539
btree8_a64,524288,7,74.6155,2430445356442705539
btree8_a64,524288,8,74.6201,2430445356442705539
btree8_a64,524288,9,74.5529,2430445356442705539
btree8_a64,524288,10,74.7787,2430445356442705539
btree8_a64,524288,11,76.1368,2430445356442705539
btree8_a64,524288,12,74.7055,2430445356442705539
btree8_a64,524288,13,74.5468,2430445356442705539
btree8_a64,524288,14,74.8154,2430445356442705539
btree8_bl_a64,524288,0,144.2856,2430445356442705539
btree8_bl_a64,524288,1,75.8621,2430445356442705539
btree8_bl_a64,524288,2,73.0072,2430445356442705539
btree8_bl_a64,524288,3,73.3231,2430445356442705539
btree8_bl_a64,524288,4,73.0148,2430445356442705539
btree8_bl_a64,524288,5,75.5112,2430445356442705539
btree8_bl_a64,524288,6,73.4116,2430445356442705539
btree8_bl_a64,524288,7,73.2697,2430445356442705539
btree8_bl_a64,524288,8,73.2224,2430445356442705539
btree8_bl_a64,524288,9,72.1573,2430445356442705539
btree8_bl_a64,524288,10,71.8674,2430445356442705539
btree8_bl_a64,524288,11,71.7484,2430445356442705539
btree8_bl_a64,524288,12,71.7316,2430445356442705539
btree8_bl_a64,524288,13,71.8460,2430445356442705539
btree8_bl_a64,524288,14,71.6736,2430445356442705539
btree16_bl_a64,524288,0,187.9471,2430445356442705539
btree16_bl_a64,524288,1,102.0950,2430445356442705539
btree16_bl_a64,524288,2,92.3019,2430445356442705539
btree16_bl_a64,524288,3,90.9637,2430445356442705539
btree16_bl_a64,524288,4,93.4479,2430445356442705539
btree16_bl_a64,524288,5,98.2925,2430445356442705539
btree16_bl_a64,524288,6,99.1425,2430445356442705539
btree16_bl_a64,524288,7,93.4341,2430445356442705539
btree16_bl_a64,524288,8,90.1367,2430445356442705539
btree16_bl_a64,524288,9,93.8126,2430445356442705539
btree16_bl_a64,524288,10,91.2170,2430445356442705539
btree16_bl_a64,524288,11,94.5435,2430445356442705539
btree16_bl_a64,524288,12,96.4890,2430445356442705539
btree16_bl_a64,524288,13,91.0950,2430445356442705539
btree16_bl_a64,524288,14,95.8023,2430445356442705539
fusion8,524288,0,168.3121,2430445356442705539
fusion8,524288,1,127.6520,2430445356442705539
fusion8,524288,2,124.4736,2430445356442705539
fusion8,524288,3,128.3478,2430445356442705539
fusion8,524288,4,124.2371,2430445356442705539
fusion8,524288,5,125.6683,2430445356442705539
fusion8,524288,6,127.3773,2430445356442705539
fusion8,524288,7,125.3220,2430445356442705539
fusion8,524288,8,124.9268,2430445356442705539
fusion8,524288,9,125.6332,2430445356442705539
fusion8,524288,10,126.3382,2430445356442705539
fusion8,524288,11,125.0626,2430445356442705539
fusion8,524288,12,126.6830,2430445356442705539
fusion8,524288,13,127.8000,2430445356442705539
fusion8,524288,14,125.9964,2430445356442705539
fusion8_bf,524288,0,176.5472,2430445356442705539
fusion8_bf,524288,1,135.3607,2430445356442705539
fusion8_bf,524288,2,134.6634,2430445356442705539
fusion8_bf,524288,3,139.7263,2430445356442705539
fusion8_bf,524288,4,135.8810,2430445356442705539
fusion8_bf,524288,5,134.6786,2430445356442705539
fusion8_bf,524288,6,137.7945,2430445356442705539
fusion8_bf,524288,7,142.0044,2430445356442705539
fusion8_bf,524288,8,135.1456,2430445356442705539
fusion8_bf,524288,9,143.6279,2430445356442705539
fusion8_bf,524288,10,137.5000,2430445356442705539
fusion8_bf,524288,11,134.9792,2430445356442705539
fusion8_bf,524288,12,134.1003,2430445356442705539
fusion8_bf,524288,13,134.2041,2430445356442705539
fusion8_bf,524288,14,134.4284,2430445356442705539
fusion8_c,524288,0,184.4803,2430445356442705539
fusion8_c,524288,1,122.5906,2430445356442705539
fusion8_c,524288,2,125.0259,2430445356442705539
fusion8_c,524288,3,124.4125,2430445356442705539
fusion8_c,524288,4,123.3475,2430445356442705539
fusion8_c,524288,5,122.1298,2430445356442705539
fusion8_c,524288,6,123.4192,2430445356442705539
fusion8_c,524288,7,123.3612,2430445356442705539
fusion8_c,524288,8,122.5586,2430445356442705539
fusion8_c,524288,9,125.3494,2430445356442705539
fusion8_c,524288,10,123.1674,2430445356442705539
fusion8_c,524288,11,121.9269,2430445356442705539
fusion8_c,524288,12,121.6568,2430445356442705539
fusion8_c,524288,13,123.4192,2430445356442705539
fusion8_c,524288,14,121.4218,2430445356442705539
fusion16_w,524288,0,223.8297,2430445356442705539
fusion16_w,524288,1,171.6949,2430445356442705539
fusion16_w,524288,2,175.4288,2430445356442705539
fusion16_w,524288,3,169.1711,2430445356442705539
fusion16_w,524288,4,162.8021,2430445356442705539
fusion16_w,524288,5,163.1485,2430445356442705539
fusion16_w,524288,6,168.9011,2430445356442705539
fusion16_w,524288,7,170.5185,2430445356442705539
fusion16_w,524288,8,168.7546,2430445356442705539
fusion16_w,524288,9,160.0632,2430445356442705539
fusion16_w,524288,10,158.5861,2430445356442705539
fusion16_w,524288,11,160.7437,2430445356442705539
fusion16_w,524288,12,167.9169,2430445356442705539
fusion16_w,524288,13,162.5580,2430445356442705539
fusion16_w,524288,14,171.2814,2430445356442705539
sorted_array,1048576,0,212.8326,9246909816537294732
sorted_array,1048576,1,171.7194,9246909816537294732
sorted_array,1048576,2,170.2927,9246909816537294732
sorted_array,1048576,3,170.6467,9246909816537294732
sorted_array,1048576,4,170.6009,9246909816537294732
sorted_array,1048576,5,173.0438,9246909816537294732
sorted_array,1048576,6,170.9641,9246909816537294732
sorted_array,1048576,7,171.0480,9246909816537294732
sorted_array,1048576,8,170.8008,9246909816537294732
sorted_array,1048576,9,170.6238,9246909816537294732
sorted_array,1048576,10,170.3766,9246909816537294732
sorted_array,1048576,11,171.9131,9246909816537294732
sorted_array,1048576,12,169.9402,9246909816537294732
sorted_array,1048576,13,172.0032,9246909816537294732
sorted_array,1048576,14,171.1914,9246909816537294732
btree8,1048576,0,242.8528,9246909816537294732
btree8,1048576,1,196.5652,9246909816537294732
btree8,1048576,2,194.1895,9246909816537294732
btree8,1048576,3,195.2087,9246909816537294732
btree8,1048576,4,187.3077,9246909816537294732
btree8,1048576,5,186.9400,9246909816537294732
btree8,1048576,6,195.2301,9246909816537294732
btree8,1048576,7,190.9485,9246909816537294732
btree8,1048576,8,192.7963,9246909816537294732
btree8,1048576,9,186.3617,9246909816537294732
btree8,1048576,10,193.2053,9246909816537294732
btree8,1048576,11,187.3383,9246909816537294732
btree8,1048576,12,188.4171,9246909816537294732
btree8,1048576,13,200.6210,9246909816537294732
btree8,1048576,14,194.3314,9246909816537294732
btree8_bl,1048576,0,244.3863,9246909816537294732
btree8_bl,1048576,1,174.0814,9246909816537294732
btree8_bl,1048576,2,186.3190,9246909816537294732
btree8_bl,1048576,3,182.3471,9246909816537294732
btree8_bl,1048576,4,173.8312,9246909816537294732
btree8_bl,1048576,5,174.2584,9246909816537294732
btree8_bl,1048576,6,169.0445,9246909816537294732
btree8_bl,1048576,7,180.7770,9246909816537294732
btree8_bl,1048576,8,184.0500,9246909816537294732
btree8_bl,1048576,9,186.8332,9246909816537294732
btree8_bl,1048576,10,181.5308,9246909816537294732
btree8_bl,1048576,11,174.1516,9246909816537294732
btree8_bl,1048576,12,173.1857,9246909816537294732
btree8_bl,1048576,13,180.3696,9246909816537294732
btree8_bl,1048576,14,176.2955,9246909816537294732
btree8_a64,1048576,0,247.2626,9246909816537294732
btree8_a64,1048576,1,181.6452,9246909816537294732
btree8_a64,1048576,2,192.6315,9246909816537294732
btree8_a64,1048576,3,190.6921,9246909816537294732
btree8_a64,1048576,4,191.6031,9246909816537294732
btree8_a64,1048576,5,193.2556,9246909816537294732
btree8_a64,1048576,6,199.8260,9246909816537294732
btree8_a64,1048576,7,197.0764,9246909816537294732
btree8_a64,1048576,8,190.0879,9246909816537294732
btree8_a64,1048576,9,195.6848,9246909816537294732
btree8_a64,1048576,10,185.4813,9246909816537294732
btree8_a64,1048576,11,184.4070,9246909816537294732
btree8_a64,1048576,12,199.0387,9246909816537294732
btree8_a64,1048576,13,187.5626,9246909816537294732
btree8_a64,1048576,14,189.9689,9246909816537294732
btree8_bl_a64,1048576,0,240.8951,9246909816537294732
btree8_bl_a64,1048576,1,153.0426,9246909816537294732
btree8_bl_a64,1048576,2,146.6354,9246909816537294732
btree8_bl_a64,1048576,3,145.0607,9246909816537294732
btree8_bl_a64,1048576,4,146.5698,9246909816537294732
btree8_bl_a64,1048576,5,157.2174,9246909816537294732
btree8_bl_a64,1048576,6,154.7760,9246909816537294732
btree8_bl_a64,1048576,7,167.1539,9246909816537294732
btree8_bl_a64,1048576,8,173.3643,9246909816537294732
btree8_bl_a64,1048576,9,155.4504,9246909816537294732
btree8_bl_a64,1048576,10,151.7700,9246909816537294732
btree8_bl_a64,1048576,11,152.5406,9246909816537294732
btree8_bl_a64,1048576,12,148.8907,9246909816537294732
btree8_bl_a64,1048576,13,155.1956,9246909816537294732
btree8_bl_a64,1048576,14,150.1328,9246909816537294732
btree16_bl_a64,1048576,0,163.1210,9246909816537294732
btree16_bl_a64,1048576,1,99.6750,9246909816537294732
btree16_bl_a64,1048576,2,97.6456,9246909816537294732
btree16_bl_a64,1048576,3,92.0822,9246909816537294732
btree16_bl_a64,1048576,4,99.5056,9246909816537294732
btree16_bl_a64,1048576,5,111.3464,9246909816537294732
btree16_bl_a64,1048576,6,97.3480,9246909816537294732
btree16_bl_a64,1048576,7,95.9534,9246909816537294732
btree16_bl_a64,1048576,8,91.5405,9246909816537294732
btree16_bl_a64,1048576,9,100.8087,9246909816537294732
btree16_bl_a64,1048576,10,93.1503,9246909816537294732
btree16_bl_a64,1048576,11,95.6711,9246909816537294732
btree16_bl_a64,1048576,12,91.2247,9246909816537294732
btree16_bl_a64,1048576,13,91.5680,9246909816537294732
btree16_bl_a64,1048576,14,91.5909,9246909816537294732
fusion8,1048576,0,323.3200,9246909816537294732
fusion8,1048576,1,288.9496,9246909816537294732
fusion8,1048576,2,286.4548,9246909816537294732
fusion8,1048576,3,289.0396,9246909816537294732
fusion8,1048576,4,289.0976,9246909816537294732
fusion8,1048576,5,290.0345,9246909816537294732
fusion8,1048576,6,295.1584,9246909816537294732
fusion8,1048576,7,291.7465,9246909816537294732
fusion8,1048576,8,292.9855,9246909816537294732
fusion8,1048576,9,287.7701,9246909816537294732
fusion8,1048576,10,287.2513,9246909816537294732
fusion8,1048576,11,284.8175,9246909816537294732
fusion8,1048576,12,284.6252,9246909816537294732
fusion8,1048576,13,283.4061,9246909816537294732
fusion8,1048576,14,283.7173,9246909816537294732
fusion8_bf,1048576,0,337.0560,9246909816537294732
fusion8_bf,1048576,1,292.1494,9246909816537294732
fusion8_bf,1048576,2,293.4082,9246909816537294732
fusion8_bf,1048576,3,288.2278,9246909816537294732
fusion8_bf,1048576,4,295.6696,9246909816537294732
fusion8_bf,1048576,5,299.3546,9246909816537294732
fusion8_bf,1048576,6,306.6864,9246909816537294732
fusion8_bf,1048576,7,294.2886,9246909816537294732
fusion8_bf,1048576,8,293.3701,9246909816537294732
fusion8_bf,1048576,9,296.7453,9246909816537294732
fusion8_bf,1048576,10,302.4643,9246909816537294732
fusion8_bf,1048576,11,303.7125,9246909816537294732
fusion8_bf,1048576,12,292.2653,9246909816537294732
fusion8_bf,1048576,13,291.8381,9246909816537294732
fusion8_bf,1048576,14,293.1885,9246909816537294732
fusion8_c,1048576,0,301.4145,9246909816537294732
fusion8_c,1048576,1,241.9586,9246909816537294732
fusion8_c,1048576,2,251.0178,9246909816537294732
fusion8_c,1048576,3,252.1866,9246909816537294732
fusion8_c,1048576,4,238.4750,9246909816537294732
fusion8_c,1048576,5,241.5009,9246909816537294732
fusion8_c,1048576,6,233.9142,9246909816537294732
fusion8_c,1048576,7,240.8722,9246909816537294732
fusion8_c,1048576,8,245.5887,9246909816537294732
fusion8_c,1048576,9,252.7603,9246909816537294732
fusion8_c,1048576,10,250.4288,9246909816537294732
fusion8_c,1048576,11,241.2338,9246909816537294732
fusion8_c,1048576,12,237.0346,9246909816537294732
fusion8_c,1048576,13,241.1224,9246909816537294732
fusion8_c,1048576,14,239.5187,9246909816537294732
fusion16_w,1048576,0,227.4368,9246909816537294732
fusion16_w,1048576,1,185.2570,9246909816537294732
fusion16_w,1048576,2,189.4852,9246909816537294732
fusion16_w,1048576,3,173.1415,9246909816537294732
fusion16_w,1048576,4,174.7971,9246909816537294732
fusion16_w,1048576,5,170.3964,9246909816537294732
fusion16_w,1048576,6,168.7515,9246909816537294732
fusion16_w,1048576,7,168.3975,9246909816537294732
fusion16_w,1048576,8,167.2501,9246909816537294732
fusion16_w,1048576,9,169.9280,9246909816537294732
fusion16_w,1048576,10,176.9684,9246909816537294732
fusion16_w,1048576,11,175.8224,9246909816537294732
fusion16_w,1048576,12,187.2528,9246909816537294732
fusion16_w,1048576,13,171.6690,9246909816537294732
fusion16_w,1048576,14,167.0395,9246909816537294732
sorted_array,2097152,0,332.1457,14519592687764155675
sorted_array,2097152,1,250.6134,14519592687764155675
sorted_array,2097152,2,455.2780,14519592687764155675
sorted_array,2097152,3,306.1356,14519592687764155675
sorted_array,2097152,4,271.4096,14519592687764155675
sorted_array,2097152,5,299.4766,14519592687764155675
sorted_array,2097152,6,313.4262,14519592687764155675
sorted_array,2097152,7,295.1706,14519592687764155675
sorted_array,2097152,8,290.1505,14519592687764155675
sorted_array,2097152,9,291.3712,14519592687764155675
sorted_array,2097152,10,275.3601,14519592687764155675
sorted_array,2097152,11,277.3865,14519592687764155675
sorted_array,2097152,12,290.3168,14519592687764155675
sorted_array,2097152,13,286.1160,14519592687764155675
sorted_array,2097152,14,277.1866,14519592687764155675
btree8,2097152,0,269.0247,14519592687764155675
btree8,2097152,1,238.4628,14519592687764155675
btree8,2097152,2,241.1026,14519592687764155675
btree8,2097152,3,244.3817,14519592687764155675
btree8,2097152,4,252.2339,14519592687764155675
btree8,2097152,5,265.6662,14519592687764155675
btree8,2097152,6,226.3641,14519592687764155675
btree8,2097152,7,221.0068,14519592687764155675
btree8,2097152,8,251.3138,14519592687764155675
btree8,2097152,9,221.7972,14519592687764155675
btree8,2097152,10,200.4745,14519592687764155675
btree8,2097152,11,213.1744,14519592687764155675
btree8,2097152,12,217.5247,14519592687764155675
btree8,2097152,13,248.3475,14519592687764155675
btree8,2097152,14,323.3444,14519592687764155675
btree8_bl,2097152,0,311.4563,14519592687764155675
btree8_bl,2097152,1,261.8454,14519592687764155675
btree8_bl,2097152,2,263.0569,14519592687764155675
btree8_bl,2097152,3,298.1842,14519592687764155675
btree8_bl,2097152,4,271.1945,14519592687764155675
btree8_bl,2097152,5,272.1573,14519592687764155675
btree8_bl,2097152,6,263.9771,14519592687764155675
btree8_bl,2097152,7,254.4891,14519592687764155675
btree8_bl,2097152,8,259.2697,14519592687764155675
btree8_bl,2097152,9,250.5829,14519592687764155675
btree8_bl,2097152,10,255.8289,14519592687764155675
btree8_bl,2097152,11,276.7120,14519592687764155675
btree8_bl,2097152,12,261.0184,14519592687764155675
btree8_bl,2097152,13,284.5261,14519592687764155675
btree8_bl,2097152,14,334.2758,14519592687764155675
btree8_a64,2097152,0,326.7792,14519592687764155675
btree8_a64,2097152,1,269.7571,14519592687764155675
btree8_a64,2097152,2,270.3171,14519592687764155675
btree8_a64,2097152,3,247.9446,14519592687764155675
btree8_a64,2097152,4,255.3650,14519592687764155675
btree8_a64,2097152,5,221.5286,14519592687764155675
btree8_a64,2097152,6,206.2912,14519592687764155675
btree8_a64,2097152,7,200.1755,14519592687764155675
btree8_a64,2097152,8,219.3420,14519592687764155675
btree8_a64,2097152,9,227.3209,14519592687764155675
btree8_a64,2097152,10,221.5118,14519592687764155675
btree8_a64,2097152,11,217.7734,14519592687764155675
btree8_a64,2097152,12,218.7607,14519592687764155675
btree8_a64,2097152,13,225.1785,14519592687764155675
btree8_a64,2097152,14,219.0094,14519592687764155675
btree8_bl_a64,2097152,0,281.4056,14519592687764155675
btree8_bl_a64,2097152,1,237.8113,14519592687764155675
btree8_bl_a64,2097152,2,235.8185,14519592687764155675
btree8_bl_a64,2097152,3,206.4423,14519592687764155675
btree8_bl_a64,2097152,4,200.1602,14519592687764155675
btree8_bl_a64,2097152,5,188.6261,14519592687764155675
btree8_bl_a64,2097152,6,185.1852,14519592687764155675
btree8_bl_a64,2097152,7,200.2396,14519592687764155675
btree8_bl_a64,2097152,8,198.7427,14519592687764155675
btree8_bl_a64,2097152,9,219.7800,14519592687764155675
btree8_bl_a64,2097152,10,216.5848,14519592687764155675
btree8_bl_a64,2097152,11,219.2322,14519592687764155675
btree8_bl_a64,2097152,12,239.3387,14519592687764155675
btree8_bl_a64,2097152,13,251.6342,14519592687764155675
btree8_bl_a64,2097152,14,203.5233,14519592687764155675
btree16_bl_a64,2097152,0,251.8188,14519592687764155675
btree16_bl_a64,2097152,1,223.2040,14519592687764155675
btree16_bl_a64,2097152,2,215.6403,14519592687764155675
btree16_bl_a64,2097152,3,217.7780,14519592687764155675
btree16_bl_a64,2097152,4,229.6143,14519592687764155675
btree16_bl_a64,2097152,5,229.6448,14519592687764155675
btree16_bl_a64,2097152,6,223.7381,14519592687764155675
btree16_bl_a64,2097152,7,218.1534,14519592687764155675
btree16_bl_a64,2097152,8,219.8303,14519592687764155675
btree16_bl_a64,2097152,9,216.9174,14519592687764155675
btree16_bl_a64,2097152,10,216.4001,14519592687764155675
btree16_bl_a64,2097152,11,213.4064,14519592687764155675
btree16_bl_a64,2097152,12,215.2054,14519592687764155675
btree16_bl_a64,2097152,13,216.3467,14519592687764155675
btree16_bl_a64,2097152,14,218.7195,14519592687764155675
fusion8,2097152,0,348.3505,14519592687764155675
fusion8,2097152,1,324.4980,14519592687764155675
fusion8,2097152,2,326.9623,14519592687764155675
fusion8,2097152,3,319.2749,14519592687764155675
fusion8,2097152,4,334.7565,14519592687764155675
fusion8,2097152,5,461.2915,14519592687764155675
fusion8,2097152,6,401.6495,14519592687764155675
fusion8,2097152,7,379.8141,14519592687764155675
fusion8,2097152,8,370.8374,14519592687764155675
fusion8,2097152,9,445.3995,14519592687764155675
fusion8,2097152,10,415.9714,14519592687764155675
fusion8,2097152,11,489.2761,14519592687764155675
fusion8,2097152,12,356.1981,14519592687764155675
fusion8,2097152,13,379.2465,14519592687764155675
fusion8,2097152,14,370.0516,14519592687764155675
fusion8_bf,2097152,0,384.3933,14519592687764155675
fusion8_bf,2097152,1,393.0511,14519592687764155675
fusion8_bf,2097152,2,355.5710,14519592687764155675
fusion8_bf,2097152,3,367.5980,14519592687764155675
fusion8_bf,2097152,4,338.9923,14519592687764155675
fusion8_bf,2097152,5,331.0699,14519592687764155675
fusion8_bf,2097152,6,341.2262,14519592687764155675
fusion8_bf,2097152,7,335.3348,14519592687764155675
fusion8_bf,2097152,8,334.4208,14519592687764155675
fusion8_bf,2097152,9,344.6075,14519592687764155675
fusion8_bf,2097152,10,360.6750,14519592687764155675
fusion8_bf,2097152,11,338.6139,14519592687764155675
fusion8_bf,2097152,12,338.8290,14519592687764155675
fusion8_bf,2097152,13,338.5132,14519592687764155675
fusion8_bf,2097152,14,343.3609,14519592687764155675
fusion8_c,2097152,0,323.9426,14519592687764155675
fusion8_c,2097152,1,313.5391,14519592687764155675
fusion8_c,2097152,2,287.0987,14519592687764155675
fusion8_c,2097152,3,287.5778,14519592687764155675
fusion8_c,2097152,4,292.6468,14519592687764155675
fusion8_c,2097152,5,293.5165,14519592687764155675
fusion8_c,2097152,6,283.7204,14519592687764155675
fusion8_c,2097152,7,293.5455,14519592687764155675
fusion8_c,2097152,8,290.7867,14519592687764155675
fusion8_c,2097152,9,296.4737,14519592687764155675
fusion8_c,2097152,10,295.8481,14519592687764155675
fusion8_c,2097152,11,282.7744,14519592687764155675
fusion8_c,2097152,12,299.9130,14519592687764155675
fusion8_c,2097152,13,297.3709,14519592687764155675
fusion8_c,2097152,14,295.6345,14519592687764155675
fusion16_w,2097152,0,335.9116,14519592687764155675
fusion16_w,2097152,1,312.2528,14519592687764155675
fusion16_w,2097152,2,306.6437,14519592687764155675
fusion16_w,2097152,3,307.5867,14519592687764155675
fusion16_w,2097152,4,311.1038,14519592687764155675
fusion16_w,2097152,5,316.4658,14519592687764155675
fusion16_w,2097152,6,316.8930,14519592687764155675
fusion16_w,2097152,7,310.8841,14519592687764155675
fusion16_w,2097152,8,309.6725,14519592687764155675
fusion16_w,2097152,9,307.4936,14519592687764155675
fusion16_w,2097152,10,307.5333,14519592687764155675
fusion16_w,2097152,11,310.0769,14519592687764155675
fusion16_w,2097152,12,301.9318,14519592687764155675
fusion16_w,2097152,13,306.7291,14519592687764155675
fusion16_w,2097152,14,307.5897,14519592687764155675
sorted_array,4194304,0,528.0899,15606720263345192253
sorted_array,4194304,1,470.5170,15606720263345192253
sorted_array,4194304,2,472.0291,15606720263345192253
sorted_array,4194304,3,480.0949,15606720263345192253
sorted_array,4194304,4,479.7287,15606720263345192253
sorted_array,4194304,5,495.0272,15606720263345192253
sorted_array,4194304,6,494.6365,15606720263345192253
sorted_array,4194304,7,477.9633,15606720263345192253
sorted_array,4194304,8,468.0145,15606720263345192253
sorted_array,4194304,9,473.3643,15606720263345192253
sorted_array,4194304,10,478.9932,15606720263345192253
sorted_array,4194304,11,481.6116,15606720263345192253
sorted_array,4194304,12,468.0145,15606720263345192253
sorted_array,4194304,13,484.8831,15606720263345192253
sorted_array,4194304,14,493.8721,15606720263345192253
btree8,4194304,0,265.3275,15606720263345192253
btree8,4194304,1,230.2078,15606720263345192253
btree8,4194304,2,232.3593,15606720263345192253
btree8,4194304,3,232.2052,15606720263345192253
btree8,4194304,4,230.1163,15606720263345192253
btree8,4194304,5,229.7516,15606720263345192253
btree8,4194304,6,235.3149,15606720263345192253
btree8,4194304,7,233.2626,15606720263345192253
btree8,4194304,8,239.6866,15606720263345192253
btree8,4194304,9,238.4125,15606720263345192253
btree8,4194304,10,229.0756,15606720263345192253
btree8,4194304,11,224.4751,15606720263345192253
btree8,4194304,12,258.3344,15606720263345192253
btree8,4194304,13,206.1279,15606720263345192253
btree8,4194304,14,208.8226,15606720263345192253
btree8_bl,4194304,0,293.0984,15606720263345192253
btree8_bl,4194304,1,235.1944,15606720263345192253
btree8_bl,4194304,2,239.5706,15606720263345192253
btree8_bl,4194304,3,283.5861,15606720263345192253
btree8_bl,4194304,4,248.5535,15606720263345192253
btree8_bl,4194304,5,239.3799,15606720263345192253
btree8_bl,4194304,6,222.5479,15606720263345192253
btree8_bl,4194304,7,258.4000,15606720263345192253
btree8_bl,4194304,8,379.9469,15606720263345192253
btree8_bl,4194304,9,286.3174,15606720263345192253
btree8_bl,4194304,10,299.3042,15606720263345192253
btree8_bl,4194304,11,316.1255,15606720263345192253
btree8_bl,4194304,12,282.5012,15606720263345192253
btree8_bl,4194304,13,275.0931,15606720263345192253
btree8_bl,4194304,14,283.6273,15606720263345192253
btree8_a64,4194304,0,275.0610,15606720263345192253
btree8_a64,4194304,1,242.5491,15606720263345192253
btree8_a64,4194304,2,253.6667,15606720263345192253
btree8_a64,4194304,3,254.7333,15606720263345192253
btree8_a64,4194304,4,241.9083,15606720263345192253
btree8_a64,4194304,5,242.5217,15606720263345192253
btree8_a64,4194304,6,238.3011,15606720263345192253
btree8_a64,4194304,7,240.6311,15606720263345192253
btree8_a64,4194304,8,239.6225,15606720263345192253
btree8_a64,4194304,9,234.8312,15606720263345192253
btree8_a64,4194304,10,232.1457,15606720263345192253
btree8_a64,4194304,11,229.9271,15606720263345192253
btree8_a64,4194304,12,225.8179,15606720263345192253
btree8_a64,4194304,13,238.2446,15606720263345192253
btree8_a64,4194304,14,236.6714,15606720263345192253
btree8_bl_a64,4194304,0,292.7277,15606720263345192253
btree8_bl_a64,4194304,1,243.0817,15606720263345192253
btree8_bl_a64,4194304,2,245.0272,15606720263345192253
btree8_bl_a64,4194304,3,241.6260,15606720263345192253
btree8_bl_a64,4194304,4,237.9547,15606720263345192253
btree8_bl_a64,4194304,5,236.9720,15606720263345192253
btree8_bl_a64,4194304,6,232.7499,15606720263345192253
btree8_bl_a64,4194304,7,231.1966,15606720263345192253
btree8_bl_a64,4194304,8,253.0289,15606720263345192253
btree8_bl_a64,4194304,9,278.9337,15606720263345192253
btree8_bl_a64,4194304,10,243.7286,15606720263345192253
btree8_bl_a64,4194304,11,227.8442,15606720263345192253
btree8_bl_a64,4194304,12,220.0684,15606720263345192253
btree8_bl_a64,4194304,13,229.3152,15606720263345192253
btree8_bl_a64,4194304,14,221.5912,15606720263345192253
btree16_bl_a64,4194304,0,348.6145,15606720263345192253
btree16_bl_a64,4194304,1,305.0598,15606720263345192253
btree16_bl_a64,4194304,2,298.5596,15606720263345192253
btree16_bl_a64,4194304,3,299.2493,15606720263345192253
btree16_bl_a64,4194304,4,310.1593,15606720263345192253
btree16_bl_a64,4194304,5,316.5207,15606720263345192253
btree16_bl_a64,4194304,6,309.3079,15606720263345192253
btree16_bl_a64,4194304,7,310.8795,15606720263345192253
btree16_bl_a64,4194304,8,304.1122,15606720263345192253
btree16_bl_a64,4194304,9,305.3314,15606720263345192253
btree16_bl_a64,4194304,10,302.2568,15606720263345192253
btree16_bl_a64,4194304,11,303.6697,15606720263345192253
btree16_bl_a64,4194304,12,302.6215,15606720263345192253
btree16_bl_a64,4194304,13,308.8593,15606720263345192253
btree16_bl_a64,4194304,14,303.7643,15606720263345192253
fusion8,4194304,0,352.9541,15606720263345192253
fusion8,4194304,1,321.3226,15606720263345192253
fusion8,4194304,2,339.7812,15606720263345192253
fusion8,4194304,3,340.4663,15606720263345192253
fusion8,4194304,4,344.8959,15606720263345192253
fusion8,4194304,5,335.2539,15606720263345192253
fusion8,4194304,6,336.9019,15606720263345192253
fusion8,4194304,7,317.5552,15606720263345192253
fusion8,4194304,8,316.7145,15606720263345192253
fusion8,4194304,9,317.6926,15606720263345192253
fusion8,4194304,10,308.8150,15606720263345192253
fusion8,4194304,11,313.8611,15606720263345192253
fusion8,4194304,12,312.3749,15606720263345192253
fusion8,4194304,13,309.4879,15606720263345192253
fusion8,4194304,14,306.8314,15606720263345192253
fusion8_bf,4194304,0,362.2177,15606720263345192253
fusion8_bf,4194304,1,325.0336,15606720263345192253
fusion8_bf,4194304,2,320.7321,15606720263345192253
fusion8_bf,4194304,3,317.9733,15606720263345192253
fusion8_bf,4194304,4,312.7518,15606720263345192253
fusion8_bf,4194304,5,324.4232,15606720263345192253
fusion8_bf,4194304,6,324.9451,15606720263345192253
fusion8_bf,4194304,7,319.4702,15606720263345192253
fusion8_bf,4194304,8,337.8418,15606720263345192253
fusion8_bf,4194304,9,316.2567,15606720263345192253
fusion8_bf,4194304,10,321.7377,15606720263345192253
fusion8_bf,4194304,11,315.9515,15606720263345192253
fusion8_bf,4194304,12,315.1062,15606720263345192253
fusion8_bf,4194304,13,317.4957,15606720263345192253
fusion8_bf,4194304,14,324.9527,15606720263345192253
fusion8_c,4194304,0,322.2336,15606720263345192253
fusion8_c,4194304,1,251.6571,15606720263345192253
fusion8_c,4194304,2,258.5876,15606720263345192253
fusion8_c,4194304,3,250.9720,15606720263345192253
fusion8_c,4194304,4,301.6586,15606720263345192253
fusion8_c,4194304,5,329.1656,15606720263345192253
fusion8_c,4194304,6,295.9198,15606720263345192253
fusion8_c,4194304,7,289.5020,15606720263345192253
fusion8_c,4194304,8,334.3414,15606720263345192253
fusion8_c,4194304,9,307.8064,15606720263345192253
fusion8_c,4194304,10,311.7508,15606720263345192253
fusion8_c,4194304,11,318.8751,15606720263345192253
fusion8_c,4194304,12,310.5820,15606720263345192253
fusion8_c,4194304,13,310.0067,15606720263345192253
fusion8_c,4194304,14,307.2922,15606720263345192253
fusion16_w,4194304,0,402.5345,15606720263345192253
fusion16_w,4194304,1,383.3862,15606720263345192253
fusion16_w,4194304,2,386.6013,15606720263345192253
fusion16_w,4194304,3,391.3376,15606720263345192253
fusion16_w,4194304,4,394.3237,15606720263345192253
fusion16_w,4194304,5,396.1365,15606720263345192253
fusion16_w,4194304,6,401.4511,15606720263345192253
fusion16_w,4194304,7,397.3175,15606720263345192253
fusion16_w,4194304,8,398.5291,15606720263345192253
fusion16_w,4194304,9,405.7327,15606720263345192253
fusion16_w,4194304,10,403.0334,15606720263345192253
fusion16_w,4194304,11,394.7327,15606720263345192253
fusion16_w,4194304,12,381.2683,15606720263345192253
fusion16_w,4194304,13,379.7119,15606720263345192253
fusion16_w,4194304,14,371.5408,15606720263345192253
sorted_array,8388608,0,867.1234,10131753818064663245
sorted_array,8388608,1,836.9431,10131753818064663245
sorted_array,8388608,2,821.7285,10131753818064663245
sorted_array,8388608,3,823.0988,10131753818064663245
sorted_array,8388608,4,815.2252,10131753818064663245
sorted_array,8388608,5,813.3575,10131753818064663245
sorted_array,8388608,6,823.8388,10131753818064663245
sorted_array,8388608,7,813.2233,10131753818064663245
sorted_array,8388608,8,819.4092,10131753818064663245
sorted_array,8388608,9,823.3597,10131753818064663245
sorted_array,8388608,10,829.4357,10131753818064663245
sorted_array,8388608,11,810.5453,10131753818064663245
sorted_array,8388608,12,814.2197,10131753818064663245
sorted_array,8388608,13,828.3981,10131753818064663245
sorted_array,8388608,14,838.5468,10131753818064663245
btree8,8388608,0,405.9891,10131753818064663245
btree8,8388608,1,357.6691,10131753818064663245
btree8,8388608,2,347.2519,10131753818064663245
btree8,8388608,3,345.0806,10131753818064663245
btree8,8388608,4,340.0986,10131753818064663245
btree8,8388608,5,338.4262,10131753818064663245
btree8,8388608,6,349.7437,10131753818064663245
btree8,8388608,7,349.4812,10131753818064663245
btree8,8388608,8,344.8120,10131753818064663245
btree8,8388608,9,342.5201,10131753818064663245
btree8,8388608,10,342.9932,10131753818064663245
btree8,8388608,11,355.7281,10131753818064663245
btree8,8388608,12,356.7780,10131753818064663245
btree8,8388608,13,347.8378,10131753818064663245
btree8,8388608,14,341.6672,10131753818064663245
btree8_bl,8388608,0,414.7736,10131753818064663245
btree8_bl,8388608,1,347.5830,10131753818064663245
btree8_bl,8388608,2,344.1406,10131753818064663245
btree8_bl,8388608,3,342.0425,10131753818064663245
btree8_bl,8388608,4,342.5446,10131753818064663245
btree8_bl,8388608,5,348.4787,10131753818064663245
btree8_bl,8388608,6,336.6470,10131753818064663245
btree8_bl,8388608,7,331.3263,10131753818064663245
btree8_bl,8388608,8,339.8254,10131753818064663245
btree8_bl,8388608,9,342.6773,10131753818064663245
btree8_bl,8388608,10,341.5649,10131753818064663245
btree8_bl,8388608,11,332.9178,10131753818064663245
btree8_bl,8388608,12,334.5703,10131753818064663245
btree8_bl,8388608,13,354.7028,10131753818064663245
btree8_bl,8388608,14,343.0084,10131753818064663245
btree8_a64,8388608,0,397.4869,10131753818064663245
btree8_a64,8388608,1,345.3644,10131753818064663245
btree8_a64,8388608,2,337.8311,10131753818064663245
btree8_a64,8388608,3,348.0499,10131753818064663245
btree8_a64,8388608,4,347.9996,10131753818064663245
btree8_a64,8388608,5,349.6445,10131753818064663245
btree8_a64,8388608,6,341.3788,10131753818064663245
btree8_a64,8388608,7,343.7057,10131753818064663245
btree8_a64,8388608,8,345.1401,10131753818064663245
btree8_a64,8388608,9,348.6465,10131753818064663245
btree8_a64,8388608,10,345.0928,10131753818064663245
btree8_a64,8388608,11,340.9210,10131753818064663245
btree8_a64,8388608,12,339.3066,10131753818064663245
btree8_a64,8388608,13,343.6615,10131753818064663245
btree8_a64,8388608,14,342.7963,10131753818064663245
btree8_bl_a64,8388608,0,400.2411,10131753818064663245
btree8_bl_a64,8388608,1,305.6595,10131753818064663245
btree8_bl_a64,8388608,2,289.2685,10131753818064663245
btree8_bl_a64,8388608,3,288.9557,10131753818064663245
btree8_bl_a64,8388608,4,289.8804,10131753818064663245
btree8_bl_a64,8388608,5,292.5552,10131753818064663245
btree8_bl_a64,8388608,6,303.8101,10131753818064663245
btree8_bl_a64,8388608,7,304.0558,10131753818064663245
btree8_bl_a64,8388608,8,303.7506,10131753818064663245
btree8_bl_a64,8388608,9,297.5159,10131753818064663245
btree8_bl_a64,8388608,10,287.0117,10131753818064663245
btree8_bl_a64,8388608,11,301.6510,10131753818064663245
btree8_bl_a64,8388608,12,319.0247,10131753818064663245
btree8_bl_a64,8388608,13,302.1591,10131753818064663245
btree8_bl_a64,8388608,14,296.9803,10131753818064663245
btree16_bl_a64,8388608,0,354.7089,10131753818064663245
btree16_bl_a64,8388608,1,311.6577,10131753818064663245
btree16_bl_a64,8388608,2,322.4350,10131753818064663245
btree16_bl_a64,8388608,3,320.9946,10131753818064663245
btree16_bl_a64,8388608,4,307.0114,10131753818064663245
btree16_bl_a64,8388608,5,308.5556,10131753818064663245
btree16_bl_a64,8388608,6,315.0543,10131753818064663245
btree16_bl_a64,8388608,7,316.8793,10131753818064663245
btree16_bl_a64,8388608,8,311.3464,10131753818064663245
btree16_bl_a64,8388608,9,311.6104,10131753818064663245
btree16_bl_a64,8388608,10,316.5253,10131753818064663245
btree16_bl_a64,8388608,11,315.0955,10131753818064663245
btree16_bl_a64,8388608,12,316.3162,10131753818064663245
btree16_bl_a64,8388608,13,306.8024,10131753818064663245
btree16_bl_a64,8388608,14,308.9340,10131753818064663245
fusion8,8388608,0,519.5648,10131753818064663245
fusion8,8388608,1,470.7321,10131753818064663245
fusion8,8388608,2,460.3073,10131753818064663245
fusion8,8388608,3,462.5946,10131753818064663245
fusion8,8388608,4,466.8854,10131753818064663245
fusion8,8388608,5,471.8948,10131753818064663245
fusion8,8388608,6,460.2188,10131753818064663245
fusion8,8388608,7,458.7082,10131753818064663245
fusion8,8388608,8,462.4969,10131753818064663245
fusion8,8388608,9,460.9985,10131753818064663245
fusion8,8388608,10,467.6437,10131753818064663245
fusion8,8388608,11,464.7293,10131753818064663245
fusion8,8388608,12,464.3188,10131753818064663245
fusion8,8388608,13,496.7896,10131753818064663245
fusion8,8388608,14,482.6569,10131753818064663245
fusion8_bf,8388608,0,526.3000,10131753818064663245
fusion8_bf,8388608,1,493.6737,10131753818064663245
fusion8_bf,8388608,2,489.0259,10131753818064663245
fusion8_bf,8388608,3,484.1507,10131753818064663245
fusion8_bf,8388608,4,481.5796,10131753818064663245
fusion8_bf,8388608,5,480.4642,10131753818064663245
fusion8_bf,8388608,6,478.4256,10131753818064663245
fusion8_bf,8388608,7,472.5235,10131753818064663245
fusion8_bf,8388608,8,483.5449,10131753818064663245
fusion8_bf,8388608,9,481.6223,10131753818064663245
fusion8_bf,8388608,10,473.9090,10131753818064663245
fusion8_bf,8388608,11,481.9824,10131753818064663245
fusion8_bf,8388608,12,482.0831,10131753818064663245
fusion8_bf,8388608,13,490.5579,10131753818064663245
fusion8_bf,8388608,14,482.5256,10131753818064663245
fusion8_c,8388608,0,468.9407,10131753818064663245
fusion8_c,8388608,1,415.8493,10131753818064663245
fusion8_c,8388608,2,414.1418,10131753818064663245
fusion8_c,8388608,3,413.5803,10131753818064663245
fusion8_c,8388608,4,414.5554,10131753818064663245
fusion8_c,8388608,5,413.4949,10131753818064663245
fusion8_c,8388608,6,417.6010,10131753818064663245
fusion8_c,8388608,7,417.8802,10131753818064663245
fusion8_c,8388608,8,434.9625,10131753818064663245
fusion8_c,8388608,9,426.1337,10131753818064663245
fusion8_c,8388608,10,421.4371,10131753818064663245
fusion8_c,8388608,11,417.1371,10131753818064663245
fusion8_c,8388608,12,426.2970,10131753818064663245
fusion8_c,8388608,13,434.6817,10131753818064663245
fusion8_c,8388608,14,420.2423,10131753818064663245
fusion16_w,8388608,0,417.2760,10131753818064663245
fusion16_w,8388608,1,379.3671,10131753818064663245
fusion16_w,8388608,2,379.7195,10131753818064663245
fusion16_w,8388608,3,379.2358,10131753818064663245
fusion16_w,8388608,4,375.6149,10131753818064663245
fusion16_w,8388608,5,368.6600,10131753818064663245
fusion16_w,8388608,6,373.3551,10131753818064663245
fusion16_w,8388608,7,378.8330,10131753818064663245
fusion16_w,8388608,8,375.9979,10131753818064663245
fusion16_w,8388608,9,375.7446,10131753818064663245
fusion16_w,8388608,10,376.4069,10131753818064663245
fusion16_w,8388608,11,385.2859,10131753818064663245
fusion16_w,8388608,12,377.3209,10131753818064663245
fusion16_w,8388608,13,373.4268,10131753818064663245
fusion16_w,8388608,14,372.8607,10131753818064663245
sorted_array,16777216,0,1171.4432,3590053196634910135
sorted_array,16777216,1,1137.8006,3590053196634910135
sorted_array,16777216,2,1139.2639,3590053196634910135
sorted_array,16777216,3,1147.0932,3590053196634910135
sorted_array,16777216,4,1131.0211,3590053196634910135
sorted_array,16777216,5,1140.6006,3590053196634910135
sorted_array,16777216,6,1146.9437,3590053196634910135
sorted_array,16777216,7,1147.0291,3590053196634910135
sorted_array,16777216,8,1141.7145,3590053196634910135
sorted_array,16777216,9,1136.6898,3590053196634910135
sorted_array,16777216,10,1160.2234,3590053196634910135
sorted_array,16777216,11,1135.7300,3590053196634910135
sorted_array,16777216,12,1140.2710,3590053196634910135
sorted_array,16777216,13,1140.9134,3590053196634910135
sorted_array,16777216,14,1131.4514,3590053196634910135
btree8,16777216,0,439.8636,3590053196634910135
btree8,16777216,1,389.5935,3590053196634910135
btree8,16777216,2,382.2845,3590053196634910135
btree8,16777216,3,380.5923,3590053196634910135
btree8,16777216,4,387.9593,3590053196634910135
btree8,16777216,5,385.8688,3590053196634910135
btree8,16777216,6,382.2052,3590053196634910135
btree8,16777216,7,377.2537,3590053196634910135
btree8,16777216,8,383.0353,3590053196634910135
btree8,16777216,9,382.6324,3590053196634910135
btree8,16777216,10,380.3070,3590053196634910135
btree8,16777216,11,378.0045,3590053196634910135
btree8,16777216,12,386.3647,3590053196634910135
btree8,16777216,13,381.0715,3590053196634910135
btree8,16777216,14,386.5341,3590053196634910135
btree8_bl,16777216,0,467.7094,3590053196634910135
btree8_bl,16777216,1,411.3541,3590053196634910135
btree8_bl,16777216,2,414.8941,3590053196634910135
btree8_bl,16777216,3,422.8165,3590053196634910135
btree8_bl,16777216,4,408.3740,3590053196634910135
btree8_bl,16777216,5,402.0020,3590053196634910135
btree8_bl,16777216,6,398.1018,3590053196634910135
btree8_bl,16777216,7,401.7654,3590053196634910135
btree8_bl,16777216,8,397.6944,3590053196634910135
btree8_bl,16777216,9,403.7521,3590053196634910135
btree8_bl,16777216,10,401.3687,3590053196634910135
btree8_bl,16777216,11,408.5098,3590053196634910135
btree8_bl,16777216,12,407.5851,3590053196634910135
btree8_bl,16777216,13,398.4512,3590053196634910135
btree8_bl,16777216,14,402.6764,3590053196634910135
btree8_a64,16777216,0,441.2689,3590053196634910135
btree8_a64,16777216,1,375.9689,3590053196634910135
btree8_a64,16777216,2,383.1192,3590053196634910135
btree8_a64,16777216,3,382.7728,3590053196634910135
btree8_a64,16777216,4,377.0309,3590053196634910135
btree8_a64,16777216,5,379.1458,3590053196634910135
btree8_a64,16777216,6,375.6866,3590053196634910135
btree8_a64,16777216,7,369.1757,3590053196634910135
btree8_a64,16777216,8,364.7141,3590053196634910135
btree8_a64,16777216,9,365.4602,3590053196634910135
btree8_a64,16777216,10,382.2388,3590053196634910135
btree8_a64,16777216,11,376.2024,3590053196634910135
btree8_a64,16777216,12,445.8466,3590053196634910135
btree8_a64,16777216,13,431.0501,3590053196634910135
btree8_a64,16777216,14,402.6886,3590053196634910135
btree8_bl_a64,16777216,0,441.2720,3590053196634910135
btree8_bl_a64,16777216,1,355.3635,3590053196634910135
btree8_bl_a64,16777216,2,362.8494,3590053196634910135
btree8_bl_a64,16777216,3,355.0598,3590053196634910135
btree8_bl_a64,16777216,4,353.6606,3590053196634910135
btree8_bl_a64,16777216,5,342.9398,3590053196634910135
btree8_bl_a64,16777216,6,364.2258,3590053196634910135
btree8_bl_a64,16777216,7,366.9220,3590053196634910135
btree8_bl_a64,16777216,8,361.1450,3590053196634910135
btree8_bl_a64,16777216,9,364.6286,3590053196634910135
btree8_bl_a64,16777216,10,368.4967,3590053196634910135
btree8_bl_a64,16777216,11,375.1740,3590053196634910135
btree8_bl_a64,16777216,12,369.7769,3590053196634910135
btree8_bl_a64,16777216,13,368.9850,3590053196634910135
btree8_bl_a64,16777216,14,367.3996,3590053196634910135
btree16_bl_a64,16777216,0,358.1070,3590053196634910135
btree16_bl_a64,16777216,1,310.5209,3590053196634910135
btree16_bl_a64,16777216,2,313.6871,3590053196634910135
btree16_bl_a64,16777216,3,310.2371,3590053196634910135
btree16_bl_a64,16777216,4,306.5369,3590053196634910135
btree16_bl_a64,16777216,5,313.0646,3590053196634910135
btree16_bl_a64,16777216,6,315.0345,3590053196634910135
btree16_bl_a64,16777216,7,311.7126,3590053196634910135
btree16_bl_a64,16777216,8,311.3983,3590053196634910135
btree16_bl_a64,16777216,9,322.7371,3590053196634910135
btree16_bl_a64,16777216,10,312.8891,3590053196634910135
btree16_bl_a64,16777216,11,315.9256,3590053196634910135
btree16_bl_a64,16777216,12,323.7823,3590053196634910135
btree16_bl_a64,16777216,13,317.9398,3590053196634910135
btree16_bl_a64,16777216,14,310.4080,3590053196634910135
fusion8,16777216,0,589.7263,3590053196634910135
fusion8,16777216,1,526.2146,3590053196634910135
fusion8,16777216,2,506.2866,3590053196634910135
fusion8,16777216,3,501.5228,3590053196634910135
fusion8,16777216,4,499.9176,3590053196634910135
fusion8,16777216,5,503.5629,3590053196634910135
fusion8,16777216,6,505.0507,3590053196634910135
fusion8,16777216,7,509.5917,3590053196634910135
fusion8,16777216,8,503.4119,3590053196634910135
fusion8,16777216,9,499.8993,3590053196634910135
fusion8,16777216,10,498.1903,3590053196634910135
fusion8,16777216,11,496.5164,3590053196634910135
fusion8,16777216,12,495.8588,3590053196634910135
fusion8,16777216,13,503.5782,3590053196634910135
fusion8,16777216,14,504.9255,3590053196634910135
fusion8_bf,16777216,0,569.9982,3590053196634910135
fusion8_bf,16777216,1,519.3085,3590053196634910135
fusion8_bf,16777216,2,536.6089,3590053196634910135
fusion8_bf,16777216,3,519.4275,3590053196634910135
fusion8_bf,16777216,4,517.5552,3590053196634910135
fusion8_bf,16777216,5,520.9747,3590053196634910135
fusion8_bf,16777216,6,513.7741,3590053196634910135
fusion8_bf,16777216,7,521.5408,3590053196634910135
fusion8_bf,16777216,8,512.1765,3590053196634910135
fusion8_bf,16777216,9,511.0489,3590053196634910135
fusion8_bf,16777216,10,509.6390,3590053196634910135
fusion8_bf,16777216,11,523.8983,3590053196634910135
fusion8_bf,16777216,12,511.0672,3590053196634910135
fusion8_bf,16777216,13,522.6257,3590053196634910135
fusion8_bf,16777216,14,510.0403,3590053196634910135
fusion8_c,16777216,0,542.9947,3590053196634910135
fusion8_c,16777216,1,517.5156,3590053196634910135
fusion8_c,16777216,2,497.6593,3590053196634910135
fusion8_c,16777216,3,463.6780,3590053196634910135
fusion8_c,16777216,4,467.2714,3590053196634910135
fusion8_c,16777216,5,459.1797,3590053196634910135
fusion8_c,16777216,6,453.4195,3590053196634910135
fusion8_c,16777216,7,458.3115,3590053196634910135
fusion8_c,16777216,8,458.5495,3590053196634910135
fusion8_c,16777216,9,471.9315,3590053196634910135
fusion8_c,16777216,10,490.2054,3590053196634910135
fusion8_c,16777216,11,462.9028,3590053196634910135
fusion8_c,16777216,12,449.1257,3590053196634910135
fusion8_c,16777216,13,451.4084,3590053196634910135
fusion8_c,16777216,14,448.5245,3590053196634910135
fusion16_w,16777216,0,437.8220,3590053196634910135
fusion16_w,16777216,1,397.2626,3590053196634910135
fusion16_w,16777216,2,395.6192,3590053196634910135
fusion16_w,16777216,3,396.1319,3590053196634910135
fusion16_w,16777216,4,398.2681,3590053196634910135
fusion16_w,16777216,5,395.7611,3590053196634910135
fusion16_w,16777216,6,393.0099,3590053196634910135
fusion16_w,16777216,7,397.4579,3590053196634910135
fusion16_w,16777216,8,398.3673,3590053196634910135
fusion16_w,16777216,9,393.7607,3590053196634910135
fusion16_w,16777216,10,395.3842,3590053196634910135
fusion16_w,16777216,11,393.8431,3590053196634910135
fusion16_w,16777216,12,395.3171,3590053196634910135
fusion16_w,16777216,13,397.6974,3590053196634910135
fusion16_w,16777216,14,391.9754,3590053196634910135
sorted_array,33554432,0,1520.7535,14493871693595802041
sorted_array,33554432,1,1389.8941,14493871693595802041
sorted_array,33554432,2,1373.7244,14493871693595802041
sorted_array,33554432,3,1374.2538,14493871693595802041
sorted_array,33554432,4,1376.1810,14493871693595802041
sorted_array,33554432,5,1368.2266,14493871693595802041
sorted_array,33554432,6,1363.5422,14493871693595802041
sorted_array,33554432,7,1369.7250,14493871693595802041
sorted_array,33554432,8,1366.9388,14493871693595802041
sorted_array,33554432,9,1369.4382,14493871693595802041
sorted_array,33554432,10,1402.2598,14493871693595802041
sorted_array,33554432,11,1370.0226,14493871693595802041
sorted_array,33554432,12,1373.0057,14493871693595802041
sorted_array,33554432,13,1370.7794,14493871693595802041
sorted_array,33554432,14,1378.4332,14493871693595802041
btree8,33554432,0,446.0190,14493871693595802041
btree8,33554432,1,393.1534,14493871693595802041
btree8,33554432,2,390.8112,14493871693595802041
btree8,33554432,3,387.6465,14493871693595802041
btree8,33554432,4,389.8178,14493871693595802041
btree8,33554432,5,381.5796,14493871693595802041
btree8,33554432,6,389.5599,14493871693595802041
btree8,33554432,7,388.6063,14493871693595802041
btree8,33554432,8,384.9731,14493871693595802041
btree8,33554432,9,381.0410,14493871693595802041
btree8,33554432,10,382.7942,14493871693595802041
btree8,33554432,11,390.7761,14493871693595802041
btree8,33554432,12,391.3681,14493871693595802041
btree8,33554432,13,394.2596,14493871693595802041
btree8,33554432,14,436.7828,14493871693595802041
btree8_bl,33554432,0,483.6075,14493871693595802041
btree8_bl,33554432,1,425.3311,14493871693595802041
btree8_bl,33554432,2,415.4144,14493871693595802041
btree8_bl,33554432,3,406.0150,14493871693595802041
btree8_bl,33554432,4,407.7072,14493871693595802041
btree8_bl,33554432,5,405.7877,14493871693595802041
btree8_bl,33554432,6,415.1215,14493871693595802041
btree8_bl,33554432,7,409.7336,14493871693595802041
btree8_bl,33554432,8,408.9050,14493871693595802041
btree8_bl,33554432,9,402.5238,14493871693595802041
btree8_bl,33554432,10,409.4574,14493871693595802041
btree8_bl,33554432,11,413.6093,14493871693595802041
btree8_bl,33554432,12,416.6840,14493871693595802041
btree8_bl,33554432,13,409.4070,14493871693595802041
btree8_bl,33554432,14,406.8878,14493871693595802041
btree8_a64,33554432,0,440.6723,14493871693595802041
btree8_a64,33554432,1,379.8431,14493871693595802041
btree8_a64,33554432,2,373.7762,14493871693595802041
btree8_a64,33554432,3,372.3450,14493871693595802041
btree8_a64,33554432,4,423.4268,14493871693595802041
btree8_a64,33554432,5,408.8821,14493871693595802041
btree8_a64,33554432,6,398.2895,14493871693595802041
btree8_a64,33554432,7,382.3624,14493871693595802041
btree8_a64,33554432,8,381.2576,14493871693595802041
btree8_a64,33554432,9,387.9837,14493871693595802041
btree8_a64,33554432,10,385.1578,14493871693595802041
btree8_a64,33554432,11,375.2396,14493871693595802041
btree8_a64,33554432,12,376.6235,14493871693595802041
btree8_a64,33554432,13,373.8953,14493871693595802041
btree8_a64,33554432,14,368.4814,14493871693595802041
btree8_bl_a64,33554432,0,455.5328,14493871693595802041
btree8_bl_a64,33554432,1,377.9175,14493871693595802041
btree8_bl_a64,33554432,2,361.4487,14493871693595802041
btree8_bl_a64,33554432,3,361.5448,14493871693595802041
btree8_bl_a64,33554432,4,357.8674,14493871693595802041
btree8_bl_a64,33554432,5,365.9073,14493871693595802041
btree8_bl_a64,33554432,6,376.9608,14493871693595802041
btree8_bl_a64,33554432,7,365.2847,14493871693595802041
btree8_bl_a64,33554432,8,371.4249,14493871693595802041
btree8_bl_a64,33554432,9,368.5577,14493871693595802041
btree8_bl_a64,33554432,10,361.4136,14493871693595802041
btree8_bl_a64,33554432,11,360.8475,14493871693595802041
btree8_bl_a64,33554432,12,361.8118,14493871693595802041
btree8_bl_a64,33554432,13,369.4077,14493871693595802041
btree8_bl_a64,33554432,14,376.0895,14493871693595802041
btree16_bl_a64,33554432,0,496.6888,14493871693595802041
btree16_bl_a64,33554432,1,433.2474,14493871693595802041
btree16_bl_a64,33554432,2,423.1430,14493871693595802041
btree16_bl_a64,33554432,3,418.7378,14493871693595802041
btree16_bl_a64,33554432,4,419.9234,14493871693595802041
btree16_bl_a64,33554432,5,421.9009,14493871693595802041
btree16_bl_a64,33554432,6,426.5701,14493871693595802041
btree16_bl_a64,33554432,7,424.9115,14493871693595802041
btree16_bl_a64,33554432,8,425.1205,14493871693595802041
btree16_bl_a64,33554432,9,425.1144,14493871693595802041
btree16_bl_a64,33554432,10,431.9519,14493871693595802041
btree16_bl_a64,33554432,11,427.4353,14493871693595802041
btree16_bl_a64,33554432,12,421.6599,14493871693595802041
btree16_bl_a64,33554432,13,434.2743,14493871693595802041
btree16_bl_a64,33554432,14,426.9806,14493871693595802041
fusion8,33554432,0,571.4844,14493871693595802041
fusion8,33554432,1,510.9390,14493871693595802041
fusion8,33554432,2,514.6851,14493871693595802041
fusion8,33554432,3,505.2399,14493871693595802041
fusion8,33554432,4,516.8304,14493871693595802041
fusion8,33554432,5,505.5145,14493871693595802041
fusion8,33554432,6,501.9363,14493871693595802041
fusion8,33554432,7,506.6925,14493871693595802041
fusion8,33554432,8,505.4779,14493871693595802041
fusion8,33554432,9,505.4382,14493871693595802041
fusion8,33554432,10,515.9439,14493871693595802041
fusion8,33554432,11,508.5358,14493871693595802041
fusion8,33554432,12,503.9062,14493871693595802041
fusion8,33554432,13,510.1959,14493871693595802041
fusion8,33554432,14,510.6033,14493871693595802041
fusion8_bf,33554432,0,568.3746,14493871693595802041
fusion8_bf,33554432,1,528.7003,14493871693595802041
fusion8_bf,33554432,2,528.7109,14493871693595802041
fusion8_bf,33554432,3,520.9320,14493871693595802041
fusion8_bf,33554432,4,519.5267,14493871693595802041
fusion8_bf,33554432,5,514.8544,14493871693595802041
fusion8_bf,33554432,6,513.3652,14493871693595802041
fusion8_bf,33554432,7,531.5857,14493871693595802041
fusion8_bf,33554432,8,520.8145,14493871693595802041
fusion8_bf,33554432,9,521.4172,14493871693595802041
fusion8_bf,33554432,10,515.6174,14493871693595802041
fusion8_bf,33554432,11,516.4780,14493871693595802041
fusion8_bf,33554432,12,524.4095,14493871693595802041
fusion8_bf,33554432,13,523.1415,14493871693595802041
fusion8_bf,33554432,14,515.9271,14493871693595802041
fusion8_c,33554432,0,537.6251,14493871693595802041
fusion8_c,33554432,1,477.3270,14493871693595802041
fusion8_c,33554432,2,471.1334,14493871693595802041
fusion8_c,33554432,3,467.2333,14493871693595802041
fusion8_c,33554432,4,468.6981,14493871693595802041
fusion8_c,33554432,5,461.5158,14493871693595802041
fusion8_c,33554432,6,452.9541,14493871693595802041
fusion8_c,33554432,7,454.5197,14493871693595802041
fusion8_c,33554432,8,455.0003,14493871693595802041
fusion8_c,33554432,9,454.7989,14493871693595802041
fusion8_c,33554432,10,469.7617,14493871693595802041
fusion8_c,33554432,11,476.4542,14493871693595802041
fusion8_c,33554432,12,465.9897,14493871693595802041
fusion8_c,33554432,13,464.5447,14493871693595802041
fusion8_c,33554432,14,460.6888,14493871693595802041
fusion16_w,33554432,0,594.0689,14493871693595802041
fusion16_w,33554432,1,533.6319,14493871693595802041
fusion16_w,33554432,2,533.4061,14493871693595802041
fusion16_w,33554432,3,537.2894,14493871693595802041
fusion16_w,33554432,4,530.5389,14493871693595802041
fusion16_w,33554432,5,534.2773,14493871693595802041
fusion16_w,33554432,6,530.1987,14493871693595802041
fusion16_w,33554432,7,531.8680,14493871693595802041
fusion16_w,33554432,8,532.8278,14493871693595802041
fusion16_w,33554432,9,533.1238,14493871693595802041
fusion16_w,33554432,10,531.8512,14493871693595802041
fusion16_w,33554432,11,539.2197,14493871693595802041
fusion16_w,33554432,12,539.7766,14493871693595802041
fusion16_w,33554432,13,541.3498,14493871693595802041
fusion16_w,33554432,14,537.6633,14493871693595802041
