structure,n,rep,ns_per_query,checksum
fusion8,256,0,36.7783,3802318259966007189
fusion8_c,256,0,36.6821,3802318259966007189
btree8_a64,256,0,20.4956,3802318259966007189
btree16_bl_a64,256,0,12.9425,3802318259966007189
btree8,256,0,22.3251,3802318259966007189
btree8_bl,256,0,18.1870,3802318259966007189
fusion16_w,256,0,28.2059,3802318259966007189
fusion8_bf,256,0,37.0148,3802318259966007189
btree8_bl_a64,256,0,16.5939,3802318259966007189
sorted_array,256,0,4.6127,3802318259966007189
btree8_bl,256,1,17.5369,3802318259966007189
fusion8,256,1,35.6140,3802318259966007189
btree16_bl_a64,256,1,12.9669,3802318259966007189
fusion16_w,256,1,28.2837,3802318259966007189
btree8_bl_a64,256,1,16.6733,3802318259966007189
btree8_a64,256,1,20.4300,3802318259966007189
fusion8_c,256,1,37.0911,3802318259966007189
sorted_array,256,1,4.5959,3802318259966007189
btree8,256,1,22.0261,3802318259966007189
fusion8_bf,256,1,37.7945,3802318259966007189
btree8_bl,256,2,17.9062,3802318259966007189
sorted_array,256,2,4.6188,3802318259966007189
btree16_bl_a64,256,2,12.9944,3802318259966007189
fusion8_c,256,2,36.7630,3802318259966007189
btree8_a64,256,2,20.5261,3802318259966007189
btree8,256,2,22.2305,3802318259966007189
fusion16_w,256,2,28.5095,3802318259966007189
fusion8,256,2,35.9100,3802318259966007189
fusion8_bf,256,2,38.3560,3802318259966007189
btree8_bl_a64,256,2,16.5253,3802318259966007189
fusion8_c,256,3,36.7569,3802318259966007189
fusion8_bf,256,3,37.4374,3802318259966007189
btree16_bl_a64,256,3,12.9807,3802318259966007189
btree8_bl_a64,256,3,16.6611,3802318259966007189
fusion8,256,3,35.4767,3802318259966007189
btree8,256,3,21.6141,3802318259966007189
sorted_array,256,3,4.6112,3802318259966007189
fusion16_w,256,3,28.3600,3802318259966007189
btree8_a64,256,3,20.3339,3802318259966007189
btree8_bl,256,3,17.7292,3802318259966007189
btree8_bl,256,4,17.6041,3802318259966007189
fusion16_w,256,4,28.2135,3802318259966007189
btree8_bl_a64,256,4,16.5924,3802318259966007189
btree16_bl_a64,256,4,12.9517,3802318259966007189
btree8,256,4,21.0129,3802318259966007189
fusion8,256,4,35.6461,3802318259966007189
fusion8_c,256,4,36.7203,3802318259966007189
fusion8_bf,256,4,38.6948,3802318259966007189
sorted_array,256,4,4.6265,3802318259966007189
btree8_a64,256,4,20.5978,3802318259966007189
fusion8_bf,256,5,37.9608,3802318259966007189
btree8,256,5,21.2540,3802318259966007189
btree8_a64,256,5,21.6934,3802318259966007189
btree8_bl,256,5,17.7963,3802318259966007189
btree16_bl_a64,256,5,12.9486,3802318259966007189
fusion8,256,5,35.4980,3802318259966007189
fusion16_w,256,5,28.1433,3802318259966007189
sorted_array,256,5,4.5853,3802318259966007189
btree8_bl_a64,256,5,16.6611,3802318259966007189
fusion8_c,256,5,36.6409,3802318259966007189
fusion8,256,6,36.5204,3802318259966007189
btree8_a64,256,6,20.3171,3802318259966007189
sorted_array,256,6,4.6082,3802318259966007189
btree8_bl,256,6,17.6559,3802318259966007189
btree16_bl_a64,256,6,13.0188,3802318259966007189
fusion8_bf,256,6,39.3448,3802318259966007189
fusion16_w,256,6,28.3066,3802318259966007189
btree8_bl_a64,256,6,16.5741,3802318259966007189
fusion8_c,256,6,36.5433,3802318259966007189
btree8,256,6,21.0464,3802318259966007189
fusion8_c,256,7,37.2543,3802318259966007189
fusion8_bf,256,7,37.1689,3802318259966007189
sorted_array,256,7,4.6402,3802318259966007189
btree8_bl,256,7,17.5858,3802318259966007189
btree8,256,7,21.2601,3802318259966007189
fusion16_w,256,7,28.1342,3802318259966007189
btree8_a64,256,7,20.6802,3802318259966007189
fusion8,256,7,37.6358,3802318259966007189
btree8_bl_a64,256,7,16.7740,3802318259966007189
btree16_bl_a64,256,7,13.0157,3802318259966007189
fusion8_c,256,8,36.6455,3802318259966007189
btree8_bl,256,8,17.4286,3802318259966007189
btree16_bl_a64,256,8,12.9501,3802318259966007189
fusion16_w,256,8,28.3035,3802318259966007189
btree8_bl_a64,256,8,16.5695,3802318259966007189
btree8,256,8,21.0571,3802318259966007189
btree8_a64,256,8,21.6492,3802318259966007189
fusion8_bf,256,8,38.7909,3802318259966007189
fusion8,256,8,35.4706,3802318259966007189
sorted_array,256,8,4.5975,3802318259966007189
fusion8_bf,256,9,37.5748,3802318259966007189
sorted_array,256,9,4.5990,3802318259966007189
btree8,256,9,21.0526,3802318259966007189
btree8_a64,256,9,21.8948,3802318259966007189
fusion16_w,256,9,28.1555,3802318259966007189
btree8_bl,256,9,17.5720,3802318259966007189
btree8_bl_a64,256,9,16.5115,3802318259966007189
btree16_bl_a64,256,9,13.0249,3802318259966007189
fusion8_c,256,9,36.5921,3802318259966007189
fusion8,256,9,35.5545,3802318259966007189
fusion8,256,10,40.7150,3802318259966007189
btree16_bl_a64,256,10,12.9623,3802318259966007189
btree8_bl_a64,256,10,16.5359,3802318259966007189
sorted_array,256,10,4.6066,3802318259966007189
fusion16_w,256,10,28.4698,3802318259966007189
btree8_bl,256,10,17.5446,3802318259966007189
fusion8_c,256,10,36.6898,3802318259966007189
btree8_a64,256,10,20.6818,3802318259966007189
btree8,256,10,21.8521,3802318259966007189
fusion8_bf,256,10,38.6383,3802318259966007189
fusion8,256,11,35.7498,3802318259966007189
btree8_a64,256,11,20.4987,3802318259966007189
fusion8_bf,256,11,37.7884,3802318259966007189
btree8,256,11,21.3425,3802318259966007189
btree8_bl_a64,256,11,16.9632,3802318259966007189
btree8_bl,256,11,17.5232,3802318259966007189
sorted_array,256,11,4.5868,3802318259966007189
fusion8_c,256,11,36.6989,3802318259966007189
btree16_bl_a64,256,11,12.9608,3802318259966007189
fusion16_w,256,11,28.1158,3802318259966007189
btree8_bl,256,12,17.4011,3802318259966007189
fusion16_w,256,12,27.9129,3802318259966007189
fusion8_bf,256,12,37.2345,3802318259966007189
fusion8,256,12,36.4136,3802318259966007189
sorted_array,256,12,4.6539,3802318259966007189
btree8_a64,256,12,20.5521,3802318259966007189
btree8_bl_a64,256,12,16.7953,3802318259966007189
fusion8_c,256,12,36.7615,3802318259966007189
btree16_bl_a64,256,12,13.0234,3802318259966007189
btree8,256,12,21.1792,3802318259966007189
fusion8,256,13,37.3169,3802318259966007189
fusion16_w,256,13,28.0762,3802318259966007189
btree8_a64,256,13,20.4529,3802318259966007189
fusion8_c,256,13,36.9583,3802318259966007189
btree8,256,13,21.4645,3802318259966007189
btree8_bl,256,13,17.6025,3802318259966007189
fusion8_bf,256,13,38.0096,3802318259966007189
btree16_bl_a64,256,13,12.9532,3802318259966007189
btree8_bl_a64,256,13,16.5939,3802318259966007189
sorted_array,256,13,4.5959,3802318259966007189
btree8_bl_a64,256,14,16.5848,3802318259966007189
fusion16_w,256,14,28.1509,3802318259966007189
btree8,256,14,21.3486,3802318259966007189
btree8_a64,256,14,22.0535,3802318259966007189
sorted_array,256,14,4.5975,3802318259966007189
btree8_bl,256,14,17.7551,3802318259966007189
btree16_bl_a64,256,14,12.9715,3802318259966007189
fusion8_bf,256,14,37.2559,3802318259966007189
fusion8,256,14,35.6888,3802318259966007189
fusion8_c,256,14,37.8098,3802318259966007189
fusion8_c,512,0,38.0402,18445980686323395203
btree8,512,0,25.1160,18445980686323395203
btree8_a64,512,0,25.2808,18445980686323395203
btree8_bl,512,0,15.6509,18445980686323395203
btree8_bl_a64,512,0,14.7446,18445980686323395203
fusion8,512,0,35.1105,18445980686323395203
sorted_array,512,0,5.0369,18445980686323395203
btree16_bl_a64,512,0,23.3368,18445980686323395203
fusion8_bf,512,0,38.1622,18445980686323395203
fusion16_w,512,0,43.2388,18445980686323395203
btree8_a64,512,1,22.8439,18445980686323395203
btree8,512,1,25.7172,18445980686323395203
fusion16_w,512,1,47.0337,18445980686323395203
fusion8,512,1,35.2249,18445980686323395203
btree8_bl,512,1,15.5533,18445980686323395203
btree16_bl_a64,512,1,23.1812,18445980686323395203
btree8_bl_a64,512,1,14.6393,18445980686323395203
fusion8_bf,512,1,37.9578,18445980686323395203
fusion8_c,512,1,37.2192,18445980686323395203
sorted_array,512,1,5.0552,18445980686323395203
fusion16_w,512,2,43.9590,18445980686323395203
btree8_bl_a64,512,2,14.5828,18445980686323395203
btree16_bl_a64,512,2,23.1934,18445980686323395203
fusion8_c,512,2,37.3093,18445980686323395203
fusion8_bf,512,2,38.0676,18445980686323395203
btree8_bl,512,2,15.5334,18445980686323395203
fusion8,512,2,35.0555,18445980686323395203
sorted_array,512,2,5.0629,18445980686323395203
btree8,512,2,24.2813,18445980686323395203
btree8_a64,512,2,25.0351,18445980686323395203
btree8_bl_a64,512,3,14.7812,18445980686323395203
btree8_a64,512,3,24.8779,18445980686323395203
sorted_array,512,3,5.0415,18445980686323395203
fusion8_c,512,3,37.3611,18445980686323395203
btree8,512,3,24.0860,18445980686323395203
fusion8,512,3,36.4853,18445980686323395203
fusion8_bf,512,3,38.2431,18445980686323395203
btree8_bl,512,3,15.5289,18445980686323395203
fusion16_w,512,3,43.0267,18445980686323395203
btree16_bl_a64,512,3,23.1873,18445980686323395203
fusion8_c,512,4,37.1902,18445980686323395203
btree8_bl,512,4,15.4572,18445980686323395203
btree16_bl_a64,512,4,23.1262,18445980686323395203
btree8,512,4,24.4995,18445980686323395203
btree8_bl_a64,512,4,14.6469,18445980686323395203
sorted_array,512,4,5.0629,18445980686323395203
btree8_a64,512,4,24.6277,18445980686323395203
fusion8_bf,512,4,38.4979,18445980686323395203
fusion16_w,512,4,42.6285,18445980686323395203
fusion8,512,4,36.0046,18445980686323395203
btree8_bl_a64,512,5,14.5874,18445980686323395203
btree8_bl,512,5,15.4861,18445980686323395203
fusion8_c,512,5,37.2528,18445980686323395203
btree16_bl_a64,512,5,23.1262,18445980686323395203
btree8,512,5,23.9792,18445980686323395203
btree8_a64,512,5,24.9191,18445980686323395203
fusion16_w,512,5,47.1893,18445980686323395203
sorted_array,512,5,5.0644,18445980686323395203
fusion8_bf,512,5,41.8152,18445980686323395203
fusion8,512,5,34.8846,18445980686323395203
fusion8,512,6,34.7748,18445980686323395203
btree8,512,6,23.8922,18445980686323395203
sorted_array,512,6,5.0507,18445980686323395203
btree16_bl_a64,512,6,25.1450,18445980686323395203
fusion16_w,512,6,43.6813,18445980686323395203
fusion8_c,512,6,37.2574,18445980686323395203
btree8_bl_a64,512,6,14.6027,18445980686323395203
btree8_a64,512,6,22.5632,18445980686323395203
btree8_bl,512,6,15.5472,18445980686323395203
fusion8_bf,512,6,38.7909,18445980686323395203
btree8,512,7,24.0936,18445980686323395203
btree8_a64,512,7,24.9863,18445980686323395203
fusion8_c,512,7,37.8098,18445980686323395203
fusion8_bf,512,7,38.0737,18445980686323395203
fusion8,512,7,35.6537,18445980686323395203
btree8_bl_a64,512,7,14.5615,18445980686323395203
fusion16_w,512,7,42.9276,18445980686323395203
btree16_bl_a64,512,7,23.0759,18445980686323395203
sorted_array,512,7,5.0323,18445980686323395203
btree8_bl,512,7,15.5426,18445980686323395203
sorted_array,512,8,5.0415,18445980686323395203
btree8_bl,512,8,15.4327,18445980686323395203
btree8_bl_a64,512,8,14.5645,18445980686323395203
btree16_bl_a64,512,8,23.1552,18445980686323395203
fusion8_bf,512,8,38.1760,18445980686323395203
fusion8,512,8,34.8251,18445980686323395203
fusion16_w,512,8,42.6712,18445980686323395203
fusion8_c,512,8,37.3001,18445980686323395203
btree8_a64,512,8,22.9233,18445980686323395203
btree8,512,8,25.9003,18445980686323395203
btree8_bl_a64,512,9,14.5782,18445980686323395203
btree8,512,9,25.7797,18445980686323395203
fusion16_w,512,9,43.5486,18445980686323395203
fusion8_c,512,9,37.2696,18445980686323395203
sorted_array,512,9,5.0201,18445980686323395203
btree8_a64,512,9,23.1247,18445980686323395203
btree16_bl_a64,512,9,23.2330,18445980686323395203
fusion8,512,9,35.3409,18445980686323395203
btree8_bl,512,9,15.4953,18445980686323395203
fusion8_bf,512,9,38.2217,18445980686323395203
btree8_bl,512,10,15.4510,18445980686323395203
btree8,512,10,23.9258,18445980686323395203
fusion8_c,512,10,37.3688,18445980686323395203
btree8_bl_a64,512,10,14.5493,18445980686323395203
btree8_a64,512,10,22.7127,18445980686323395203
sorted_array,512,10,5.0293,18445980686323395203
fusion16_w,512,10,45.3140,18445980686323395203
fusion8,512,10,35.1059,18445980686323395203
btree16_bl_a64,512,10,23.2239,18445980686323395203
fusion8_bf,512,10,39.2502,18445980686323395203
btree8_bl_a64,512,11,14.5828,18445980686323395203
fusion8_bf,512,11,38.0630,18445980686323395203
fusion8_c,512,11,37.2391,18445980686323395203
btree8_a64,512,11,22.9416,18445980686323395203
btree8_bl,512,11,15.5609,18445980686323395203
btree16_bl_a64,512,11,23.1812,18445980686323395203
fusion8,512,11,35.0433,18445980686323395203
fusion16_w,512,11,42.8329,18445980686323395203
sorted_array,512,11,5.0217,18445980686323395203
btree8,512,11,23.8602,18445980686323395203
btree8_bl_a64,512,12,14.6133,18445980686323395203
fusion8_bf,512,12,38.6902,18445980686323395203
fusion8_c,512,12,37.2940,18445980686323395203
btree8,512,12,23.7350,18445980686323395203
fusion8,512,12,36.3480,18445980686323395203
btree8_bl,512,12,15.1794,18445980686323395203
btree16_bl_a64,512,12,22.7173,18445980686323395203
btree8_a64,512,12,22.1436,18445980686323395203
sorted_array,512,12,4.9271,18445980686323395203
fusion16_w,512,12,44.3619,18445980686323395203
btree8,512,13,23.7579,18445980686323395203
fusion16_w,512,13,45.9045,18445980686323395203
btree8_a64,512,13,22.7127,18445980686323395203
sorted_array,512,13,5.0232,18445980686323395203
fusion8_bf,512,13,38.6810,18445980686323395203
fusion8,512,13,34.9060,18445980686323395203
btree8_bl,512,13,15.4694,18445980686323395203
btree16_bl_a64,512,13,23.0774,18445980686323395203
btree8_bl_a64,512,13,14.3250,18445980686323395203
fusion8_c,512,13,36.4685,18445980686323395203
btree8_bl_a64,512,14,14.2319,18445980686323395203
fusion8_bf,512,14,37.9486,18445980686323395203
btree8_a64,512,14,22.6120,18445980686323395203
btree8_bl,512,14,15.2649,18445980686323395203
btree16_bl_a64,512,14,22.8104,18445980686323395203
fusion16_w,512,14,42.0639,18445980686323395203
btree8,512,14,23.5504,18445980686323395203
fusion8_c,512,14,36.6531,18445980686323395203
sorted_array,512,14,4.9225,18445980686323395203
fusion8,512,14,34.1873,18445980686323395203
btree8,1024,0,25.9201,13330139387826418850
fusion16_w,1024,0,48.3688,13330139387826418850
btree8_a64,1024,0,25.2472,13330139387826418850
btree8_bl,1024,0,23.3170,13330139387826418850
fusion8_bf,1024,0,52.5757,13330139387826418850
fusion8,1024,0,42.8040,13330139387826418850
btree8_bl_a64,1024,0,22.0657,13330139387826418850
fusion8_c,1024,0,48.1888,13330139387826418850
sorted_array,1024,0,5.6870,13330139387826418850
btree16_bl_a64,1024,0,22.2488,13330139387826418850
btree8,1024,1,25.8301,13330139387826418850
fusion8,1024,1,47.1848,13330139387826418850
fusion8_bf,1024,1,51.4023,13330139387826418850
fusion8_c,1024,1,48.1430,13330139387826418850
fusion16_w,1024,1,49.9893,13330139387826418850
btree8_bl,1024,1,23.1247,13330139387826418850
sorted_array,1024,1,5.6641,13330139387826418850
btree16_bl_a64,1024,1,22.3343,13330139387826418850
btree8_bl_a64,1024,1,21.9696,13330139387826418850
btree8_a64,1024,1,25.2914,13330139387826418850
btree8,1024,2,29.2999,13330139387826418850
fusion8_bf,1024,2,51.4526,13330139387826418850
btree8_a64,1024,2,25.9308,13330139387826418850
btree8_bl,1024,2,23.2269,13330139387826418850
btree16_bl_a64,1024,2,22.8073,13330139387826418850
fusion8_c,1024,2,47.3618,13330139387826418850
fusion16_w,1024,2,48.4848,13330139387826418850
fusion8,1024,2,43.5883,13330139387826418850
sorted_array,1024,2,5.6839,13330139387826418850
btree8_bl_a64,1024,2,22.0108,13330139387826418850
sorted_array,1024,3,5.6854,13330139387826418850
fusion8_c,1024,3,48.3765,13330139387826418850
fusion16_w,1024,3,47.0230,13330139387826418850
btree16_bl_a64,1024,3,22.7539,13330139387826418850
fusion8,1024,3,42.9550,13330139387826418850
btree8_bl_a64,1024,3,21.7499,13330139387826418850
btree8_a64,1024,3,25.3372,13330139387826418850
fusion8_bf,1024,3,52.6840,13330139387826418850
btree8_bl,1024,3,24.5819,13330139387826418850
btree8,1024,3,26.4893,13330139387826418850
btree8_a64,1024,4,28.5400,13330139387826418850
btree8,1024,4,26.9058,13330139387826418850
fusion8_c,1024,4,48.9243,13330139387826418850
btree8_bl,1024,4,23.7946,13330139387826418850
sorted_array,1024,4,5.7144,13330139387826418850
fusion8_bf,1024,4,49.2233,13330139387826418850
btree8_bl_a64,1024,4,21.7926,13330139387826418850
btree16_bl_a64,1024,4,22.2931,13330139387826418850
fusion16_w,1024,4,46.4981,13330139387826418850
fusion8,1024,4,43.0374,13330139387826418850
fusion8,1024,5,42.7444,13330139387826418850
btree16_bl_a64,1024,5,22.7051,13330139387826418850
fusion16_w,1024,5,46.4218,13330139387826418850
btree8_bl,1024,5,22.8973,13330139387826418850
btree8_a64,1024,5,26.1749,13330139387826418850
fusion8_c,1024,5,48.7335,13330139387826418850
btree8,1024,5,25.8072,13330139387826418850
fusion8_bf,1024,5,52.8076,13330139387826418850
btree8_bl_a64,1024,5,22.3633,13330139387826418850
sorted_array,1024,5,5.6442,13330139387826418850
fusion16_w,1024,6,46.5088,13330139387826418850
btree8_bl,1024,6,22.9202,13330139387826418850
fusion8,1024,6,43.4784,13330139387826418850
btree8_a64,1024,6,25.2686,13330139387826418850
btree8,1024,6,28.7964,13330139387826418850
fusion8_c,1024,6,48.5031,13330139387826418850
sorted_array,1024,6,5.6808,13330139387826418850
btree8_bl_a64,1024,6,21.7377,13330139387826418850
btree16_bl_a64,1024,6,22.3007,13330139387826418850
fusion8_bf,1024,6,49.4507,13330139387826418850
sorted_array,1024,7,5.6534,13330139387826418850
fusion8_c,1024,7,48.8998,13330139387826418850
fusion8,1024,7,45.9015,13330139387826418850
btree16_bl_a64,1024,7,22.2351,13330139387826418850
fusion16_w,1024,7,46.8964,13330139387826418850
btree8,1024,7,26.1093,13330139387826418850
btree8_bl_a64,1024,7,21.9009,13330139387826418850
btree8_bl,1024,7,23.0316,13330139387826418850
btree8_a64,1024,7,25.6027,13330139387826418850
fusion8_bf,1024,7,53.2974,13330139387826418850
fusion8,1024,8,46.6446,13330139387826418850
btree8_bl,1024,8,23.3322,13330139387826418850
btree8_bl_a64,1024,8,21.8552,13330139387826418850
fusion8_c,1024,8,47.1817,13330139387826418850
fusion8_bf,1024,8,51.0498,13330139387826418850
btree16_bl_a64,1024,8,23.2513,13330139387826418850
sorted_array,1024,8,5.6763,13330139387826418850
btree8_a64,1024,8,24.6307,13330139387826418850
fusion16_w,1024,8,49.2691,13330139387826418850
btree8,1024,8,26.1734,13330139387826418850
fusion16_w,1024,9,48.0286,13330139387826418850
fusion8,1024,9,43.9774,13330139387826418850
btree8_a64,1024,9,25.3937,13330139387826418850
fusion8_bf,1024,9,52.2110,13330139387826418850
btree16_bl_a64,1024,9,22.2031,13330139387826418850
btree8_bl_a64,1024,9,21.6217,13330139387826418850
btree8_bl,1024,9,23.4818,13330139387826418850
fusion8_c,1024,9,47.8897,13330139387826418850
btree8,1024,9,25.7675,13330139387826418850
sorted_array,1024,9,5.6625,13330139387826418850
fusion8,1024,10,47.3572,13330139387826418850
btree16_bl_a64,1024,10,22.2290,13330139387826418850
fusion8_c,1024,10,47.0932,13330139387826418850
fusion8_bf,1024,10,50.3754,13330139387826418850
fusion16_w,1024,10,47.4792,13330139387826418850
btree8,1024,10,25.9247,13330139387826418850
sorted_array,1024,10,5.6641,13330139387826418850
btree8_bl,1024,10,23.1674,13330139387826418850
btree8_a64,1024,10,25.2686,13330139387826418850
btree8_bl_a64,1024,10,22.0062,13330139387826418850
btree8_bl_a64,1024,11,21.9452,13330139387826418850
sorted_array,1024,11,5.6763,13330139387826418850
btree8,1024,11,26.2039,13330139387826418850
fusion8,1024,11,48.5046,13330139387826418850
fusion8_bf,1024,11,48.4818,13330139387826418850
btree16_bl_a64,1024,11,22.0032,13330139387826418850
fusion16_w,1024,11,46.7484,13330139387826418850
btree8_a64,1024,11,25.3082,13330139387826418850
fusion8_c,1024,11,48.6038,13330139387826418850
btree8_bl,1024,11,23.4390,13330139387826418850
fusion16_w,1024,12,46.7484,13330139387826418850
fusion8,1024,12,43.6188,13330139387826418850
btree16_bl_a64,1024,12,22.2977,13330139387826418850
fusion8_bf,1024,12,48.6023,13330139387826418850
btree8_a64,1024,12,24.9863,13330139387826418850
sorted_array,1024,12,5.6747,13330139387826418850
btree8_bl_a64,1024,12,22.0001,13330139387826418850
btree8_bl,1024,12,23.4039,13330139387826418850
btree8,1024,12,26.9226,13330139387826418850
fusion8_c,1024,12,49.5285,13330139387826418850
btree8_bl,1024,13,22.8073,13330139387826418850
btree8,1024,13,25.6714,13330139387826418850
fusion16_w,1024,13,46.9330,13330139387826418850
sorted_array,1024,13,5.6763,13330139387826418850
btree8_bl_a64,1024,13,21.7072,13330139387826418850
fusion8_bf,1024,13,49.0387,13330139387826418850
btree16_bl_a64,1024,13,22.3038,13330139387826418850
fusion8_c,1024,13,47.3907,13330139387826418850
btree8_a64,1024,13,25.3967,13330139387826418850
fusion8,1024,13,46.0999,13330139387826418850
btree16_bl_a64,1024,14,22.2321,13330139387826418850
fusion8,1024,14,42.4042,13330139387826418850
sorted_array,1024,14,5.6580,13330139387826418850
fusion8_c,1024,14,48.2071,13330139387826418850
btree8,1024,14,25.9415,13330139387826418850
btree8_bl_a64,1024,14,22.0078,13330139387826418850
btree8_bl,1024,14,22.9355,13330139387826418850
fusion16_w,1024,14,46.5317,13330139387826418850
btree8_a64,1024,14,25.2274,13330139387826418850
fusion8_bf,1024,14,52.9602,13330139387826418850
fusion8,2048,0,56.0120,8649855807846794996
fusion16_w,2048,0,52.8809,8649855807846794996
btree8_bl_a64,2048,0,23.9792,8649855807846794996
btree8_bl,2048,0,24.6460,8649855807846794996
fusion8_c,2048,0,52.0935,8649855807846794996
btree16_bl_a64,2048,0,21.8536,8649855807846794996
sorted_array,2048,0,6.5964,8649855807846794996
btree8_a64,2048,0,30.1422,8649855807846794996
btree8,2048,0,33.2199,8649855807846794996
fusion8_bf,2048,0,58.0063,8649855807846794996
fusion8,2048,1,50.9521,8649855807846794996
btree16_bl_a64,2048,1,22.5220,8649855807846794996
sorted_array,2048,1,6.5628,8649855807846794996
btree8_a64,2048,1,29.9850,8649855807846794996
btree8,2048,1,33.3481,8649855807846794996
fusion16_w,2048,1,51.2482,8649855807846794996
fusion8_bf,2048,1,52.8610,8649855807846794996
fusion8_c,2048,1,51.2222,8649855807846794996
btree8_bl,2048,1,24.3530,8649855807846794996
btree8_bl_a64,2048,1,23.3017,8649855807846794996
fusion16_w,2048,2,49.8703,8649855807846794996
btree16_bl_a64,2048,2,21.8475,8649855807846794996
btree8,2048,2,30.1788,8649855807846794996
fusion8_c,2048,2,52.7100,8649855807846794996
sorted_array,2048,2,6.3782,8649855807846794996
btree8_a64,2048,2,29.3533,8649855807846794996
fusion8,2048,2,53.3646,8649855807846794996
fusion8_bf,2048,2,54.1534,8649855807846794996
btree8_bl,2048,2,24.1745,8649855807846794996
btree8_bl_a64,2048,2,22.8561,8649855807846794996
btree8_bl,2048,3,23.9975,8649855807846794996
fusion8_c,2048,3,51.0696,8649855807846794996
sorted_array,2048,3,6.4133,8649855807846794996
btree8_a64,2048,3,30.1926,8649855807846794996
fusion8_bf,2048,3,53.6957,8649855807846794996
btree16_bl_a64,2048,3,21.2952,8649855807846794996
btree8_bl_a64,2048,3,22.9858,8649855807846794996
btree8,2048,3,30.3040,8649855807846794996
fusion16_w,2048,3,50.7797,8649855807846794996
fusion8,2048,3,50.7401,8649855807846794996
btree16_bl_a64,2048,4,23.0392,8649855807846794996
sorted_array,2048,4,6.5018,8649855807846794996
fusion16_w,2048,4,50.6042,8649855807846794996
btree8_bl,2048,4,24.1409,8649855807846794996
btree8_bl_a64,2048,4,23.7808,8649855807846794996
fusion8,2048,4,51.4221,8649855807846794996
btree8_a64,2048,4,29.8141,8649855807846794996
fusion8_bf,2048,4,55.5511,8649855807846794996
btree8,2048,4,30.0522,8649855807846794996
fusion8_c,2048,4,53.5934,8649855807846794996
fusion8,2048,5,50.7019,8649855807846794996
btree8_bl,2048,5,24.1943,8649855807846794996
btree8,2048,5,30.2124,8649855807846794996
fusion8_c,2048,5,53.0334,8649855807846794996
sorted_array,2048,5,6.4987,8649855807846794996
btree8_a64,2048,5,29.3304,8649855807846794996
btree16_bl_a64,2048,5,21.8582,8649855807846794996
btree8_bl_a64,2048,5,23.6755,8649855807846794996
fusion8_bf,2048,5,52.5604,8649855807846794996
fusion16_w,2048,5,49.7849,8649855807846794996
btree8,2048,6,30.6549,8649855807846794996
sorted_array,2048,6,6.4102,8649855807846794996
fusion8,2048,6,54.9622,8649855807846794996
btree8_bl_a64,2048,6,22.7219,8649855807846794996
fusion8_c,2048,6,51.3687,8649855807846794996
fusion8_bf,2048,6,52.5955,8649855807846794996
fusion16_w,2048,6,49.5285,8649855807846794996
btree16_bl_a64,2048,6,21.5973,8649855807846794996
btree8_a64,2048,6,29.5425,8649855807846794996
btree8_bl,2048,6,24.2935,8649855807846794996
fusion8_bf,2048,7,52.9373,8649855807846794996
btree8,2048,7,30.6259,8649855807846794996
btree8_bl,2048,7,24.2310,8649855807846794996
btree16_bl_a64,2048,7,21.4340,8649855807846794996
btree8_bl_a64,2048,7,22.8378,8649855807846794996
fusion8_c,2048,7,51.8524,8649855807846794996
btree8_a64,2048,7,28.6728,8649855807846794996
sorted_array,2048,7,6.4026,8649855807846794996
fusion16_w,2048,7,50.8392,8649855807846794996
fusion8,2048,7,50.6683,8649855807846794996
fusion16_w,2048,8,50.4623,8649855807846794996
btree8,2048,8,30.5206,8649855807846794996
btree8_bl_a64,2048,8,23.7167,8649855807846794996
fusion8_c,2048,8,52.0859,8649855807846794996
btree8_bl,2048,8,24.6460,8649855807846794996
btree8_a64,2048,8,29.8553,8649855807846794996
fusion8_bf,2048,8,56.9305,8649855807846794996
btree16_bl_a64,2048,8,21.7804,8649855807846794996
sorted_array,2048,8,6.3995,8649855807846794996
fusion8,2048,8,50.7141,8649855807846794996
btree8_a64,2048,9,29.6860,8649855807846794996
fusion8,2048,9,53.1494,8649855807846794996
btree8,2048,9,30.0720,8649855807846794996
fusion16_w,2048,9,50.6210,8649855807846794996
btree16_bl_a64,2048,9,21.4447,8649855807846794996
btree8_bl,2048,9,24.0463,8649855807846794996
btree8_bl_a64,2048,9,22.7554,8649855807846794996
fusion8_bf,2048,9,52.6611,8649855807846794996
sorted_array,2048,9,6.4316,8649855807846794996
fusion8_c,2048,9,52.3514,8649855807846794996
btree16_bl_a64,2048,10,21.4630,8649855807846794996
sorted_array,2048,10,6.3873,8649855807846794996
btree8_bl,2048,10,24.3301,8649855807846794996
fusion8_c,2048,10,50.8835,8649855807846794996
fusion8,2048,10,54.1687,8649855807846794996
btree8,2048,10,31.2454,8649855807846794996
fusion16_w,2048,10,51.2741,8649855807846794996
btree8_bl_a64,2048,10,22.8653,8649855807846794996
fusion8_bf,2048,10,52.6093,8649855807846794996
btree8_a64,2048,10,29.3030,8649855807846794996
btree8,2048,11,32.1564,8649855807846794996
btree8_bl_a64,2048,11,22.8546,8649855807846794996
btree8_a64,2048,11,29.9316,8649855807846794996
fusion8_bf,2048,11,54.2328,8649855807846794996
btree8_bl,2048,11,24.1425,8649855807846794996
fusion8_c,2048,11,51.5991,8649855807846794996
fusion16_w,2048,11,49.7269,8649855807846794996
btree16_bl_a64,2048,11,21.3043,8649855807846794996
fusion8,2048,11,52.6016,8649855807846794996
sorted_array,2048,11,6.5292,8649855807846794996
sorted_array,2048,12,6.5094,8649855807846794996
btree16_bl_a64,2048,12,21.8369,8649855807846794996
btree8_bl_a64,2048,12,23.4131,8649855807846794996
fusion8_c,2048,12,51.8494,8649855807846794996
btree8_bl,2048,12,24.5193,8649855807846794996
btree8,2048,12,30.9952,8649855807846794996
fusion8_bf,2048,12,58.1909,8649855807846794996
fusion16_w,2048,12,50.1343,8649855807846794996
btree8_a64,2048,12,30.2856,8649855807846794996
fusion8,2048,12,53.5004,8649855807846794996
fusion16_w,2048,13,50.1114,8649855807846794996
btree8_bl,2048,13,24.1516,8649855807846794996
fusion8,2048,13,50.8713,8649855807846794996
btree16_bl_a64,2048,13,21.4203,8649855807846794996
fusion8_c,2048,13,51.1093,8649855807846794996
btree8_a64,2048,13,29.8889,8649855807846794996
btree8,2048,13,32.4997,8649855807846794996
sorted_array,2048,13,6.5979,8649855807846794996
btree8_bl_a64,2048,13,23.0850,8649855807846794996
fusion8_bf,2048,13,52.9938,8649855807846794996
btree8_bl,2048,14,24.2035,8649855807846794996
btree16_bl_a64,2048,14,21.4722,8649855807846794996
btree8,2048,14,30.4230,8649855807846794996
fusion8_bf,2048,14,57.4570,8649855807846794996
fusion8,2048,14,50.6744,8649855807846794996
btree8_a64,2048,14,29.1733,8649855807846794996
btree8_bl_a64,2048,14,24.4873,8649855807846794996
sorted_array,2048,14,6.5201,8649855807846794996
fusion16_w,2048,14,51.0147,8649855807846794996
fusion8_c,2048,14,51.5594,8649855807846794996
sorted_array,4096,0,7.2571,201817674810245547
btree8,4096,0,34.6420,201817674810245547
fusion8_c,4096,0,55.1392,201817674810245547
fusion8_bf,4096,0,55.6290,201817674810245547
btree8_bl,4096,0,22.8226,201817674810245547
fusion16_w,4096,0,47.2717,201817674810245547
fusion8,4096,0,52.6611,201817674810245547
btree8_bl_a64,4096,0,22.5693,201817674810245547
btree16_bl_a64,4096,0,21.1533,201817674810245547
btree8_a64,4096,0,32.5333,201817674810245547
fusion16_w,4096,1,49.3088,201817674810245547
btree16_bl_a64,4096,1,20.9351,201817674810245547
btree8_bl,4096,1,23.0591,201817674810245547
btree8_bl_a64,4096,1,21.5973,201817674810245547
btree8_a64,4096,1,32.6340,201817674810245547
fusion8_bf,4096,1,58.4946,201817674810245547
sorted_array,4096,1,7.1579,201817674810245547
fusion8_c,4096,1,53.1586,201817674810245547
fusion8,4096,1,52.8214,201817674810245547
btree8,4096,1,33.6594,201817674810245547
btree8_bl,4096,2,22.8043,201817674810245547
fusion8_bf,4096,2,58.4549,201817674810245547
btree8_bl_a64,4096,2,22.1603,201817674810245547
fusion16_w,4096,2,47.5983,201817674810245547
btree8_a64,4096,2,32.6141,201817674810245547
btree8,4096,2,35.9787,201817674810245547
btree16_bl_a64,4096,2,20.9381,201817674810245547
fusion8_c,4096,2,54.0955,201817674810245547
fusion8,4096,2,53.0014,201817674810245547
sorted_array,4096,2,7.1136,201817674810245547
fusion8_c,4096,3,52.8778,201817674810245547
fusion8_bf,4096,3,54.6829,201817674810245547
btree8,4096,3,33.9096,201817674810245547
fusion8,4096,3,54.7363,201817674810245547
btree16_bl_a64,4096,3,20.9427,201817674810245547
btree8_bl,4096,3,22.6883,201817674810245547
sorted_array,4096,3,7.0892,201817674810245547
fusion16_w,4096,3,48.0331,201817674810245547
btree8_a64,4096,3,32.6279,201817674810245547
btree8_bl_a64,4096,3,21.8918,201817674810245547
btree8_bl,4096,4,22.8851,201817674810245547
fusion8_c,4096,4,53.4927,201817674810245547
fusion8,4096,4,53.8330,201817674810245547
btree8_bl_a64,4096,4,21.8735,201817674810245547
btree8,4096,4,33.7265,201817674810245547
sorted_array,4096,4,7.1045,201817674810245547
fusion16_w,4096,4,49.2371,201817674810245547
btree16_bl_a64,4096,4,21.0068,201817674810245547
fusion8_bf,4096,4,55.3238,201817674810245547
btree8_a64,4096,4,32.7682,201817674810245547
btree8_bl_a64,4096,5,21.9284,201817674810245547
btree16_bl_a64,4096,5,20.9061,201817674810245547
fusion8_c,4096,5,53.8834,201817674810245547
btree8,4096,5,34.2300,201817674810245547
fusion16_w,4096,5,48.8586,201817674810245547
btree8_bl,4096,5,22.7264,201817674810245547
sorted_array,4096,5,7.2372,201817674810245547
btree8_a64,4096,5,32.6660,201817674810245547
fusion8,4096,5,51.6068,201817674810245547
fusion8_bf,4096,5,56.9672,201817674810245547
fusion8_bf,4096,6,55.8304,201817674810245547
btree8_bl,4096,6,22.7905,201817674810245547
sorted_array,4096,6,7.2159,201817674810245547
btree8,4096,6,33.8821,201817674810245547
fusion16_w,4096,6,48.6649,201817674810245547
btree16_bl_a64,4096,6,20.9778,201817674810245547
btree8_a64,4096,6,32.5394,201817674810245547
fusion8,4096,6,52.8534,201817674810245547
fusion8_c,4096,6,54.5319,201817674810245547
btree8_bl_a64,4096,6,22.3312,201817674810245547
btree8,4096,7,33.7112,201817674810245547
sorted_array,4096,7,7.0938,201817674810245547
fusion8_c,4096,7,55.5511,201817674810245547
fusion16_w,4096,7,48.9136,201817674810245547
btree8_bl_a64,4096,7,22.2900,201817674810245547
btree8_a64,4096,7,33.0078,201817674810245547
fusion8_bf,4096,7,59.2850,201817674810245547
btree16_bl_a64,4096,7,20.9579,201817674810245547
btree8_bl,4096,7,22.7234,201817674810245547
fusion8,4096,7,51.1841,201817674810245547
btree8,4096,8,34.0240,201817674810245547
btree8_a64,4096,8,34.6588,201817674810245547
fusion8_c,4096,8,54.0619,201817674810245547
sorted_array,4096,8,7.1213,201817674810245547
btree16_bl_a64,4096,8,20.8832,201817674810245547
btree8_bl_a64,4096,8,21.8033,201817674810245547
fusion8_bf,4096,8,54.9210,201817674810245547
fusion16_w,4096,8,48.4711,201817674810245547
btree8_bl,4096,8,22.7982,201817674810245547
fusion8,4096,8,51.0727,201817674810245547
fusion16_w,4096,9,49.4598,201817674810245547
btree8_a64,4096,9,32.4768,201817674810245547
sorted_array,4096,9,7.1320,201817674810245547
btree8_bl_a64,4096,9,22.3877,201817674810245547
btree8,4096,9,35.0708,201817674810245547
fusion8_bf,4096,9,59.4009,201817674810245547
fusion8_c,4096,9,53.5950,201817674810245547
fusion8,4096,9,52.6505,201817674810245547
btree8_bl,4096,9,22.7036,201817674810245547
btree16_bl_a64,4096,9,20.9396,201817674810245547
sorted_array,4096,10,7.0953,201817674810245547
fusion16_w,4096,10,47.9706,201817674810245547
fusion8,4096,10,52.5696,201817674810245547
btree8_bl_a64,4096,10,21.9650,201817674810245547
fusion8_c,4096,10,53.0960,201817674810245547
btree8_a64,4096,10,32.9422,201817674810245547
btree8,4096,10,36.0260,201817674810245547
btree8_bl,4096,10,22.9202,201817674810245547
btree16_bl_a64,4096,10,20.8984,201817674810245547
fusion8_bf,4096,10,55.9143,201817674810245547
btree8_bl,4096,11,22.8531,201817674810245547
btree8_a64,4096,11,33.4030,201817674810245547
fusion8,4096,11,52.7893,201817674810245547
btree8_bl_a64,4096,11,21.9284,201817674810245547
fusion8_c,4096,11,53.1647,201817674810245547
fusion8_bf,4096,11,56.2698,201817674810245547
btree16_bl_a64,4096,11,20.9564,201817674810245547
btree8,4096,11,33.7051,201817674810245547
fusion16_w,4096,11,49.0204,201817674810245547
sorted_array,4096,11,7.0892,201817674810245547
btree8_bl_a64,4096,12,21.7285,201817674810245547
fusion8_c,4096,12,52.9633,201817674810245547
btree8_a64,4096,12,32.7866,201817674810245547
btree16_bl_a64,4096,12,20.9473,201817674810245547
btree8_bl,4096,12,22.9630,201817674810245547
btree8,4096,12,35.0235,201817674810245547
fusion8_bf,4096,12,59.7656,201817674810245547
fusion8,4096,12,51.1093,201817674810245547
fusion16_w,4096,12,49.3408,201817674810245547
sorted_array,4096,12,7.1304,201817674810245547
btree8_a64,4096,13,32.9468,201817674810245547
fusion8,4096,13,53.3585,201817674810245547
btree8_bl,4096,13,22.9004,201817674810245547
sorted_array,4096,13,7.0862,201817674810245547
btree8_bl_a64,4096,13,21.7056,201817674810245547
fusion16_w,4096,13,47.2153,201817674810245547
btree8,4096,13,33.6517,201817674810245547
fusion8_bf,4096,13,59.2331,201817674810245547
btree16_bl_a64,4096,13,21.3516,201817674810245547
fusion8_c,4096,13,54.0482,201817674810245547
btree8_bl_a64,4096,14,21.8460,201817674810245547
fusion8,4096,14,51.0773,201817674810245547
fusion16_w,4096,14,49.2035,201817674810245547
fusion8_c,4096,14,52.9388,201817674810245547
btree8_bl,4096,14,22.8271,201817674810245547
fusion8_bf,4096,14,54.6753,201817674810245547
btree16_bl_a64,4096,14,20.9167,201817674810245547
btree8,4096,14,33.9661,201817674810245547
btree8_a64,4096,14,34.6252,201817674810245547
sorted_array,4096,14,7.0953,201817674810245547
fusion8_bf,8192,0,65.7578,14779494332775015852
fusion8_c,8192,0,62.6770,14779494332775015852
sorted_array,8192,0,8.9478,14779494332775015852
btree8_bl,8192,0,30.0095,14779494332775015852
btree8,8192,0,36.8683,14779494332775015852
btree16_bl_a64,8192,0,39.1479,14779494332775015852
btree8_bl_a64,8192,0,27.8061,14779494332775015852
fusion8,8192,0,58.9340,14779494332775015852
btree8_a64,8192,0,35.5301,14779494332775015852
fusion16_w,8192,0,74.0891,14779494332775015852
fusion8_bf,8192,1,64.7537,14779494332775015852
btree8_a64,8192,1,35.9894,14779494332775015852
fusion8_c,8192,1,66.8411,14779494332775015852
fusion16_w,8192,1,67.6651,14779494332775015852
sorted_array,8192,1,9.0439,14779494332775015852
btree16_bl_a64,8192,1,36.7676,14779494332775015852
btree8_bl_a64,8192,1,27.3178,14779494332775015852
btree8,8192,1,36.4761,14779494332775015852
btree8_bl,8192,1,30.0995,14779494332775015852
fusion8,8192,1,57.7454,14779494332775015852
btree16_bl_a64,8192,2,35.7925,14779494332775015852
btree8_a64,8192,2,36.9415,14779494332775015852
fusion8,8192,2,61.2213,14779494332775015852
sorted_array,8192,2,8.9478,14779494332775015852
fusion8_c,8192,2,63.9297,14779494332775015852
btree8_bl_a64,8192,2,29.0024,14779494332775015852
fusion16_w,8192,2,68.3792,14779494332775015852
fusion8_bf,8192,2,66.6504,14779494332775015852
btree8_bl,8192,2,29.3350,14779494332775015852
btree8,8192,2,36.6150,14779494332775015852
fusion8_bf,8192,3,71.9070,14779494332775015852
btree8,8192,3,36.1298,14779494332775015852
btree16_bl_a64,8192,3,36.1053,14779494332775015852
btree8_a64,8192,3,36.1069,14779494332775015852
btree8_bl,8192,3,29.8447,14779494332775015852
fusion8_c,8192,3,67.2821,14779494332775015852
sorted_array,8192,3,8.9432,14779494332775015852
fusion16_w,8192,3,67.4637,14779494332775015852
fusion8,8192,3,59.6680,14779494332775015852
btree8_bl_a64,8192,3,27.9037,14779494332775015852
btree8_bl,8192,4,29.5685,14779494332775015852
btree8,8192,4,37.3032,14779494332775015852
btree8_a64,8192,4,38.8290,14779494332775015852
sorted_array,8192,4,9.0820,14779494332775015852
btree8_bl_a64,8192,4,27.6199,14779494332775015852
fusion8_c,8192,4,62.4222,14779494332775015852
fusion8_bf,8192,4,64.8666,14779494332775015852
fusion16_w,8192,4,68.8583,14779494332775015852
btree16_bl_a64,8192,4,36.1938,14779494332775015852
fusion8,8192,4,59.7000,14779494332775015852
btree8_bl,8192,5,28.5919,14779494332775015852
btree8_bl_a64,8192,5,27.2034,14779494332775015852
btree8_a64,8192,5,36.9995,14779494332775015852
btree16_bl_a64,8192,5,36.7294,14779494332775015852
sorted_array,8192,5,9.0775,14779494332775015852
fusion16_w,8192,5,68.7836,14779494332775015852
fusion8_c,8192,5,63.3698,14779494332775015852
fusion8_bf,8192,5,64.6973,14779494332775015852
fusion8,8192,5,58.6456,14779494332775015852
btree8,8192,5,36.5479,14779494332775015852
sorted_array,8192,6,8.9386,14779494332775015852
fusion8,8192,6,63.4171,14779494332775015852
fusion8_c,8192,6,64.5172,14779494332775015852
fusion16_w,8192,6,67.3447,14779494332775015852
fusion8_bf,8192,6,66.5054,14779494332775015852
btree8_bl,8192,6,28.6591,14779494332775015852
btree8_a64,8192,6,35.8566,14779494332775015852
btree8,8192,6,37.5137,14779494332775015852
btree16_bl_a64,8192,6,36.2671,14779494332775015852
btree8_bl_a64,8192,6,27.1423,14779494332775015852
btree8_bl_a64,8192,7,26.6327,14779494332775015852
sorted_array,8192,7,8.9111,14779494332775015852
fusion8_bf,8192,7,66.1621,14779494332775015852
btree8,8192,7,37.2482,14779494332775015852
btree16_bl_a64,8192,7,35.9009,14779494332775015852
fusion8,8192,7,59.9884,14779494332775015852
btree8_bl,8192,7,28.8727,14779494332775015852
fusion8_c,8192,7,64.6149,14779494332775015852
btree8_a64,8192,7,35.6277,14779494332775015852
fusion16_w,8192,7,73.7350,14779494332775015852
fusion8,8192,8,57.6218,14779494332775015852
btree16_bl_a64,8192,8,36.0245,14779494332775015852
btree8_a64,8192,8,35.7864,14779494332775015852
fusion16_w,8192,8,73.4604,14779494332775015852
btree8_bl_a64,8192,8,28.3981,14779494332775015852
fusion8_c,8192,8,62.9395,14779494332775015852
fusion8_bf,8192,8,65.3412,14779494332775015852
btree8,8192,8,36.7996,14779494332775015852
btree8_bl,8192,8,29.9149,14779494332775015852
sorted_array,8192,8,8.9417,14779494332775015852
sorted_array,8192,9,8.9157,14779494332775015852
btree8,8192,9,36.2564,14779494332775015852
fusion8_c,8192,9,65.6326,14779494332775015852
fusion8,8192,9,62.1201,14779494332775015852
fusion16_w,8192,9,68.0252,14779494332775015852
btree8_bl,8192,9,29.3350,14779494332775015852
fusion8_bf,8192,9,68.5852,14779494332775015852
btree16_bl_a64,8192,9,36.7355,14779494332775015852
btree8_bl_a64,8192,9,27.5772,14779494332775015852
btree8_a64,8192,9,36.3495,14779494332775015852
fusion16_w,8192,10,68.5196,14779494332775015852
btree16_bl_a64,8192,10,36.4838,14779494332775015852
btree8_a64,8192,10,36.0901,14779494332775015852
fusion8_bf,8192,10,71.8262,14779494332775015852
sorted_array,8192,10,8.9432,14779494332775015852
btree8,8192,10,36.9919,14779494332775015852
fusion8,8192,10,64.6606,14779494332775015852
fusion8_c,8192,10,62.9730,14779494332775015852
btree8_bl,8192,10,29.2206,14779494332775015852
btree8_bl_a64,8192,10,27.9572,14779494332775015852
btree8,8192,11,36.6180,14779494332775015852
fusion8,8192,11,64.6912,14779494332775015852
btree8_a64,8192,11,37.0148,14779494332775015852
fusion8_c,8192,11,66.0645,14779494332775015852
btree16_bl_a64,8192,11,36.3022,14779494332775015852
btree8_bl_a64,8192,11,28.0807,14779494332775015852
btree8_bl,8192,11,29.4830,14779494332775015852
fusion8_bf,8192,11,67.7170,14779494332775015852
sorted_array,8192,11,9.2194,14779494332775015852
fusion16_w,8192,11,69.5679,14779494332775015852
fusion8_c,8192,12,64.0610,14779494332775015852
btree8_bl,8192,12,29.8752,14779494332775015852
fusion8_bf,8192,12,65.8112,14779494332775015852
btree16_bl_a64,8192,12,38.9694,14779494332775015852
sorted_array,8192,12,9.2896,14779494332775015852
fusion8,8192,12,61.3907,14779494332775015852
btree8_a64,8192,12,37.2635,14779494332775015852
fusion16_w,8192,12,75.8408,14779494332775015852
btree8_bl_a64,8192,12,29.0405,14779494332775015852
btree8,8192,12,37.6160,14779494332775015852
btree8_bl,8192,13,29.9744,14779494332775015852
btree8_bl_a64,8192,13,27.3361,14779494332775015852
btree16_bl_a64,8192,13,37.6266,14779494332775015852
btree8,8192,13,37.0102,14779494332775015852
fusion8_bf,8192,13,75.0198,14779494332775015852
fusion16_w,8192,13,69.7357,14779494332775015852
fusion8,8192,13,61.2396,14779494332775015852
sorted_array,8192,13,9.1614,14779494332775015852
btree8_a64,8192,13,36.1069,14779494332775015852
fusion8_c,8192,13,66.4108,14779494332775015852
fusion16_w,8192,14,67.3035,14779494332775015852
fusion8,8192,14,60.0372,14779494332775015852
btree16_bl_a64,8192,14,37.2894,14779494332775015852
btree8_a64,8192,14,36.5204,14779494332775015852
btree8_bl_a64,8192,14,29.6677,14779494332775015852
fusion8_bf,8192,14,72.9172,14779494332775015852
sorted_array,8192,14,8.9828,14779494332775015852
btree8,8192,14,38.0661,14779494332775015852
fusion8_c,8192,14,67.8070,14779494332775015852
btree8_bl,8192,14,28.9474,14779494332775015852
fusion8,16384,0,74.8245,5257893481483210933
btree16_bl_a64,16384,0,42.0914,5257893481483210933
btree8,16384,0,48.1171,5257893481483210933
fusion8_c,16384,0,77.9922,5257893481483210933
btree8_bl,16384,0,39.4913,5257893481483210933
sorted_array,16384,0,11.4777,5257893481483210933
btree8_a64,16384,0,45.8466,5257893481483210933
fusion16_w,16384,0,78.6224,5257893481483210933
fusion8_bf,16384,0,77.7679,5257893481483210933
btree8_bl_a64,16384,0,38.0615,5257893481483210933
fusion8_c,16384,1,72.5327,5257893481483210933
fusion8_bf,16384,1,75.8896,5257893481483210933
btree8_bl,16384,1,37.3825,5257893481483210933
btree16_bl_a64,16384,1,37.8998,5257893481483210933
fusion16_w,16384,1,72.3831,5257893481483210933
btree8_bl_a64,16384,1,36.0794,5257893481483210933
btree8,16384,1,46.9864,5257893481483210933
btree8_a64,16384,1,46.0419,5257893481483210933
sorted_array,16384,1,11.4822,5257893481483210933
fusion8,16384,1,74.3073,5257893481483210933
btree8_bl_a64,16384,2,35.3394,5257893481483210933
sorted_array,16384,2,11.4365,5257893481483210933
fusion8_bf,16384,2,76.4313,5257893481483210933
btree8,16384,2,46.9849,5257893481483210933
fusion8_c,16384,2,80.6793,5257893481483210933
btree8_bl,16384,2,37.4939,5257893481483210933
btree16_bl_a64,16384,2,38.2263,5257893481483210933
fusion16_w,16384,2,73.8434,5257893481483210933
btree8_a64,16384,2,46.2799,5257893481483210933
fusion8,16384,2,76.8692,5257893481483210933
btree16_bl_a64,16384,3,37.8967,5257893481483210933
btree8,16384,3,47.0520,5257893481483210933
fusion16_w,16384,3,81.2790,5257893481483210933
fusion8,16384,3,75.2441,5257893481483210933
btree8_bl_a64,16384,3,40.5212,5257893481483210933
fusion8_c,16384,3,76.2833,5257893481483210933
btree8_a64,16384,3,45.7870,5257893481483210933
sorted_array,16384,3,11.8240,5257893481483210933
fusion8_bf,16384,3,86.3861,5257893481483210933
btree8_bl,16384,3,42.0303,5257893481483210933
btree8_bl,16384,4,38.0280,5257893481483210933
btree8_bl_a64,16384,4,39.1006,5257893481483210933
fusion8_bf,16384,4,77.7466,5257893481483210933
fusion8,16384,4,74.4202,5257893481483210933
fusion16_w,16384,4,80.0766,5257893481483210933
btree8,16384,4,48.3002,5257893481483210933
sorted_array,16384,4,11.6760,5257893481483210933
btree8_a64,16384,4,46.2646,5257893481483210933
btree16_bl_a64,16384,4,40.4922,5257893481483210933
fusion8_c,16384,4,78.5110,5257893481483210933
btree8_bl,16384,5,39.0335,5257893481483210933
btree8_a64,16384,5,45.7428,5257893481483210933
btree8,16384,5,49.6719,5257893481483210933
btree16_bl_a64,16384,5,38.4872,5257893481483210933
fusion16_w,16384,5,75.4379,5257893481483210933
btree8_bl_a64,16384,5,37.4664,5257893481483210933
sorted_array,16384,5,11.7203,5257893481483210933
fusion8_c,16384,5,74.3668,5257893481483210933
fusion8,16384,5,79.1275,5257893481483210933
fusion8_bf,16384,5,78.1815,5257893481483210933
sorted_array,16384,6,11.3770,5257893481483210933
btree16_bl_a64,16384,6,37.6678,5257893481483210933
fusion8,16384,6,73.8297,5257893481483210933
btree8_bl_a64,16384,6,37.0026,5257893481483210933
btree8_a64,16384,6,46.0373,5257893481483210933
fusion16_w,16384,6,81.4407,5257893481483210933
btree8_bl,16384,6,39.1144,5257893481483210933
fusion8_bf,16384,6,76.1917,5257893481483210933
btree8,16384,6,47.8317,5257893481483210933
fusion8_c,16384,6,79.2130,5257893481483210933
fusion16_w,16384,7,76.6525,5257893481483210933
btree8_bl,16384,7,38.4659,5257893481483210933
fusion8_bf,16384,7,76.3199,5257893481483210933
btree16_bl_a64,16384,7,40.8417,5257893481483210933
btree8,16384,7,47.3267,5257893481483210933
btree8_bl_a64,16384,7,36.4624,5257893481483210933
btree8_a64,16384,7,45.9305,5257893481483210933
fusion8_c,16384,7,76.1658,5257893481483210933
fusion8,16384,7,79.4678,5257893481483210933
sorted_array,16384,7,12.4359,5257893481483210933
btree16_bl_a64,16384,8,37.8494,5257893481483210933
btree8_a64,16384,8,45.2759,5257893481483210933
btree8,16384,8,48.6069,5257893481483210933
sorted_array,16384,8,11.6684,5257893481483210933
btree8_bl_a64,16384,8,37.3169,5257893481483210933
fusion8_c,16384,8,74.2188,5257893481483210933
btree8_bl,16384,8,38.3759,5257893481483210933
fusion8,16384,8,73.7122,5257893481483210933
fusion8_bf,16384,8,77.1790,5257893481483210933
fusion16_w,16384,8,76.5900,5257893481483210933
sorted_array,16384,9,11.6852,5257893481483210933
btree8,16384,9,47.3846,5257893481483210933
btree16_bl_a64,16384,9,39.5157,5257893481483210933
fusion8_bf,16384,9,80.4916,5257893481483210933
fusion8,16384,9,75.6927,5257893481483210933
btree8_bl,16384,9,39.0274,5257893481483210933
fusion16_w,16384,9,74.2569,5257893481483210933
btree8_a64,16384,9,45.6909,5257893481483210933
btree8_bl_a64,16384,9,39.1479,5257893481483210933
fusion8_c,16384,9,76.1841,5257893481483210933
btree8,16384,10,47.4594,5257893481483210933
fusion8_bf,16384,10,85.5377,5257893481483210933
fusion8_c,16384,10,72.8638,5257893481483210933
btree8_a64,16384,10,45.4803,5257893481483210933
fusion16_w,16384,10,82.7011,5257893481483210933
fusion8,16384,10,75.6165,5257893481483210933
btree16_bl_a64,16384,10,40.8356,5257893481483210933
btree8_bl,16384,10,39.1449,5257893481483210933
btree8_bl_a64,16384,10,38.0676,5257893481483210933
sorted_array,16384,10,11.8393,5257893481483210933
fusion8,16384,11,74.4522,5257893481483210933
btree8_a64,16384,11,45.5688,5257893481483210933
btree8_bl_a64,16384,11,36.7599,5257893481483210933
fusion8_bf,16384,11,77.1286,5257893481483210933
fusion8_c,16384,11,75.6866,5257893481483210933
btree8,16384,11,47.6166,5257893481483210933
sorted_array,16384,11,11.7035,5257893481483210933
btree16_bl_a64,16384,11,39.1998,5257893481483210933
btree8_bl,16384,11,38.2248,5257893481483210933
fusion16_w,16384,11,74.4904,5257893481483210933
btree8_a64,16384,12,45.1447,5257893481483210933
sorted_array,16384,12,11.6684,5257893481483210933
btree8,16384,12,49.0067,5257893481483210933
btree8_bl,16384,12,38.4216,5257893481483210933
btree8_bl_a64,16384,12,36.5616,5257893481483210933
fusion8_c,16384,12,74.7955,5257893481483210933
fusion8,16384,12,75.2457,5257893481483210933
fusion16_w,16384,12,80.2475,5257893481483210933
btree16_bl_a64,16384,12,42.7994,5257893481483210933
fusion8_bf,16384,12,79.8004,5257893481483210933
btree16_bl_a64,16384,13,38.5773,5257893481483210933
btree8_bl,16384,13,39.1052,5257893481483210933
fusion8_c,16384,13,74.9695,5257893481483210933
btree8,16384,13,48.6923,5257893481483210933
fusion16_w,16384,13,78.8712,5257893481483210933
btree8_bl_a64,16384,13,42.2897,5257893481483210933
btree8_a64,16384,13,46.5622,5257893481483210933
fusion8_bf,16384,13,86.9919,5257893481483210933
fusion8,16384,13,77.6779,5257893481483210933
sorted_array,16384,13,12.1063,5257893481483210933
fusion8_c,16384,14,76.4343,5257893481483210933
sorted_array,16384,14,11.6806,5257893481483210933
btree16_bl_a64,16384,14,41.5421,5257893481483210933
fusion16_w,16384,14,76.0559,5257893481483210933
btree8_a64,16384,14,46.8399,5257893481483210933
btree8,16384,14,48.3200,5257893481483210933
btree8_bl_a64,16384,14,38.8123,5257893481483210933
fusion8,16384,14,74.9008,5257893481483210933
btree8_bl,16384,14,40.5533,5257893481483210933
fusion8_bf,16384,14,79.1153,5257893481483210933
btree8_a64,32768,0,47.3297,8916881238133207675
fusion16_w,32768,0,81.1478,8916881238133207675
sorted_array,32768,0,15.8813,8916881238133207675
btree8,32768,0,48.9151,8916881238133207675
fusion8_bf,32768,0,89.3463,8916881238133207675
fusion8,32768,0,79.5624,8916881238133207675
btree16_bl_a64,32768,0,39.3341,8916881238133207675
btree8_bl,32768,0,37.8113,8916881238133207675
btree8_bl_a64,32768,0,37.1155,8916881238133207675
fusion8_c,32768,0,77.7679,8916881238133207675
btree8_bl,32768,1,35.8658,8916881238133207675
btree8_bl_a64,32768,1,34.0240,8916881238133207675
fusion16_w,32768,1,78.2852,8916881238133207675
fusion8,32768,1,77.6672,8916881238133207675
sorted_array,32768,1,15.5609,8916881238133207675
btree16_bl_a64,32768,1,38.0417,8916881238133207675
fusion8_bf,32768,1,80.6000,8916881238133207675
fusion8_c,32768,1,76.8097,8916881238133207675
btree8_a64,32768,1,46.9315,8916881238133207675
btree8,32768,1,49.8871,8916881238133207675
btree8,32768,2,47.6089,8916881238133207675
fusion8,32768,2,79.3243,8916881238133207675
btree8_bl,32768,2,37.1185,8916881238133207675
btree16_bl_a64,32768,2,38.0463,8916881238133207675
fusion16_w,32768,2,79.6219,8916881238133207675
fusion8_bf,32768,2,86.1771,8916881238133207675
btree8_a64,32768,2,47.0154,8916881238133207675
sorted_array,32768,2,16.0248,8916881238133207675
fusion8_c,32768,2,84.0363,8916881238133207675
btree8_bl_a64,32768,2,41.7709,8916881238133207675
fusion8_c,32768,3,76.5640,8916881238133207675
btree8_bl_a64,32768,3,33.8989,8916881238133207675
btree8_bl,32768,3,37.9318,8916881238133207675
fusion8,32768,3,81.0501,8916881238133207675
sorted_array,32768,3,15.4739,8916881238133207675
btree8_a64,32768,3,46.8216,8916881238133207675
fusion8_bf,32768,3,107.5592,8916881238133207675
btree8,32768,3,50.1511,8916881238133207675
fusion16_w,32768,3,83.5281,8916881238133207675
btree16_bl_a64,32768,3,40.7257,8916881238133207675
fusion8,32768,4,81.6544,8916881238133207675
btree8_bl_a64,32768,4,41.6107,8916881238133207675
fusion8_bf,32768,4,81.2271,8916881238133207675
fusion16_w,32768,4,79.8859,8916881238133207675
btree8_bl,32768,4,39.5660,8916881238133207675
fusion8_c,32768,4,78.7231,8916881238133207675
sorted_array,32768,4,15.6876,8916881238133207675
btree8_a64,32768,4,47.6395,8916881238133207675
btree16_bl_a64,32768,4,43.4906,8916881238133207675
btree8,32768,4,50.0641,8916881238133207675
fusion8_bf,32768,5,86.7310,8916881238133207675
fusion16_w,32768,5,83.7875,8916881238133207675
btree8_bl_a64,32768,5,41.2491,8916881238133207675
btree8_a64,32768,5,47.7417,8916881238133207675
fusion8,32768,5,81.6833,8916881238133207675
fusion8_c,32768,5,79.0207,8916881238133207675
btree8,32768,5,49.5148,8916881238133207675
sorted_array,32768,5,15.9332,8916881238133207675
btree16_bl_a64,32768,5,39.7278,8916881238133207675
btree8_bl,32768,5,38.3057,8916881238133207675
btree8,32768,6,47.5677,8916881238133207675
fusion8_bf,32768,6,89.6637,8916881238133207675
fusion8,32768,6,76.7532,8916881238133207675
btree16_bl_a64,32768,6,37.2742,8916881238133207675
btree8_a64,32768,6,46.5179,8916881238133207675
fusion8_c,32768,6,81.8024,8916881238133207675
fusion16_w,32768,6,81.9153,8916881238133207675
sorted_array,32768,6,16.3910,8916881238133207675
btree8_bl_a64,32768,6,36.2930,8916881238133207675
btree8_bl,32768,6,36.1313,8916881238133207675
fusion8,32768,7,75.3021,8916881238133207675
fusion8_bf,32768,7,77.9312,8916881238133207675
fusion8_c,32768,7,76.1490,8916881238133207675
sorted_array,32768,7,15.1978,8916881238133207675
btree8_bl_a64,32768,7,35.0571,8916881238133207675
btree16_bl_a64,32768,7,37.7762,8916881238133207675
btree8,32768,7,48.0072,8916881238133207675
btree8_bl,32768,7,36.3892,8916881238133207675
fusion16_w,32768,7,77.6031,8916881238133207675
btree8_a64,32768,7,46.5561,8916881238133207675
fusion8_bf,32768,8,86.8408,8916881238133207675
btree16_bl_a64,32768,8,36.7386,8916881238133207675
btree8_bl,32768,8,36.3220,8916881238133207675
fusion8_c,32768,8,77.3361,8916881238133207675
fusion8,32768,8,78.5736,8916881238133207675
btree8,32768,8,47.4731,8916881238133207675
btree8_bl_a64,32768,8,35.4843,8916881238133207675
sorted_array,32768,8,15.2588,8916881238133207675
btree8_a64,32768,8,45.8313,8916881238133207675
fusion16_w,32768,8,79.9026,8916881238133207675
btree8_bl_a64,32768,9,34.7763,8916881238133207675
fusion8,32768,9,78.7369,8916881238133207675
fusion8_bf,32768,9,79.5593,8916881238133207675
btree8_a64,32768,9,46.9330,8916881238133207675
sorted_array,32768,9,15.6036,8916881238133207675
btree8_bl,32768,9,38.1973,8916881238133207675
btree16_bl_a64,32768,9,42.5354,8916881238133207675
fusion16_w,32768,9,80.3146,8916881238133207675
btree8,32768,9,49.6124,8916881238133207675
fusion8_c,32768,9,85.9314,8916881238133207675
fusion8_c,32768,10,76.3443,8916881238133207675
fusion16_w,32768,10,78.6697,8916881238133207675
sorted_array,32768,10,15.6860,8916881238133207675
fusion8_bf,32768,10,84.2163,8916881238133207675
btree16_bl_a64,32768,10,39.5706,8916881238133207675
btree8_bl_a64,32768,10,37.9288,8916881238133207675
fusion8,32768,10,78.4973,8916881238133207675
btree8,32768,10,48.1155,8916881238133207675
btree8_bl,32768,10,38.5330,8916881238133207675
btree8_a64,32768,10,47.5052,8916881238133207675
fusion8_bf,32768,11,87.3764,8916881238133207675
btree16_bl_a64,32768,11,39.6576,8916881238133207675
btree8,32768,11,48.1430,8916881238133207675
btree8_bl,32768,11,36.3495,8916881238133207675
fusion8,32768,11,76.8524,8916881238133207675
btree8_a64,32768,11,46.4661,8916881238133207675
btree8_bl_a64,32768,11,37.5854,8916881238133207675
fusion16_w,32768,11,76.8341,8916881238133207675
fusion8_c,32768,11,79.3793,8916881238133207675
sorted_array,32768,11,15.5853,8916881238133207675
fusion8_c,32768,12,77.9129,8916881238133207675
btree8_bl,32768,12,36.0626,8916881238133207675
btree8_a64,32768,12,45.4178,8916881238133207675
sorted_array,32768,12,15.1749,8916881238133207675
btree8_bl_a64,32768,12,35.1395,8916881238133207675
fusion8,32768,12,76.2451,8916881238133207675
btree16_bl_a64,32768,12,39.9979,8916881238133207675
fusion8_bf,32768,12,78.8879,8916881238133207675
fusion16_w,32768,12,77.3361,8916881238133207675
btree8,32768,12,47.4487,8916881238133207675
sorted_array,32768,13,15.0528,8916881238133207675
fusion8_c,32768,13,81.5720,8916881238133207675
btree8_a64,32768,13,45.6558,8916881238133207675
btree8_bl,32768,13,36.4944,8916881238133207675
fusion16_w,32768,13,76.4206,8916881238133207675
btree8,32768,13,47.1893,8916881238133207675
fusion8_bf,32768,13,85.1181,8916881238133207675
btree8_bl_a64,32768,13,35.3943,8916881238133207675
btree16_bl_a64,32768,13,38.2309,8916881238133207675
fusion8,32768,13,75.8301,8916881238133207675
btree16_bl_a64,32768,14,36.2930,8916881238133207675
fusion8_bf,32768,14,77.0691,8916881238133207675
btree8_bl_a64,32768,14,33.9615,8916881238133207675
fusion8,32768,14,74.8932,8916881238133207675
fusion16_w,32768,14,78.8910,8916881238133207675
btree8_bl,32768,14,35.8475,8916881238133207675
btree8,32768,14,46.8414,8916881238133207675
sorted_array,32768,14,15.8005,8916881238133207675
fusion8_c,32768,14,78.9703,8916881238133207675
btree8_a64,32768,14,46.0663,8916881238133207675
fusion8,65536,0,92.2134,13538052259203909017
fusion8_bf,65536,0,87.4481,13538052259203909017
fusion8_c,65536,0,85.3195,13538052259203909017
btree8_bl_a64,65536,0,44.3207,13538052259203909017
btree8_a64,65536,0,53.1036,13538052259203909017
btree16_bl_a64,65536,0,38.5529,13538052259203909017
fusion16_w,65536,0,79.9896,13538052259203909017
btree8_bl,65536,0,44.3863,13538052259203909017
sorted_array,65536,0,21.3242,13538052259203909017
btree8,65536,0,55.2246,13538052259203909017
btree8_bl_a64,65536,1,40.2679,13538052259203909017
fusion16_w,65536,1,74.9603,13538052259203909017
fusion8_c,65536,1,87.5809,13538052259203909017
fusion8,65536,1,87.4496,13538052259203909017
sorted_array,65536,1,19.8517,13538052259203909017
btree16_bl_a64,65536,1,37.3291,13538052259203909017
btree8,65536,1,52.4994,13538052259203909017
btree8_bl,65536,1,41.5924,13538052259203909017
fusion8_bf,65536,1,90.9561,13538052259203909017
btree8_a64,65536,1,55.1559,13538052259203909017
btree8_a64,65536,2,51.4725,13538052259203909017
sorted_array,65536,2,20.3125,13538052259203909017
btree16_bl_a64,65536,2,37.8983,13538052259203909017
fusion8_c,65536,2,96.3287,13538052259203909017
btree8,65536,2,53.9154,13538052259203909017
btree8_bl,65536,2,43.6600,13538052259203909017
fusion8,65536,2,87.1841,13538052259203909017
fusion16_w,65536,2,82.2968,13538052259203909017
fusion8_bf,65536,2,99.4232,13538052259203909017
btree8_bl_a64,65536,2,51.6129,13538052259203909017
btree8_a64,65536,3,56.9000,13538052259203909017
fusion16_w,65536,3,83.2382,13538052259203909017
fusion8_bf,65536,3,89.9536,13538052259203909017
btree8_bl,65536,3,46.8658,13538052259203909017
sorted_array,65536,3,20.9457,13538052259203909017
fusion8_c,65536,3,92.9794,13538052259203909017
btree8,65536,3,54.8203,13538052259203909017
fusion8,65536,3,95.6192,13538052259203909017
btree8_bl_a64,65536,3,47.7692,13538052259203909017
btree16_bl_a64,65536,3,39.1754,13538052259203909017
fusion8_bf,65536,4,94.3375,13538052259203909017
btree8_a64,65536,4,55.1102,13538052259203909017
btree16_bl_a64,65536,4,39.0854,13538052259203909017
sorted_array,65536,4,21.1777,13538052259203909017
btree8,65536,4,53.6484,13538052259203909017
btree8_bl,65536,4,44.5236,13538052259203909017
fusion8,65536,4,88.7054,13538052259203909017
fusion16_w,65536,4,79.6478,13538052259203909017
btree8_bl_a64,65536,4,49.5148,13538052259203909017
fusion8_c,65536,4,91.7389,13538052259203909017
btree8_bl_a64,65536,5,41.9861,13538052259203909017
sorted_array,65536,5,20.9167,13538052259203909017
fusion8_bf,65536,5,97.7325,13538052259203909017
fusion8_c,65536,5,87.2849,13538052259203909017
btree16_bl_a64,65536,5,39.9017,13538052259203909017
fusion16_w,65536,5,79.0085,13538052259203909017
btree8,65536,5,54.9881,13538052259203909017
btree8_bl,65536,5,45.3888,13538052259203909017
fusion8,65536,5,91.0645,13538052259203909017
btree8_a64,65536,5,56.7215,13538052259203909017
fusion8,65536,6,86.1023,13538052259203909017
fusion8_bf,65536,6,101.9119,13538052259203909017
fusion8_c,65536,6,87.7106,13538052259203909017
btree8_a64,65536,6,54.8355,13538052259203909017
btree16_bl_a64,65536,6,43.8980,13538052259203909017
btree8,65536,6,55.2017,13538052259203909017
fusion16_w,65536,6,84.1019,13538052259203909017
btree8_bl_a64,65536,6,52.2537,13538052259203909017
sorted_array,65536,6,21.5195,13538052259203909017
btree8_bl,65536,6,47.6547,13538052259203909017
btree8_bl,65536,7,38.8718,13538052259203909017
fusion8_bf,65536,7,92.3782,13538052259203909017
sorted_array,65536,7,21.1044,13538052259203909017
fusion8,65536,7,92.8223,13538052259203909017
fusion16_w,65536,7,82.1014,13538052259203909017
btree16_bl_a64,65536,7,39.8499,13538052259203909017
btree8,65536,7,56.2698,13538052259203909017
btree8_a64,65536,7,56.5216,13538052259203909017
btree8_bl_a64,65536,7,52.2003,13538052259203909017
fusion8_c,65536,7,99.7238,13538052259203909017
fusion8_bf,65536,8,103.6957,13538052259203909017
fusion16_w,65536,8,79.4556,13538052259203909017
btree8,65536,8,56.2134,13538052259203909017
btree16_bl_a64,65536,8,40.3839,13538052259203909017
fusion8_c,65536,8,96.0159,13538052259203909017
btree8_bl_a64,65536,8,47.7188,13538052259203909017
sorted_array,65536,8,21.2219,13538052259203909017
btree8_a64,65536,8,72.2641,13538052259203909017
btree8_bl,65536,8,49.2615,13538052259203909017
fusion8,65536,8,94.4336,13538052259203909017
btree8,65536,9,56.4697,13538052259203909017
btree8_bl_a64,65536,9,50.4486,13538052259203909017
btree16_bl_a64,65536,9,44.4244,13538052259203909017
fusion8_bf,65536,9,100.2258,13538052259203909017
btree8_bl,65536,9,46.9757,13538052259203909017
fusion8,65536,9,87.5320,13538052259203909017
btree8_a64,65536,9,56.0364,13538052259203909017
fusion16_w,65536,9,86.1603,13538052259203909017
sorted_array,65536,9,22.1588,13538052259203909017
fusion8_c,65536,9,89.9506,13538052259203909017
btree16_bl_a64,65536,10,43.0328,13538052259203909017
btree8_a64,65536,10,55.7495,13538052259203909017
fusion8,65536,10,91.8259,13538052259203909017
fusion8_c,65536,10,92.9993,13538052259203909017
sorted_array,65536,10,21.3531,13538052259203909017
btree8_bl_a64,65536,10,55.7983,13538052259203909017
btree8,65536,10,56.2607,13538052259203909017
fusion8_bf,65536,10,103.6484,13538052259203909017
fusion16_w,65536,10,78.6835,13538052259203909017
btree8_bl,65536,10,45.2728,13538052259203909017
fusion8,65536,11,90.2145,13538052259203909017
btree8,65536,11,55.5054,13538052259203909017
fusion16_w,65536,11,79.3167,13538052259203909017
btree8_bl,65536,11,43.9072,13538052259203909017
fusion8_c,65536,11,92.9825,13538052259203909017
btree8_bl_a64,65536,11,46.9971,13538052259203909017
btree8_a64,65536,11,56.4651,13538052259203909017
fusion8_bf,65536,11,102.2049,13538052259203909017
btree16_bl_a64,65536,11,39.8514,13538052259203909017
sorted_array,65536,11,21.3272,13538052259203909017
fusion16_w,65536,12,86.5738,13538052259203909017
fusion8_c,65536,12,94.3573,13538052259203909017
btree8_bl_a64,65536,12,46.2463,13538052259203909017
fusion8,65536,12,86.8332,13538052259203909017
fusion8_bf,65536,12,91.5146,13538052259203909017
sorted_array,65536,12,20.9595,13538052259203909017
btree8_bl,65536,12,45.5353,13538052259203909017
btree16_bl_a64,65536,12,43.6081,13538052259203909017
btree8,65536,12,55.2628,13538052259203909017
btree8_a64,65536,12,57.7179,13538052259203909017
btree8_bl_a64,65536,13,51.0010,13538052259203909017
fusion8_bf,65536,13,102.2018,13538052259203909017
btree16_bl_a64,65536,13,42.9993,13538052259203909017
btree8_a64,65536,13,55.7236,13538052259203909017
fusion16_w,65536,13,85.8109,13538052259203909017
fusion8,65536,13,86.8469,13538052259203909017
sorted_array,65536,13,21.2326,13538052259203909017
btree8,65536,13,55.1437,13538052259203909017
btree8_bl,65536,13,47.8577,13538052259203909017
fusion8_c,65536,13,93.2816,13538052259203909017
btree8_bl_a64,65536,14,47.3969,13538052259203909017
btree8_a64,65536,14,55.0797,13538052259203909017
fusion16_w,65536,14,83.2336,13538052259203909017
btree8_bl,65536,14,44.8059,13538052259203909017
fusion8_bf,65536,14,91.6183,13538052259203909017
sorted_array,65536,14,21.5027,13538052259203909017
fusion8_c,65536,14,87.9669,13538052259203909017
btree8,65536,14,54.9820,13538052259203909017
fusion8,65536,14,91.3101,13538052259203909017
btree16_bl_a64,65536,14,40.2237,13538052259203909017
btree8_bl_a64,131072,0,117.6346,18322359750267561758
btree8,131072,0,84.7610,18322359750267561758
fusion8_bf,131072,0,171.0388,18322359750267561758
fusion16_w,131072,0,139.3448,18322359750267561758
fusion8,131072,0,148.8754,18322359750267561758
btree16_bl_a64,131072,0,116.3101,18322359750267561758
btree8_a64,131072,0,87.5870,18322359750267561758
sorted_array,131072,0,28.9688,18322359750267561758
fusion8_c,131072,0,143.0603,18322359750267561758
btree8_bl,131072,0,90.6067,18322359750267561758
fusion8_c,131072,1,114.8758,18322359750267561758
fusion8,131072,1,151.5564,18322359750267561758
sorted_array,131072,1,29.9500,18322359750267561758
btree8_a64,131072,1,90.5243,18322359750267561758
fusion8_bf,131072,1,177.4597,18322359750267561758
btree8_bl,131072,1,94.5587,18322359750267561758
btree8,131072,1,87.9761,18322359750267561758
btree16_bl_a64,131072,1,113.9252,18322359750267561758
fusion16_w,131072,1,140.4953,18322359750267561758
btree8_bl_a64,131072,1,112.9059,18322359750267561758
btree8,131072,2,83.3740,18322359750267561758
sorted_array,131072,2,29.5120,18322359750267561758
fusion8_c,131072,2,140.6052,18322359750267561758
btree16_bl_a64,131072,2,113.3041,18322359750267561758
fusion8,131072,2,145.0150,18322359750267561758
fusion16_w,131072,2,138.2706,18322359750267561758
btree8_a64,131072,2,93.9758,18322359750267561758
btree8_bl_a64,131072,2,103.1097,18322359750267561758
fusion8_bf,131072,2,147.9492,18322359750267561758
btree8_bl,131072,2,87.9013,18322359750267561758
fusion8,131072,3,144.3832,18322359750267561758
btree8_bl,131072,3,77.6642,18322359750267561758
btree16_bl_a64,131072,3,122.7097,18322359750267561758
fusion8_bf,131072,3,149.4354,18322359750267561758
sorted_array,131072,3,28.6011,18322359750267561758
btree8,131072,3,83.8272,18322359750267561758
fusion8_c,131072,3,145.2759,18322359750267561758
btree8_a64,131072,3,87.2971,18322359750267561758
btree8_bl_a64,131072,3,113.3484,18322359750267561758
fusion16_w,131072,3,166.4337,18322359750267561758
btree16_bl_a64,131072,4,116.8671,18322359750267561758
fusion8_bf,131072,4,151.7792,18322359750267561758
btree8,131072,4,84.1003,18322359750267561758
fusion8_c,131072,4,142.5613,18322359750267561758
fusion8,131072,4,158.1329,18322359750267561758
btree8_bl_a64,131072,4,108.4167,18322359750267561758
sorted_array,131072,4,28.9566,18322359750267561758
btree8_bl,131072,4,96.4401,18322359750267561758
fusion16_w,131072,4,137.9303,18322359750267561758
btree8_a64,131072,4,92.9550,18322359750267561758
fusion8_bf,131072,5,164.7430,18322359750267561758
fusion8_c,131072,5,146.8536,18322359750267561758
fusion16_w,131072,5,141.8442,18322359750267561758
btree16_bl_a64,131072,5,117.2104,18322359750267561758
btree8_a64,131072,5,91.9296,18322359750267561758
btree8_bl_a64,131072,5,113.4933,18322359750267561758
fusion8,131072,5,147.6212,18322359750267561758
btree8,131072,5,87.7014,18322359750267561758
btree8_bl,131072,5,91.2033,18322359750267561758
sorted_array,131072,5,28.8254,18322359750267561758
btree16_bl_a64,131072,6,114.2517,18322359750267561758
fusion8_c,131072,6,155.0659,18322359750267561758
btree8_bl_a64,131072,6,114.7629,18322359750267561758
sorted_array,131072,6,29.1275,18322359750267561758
btree8_bl,131072,6,89.4440,18322359750267561758
btree8,131072,6,84.7565,18322359750267561758
btree8_a64,131072,6,93.8156,18322359750267561758
fusion16_w,131072,6,155.4474,18322359750267561758
fusion8_bf,131072,6,147.4304,18322359750267561758
fusion8,131072,6,138.2233,18322359750267561758
btree8_a64,131072,7,87.1414,18322359750267561758
fusion8_bf,131072,7,155.9937,18322359750267561758
fusion8,131072,7,133.3649,18322359750267561758
btree8_bl,131072,7,87.8296,18322359750267561758
btree8_bl_a64,131072,7,108.8898,18322359750267561758
btree16_bl_a64,131072,7,106.9534,18322359750267561758
fusion8_c,131072,7,135.8627,18322359750267561758
btree8,131072,7,83.2321,18322359750267561758
fusion16_w,131072,7,159.0790,18322359750267561758
sorted_array,131072,7,29.0680,18322359750267561758
fusion8_c,131072,8,138.1958,18322359750267561758
btree16_bl_a64,131072,8,106.4514,18322359750267561758
btree8_bl_a64,131072,8,102.6047,18322359750267561758
fusion8_bf,131072,8,146.9711,18322359750267561758
fusion16_w,131072,8,145.3369,18322359750267561758
btree8_bl,131072,8,88.0005,18322359750267561758
btree8_a64,131072,8,87.2604,18322359750267561758
btree8,131072,8,87.1429,18322359750267561758
fusion8,131072,8,146.8323,18322359750267561758
sorted_array,131072,8,29.6280,18322359750267561758
fusion8,131072,9,107.4844,18322359750267561758
fusion16_w,131072,9,139.5264,18322359750267561758
sorted_array,131072,9,27.7328,18322359750267561758
btree8_bl_a64,131072,9,103.1296,18322359750267561758
btree16_bl_a64,131072,9,112.1414,18322359750267561758
fusion8_bf,131072,9,138.0020,18322359750267561758
btree8_a64,131072,9,87.9028,18322359750267561758
btree8_bl,131072,9,88.4903,18322359750267561758
btree8,131072,9,85.6186,18322359750267561758
fusion8_c,131072,9,134.2697,18322359750267561758
fusion8,131072,10,153.2822,18322359750267561758
sorted_array,131072,10,29.5410,18322359750267561758
fusion8_bf,131072,10,144.2245,18322359750267561758
btree8,131072,10,84.1736,18322359750267561758
fusion8_c,131072,10,147.1405,18322359750267561758
btree16_bl_a64,131072,10,110.0830,18322359750267561758
fusion16_w,131072,10,139.6667,18322359750267561758
btree8_bl_a64,131072,10,108.5236,18322359750267561758
btree8_bl,131072,10,97.1848,18322359750267561758
btree8_a64,131072,10,85.6384,18322359750267561758
btree8_a64,131072,11,70.1569,18322359750267561758
btree8_bl_a64,131072,11,107.2495,18322359750267561758
fusion8,131072,11,135.1379,18322359750267561758
btree8_bl,131072,11,85.2295,18322359750267561758
fusion8_c,131072,11,133.3740,18322359750267561758
fusion16_w,131072,11,135.5240,18322359750267561758
sorted_array,131072,11,28.4943,18322359750267561758
btree16_bl_a64,131072,11,113.1485,18322359750267561758
fusion8_bf,131072,11,142.5461,18322359750267561758
btree8,131072,11,83.3328,18322359750267561758
fusion8_bf,131072,12,134.1080,18322359750267561758
fusion8,131072,12,154.1733,18322359750267561758
btree16_bl_a64,131072,12,107.7271,18322359750267561758
btree8_bl_a64,131072,12,105.7159,18322359750267561758
sorted_array,131072,12,29.6646,18322359750267561758
fusion16_w,131072,12,140.9744,18322359750267561758
fusion8_c,131072,12,140.8188,18322359750267561758
btree8_a64,131072,12,84.9106,18322359750267561758
btree8,131072,12,84.1476,18322359750267561758
btree8_bl,131072,12,88.7589,18322359750267561758
sorted_array,131072,13,28.4088,18322359750267561758
btree8,131072,13,73.5947,18322359750267561758
fusion8,131072,13,154.6188,18322359750267561758
btree8_a64,131072,13,85.9680,18322359750267561758
fusion8_c,131072,13,139.6698,18322359750267561758
fusion8_bf,131072,13,162.1185,18322359750267561758
btree8_bl,131072,13,94.1147,18322359750267561758
btree16_bl_a64,131072,13,106.8268,18322359750267561758
btree8_bl_a64,131072,13,108.3832,18322359750267561758
fusion16_w,131072,13,138.0997,18322359750267561758
fusion8_c,131072,14,132.2357,18322359750267561758
btree8_a64,131072,14,90.9897,18322359750267561758
btree8,131072,14,87.8235,18322359750267561758
fusion16_w,131072,14,160.2661,18322359750267561758
btree8_bl_a64,131072,14,101.7014,18322359750267561758
fusion8,131072,14,134.9472,18322359750267561758
fusion8_bf,131072,14,140.4053,18322359750267561758
btree16_bl_a64,131072,14,110.3821,18322359750267561758
btree8_bl,131072,14,88.3698,18322359750267561758
sorted_array,131072,14,27.9556,18322359750267561758
btree16_bl_a64,262144,0,139.2899,10037066851814254848
btree8_bl,262144,0,92.7582,10037066851814254848
btree8_bl_a64,262144,0,119.6716,10037066851814254848
btree8,262144,0,93.8614,10037066851814254848
fusion8_c,262144,0,139.8621,10037066851814254848
fusion8_bf,262144,0,167.7795,10037066851814254848
fusion8,262144,0,150.0824,10037066851814254848
sorted_array,262144,0,36.2701,10037066851814254848
btree8_a64,262144,0,95.9610,10037066851814254848
fusion16_w,262144,0,182.4814,10037066851814254848
sorted_array,262144,1,35.4218,10037066851814254848
fusion16_w,262144,1,127.6718,10037066851814254848
fusion8_c,262144,1,138.6398,10037066851814254848
btree8,262144,1,88.3942,10037066851814254848
btree8_a64,262144,1,95.9335,10037066851814254848
btree8_bl,262144,1,86.0184,10037066851814254848
fusion8_bf,262144,1,149.8703,10037066851814254848
btree8_bl_a64,262144,1,106.5689,10037066851814254848
btree16_bl_a64,262144,1,147.2839,10037066851814254848
fusion8,262144,1,143.9423,10037066851814254848
fusion8_c,262144,2,135.0037,10037066851814254848
fusion16_w,262144,2,165.1123,10037066851814254848
btree8,262144,2,86.5829,10037066851814254848
btree8_bl,262144,2,88.1683,10037066851814254848
sorted_array,262144,2,36.9431,10037066851814254848
btree8_a64,262144,2,90.5212,10037066851814254848
fusion8,262144,2,147.4670,10037066851814254848
btree8_bl_a64,262144,2,104.9347,10037066851814254848
btree16_bl_a64,262144,2,145.1309,10037066851814254848
fusion8_bf,262144,2,152.4826,10037066851814254848
btree8_bl_a64,262144,3,97.2977,10037066851814254848
btree8_a64,262144,3,91.8228,10037066851814254848
fusion8_bf,262144,3,145.1462,10037066851814254848
sorted_array,262144,3,37.3566,10037066851814254848
fusion8_c,262144,3,132.4646,10037066851814254848
fusion8,262144,3,156.6956,10037066851814254848
btree8,262144,3,87.3978,10037066851814254848
btree16_bl_a64,262144,3,155.3635,10037066851814254848
btree8_bl,262144,3,93.4402,10037066851814254848
fusion16_w,262144,3,167.8024,10037066851814254848
btree8,262144,4,87.9013,10037066851814254848
btree8_a64,262144,4,92.4454,10037066851814254848
btree8_bl_a64,262144,4,103.0014,10037066851814254848
btree16_bl_a64,262144,4,148.3139,10037066851814254848
fusion8_bf,262144,4,150.1709,10037066851814254848
sorted_array,262144,4,35.3226,10037066851814254848
btree8_bl,262144,4,89.0625,10037066851814254848
fusion8,262144,4,148.2193,10037066851814254848
fusion16_w,262144,4,157.8445,10037066851814254848
fusion8_c,262144,4,138.8885,10037066851814254848
fusion16_w,262144,5,137.3657,10037066851814254848
fusion8_bf,262144,5,149.4690,10037066851814254848
btree8_a64,262144,5,92.9245,10037066851814254848
fusion8_c,262144,5,142.5308,10037066851814254848
btree16_bl_a64,262144,5,147.1008,10037066851814254848
fusion8,262144,5,151.9745,10037066851814254848
btree8_bl_a64,262144,5,103.6819,10037066851814254848
btree8_bl,262144,5,86.8546,10037066851814254848
sorted_array,262144,5,36.4151,10037066851814254848
btree8,262144,5,86.0168,10037066851814254848
fusion8_c,262144,6,149.5865,10037066851814254848
btree8_bl_a64,262144,6,91.0873,10037066851814254848
btree16_bl_a64,262144,6,148.2483,10037066851814254848
btree8_bl,262144,6,85.8994,10037066851814254848
btree8,262144,6,89.4272,10037066851814254848
fusion8,262144,6,171.7865,10037066851814254848
fusion8_bf,262144,6,153.8467,10037066851814254848
fusion16_w,262144,6,169.4839,10037066851814254848
sorted_array,262144,6,38.0508,10037066851814254848
btree8_a64,262144,6,90.8905,10037066851814254848
btree8_bl_a64,262144,7,105.8365,10037066851814254848
fusion8,262144,7,152.2842,10037066851814254848
fusion8_c,262144,7,140.9515,10037066851814254848
fusion16_w,262144,7,174.3317,10037066851814254848
btree8,262144,7,95.1584,10037066851814254848
sorted_array,262144,7,35.9589,10037066851814254848
btree16_bl_a64,262144,7,149.7803,10037066851814254848
fusion8_bf,262144,7,149.4797,10037066851814254848
btree8_bl,262144,7,88.2645,10037066851814254848
btree8_a64,262144,7,93.6234,10037066851814254848
sorted_array,262144,8,37.3184,10037066851814254848
btree8_a64,262144,8,77.4536,10037066851814254848
btree16_bl_a64,262144,8,148.8098,10037066851814254848
btree8,262144,8,92.2989,10037066851814254848
fusion8,262144,8,150.6653,10037066851814254848
btree8_bl_a64,262144,8,103.1876,10037066851814254848
fusion8_c,262144,8,155.1453,10037066851814254848
fusion16_w,262144,8,164.0961,10037066851814254848
fusion8_bf,262144,8,153.1738,10037066851814254848
btree8_bl,262144,8,88.5864,10037066851814254848
btree8,262144,9,89.2044,10037066851814254848
btree8_bl,262144,9,72.8134,10037066851814254848
btree8_bl_a64,262144,9,101.4938,10037066851814254848
fusion16_w,262144,9,160.3775,10037066851814254848
fusion8_c,262144,9,150.3799,10037066851814254848
btree8_a64,262144,9,98.0209,10037066851814254848
fusion8_bf,262144,9,162.1887,10037066851814254848
sorted_array,262144,9,37.4832,10037066851814254848
fusion8,262144,9,154.1687,10037066851814254848
btree16_bl_a64,262144,9,145.6726,10037066851814254848
fusion8,262144,10,140.4861,10037066851814254848
sorted_array,262144,10,37.5961,10037066851814254848
btree8_a64,262144,10,97.0123,10037066851814254848
btree8_bl,262144,10,97.9996,10037066851814254848
btree8,262144,10,94.3695,10037066851814254848
btree8_bl_a64,262144,10,102.5940,10037066851814254848
btree16_bl_a64,262144,10,141.4688,10037066851814254848
fusion16_w,262144,10,162.0911,10037066851814254848
fusion8_c,262144,10,153.6575,10037066851814254848
fusion8_bf,262144,10,146.2402,10037066851814254848
btree8_bl,262144,11,93.8263,10037066851814254848
btree16_bl_a64,262144,11,146.3043,10037066851814254848
fusion8_bf,262144,11,153.0212,10037066851814254848
sorted_array,262144,11,37.4939,10037066851814254848
fusion16_w,262144,11,159.4238,10037066851814254848
btree8_a64,262144,11,92.9291,10037066851814254848
btree8_bl_a64,262144,11,108.6090,10037066851814254848
fusion8_c,262144,11,138.3347,10037066851814254848
btree8,262144,11,88.2294,10037066851814254848
fusion8,262144,11,156.2698,10037066851814254848
btree8_bl_a64,262144,12,100.7675,10037066851814254848
fusion8_bf,262144,12,153.3646,10037066851814254848
fusion8,262144,12,159.9091,10037066851814254848
btree16_bl_a64,262144,12,212.7228,10037066851814254848
btree8,262144,12,102.8030,10037066851814254848
fusion8_c,262144,12,223.8861,10037066851814254848
btree8_bl,262144,12,123.7473,10037066851814254848
sorted_array,262144,12,38.9267,10037066851814254848
btree8_a64,262144,12,161.3632,10037066851814254848
fusion16_w,262144,12,204.3716,10037066851814254848
fusion8,262144,13,232.2006,10037066851814254848
btree8_a64,262144,13,107.0938,10037066851814254848
btree16_bl_a64,262144,13,191.9128,10037066851814254848
fusion8_c,262144,13,170.2713,10037066851814254848
btree8_bl_a64,262144,13,142.2836,10037066851814254848
sorted_array,262144,13,39.5172,10037066851814254848
fusion16_w,262144,13,199.1394,10037066851814254848
btree8,262144,13,100.6378,10037066851814254848
btree8_bl,262144,13,111.8439,10037066851814254848
fusion8_bf,262144,13,207.0099,10037066851814254848
btree8_a64,262144,14,106.8893,10037066851814254848
sorted_array,262144,14,45.9137,10037066851814254848
fusion8_c,262144,14,207.6080,10037066851814254848
btree8_bl_a64,262144,14,133.9508,10037066851814254848
btree16_bl_a64,262144,14,234.2514,10037066851814254848
fusion16_w,262144,14,190.6708,10037066851814254848
fusion8_bf,262144,14,213.7833,10037066851814254848
btree8_bl,262144,14,108.7524,10037066851814254848
fusion8,262144,14,241.9739,10037066851814254848
btree8,262144,14,114.8987,10037066851814254848
sorted_array,524288,0,69.7556,12494368574949970434
fusion8_c,524288,0,176.3290,12494368574949970434
btree8_bl,524288,0,144.7495,12494368574949970434
btree8_a64,524288,0,123.1125,12494368574949970434
fusion8_bf,524288,0,171.5881,12494368574949970434
fusion8,524288,0,175.1816,12494368574949970434
btree8,524288,0,98.1186,12494368574949970434
btree8_bl_a64,524288,0,112.4161,12494368574949970434
btree16_bl_a64,524288,0,196.4355,12494368574949970434
fusion16_w,524288,0,185.3638,12494368574949970434
btree8,524288,1,93.6905,12494368574949970434
fusion8_bf,524288,1,191.5009,12494368574949970434
btree8_bl_a64,524288,1,152.7924,12494368574949970434
sorted_array,524288,1,61.8271,12494368574949970434
btree8_bl,524288,1,98.4909,12494368574949970434
btree8_a64,524288,1,107.1762,12494368574949970434
fusion16_w,524288,1,216.2537,12494368574949970434
fusion8_c,524288,1,150.4517,12494368574949970434
fusion8,524288,1,173.6710,12494368574949970434
btree16_bl_a64,524288,1,170.6940,12494368574949970434
btree8_bl,524288,2,100.8438,12494368574949970434
btree8,524288,2,96.6110,12494368574949970434
fusion8,524288,2,175.3525,12494368574949970434
btree8_a64,524288,2,110.2127,12494368574949970434
btree16_bl_a64,524288,2,165.6723,12494368574949970434
fusion8_c,524288,2,166.4062,12494368574949970434
btree8_bl_a64,524288,2,110.7620,12494368574949970434
fusion8_bf,524288,2,176.1612,12494368574949970434
fusion16_w,524288,2,170.7779,12494368574949970434
sorted_array,524288,2,61.7767,12494368574949970434
sorted_array,524288,3,52.5360,12494368574949970434
btree8_a64,524288,3,99.2264,12494368574949970434
btree16_bl_a64,524288,3,176.1627,12494368574949970434
fusion8_c,524288,3,143.5303,12494368574949970434
btree8,524288,3,92.4225,12494368574949970434
fusion8,524288,3,160.3989,12494368574949970434
btree8_bl_a64,524288,3,116.5054,12494368574949970434
btree8_bl,524288,3,102.7756,12494368574949970434
fusion16_w,524288,3,188.3331,12494368574949970434
fusion8_bf,524288,3,180.2124,12494368574949970434
btree8_a64,524288,4,97.9767,12494368574949970434
btree8_bl_a64,524288,4,116.1850,12494368574949970434
btree16_bl_a64,524288,4,157.7087,12494368574949970434
sorted_array,524288,4,62.2589,12494368574949970434
btree8_bl,524288,4,88.1729,12494368574949970434
fusion8,524288,4,160.1379,12494368574949970434
fusion8_bf,524288,4,176.9241,12494368574949970434
btree8,524288,4,95.4514,12494368574949970434
fusion16_w,524288,4,198.7137,12494368574949970434
fusion8_c,524288,4,146.4508,12494368574949970434
btree8_bl,524288,5,93.4982,12494368574949970434
btree8_bl_a64,524288,5,107.6172,12494368574949970434
btree16_bl_a64,524288,5,180.3650,12494368574949970434
fusion8_c,524288,5,141.0690,12494368574949970434
fusion16_w,524288,5,190.2161,12494368574949970434
btree8,524288,5,91.0370,12494368574949970434
fusion8,524288,5,146.6797,12494368574949970434
sorted_array,524288,5,61.2137,12494368574949970434
fusion8_bf,524288,5,158.4808,12494368574949970434
btree8_a64,524288,5,106.0257,12494368574949970434
btree16_bl_a64,524288,6,224.8993,12494368574949970434
sorted_array,524288,6,68.4677,12494368574949970434
btree8_bl_a64,524288,6,183.3084,12494368574949970434
fusion8,524288,6,290.7410,12494368574949970434
fusion8_bf,524288,6,256.0364,12494368574949970434
btree8,524288,6,98.3292,12494368574949970434
fusion16_w,524288,6,205.0323,12494368574949970434
btree8_a64,524288,6,101.9104,12494368574949970434
btree8_bl,524288,6,95.3552,12494368574949970434
fusion8_c,524288,6,155.6717,12494368574949970434
fusion8,524288,7,154.6875,12494368574949970434
sorted_array,524288,7,59.3445,12494368574949970434
fusion16_w,524288,7,183.4229,12494368574949970434
fusion8_bf,524288,7,155.6168,12494368574949970434
btree16_bl_a64,524288,7,151.2924,12494368574949970434
btree8_bl,524288,7,89.9780,12494368574949970434
btree8_bl_a64,524288,7,104.0726,12494368574949970434
btree8_a64,524288,7,94.9219,12494368574949970434
btree8,524288,7,95.9488,12494368574949970434
fusion8_c,524288,7,153.1876,12494368574949970434
fusion8_bf,524288,8,161.2656,12494368574949970434
fusion8_c,524288,8,131.2927,12494368574949970434
fusion16_w,524288,8,184.0988,12494368574949970434
btree16_bl_a64,524288,8,149.7116,12494368574949970434
sorted_array,524288,8,64.3204,12494368574949970434
btree8,524288,8,88.3911,12494368574949970434
btree8_bl_a64,524288,8,105.4764,12494368574949970434
btree8_bl,524288,8,87.6801,12494368574949970434
fusion8,524288,8,155.0049,12494368574949970434
btree8_a64,524288,8,96.0083,12494368574949970434
sorted_array,524288,9,61.4746,12494368574949970434
fusion8_bf,524288,9,164.3036,12494368574949970434
fusion8,524288,9,149.7101,12494368574949970434
fusion8_c,524288,9,151.6876,12494368574949970434
btree8_bl_a64,524288,9,119.3390,12494368574949970434
btree16_bl_a64,524288,9,177.4414,12494368574949970434
btree8,524288,9,97.0352,12494368574949970434
btree8_bl,524288,9,96.5729,12494368574949970434
fusion16_w,524288,9,172.3099,12494368574949970434
btree8_a64,524288,9,95.3918,12494368574949970434
btree8_a64,524288,10,73.9700,12494368574949970434
fusion16_w,524288,10,183.5251,12494368574949970434
fusion8_bf,524288,10,162.6984,12494368574949970434
fusion8,524288,10,148.7823,12494368574949970434
btree8,524288,10,91.9342,12494368574949970434
btree16_bl_a64,524288,10,148.4039,12494368574949970434
btree8_bl,524288,10,86.3754,12494368574949970434
btree8_bl_a64,524288,10,103.0106,12494368574949970434
sorted_array,524288,10,63.1577,12494368574949970434
fusion8_c,524288,10,151.2619,12494368574949970434
fusion8_bf,524288,11,153.2211,12494368574949970434
btree8,524288,11,89.4577,12494368574949970434
fusion8,524288,11,154.4769,12494368574949970434
btree8_a64,524288,11,101.7212,12494368574949970434
btree16_bl_a64,524288,11,155.1620,12494368574949970434
fusion8_c,524288,11,164.8315,12494368574949970434
btree8_bl,524288,11,94.7342,12494368574949970434
fusion16_w,524288,11,170.9900,12494368574949970434
btree8_bl_a64,524288,11,103.5583,12494368574949970434
sorted_array,524288,11,60.1746,12494368574949970434
fusion16_w,524288,12,164.5126,12494368574949970434
btree16_bl_a64,524288,12,160.7178,12494368574949970434
btree8_bl,524288,12,97.2717,12494368574949970434
sorted_array,524288,12,60.1913,12494368574949970434
fusion8_c,524288,12,142.9413,12494368574949970434
btree8,524288,12,94.0994,12494368574949970434
fusion8,524288,12,217.3584,12494368574949970434
fusion8_bf,524288,12,161.5433,12494368574949970434
btree8_bl_a64,524288,12,107.3837,12494368574949970434
btree8_a64,524288,12,92.6407,12494368574949970434
btree8_bl_a64,524288,13,72.4121,12494368574949970434
btree8,524288,13,96.9772,12494368574949970434
fusion16_w,524288,13,185.9085,12494368574949970434
btree16_bl_a64,524288,13,145.2164,12494368574949970434
btree8_bl,524288,13,89.7598,12494368574949970434
btree8_a64,524288,13,100.3250,12494368574949970434
fusion8_c,524288,13,152.1576,12494368574949970434
fusion8_bf,524288,13,181.4438,12494368574949970434
fusion8,524288,13,180.3223,12494368574949970434
sorted_array,524288,13,63.8626,12494368574949970434
fusion8_bf,524288,14,170.1035,12494368574949970434
btree16_bl_a64,524288,14,167.5171,12494368574949970434
fusion16_w,524288,14,204.1214,12494368574949970434
fusion8_c,524288,14,156.2866,12494368574949970434
sorted_array,524288,14,61.7950,12494368574949970434
fusion8,524288,14,168.1793,12494368574949970434
btree8_bl,524288,14,88.5010,12494368574949970434
btree8_a64,524288,14,98.3841,12494368574949970434
btree8,524288,14,93.6111,12494368574949970434
btree8_bl_a64,524288,14,118.9560,12494368574949970434
btree8_bl,1048576,0,263.7924,16362192324183350314
fusion16_w,1048576,0,172.2382,16362192324183350314
fusion8_bf,1048576,0,325.7385,16362192324183350314
btree16_bl_a64,1048576,0,156.2180,16362192324183350314
fusion8_c,1048576,0,292.8375,16362192324183350314
btree8,1048576,0,216.6931,16362192324183350314
btree8_a64,1048576,0,224.3088,16362192324183350314
fusion8,1048576,0,336.4700,16362192324183350314
sorted_array,1048576,0,104.7272,16362192324183350314
btree8_bl_a64,1048576,0,254.6921,16362192324183350314
sorted_array,1048576,1,96.1853,16362192324183350314
btree8_bl,1048576,1,316.4597,16362192324183350314
fusion8,1048576,1,405.0049,16362192324183350314
btree8_a64,1048576,1,236.1542,16362192324183350314
btree8,1048576,1,217.6376,16362192324183350314
btree8_bl_a64,1048576,1,306.6833,16362192324183350314
fusion8_bf,1048576,1,332.1884,16362192324183350314
btree16_bl_a64,1048576,1,143.4692,16362192324183350314
fusion16_w,1048576,1,165.6235,16362192324183350314
fusion8_c,1048576,1,311.2000,16362192324183350314
fusion8,1048576,2,330.7083,16362192324183350314
btree16_bl_a64,1048576,2,157.9071,16362192324183350314
btree8,1048576,2,225.7080,16362192324183350314
fusion8_bf,1048576,2,356.7291,16362192324183350314
btree8_bl,1048576,2,310.4019,16362192324183350314
btree8_bl_a64,1048576,2,260.4401,16362192324183350314
fusion8_c,1048576,2,291.4917,16362192324183350314
btree8_a64,1048576,2,220.3278,16362192324183350314
sorted_array,1048576,2,99.5041,16362192324183350314
fusion16_w,1048576,2,178.0228,16362192324183350314
fusion8_bf,1048576,3,352.5848,16362192324183350314
fusion8,1048576,3,368.6859,16362192324183350314
fusion16_w,1048576,3,182.4829,16362192324183350314
btree8,1048576,3,244.2886,16362192324183350314
fusion8_c,1048576,3,332.4432,16362192324183350314
sorted_array,1048576,3,101.0712,16362192324183350314
btree8_bl_a64,1048576,3,281.0257,16362192324183350314
btree16_bl_a64,1048576,3,160.9055,16362192324183350314
btree8_bl,1048576,3,288.7238,16362192324183350314
btree8_a64,1048576,3,229.3839,16362192324183350314
btree8_bl_a64,1048576,4,297.6547,16362192324183350314
btree8,1048576,4,231.7368,16362192324183350314
fusion8_bf,1048576,4,388.1805,16362192324183350314
btree16_bl_a64,1048576,4,145.1431,16362192324183350314
btree8_a64,1048576,4,239.7034,16362192324183350314
btree8_bl,1048576,4,259.5901,16362192324183350314
sorted_array,1048576,4,102.4612,16362192324183350314
fusion8,1048576,4,317.4698,16362192324183350314
fusion8_c,1048576,4,347.5357,16362192324183350314
fusion16_w,1048576,4,169.0582,16362192324183350314
fusion8,1048576,5,320.7794,16362192324183350314
btree8,1048576,5,227.1423,16362192324183350314
btree8_bl_a64,1048576,5,269.0796,16362192324183350314
fusion8_c,1048576,5,294.3985,16362192324183350314
sorted_array,1048576,5,99.5499,16362192324183350314
btree8_a64,1048576,5,231.4621,16362192324183350314
fusion16_w,1048576,5,193.0618,16362192324183350314
btree16_bl_a64,1048576,5,153.1647,16362192324183350314
btree8_bl,1048576,5,280.1804,16362192324183350314
fusion8_bf,1048576,5,322.1497,16362192324183350314
btree8,1048576,6,230.1559,16362192324183350314
sorted_array,1048576,6,99.3622,16362192324183350314
fusion8,1048576,6,329.4769,16362192324183350314
fusion8_c,1048576,6,415.5151,16362192324183350314
fusion8_bf,1048576,6,712.2894,16362192324183350314
fusion16_w,1048576,6,205.3497,16362192324183350314
btree8_bl_a64,1048576,6,431.8756,16362192324183350314
btree16_bl_a64,1048576,6,329.6158,16362192324183350314
btree8_bl,1048576,6,457.6187,16362192324183350314
btree8_a64,1048576,6,999.0601,16362192324183350314
fusion8,1048576,7,474.1516,16362192324183350314
btree8_bl_a64,1048576,7,465.6586,16362192324183350314
btree8,1048576,7,293.3517,16362192324183350314
fusion8_c,1048576,7,437.0270,16362192324183350314
fusion16_w,1048576,7,240.5319,16362192324183350314
fusion8_bf,1048576,7,462.8708,16362192324183350314
btree8_a64,1048576,7,297.6532,16362192324183350314
btree16_bl_a64,1048576,7,236.4426,16362192324183350314
sorted_array,1048576,7,113.0020,16362192324183350314
btree8_bl,1048576,7,425.1785,16362192324183350314
btree8,1048576,8,380.4443,16362192324183350314
fusion8_bf,1048576,8,518.2541,16362192324183350314
fusion8,1048576,8,437.8235,16362192324183350314
fusion16_w,1048576,8,200.0977,16362192324183350314
btree8_a64,1048576,8,303.0472,16362192324183350314
btree8_bl_a64,1048576,8,356.1295,16362192324183350314
fusion8_c,1048576,8,336.7508,16362192324183350314
btree8_bl,1048576,8,354.9210,16362192324183350314
sorted_array,1048576,8,137.7655,16362192324183350314
btree16_bl_a64,1048576,8,176.5030,16362192324183350314
fusion16_w,1048576,9,175.2014,16362192324183350314
btree8_a64,1048576,9,237.1902,16362192324183350314
fusion8_c,1048576,9,341.3559,16362192324183350314
fusion8,1048576,9,393.6005,16362192324183350314
sorted_array,1048576,9,104.3228,16362192324183350314
fusion8_bf,1048576,9,340.6967,16362192324183350314
btree8,1048576,9,237.1628,16362192324183350314
btree16_bl_a64,1048576,9,158.7280,16362192324183350314
btree8_bl_a64,1048576,9,267.5919,16362192324183350314
btree8_bl,1048576,9,320.0317,16362192324183350314
fusion16_w,1048576,10,172.4945,16362192324183350314
btree8_bl_a64,1048576,10,270.1614,16362192324183350314
fusion8,1048576,10,336.2061,16362192324183350314
fusion8_bf,1048576,10,337.9837,16362192324183350314
btree16_bl_a64,1048576,10,154.0268,16362192324183350314
btree8_bl,1048576,10,256.0120,16362192324183350314
btree8,1048576,10,221.9009,16362192324183350314
fusion8_c,1048576,10,344.0872,16362192324183350314
btree8_a64,1048576,10,221.8048,16362192324183350314
sorted_array,1048576,10,99.8672,16362192324183350314
btree8_bl_a64,1048576,11,263.5757,16362192324183350314
fusion8,1048576,11,313.4003,16362192324183350314
sorted_array,1048576,11,103.2303,16362192324183350314
btree8,1048576,11,222.0581,16362192324183350314
fusion8_c,1048576,11,303.5995,16362192324183350314
btree16_bl_a64,1048576,11,168.2800,16362192324183350314
btree8_bl,1048576,11,266.3803,16362192324183350314
btree8_a64,1048576,11,256.4377,16362192324183350314
fusion16_w,1048576,11,215.5655,16362192324183350314
fusion8_bf,1048576,11,379.3381,16362192324183350314
sorted_array,1048576,12,102.3071,16362192324183350314
fusion8_c,1048576,12,293.1152,16362192324183350314
btree8,1048576,12,258.7128,16362192324183350314
btree8_bl,1048576,12,558.6380,16362192324183350314
fusion8,1048576,12,373.9349,16362192324183350314
fusion16_w,1048576,12,213.0035,16362192324183350314
btree8_a64,1048576,12,258.4549,16362192324183350314
btree8_bl_a64,1048576,12,291.9952,16362192324183350314
btree16_bl_a64,1048576,12,172.3221,16362192324183350314
fusion8_bf,1048576,12,462.4161,16362192324183350314
fusion8,1048576,13,343.8950,16362192324183350314
sorted_array,1048576,13,101.9089,16362192324183350314
btree8_bl_a64,1048576,13,272.9202,16362192324183350314
btree16_bl_a64,1048576,13,158.6731,16362192324183350314
fusion8_bf,1048576,13,348.2971,16362192324183350314
btree8_a64,1048576,13,251.6083,16362192324183350314
fusion16_w,1048576,13,202.1164,16362192324183350314
fusion8_c,1048576,13,289.8788,16362192324183350314
btree8,1048576,13,220.6757,16362192324183350314
btree8_bl,1048576,13,265.5716,16362192324183350314
btree16_bl_a64,1048576,14,164.9857,16362192324183350314
btree8_bl,1048576,14,286.7752,16362192324183350314
sorted_array,1048576,14,100.8270,16362192324183350314
btree8,1048576,14,216.9327,16362192324183350314
fusion16_w,1048576,14,170.0714,16362192324183350314
fusion8_c,1048576,14,301.9485,16362192324183350314
btree8_a64,1048576,14,241.4200,16362192324183350314
fusion8_bf,1048576,14,344.6167,16362192324183350314
btree8_bl_a64,1048576,14,266.8915,16362192324183350314
fusion8,1048576,14,315.8447,16362192324183350314
btree8_a64,2097152,0,268.9423,6087976039063001523
btree8_bl_a64,2097152,0,295.1523,6087976039063001523
fusion8_c,2097152,0,333.1665,6087976039063001523
fusion16_w,2097152,0,315.2924,6087976039063001523
btree16_bl_a64,2097152,0,326.3412,6087976039063001523
fusion8,2097152,0,508.5159,6087976039063001523
fusion8_bf,2097152,0,386.2991,6087976039063001523
btree8,2097152,0,233.7814,6087976039063001523
btree8_bl,2097152,0,296.2524,6087976039063001523
sorted_array,2097152,0,300.9125,6087976039063001523
fusion8_c,2097152,1,401.2650,6087976039063001523
fusion16_w,2097152,1,319.1849,6087976039063001523
fusion8_bf,2097152,1,424.2767,6087976039063001523
btree8_a64,2097152,1,601.7609,6087976039063001523
sorted_array,2097152,1,266.8472,6087976039063001523
btree8_bl,2097152,1,496.5561,6087976039063001523
btree8,2097152,1,269.1711,6087976039063001523
btree8_bl_a64,2097152,1,330.8014,6087976039063001523
fusion8,2097152,1,427.0157,6087976039063001523
btree16_bl_a64,2097152,1,364.8407,6087976039063001523
sorted_array,2097152,2,332.3120,6087976039063001523
btree8_a64,2097152,2,310.8185,6087976039063001523
btree8_bl,2097152,2,358.8181,6087976039063001523
fusion8_c,2097152,2,538.2751,6087976039063001523
btree8,2097152,2,337.4298,6087976039063001523
fusion8,2097152,2,384.1721,6087976039063001523
btree16_bl_a64,2097152,2,429.8584,6087976039063001523
fusion16_w,2097152,2,573.8113,6087976039063001523
fusion8_bf,2097152,2,1421.7102,6087976039063001523
btree8_bl_a64,2097152,2,667.8375,6087976039063001523
btree16_bl_a64,2097152,3,348.5077,6087976039063001523
btree8_bl,2097152,3,359.6664,6087976039063001523
fusion8_c,2097152,3,584.5749,6087976039063001523
btree8_a64,2097152,3,300.9399,6087976039063001523
fusion16_w,2097152,3,880.7556,6087976039063001523
btree8,2097152,3,435.8475,6087976039063001523
sorted_array,2097152,3,172.5998,6087976039063001523
fusion8,2097152,3,472.3999,6087976039063001523
fusion8_bf,2097152,3,417.4301,6087976039063001523
btree8_bl_a64,2097152,3,441.3849,6087976039063001523
btree8_bl_a64,2097152,4,342.3218,6087976039063001523
btree8_a64,2097152,4,275.6210,6087976039063001523
btree8,2097152,4,279.1458,6087976039063001523
btree16_bl_a64,2097152,4,356.2515,6087976039063001523
fusion16_w,2097152,4,337.0987,6087976039063001523
btree8_bl,2097152,4,288.5239,6087976039063001523
fusion8,2097152,4,380.8792,6087976039063001523
sorted_array,2097152,4,181.6772,6087976039063001523
fusion8_c,2097152,4,448.0072,6087976039063001523
fusion8_bf,2097152,4,387.7197,6087976039063001523
fusion16_w,2097152,5,338.3224,6087976039063001523
btree8,2097152,5,349.3515,6087976039063001523
fusion8,2097152,5,390.1825,6087976039063001523
sorted_array,2097152,5,152.4994,6087976039063001523
fusion8_c,2097152,5,347.5540,6087976039063001523
fusion8_bf,2097152,5,364.5782,6087976039063001523
btree8_bl_a64,2097152,5,288.5086,6087976039063001523
btree16_bl_a64,2097152,5,311.8561,6087976039063001523
btree8_a64,2097152,5,252.5848,6087976039063001523
btree8_bl,2097152,5,451.6739,6087976039063001523
btree8,2097152,6,251.8448,6087976039063001523
btree8_bl_a64,2097152,6,289.1159,6087976039063001523
fusion8_bf,2097152,6,413.9893,6087976039063001523
fusion8_c,2097152,6,456.3354,6087976039063001523
fusion16_w,2097152,6,322.1710,6087976039063001523
sorted_array,2097152,6,153.0914,6087976039063001523
fusion8,2097152,6,377.0447,6087976039063001523
btree8_bl,2097152,6,324.8245,6087976039063001523
btree16_bl_a64,2097152,6,428.2288,6087976039063001523
btree8_a64,2097152,6,320.8206,6087976039063001523
btree8_bl_a64,2097152,7,285.4172,6087976039063001523
fusion16_w,2097152,7,361.4944,6087976039063001523
btree16_bl_a64,2097152,7,341.1926,6087976039063001523
btree8_a64,2097152,7,238.2263,6087976039063001523
fusion8_bf,2097152,7,394.1925,6087976039063001523
fusion8_c,2097152,7,332.3822,6087976039063001523
fusion8,2097152,7,435.0632,6087976039063001523
btree8,2097152,7,252.3895,6087976039063001523
btree8_bl,2097152,7,295.8893,6087976039063001523
sorted_array,2097152,7,188.6780,6087976039063001523
fusion16_w,2097152,8,330.9891,6087976039063001523
btree8_bl,2097152,8,283.6212,6087976039063001523
sorted_array,2097152,8,150.9232,6087976039063001523
fusion8_bf,2097152,8,392.6971,6087976039063001523
btree8,2097152,8,328.3478,6087976039063001523
fusion8_c,2097152,8,365.7516,6087976039063001523
btree16_bl_a64,2097152,8,399.9435,6087976039063001523
btree8_a64,2097152,8,272.4030,6087976039063001523
fusion8,2097152,8,363.9908,6087976039063001523
btree8_bl_a64,2097152,8,278.1723,6087976039063001523
btree8_bl,2097152,9,390.4388,6087976039063001523
fusion8,2097152,9,455.5573,6087976039063001523
fusion8_c,2097152,9,410.1776,6087976039063001523
fusion8_bf,2097152,9,428.6880,6087976039063001523
fusion16_w,2097152,9,393.5745,6087976039063001523
btree8_bl_a64,2097152,9,329.3228,6087976039063001523
btree16_bl_a64,2097152,9,322.8210,6087976039063001523
sorted_array,2097152,9,167.7887,6087976039063001523
btree8,2097152,9,264.8743,6087976039063001523
btree8_a64,2097152,9,255.6549,6087976039063001523
fusion8_c,2097152,10,384.3872,6087976039063001523
fusion16_w,2097152,10,363.4583,6087976039063001523
btree8_bl_a64,2097152,10,332.3318,6087976039063001523
fusion8,2097152,10,399.0631,6087976039063001523
btree8_bl,2097152,10,298.0743,6087976039063001523
fusion8_bf,2097152,10,390.0513,6087976039063001523
btree16_bl_a64,2097152,10,313.5101,6087976039063001523
btree8,2097152,10,256.6162,6087976039063001523
btree8_a64,2097152,10,267.8543,6087976039063001523
sorted_array,2097152,10,163.3957,6087976039063001523
fusion8_bf,2097152,11,422.1741,6087976039063001523
sorted_array,2097152,11,158.9310,6087976039063001523
fusion8_c,2097152,11,334.2789,6087976039063001523
btree8_bl_a64,2097152,11,333.0276,6087976039063001523
btree8_bl,2097152,11,350.4364,6087976039063001523
btree8_a64,2097152,11,278.0945,6087976039063001523
btree8,2097152,11,248.7015,6087976039063001523
btree16_bl_a64,2097152,11,313.3942,6087976039063001523
fusion16_w,2097152,11,337.5107,6087976039063001523
fusion8,2097152,11,395.9885,6087976039063001523
btree16_bl_a64,2097152,12,326.6220,6087976039063001523
fusion8,2097152,12,395.0729,6087976039063001523
sorted_array,2097152,12,155.8258,6087976039063001523
fusion16_w,2097152,12,319.2474,6087976039063001523
fusion8_c,2097152,12,343.9346,6087976039063001523
btree8,2097152,12,255.5298,6087976039063001523
btree8_bl,2097152,12,318.0847,6087976039063001523
fusion8_bf,2097152,12,418.4540,6087976039063001523
btree8_bl_a64,2097152,12,293.2571,6087976039063001523
btree8_a64,2097152,12,264.9048,6087976039063001523
fusion8,2097152,13,442.5339,6087976039063001523
fusion8_c,2097152,13,382.0969,6087976039063001523
fusion8_bf,2097152,13,425.8408,6087976039063001523
fusion16_w,2097152,13,383.9478,6087976039063001523
sorted_array,2097152,13,175.0412,6087976039063001523
btree8,2097152,13,293.8385,6087976039063001523
btree16_bl_a64,2097152,13,392.0242,6087976039063001523
btree8_a64,2097152,13,295.3918,6087976039063001523
btree8_bl,2097152,13,346.4478,6087976039063001523
btree8_bl_a64,2097152,13,363.5925,6087976039063001523
fusion8_c,2097152,14,417.6926,6087976039063001523
btree8,2097152,14,278.3051,6087976039063001523
fusion8_bf,2097152,14,438.6002,6087976039063001523
fusion8,2097152,14,449.6857,6087976039063001523
btree8_bl,2097152,14,344.9829,6087976039063001523
btree16_bl_a64,2097152,14,327.8809,6087976039063001523
btree8_a64,2097152,14,253.7796,6087976039063001523
fusion16_w,2097152,14,366.8304,6087976039063001523
btree8_bl_a64,2097152,14,294.1467,6087976039063001523
sorted_array,2097152,14,170.6543,6087976039063001523
fusion8_bf,4194304,0,354.1443,14247903871160904604
btree8_bl_a64,4194304,0,265.3625,14247903871160904604
btree8,4194304,0,246.7392,14247903871160904604
fusion16_w,4194304,0,363.3621,14247903871160904604
fusion8_c,4194304,0,315.3397,14247903871160904604
btree8_a64,4194304,0,253.1387,14247903871160904604
sorted_array,4194304,0,248.8068,14247903871160904604
btree8_bl,4194304,0,274.3576,14247903871160904604
btree16_bl_a64,4194304,0,350.3754,14247903871160904604
fusion8,4194304,0,334.3643,14247903871160904604
btree8_bl_a64,4194304,1,266.7419,14247903871160904604
btree8_a64,4194304,1,248.2712,14247903871160904604
fusion8,4194304,1,345.6726,14247903871160904604
sorted_array,4194304,1,240.9912,14247903871160904604
fusion16_w,4194304,1,361.5509,14247903871160904604
fusion8_bf,4194304,1,359.1614,14247903871160904604
btree16_bl_a64,4194304,1,358.5678,14247903871160904604
btree8_bl,4194304,1,265.7120,14247903871160904604
fusion8_c,4194304,1,332.3746,14247903871160904604
btree8,4194304,1,255.9250,14247903871160904604
fusion16_w,4194304,2,387.2177,14247903871160904604
fusion8,4194304,2,346.6293,14247903871160904604
fusion8_bf,4194304,2,339.3082,14247903871160904604
btree8_bl,4194304,2,270.9595,14247903871160904604
fusion8_c,4194304,2,311.6547,14247903871160904604
sorted_array,4194304,2,239.9612,14247903871160904604
btree8_a64,4194304,2,246.3272,14247903871160904604
btree16_bl_a64,4194304,2,357.7087,14247903871160904604
btree8_bl_a64,4194304,2,264.5920,14247903871160904604
btree8,4194304,2,247.9706,14247903871160904604
fusion8,4194304,3,370.1721,14247903871160904604
fusion8_bf,4194304,3,374.2981,14247903871160904604
btree16_bl_a64,4194304,3,428.6087,14247903871160904604
fusion16_w,4194304,3,374.9084,14247903871160904604
btree8_bl_a64,4194304,3,284.3628,14247903871160904604
sorted_array,4194304,3,268.6325,14247903871160904604
btree8_a64,4194304,3,259.7916,14247903871160904604
fusion8_c,4194304,3,356.9717,14247903871160904604
btree8,4194304,3,263.1195,14247903871160904604
btree8_bl,4194304,3,285.2585,14247903871160904604
fusion8_bf,4194304,4,403.1006,14247903871160904604
btree8,4194304,4,261.3281,14247903871160904604
btree8_bl,4194304,4,300.3113,14247903871160904604
sorted_array,4194304,4,311.7477,14247903871160904604
fusion8_c,4194304,4,365.9546,14247903871160904604
btree16_bl_a64,4194304,4,486.0153,14247903871160904604
fusion8,4194304,4,488.7177,14247903871160904604
btree8_bl_a64,4194304,4,366.7923,14247903871160904604
fusion16_w,4194304,4,493.3350,14247903871160904604
btree8_a64,4194304,4,337.9745,14247903871160904604
fusion16_w,4194304,5,406.1966,14247903871160904604
sorted_array,4194304,5,360.1639,14247903871160904604
btree16_bl_a64,4194304,5,410.6094,14247903871160904604
btree8,4194304,5,350.0565,14247903871160904604
btree8_bl,4194304,5,566.6748,14247903871160904604
fusion8_bf,4194304,5,487.6099,14247903871160904604
btree8_bl_a64,4194304,5,370.8572,14247903871160904604
fusion8,4194304,5,402.8229,14247903871160904604
btree8_a64,4194304,5,275.5035,14247903871160904604
fusion8_c,4194304,5,428.5004,14247903871160904604
btree8_a64,4194304,6,260.3546,14247903871160904604
sorted_array,4194304,6,261.7233,14247903871160904604
btree8_bl_a64,4194304,6,279.8294,14247903871160904604
btree8,4194304,6,253.8483,14247903871160904604
fusion8_c,4194304,6,348.1049,14247903871160904604
fusion8_bf,4194304,6,370.9106,14247903871160904604
btree8_bl,4194304,6,311.0199,14247903871160904604
fusion16_w,4194304,6,379.5731,14247903871160904604
btree16_bl_a64,4194304,6,388.9740,14247903871160904604
fusion8,4194304,6,357.2189,14247903871160904604
btree8,4194304,7,256.0242,14247903871160904604
sorted_array,4194304,7,259.0073,14247903871160904604
fusion16_w,4194304,7,380.5756,14247903871160904604
fusion8,4194304,7,372.5769,14247903871160904604
fusion8_c,4194304,7,321.6370,14247903871160904604
btree8_bl_a64,4194304,7,281.0028,14247903871160904604
btree16_bl_a64,4194304,7,376.4999,14247903871160904604
btree8_bl,4194304,7,281.5445,14247903871160904604
btree8_a64,4194304,7,252.5589,14247903871160904604
fusion8_bf,4194304,7,369.3558,14247903871160904604
fusion8,4194304,8,403.7842,14247903871160904604
fusion16_w,4194304,8,410.0571,14247903871160904604
btree8,4194304,8,273.4879,14247903871160904604
btree16_bl_a64,4194304,8,398.3765,14247903871160904604
btree8_bl,4194304,8,278.2318,14247903871160904604
sorted_array,4194304,8,258.2092,14247903871160904604
fusion8_c,4194304,8,327.7710,14247903871160904604
fusion8_bf,4194304,8,380.0858,14247903871160904604
btree8_bl_a64,4194304,8,267.6590,14247903871160904604
btree8_a64,4194304,8,247.2214,14247903871160904604
btree8_bl_a64,4194304,9,266.3651,14247903871160904604
btree8,4194304,9,249.4781,14247903871160904604
fusion8_bf,4194304,9,387.2726,14247903871160904604
btree8_a64,4194304,9,252.0264,14247903871160904604
fusion8,4194304,9,405.2811,14247903871160904604
btree8_bl,4194304,9,267.6025,14247903871160904604
btree16_bl_a64,4194304,9,355.8258,14247903871160904604
fusion8_c,4194304,9,326.3214,14247903871160904604
fusion16_w,4194304,9,395.2911,14247903871160904604
sorted_array,4194304,9,259.1705,14247903871160904604
fusion8,4194304,10,354.3610,14247903871160904604
fusion16_w,4194304,10,375.7736,14247903871160904604
sorted_array,4194304,10,276.6586,14247903871160904604
fusion8_c,4194304,10,324.7131,14247903871160904604
btree8,4194304,10,251.8524,14247903871160904604
fusion8_bf,4194304,10,381.0699,14247903871160904604
btree8_bl_a64,4194304,10,314.6774,14247903871160904604
btree8_bl,4194304,10,289.1357,14247903871160904604
btree8_a64,4194304,10,271.8124,14247903871160904604
btree16_bl_a64,4194304,10,453.2578,14247903871160904604
fusion8_c,4194304,11,334.1431,14247903871160904604
btree8_bl,4194304,11,268.7607,14247903871160904604
fusion8_bf,4194304,11,347.6593,14247903871160904604
fusion8,4194304,11,334.7031,14247903871160904604
btree8,4194304,11,239.0488,14247903871160904604
btree8_a64,4194304,11,245.3232,14247903871160904604
btree8_bl_a64,4194304,11,263.2706,14247903871160904604
btree16_bl_a64,4194304,11,346.4462,14247903871160904604
sorted_array,4194304,11,240.7211,14247903871160904604
fusion16_w,4194304,11,349.1409,14247903871160904604
fusion8_bf,4194304,12,347.8683,14247903871160904604
btree8_bl_a64,4194304,12,273.6893,14247903871160904604
fusion16_w,4194304,12,353.7689,14247903871160904604
sorted_array,4194304,12,243.1519,14247903871160904604
btree8_bl,4194304,12,261.6470,14247903871160904604
btree16_bl_a64,4194304,12,350.0717,14247903871160904604
fusion8_c,4194304,12,308.8120,14247903871160904604
fusion8,4194304,12,339.7385,14247903871160904604
btree8,4194304,12,239.3372,14247903871160904604
btree8_a64,4194304,12,246.8628,14247903871160904604
sorted_array,4194304,13,250.6348,14247903871160904604
fusion8_bf,4194304,13,404.5593,14247903871160904604
btree8_a64,4194304,13,256.0196,14247903871160904604
btree16_bl_a64,4194304,13,370.5032,14247903871160904604
btree8_bl,4194304,13,306.6650,14247903871160904604
fusion8_c,4194304,13,335.1715,14247903871160904604
fusion16_w,4194304,13,370.4208,14247903871160904604
btree8_bl_a64,4194304,13,275.9293,14247903871160904604
fusion8,4194304,13,393.8812,14247903871160904604
btree8,4194304,13,273.1033,14247903871160904604
fusion8_bf,4194304,14,416.5955,14247903871160904604
fusion16_w,4194304,14,400.2365,14247903871160904604
fusion8,4194304,14,388.7833,14247903871160904604
btree16_bl_a64,4194304,14,458.1879,14247903871160904604
fusion8_c,4194304,14,377.2949,14247903871160904604
btree8,4194304,14,269.8151,14247903871160904604
btree8_bl,4194304,14,292.3492,14247903871160904604
btree8_a64,4194304,14,247.2610,14247903871160904604
btree8_bl_a64,4194304,14,271.9055,14247903871160904604
sorted_array,4194304,14,263.4811,14247903871160904604
btree16_bl_a64,8388608,0,377.9938,16818331115280313399
fusion16_w,8388608,0,366.9952,16818331115280313399
fusion8_bf,8388608,0,560.7925,16818331115280313399
btree8_a64,8388608,0,384.8145,16818331115280313399
btree8_bl,8388608,0,447.9507,16818331115280313399
fusion8_c,8388608,0,490.7257,16818331115280313399
btree8,8388608,0,395.5795,16818331115280313399
fusion8,8388608,0,503.5324,16818331115280313399
sorted_array,8388608,0,447.4152,16818331115280313399
btree8_bl_a64,8388608,0,404.5471,16818331115280313399
btree8_bl,8388608,1,409.8480,16818331115280313399
fusion8,8388608,1,494.4321,16818331115280313399
fusion8_c,8388608,1,456.9427,16818331115280313399
fusion8_bf,8388608,1,523.8556,16818331115280313399
btree16_bl_a64,8388608,1,346.6873,16818331115280313399
fusion16_w,8388608,1,371.7667,16818331115280313399
btree8,8388608,1,374.1913,16818331115280313399
sorted_array,8388608,1,455.3055,16818331115280313399
btree8_a64,8388608,1,370.7565,16818331115280313399
btree8_bl_a64,8388608,1,420.9274,16818331115280313399
btree8_a64,8388608,2,366.3345,16818331115280313399
fusion8_c,8388608,2,497.8867,16818331115280313399
btree16_bl_a64,8388608,2,355.8243,16818331115280313399
sorted_array,8388608,2,458.8150,16818331115280313399
fusion8_bf,8388608,2,535.7834,16818331115280313399
btree8_bl_a64,8388608,2,403.9856,16818331115280313399
fusion8,8388608,2,509.6405,16818331115280313399
btree8_bl,8388608,2,436.5540,16818331115280313399
btree8,8388608,2,387.3657,16818331115280313399
fusion16_w,8388608,2,396.2250,16818331115280313399
btree8_bl_a64,8388608,3,410.8887,16818331115280313399
fusion16_w,8388608,3,339.2868,16818331115280313399
btree16_bl_a64,8388608,3,361.7340,16818331115280313399
fusion8,8388608,3,504.2999,16818331115280313399
fusion8_c,8388608,3,457.7362,16818331115280313399
sorted_array,8388608,3,444.8502,16818331115280313399
btree8_bl,8388608,3,457.1289,16818331115280313399
btree8,8388608,3,374.0524,16818331115280313399
btree8_a64,8388608,3,366.0400,16818331115280313399
fusion8_bf,8388608,3,537.9456,16818331115280313399
btree8_bl,8388608,4,411.0168,16818331115280313399
btree8,8388608,4,371.5851,16818331115280313399
btree16_bl_a64,8388608,4,495.7962,16818331115280313399
fusion16_w,8388608,4,373.7778,16818331115280313399
sorted_array,8388608,4,459.2087,16818331115280313399
fusion8_bf,8388608,4,597.5891,16818331115280313399
btree8_bl_a64,8388608,4,430.3497,16818331115280313399
btree8_a64,8388608,4,376.6479,16818331115280313399
fusion8_c,8388608,4,533.2184,16818331115280313399
fusion8,8388608,4,596.0373,16818331115280313399
fusion8_c,8388608,5,546.7041,16818331115280313399
fusion16_w,8388608,5,393.8370,16818331115280313399
btree8,8388608,5,414.2914,16818331115280313399
sorted_array,8388608,5,475.4807,16818331115280313399
btree16_bl_a64,8388608,5,384.2728,16818331115280313399
btree8_bl_a64,8388608,5,442.2882,16818331115280313399
btree8_bl,8388608,5,434.1492,16818331115280313399
fusion8,8388608,5,538.1592,16818331115280313399
fusion8_bf,8388608,5,580.7068,16818331115280313399
btree8_a64,8388608,5,376.4236,16818331115280313399
fusion8,8388608,6,527.7786,16818331115280313399
btree8_bl,8388608,6,438.7894,16818331115280313399
btree8_a64,8388608,6,397.8424,16818331115280313399
fusion8_c,8388608,6,557.8934,16818331115280313399
fusion16_w,8388608,6,390.1993,16818331115280313399
sorted_array,8388608,6,460.9192,16818331115280313399
fusion8_bf,8388608,6,534.6771,16818331115280313399
btree16_bl_a64,8388608,6,348.6496,16818331115280313399
btree8_bl_a64,8388608,6,411.2457,16818331115280313399
btree8,8388608,6,364.1312,16818331115280313399
btree16_bl_a64,8388608,7,352.5665,16818331115280313399
btree8,8388608,7,374.0005,16818331115280313399
fusion8_bf,8388608,7,533.7402,16818331115280313399
fusion8,8388608,7,504.9515,16818331115280313399
btree8_bl,8388608,7,480.9708,16818331115280313399
btree8_bl_a64,8388608,7,408.3588,16818331115280313399
sorted_array,8388608,7,454.9728,16818331115280313399
fusion16_w,8388608,7,371.7499,16818331115280313399
fusion8_c,8388608,7,482.9910,16818331115280313399
btree8_a64,8388608,7,374.1394,16818331115280313399
fusion8_c,8388608,8,482.6462,16818331115280313399
fusion8_bf,8388608,8,549.6552,16818331115280313399
btree16_bl_a64,8388608,8,362.2314,16818331115280313399
btree8_a64,8388608,8,365.8279,16818331115280313399
sorted_array,8388608,8,463.7100,16818331115280313399
btree8_bl_a64,8388608,8,436.8820,16818331115280313399
btree8,8388608,8,387.8326,16818331115280313399
fusion8,8388608,8,535.9787,16818331115280313399
fusion16_w,8388608,8,379.5212,16818331115280313399
btree8_bl,8388608,8,480.7877,16818331115280313399
fusion8_c,8388608,9,485.9863,16818331115280313399
btree16_bl_a64,8388608,9,359.9869,16818331115280313399
fusion8,8388608,9,516.8976,16818331115280313399
fusion16_w,8388608,9,351.9028,16818331115280313399
btree8_bl,8388608,9,439.0961,16818331115280313399
btree8_a64,8388608,9,372.1512,16818331115280313399
fusion8_bf,8388608,9,547.1161,16818331115280313399
btree8_bl_a64,8388608,9,434.7382,16818331115280313399
btree8,8388608,9,366.4078,16818331115280313399
sorted_array,8388608,9,459.2056,16818331115280313399
fusion8,8388608,10,578.2806,16818331115280313399
sorted_array,8388608,10,472.0230,16818331115280313399
fusion8_c,8388608,10,498.7076,16818331115280313399
fusion8_bf,8388608,10,539.7003,16818331115280313399
btree8_bl_a64,8388608,10,406.9473,16818331115280313399
btree16_bl_a64,8388608,10,352.6825,16818331115280313399
btree8_bl,8388608,10,445.7153,16818331115280313399
fusion16_w,8388608,10,405.4138,16818331115280313399
btree8,8388608,10,542.5842,16818331115280313399
btree8_a64,8388608,10,467.7887,16818331115280313399
btree8,8388608,11,470.8710,16818331115280313399
sorted_array,8388608,11,512.1429,16818331115280313399
btree8_bl,8388608,11,458.0338,16818331115280313399
btree16_bl_a64,8388608,11,387.5015,16818331115280313399
btree8_a64,8388608,11,386.9949,16818331115280313399
fusion8_c,8388608,11,501.9073,16818331115280313399
fusion8_bf,8388608,11,574.0372,16818331115280313399
fusion16_w,8388608,11,388.7329,16818331115280313399
btree8_bl_a64,8388608,11,460.8459,16818331115280313399
fusion8,8388608,11,542.0227,16818331115280313399
sorted_array,8388608,12,456.8283,16818331115280313399
btree8_a64,8388608,12,373.0652,16818331115280313399
btree8,8388608,12,375.4684,16818331115280313399
fusion8_c,8388608,12,469.9158,16818331115280313399
btree8_bl,8388608,12,455.1041,16818331115280313399
fusion8_bf,8388608,12,532.1259,16818331115280313399
fusion16_w,8388608,12,349.9466,16818331115280313399
btree8_bl_a64,8388608,12,415.8447,16818331115280313399
fusion8,8388608,12,534.9976,16818331115280313399
btree16_bl_a64,8388608,12,355.3131,16818331115280313399
btree8,8388608,13,378.0472,16818331115280313399
btree16_bl_a64,8388608,13,372.5388,16818331115280313399
fusion8,8388608,13,564.7110,16818331115280313399
btree8_bl,8388608,13,478.9398,16818331115280313399
btree8_a64,8388608,13,397.7112,16818331115280313399
fusion16_w,8388608,13,430.5298,16818331115280313399
btree8_bl_a64,8388608,13,437.5320,16818331115280313399
fusion8_bf,8388608,13,551.8341,16818331115280313399
fusion8_c,8388608,13,490.5457,16818331115280313399
sorted_array,8388608,13,468.1351,16818331115280313399
fusion8_bf,8388608,14,571.7255,16818331115280313399
btree8_bl,8388608,14,421.2021,16818331115280313399
btree8_bl_a64,8388608,14,414.8270,16818331115280313399
btree8,8388608,14,393.9362,16818331115280313399
sorted_array,8388608,14,453.1357,16818331115280313399
fusion8,8388608,14,522.8760,16818331115280313399
fusion16_w,8388608,14,379.4907,16818331115280313399
fusion8_c,8388608,14,632.3547,16818331115280313399
btree8_a64,8388608,14,440.2664,16818331115280313399
btree16_bl_a64,8388608,14,409.7122,16818331115280313399
fusion8,16777216,0,569.4138,7378316869786178009
fusion16_w,16777216,0,351.3962,7378316869786178009
btree8,16777216,0,390.4114,7378316869786178009
btree16_bl_a64,16777216,0,360.5621,7378316869786178009
btree8_bl_a64,16777216,0,449.0540,7378316869786178009
btree8_bl,16777216,0,452.4826,7378316869786178009
fusion8_bf,16777216,0,592.4377,7378316869786178009
btree8_a64,16777216,0,389.7766,7378316869786178009
fusion8_c,16777216,0,537.8754,7378316869786178009
sorted_array,16777216,0,623.3093,7378316869786178009
btree8,16777216,1,456.9443,7378316869786178009
btree16_bl_a64,16777216,1,373.7122,7378316869786178009
btree8_bl,16777216,1,506.4850,7378316869786178009
fusion8_c,16777216,1,586.8393,7378316869786178009
btree8_bl_a64,16777216,1,480.8167,7378316869786178009
btree8_a64,16777216,1,420.9351,7378316869786178009
sorted_array,16777216,1,608.3878,7378316869786178009
fusion8,16777216,1,611.7294,7378316869786178009
fusion8_bf,16777216,1,607.5684,7378316869786178009
fusion16_w,16777216,1,386.4792,7378316869786178009
btree8_a64,16777216,2,393.6371,7378316869786178009
fusion8,16777216,2,562.5122,7378316869786178009
btree8_bl,16777216,2,566.9205,7378316869786178009
sorted_array,16777216,2,622.4030,7378316869786178009
fusion8_c,16777216,2,560.1196,7378316869786178009
fusion8_bf,16777216,2,599.7528,7378316869786178009
btree8_bl_a64,16777216,2,470.6711,7378316869786178009
btree16_bl_a64,16777216,2,389.7766,7378316869786178009
fusion16_w,16777216,2,377.0035,7378316869786178009
btree8,16777216,2,442.0471,7378316869786178009
btree8,16777216,3,405.1941,7378316869786178009
btree8_a64,16777216,3,398.9426,7378316869786178009
fusion8,16777216,3,659.5901,7378316869786178009
fusion8_bf,16777216,3,691.4566,7378316869786178009
sorted_array,16777216,3,656.0226,7378316869786178009
fusion16_w,16777216,3,367.5827,7378316869786178009
btree16_bl_a64,16777216,3,436.9217,7378316869786178009
btree8_bl,16777216,3,514.9292,7378316869786178009
fusion8_c,16777216,3,554.7318,7378316869786178009
btree8_bl_a64,16777216,3,457.1289,7378316869786178009
fusion8,16777216,4,561.7630,7378316869786178009
fusion8_c,16777216,4,503.8315,7378316869786178009
btree8,16777216,4,398.1140,7378316869786178009
fusion16_w,16777216,4,375.4807,7378316869786178009
btree8_a64,16777216,4,396.4371,7378316869786178009
btree8_bl,16777216,4,509.5886,7378316869786178009
sorted_array,16777216,4,625.1984,7378316869786178009
btree8_bl_a64,16777216,4,476.2375,7378316869786178009
btree16_bl_a64,16777216,4,406.3171,7378316869786178009
fusion8_bf,16777216,4,642.0593,7378316869786178009
fusion8,16777216,5,655.8578,7378316869786178009
btree8,16777216,5,478.7552,7378316869786178009
btree8_bl_a64,16777216,5,457.2876,7378316869786178009
fusion8_c,16777216,5,547.1664,7378316869786178009
btree16_bl_a64,16777216,5,370.7550,7378316869786178009
btree8_a64,16777216,5,454.6707,7378316869786178009
btree8_bl,16777216,5,498.7946,7378316869786178009
fusion16_w,16777216,5,356.3644,7378316869786178009
sorted_array,16777216,5,600.5310,7378316869786178009
fusion8_bf,16777216,5,588.1180,7378316869786178009
sorted_array,16777216,6,606.6360,7378316869786178009
fusion8_c,16777216,6,551.3382,7378316869786178009
btree8,16777216,6,477.2293,7378316869786178009
fusion8,16777216,6,641.0202,7378316869786178009
btree8_bl,16777216,6,495.0851,7378316869786178009
btree8_a64,16777216,6,433.3008,7378316869786178009
btree16_bl_a64,16777216,6,397.1283,7378316869786178009
fusion16_w,16777216,6,378.5126,7378316869786178009
btree8_bl_a64,16777216,6,479.5883,7378316869786178009
fusion8_bf,16777216,6,561.9202,7378316869786178009
btree8_bl_a64,16777216,7,445.7870,7378316869786178009
btree8,16777216,7,398.3627,7378316869786178009
btree8_a64,16777216,7,410.7590,7378316869786178009
fusion8_c,16777216,7,516.0843,7378316869786178009
btree16_bl_a64,16777216,7,358.1711,7378316869786178009
fusion8_bf,16777216,7,593.9941,7378316869786178009
fusion8,16777216,7,571.8750,7378316869786178009
sorted_array,16777216,7,605.2887,7378316869786178009
btree8_bl,16777216,7,511.0489,7378316869786178009
fusion16_w,16777216,7,362.0514,7378316869786178009
fusion8,16777216,8,550.3403,7378316869786178009
sorted_array,16777216,8,644.8685,7378316869786178009
fusion8_c,16777216,8,644.0857,7378316869786178009
btree8,16777216,8,461.4197,7378316869786178009
btree8_bl_a64,16777216,8,497.1542,7378316869786178009
btree8_bl,16777216,8,464.3845,7378316869786178009
fusion16_w,16777216,8,374.9481,7378316869786178009
fusion8_bf,16777216,8,565.2557,7378316869786178009
btree16_bl_a64,16777216,8,365.7120,7378316869786178009
btree8_a64,16777216,8,474.5193,7378316869786178009
fusion8,16777216,9,593.8080,7378316869786178009
btree8,16777216,9,393.7012,7378316869786178009
fusion8_c,16777216,9,541.2903,7378316869786178009
fusion16_w,16777216,9,443.1595,7378316869786178009
sorted_array,16777216,9,610.6461,7378316869786178009
btree8_bl_a64,16777216,9,447.6547,7378316869786178009
btree16_bl_a64,16777216,9,384.8343,7378316869786178009
btree8_bl,16777216,9,450.6531,7378316869786178009
fusion8_bf,16777216,9,574.3073,7378316869786178009
btree8_a64,16777216,9,395.5688,7378316869786178009
btree8,16777216,10,419.7296,7378316869786178009
fusion16_w,16777216,10,383.0338,7378316869786178009
fusion8_c,16777216,10,509.0607,7378316869786178009
btree8_a64,16777216,10,387.4161,7378316869786178009
fusion8,16777216,10,556.7108,7378316869786178009
btree8_bl_a64,16777216,10,444.5129,7378316869786178009
sorted_array,16777216,10,601.9150,7378316869786178009
fusion8_bf,16777216,10,563.5788,7378316869786178009
btree8_bl,16777216,10,444.0491,7378316869786178009
btree16_bl_a64,16777216,10,396.0449,7378316869786178009
btree8_a64,16777216,11,412.6785,7378316869786178009
btree8,16777216,11,403.1403,7378316869786178009
fusion8_c,16777216,11,527.0996,7378316869786178009
btree8_bl_a64,16777216,11,446.0541,7378316869786178009
fusion8_bf,16777216,11,580.6976,7378316869786178009
fusion8,16777216,11,580.8594,7378316869786178009
btree8_bl,16777216,11,510.6110,7378316869786178009
fusion16_w,16777216,11,381.4026,7378316869786178009
btree16_bl_a64,16777216,11,402.3666,7378316869786178009
sorted_array,16777216,11,608.5632,7378316869786178009
fusion8_c,16777216,12,507.6736,7378316869786178009
sorted_array,16777216,12,633.1543,7378316869786178009
btree8_bl_a64,16777216,12,448.1689,7378316869786178009
btree8_bl,16777216,12,441.0385,7378316869786178009
btree16_bl_a64,16777216,12,347.6944,7378316869786178009
fusion8_bf,16777216,12,648.3521,7378316869786178009
btree8_a64,16777216,12,432.9575,7378316869786178009
fusion16_w,16777216,12,391.2704,7378316869786178009
fusion8,16777216,12,564.0457,7378316869786178009
btree8,16777216,12,391.8732,7378316869786178009
fusion16_w,16777216,13,376.0544,7378316869786178009
btree8_bl,16777216,13,446.8643,7378316869786178009
fusion8_bf,16777216,13,568.4204,7378316869786178009
btree8_bl_a64,16777216,13,442.7094,7378316869786178009
btree8_a64,16777216,13,386.2839,7378316869786178009
fusion8,16777216,13,562.5885,7378316869786178009
btree16_bl_a64,16777216,13,349.8993,7378316869786178009
sorted_array,16777216,13,601.0284,7378316869786178009
btree8,16777216,13,400.7584,7378316869786178009
fusion8_c,16777216,13,512.2482,7378316869786178009
sorted_array,16777216,14,603.6652,7378316869786178009
btree8_a64,16777216,14,395.6421,7378316869786178009
btree8_bl_a64,16777216,14,491.1728,7378316869786178009
fusion8_c,16777216,14,505.7983,7378316869786178009
btree8_bl,16777216,14,452.5391,7378316869786178009
btree8,16777216,14,410.2859,7378316869786178009
fusion16_w,16777216,14,405.0812,7378316869786178009
btree16_bl_a64,16777216,14,366.3498,7378316869786178009
fusion8,16777216,14,601.8906,7378316869786178009
fusion8_bf,16777216,14,654.1443,7378316869786178009
fusion8_c,33554432,0,537.9608,14781225337507930917
btree8_bl,33554432,0,476.4328,14781225337507930917
btree8,33554432,0,450.8972,14781225337507930917
fusion8,33554432,0,599.0234,14781225337507930917
btree8_bl_a64,33554432,0,462.4985,14781225337507930917
fusion16_w,33554432,0,594.8120,14781225337507930917
btree16_bl_a64,33554432,0,564.5721,14781225337507930917
fusion8_bf,33554432,0,598.4741,14781225337507930917
sorted_array,33554432,0,729.5532,14781225337507930917
btree8_a64,33554432,0,439.8041,14781225337507930917
fusion16_w,33554432,1,658.9859,14781225337507930917
sorted_array,33554432,1,731.2393,14781225337507930917
btree8_bl_a64,33554432,1,476.2024,14781225337507930917
btree8_bl,33554432,1,494.2108,14781225337507930917
fusion8,33554432,1,597.2702,14781225337507930917
btree8,33554432,1,458.1116,14781225337507930917
fusion8_bf,33554432,1,634.1934,14781225337507930917
fusion8_c,33554432,1,551.0605,14781225337507930917
btree16_bl_a64,33554432,1,589.3814,14781225337507930917
btree8_a64,33554432,1,462.0651,14781225337507930917
sorted_array,33554432,2,746.5622,14781225337507930917
btree8,33554432,2,463.4979,14781225337507930917
fusion8_c,33554432,2,556.3522,14781225337507930917
fusion16_w,33554432,2,631.3644,14781225337507930917
btree8_a64,33554432,2,445.6512,14781225337507930917
btree16_bl_a64,33554432,2,673.9899,14781225337507930917
btree8_bl,33554432,2,497.2656,14781225337507930917
fusion8,33554432,2,608.3328,14781225337507930917
fusion8_bf,33554432,2,617.1921,14781225337507930917
btree8_bl_a64,33554432,2,471.9376,14781225337507930917
fusion16_w,33554432,3,611.5585,14781225337507930917
sorted_array,33554432,3,736.6180,14781225337507930917
fusion8,33554432,3,598.4589,14781225337507930917
btree8_bl_a64,33554432,3,476.7487,14781225337507930917
fusion8_c,33554432,3,550.4440,14781225337507930917
btree8_a64,33554432,3,453.1677,14781225337507930917
btree8,33554432,3,460.9116,14781225337507930917
btree8_bl,33554432,3,494.3359,14781225337507930917
fusion8_bf,33554432,3,635.8444,14781225337507930917
btree16_bl_a64,33554432,3,566.1911,14781225337507930917
fusion16_w,33554432,4,600.9094,14781225337507930917
btree8_bl_a64,33554432,4,469.9509,14781225337507930917
sorted_array,33554432,4,737.4969,14781225337507930917
btree8_bl,33554432,4,488.2370,14781225337507930917
fusion8,33554432,4,594.0918,14781225337507930917
fusion8_bf,33554432,4,1098.5565,14781225337507930917
btree8,33554432,4,478.2471,14781225337507930917
fusion8_c,33554432,4,562.6953,14781225337507930917
btree8_a64,33554432,4,457.9819,14781225337507930917
btree16_bl_a64,33554432,4,647.0306,14781225337507930917
fusion8,33554432,5,592.8040,14781225337507930917
fusion8_c,33554432,5,549.4797,14781225337507930917
btree16_bl_a64,33554432,5,592.0105,14781225337507930917
btree8_a64,33554432,5,450.6271,14781225337507930917
btree8_bl_a64,33554432,5,481.2271,14781225337507930917
btree8_bl,33554432,5,494.5114,14781225337507930917
fusion16_w,33554432,5,594.7220,14781225337507930917
fusion8_bf,33554432,5,636.6653,14781225337507930917
sorted_array,33554432,5,736.3281,14781225337507930917
btree8,33554432,5,462.5687,14781225337507930917
fusion8_bf,33554432,6,609.2697,14781225337507930917
fusion16_w,33554432,6,658.5114,14781225337507930917
btree8,33554432,6,464.7766,14781225337507930917
btree8_bl_a64,33554432,6,515.8844,14781225337507930917
fusion8_c,33554432,6,584.6832,14781225337507930917
sorted_array,33554432,6,750.7736,14781225337507930917
fusion8,33554432,6,616.0675,14781225337507930917
btree16_bl_a64,33554432,6,606.1325,14781225337507930917
btree8_a64,33554432,6,444.8441,14781225337507930917
btree8_bl,33554432,6,474.7070,14781225337507930917
fusion16_w,33554432,7,590.9988,14781225337507930917
btree8_bl_a64,33554432,7,491.3986,14781225337507930917
btree16_bl_a64,33554432,7,578.9017,14781225337507930917
btree8_bl,33554432,7,495.8527,14781225337507930917
fusion8_c,33554432,7,582.6294,14781225337507930917
fusion8_bf,33554432,7,604.8798,14781225337507930917
sorted_array,33554432,7,741.2842,14781225337507930917
btree8_a64,33554432,7,452.6306,14781225337507930917
fusion8,33554432,7,599.0616,14781225337507930917
btree8,33554432,7,471.9452,14781225337507930917
btree8_bl_a64,33554432,8,468.5730,14781225337507930917
fusion8_c,33554432,8,549.1776,14781225337507930917
fusion8,33554432,8,594.0903,14781225337507930917
fusion8_bf,33554432,8,628.6865,14781225337507930917
btree16_bl_a64,33554432,8,626.1261,14781225337507930917
btree8_a64,33554432,8,451.1185,14781225337507930917
sorted_array,33554432,8,736.0779,14781225337507930917
btree8_bl,33554432,8,479.3961,14781225337507930917
btree8,33554432,8,453.4317,14781225337507930917
fusion16_w,33554432,8,591.6580,14781225337507930917
btree8_a64,33554432,9,453.0487,14781225337507930917
btree8_bl,33554432,9,486.5036,14781225337507930917
btree8,33554432,9,459.5810,14781225337507930917
btree16_bl_a64,33554432,9,592.4454,14781225337507930917
fusion8,33554432,9,600.2731,14781225337507930917
fusion8_c,33554432,9,551.2466,14781225337507930917
fusion8_bf,33554432,9,628.1906,14781225337507930917
sorted_array,33554432,9,736.1069,14781225337507930917
btree8_bl_a64,33554432,9,475.5829,14781225337507930917
fusion16_w,33554432,9,607.8796,14781225337507930917
btree8_a64,33554432,10,467.0624,14781225337507930917
btree16_bl_a64,33554432,10,599.9451,14781225337507930917
btree8,33554432,10,467.1021,14781225337507930917
fusion16_w,33554432,10,609.6985,14781225337507930917
sorted_array,33554432,10,741.2415,14781225337507930917
btree8_bl,33554432,10,493.1992,14781225337507930917
fusion8_c,33554432,10,561.1649,14781225337507930917
fusion8_bf,33554432,10,626.1414,14781225337507930917
fusion8,33554432,10,610.7208,14781225337507930917
btree8_bl_a64,33554432,10,482.8018,14781225337507930917
fusion8_bf,33554432,11,630.0339,14781225337507930917
fusion8,33554432,11,609.7931,14781225337507930917
btree16_bl_a64,33554432,11,595.4605,14781225337507930917
btree8_bl,33554432,11,490.2802,14781225337507930917
fusion16_w,33554432,11,603.8727,14781225337507930917
sorted_array,33554432,11,736.8622,14781225337507930917
fusion8_c,33554432,11,549.6460,14781225337507930917
btree8,33554432,11,462.7319,14781225337507930917
btree8_a64,33554432,11,453.5019,14781225337507930917
btree8_bl_a64,33554432,11,477.8580,14781225337507930917
btree8_bl,33554432,12,487.0407,14781225337507930917
fusion8_c,33554432,12,554.9026,14781225337507930917
fusion16_w,33554432,12,639.2197,14781225337507930917
btree8_a64,33554432,12,449.8154,14781225337507930917
fusion8_bf,33554432,12,623.1323,14781225337507930917
sorted_array,33554432,12,733.5220,14781225337507930917
fusion8,33554432,12,610.9131,14781225337507930917
btree8,33554432,12,469.2856,14781225337507930917
btree16_bl_a64,33554432,12,593.2327,14781225337507930917
btree8_bl_a64,33554432,12,472.8470,14781225337507930917
btree8_a64,33554432,13,458.6090,14781225337507930917
fusion8,33554432,13,602.1851,14781225337507930917
fusion8_bf,33554432,13,639.6210,14781225337507930917
btree8_bl_a64,33554432,13,479.7394,14781225337507930917
btree8_bl,33554432,13,491.2003,14781225337507930917
fusion8_c,33554432,13,555.0613,14781225337507930917
btree16_bl_a64,33554432,13,599.0234,14781225337507930917
sorted_array,33554432,13,739.4363,14781225337507930917
btree8,33554432,13,461.5082,14781225337507930917
fusion16_w,33554432,13,610.0357,14781225337507930917
fusion16_w,33554432,14,563.4811,14781225337507930917
btree8_bl_a64,33554432,14,477.3453,14781225337507930917
fusion8_c,33554432,14,567.4866,14781225337507930917
btree8_a64,33554432,14,455.6076,14781225337507930917
sorted_array,33554432,14,736.2503,14781225337507930917
fusion8,33554432,14,592.0486,14781225337507930917
btree16_bl_a64,33554432,14,585.3241,14781225337507930917
btree8_bl,33554432,14,483.3923,14781225337507930917
fusion8_bf,33554432,14,606.2439,14781225337507930917
btree8,33554432,14,461.0275,14781225337507930917
