structure,n,rep,ns_per_query,checksum
fusion8,256,0,34.7137,11530405409878601149
fusion8_c,256,0,36.5219,11530405409878601149
btree8_a64,256,0,20.3873,11530405409878601149
btree16_bl_a64,256,0,12.7167,11530405409878601149
btree8,256,0,22.4533,11530405409878601149
btree8_bl,256,0,17.4393,11530405409878601149
fusion16_w,256,0,26.9196,11530405409878601149
fusion8_bf,256,0,37.0621,11530405409878601149
btree8_bl_a64,256,0,16.4841,11530405409878601149
sorted_array,256,0,4.4846,11530405409878601149
btree8_bl,256,1,17.3004,11530405409878601149
fusion8,256,1,34.9472,11530405409878601149
btree16_bl_a64,256,1,12.7213,11530405409878601149
fusion16_w,256,1,26.6754,11530405409878601149
btree8_bl_a64,256,1,16.4139,11530405409878601149
btree8_a64,256,1,20.3232,11530405409878601149
fusion8_c,256,1,37.1185,11530405409878601149
sorted_array,256,1,4.5441,11530405409878601149
btree8,256,1,20.7809,11530405409878601149
fusion8_bf,256,1,37.7258,11530405409878601149
btree8_bl,256,2,17.5369,11530405409878601149
sorted_array,256,2,4.4968,11530405409878601149
btree16_bl_a64,256,2,12.7380,11530405409878601149
fusion8_c,256,2,36.6119,11530405409878601149
btree8_a64,256,2,20.2011,11530405409878601149
btree8,256,2,21.7651,11530405409878601149
fusion16_w,256,2,26.7273,11530405409878601149
fusion8,256,2,34.7992,11530405409878601149
fusion8_bf,256,2,37.5275,11530405409878601149
btree8_bl_a64,256,2,16.4932,11530405409878601149
fusion8_c,256,3,36.4059,11530405409878601149
fusion8_bf,256,3,37.4161,11530405409878601149
btree16_bl_a64,256,3,12.7304,11530405409878601149
btree8_bl_a64,256,3,17.6010,11530405409878601149
fusion8,256,3,34.7565,11530405409878601149
btree8,256,3,20.9488,11530405409878601149
sorted_array,256,3,4.5303,11530405409878601149
fusion16_w,256,3,26.7105,11530405409878601149
btree8_a64,256,3,20.1630,11530405409878601149
btree8_bl,256,3,17.5919,11530405409878601149
btree8_bl,256,4,17.4911,11530405409878601149
fusion16_w,256,4,26.6937,11530405409878601149
btree8_bl_a64,256,4,16.4124,11530405409878601149
btree16_bl_a64,256,4,12.6450,11530405409878601149
btree8,256,4,20.9396,11530405409878601149
fusion8,256,4,36.3083,11530405409878601149
fusion8_c,256,4,37.0468,11530405409878601149
fusion8_bf,256,4,37.8082,11530405409878601149
sorted_array,256,4,4.4998,11530405409878601149
btree8_a64,256,4,20.5032,11530405409878601149
fusion8_bf,256,5,37.7991,11530405409878601149
btree8,256,5,20.8679,11530405409878601149
btree8_a64,256,5,21.4279,11530405409878601149
btree8_bl,256,5,17.5522,11530405409878601149
btree16_bl_a64,256,5,12.7350,11530405409878601149
fusion8,256,5,34.6390,11530405409878601149
fusion16_w,256,5,27.3636,11530405409878601149
sorted_array,256,5,4.4861,11530405409878601149
btree8_bl_a64,256,5,16.4520,11530405409878601149
fusion8_c,256,5,36.7111,11530405409878601149
fusion8,256,6,36.6287,11530405409878601149
btree8_a64,256,6,19.8425,11530405409878601149
sorted_array,256,6,4.4998,11530405409878601149
btree8_bl,256,6,17.4423,11530405409878601149
btree16_bl_a64,256,6,12.7289,11530405409878601149
fusion8_bf,256,6,37.9944,11530405409878601149
fusion16_w,256,6,26.8875,11530405409878601149
btree8_bl_a64,256,6,17.2714,11530405409878601149
fusion8_c,256,6,36.4120,11530405409878601149
btree8,256,6,21.1288,11530405409878601149
fusion8_c,256,7,36.3678,11530405409878601149
fusion8_bf,256,7,37.0071,11530405409878601149
sorted_array,256,7,4.4937,11530405409878601149
btree8_bl,256,7,17.3874,11530405409878601149
btree8,256,7,20.7123,11530405409878601149
fusion16_w,256,7,26.6983,11530405409878601149
btree8_a64,256,7,19.9066,11530405409878601149
fusion8,256,7,36.2564,11530405409878601149
btree8_bl_a64,256,7,16.5695,11530405409878601149
btree16_bl_a64,256,7,12.7197,11530405409878601149
fusion8_c,256,8,36.5250,11530405409878601149
btree8_bl,256,8,17.3950,11530405409878601149
btree16_bl_a64,256,8,12.7014,11530405409878601149
fusion16_w,256,8,26.7426,11530405409878601149
btree8_bl_a64,256,8,16.5024,11530405409878601149
btree8,256,8,20.7016,11530405409878601149
btree8_a64,256,8,20.8084,11530405409878601149
fusion8_bf,256,8,37.4893,11530405409878601149
fusion8,256,8,36.2000,11530405409878601149
sorted_array,256,8,4.4983,11530405409878601149
fusion8_bf,256,9,37.3413,11530405409878601149
sorted_array,256,9,4.5410,11530405409878601149
btree8,256,9,21.0251,11530405409878601149
btree8_a64,256,9,21.3486,11530405409878601149
fusion16_w,256,9,26.7456,11530405409878601149
btree8_bl,256,9,17.5354,11530405409878601149
btree8_bl_a64,256,9,16.4536,11530405409878601149
btree16_bl_a64,256,9,12.7335,11530405409878601149
fusion8_c,256,9,36.4380,11530405409878601149
fusion8,256,9,34.7412,11530405409878601149
fusion8,256,10,34.4101,11530405409878601149
btree16_bl_a64,256,10,12.7121,11530405409878601149
btree8_bl_a64,256,10,16.4276,11530405409878601149
sorted_array,256,10,4.4952,11530405409878601149
fusion16_w,256,10,26.6342,11530405409878601149
btree8_bl,256,10,17.3752,11530405409878601149
fusion8_c,256,10,36.4365,11530405409878601149
btree8_a64,256,10,20.4803,11530405409878601149
btree8,256,10,21.9894,11530405409878601149
fusion8_bf,256,10,38.6185,11530405409878601149
fusion8,256,11,34.8694,11530405409878601149
btree8_a64,256,11,20.1141,11530405409878601149
fusion8_bf,256,11,37.7243,11530405409878601149
btree8,256,11,21.0205,11530405409878601149
btree8_bl_a64,256,11,16.6458,11530405409878601149
btree8_bl,256,11,17.4149,11530405409878601149
sorted_array,256,11,4.5090,11530405409878601149
fusion8_c,256,11,36.4975,11530405409878601149
btree16_bl_a64,256,11,12.7151,11530405409878601149
fusion16_w,256,11,26.7426,11530405409878601149
btree8_bl,256,12,17.3431,11530405409878601149
fusion16_w,256,12,26.7960,11530405409878601149
fusion8_bf,256,12,36.9339,11530405409878601149
fusion8,256,12,34.9655,11530405409878601149
sorted_array,256,12,4.5135,11530405409878601149
btree8_a64,256,12,20.3079,11530405409878601149
btree8_bl_a64,256,12,16.4505,11530405409878601149
fusion8_c,256,12,37.6450,11530405409878601149
btree16_bl_a64,256,12,12.6877,11530405409878601149
btree8,256,12,21.0693,11530405409878601149
fusion8,256,13,36.4258,11530405409878601149
fusion16_w,256,13,27.1088,11530405409878601149
btree8_a64,256,13,20.0882,11530405409878601149
fusion8_c,256,13,36.5585,11530405409878601149
btree8,256,13,20.9564,11530405409878601149
btree8_bl,256,13,17.5568,11530405409878601149
fusion8_bf,256,13,38.0157,11530405409878601149
btree16_bl_a64,256,13,12.6862,11530405409878601149
btree8_bl_a64,256,13,16.4856,11530405409878601149
sorted_array,256,13,4.4998,11530405409878601149
btree8_bl_a64,256,14,16.3620,11530405409878601149
fusion16_w,256,14,26.7731,11530405409878601149
btree8,256,14,20.6528,11530405409878601149
btree8_a64,256,14,21.4050,11530405409878601149
sorted_array,256,14,4.4983,11530405409878601149
btree8_bl,256,14,17.5873,11530405409878601149
btree16_bl_a64,256,14,12.6831,11530405409878601149
fusion8_bf,256,14,38.0539,11530405409878601149
fusion8,256,14,36.8179,11530405409878601149
fusion8_c,256,14,37.0972,11530405409878601149
fusion8_c,512,0,37.9562,16697882275220540387
btree8,512,0,24.3622,16697882275220540387
btree8_a64,512,0,25.2289,16697882275220540387
btree8_bl,512,0,15.6479,16697882275220540387
btree8_bl_a64,512,0,14.6622,16697882275220540387
fusion8,512,0,34.5718,16697882275220540387
sorted_array,512,0,5.0766,16697882275220540387
btree16_bl_a64,512,0,23.1781,16697882275220540387
fusion8_bf,512,0,38.1027,16697882275220540387
fusion16_w,512,0,42.8970,16697882275220540387
btree8_a64,512,1,23.2712,16697882275220540387
btree8,512,1,25.9598,16697882275220540387
fusion16_w,512,1,45.0882,16697882275220540387
fusion8,512,1,34.5123,16697882275220540387
btree8_bl,512,1,15.5380,16697882275220540387
btree16_bl_a64,512,1,23.2712,16697882275220540387
btree8_bl_a64,512,1,14.6484,16697882275220540387
fusion8_bf,512,1,38.1409,16697882275220540387
fusion8_c,512,1,37.4573,16697882275220540387
sorted_array,512,1,5.0186,16697882275220540387
fusion16_w,512,2,43.6295,16697882275220540387
btree8_bl_a64,512,2,14.6500,16697882275220540387
btree16_bl_a64,512,2,23.2315,16697882275220540387
fusion8_c,512,2,37.4756,16697882275220540387
fusion8_bf,512,2,38.2507,16697882275220540387
btree8_bl,512,2,15.5899,16697882275220540387
fusion8,512,2,34.6695,16697882275220540387
sorted_array,512,2,5.0201,16697882275220540387
btree8,512,2,24.5529,16697882275220540387
btree8_a64,512,2,25.1480,16697882275220540387
btree8_bl_a64,512,3,15.1352,16697882275220540387
btree8_a64,512,3,24.0479,16697882275220540387
sorted_array,512,3,5.0262,16697882275220540387
fusion8_c,512,3,37.3642,16697882275220540387
btree8,512,3,24.3729,16697882275220540387
fusion8,512,3,35.9268,16697882275220540387
fusion8_bf,512,3,39.0472,16697882275220540387
btree8_bl,512,3,15.5685,16697882275220540387
fusion16_w,512,3,43.1793,16697882275220540387
btree16_bl_a64,512,3,24.2889,16697882275220540387
fusion8_c,512,4,37.3489,16697882275220540387
btree8_bl,512,4,15.5273,16697882275220540387
btree16_bl_a64,512,4,23.1766,16697882275220540387
btree8,512,4,24.4400,16697882275220540387
btree8_bl_a64,512,4,14.6362,16697882275220540387
sorted_array,512,4,5.0232,16697882275220540387
btree8_a64,512,4,24.5865,16697882275220540387
fusion8_bf,512,4,38.5529,16697882275220540387
fusion16_w,512,4,46.9864,16697882275220540387
fusion8,512,4,34.7397,16697882275220540387
btree8_bl_a64,512,5,14.5432,16697882275220540387
btree8_bl,512,5,16.0706,16697882275220540387
fusion8_c,512,5,37.3856,16697882275220540387
btree16_bl_a64,512,5,23.0286,16697882275220540387
btree8,512,5,24.0601,16697882275220540387
btree8_a64,512,5,25.6683,16697882275220540387
fusion16_w,512,5,45.3537,16697882275220540387
sorted_array,512,5,5.0232,16697882275220540387
fusion8_bf,512,5,38.3057,16697882275220540387
fusion8,512,5,34.7366,16697882275220540387
fusion8,512,6,34.6207,16697882275220540387
btree8,512,6,24.3515,16697882275220540387
sorted_array,512,6,5.0262,16697882275220540387
btree16_bl_a64,512,6,23.2864,16697882275220540387
fusion16_w,512,6,43.7149,16697882275220540387
fusion8_c,512,6,37.4649,16697882275220540387
btree8_bl_a64,512,6,14.5905,16697882275220540387
btree8_a64,512,6,23.1567,16697882275220540387
btree8_bl,512,6,15.7135,16697882275220540387
fusion8_bf,512,6,38.3514,16697882275220540387
btree8,512,7,24.5224,16697882275220540387
btree8_a64,512,7,25.2487,16697882275220540387
fusion8_c,512,7,37.9059,16697882275220540387
fusion8_bf,512,7,38.0829,16697882275220540387
fusion8,512,7,36.2778,16697882275220540387
btree8_bl_a64,512,7,14.6286,16697882275220540387
fusion16_w,512,7,43.0893,16697882275220540387
btree16_bl_a64,512,7,23.2635,16697882275220540387
sorted_array,512,7,5.0430,16697882275220540387
btree8_bl,512,7,15.5807,16697882275220540387
sorted_array,512,8,5.0293,16697882275220540387
btree8_bl,512,8,15.4968,16697882275220540387
btree8_bl_a64,512,8,14.5813,16697882275220540387
btree16_bl_a64,512,8,23.2071,16697882275220540387
fusion8_bf,512,8,38.1073,16697882275220540387
fusion8,512,8,34.5795,16697882275220540387
fusion16_w,512,8,43.0237,16697882275220540387
fusion8_c,512,8,37.9211,16697882275220540387
btree8_a64,512,8,22.7524,16697882275220540387
btree8,512,8,26.2161,16697882275220540387
btree8_bl_a64,512,9,14.7675,16697882275220540387
btree8,512,9,24.3851,16697882275220540387
fusion16_w,512,9,46.8216,16697882275220540387
fusion8_c,512,9,37.4771,16697882275220540387
sorted_array,512,9,5.0232,16697882275220540387
btree8_a64,512,9,23.0164,16697882275220540387
btree16_bl_a64,512,9,23.2651,16697882275220540387
fusion8,512,9,35.4874,16697882275220540387
btree8_bl,512,9,15.5304,16697882275220540387
fusion8_bf,512,9,38.1470,16697882275220540387
btree8_bl,512,10,15.4755,16697882275220540387
btree8,512,10,24.2615,16697882275220540387
fusion8_c,512,10,37.5458,16697882275220540387
btree8_bl_a64,512,10,14.7568,16697882275220540387
btree8_a64,512,10,22.9874,16697882275220540387
sorted_array,512,10,5.0278,16697882275220540387
fusion16_w,512,10,45.6940,16697882275220540387
fusion8,512,10,34.8877,16697882275220540387
btree16_bl_a64,512,10,23.0438,16697882275220540387
fusion8_bf,512,10,38.6398,16697882275220540387
btree8_bl_a64,512,11,14.6088,16697882275220540387
fusion8_bf,512,11,38.0844,16697882275220540387
fusion8_c,512,11,37.2925,16697882275220540387
btree8_a64,512,11,23.0927,16697882275220540387
btree8_bl,512,11,15.6067,16697882275220540387
btree16_bl_a64,512,11,23.2300,16697882275220540387
fusion8,512,11,34.5169,16697882275220540387
fusion16_w,512,11,43.2709,16697882275220540387
sorted_array,512,11,5.0385,16697882275220540387
btree8,512,11,24.0402,16697882275220540387
btree8_bl_a64,512,12,14.7018,16697882275220540387
fusion8_bf,512,12,38.7650,16697882275220540387
fusion8_c,512,12,37.3062,16697882275220540387
btree8,512,12,24.3500,16697882275220540387
fusion8,512,12,35.9146,16697882275220540387
btree8_bl,512,12,15.5869,16697882275220540387
btree16_bl_a64,512,12,23.1995,16697882275220540387
btree8_a64,512,12,24.8642,16697882275220540387
sorted_array,512,12,5.0293,16697882275220540387
fusion16_w,512,12,45.4056,16697882275220540387
btree8,512,13,24.0768,16697882275220540387
fusion16_w,512,13,45.1263,16697882275220540387
btree8_a64,512,13,23.1705,16697882275220540387
sorted_array,512,13,5.0323,16697882275220540387
fusion8_bf,512,13,38.7375,16697882275220540387
fusion8,512,13,34.4742,16697882275220540387
btree8_bl,512,13,15.4922,16697882275220540387
btree16_bl_a64,512,13,23.2178,16697882275220540387
btree8_bl_a64,512,13,15.7059,16697882275220540387
fusion8_c,512,13,37.4832,16697882275220540387
btree8_bl_a64,512,14,14.5981,16697882275220540387
fusion8_bf,512,14,38.1332,16697882275220540387
btree8_a64,512,14,23.1033,16697882275220540387
btree8_bl,512,14,15.6189,16697882275220540387
btree16_bl_a64,512,14,23.1888,16697882275220540387
fusion16_w,512,14,43.0893,16697882275220540387
btree8,512,14,24.1791,16697882275220540387
fusion8_c,512,14,37.4695,16697882275220540387
sorted_array,512,14,5.0339,16697882275220540387
fusion8,512,14,34.5276,16697882275220540387
btree8,1024,0,26.6418,1822299186294993737
fusion16_w,1024,0,50.9171,1822299186294993737
btree8_a64,1024,0,26.3153,1822299186294993737
btree8_bl,1024,0,23.6176,1822299186294993737
fusion8_bf,1024,0,49.6140,1822299186294993737
fusion8,1024,0,46.8216,1822299186294993737
btree8_bl_a64,1024,0,22.2137,1822299186294993737
fusion8_c,1024,0,48.3780,1822299186294993737
sorted_array,1024,0,5.7968,1822299186294993737
btree16_bl_a64,1024,0,22.9385,1822299186294993737
btree8,1024,1,26.6098,1822299186294993737
fusion8,1024,1,48.4192,1822299186294993737
fusion8_bf,1024,1,49.6475,1822299186294993737
fusion8_c,1024,1,48.7701,1822299186294993737
fusion16_w,1024,1,51.2527,1822299186294993737
btree8_bl,1024,1,23.5016,1822299186294993737
sorted_array,1024,1,5.7861,1822299186294993737
btree16_bl_a64,1024,1,22.9370,1822299186294993737
btree8_bl_a64,1024,1,22.2672,1822299186294993737
btree8_a64,1024,1,25.9171,1822299186294993737
btree8,1024,2,29.7485,1822299186294993737
fusion8_bf,1024,2,53.3890,1822299186294993737
btree8_a64,1024,2,27.0966,1822299186294993737
btree8_bl,1024,2,23.8205,1822299186294993737
btree16_bl_a64,1024,2,22.9126,1822299186294993737
fusion8_c,1024,2,48.5184,1822299186294993737
fusion16_w,1024,2,51.2741,1822299186294993737
fusion8,1024,2,48.1232,1822299186294993737
sorted_array,1024,2,5.8121,1822299186294993737
btree8_bl_a64,1024,2,22.1420,1822299186294993737
sorted_array,1024,3,5.8197,1822299186294993737
fusion8_c,1024,3,48.6404,1822299186294993737
fusion16_w,1024,3,48.7015,1822299186294993737
btree16_bl_a64,1024,3,22.9492,1822299186294993737
fusion8,1024,3,43.7286,1822299186294993737
btree8_bl_a64,1024,3,22.1207,1822299186294993737
btree8_a64,1024,3,25.9003,1822299186294993737
fusion8_bf,1024,3,52.8915,1822299186294993737
btree8_bl,1024,3,23.7198,1822299186294993737
btree8,1024,3,26.6525,1822299186294993737
btree8_a64,1024,4,28.9246,1822299186294993737
btree8,1024,4,26.4069,1822299186294993737
fusion8_c,1024,4,50.9720,1822299186294993737
btree8_bl,1024,4,23.3627,1822299186294993737
sorted_array,1024,4,5.7892,1822299186294993737
fusion8_bf,1024,4,51.4984,1822299186294993737
btree8_bl_a64,1024,4,22.0367,1822299186294993737
btree16_bl_a64,1024,4,22.8973,1822299186294993737
fusion16_w,1024,4,48.8708,1822299186294993737
fusion8,1024,4,43.6935,1822299186294993737
fusion8,1024,5,43.4799,1822299186294993737
btree16_bl_a64,1024,5,22.5311,1822299186294993737
fusion16_w,1024,5,48.0911,1822299186294993737
btree8_bl,1024,5,23.2864,1822299186294993737
btree8_a64,1024,5,26.0895,1822299186294993737
fusion8_c,1024,5,50.7492,1822299186294993737
btree8,1024,5,26.7548,1822299186294993737
fusion8_bf,1024,5,53.9597,1822299186294993737
btree8_bl_a64,1024,5,22.0276,1822299186294993737
sorted_array,1024,5,5.8167,1822299186294993737
fusion16_w,1024,6,49.3195,1822299186294993737
btree8_bl,1024,6,23.2620,1822299186294993737
fusion8,1024,6,44.6075,1822299186294993737
btree8_a64,1024,6,25.9644,1822299186294993737
btree8,1024,6,29.7455,1822299186294993737
fusion8_c,1024,6,50.4883,1822299186294993737
sorted_array,1024,6,5.7846,1822299186294993737
btree8_bl_a64,1024,6,22.1451,1822299186294993737
btree16_bl_a64,1024,6,22.8638,1822299186294993737
fusion8_bf,1024,6,49.8932,1822299186294993737
sorted_array,1024,7,5.8517,1822299186294993737
fusion8_c,1024,7,49.7787,1822299186294993737
fusion8,1024,7,46.3013,1822299186294993737
btree16_bl_a64,1024,7,22.9050,1822299186294993737
fusion16_w,1024,7,48.3459,1822299186294993737
btree8,1024,7,26.7929,1822299186294993737
btree8_bl_a64,1024,7,22.4594,1822299186294993737
btree8_bl,1024,7,23.4207,1822299186294993737
btree8_a64,1024,7,26.0468,1822299186294993737
fusion8_bf,1024,7,53.4363,1822299186294993737
fusion8,1024,8,43.6218,1822299186294993737
btree8_bl,1024,8,23.2620,1822299186294993737
btree8_bl_a64,1024,8,22.0886,1822299186294993737
fusion8_c,1024,8,49.0692,1822299186294993737
fusion8_bf,1024,8,49.6994,1822299186294993737
btree16_bl_a64,1024,8,22.9401,1822299186294993737
sorted_array,1024,8,5.7922,1822299186294993737
btree8_a64,1024,8,26.1215,1822299186294993737
fusion16_w,1024,8,51.2100,1822299186294993737
btree8,1024,8,26.5549,1822299186294993737
fusion16_w,1024,9,49.6689,1822299186294993737
fusion8,1024,9,43.8309,1822299186294993737
btree8_a64,1024,9,26.0117,1822299186294993737
fusion8_bf,1024,9,53.0762,1822299186294993737
btree16_bl_a64,1024,9,22.9385,1822299186294993737
btree8_bl_a64,1024,9,21.9360,1822299186294993737
btree8_bl,1024,9,23.1064,1822299186294993737
fusion8_c,1024,9,48.5641,1822299186294993737
btree8,1024,9,26.5961,1822299186294993737
sorted_array,1024,9,5.7922,1822299186294993737
fusion8,1024,10,48.4161,1822299186294993737
btree16_bl_a64,1024,10,22.9568,1822299186294993737
fusion8_c,1024,10,48.4924,1822299186294993737
fusion8_bf,1024,10,51.8204,1822299186294993737
fusion16_w,1024,10,49.9100,1822299186294993737
btree8,1024,10,26.5198,1822299186294993737
sorted_array,1024,10,5.7922,1822299186294993737
btree8_bl,1024,10,23.6420,1822299186294993737
btree8_a64,1024,10,26.0513,1822299186294993737
btree8_bl_a64,1024,10,22.4991,1822299186294993737
btree8_bl_a64,1024,11,22.4670,1822299186294993737
sorted_array,1024,11,5.7938,1822299186294993737
btree8,1024,11,26.7395,1822299186294993737
fusion8,1024,11,48.4131,1822299186294993737
fusion8_bf,1024,11,49.5972,1822299186294993737
btree16_bl_a64,1024,11,22.9874,1822299186294993737
fusion16_w,1024,11,49.5102,1822299186294993737
btree8_a64,1024,11,25.9689,1822299186294993737
fusion8_c,1024,11,50.6683,1822299186294993737
btree8_bl,1024,11,23.7885,1822299186294993737
fusion16_w,1024,12,48.6389,1822299186294993737
fusion8,1024,12,43.6844,1822299186294993737
btree16_bl_a64,1024,12,22.9172,1822299186294993737
fusion8_bf,1024,12,49.5956,1822299186294993737
btree8_a64,1024,12,26.5549,1822299186294993737
sorted_array,1024,12,5.7846,1822299186294993737
btree8_bl_a64,1024,12,22.4670,1822299186294993737
btree8_bl,1024,12,23.6359,1822299186294993737
btree8,1024,12,26.6159,1822299186294993737
fusion8_c,1024,12,50.8667,1822299186294993737
btree8_bl,1024,13,23.2559,1822299186294993737
btree8,1024,13,26.4847,1822299186294993737
fusion16_w,1024,13,50.1862,1822299186294993737
sorted_array,1024,13,5.8029,1822299186294993737
btree8_bl_a64,1024,13,21.9727,1822299186294993737
fusion8_bf,1024,13,50.2289,1822299186294993737
btree16_bl_a64,1024,13,22.8851,1822299186294993737
fusion8_c,1024,13,48.4238,1822299186294993737
btree8_a64,1024,13,26.5503,1822299186294993737
fusion8,1024,13,47.3343,1822299186294993737
btree16_bl_a64,1024,14,23.0209,1822299186294993737
fusion8,1024,14,43.2770,1822299186294993737
sorted_array,1024,14,5.8395,1822299186294993737
fusion8_c,1024,14,48.6588,1822299186294993737
btree8,1024,14,26.6724,1822299186294993737
btree8_bl_a64,1024,14,22.4945,1822299186294993737
btree8_bl,1024,14,23.3810,1822299186294993737
fusion16_w,1024,14,48.5458,1822299186294993737
btree8_a64,1024,14,26.1276,1822299186294993737
fusion8_bf,1024,14,53.5950,1822299186294993737
fusion8,2048,0,52.9526,6787589965792239204
fusion16_w,2048,0,51.8463,6787589965792239204
btree8_bl_a64,2048,0,23.6404,6787589965792239204
btree8_bl,2048,0,24.4873,6787589965792239204
fusion8_c,2048,0,52.0844,6787589965792239204
btree16_bl_a64,2048,0,21.8460,6787589965792239204
sorted_array,2048,0,6.6025,6787589965792239204
btree8_a64,2048,0,30.0644,6787589965792239204
btree8,2048,0,33.1726,6787589965792239204
fusion8_bf,2048,0,55.7190,6787589965792239204
fusion8,2048,1,53.9352,6787589965792239204
btree16_bl_a64,2048,1,22.0367,6787589965792239204
sorted_array,2048,1,6.5277,6787589965792239204
btree8_a64,2048,1,29.9484,6787589965792239204
btree8,2048,1,33.6212,6787589965792239204
fusion16_w,2048,1,51.9104,6787589965792239204
fusion8_bf,2048,1,53.3447,6787589965792239204
fusion8_c,2048,1,53.3997,6787589965792239204
btree8_bl,2048,1,24.6933,6787589965792239204
btree8_bl_a64,2048,1,23.3490,6787589965792239204
fusion16_w,2048,2,50.5646,6787589965792239204
btree16_bl_a64,2048,2,21.8338,6787589965792239204
btree8,2048,2,31.0135,6787589965792239204
fusion8_c,2048,2,54.5044,6787589965792239204
sorted_array,2048,2,6.5430,6787589965792239204
btree8_a64,2048,2,29.9149,6787589965792239204
fusion8,2048,2,53.5568,6787589965792239204
fusion8_bf,2048,2,55.1025,6787589965792239204
btree8_bl,2048,2,24.4797,6787589965792239204
btree8_bl_a64,2048,2,23.5855,6787589965792239204
btree8_bl,2048,3,24.3622,6787589965792239204
fusion8_c,2048,3,52.0996,6787589965792239204
sorted_array,2048,3,6.5094,6787589965792239204
btree8_a64,2048,3,29.9835,6787589965792239204
fusion8_bf,2048,3,56.9839,6787589965792239204
btree16_bl_a64,2048,3,21.9650,6787589965792239204
btree8_bl_a64,2048,3,23.2224,6787589965792239204
btree8,2048,3,31.2073,6787589965792239204
fusion16_w,2048,3,51.4572,6787589965792239204
fusion8,2048,3,51.9577,6787589965792239204
btree16_bl_a64,2048,4,21.8185,6787589965792239204
sorted_array,2048,4,6.5659,6787589965792239204
fusion16_w,2048,4,48.9578,6787589965792239204
btree8_bl,2048,4,24.4476,6787589965792239204
btree8_bl_a64,2048,4,24.7864,6787589965792239204
fusion8,2048,4,52.5330,6787589965792239204
btree8_a64,2048,4,30.3833,6787589965792239204
fusion8_bf,2048,4,56.8314,6787589965792239204
btree8,2048,4,31.0883,6787589965792239204
fusion8_c,2048,4,54.3549,6787589965792239204
fusion8,2048,5,51.7914,6787589965792239204
btree8_bl,2048,5,24.5758,6787589965792239204
btree8,2048,5,30.1865,6787589965792239204
fusion8_c,2048,5,54.1061,6787589965792239204
sorted_array,2048,5,6.5277,6787589965792239204
btree8_a64,2048,5,29.9316,6787589965792239204
btree16_bl_a64,2048,5,21.8704,6787589965792239204
btree8_bl_a64,2048,5,23.6679,6787589965792239204
fusion8_bf,2048,5,54.8065,6787589965792239204
fusion16_w,2048,5,50.7187,6787589965792239204
btree8,2048,6,30.8350,6787589965792239204
sorted_array,2048,6,6.5628,6787589965792239204
fusion8,2048,6,55.1910,6787589965792239204
btree8_bl_a64,2048,6,23.0606,6787589965792239204
fusion8_c,2048,6,52.0157,6787589965792239204
fusion8_bf,2048,6,53.5965,6787589965792239204
fusion16_w,2048,6,50.8621,6787589965792239204
btree16_bl_a64,2048,6,21.8674,6787589965792239204
btree8_a64,2048,6,30.0278,6787589965792239204
btree8_bl,2048,6,24.6353,6787589965792239204
fusion8_bf,2048,7,54.9606,6787589965792239204
btree8,2048,7,31.2241,6787589965792239204
btree8_bl,2048,7,24.6552,6787589965792239204
btree16_bl_a64,2048,7,21.8262,6787589965792239204
btree8_bl_a64,2048,7,23.1354,6787589965792239204
fusion8_c,2048,7,51.9806,6787589965792239204
btree8_a64,2048,7,30.1971,6787589965792239204
sorted_array,2048,7,6.5140,6787589965792239204
fusion16_w,2048,7,51.1963,6787589965792239204
fusion8,2048,7,51.6464,6787589965792239204
fusion16_w,2048,8,50.0946,6787589965792239204
btree8,2048,8,31.0043,6787589965792239204
btree8_bl_a64,2048,8,23.3398,6787589965792239204
fusion8_c,2048,8,51.8921,6787589965792239204
btree8_bl,2048,8,24.4370,6787589965792239204
btree8_a64,2048,8,30.8441,6787589965792239204
fusion8_bf,2048,8,56.5628,6787589965792239204
btree16_bl_a64,2048,8,21.7926,6787589965792239204
sorted_array,2048,8,6.5247,6787589965792239204
fusion8,2048,8,51.4465,6787589965792239204
btree8_a64,2048,9,29.9332,6787589965792239204
fusion8,2048,9,53.0579,6787589965792239204
btree8,2048,9,31.1584,6787589965792239204
fusion16_w,2048,9,50.7233,6787589965792239204
btree16_bl_a64,2048,9,21.8475,6787589965792239204
btree8_bl,2048,9,24.4553,6787589965792239204
btree8_bl_a64,2048,9,23.0896,6787589965792239204
fusion8_bf,2048,9,53.5065,6787589965792239204
sorted_array,2048,9,6.5277,6787589965792239204
fusion8_c,2048,9,53.5431,6787589965792239204
btree16_bl_a64,2048,10,21.8079,6787589965792239204
sorted_array,2048,10,6.4972,6787589965792239204
btree8_bl,2048,10,24.5071,6787589965792239204
fusion8_c,2048,10,51.9897,6787589965792239204
fusion8,2048,10,54.5471,6787589965792239204
btree8,2048,10,30.9464,6787589965792239204
fusion16_w,2048,10,50.7401,6787589965792239204
btree8_bl_a64,2048,10,23.1659,6787589965792239204
fusion8_bf,2048,10,53.4317,6787589965792239204
btree8_a64,2048,10,29.4601,6787589965792239204
btree8,2048,11,33.2489,6787589965792239204
btree8_bl_a64,2048,11,23.2147,6787589965792239204
btree8_a64,2048,11,30.3177,6787589965792239204
fusion8_bf,2048,11,55.5023,6787589965792239204
btree8_bl,2048,11,24.3378,6787589965792239204
fusion8_c,2048,11,52.2354,6787589965792239204
fusion16_w,2048,11,51.1795,6787589965792239204
btree16_bl_a64,2048,11,21.7972,6787589965792239204
fusion8,2048,11,53.9352,6787589965792239204
sorted_array,2048,11,6.5323,6787589965792239204
sorted_array,2048,12,6.5018,6787589965792239204
btree16_bl_a64,2048,12,21.8460,6787589965792239204
btree8_bl_a64,2048,12,23.1796,6787589965792239204
fusion8_c,2048,12,51.8585,6787589965792239204
btree8_bl,2048,12,24.3820,6787589965792239204
btree8,2048,12,31.1066,6787589965792239204
fusion8_bf,2048,12,59.9213,6787589965792239204
fusion16_w,2048,12,49.0753,6787589965792239204
btree8_a64,2048,12,29.9042,6787589965792239204
fusion8,2048,12,54.6295,6787589965792239204
fusion16_w,2048,13,50.6775,6787589965792239204
btree8_bl,2048,13,24.3042,6787589965792239204
fusion8,2048,13,52.1240,6787589965792239204
btree16_bl_a64,2048,13,21.8246,6787589965792239204
fusion8_c,2048,13,52.0660,6787589965792239204
btree8_a64,2048,13,30.0720,6787589965792239204
btree8,2048,13,33.2138,6787589965792239204
sorted_array,2048,13,6.4789,6787589965792239204
btree8_bl_a64,2048,13,24.1272,6787589965792239204
fusion8_bf,2048,13,53.5675,6787589965792239204
btree8_bl,2048,14,24.4202,6787589965792239204
btree16_bl_a64,2048,14,21.7422,6787589965792239204
btree8,2048,14,30.8655,6787589965792239204
fusion8_bf,2048,14,54.8004,6787589965792239204
fusion8,2048,14,53.7476,6787589965792239204
btree8_a64,2048,14,29.9591,6787589965792239204
btree8_bl_a64,2048,14,23.3902,6787589965792239204
sorted_array,2048,14,6.4728,6787589965792239204
fusion16_w,2048,14,51.2146,6787589965792239204
fusion8_c,2048,14,51.9196,6787589965792239204
sorted_array,4096,0,7.2693,1914815765761774336
btree8,4096,0,34.6710,1914815765761774336
fusion8_c,4096,0,55.4825,1914815765761774336
fusion8_bf,4096,0,55.4855,1914815765761774336
btree8_bl,4096,0,23.7991,1914815765761774336
fusion16_w,4096,0,48.3093,1914815765761774336
fusion8,4096,0,52.2903,1914815765761774336
btree8_bl_a64,4096,0,22.4289,1914815765761774336
btree16_bl_a64,4096,0,22.2641,1914815765761774336
btree8_a64,4096,0,32.8873,1914815765761774336
fusion16_w,4096,1,49.5804,1914815765761774336
btree16_bl_a64,4096,1,21.3211,1914815765761774336
btree8_bl,4096,1,23.4787,1914815765761774336
btree8_bl_a64,4096,1,22.0474,1914815765761774336
btree8_a64,4096,1,32.7164,1914815765761774336
fusion8_bf,4096,1,58.9844,1914815765761774336
sorted_array,4096,1,7.2556,1914815765761774336
fusion8_c,4096,1,54.7562,1914815765761774336
fusion8,4096,1,54.1245,1914815765761774336
btree8,4096,1,34.1263,1914815765761774336
btree8_bl,4096,2,23.3353,1914815765761774336
fusion8_bf,4096,2,57.4875,1914815765761774336
btree8_bl_a64,4096,2,22.2916,1914815765761774336
fusion16_w,4096,2,48.7595,1914815765761774336
btree8_a64,4096,2,33.1467,1914815765761774336
btree8,4096,2,36.4487,1914815765761774336
btree16_bl_a64,4096,2,21.5042,1914815765761774336
fusion8_c,4096,2,54.8386,1914815765761774336
fusion8,4096,2,53.6972,1914815765761774336
sorted_array,4096,2,7.4280,1914815765761774336
fusion8_c,4096,3,53.6621,1914815765761774336
fusion8_bf,4096,3,55.7877,1914815765761774336
btree8,4096,3,34.4925,1914815765761774336
fusion8,4096,3,54.9271,1914815765761774336
btree16_bl_a64,4096,3,21.5485,1914815765761774336
btree8_bl,4096,3,23.2391,1914815765761774336
sorted_array,4096,3,7.2540,1914815765761774336
fusion16_w,4096,3,49.3149,1914815765761774336
btree8_a64,4096,3,33.0917,1914815765761774336
btree8_bl_a64,4096,3,22.6151,1914815765761774336
btree8_bl,4096,4,23.2315,1914815765761774336
fusion8_c,4096,4,53.8071,1914815765761774336
fusion8,4096,4,54.2160,1914815765761774336
btree8_bl_a64,4096,4,22.1329,1914815765761774336
btree8,4096,4,34.2316,1914815765761774336
sorted_array,4096,4,7.2952,1914815765761774336
fusion16_w,4096,4,49.5804,1914815765761774336
btree16_bl_a64,4096,4,21.3867,1914815765761774336
fusion8_bf,4096,4,55.6458,1914815765761774336
btree8_a64,4096,4,33.3054,1914815765761774336
btree8_bl_a64,4096,5,22.2046,1914815765761774336
btree16_bl_a64,4096,5,21.3669,1914815765761774336
fusion8_c,4096,5,54.3686,1914815765761774336
btree8,4096,5,34.9503,1914815765761774336
fusion16_w,4096,5,49.7162,1914815765761774336
btree8_bl,4096,5,24.0524,1914815765761774336
sorted_array,4096,5,7.3914,1914815765761774336
btree8_a64,4096,5,33.0292,1914815765761774336
fusion8,4096,5,52.4933,1914815765761774336
fusion8_bf,4096,5,57.0465,1914815765761774336
fusion8_bf,4096,6,56.8420,1914815765761774336
btree8_bl,4096,6,23.1155,1914815765761774336
sorted_array,4096,6,7.2372,1914815765761774336
btree8,4096,6,34.0973,1914815765761774336
fusion16_w,4096,6,50.0488,1914815765761774336
btree16_bl_a64,4096,6,21.4035,1914815765761774336
btree8_a64,4096,6,32.9529,1914815765761774336
fusion8,4096,6,53.7155,1914815765761774336
fusion8_c,4096,6,53.9368,1914815765761774336
btree8_bl_a64,4096,6,22.4243,1914815765761774336
btree8,4096,7,34.4803,1914815765761774336
sorted_array,4096,7,7.2525,1914815765761774336
fusion8_c,4096,7,54.9942,1914815765761774336
fusion16_w,4096,7,49.7665,1914815765761774336
btree8_bl_a64,4096,7,22.2122,1914815765761774336
btree8_a64,4096,7,32.8934,1914815765761774336
fusion8_bf,4096,7,59.0927,1914815765761774336
btree16_bl_a64,4096,7,21.3745,1914815765761774336
btree8_bl,4096,7,23.1461,1914815765761774336
fusion8,4096,7,51.8997,1914815765761774336
btree8,4096,8,34.3567,1914815765761774336
btree8_a64,4096,8,35.0784,1914815765761774336
fusion8_c,4096,8,54.3930,1914815765761774336
sorted_array,4096,8,7.2403,1914815765761774336
btree16_bl_a64,4096,8,21.3852,1914815765761774336
btree8_bl_a64,4096,8,22.2809,1914815765761774336
fusion8_bf,4096,8,55.4611,1914815765761774336
fusion16_w,4096,8,49.5255,1914815765761774336
btree8_bl,4096,8,23.1567,1914815765761774336
fusion8,4096,8,51.9928,1914815765761774336
fusion16_w,4096,9,49.0646,1914815765761774336
btree8_a64,4096,9,32.9987,1914815765761774336
sorted_array,4096,9,7.2800,1914815765761774336
btree8_bl_a64,4096,9,22.2107,1914815765761774336
btree8,4096,9,35.8337,1914815765761774336
fusion8_bf,4096,9,59.6542,1914815765761774336
fusion8_c,4096,9,53.6697,1914815765761774336
fusion8,4096,9,53.9810,1914815765761774336
btree8_bl,4096,9,23.2498,1914815765761774336
btree16_bl_a64,4096,9,21.3959,1914815765761774336
sorted_array,4096,10,7.2769,1914815765761774336
fusion16_w,4096,10,48.1445,1914815765761774336
fusion8,4096,10,52.3056,1914815765761774336
btree8_bl_a64,4096,10,22.3083,1914815765761774336
fusion8_c,4096,10,53.5782,1914815765761774336
btree8_a64,4096,10,33.4717,1914815765761774336
btree8,4096,10,36.6196,1914815765761774336
btree8_bl,4096,10,23.4116,1914815765761774336
btree16_bl_a64,4096,10,21.3364,1914815765761774336
fusion8_bf,4096,10,55.4321,1914815765761774336
btree8_bl,4096,11,23.1735,1914815765761774336
btree8_a64,4096,11,32.9529,1914815765761774336
fusion8,4096,11,53.7552,1914815765761774336
btree8_bl_a64,4096,11,22.0810,1914815765761774336
fusion8_c,4096,11,53.7552,1914815765761774336
fusion8_bf,4096,11,57.9514,1914815765761774336
btree16_bl_a64,4096,11,21.3760,1914815765761774336
btree8,4096,11,34.1095,1914815765761774336
fusion16_w,4096,11,50.0626,1914815765761774336
sorted_array,4096,11,7.3456,1914815765761774336
btree8_bl_a64,4096,12,22.0749,1914815765761774336
fusion8_c,4096,12,53.6987,1914815765761774336
btree8_a64,4096,12,33.0902,1914815765761774336
btree16_bl_a64,4096,12,21.3654,1914815765761774336
btree8_bl,4096,12,23.2986,1914815765761774336
btree8,4096,12,34.6222,1914815765761774336
fusion8_bf,4096,12,59.8953,1914815765761774336
fusion8,4096,12,51.9379,1914815765761774336
fusion16_w,4096,12,49.5911,1914815765761774336
sorted_array,4096,12,7.2403,1914815765761774336
btree8_a64,4096,13,33.3694,1914815765761774336
fusion8,4096,13,53.2089,1914815765761774336
btree8_bl,4096,13,23.2880,1914815765761774336
sorted_array,4096,13,7.2372,1914815765761774336
btree8_bl_a64,4096,13,22.0428,1914815765761774336
fusion16_w,4096,13,48.2742,1914815765761774336
btree8,4096,13,33.9981,1914815765761774336
fusion8_bf,4096,13,59.9838,1914815765761774336
btree16_bl_a64,4096,13,21.4188,1914815765761774336
fusion8_c,4096,13,53.6560,1914815765761774336
btree8_bl_a64,4096,14,22.3907,1914815765761774336
fusion8,4096,14,52.2903,1914815765761774336
fusion16_w,4096,14,49.0128,1914815765761774336
fusion8_c,4096,14,54.0512,1914815765761774336
btree8_bl,4096,14,23.3246,1914815765761774336
fusion8_bf,4096,14,55.9280,1914815765761774336
btree16_bl_a64,4096,14,21.4050,1914815765761774336
btree8,4096,14,34.3292,1914815765761774336
btree8_a64,4096,14,34.9686,1914815765761774336
sorted_array,4096,14,7.2708,1914815765761774336
fusion8_bf,8192,0,66.4185,6370395544211917414
fusion8_c,8192,0,63.5345,6370395544211917414
sorted_array,8192,0,9.1949,6370395544211917414
btree8_bl,8192,0,30.4871,6370395544211917414
btree8,8192,0,37.7151,6370395544211917414
btree16_bl_a64,8192,0,41.5466,6370395544211917414
btree8_bl_a64,8192,0,29.5807,6370395544211917414
fusion8,8192,0,60.8276,6370395544211917414
btree8_a64,8192,0,36.2442,6370395544211917414
fusion16_w,8192,0,74.8276,6370395544211917414
fusion8_bf,8192,1,66.5543,6370395544211917414
btree8_a64,8192,1,36.4655,6370395544211917414
fusion8_c,8192,1,67.6498,6370395544211917414
fusion16_w,8192,1,68.1915,6370395544211917414
sorted_array,8192,1,9.1492,6370395544211917414
btree16_bl_a64,8192,1,38.1638,6370395544211917414
btree8_bl_a64,8192,1,28.0304,6370395544211917414
btree8,8192,1,37.2360,6370395544211917414
btree8_bl,8192,1,30.2826,6370395544211917414
fusion8,8192,1,59.7778,6370395544211917414
btree16_bl_a64,8192,2,36.4639,6370395544211917414
btree8_a64,8192,2,36.6425,6370395544211917414
fusion8,8192,2,62.5519,6370395544211917414
sorted_array,8192,2,9.1888,6370395544211917414
fusion8_c,8192,2,65.1001,6370395544211917414
btree8_bl_a64,8192,2,29.0085,6370395544211917414
fusion16_w,8192,2,68.4845,6370395544211917414
fusion8_bf,8192,2,68.1610,6370395544211917414
btree8_bl,8192,2,29.8813,6370395544211917414
btree8,8192,2,37.2925,6370395544211917414
fusion8_bf,8192,3,73.9120,6370395544211917414
btree8,8192,3,36.7416,6370395544211917414
btree16_bl_a64,8192,3,36.8790,6370395544211917414
btree8_a64,8192,3,36.6058,6370395544211917414
btree8_bl,8192,3,30.5206,6370395544211917414
fusion8_c,8192,3,63.8062,6370395544211917414
sorted_array,8192,3,8.9294,6370395544211917414
fusion16_w,8192,3,69.9738,6370395544211917414
fusion8,8192,3,62.0499,6370395544211917414
btree8_bl_a64,8192,3,28.6301,6370395544211917414
btree8_bl,8192,4,29.6844,6370395544211917414
btree8,8192,4,37.1826,6370395544211917414
btree8_a64,8192,4,39.2487,6370395544211917414
sorted_array,8192,4,9.1431,6370395544211917414
btree8_bl_a64,8192,4,28.0334,6370395544211917414
fusion8_c,8192,4,63.7329,6370395544211917414
fusion8_bf,8192,4,66.9739,6370395544211917414
fusion16_w,8192,4,69.7601,6370395544211917414
btree16_bl_a64,8192,4,37.0499,6370395544211917414
fusion8,8192,4,61.3144,6370395544211917414
btree8_bl,8192,5,29.3610,6370395544211917414
btree8_bl_a64,8192,5,27.6642,6370395544211917414
btree8_a64,8192,5,37.0056,6370395544211917414
btree16_bl_a64,8192,5,36.7218,6370395544211917414
sorted_array,8192,5,9.2392,6370395544211917414
fusion16_w,8192,5,69.2261,6370395544211917414
fusion8_c,8192,5,64.5599,6370395544211917414
fusion8_bf,8192,5,66.4749,6370395544211917414
fusion8,8192,5,60.6033,6370395544211917414
btree8,8192,5,37.3581,6370395544211917414
sorted_array,8192,6,9.1370,6370395544211917414
fusion8,8192,6,65.1871,6370395544211917414
fusion8_c,8192,6,64.5920,6370395544211917414
fusion16_w,8192,6,68.5883,6370395544211917414
fusion8_bf,8192,6,67.7887,6370395544211917414
btree8_bl,8192,6,29.9362,6370395544211917414
btree8_a64,8192,6,36.5967,6370395544211917414
btree8,8192,6,39.5538,6370395544211917414
btree16_bl_a64,8192,6,37.3062,6370395544211917414
btree8_bl_a64,8192,6,27.9739,6370395544211917414
btree8_bl_a64,8192,7,27.3163,6370395544211917414
sorted_array,8192,7,9.1461,6370395544211917414
fusion8_bf,8192,7,67.0074,6370395544211917414
btree8,8192,7,37.3016,6370395544211917414
btree16_bl_a64,8192,7,36.9537,6370395544211917414
fusion8,8192,7,60.8536,6370395544211917414
btree8_bl,8192,7,29.5883,6370395544211917414
fusion8_c,8192,7,63.8672,6370395544211917414
btree8_a64,8192,7,36.9919,6370395544211917414
fusion16_w,8192,7,74.9542,6370395544211917414
fusion8,8192,8,59.5657,6370395544211917414
btree16_bl_a64,8192,8,37.0102,6370395544211917414
btree8_a64,8192,8,36.7279,6370395544211917414
fusion16_w,8192,8,75.1053,6370395544211917414
btree8_bl_a64,8192,8,29.7699,6370395544211917414
fusion8_c,8192,8,63.5513,6370395544211917414
fusion8_bf,8192,8,67.3859,6370395544211917414
btree8,8192,8,37.6846,6370395544211917414
btree8_bl,8192,8,30.7816,6370395544211917414
sorted_array,8192,8,9.2209,6370395544211917414
sorted_array,8192,9,9.1095,6370395544211917414
btree8,8192,9,37.0819,6370395544211917414
fusion8_c,8192,9,68.7653,6370395544211917414
fusion8,8192,9,60.3729,6370395544211917414
fusion16_w,8192,9,72.2946,6370395544211917414
btree8_bl,8192,9,29.7592,6370395544211917414
fusion8_bf,8192,9,66.4215,6370395544211917414
btree16_bl_a64,8192,9,37.1704,6370395544211917414
btree8_bl_a64,8192,9,28.3218,6370395544211917414
btree8_a64,8192,9,36.7950,6370395544211917414
fusion16_w,8192,10,74.8947,6370395544211917414
btree16_bl_a64,8192,10,36.6486,6370395544211917414
btree8_a64,8192,10,36.2869,6370395544211917414
fusion8_bf,8192,10,73.4146,6370395544211917414
sorted_array,8192,10,9.1782,6370395544211917414
btree8,8192,10,37.4435,6370395544211917414
fusion8,8192,10,64.3356,6370395544211917414
fusion8_c,8192,10,65.6860,6370395544211917414
btree8_bl,8192,10,30.1956,6370395544211917414
btree8_bl_a64,8192,10,28.4088,6370395544211917414
btree8,8192,11,37.1323,6370395544211917414
fusion8,8192,11,65.3030,6370395544211917414
btree8_a64,8192,11,37.2589,6370395544211917414
fusion8_c,8192,11,67.4408,6370395544211917414
btree16_bl_a64,8192,11,36.8362,6370395544211917414
btree8_bl_a64,8192,11,27.4811,6370395544211917414
btree8_bl,8192,11,29.1885,6370395544211917414
fusion8_bf,8192,11,68.0786,6370395544211917414
sorted_array,8192,11,9.1599,6370395544211917414
fusion16_w,8192,11,72.3770,6370395544211917414
fusion8_c,8192,12,63.4171,6370395544211917414
btree8_bl,8192,12,29.8615,6370395544211917414
fusion8_bf,8192,12,66.5512,6370395544211917414
btree16_bl_a64,8192,12,37.6709,6370395544211917414
sorted_array,8192,12,9.1858,6370395544211917414
fusion8,8192,12,60.3165,6370395544211917414
btree8_a64,8192,12,37.2574,6370395544211917414
fusion16_w,8192,12,75.1709,6370395544211917414
btree8_bl_a64,8192,12,30.1514,6370395544211917414
btree8,8192,12,37.4405,6370395544211917414
btree8_bl,8192,13,30.4016,6370395544211917414
btree8_bl_a64,8192,13,27.4109,6370395544211917414
btree16_bl_a64,8192,13,37.6144,6370395544211917414
btree8,8192,13,37.1078,6370395544211917414
fusion8_bf,8192,13,74.6918,6370395544211917414
fusion16_w,8192,13,68.5104,6370395544211917414
fusion8,8192,13,62.4619,6370395544211917414
sorted_array,8192,13,9.1904,6370395544211917414
btree8_a64,8192,13,36.8393,6370395544211917414
fusion8_c,8192,13,70.8649,6370395544211917414
fusion16_w,8192,14,68.4784,6370395544211917414
fusion8,8192,14,61.7355,6370395544211917414
btree16_bl_a64,8192,14,37.8448,6370395544211917414
btree8_a64,8192,14,36.5906,6370395544211917414
btree8_bl_a64,8192,14,29.5563,6370395544211917414
fusion8_bf,8192,14,73.9029,6370395544211917414
sorted_array,8192,14,9.1629,6370395544211917414
btree8,8192,14,37.4893,6370395544211917414
fusion8_c,8192,14,69.1742,6370395544211917414
btree8_bl,8192,14,30.1849,6370395544211917414
fusion8,16384,0,75.5707,8091356701843327338
btree16_bl_a64,16384,0,41.7969,8091356701843327338
btree8,16384,0,47.5571,8091356701843327338
fusion8_c,16384,0,79.4434,8091356701843327338
btree8_bl,16384,0,41.0355,8091356701843327338
sorted_array,16384,0,11.7554,8091356701843327338
btree8_a64,16384,0,46.5424,8091356701843327338
fusion16_w,16384,0,80.8807,8091356701843327338
fusion8_bf,16384,0,77.3148,8091356701843327338
btree8_bl_a64,16384,0,41.4307,8091356701843327338
fusion8_c,16384,1,73.8419,8091356701843327338
fusion8_bf,16384,1,77.4887,8091356701843327338
btree8_bl,16384,1,38.3957,8091356701843327338
btree16_bl_a64,16384,1,38.8153,8091356701843327338
fusion16_w,16384,1,74.6887,8091356701843327338
btree8_bl_a64,16384,1,36.1832,8091356701843327338
btree8,16384,1,47.7951,8091356701843327338
btree8_a64,16384,1,46.8948,8091356701843327338
sorted_array,16384,1,12.0392,8091356701843327338
fusion8,16384,1,78.9627,8091356701843327338
btree8_bl_a64,16384,2,36.2061,8091356701843327338
sorted_array,16384,2,11.6516,8091356701843327338
fusion8_bf,16384,2,77.0065,8091356701843327338
btree8,16384,2,46.4737,8091356701843327338
fusion8_c,16384,2,78.9536,8091356701843327338
btree8_bl,16384,2,38.6780,8091356701843327338
btree16_bl_a64,16384,2,39.3204,8091356701843327338
fusion16_w,16384,2,75.4349,8091356701843327338
btree8_a64,16384,2,44.8761,8091356701843327338
fusion8,16384,2,75.6836,8091356701843327338
btree16_bl_a64,16384,3,38.5284,8091356701843327338
btree8,16384,3,47.1497,8091356701843327338
fusion16_w,16384,3,79.8935,8091356701843327338
fusion8,16384,3,75.4211,8091356701843327338
btree8_bl_a64,16384,3,38.4338,8091356701843327338
fusion8_c,16384,3,74.5087,8091356701843327338
btree8_a64,16384,3,44.6899,8091356701843327338
sorted_array,16384,3,11.7096,8091356701843327338
fusion8_bf,16384,3,85.6979,8091356701843327338
btree8_bl,16384,3,38.7054,8091356701843327338
btree8_bl,16384,4,37.0239,8091356701843327338
btree8_bl_a64,16384,4,36.1725,8091356701843327338
fusion8_bf,16384,4,75.5554,8091356701843327338
fusion8,16384,4,75.3220,8091356701843327338
fusion16_w,16384,4,82.3120,8091356701843327338
btree8,16384,4,47.6822,8091356701843327338
sorted_array,16384,4,11.8042,8091356701843327338
btree8_a64,16384,4,47.8012,8091356701843327338
btree16_bl_a64,16384,4,40.7883,8091356701843327338
fusion8_c,16384,4,74.9603,8091356701843327338
btree8_bl,16384,5,39.3204,8091356701843327338
btree8_a64,16384,5,45.6467,8091356701843327338
btree8,16384,5,48.5382,8091356701843327338
btree16_bl_a64,16384,5,40.0543,8091356701843327338
fusion16_w,16384,5,76.6830,8091356701843327338
btree8_bl_a64,16384,5,39.9063,8091356701843327338
sorted_array,16384,5,11.8530,8091356701843327338
fusion8_c,16384,5,75.8118,8091356701843327338
fusion8,16384,5,80.8640,8091356701843327338
fusion8_bf,16384,5,80.3345,8091356701843327338
sorted_array,16384,6,11.6638,8091356701843327338
btree16_bl_a64,16384,6,40.1596,8091356701843327338
fusion8,16384,6,74.6857,8091356701843327338
btree8_bl_a64,16384,6,38.6856,8091356701843327338
btree8_a64,16384,6,47.4350,8091356701843327338
fusion16_w,16384,6,83.3801,8091356701843327338
btree8_bl,16384,6,39.3448,8091356701843327338
fusion8_bf,16384,6,78.3768,8091356701843327338
btree8,16384,6,48.1384,8091356701843327338
fusion8_c,16384,6,82.6340,8091356701843327338
fusion16_w,16384,7,81.2576,8091356701843327338
btree8_bl,16384,7,39.9017,8091356701843327338
fusion8_bf,16384,7,76.7960,8091356701843327338
btree16_bl_a64,16384,7,43.2190,8091356701843327338
btree8,16384,7,47.3465,8091356701843327338
btree8_bl_a64,16384,7,39.0350,8091356701843327338
btree8_a64,16384,7,46.3242,8091356701843327338
fusion8_c,16384,7,79.7394,8091356701843327338
fusion8,16384,7,77.8259,8091356701843327338
sorted_array,16384,7,12.0132,8091356701843327338
btree16_bl_a64,16384,8,38.3453,8091356701843327338
btree8_a64,16384,8,47.0322,8091356701843327338
btree8,16384,8,49.0646,8091356701843327338
sorted_array,16384,8,11.6913,8091356701843327338
btree8_bl_a64,16384,8,35.6461,8091356701843327338
fusion8_c,16384,8,74.0952,8091356701843327338
btree8_bl,16384,8,38.0753,8091356701843327338
fusion8,16384,8,73.5275,8091356701843327338
fusion8_bf,16384,8,76.6449,8091356701843327338
fusion16_w,16384,8,76.8173,8091356701843327338
sorted_array,16384,9,11.6638,8091356701843327338
btree8,16384,9,46.7545,8091356701843327338
btree16_bl_a64,16384,9,38.7436,8091356701843327338
fusion8_bf,16384,9,81.5094,8091356701843327338
fusion8,16384,9,79.2114,8091356701843327338
btree8_bl,16384,9,39.2761,8091356701843327338
fusion16_w,16384,9,75.7660,8091356701843327338
btree8_a64,16384,9,45.9793,8091356701843327338
btree8_bl_a64,16384,9,39.1586,8091356701843327338
fusion8_c,16384,9,75.7645,8091356701843327338
btree8,16384,10,46.7926,8091356701843327338
fusion8_bf,16384,10,85.2844,8091356701843327338
fusion8_c,16384,10,78.3401,8091356701843327338
btree8_a64,16384,10,46.1365,8091356701843327338
fusion16_w,16384,10,82.0038,8091356701843327338
fusion8,16384,10,77.1729,8091356701843327338
btree16_bl_a64,16384,10,40.3030,8091356701843327338
btree8_bl,16384,10,38.3743,8091356701843327338
btree8_bl_a64,16384,10,36.9232,8091356701843327338
sorted_array,16384,10,11.9034,8091356701843327338
fusion8,16384,11,73.7396,8091356701843327338
btree8_a64,16384,11,45.7458,8091356701843327338
btree8_bl_a64,16384,11,36.4532,8091356701843327338
fusion8_bf,16384,11,77.8854,8091356701843327338
fusion8_c,16384,11,75.3662,8091356701843327338
btree8,16384,11,47.5601,8091356701843327338
sorted_array,16384,11,11.6745,8091356701843327338
btree16_bl_a64,16384,11,38.7482,8091356701843327338
btree8_bl,16384,11,38.2492,8091356701843327338
fusion16_w,16384,11,77.4704,8091356701843327338
btree8_a64,16384,12,45.9610,8091356701843327338
sorted_array,16384,12,11.7142,8091356701843327338
btree8,16384,12,48.3826,8091356701843327338
btree8_bl,16384,12,37.9791,8091356701843327338
btree8_bl_a64,16384,12,35.8597,8091356701843327338
fusion8_c,16384,12,75.4028,8091356701843327338
fusion8,16384,12,78.5126,8091356701843327338
fusion16_w,16384,12,74.5422,8091356701843327338
btree16_bl_a64,16384,12,38.6185,8091356701843327338
fusion8_bf,16384,12,77.3239,8091356701843327338
btree16_bl_a64,16384,13,38.1454,8091356701843327338
btree8_bl,16384,13,37.8677,8091356701843327338
fusion8_c,16384,13,74.0219,8091356701843327338
btree8,16384,13,47.7570,8091356701843327338
fusion16_w,16384,13,80.0034,8091356701843327338
btree8_bl_a64,16384,13,37.0956,8091356701843327338
btree8_a64,16384,13,46.4493,8091356701843327338
fusion8_bf,16384,13,85.7315,8091356701843327338
fusion8,16384,13,74.9298,8091356701843327338
sorted_array,16384,13,11.8607,8091356701843327338
fusion8_c,16384,14,74.1714,8091356701843327338
sorted_array,16384,14,11.8378,8091356701843327338
btree16_bl_a64,16384,14,39.3036,8091356701843327338
fusion16_w,16384,14,75.3723,8091356701843327338
btree8_a64,16384,14,44.7983,8091356701843327338
btree8,16384,14,49.0417,8091356701843327338
btree8_bl_a64,16384,14,36.4746,8091356701843327338
fusion8,16384,14,75.6668,8091356701843327338
btree8_bl,16384,14,38.8992,8091356701843327338
fusion8_bf,16384,14,76.3260,8091356701843327338
btree8_a64,32768,0,47.1771,1451882096117854496
fusion16_w,32768,0,81.7505,1451882096117854496
sorted_array,32768,0,15.4877,1451882096117854496
btree8,32768,0,48.5535,1451882096117854496
fusion8_bf,32768,0,89.6957,1451882096117854496
fusion8,32768,0,80.5069,1451882096117854496
btree16_bl_a64,32768,0,40.2847,1451882096117854496
btree8_bl,32768,0,39.2181,1451882096117854496
btree8_bl_a64,32768,0,39.9368,1451882096117854496
fusion8_c,32768,0,77.9984,1451882096117854496
btree8_bl,32768,1,35.8536,1451882096117854496
btree8_bl_a64,32768,1,33.8394,1451882096117854496
fusion16_w,32768,1,78.3447,1451882096117854496
fusion8,32768,1,80.0842,1451882096117854496
sorted_array,32768,1,15.4770,1451882096117854496
btree16_bl_a64,32768,1,37.4725,1451882096117854496
fusion8_bf,32768,1,80.2170,1451882096117854496
fusion8_c,32768,1,77.5665,1451882096117854496
btree8_a64,32768,1,47.2504,1451882096117854496
btree8,32768,1,49.2249,1451882096117854496
btree8,32768,2,48.4375,1451882096117854496
fusion8,32768,2,76.2039,1451882096117854496
btree8_bl,32768,2,36.7218,1451882096117854496
btree16_bl_a64,32768,2,37.0163,1451882096117854496
fusion16_w,32768,2,79.3015,1451882096117854496
fusion8_bf,32768,2,80.3787,1451882096117854496
btree8_a64,32768,2,46.5790,1451882096117854496
sorted_array,32768,2,15.4388,1451882096117854496
fusion8_c,32768,2,81.7429,1451882096117854496
btree8_bl_a64,32768,2,38.3148,1451882096117854496
fusion8_c,32768,3,77.6947,1451882096117854496
btree8_bl_a64,32768,3,33.6853,1451882096117854496
btree8_bl,32768,3,36.3968,1451882096117854496
fusion8,32768,3,77.2156,1451882096117854496
sorted_array,32768,3,15.2695,1451882096117854496
btree8_a64,32768,3,46.1655,1451882096117854496
fusion8_bf,32768,3,86.8103,1451882096117854496
btree8,32768,3,48.1552,1451882096117854496
fusion16_w,32768,3,82.3196,1451882096117854496
btree16_bl_a64,32768,3,40.5472,1451882096117854496
fusion8,32768,4,77.5726,1451882096117854496
btree8_bl_a64,32768,4,36.4868,1451882096117854496
fusion8_bf,32768,4,78.8742,1451882096117854496
fusion16_w,32768,4,77.6596,1451882096117854496
btree8_bl,32768,4,36.4380,1451882096117854496
fusion8_c,32768,4,77.5314,1451882096117854496
sorted_array,32768,4,16.6214,1451882096117854496
btree8_a64,32768,4,47.0871,1451882096117854496
btree16_bl_a64,32768,4,37.9578,1451882096117854496
btree8,32768,4,49.3210,1451882096117854496
fusion8_bf,32768,5,86.2686,1451882096117854496
fusion16_w,32768,5,81.3690,1451882096117854496
btree8_bl_a64,32768,5,36.3846,1451882096117854496
btree8_a64,32768,5,46.0739,1451882096117854496
fusion8,32768,5,79.2252,1451882096117854496
fusion8_c,32768,5,80.0720,1451882096117854496
btree8,32768,5,48.0377,1451882096117854496
sorted_array,32768,5,15.5807,1451882096117854496
btree16_bl_a64,32768,5,38.3972,1451882096117854496
btree8_bl,32768,5,37.5092,1451882096117854496
btree8,32768,6,47.9874,1451882096117854496
fusion8_bf,32768,6,87.1948,1451882096117854496
fusion8,32768,6,76.0666,1451882096117854496
btree16_bl_a64,32768,6,39.7781,1451882096117854496
btree8_a64,32768,6,46.5668,1451882096117854496
fusion8_c,32768,6,82.2662,1451882096117854496
fusion16_w,32768,6,78.2761,1451882096117854496
sorted_array,32768,6,15.6494,1451882096117854496
btree8_bl_a64,32768,6,38.5773,1451882096117854496
btree8_bl,32768,6,37.8067,1451882096117854496
fusion8,32768,7,75.9613,1451882096117854496
fusion8_bf,32768,7,80.4642,1451882096117854496
fusion8_c,32768,7,77.2003,1451882096117854496
sorted_array,32768,7,15.3488,1451882096117854496
btree8_bl_a64,32768,7,35.3088,1451882096117854496
btree16_bl_a64,32768,7,37.9486,1451882096117854496
btree8,32768,7,48.4207,1451882096117854496
btree8_bl,32768,7,37.1140,1451882096117854496
fusion16_w,32768,7,78.5950,1451882096117854496
btree8_a64,32768,7,46.5149,1451882096117854496
fusion8_bf,32768,8,86.6455,1451882096117854496
btree16_bl_a64,32768,8,37.1841,1451882096117854496
btree8_bl,32768,8,36.6150,1451882096117854496
fusion8_c,32768,8,77.7710,1451882096117854496
fusion8,32768,8,77.6321,1451882096117854496
btree8,32768,8,48.3231,1451882096117854496
btree8_bl_a64,32768,8,37.4115,1451882096117854496
sorted_array,32768,8,15.6097,1451882096117854496
btree8_a64,32768,8,46.4111,1451882096117854496
fusion16_w,32768,8,80.5649,1451882096117854496
btree8_bl_a64,32768,9,34.1995,1451882096117854496
fusion8,32768,9,77.1942,1451882096117854496
fusion8_bf,32768,9,84.5047,1451882096117854496
btree8_a64,32768,9,46.7163,1451882096117854496
sorted_array,32768,9,15.5075,1451882096117854496
btree8_bl,32768,9,37.7411,1451882096117854496
btree16_bl_a64,32768,9,41.7191,1451882096117854496
fusion16_w,32768,9,78.1723,1451882096117854496
btree8,32768,9,48.6496,1451882096117854496
fusion8_c,32768,9,83.2169,1451882096117854496
fusion8_c,32768,10,80.3818,1451882096117854496
fusion16_w,32768,10,81.0440,1451882096117854496
sorted_array,32768,10,15.6830,1451882096117854496
fusion8_bf,32768,10,81.0730,1451882096117854496
btree16_bl_a64,32768,10,39.5035,1451882096117854496
btree8_bl_a64,32768,10,38.3835,1451882096117854496
fusion8,32768,10,78.0014,1451882096117854496
btree8,32768,10,48.2620,1451882096117854496
btree8_bl,32768,10,38.8306,1451882096117854496
btree8_a64,32768,10,47.1191,1451882096117854496
fusion8_bf,32768,11,86.6714,1451882096117854496
btree16_bl_a64,32768,11,38.4811,1451882096117854496
btree8,32768,11,47.8088,1451882096117854496
btree8_bl,32768,11,36.5662,1451882096117854496
fusion8,32768,11,77.0798,1451882096117854496
btree8_a64,32768,11,46.2204,1451882096117854496
btree8_bl_a64,32768,11,37.5671,1451882096117854496
fusion16_w,32768,11,80.2521,1451882096117854496
fusion8_c,32768,11,79.2435,1451882096117854496
sorted_array,32768,11,15.5136,1451882096117854496
fusion8_c,32768,12,77.5314,1451882096117854496
btree8_bl,32768,12,36.1832,1451882096117854496
btree8_a64,32768,12,47.2137,1451882096117854496
sorted_array,32768,12,15.4282,1451882096117854496
btree8_bl_a64,32768,12,34.6100,1451882096117854496
fusion8,32768,12,76.4954,1451882096117854496
btree16_bl_a64,32768,12,39.6698,1451882096117854496
fusion8_bf,32768,12,79.7516,1451882096117854496
fusion16_w,32768,12,78.6926,1451882096117854496
btree8,32768,12,48.3475,1451882096117854496
sorted_array,32768,13,15.3168,1451882096117854496
fusion8_c,32768,13,82.5790,1451882096117854496
btree8_a64,32768,13,46.4417,1451882096117854496
btree8_bl,32768,13,36.6333,1451882096117854496
fusion16_w,32768,13,77.6550,1451882096117854496
btree8,32768,13,47.9630,1451882096117854496
fusion8_bf,32768,13,86.7218,1451882096117854496
btree8_bl_a64,32768,13,35.1181,1451882096117854496
btree16_bl_a64,32768,13,37.7975,1451882096117854496
fusion8,32768,13,77.9312,1451882096117854496
btree16_bl_a64,32768,14,37.3581,1451882096117854496
fusion8_bf,32768,14,78.7582,1451882096117854496
btree8_bl_a64,32768,14,34.8511,1451882096117854496
fusion8,32768,14,75.9918,1451882096117854496
fusion16_w,32768,14,81.6071,1451882096117854496
btree8_bl,32768,14,37.0361,1451882096117854496
btree8,32768,14,48.4146,1451882096117854496
sorted_array,32768,14,15.5502,1451882096117854496
fusion8_c,32768,14,82.8156,1451882096117854496
btree8_a64,32768,14,46.7941,1451882096117854496
fusion8,65536,0,89.9063,1313883487276844600
fusion8_bf,65536,0,89.1068,1313883487276844600
fusion8_c,65536,0,88.4369,1313883487276844600
btree8_bl_a64,65536,0,46.4996,1313883487276844600
btree8_a64,65536,0,56.1035,1313883487276844600
btree16_bl_a64,65536,0,39.6851,1313883487276844600
fusion16_w,65536,0,81.3080,1313883487276844600
btree8_bl,65536,0,44.1467,1313883487276844600
sorted_array,65536,0,21.0403,1313883487276844600
btree8,65536,0,55.1956,1313883487276844600
btree8_bl_a64,65536,1,42.4942,1313883487276844600
fusion16_w,65536,1,76.7319,1313883487276844600
fusion8_c,65536,1,89.5111,1313883487276844600
fusion8,65536,1,86.2503,1313883487276844600
sorted_array,65536,1,20.4956,1313883487276844600
btree16_bl_a64,65536,1,39.4608,1313883487276844600
btree8,65536,1,55.0583,1313883487276844600
btree8_bl,65536,1,43.6218,1313883487276844600
fusion8_bf,65536,1,93.0603,1313883487276844600
btree8_a64,65536,1,55.5923,1313883487276844600
btree8_a64,65536,2,52.3575,1313883487276844600
sorted_array,65536,2,20.6192,1313883487276844600
btree16_bl_a64,65536,2,39.5706,1313883487276844600
fusion8_c,65536,2,100.4547,1313883487276844600
btree8,65536,2,54.7394,1313883487276844600
btree8_bl,65536,2,44.9570,1313883487276844600
fusion8,65536,2,86.8820,1313883487276844600
fusion16_w,65536,2,79.5090,1313883487276844600
fusion8_bf,65536,2,95.8466,1313883487276844600
btree8_bl_a64,65536,2,45.9503,1313883487276844600
btree8_a64,65536,3,56.7749,1313883487276844600
fusion16_w,65536,3,83.0368,1313883487276844600
fusion8_bf,65536,3,92.2806,1313883487276844600
btree8_bl,65536,3,42.5476,1313883487276844600
sorted_array,65536,3,20.9000,1313883487276844600
fusion8_c,65536,3,90.9485,1313883487276844600
btree8,65536,3,54.5319,1313883487276844600
fusion8,65536,3,94.3253,1313883487276844600
btree8_bl_a64,65536,3,45.0821,1313883487276844600
btree16_bl_a64,65536,3,43.4052,1313883487276844600
fusion8_bf,65536,4,95.4407,1313883487276844600
btree8_a64,65536,4,55.3055,1313883487276844600
btree16_bl_a64,65536,4,40.6799,1313883487276844600
sorted_array,65536,4,20.6726,1313883487276844600
btree8,65536,4,53.6911,1313883487276844600
btree8_bl,65536,4,46.2509,1313883487276844600
fusion8,65536,4,85.8551,1313883487276844600
fusion16_w,65536,4,82.3441,1313883487276844600
btree8_bl_a64,65536,4,43.9178,1313883487276844600
fusion8_c,65536,4,87.4222,1313883487276844600
btree8_bl_a64,65536,5,39.6606,1313883487276844600
sorted_array,65536,5,20.8374,1313883487276844600
fusion8_bf,65536,5,89.9185,1313883487276844600
fusion8_c,65536,5,85.8536,1313883487276844600
btree16_bl_a64,65536,5,40.2695,1313883487276844600
fusion16_w,65536,5,78.0151,1313883487276844600
btree8,65536,5,54.4556,1313883487276844600
btree8_bl,65536,5,44.0048,1313883487276844600
fusion8,65536,5,88.8290,1313883487276844600
btree8_a64,65536,5,55.9647,1313883487276844600
fusion8,65536,6,83.2016,1313883487276844600
fusion8_bf,65536,6,94.3085,1313883487276844600
fusion8_c,65536,6,86.4304,1313883487276844600
btree8_a64,65536,6,54.2923,1313883487276844600
btree16_bl_a64,65536,6,38.1531,1313883487276844600
btree8,65536,6,53.9841,1313883487276844600
fusion16_w,65536,6,80.6320,1313883487276844600
btree8_bl_a64,65536,6,44.8959,1313883487276844600
sorted_array,65536,6,20.7962,1313883487276844600
btree8_bl,65536,6,42.6956,1313883487276844600
btree8_bl,65536,7,38.6826,1313883487276844600
fusion8_bf,65536,7,89.1403,1313883487276844600
sorted_array,65536,7,20.7596,1313883487276844600
fusion8,65536,7,87.1429,1313883487276844600
fusion16_w,65536,7,80.8044,1313883487276844600
btree16_bl_a64,65536,7,38.1805,1313883487276844600
btree8,65536,7,54.4769,1313883487276844600
btree8_a64,65536,7,55.4626,1313883487276844600
btree8_bl_a64,65536,7,43.7881,1313883487276844600
fusion8_c,65536,7,97.6334,1313883487276844600
fusion8_bf,65536,8,89.5706,1313883487276844600
fusion16_w,65536,8,76.7120,1313883487276844600
btree8,65536,8,53.7415,1313883487276844600
btree16_bl_a64,65536,8,38.3942,1313883487276844600
fusion8_c,65536,8,94.7876,1313883487276844600
btree8_bl_a64,65536,8,41.4047,1313883487276844600
sorted_array,65536,8,21.0785,1313883487276844600
btree8_a64,65536,8,53.7582,1313883487276844600
btree8_bl,65536,8,46.2845,1313883487276844600
fusion8,65536,8,86.5982,1313883487276844600
btree8,65536,9,55.5374,1313883487276844600
btree8_bl_a64,65536,9,41.4352,1313883487276844600
btree16_bl_a64,65536,9,38.0936,1313883487276844600
fusion8_bf,65536,9,90.5029,1313883487276844600
btree8_bl,65536,9,42.7841,1313883487276844600
fusion8,65536,9,84.2941,1313883487276844600
btree8_a64,65536,9,54.2328,1313883487276844600
fusion16_w,65536,9,84.1492,1313883487276844600
sorted_array,65536,9,21.1914,1313883487276844600
fusion8_c,65536,9,90.2679,1313883487276844600
btree16_bl_a64,65536,10,38.5864,1313883487276844600
btree8_a64,65536,10,54.1840,1313883487276844600
fusion8,65536,10,86.4136,1313883487276844600
fusion8_c,65536,10,91.7816,1313883487276844600
sorted_array,65536,10,20.7733,1313883487276844600
btree8_bl_a64,65536,10,45.6909,1313883487276844600
btree8,65536,10,54.4617,1313883487276844600
fusion8_bf,65536,10,100.8392,1313883487276844600
fusion16_w,65536,10,77.5436,1313883487276844600
btree8_bl,65536,10,44.8807,1313883487276844600
fusion8,65536,11,86.7065,1313883487276844600
btree8,65536,11,54.1565,1313883487276844600
fusion16_w,65536,11,79.0771,1313883487276844600
btree8_bl,65536,11,40.8936,1313883487276844600
fusion8_c,65536,11,88.0783,1313883487276844600
btree8_bl_a64,65536,11,42.9596,1313883487276844600
btree8_a64,65536,11,55.1895,1313883487276844600
fusion8_bf,65536,11,100.1144,1313883487276844600
btree16_bl_a64,65536,11,39.1907,1313883487276844600
sorted_array,65536,11,21.0266,1313883487276844600
fusion16_w,65536,12,77.5620,1313883487276844600
fusion8_c,65536,12,87.1170,1313883487276844600
btree8_bl_a64,65536,12,43.7042,1313883487276844600
fusion8,65536,12,83.9508,1313883487276844600
fusion8_bf,65536,12,96.1578,1313883487276844600
sorted_array,65536,12,20.9839,1313883487276844600
btree8_bl,65536,12,43.8431,1313883487276844600
btree16_bl_a64,65536,12,40.1596,1313883487276844600
btree8,65536,12,55.2521,1313883487276844600
btree8_a64,65536,12,56.6864,1313883487276844600
btree8_bl_a64,65536,13,46.9238,1313883487276844600
fusion8_bf,65536,13,96.2418,1313883487276844600
btree16_bl_a64,65536,13,38.4201,1313883487276844600
btree8_a64,65536,13,54.5029,1313883487276844600
fusion16_w,65536,13,80.1498,1313883487276844600
fusion8,65536,13,91.4413,1313883487276844600
sorted_array,65536,13,20.9152,1313883487276844600
btree8,65536,13,55.4916,1313883487276844600
btree8_bl,65536,13,44.5496,1313883487276844600
fusion8_c,65536,13,88.9725,1313883487276844600
btree8_bl_a64,65536,14,44.9677,1313883487276844600
btree8_a64,65536,14,54.8553,1313883487276844600
fusion16_w,65536,14,81.8192,1313883487276844600
btree8_bl,65536,14,43.3304,1313883487276844600
fusion8_bf,65536,14,92.7277,1313883487276844600
sorted_array,65536,14,21.2753,1313883487276844600
fusion8_c,65536,14,88.1912,1313883487276844600
btree8,65536,14,54.6326,1313883487276844600
fusion8,65536,14,92.7216,1313883487276844600
btree16_bl_a64,65536,14,43.4464,1313883487276844600
btree8_bl_a64,131072,0,105.2216,7532165159138614248
btree8,131072,0,88.4796,7532165159138614248
fusion8_bf,131072,0,177.7176,7532165159138614248
fusion16_w,131072,0,158.5083,7532165159138614248
fusion8,131072,0,156.9809,7532165159138614248
btree16_bl_a64,131072,0,116.7191,7532165159138614248
btree8_a64,131072,0,85.8810,7532165159138614248
sorted_array,131072,0,29.8630,7532165159138614248
fusion8_c,131072,0,144.0704,7532165159138614248
btree8_bl,131072,0,89.1815,7532165159138614248
fusion8_c,131072,1,111.8149,7532165159138614248
fusion8,131072,1,155.7175,7532165159138614248
sorted_array,131072,1,29.6967,7532165159138614248
btree8_a64,131072,1,88.1348,7532165159138614248
fusion8_bf,131072,1,157.7209,7532165159138614248
btree8_bl,131072,1,91.0828,7532165159138614248
btree8,131072,1,86.9751,7532165159138614248
btree16_bl_a64,131072,1,112.2559,7532165159138614248
fusion16_w,131072,1,138.8046,7532165159138614248
btree8_bl_a64,131072,1,95.1065,7532165159138614248
btree8,131072,2,83.1696,7532165159138614248
sorted_array,131072,2,28.2822,7532165159138614248
fusion8_c,131072,2,139.6286,7532165159138614248
btree16_bl_a64,131072,2,112.9837,7532165159138614248
fusion8,131072,2,136.9339,7532165159138614248
fusion16_w,131072,2,136.6119,7532165159138614248
btree8_a64,131072,2,88.1470,7532165159138614248
btree8_bl_a64,131072,2,106.8481,7532165159138614248
fusion8_bf,131072,2,144.1132,7532165159138614248
btree8_bl,131072,2,86.9263,7532165159138614248
fusion8,131072,3,147.2015,7532165159138614248
btree8_bl,131072,3,73.1277,7532165159138614248
btree16_bl_a64,131072,3,107.6630,7532165159138614248
fusion8_bf,131072,3,144.7189,7532165159138614248
sorted_array,131072,3,28.2715,7532165159138614248
btree8,131072,3,88.8657,7532165159138614248
fusion8_c,131072,3,144.7357,7532165159138614248
btree8_a64,131072,3,88.9130,7532165159138614248
btree8_bl_a64,131072,3,107.3105,7532165159138614248
fusion16_w,131072,3,141.7603,7532165159138614248
btree16_bl_a64,131072,4,110.2234,7532165159138614248
fusion8_bf,131072,4,146.8491,7532165159138614248
btree8,131072,4,83.7326,7532165159138614248
fusion8_c,131072,4,147.2244,7532165159138614248
fusion8,131072,4,149.1165,7532165159138614248
btree8_bl_a64,131072,4,102.8015,7532165159138614248
sorted_array,131072,4,28.2593,7532165159138614248
btree8_bl,131072,4,90.9378,7532165159138614248
fusion16_w,131072,4,140.8676,7532165159138614248
btree8_a64,131072,4,87.6465,7532165159138614248
fusion8_bf,131072,5,175.6775,7532165159138614248
fusion8_c,131072,5,138.3148,7532165159138614248
fusion16_w,131072,5,139.1006,7532165159138614248
btree16_bl_a64,131072,5,111.6776,7532165159138614248
btree8_a64,131072,5,87.2025,7532165159138614248
btree8_bl_a64,131072,5,106.9702,7532165159138614248
fusion8,131072,5,139.8270,7532165159138614248
btree8,131072,5,84.2529,7532165159138614248
btree8_bl,131072,5,89.6301,7532165159138614248
sorted_array,131072,5,28.1601,7532165159138614248
btree16_bl_a64,131072,6,109.1309,7532165159138614248
fusion8_c,131072,6,135.8780,7532165159138614248
btree8_bl_a64,131072,6,104.1870,7532165159138614248
sorted_array,131072,6,28.3340,7532165159138614248
btree8_bl,131072,6,88.7222,7532165159138614248
btree8,131072,6,88.2172,7532165159138614248
btree8_a64,131072,6,92.4881,7532165159138614248
fusion16_w,131072,6,155.5283,7532165159138614248
fusion8_bf,131072,6,140.3061,7532165159138614248
fusion8,131072,6,138.5574,7532165159138614248
btree8_a64,131072,7,88.8184,7532165159138614248
fusion8_bf,131072,7,153.3951,7532165159138614248
fusion8,131072,7,134.1919,7532165159138614248
btree8_bl,131072,7,91.8549,7532165159138614248
btree8_bl_a64,131072,7,101.8234,7532165159138614248
btree16_bl_a64,131072,7,109.5490,7532165159138614248
fusion8_c,131072,7,142.2592,7532165159138614248
btree8,131072,7,83.7448,7532165159138614248
fusion16_w,131072,7,155.2490,7532165159138614248
sorted_array,131072,7,28.3173,7532165159138614248
fusion8_c,131072,8,131.5598,7532165159138614248
btree16_bl_a64,131072,8,108.2764,7532165159138614248
btree8_bl_a64,131072,8,105.4932,7532165159138614248
fusion8_bf,131072,8,142.9337,7532165159138614248
fusion16_w,131072,8,139.6530,7532165159138614248
btree8_bl,131072,8,90.0314,7532165159138614248
btree8_a64,131072,8,87.5671,7532165159138614248
btree8,131072,8,84.0179,7532165159138614248
fusion8,131072,8,146.1472,7532165159138614248
sorted_array,131072,8,30.1239,7532165159138614248
fusion8,131072,9,109.2896,7532165159138614248
fusion16_w,131072,9,137.2910,7532165159138614248
sorted_array,131072,9,28.2654,7532165159138614248
btree8_bl_a64,131072,9,104.4327,7532165159138614248
btree16_bl_a64,131072,9,115.9103,7532165159138614248
fusion8_bf,131072,9,142.9413,7532165159138614248
btree8_a64,131072,9,86.5402,7532165159138614248
btree8_bl,131072,9,94.3069,7532165159138614248
btree8,131072,9,86.7188,7532165159138614248
fusion8_c,131072,9,141.6061,7532165159138614248
fusion8,131072,10,138.3774,7532165159138614248
sorted_array,131072,10,29.4434,7532165159138614248
fusion8_bf,131072,10,143.0283,7532165159138614248
btree8,131072,10,82.4860,7532165159138614248
fusion8_c,131072,10,144.4763,7532165159138614248
btree16_bl_a64,131072,10,112.8250,7532165159138614248
fusion16_w,131072,10,142.3660,7532165159138614248
btree8_bl_a64,131072,10,105.5527,7532165159138614248
btree8_bl,131072,10,89.4638,7532165159138614248
btree8_a64,131072,10,104.8431,7532165159138614248
btree8_a64,131072,11,69.0857,7532165159138614248
btree8_bl_a64,131072,11,92.7505,7532165159138614248
fusion8,131072,11,139.2899,7532165159138614248
btree8_bl,131072,11,90.3839,7532165159138614248
fusion8_c,131072,11,132.9514,7532165159138614248
fusion16_w,131072,11,140.2191,7532165159138614248
sorted_array,131072,11,28.5873,7532165159138614248
btree16_bl_a64,131072,11,114.5004,7532165159138614248
fusion8_bf,131072,11,147.6685,7532165159138614248
btree8,131072,11,83.7051,7532165159138614248
fusion8_bf,131072,12,138.6551,7532165159138614248
fusion8,131072,12,135.9604,7532165159138614248
btree16_bl_a64,131072,12,105.1224,7532165159138614248
btree8_bl_a64,131072,12,107.0602,7532165159138614248
sorted_array,131072,12,28.3356,7532165159138614248
fusion16_w,131072,12,138.2233,7532165159138614248
fusion8_c,131072,12,130.8151,7532165159138614248
btree8_a64,131072,12,86.3144,7532165159138614248
btree8,131072,12,89.0060,7532165159138614248
btree8_bl,131072,12,86.9904,7532165159138614248
sorted_array,131072,13,29.2709,7532165159138614248
btree8,131072,13,73.0942,7532165159138614248
fusion8,131072,13,138.0661,7532165159138614248
btree8_a64,131072,13,91.0400,7532165159138614248
fusion8_c,131072,13,143.3868,7532165159138614248
fusion8_bf,131072,13,149.6338,7532165159138614248
btree8_bl,131072,13,90.2054,7532165159138614248
btree16_bl_a64,131072,13,117.2897,7532165159138614248
btree8_bl_a64,131072,13,105.8289,7532165159138614248
fusion16_w,131072,13,137.4954,7532165159138614248
fusion8_c,131072,14,131.7490,7532165159138614248
btree8_a64,131072,14,88.8596,7532165159138614248
btree8,131072,14,83.3466,7532165159138614248
fusion16_w,131072,14,152.7542,7532165159138614248
btree8_bl_a64,131072,14,103.4393,7532165159138614248
fusion8,131072,14,144.3878,7532165159138614248
fusion8_bf,131072,14,148.3368,7532165159138614248
btree16_bl_a64,131072,14,113.1927,7532165159138614248
btree8_bl,131072,14,86.1252,7532165159138614248
sorted_array,131072,14,28.3707,7532165159138614248
btree16_bl_a64,262144,0,141.8503,14595982901779754467
btree8_bl,262144,0,87.0712,14595982901779754467
btree8_bl_a64,262144,0,103.8040,14595982901779754467
btree8,262144,0,91.1911,14595982901779754467
fusion8_c,262144,0,148.3612,14595982901779754467
fusion8_bf,262144,0,156.0852,14595982901779754467
fusion8,262144,0,150.4028,14595982901779754467
sorted_array,262144,0,37.6831,14595982901779754467
btree8_a64,262144,0,90.8554,14595982901779754467
fusion16_w,262144,0,188.1866,14595982901779754467
sorted_array,262144,1,36.6623,14595982901779754467
fusion16_w,262144,1,138.2553,14595982901779754467
fusion8_c,262144,1,143.9117,14595982901779754467
btree8,262144,1,93.4937,14595982901779754467
btree8_a64,262144,1,95.1294,14595982901779754467
btree8_bl,262144,1,91.0217,14595982901779754467
fusion8_bf,262144,1,155.2826,14595982901779754467
btree8_bl_a64,262144,1,106.1310,14595982901779754467
btree16_bl_a64,262144,1,143.3105,14595982901779754467
fusion8,262144,1,162.4390,14595982901779754467
fusion8_c,262144,2,150.5356,14595982901779754467
fusion16_w,262144,2,169.5282,14595982901779754467
btree8,262144,2,90.3366,14595982901779754467
btree8_bl,262144,2,90.7455,14595982901779754467
sorted_array,262144,2,38.0798,14595982901779754467
btree8_a64,262144,2,92.2028,14595982901779754467
fusion8,262144,2,155.8060,14595982901779754467
btree8_bl_a64,262144,2,105.4459,14595982901779754467
btree16_bl_a64,262144,2,146.6522,14595982901779754467
fusion8_bf,262144,2,152.6978,14595982901779754467
btree8_bl_a64,262144,3,100.1251,14595982901779754467
btree8_a64,262144,3,91.5054,14595982901779754467
fusion8_bf,262144,3,158.6899,14595982901779754467
sorted_array,262144,3,36.2213,14595982901779754467
fusion8_c,262144,3,137.6450,14595982901779754467
fusion8,262144,3,159.8511,14595982901779754467
btree8,262144,3,90.9332,14595982901779754467
btree16_bl_a64,262144,3,149.0448,14595982901779754467
btree8_bl,262144,3,89.3188,14595982901779754467
fusion16_w,262144,3,163.7695,14595982901779754467
btree8,262144,4,92.7643,14595982901779754467
btree8_a64,262144,4,94.8898,14595982901779754467
btree8_bl_a64,262144,4,100.8469,14595982901779754467
btree16_bl_a64,262144,4,148.8922,14595982901779754467
fusion8_bf,262144,4,160.3546,14595982901779754467
sorted_array,262144,4,36.7203,14595982901779754467
btree8_bl,262144,4,88.1439,14595982901779754467
fusion8,262144,4,147.8424,14595982901779754467
fusion16_w,262144,4,161.2091,14595982901779754467
fusion8_c,262144,4,142.6697,14595982901779754467
fusion16_w,262144,5,142.5369,14595982901779754467
fusion8_bf,262144,5,159.7717,14595982901779754467
btree8_a64,262144,5,93.0862,14595982901779754467
fusion8_c,262144,5,147.3633,14595982901779754467
btree16_bl_a64,262144,5,153.0106,14595982901779754467
fusion8,262144,5,149.1974,14595982901779754467
btree8_bl_a64,262144,5,108.9096,14595982901779754467
btree8_bl,262144,5,85.3455,14595982901779754467
sorted_array,262144,5,35.9772,14595982901779754467
btree8,262144,5,91.1911,14595982901779754467
fusion8_c,262144,6,154.5715,14595982901779754467
btree8_bl_a64,262144,6,97.0505,14595982901779754467
btree16_bl_a64,262144,6,146.5561,14595982901779754467
btree8_bl,262144,6,87.6129,14595982901779754467
btree8,262144,6,88.5284,14595982901779754467
fusion8,262144,6,155.2490,14595982901779754467
fusion8_bf,262144,6,151.1642,14595982901779754467
fusion16_w,262144,6,175.0992,14595982901779754467
sorted_array,262144,6,36.6562,14595982901779754467
btree8_a64,262144,6,93.8354,14595982901779754467
btree8_bl_a64,262144,7,116.4230,14595982901779754467
fusion8,262144,7,178.5187,14595982901779754467
fusion8_c,262144,7,140.1962,14595982901779754467
fusion16_w,262144,7,165.6296,14595982901779754467
btree8,262144,7,88.9664,14595982901779754467
sorted_array,262144,7,37.8098,14595982901779754467
btree16_bl_a64,262144,7,142.7032,14595982901779754467
fusion8_bf,262144,7,150.2167,14595982901779754467
btree8_bl,262144,7,92.9596,14595982901779754467
btree8_a64,262144,7,94.6915,14595982901779754467
sorted_array,262144,8,35.9589,14595982901779754467
btree8_a64,262144,8,74.7330,14595982901779754467
btree16_bl_a64,262144,8,148.5764,14595982901779754467
btree8,262144,8,93.6661,14595982901779754467
fusion8,262144,8,153.6743,14595982901779754467
btree8_bl_a64,262144,8,103.8864,14595982901779754467
fusion8_c,262144,8,135.4691,14595982901779754467
fusion16_w,262144,8,163.9389,14595982901779754467
fusion8_bf,262144,8,158.6838,14595982901779754467
btree8_bl,262144,8,86.5387,14595982901779754467
btree8,262144,9,94.8959,14595982901779754467
btree8_bl,262144,9,66.1407,14595982901779754467
btree8_bl_a64,262144,9,108.5464,14595982901779754467
fusion16_w,262144,9,164.1510,14595982901779754467
fusion8_c,262144,9,143.7134,14595982901779754467
btree8_a64,262144,9,92.2394,14595982901779754467
fusion8_bf,262144,9,165.7562,14595982901779754467
sorted_array,262144,9,36.2030,14595982901779754467
fusion8,262144,9,156.2286,14595982901779754467
btree16_bl_a64,262144,9,144.5053,14595982901779754467
fusion8,262144,10,142.5308,14595982901779754467
sorted_array,262144,10,36.1069,14595982901779754467
btree8_a64,262144,10,94.3512,14595982901779754467
btree8_bl,262144,10,87.8708,14595982901779754467
btree8,262144,10,92.3416,14595982901779754467
btree8_bl_a64,262144,10,115.6631,14595982901779754467
btree16_bl_a64,262144,10,140.8066,14595982901779754467
fusion16_w,262144,10,159.1873,14595982901779754467
fusion8_c,262144,10,138.9374,14595982901779754467
fusion8_bf,262144,10,156.3751,14595982901779754467
btree8_bl,262144,11,95.5399,14595982901779754467
btree16_bl_a64,262144,11,143.2434,14595982901779754467
fusion8_bf,262144,11,152.0203,14595982901779754467
sorted_array,262144,11,36.1847,14595982901779754467
fusion16_w,262144,11,163.1134,14595982901779754467
btree8_a64,262144,11,92.9092,14595982901779754467
btree8_bl_a64,262144,11,107.2037,14595982901779754467
fusion8_c,262144,11,136.0901,14595982901779754467
btree8,262144,11,89.5233,14595982901779754467
fusion8,262144,11,160.2615,14595982901779754467
btree8_bl_a64,262144,12,109.0286,14595982901779754467
fusion8_bf,262144,12,155.0476,14595982901779754467
fusion8,262144,12,144.1193,14595982901779754467
btree16_bl_a64,262144,12,145.5521,14595982901779754467
btree8,262144,12,95.2118,14595982901779754467
fusion8_c,262144,12,149.2859,14595982901779754467
btree8_bl,262144,12,88.5284,14595982901779754467
sorted_array,262144,12,36.1664,14595982901779754467
btree8_a64,262144,12,94.1544,14595982901779754467
fusion16_w,262144,12,190.7394,14595982901779754467
fusion8,262144,13,153.4729,14595982901779754467
btree8_a64,262144,13,91.0797,14595982901779754467
btree16_bl_a64,262144,13,148.5352,14595982901779754467
fusion8_c,262144,13,142.4362,14595982901779754467
btree8_bl_a64,262144,13,101.0620,14595982901779754467
sorted_array,262144,13,36.1938,14595982901779754467
fusion16_w,262144,13,161.1343,14595982901779754467
btree8,262144,13,94.5435,14595982901779754467
btree8_bl,262144,13,100.2838,14595982901779754467
fusion8_bf,262144,13,165.8157,14595982901779754467
btree8_a64,262144,14,100.1022,14595982901779754467
sorted_array,262144,14,37.6846,14595982901779754467
fusion8_c,262144,14,156.8558,14595982901779754467
btree8_bl_a64,262144,14,106.2363,14595982901779754467
btree16_bl_a64,262144,14,152.2659,14595982901779754467
fusion16_w,262144,14,160.6705,14595982901779754467
fusion8_bf,262144,14,155.8929,14595982901779754467
btree8_bl,262144,14,89.2715,14595982901779754467
fusion8,262144,14,159.5062,14595982901779754467
btree8,262144,14,89.1113,14595982901779754467
sorted_array,524288,0,60.8414,2430445356442705539
fusion8_c,524288,0,131.2271,2430445356442705539
btree8_bl,524288,0,90.8951,2430445356442705539
btree8_a64,524288,0,96.0724,2430445356442705539
fusion8_bf,524288,0,164.6530,2430445356442705539
fusion8,524288,0,145.9961,2430445356442705539
btree8,524288,0,92.1692,2430445356442705539
btree8_bl_a64,524288,0,101.6220,2430445356442705539
btree16_bl_a64,524288,0,150.9399,2430445356442705539
fusion16_w,524288,0,171.2982,2430445356442705539
btree8,524288,1,90.6799,2430445356442705539
fusion8_bf,524288,1,162.9959,2430445356442705539
btree8_bl_a64,524288,1,106.3461,2430445356442705539
sorted_array,524288,1,58.7494,2430445356442705539
btree8_bl,524288,1,85.0784,2430445356442705539
btree8_a64,524288,1,97.4426,2430445356442705539
fusion16_w,524288,1,191.3696,2430445356442705539
fusion8_c,524288,1,141.3757,2430445356442705539
fusion8,524288,1,150.0061,2430445356442705539
btree16_bl_a64,524288,1,152.0203,2430445356442705539
btree8_bl,524288,2,87.8342,2430445356442705539
btree8,524288,2,89.4226,2430445356442705539
fusion8,524288,2,149.2310,2430445356442705539
btree8_a64,524288,2,106.4560,2430445356442705539
btree16_bl_a64,524288,2,186.3174,2430445356442705539
fusion8_c,524288,2,142.7795,2430445356442705539
btree8_bl_a64,524288,2,114.8224,2430445356442705539
fusion8_bf,524288,2,159.3231,2430445356442705539
fusion16_w,524288,2,177.7588,2430445356442705539
sorted_array,524288,2,61.0611,2430445356442705539
sorted_array,524288,3,52.6123,2430445356442705539
btree8_a64,524288,3,93.9285,2430445356442705539
btree16_bl_a64,524288,3,151.3779,2430445356442705539
fusion8_c,524288,3,145.5643,2430445356442705539
btree8,524288,3,95.6741,2430445356442705539
fusion8,524288,3,156.7337,2430445356442705539
btree8_bl_a64,524288,3,100.7187,2430445356442705539
btree8_bl,524288,3,85.5301,2430445356442705539
fusion16_w,524288,3,166.9601,2430445356442705539
fusion8_bf,524288,3,160.4187,2430445356442705539
btree8_a64,524288,4,96.9269,2430445356442705539
btree8_bl_a64,524288,4,105.5237,2430445356442705539
btree16_bl_a64,524288,4,150.6744,2430445356442705539
sorted_array,524288,4,61.0168,2430445356442705539
btree8_bl,524288,4,92.9153,2430445356442705539
fusion8,524288,4,147.2748,2430445356442705539
fusion8_bf,524288,4,161.2839,2430445356442705539
btree8,524288,4,90.1520,2430445356442705539
fusion16_w,524288,4,180.0293,2430445356442705539
fusion8_c,524288,4,143.4143,2430445356442705539
btree8_bl,524288,5,85.8398,2430445356442705539
btree8_bl_a64,524288,5,109.2346,2430445356442705539
btree16_bl_a64,524288,5,151.3107,2430445356442705539
fusion8_c,524288,5,135.9436,2430445356442705539
fusion16_w,524288,5,187.4451,2430445356442705539
btree8,524288,5,92.1509,2430445356442705539
fusion8,524288,5,152.1072,2430445356442705539
sorted_array,524288,5,59.7809,2430445356442705539
fusion8_bf,524288,5,164.9933,2430445356442705539
btree8_a64,524288,5,98.8785,2430445356442705539
btree16_bl_a64,524288,6,146.2448,2430445356442705539
sorted_array,524288,6,60.4309,2430445356442705539
btree8_bl_a64,524288,6,111.8973,2430445356442705539
fusion8,524288,6,147.8104,2430445356442705539
fusion8_bf,524288,6,153.8971,2430445356442705539
btree8,524288,6,89.3280,2430445356442705539
fusion16_w,524288,6,189.4775,2430445356442705539
btree8_a64,524288,6,94.6259,2430445356442705539
btree8_bl,524288,6,96.9666,2430445356442705539
fusion8_c,524288,6,134.5474,2430445356442705539
fusion8,524288,7,149.6765,2430445356442705539
sorted_array,524288,7,59.3262,2430445356442705539
fusion16_w,524288,7,184.1415,2430445356442705539
fusion8_bf,524288,7,154.1779,2430445356442705539
btree16_bl_a64,524288,7,147.8073,2430445356442705539
btree8_bl,524288,7,94.2383,2430445356442705539
btree8_bl_a64,524288,7,105.9280,2430445356442705539
btree8_a64,524288,7,93.3762,2430445356442705539
btree8,524288,7,91.1743,2430445356442705539
fusion8_c,524288,7,144.9341,2430445356442705539
fusion8_bf,524288,8,156.2546,2430445356442705539
fusion8_c,524288,8,121.9620,2430445356442705539
fusion16_w,524288,8,164.3036,2430445356442705539
btree16_bl_a64,524288,8,142.0013,2430445356442705539
sorted_array,524288,8,60.0189,2430445356442705539
btree8,524288,8,91.9846,2430445356442705539
btree8_bl_a64,524288,8,104.1000,2430445356442705539
btree8_bl,524288,8,95.4025,2430445356442705539
fusion8,524288,8,146.1914,2430445356442705539
btree8_a64,524288,8,95.9290,2430445356442705539
sorted_array,524288,9,61.7737,2430445356442705539
fusion8_bf,524288,9,165.8264,2430445356442705539
fusion8,524288,9,150.0793,2430445356442705539
fusion8_c,524288,9,137.0377,2430445356442705539
btree8_bl_a64,524288,9,115.8112,2430445356442705539
btree16_bl_a64,524288,9,141.7023,2430445356442705539
btree8,524288,9,88.7039,2430445356442705539
btree8_bl,524288,9,90.9470,2430445356442705539
fusion16_w,524288,9,168.4921,2430445356442705539
btree8_a64,524288,9,94.9844,2430445356442705539
btree8_a64,524288,10,73.8846,2430445356442705539
fusion16_w,524288,10,164.4150,2430445356442705539
fusion8_bf,524288,10,154.4907,2430445356442705539
fusion8,524288,10,162.9456,2430445356442705539
btree8,524288,10,90.6891,2430445356442705539
btree16_bl_a64,524288,10,142.3828,2430445356442705539
btree8_bl,524288,10,87.3581,2430445356442705539
btree8_bl_a64,524288,10,102.4094,2430445356442705539
sorted_array,524288,10,59.9380,2430445356442705539
fusion8_c,524288,10,136.1511,2430445356442705539
fusion8_bf,524288,11,160.4431,2430445356442705539
btree8,524288,11,95.1355,2430445356442705539
fusion8,524288,11,153.3295,2430445356442705539
btree8_a64,524288,11,98.6435,2430445356442705539
btree16_bl_a64,524288,11,147.1786,2430445356442705539
fusion8_c,524288,11,150.9659,2430445356442705539
btree8_bl,524288,11,90.3824,2430445356442705539
fusion16_w,524288,11,162.5870,2430445356442705539
btree8_bl_a64,524288,11,109.9380,2430445356442705539
sorted_array,524288,11,59.6130,2430445356442705539
fusion16_w,524288,12,158.8745,2430445356442705539
btree16_bl_a64,524288,12,144.1956,2430445356442705539
btree8_bl,524288,12,88.3743,2430445356442705539
sorted_array,524288,12,59.9197,2430445356442705539
fusion8_c,524288,12,139.7217,2430445356442705539
btree8,524288,12,90.5716,2430445356442705539
fusion8,524288,12,149.1791,2430445356442705539
fusion8_bf,524288,12,152.2354,2430445356442705539
btree8_bl_a64,524288,12,104.8508,2430445356442705539
btree8_a64,524288,12,101.4908,2430445356442705539
btree8_bl_a64,524288,13,69.6106,2430445356442705539
btree8,524288,13,87.3566,2430445356442705539
fusion16_w,524288,13,185.6476,2430445356442705539
btree16_bl_a64,524288,13,147.5632,2430445356442705539
btree8_bl,524288,13,87.6892,2430445356442705539
btree8_a64,524288,13,94.6762,2430445356442705539
fusion8_c,524288,13,143.2343,2430445356442705539
fusion8_bf,524288,13,155.8395,2430445356442705539
fusion8,524288,13,150.8911,2430445356442705539
sorted_array,524288,13,62.3566,2430445356442705539
fusion8_bf,524288,14,150.1678,2430445356442705539
btree16_bl_a64,524288,14,146.7957,2430445356442705539
fusion16_w,524288,14,166.7389,2430445356442705539
fusion8_c,524288,14,135.7346,2430445356442705539
sorted_array,524288,14,59.9884,2430445356442705539
fusion8,524288,14,151.1734,2430445356442705539
btree8_bl,524288,14,88.0463,2430445356442705539
btree8_a64,524288,14,95.9122,2430445356442705539
btree8,524288,14,94.2505,2430445356442705539
btree8_bl_a64,524288,14,117.2928,2430445356442705539
btree8_bl,1048576,0,256.8100,9246909816537294732
fusion16_w,1048576,0,163.2828,9246909816537294732
fusion8_bf,1048576,0,313.9908,9246909816537294732
btree16_bl_a64,1048576,0,155.2078,9246909816537294732
fusion8_c,1048576,0,285.4691,9246909816537294732
btree8,1048576,0,217.2714,9246909816537294732
btree8_a64,1048576,0,218.3746,9246909816537294732
fusion8,1048576,0,314.7797,9246909816537294732
sorted_array,1048576,0,101.2619,9246909816537294732
btree8_bl_a64,1048576,0,257.9803,9246909816537294732
sorted_array,1048576,1,95.1935,9246909816537294732
btree8_bl,1048576,1,255.2689,9246909816537294732
fusion8,1048576,1,305.2673,9246909816537294732
btree8_a64,1048576,1,216.4780,9246909816537294732
btree8,1048576,1,217.7780,9246909816537294732
btree8_bl_a64,1048576,1,259.4788,9246909816537294732
fusion8_bf,1048576,1,321.6858,9246909816537294732
btree16_bl_a64,1048576,1,138.4048,9246909816537294732
fusion16_w,1048576,1,166.9876,9246909816537294732
fusion8_c,1048576,1,298.5382,9246909816537294732
fusion8,1048576,2,325.1358,9246909816537294732
btree16_bl_a64,1048576,2,156.0745,9246909816537294732
btree8,1048576,2,324.5987,9246909816537294732
fusion8_bf,1048576,2,360.1318,9246909816537294732
btree8_bl,1048576,2,259.6588,9246909816537294732
btree8_bl_a64,1048576,2,257.8491,9246909816537294732
fusion8_c,1048576,2,288.5559,9246909816537294732
btree8_a64,1048576,2,218.4891,9246909816537294732
sorted_array,1048576,2,100.9140,9246909816537294732
fusion16_w,1048576,2,178.4882,9246909816537294732
fusion8_bf,1048576,3,319.5892,9246909816537294732
fusion8,1048576,3,303.5400,9246909816537294732
fusion16_w,1048576,3,171.7377,9246909816537294732
btree8,1048576,3,216.9586,9246909816537294732
fusion8_c,1048576,3,285.5453,9246909816537294732
sorted_array,1048576,3,99.3210,9246909816537294732
btree8_bl_a64,1048576,3,256.0974,9246909816537294732
btree16_bl_a64,1048576,3,146.0403,9246909816537294732
btree8_bl,1048576,3,255.3467,9246909816537294732
btree8_a64,1048576,3,228.4546,9246909816537294732
btree8_bl_a64,1048576,4,274.3744,9246909816537294732
btree8,1048576,4,218.8156,9246909816537294732
fusion8_bf,1048576,4,324.2889,9246909816537294732
btree16_bl_a64,1048576,4,144.0643,9246909816537294732
btree8_a64,1048576,4,215.9317,9246909816537294732
btree8_bl,1048576,4,262.5092,9246909816537294732
sorted_array,1048576,4,99.4934,9246909816537294732
fusion8,1048576,4,308.4778,9246909816537294732
fusion8_c,1048576,4,283.1345,9246909816537294732
fusion16_w,1048576,4,166.1362,9246909816537294732
fusion8,1048576,5,319.1940,9246909816537294732
btree8,1048576,5,216.8961,9246909816537294732
btree8_bl_a64,1048576,5,259.7473,9246909816537294732
fusion8_c,1048576,5,287.5320,9246909816537294732
sorted_array,1048576,5,99.1257,9246909816537294732
btree8_a64,1048576,5,213.0554,9246909816537294732
fusion16_w,1048576,5,182.4478,9246909816537294732
btree16_bl_a64,1048576,5,151.2863,9246909816537294732
btree8_bl,1048576,5,255.2307,9246909816537294732
fusion8_bf,1048576,5,322.3236,9246909816537294732
btree8,1048576,6,211.9110,9246909816537294732
sorted_array,1048576,6,100.9491,9246909816537294732
fusion8,1048576,6,310.1456,9246909816537294732
fusion8_c,1048576,6,286.8179,9246909816537294732
fusion8_bf,1048576,6,317.9047,9246909816537294732
fusion16_w,1048576,6,166.4536,9246909816537294732
btree8_bl_a64,1048576,6,262.5809,9246909816537294732
btree16_bl_a64,1048576,6,146.8994,9246909816537294732
btree8_bl,1048576,6,253.3051,9246909816537294732
btree8_a64,1048576,6,216.6809,9246909816537294732
fusion8,1048576,7,311.8271,9246909816537294732
btree8_bl_a64,1048576,7,259.9472,9246909816537294732
btree8,1048576,7,216.3956,9246909816537294732
fusion8_c,1048576,7,309.4543,9246909816537294732
fusion16_w,1048576,7,178.1143,9246909816537294732
fusion8_bf,1048576,7,324.3164,9246909816537294732
btree8_a64,1048576,7,219.2505,9246909816537294732
btree16_bl_a64,1048576,7,145.1553,9246909816537294732
sorted_array,1048576,7,97.9889,9246909816537294732
btree8_bl,1048576,7,261.9324,9246909816537294732
btree8,1048576,8,212.8769,9246909816537294732
fusion8_bf,1048576,8,321.0983,9246909816537294732
fusion8,1048576,8,304.5624,9246909816537294732
fusion16_w,1048576,8,167.1890,9246909816537294732
btree8_a64,1048576,8,218.0908,9246909816537294732
btree8_bl_a64,1048576,8,257.1564,9246909816537294732
fusion8_c,1048576,8,305.5298,9246909816537294732
btree8_bl,1048576,8,259.7794,9246909816537294732
sorted_array,1048576,8,100.1633,9246909816537294732
btree16_bl_a64,1048576,8,140.4999,9246909816537294732
fusion16_w,1048576,9,162.6831,9246909816537294732
btree8_a64,1048576,9,215.9058,9246909816537294732
fusion8_c,1048576,9,310.5499,9246909816537294732
fusion8,1048576,9,301.1642,9246909816537294732
sorted_array,1048576,9,101.5884,9246909816537294732
fusion8_bf,1048576,9,317.1265,9246909816537294732
btree8,1048576,9,216.5894,9246909816537294732
btree16_bl_a64,1048576,9,140.7684,9246909816537294732
btree8_bl_a64,1048576,9,253.6469,9246909816537294732
btree8_bl,1048576,9,257.9895,9246909816537294732
fusion16_w,1048576,10,167.1692,9246909816537294732
btree8_bl_a64,1048576,10,266.0416,9246909816537294732
fusion8,1048576,10,305.5573,9246909816537294732
fusion8_bf,1048576,10,317.7414,9246909816537294732
btree16_bl_a64,1048576,10,143.5196,9246909816537294732
btree8_bl,1048576,10,256.1768,9246909816537294732
btree8,1048576,10,218.6752,9246909816537294732
fusion8_c,1048576,10,317.9977,9246909816537294732
btree8_a64,1048576,10,217.2119,9246909816537294732
sorted_array,1048576,10,99.0433,9246909816537294732
btree8_bl_a64,1048576,11,257.5714,9246909816537294732
fusion8,1048576,11,309.6024,9246909816537294732
sorted_array,1048576,11,101.8784,9246909816537294732
btree8,1048576,11,216.3345,9246909816537294732
fusion8_c,1048576,11,284.9472,9246909816537294732
btree16_bl_a64,1048576,11,146.2296,9246909816537294732
btree8_bl,1048576,11,258.3069,9246909816537294732
btree8_a64,1048576,11,220.7947,9246909816537294732
fusion16_w,1048576,11,184.8099,9246909816537294732
fusion8_bf,1048576,11,317.3569,9246909816537294732
sorted_array,1048576,12,103.5446,9246909816537294732
fusion8_c,1048576,12,289.6606,9246909816537294732
btree8,1048576,12,216.3300,9246909816537294732
btree8_bl,1048576,12,256.6010,9246909816537294732
fusion8,1048576,12,306.7780,9246909816537294732
fusion16_w,1048576,12,168.5410,9246909816537294732
btree8_a64,1048576,12,213.8916,9246909816537294732
btree8_bl_a64,1048576,12,262.3474,9246909816537294732
btree16_bl_a64,1048576,12,143.4692,9246909816537294732
fusion8_bf,1048576,12,330.2811,9246909816537294732
fusion8,1048576,13,313.3026,9246909816537294732
sorted_array,1048576,13,99.5743,9246909816537294732
btree8_bl_a64,1048576,13,255.3055,9246909816537294732
btree16_bl_a64,1048576,13,153.0930,9246909816537294732
fusion8_bf,1048576,13,322.4075,9246909816537294732
btree8_a64,1048576,13,220.8786,9246909816537294732
fusion16_w,1048576,13,177.9114,9246909816537294732
fusion8_c,1048576,13,298.3322,9246909816537294732
btree8,1048576,13,217.1814,9246909816537294732
btree8_bl,1048576,13,257.8171,9246909816537294732
btree16_bl_a64,1048576,14,141.1453,9246909816537294732
btree8_bl,1048576,14,248.4924,9246909816537294732
sorted_array,1048576,14,102.8503,9246909816537294732
btree8,1048576,14,213.9526,9246909816537294732
fusion16_w,1048576,14,164.2899,9246909816537294732
fusion8_c,1048576,14,301.0300,9246909816537294732
btree8_a64,1048576,14,215.1749,9246909816537294732
fusion8_bf,1048576,14,335.8215,9246909816537294732
btree8_bl_a64,1048576,14,259.2316,9246909816537294732
fusion8,1048576,14,311.8423,9246909816537294732
btree8_a64,2097152,0,228.7674,14519592687764155675
btree8_bl_a64,2097152,0,258.3298,14519592687764155675
fusion8_c,2097152,0,303.8651,14519592687764155675
fusion16_w,2097152,0,321.9223,14519592687764155675
btree16_bl_a64,2097152,0,422.2473,14519592687764155675
fusion8,2097152,0,383.4030,14519592687764155675
fusion8_bf,2097152,0,329.5639,14519592687764155675
btree8,2097152,0,230.2002,14519592687764155675
btree8_bl,2097152,0,265.6555,14519592687764155675
sorted_array,2097152,0,145.2194,14519592687764155675
fusion8_c,2097152,1,302.7374,14519592687764155675
fusion16_w,2097152,1,301.2726,14519592687764155675
fusion8_bf,2097152,1,343.6401,14519592687764155675
btree8_a64,2097152,1,230.1987,14519592687764155675
sorted_array,2097152,1,143.1320,14519592687764155675
btree8_bl,2097152,1,260.3745,14519592687764155675
btree8,2097152,1,226.4969,14519592687764155675
btree8_bl_a64,2097152,1,262.2375,14519592687764155675
fusion8,2097152,1,330.9540,14519592687764155675
btree16_bl_a64,2097152,1,284.7382,14519592687764155675
sorted_array,2097152,2,146.2402,14519592687764155675
btree8_a64,2097152,2,230.1239,14519592687764155675
btree8_bl,2097152,2,255.0217,14519592687764155675
fusion8_c,2097152,2,311.1496,14519592687764155675
btree8,2097152,2,232.2266,14519592687764155675
fusion8,2097152,2,335.9695,14519592687764155675
btree16_bl_a64,2097152,2,278.3615,14519592687764155675
fusion16_w,2097152,2,301.2573,14519592687764155675
fusion8_bf,2097152,2,334.0622,14519592687764155675
btree8_bl_a64,2097152,2,260.2219,14519592687764155675
btree16_bl_a64,2097152,3,278.2150,14519592687764155675
btree8_bl,2097152,3,259.4101,14519592687764155675
fusion8_c,2097152,3,300.8789,14519592687764155675
btree8_a64,2097152,3,229.4006,14519592687764155675
fusion16_w,2097152,3,340.2084,14519592687764155675
btree8,2097152,3,235.1120,14519592687764155675
sorted_array,2097152,3,144.5496,14519592687764155675
fusion8,2097152,3,340.5182,14519592687764155675
fusion8_bf,2097152,3,329.6478,14519592687764155675
btree8_bl_a64,2097152,3,261.1588,14519592687764155675
btree8_bl_a64,2097152,4,161.4929,14519592687764155675
btree8_a64,2097152,4,230.9525,14519592687764155675
btree8,2097152,4,227.6825,14519592687764155675
btree16_bl_a64,2097152,4,280.2551,14519592687764155675
fusion16_w,2097152,4,302.6535,14519592687764155675
btree8_bl,2097152,4,260.7773,14519592687764155675
fusion8,2097152,4,338.8977,14519592687764155675
sorted_array,2097152,4,149.8932,14519592687764155675
fusion8_c,2097152,4,301.3153,14519592687764155675
fusion8_bf,2097152,4,340.1917,14519592687764155675
fusion16_w,2097152,5,327.7206,14519592687764155675
btree8,2097152,5,228.1921,14519592687764155675
fusion8,2097152,5,335.2158,14519592687764155675
sorted_array,2097152,5,148.6404,14519592687764155675
fusion8_c,2097152,5,302.3590,14519592687764155675
fusion8_bf,2097152,5,339.3600,14519592687764155675
btree8_bl_a64,2097152,5,260.2524,14519592687764155675
btree16_bl_a64,2097152,5,279.9988,14519592687764155675
btree8_a64,2097152,5,228.9307,14519592687764155675
btree8_bl,2097152,5,261.9537,14519592687764155675
btree8,2097152,6,226.3428,14519592687764155675
btree8_bl_a64,2097152,6,261.5845,14519592687764155675
fusion8_bf,2097152,6,332.1426,14519592687764155675
fusion8_c,2097152,6,301.1185,14519592687764155675
fusion16_w,2097152,6,299.9496,14519592687764155675
sorted_array,2097152,6,149.4583,14519592687764155675
fusion8,2097152,6,339.1403,14519592687764155675
btree8_bl,2097152,6,258.3054,14519592687764155675
btree16_bl_a64,2097152,6,278.2394,14519592687764155675
btree8_a64,2097152,6,230.3391,14519592687764155675
btree8_bl_a64,2097152,7,262.4008,14519592687764155675
fusion16_w,2097152,7,301.5198,14519592687764155675
btree16_bl_a64,2097152,7,278.9871,14519592687764155675
btree8_a64,2097152,7,230.4825,14519592687764155675
fusion8_bf,2097152,7,343.1793,14519592687764155675
fusion8_c,2097152,7,304.2053,14519592687764155675
fusion8,2097152,7,343.6218,14519592687764155675
btree8,2097152,7,227.4551,14519592687764155675
btree8_bl,2097152,7,258.5449,14519592687764155675
sorted_array,2097152,7,146.7316,14519592687764155675
fusion16_w,2097152,8,303.0884,14519592687764155675
btree8_bl,2097152,8,258.7326,14519592687764155675
sorted_array,2097152,8,146.7712,14519592687764155675
fusion8_bf,2097152,8,329.5990,14519592687764155675
btree8,2097152,8,227.0248,14519592687764155675
fusion8_c,2097152,8,321.5179,14519592687764155675
btree16_bl_a64,2097152,8,275.1877,14519592687764155675
btree8_a64,2097152,8,232.0206,14519592687764155675
fusion8,2097152,8,336.2106,14519592687764155675
btree8_bl_a64,2097152,8,262.7167,14519592687764155675
btree8_bl,2097152,9,257.2342,14519592687764155675
fusion8,2097152,9,330.5313,14519592687764155675
fusion8_c,2097152,9,305.4993,14519592687764155675
fusion8_bf,2097152,9,341.9083,14519592687764155675
fusion16_w,2097152,9,336.6898,14519592687764155675
btree8_bl_a64,2097152,9,259.3567,14519592687764155675
btree16_bl_a64,2097152,9,278.8986,14519592687764155675
sorted_array,2097152,9,146.8170,14519592687764155675
btree8,2097152,9,227.2614,14519592687764155675
btree8_a64,2097152,9,232.7972,14519592687764155675
fusion8_c,2097152,10,314.0732,14519592687764155675
fusion16_w,2097152,10,300.9232,14519592687764155675
btree8_bl_a64,2097152,10,258.9371,14519592687764155675
fusion8,2097152,10,340.1596,14519592687764155675
btree8_bl,2097152,10,262.0865,14519592687764155675
fusion8_bf,2097152,10,332.6065,14519592687764155675
btree16_bl_a64,2097152,10,278.9764,14519592687764155675
btree8,2097152,10,225.8484,14519592687764155675
btree8_a64,2097152,10,231.8756,14519592687764155675
sorted_array,2097152,10,145.7001,14519592687764155675
fusion8_bf,2097152,11,353.4668,14519592687764155675
sorted_array,2097152,11,142.9153,14519592687764155675
fusion8_c,2097152,11,300.0443,14519592687764155675
btree8_bl_a64,2097152,11,259.9869,14519592687764155675
btree8_bl,2097152,11,257.3959,14519592687764155675
btree8_a64,2097152,11,230.5191,14519592687764155675
btree8,2097152,11,227.3941,14519592687764155675
btree16_bl_a64,2097152,11,280.9616,14519592687764155675
fusion16_w,2097152,11,299.0387,14519592687764155675
fusion8,2097152,11,331.0349,14519592687764155675
btree16_bl_a64,2097152,12,280.9753,14519592687764155675
fusion8,2097152,12,325.8026,14519592687764155675
sorted_array,2097152,12,149.4003,14519592687764155675
fusion16_w,2097152,12,298.8693,14519592687764155675
fusion8_c,2097152,12,308.7997,14519592687764155675
btree8,2097152,12,233.7540,14519592687764155675
btree8_bl,2097152,12,258.7982,14519592687764155675
fusion8_bf,2097152,12,331.0791,14519592687764155675
btree8_bl_a64,2097152,12,259.4284,14519592687764155675
btree8_a64,2097152,12,233.5968,14519592687764155675
fusion8,2097152,13,334.9014,14519592687764155675
fusion8_c,2097152,13,302.4948,14519592687764155675
fusion8_bf,2097152,13,337.5031,14519592687764155675
fusion16_w,2097152,13,334.6237,14519592687764155675
sorted_array,2097152,13,151.8723,14519592687764155675
btree8,2097152,13,236.1755,14519592687764155675
btree16_bl_a64,2097152,13,279.3076,14519592687764155675
btree8_a64,2097152,13,231.0272,14519592687764155675
btree8_bl,2097152,13,261.9553,14519592687764155675
btree8_bl_a64,2097152,13,260.9467,14519592687764155675
fusion8_c,2097152,14,301.4740,14519592687764155675
btree8,2097152,14,226.5274,14519592687764155675
fusion8_bf,2097152,14,350.8179,14519592687764155675
fusion8,2097152,14,331.0898,14519592687764155675
btree8_bl,2097152,14,260.7849,14519592687764155675
btree16_bl_a64,2097152,14,277.9556,14519592687764155675
btree8_a64,2097152,14,226.5427,14519592687764155675
fusion16_w,2097152,14,334.2865,14519592687764155675
btree8_bl_a64,2097152,14,264.9490,14519592687764155675
sorted_array,2097152,14,146.8750,14519592687764155675
fusion8_bf,4194304,0,349.1165,15606720263345192253
btree8_bl_a64,4194304,0,263.1531,15606720263345192253
btree8,4194304,0,235.9711,15606720263345192253
fusion16_w,4194304,0,378.3554,15606720263345192253
fusion8_c,4194304,0,309.5139,15606720263345192253
btree8_a64,4194304,0,240.4205,15606720263345192253
sorted_array,4194304,0,244.4702,15606720263345192253
btree8_bl,4194304,0,258.2733,15606720263345192253
btree16_bl_a64,4194304,0,354.6478,15606720263345192253
fusion8,4194304,0,329.4510,15606720263345192253
btree8_bl_a64,4194304,1,261.2244,15606720263345192253
btree8_a64,4194304,1,238.1317,15606720263345192253
fusion8,4194304,1,329.7989,15606720263345192253
sorted_array,4194304,1,244.8837,15606720263345192253
fusion16_w,4194304,1,365.3000,15606720263345192253
fusion8_bf,4194304,1,341.8793,15606720263345192253
btree16_bl_a64,4194304,1,354.4907,15606720263345192253
btree8_bl,4194304,1,255.4016,15606720263345192253
fusion8_c,4194304,1,302.0386,15606720263345192253
btree8,4194304,1,242.2974,15606720263345192253
fusion16_w,4194304,2,363.4750,15606720263345192253
fusion8,4194304,2,336.9751,15606720263345192253
fusion8_bf,4194304,2,331.2897,15606720263345192253
btree8_bl,4194304,2,261.1664,15606720263345192253
fusion8_c,4194304,2,306.9290,15606720263345192253
sorted_array,4194304,2,243.0847,15606720263345192253
btree8_a64,4194304,2,240.0543,15606720263345192253
btree16_bl_a64,4194304,2,354.3213,15606720263345192253
btree8_bl_a64,4194304,2,263.7878,15606720263345192253
btree8,4194304,2,234.6283,15606720263345192253
fusion8,4194304,3,332.2021,15606720263345192253
fusion8_bf,4194304,3,327.2522,15606720263345192253
btree16_bl_a64,4194304,3,348.6649,15606720263345192253
fusion16_w,4194304,3,350.6790,15606720263345192253
btree8_bl_a64,4194304,3,260.0159,15606720263345192253
sorted_array,4194304,3,244.3588,15606720263345192253
btree8_a64,4194304,3,238.6032,15606720263345192253
fusion8_c,4194304,3,308.4366,15606720263345192253
btree8,4194304,3,245.9671,15606720263345192253
btree8_bl,4194304,3,261.2488,15606720263345192253
fusion8_bf,4194304,4,341.7725,15606720263345192253
btree8,4194304,4,239.3860,15606720263345192253
btree8_bl,4194304,4,261.1557,15606720263345192253
sorted_array,4194304,4,245.1721,15606720263345192253
fusion8_c,4194304,4,301.2009,15606720263345192253
btree16_bl_a64,4194304,4,354.8996,15606720263345192253
fusion8,4194304,4,331.7764,15606720263345192253
btree8_bl_a64,4194304,4,263.7619,15606720263345192253
fusion16_w,4194304,4,357.4417,15606720263345192253
btree8_a64,4194304,4,242.5186,15606720263345192253
fusion16_w,4194304,5,387.9120,15606720263345192253
sorted_array,4194304,5,245.9045,15606720263345192253
btree16_bl_a64,4194304,5,349.5270,15606720263345192253
btree8,4194304,5,236.1252,15606720263345192253
btree8_bl,4194304,5,263.7863,15606720263345192253
fusion8_bf,4194304,5,333.8669,15606720263345192253
btree8_bl_a64,4194304,5,259.1370,15606720263345192253
fusion8,4194304,5,327.0248,15606720263345192253
btree8_a64,4194304,5,238.0890,15606720263345192253
fusion8_c,4194304,5,314.9445,15606720263345192253
btree8_a64,4194304,6,237.6816,15606720263345192253
sorted_array,4194304,6,246.1807,15606720263345192253
btree8_bl_a64,4194304,6,260.1105,15606720263345192253
btree8,4194304,6,238.7527,15606720263345192253
fusion8_c,4194304,6,313.6993,15606720263345192253
fusion8_bf,4194304,6,350.5737,15606720263345192253
btree8_bl,4194304,6,260.1059,15606720263345192253
fusion16_w,4194304,6,359.6863,15606720263345192253
btree16_bl_a64,4194304,6,353.7735,15606720263345192253
fusion8,4194304,6,329.9957,15606720263345192253
btree8,4194304,7,238.2690,15606720263345192253
sorted_array,4194304,7,244.5038,15606720263345192253
fusion16_w,4194304,7,370.8969,15606720263345192253
fusion8,4194304,7,341.8915,15606720263345192253
fusion8_c,4194304,7,300.5569,15606720263345192253
btree8_bl_a64,4194304,7,263.7970,15606720263345192253
btree16_bl_a64,4194304,7,352.7390,15606720263345192253
btree8_bl,4194304,7,258.1375,15606720263345192253
btree8_a64,4194304,7,238.7482,15606720263345192253
fusion8_bf,4194304,7,353.9932,15606720263345192253
fusion8,4194304,8,331.2729,15606720263345192253
fusion16_w,4194304,8,357.9529,15606720263345192253
btree8,4194304,8,238.5422,15606720263345192253
btree16_bl_a64,4194304,8,352.5436,15606720263345192253
btree8_bl,4194304,8,257.4844,15606720263345192253
sorted_array,4194304,8,245.6940,15606720263345192253
fusion8_c,4194304,8,300.2396,15606720263345192253
fusion8_bf,4194304,8,347.5632,15606720263345192253
btree8_bl_a64,4194304,8,265.3503,15606720263345192253
btree8_a64,4194304,8,235.5560,15606720263345192253
btree8_bl_a64,4194304,9,255.2292,15606720263345192253
btree8,4194304,9,238.8931,15606720263345192253
fusion8_bf,4194304,9,353.2013,15606720263345192253
btree8_a64,4194304,9,246.7728,15606720263345192253
fusion8,4194304,9,336.8881,15606720263345192253
btree8_bl,4194304,9,257.4280,15606720263345192253
btree16_bl_a64,4194304,9,357.3242,15606720263345192253
fusion8_c,4194304,9,302.1896,15606720263345192253
fusion16_w,4194304,9,344.5663,15606720263345192253
sorted_array,4194304,9,245.7214,15606720263345192253
fusion8,4194304,10,340.8020,15606720263345192253
fusion16_w,4194304,10,347.7859,15606720263345192253
sorted_array,4194304,10,245.2652,15606720263345192253
fusion8_c,4194304,10,310.4660,15606720263345192253
btree8,4194304,10,237.1658,15606720263345192253
fusion8_bf,4194304,10,345.5124,15606720263345192253
btree8_bl_a64,4194304,10,261.1923,15606720263345192253
btree8_bl,4194304,10,260.8154,15606720263345192253
btree8_a64,4194304,10,240.4861,15606720263345192253
btree16_bl_a64,4194304,10,353.0975,15606720263345192253
fusion8_c,4194304,11,297.1771,15606720263345192253
btree8_bl,4194304,11,264.7873,15606720263345192253
fusion8_bf,4194304,11,333.8348,15606720263345192253
fusion8,4194304,11,333.6960,15606720263345192253
btree8,4194304,11,236.8469,15606720263345192253
btree8_a64,4194304,11,241.3742,15606720263345192253
btree8_bl_a64,4194304,11,259.6588,15606720263345192253
btree16_bl_a64,4194304,11,354.1855,15606720263345192253
sorted_array,4194304,11,248.2529,15606720263345192253
fusion16_w,4194304,11,356.4331,15606720263345192253
fusion8_bf,4194304,12,342.4606,15606720263345192253
btree8_bl_a64,4194304,12,262.1323,15606720263345192253
fusion16_w,4194304,12,348.6450,15606720263345192253
sorted_array,4194304,12,245.1218,15606720263345192253
btree8_bl,4194304,12,259.7153,15606720263345192253
btree16_bl_a64,4194304,12,350.7034,15606720263345192253
fusion8_c,4194304,12,302.5146,15606720263345192253
fusion8,4194304,12,332.3853,15606720263345192253
btree8,4194304,12,236.2137,15606720263345192253
btree8_a64,4194304,12,239.1861,15606720263345192253
sorted_array,4194304,13,245.4483,15606720263345192253
fusion8_bf,4194304,13,352.3148,15606720263345192253
btree8_a64,4194304,13,241.4993,15606720263345192253
btree16_bl_a64,4194304,13,354.1733,15606720263345192253
btree8_bl,4194304,13,263.8214,15606720263345192253
fusion8_c,4194304,13,301.3580,15606720263345192253
fusion16_w,4194304,13,352.9205,15606720263345192253
btree8_bl_a64,4194304,13,261.4395,15606720263345192253
fusion8,4194304,13,329.4388,15606720263345192253
btree8,4194304,13,234.9197,15606720263345192253
fusion8_bf,4194304,14,347.1939,15606720263345192253
fusion16_w,4194304,14,350.6500,15606720263345192253
fusion8,4194304,14,338.7299,15606720263345192253
btree16_bl_a64,4194304,14,353.2135,15606720263345192253
fusion8_c,4194304,14,311.2534,15606720263345192253
btree8,4194304,14,244.4153,15606720263345192253
btree8_bl,4194304,14,258.2321,15606720263345192253
btree8_a64,4194304,14,240.4099,15606720263345192253
btree8_bl_a64,4194304,14,262.4176,15606720263345192253
sorted_array,4194304,14,244.8792,15606720263345192253
btree16_bl_a64,8388608,0,351.6083,10131753818064663245
fusion16_w,8388608,0,346.2189,10131753818064663245
fusion8_bf,8388608,0,526.8143,10131753818064663245
btree8_a64,8388608,0,389.8865,10131753818064663245
btree8_bl,8388608,0,414.7705,10131753818064663245
fusion8_c,8388608,0,469.5847,10131753818064663245
btree8,8388608,0,372.0840,10131753818064663245
fusion8,8388608,0,517.8299,10131753818064663245
sorted_array,8388608,0,557.0633,10131753818064663245
btree8_bl_a64,8388608,0,473.5611,10131753818064663245
btree8_bl,8388608,1,417.8299,10131753818064663245
fusion8,8388608,1,504.7195,10131753818064663245
fusion8_c,8388608,1,479.1275,10131753818064663245
fusion8_bf,8388608,1,525.8942,10131753818064663245
btree16_bl_a64,8388608,1,347.8104,10131753818064663245
fusion16_w,8388608,1,346.0754,10131753818064663245
btree8,8388608,1,371.7499,10131753818064663245
sorted_array,8388608,1,434.8938,10131753818064663245
btree8_a64,8388608,1,372.9294,10131753818064663245
btree8_bl_a64,8388608,1,419.5740,10131753818064663245
btree8_a64,8388608,2,360.5972,10131753818064663245
fusion8_c,8388608,2,496.4355,10131753818064663245
btree16_bl_a64,8388608,2,368.8705,10131753818064663245
sorted_array,8388608,2,437.3825,10131753818064663245
fusion8_bf,8388608,2,526.8997,10131753818064663245
btree8_bl_a64,8388608,2,409.0302,10131753818064663245
fusion8,8388608,2,501.7532,10131753818064663245
btree8_bl,8388608,2,414.2609,10131753818064663245
btree8,8388608,2,365.2878,10131753818064663245
fusion16_w,8388608,2,376.7029,10131753818064663245
btree8_bl_a64,8388608,3,416.7908,10131753818064663245
fusion16_w,8388608,3,345.4529,10131753818064663245
btree16_bl_a64,8388608,3,351.7960,10131753818064663245
fusion8,8388608,3,504.5624,10131753818064663245
fusion8_c,8388608,3,472.0047,10131753818064663245
sorted_array,8388608,3,436.0703,10131753818064663245
btree8_bl,8388608,3,416.0278,10131753818064663245
btree8,8388608,3,380.7556,10131753818064663245
btree8_a64,8388608,3,373.8007,10131753818064663245
fusion8_bf,8388608,3,528.8086,10131753818064663245
btree8_bl,8388608,4,417.0334,10131753818064663245
btree8,8388608,4,370.1981,10131753818064663245
btree16_bl_a64,8388608,4,354.0604,10131753818064663245
fusion16_w,8388608,4,352.1500,10131753818064663245
sorted_array,8388608,4,456.7947,10131753818064663245
fusion8_bf,8388608,4,534.4910,10131753818064663245
btree8_bl_a64,8388608,4,411.6547,10131753818064663245
btree8_a64,8388608,4,367.5598,10131753818064663245
fusion8_c,8388608,4,472.2519,10131753818064663245
fusion8,8388608,4,513.1973,10131753818064663245
fusion8_c,8388608,5,471.3898,10131753818064663245
fusion16_w,8388608,5,351.5945,10131753818064663245
btree8,8388608,5,366.9571,10131753818064663245
sorted_array,8388608,5,439.6576,10131753818064663245
btree16_bl_a64,8388608,5,352.7679,10131753818064663245
btree8_bl_a64,8388608,5,407.1426,10131753818064663245
btree8_bl,8388608,5,418.0908,10131753818064663245
fusion8,8388608,5,510.3333,10131753818064663245
fusion8_bf,8388608,5,526.8234,10131753818064663245
btree8_a64,8388608,5,378.5278,10131753818064663245
fusion8,8388608,6,500.7034,10131753818064663245
btree8_bl,8388608,6,420.4529,10131753818064663245
btree8_a64,8388608,6,365.4678,10131753818064663245
fusion8_c,8388608,6,487.8830,10131753818064663245
fusion16_w,8388608,6,356.1493,10131753818064663245
sorted_array,8388608,6,438.2278,10131753818064663245
fusion8_bf,8388608,6,520.3415,10131753818064663245
btree16_bl_a64,8388608,6,352.0416,10131753818064663245
btree8_bl_a64,8388608,6,410.9039,10131753818064663245
btree8,8388608,6,372.7875,10131753818064663245
btree16_bl_a64,8388608,7,353.2974,10131753818064663245
btree8,8388608,7,363.7680,10131753818064663245
fusion8_bf,8388608,7,523.5794,10131753818064663245
fusion8,8388608,7,505.1636,10131753818064663245
btree8_bl,8388608,7,412.5702,10131753818064663245
btree8_bl_a64,8388608,7,410.0571,10131753818064663245
sorted_array,8388608,7,437.4054,10131753818064663245
fusion16_w,8388608,7,357.2845,10131753818064663245
fusion8_c,8388608,7,460.1639,10131753818064663245
btree8_a64,8388608,7,370.7870,10131753818064663245
fusion8_c,8388608,8,489.0625,10131753818064663245
fusion8_bf,8388608,8,524.7040,10131753818064663245
btree16_bl_a64,8388608,8,346.6415,10131753818064663245
btree8_a64,8388608,8,363.7054,10131753818064663245
sorted_array,8388608,8,450.4440,10131753818064663245
btree8_bl_a64,8388608,8,412.1918,10131753818064663245
btree8,8388608,8,375.3571,10131753818064663245
fusion8,8388608,8,505.9143,10131753818064663245
fusion16_w,8388608,8,353.5217,10131753818064663245
btree8_bl,8388608,8,423.9456,10131753818064663245
fusion8_c,8388608,9,470.3491,10131753818064663245
btree16_bl_a64,8388608,9,345.0363,10131753818064663245
fusion8,8388608,9,506.3416,10131753818064663245
fusion16_w,8388608,9,360.2112,10131753818064663245
btree8_bl,8388608,9,421.4279,10131753818064663245
btree8_a64,8388608,9,367.0639,10131753818064663245
fusion8_bf,8388608,9,525.9613,10131753818064663245
btree8_bl_a64,8388608,9,412.6495,10131753818064663245
btree8,8388608,9,370.5856,10131753818064663245
sorted_array,8388608,9,439.2029,10131753818064663245
fusion8,8388608,10,512.5870,10131753818064663245
sorted_array,8388608,10,438.4262,10131753818064663245
fusion8_c,8388608,10,471.0602,10131753818064663245
fusion8_bf,8388608,10,534.4620,10131753818064663245
btree8_bl_a64,8388608,10,411.0107,10131753818064663245
btree16_bl_a64,8388608,10,348.5107,10131753818064663245
btree8_bl,8388608,10,418.9835,10131753818064663245
fusion16_w,8388608,10,349.9298,10131753818064663245
btree8,8388608,10,375.0885,10131753818064663245
btree8_a64,8388608,10,360.0800,10131753818064663245
btree8,8388608,11,373.9090,10131753818064663245
sorted_array,8388608,11,437.3611,10131753818064663245
btree8_bl,8388608,11,418.0267,10131753818064663245
btree16_bl_a64,8388608,11,351.5305,10131753818064663245
btree8_a64,8388608,11,362.6450,10131753818064663245
fusion8_c,8388608,11,481.4972,10131753818064663245
fusion8_bf,8388608,11,523.0026,10131753818064663245
fusion16_w,8388608,11,379.2938,10131753818064663245
btree8_bl_a64,8388608,11,410.0174,10131753818064663245
fusion8,8388608,11,503.9932,10131753818064663245
sorted_array,8388608,12,450.7858,10131753818064663245
btree8_a64,8388608,12,361.6165,10131753818064663245
btree8,8388608,12,371.2616,10131753818064663245
fusion8_c,8388608,12,464.4897,10131753818064663245
btree8_bl,8388608,12,416.3010,10131753818064663245
fusion8_bf,8388608,12,522.7493,10131753818064663245
fusion16_w,8388608,12,359.4894,10131753818064663245
btree8_bl_a64,8388608,12,419.6075,10131753818064663245
fusion8,8388608,12,506.0287,10131753818064663245
btree16_bl_a64,8388608,12,351.4145,10131753818064663245
btree8,8388608,13,372.8638,10131753818064663245
btree16_bl_a64,8388608,13,349.9069,10131753818064663245
fusion8,8388608,13,506.4514,10131753818064663245
btree8_bl,8388608,13,416.0355,10131753818064663245
btree8_a64,8388608,13,365.5045,10131753818064663245
fusion16_w,8388608,13,380.1361,10131753818064663245
btree8_bl_a64,8388608,13,415.3015,10131753818064663245
fusion8_bf,8388608,13,532.3654,10131753818064663245
fusion8_c,8388608,13,473.0652,10131753818064663245
sorted_array,8388608,13,436.3358,10131753818064663245
fusion8_bf,8388608,14,527.8412,10131753818064663245
btree8_bl,8388608,14,417.6315,10131753818064663245
btree8_bl_a64,8388608,14,409.0836,10131753818064663245
btree8,8388608,14,366.4444,10131753818064663245
sorted_array,8388608,14,436.2411,10131753818064663245
fusion8,8388608,14,506.2790,10131753818064663245
fusion16_w,8388608,14,351.1719,10131753818064663245
fusion8_c,8388608,14,464.6896,10131753818064663245
btree8_a64,8388608,14,376.6708,10131753818064663245
btree16_bl_a64,8388608,14,346.7102,10131753818064663245
fusion8,16777216,0,548.3124,3590053196634910135
fusion16_w,16777216,0,338.6414,3590053196634910135
btree8,16777216,0,390.0238,3590053196634910135
btree16_bl_a64,16777216,0,348.1384,3590053196634910135
btree8_bl_a64,16777216,0,436.1786,3590053196634910135
btree8_bl,16777216,0,452.1912,3590053196634910135
fusion8_bf,16777216,0,557.8979,3590053196634910135
btree8_a64,16777216,0,397.2778,3590053196634910135
fusion8_c,16777216,0,519.0140,3590053196634910135
sorted_array,16777216,0,777.1881,3590053196634910135
btree8,16777216,1,390.0452,3590053196634910135
btree16_bl_a64,16777216,1,353.5034,3590053196634910135
btree8_bl,16777216,1,446.1304,3590053196634910135
fusion8_c,16777216,1,507.4158,3590053196634910135
btree8_bl_a64,16777216,1,448.3078,3590053196634910135
btree8_a64,16777216,1,394.7495,3590053196634910135
sorted_array,16777216,1,598.3017,3590053196634910135
fusion8,16777216,1,555.2261,3590053196634910135
fusion8_bf,16777216,1,554.4312,3590053196634910135
fusion16_w,16777216,1,379.6158,3590053196634910135
btree8_a64,16777216,2,392.0731,3590053196634910135
fusion8,16777216,2,544.7693,3590053196634910135
btree8_bl,16777216,2,457.8674,3590053196634910135
sorted_array,16777216,2,602.2675,3590053196634910135
fusion8_c,16777216,2,507.9605,3590053196634910135
fusion8_bf,16777216,2,559.1949,3590053196634910135
btree8_bl_a64,16777216,2,432.9300,3590053196634910135
btree16_bl_a64,16777216,2,350.0214,3590053196634910135
fusion16_w,16777216,2,349.0738,3590053196634910135
btree8,16777216,2,390.5457,3590053196634910135
btree8,16777216,3,340.7776,3590053196634910135
btree8_a64,16777216,3,392.3172,3590053196634910135
fusion8,16777216,3,547.9324,3590053196634910135
fusion8_bf,16777216,3,554.6127,3590053196634910135
sorted_array,16777216,3,598.2635,3590053196634910135
fusion16_w,16777216,3,379.8843,3590053196634910135
btree16_bl_a64,16777216,3,347.9980,3590053196634910135
btree8_bl,16777216,3,450.0763,3590053196634910135
fusion8_c,16777216,3,498.0347,3590053196634910135
btree8_bl_a64,16777216,3,443.0496,3590053196634910135
fusion8,16777216,4,549.7482,3590053196634910135
fusion8_c,16777216,4,505.5176,3590053196634910135
btree8,16777216,4,391.8045,3590053196634910135
fusion16_w,16777216,4,380.4092,3590053196634910135
btree8_a64,16777216,4,392.5766,3590053196634910135
btree8_bl,16777216,4,453.7720,3590053196634910135
sorted_array,16777216,4,598.4421,3590053196634910135
btree8_bl_a64,16777216,4,452.1332,3590053196634910135
btree16_bl_a64,16777216,4,353.3081,3590053196634910135
fusion8_bf,16777216,4,554.7180,3590053196634910135
fusion8,16777216,5,543.1808,3590053196634910135
btree8,16777216,5,387.7258,3590053196634910135
btree8_bl_a64,16777216,5,443.4998,3590053196634910135
fusion8_c,16777216,5,503.9917,3590053196634910135
btree16_bl_a64,16777216,5,348.6542,3590053196634910135
btree8_a64,16777216,5,394.5236,3590053196634910135
btree8_bl,16777216,5,455.3940,3590053196634910135
fusion16_w,16777216,5,361.7432,3590053196634910135
sorted_array,16777216,5,600.7187,3590053196634910135
fusion8_bf,16777216,5,563.5849,3590053196634910135
sorted_array,16777216,6,604.3030,3590053196634910135
fusion8_c,16777216,6,509.8450,3590053196634910135
btree8,16777216,6,394.1864,3590053196634910135
fusion8,16777216,6,549.5590,3590053196634910135
btree8_bl,16777216,6,452.5879,3590053196634910135
btree8_a64,16777216,6,389.5874,3590053196634910135
btree16_bl_a64,16777216,6,350.2701,3590053196634910135
fusion16_w,16777216,6,367.5781,3590053196634910135
btree8_bl_a64,16777216,6,440.2527,3590053196634910135
fusion8_bf,16777216,6,550.4791,3590053196634910135
btree8_bl_a64,16777216,7,440.5914,3590053196634910135
btree8,16777216,7,390.4785,3590053196634910135
btree8_a64,16777216,7,400.7019,3590053196634910135
fusion8_c,16777216,7,521.8582,3590053196634910135
btree16_bl_a64,16777216,7,355.0552,3590053196634910135
fusion8_bf,16777216,7,557.2861,3590053196634910135
fusion8,16777216,7,548.2635,3590053196634910135
sorted_array,16777216,7,598.3429,3590053196634910135
btree8_bl,16777216,7,445.3247,3590053196634910135
fusion16_w,16777216,7,345.2026,3590053196634910135
fusion8,16777216,8,554.9805,3590053196634910135
sorted_array,16777216,8,599.4507,3590053196634910135
fusion8_c,16777216,8,500.6638,3590053196634910135
btree8,16777216,8,386.7645,3590053196634910135
btree8_bl_a64,16777216,8,437.7548,3590053196634910135
btree8_bl,16777216,8,447.3572,3590053196634910135
fusion16_w,16777216,8,339.2975,3590053196634910135
fusion8_bf,16777216,8,557.4860,3590053196634910135
btree16_bl_a64,16777216,8,353.3554,3590053196634910135
btree8_a64,16777216,8,394.1879,3590053196634910135
fusion8,16777216,9,544.7220,3590053196634910135
btree8,16777216,9,397.8851,3590053196634910135
fusion8_c,16777216,9,518.2114,3590053196634910135
fusion16_w,16777216,9,340.5746,3590053196634910135
sorted_array,16777216,9,599.7635,3590053196634910135
btree8_bl_a64,16777216,9,438.6993,3590053196634910135
btree16_bl_a64,16777216,9,350.9857,3590053196634910135
btree8_bl,16777216,9,442.4301,3590053196634910135
fusion8_bf,16777216,9,556.8558,3590053196634910135
btree8_a64,16777216,9,395.9259,3590053196634910135
btree8,16777216,10,392.9489,3590053196634910135
fusion16_w,16777216,10,387.6053,3590053196634910135
fusion8_c,16777216,10,504.4754,3590053196634910135
btree8_a64,16777216,10,392.5735,3590053196634910135
fusion8,16777216,10,543.4921,3590053196634910135
btree8_bl_a64,16777216,10,435.9146,3590053196634910135
sorted_array,16777216,10,598.3139,3590053196634910135
fusion8_bf,16777216,10,564.2822,3590053196634910135
btree8_bl,16777216,10,449.5834,3590053196634910135
btree16_bl_a64,16777216,10,351.5427,3590053196634910135
btree8_a64,16777216,11,390.8325,3590053196634910135
btree8,16777216,11,389.2685,3590053196634910135
fusion8_c,16777216,11,508.5999,3590053196634910135
btree8_bl_a64,16777216,11,433.9523,3590053196634910135
fusion8_bf,16777216,11,557.8537,3590053196634910135
fusion8,16777216,11,569.6472,3590053196634910135
btree8_bl,16777216,11,448.3383,3590053196634910135
fusion16_w,16777216,11,346.7712,3590053196634910135
btree16_bl_a64,16777216,11,352.6611,3590053196634910135
sorted_array,16777216,11,600.2075,3590053196634910135
fusion8_c,16777216,12,544.2688,3590053196634910135
sorted_array,16777216,12,603.5019,3590053196634910135
btree8_bl_a64,16777216,12,463.2278,3590053196634910135
btree8_bl,16777216,12,474.4659,3590053196634910135
btree16_bl_a64,16777216,12,357.5211,3590053196634910135
fusion8_bf,16777216,12,560.4553,3590053196634910135
btree8_a64,16777216,12,394.1040,3590053196634910135
fusion16_w,16777216,12,392.3050,3590053196634910135
fusion8,16777216,12,551.9775,3590053196634910135
btree8,16777216,12,393.1061,3590053196634910135
fusion16_w,16777216,13,387.8723,3590053196634910135
btree8_bl,16777216,13,451.1353,3590053196634910135
fusion8_bf,16777216,13,554.3869,3590053196634910135
btree8_bl_a64,16777216,13,436.8729,3590053196634910135
btree8_a64,16777216,13,408.5022,3590053196634910135
fusion8,16777216,13,558.4290,3590053196634910135
btree16_bl_a64,16777216,13,348.6450,3590053196634910135
sorted_array,16777216,13,598.8754,3590053196634910135
btree8,16777216,13,388.2584,3590053196634910135
fusion8_c,16777216,13,524.0540,3590053196634910135
sorted_array,16777216,14,605.8762,3590053196634910135
btree8_a64,16777216,14,393.5699,3590053196634910135
btree8_bl_a64,16777216,14,437.7930,3590053196634910135
fusion8_c,16777216,14,503.6301,3590053196634910135
btree8_bl,16777216,14,448.8739,3590053196634910135
btree8,16777216,14,390.8112,3590053196634910135
fusion16_w,16777216,14,387.2910,3590053196634910135
btree16_bl_a64,16777216,14,352.3605,3590053196634910135
fusion8,16777216,14,560.9619,3590053196634910135
fusion8_bf,16777216,14,555.4535,3590053196634910135
fusion8_c,33554432,0,537.6419,14493871693595802041
btree8_bl,33554432,0,485.2798,14493871693595802041
btree8,33554432,0,466.6565,14493871693595802041
fusion8,33554432,0,611.2625,14493871693595802041
btree8_bl_a64,33554432,0,475.7889,14493871693595802041
fusion16_w,33554432,0,565.6158,14493871693595802041
btree16_bl_a64,33554432,0,582.6096,14493871693595802041
fusion8_bf,33554432,0,653.2425,14493871693595802041
sorted_array,33554432,0,754.7379,14493871693595802041
btree8_a64,33554432,0,444.7128,14493871693595802041
fusion16_w,33554432,1,631.2271,14493871693595802041
sorted_array,33554432,1,718.4021,14493871693595802041
btree8_bl_a64,33554432,1,452.6993,14493871693595802041
btree8_bl,33554432,1,478.5217,14493871693595802041
fusion8,33554432,1,610.3500,14493871693595802041
btree8,33554432,1,447.2610,14493871693595802041
fusion8_bf,33554432,1,621.5103,14493871693595802041
fusion8_c,33554432,1,536.8637,14493871693595802041
btree16_bl_a64,33554432,1,555.5420,14493871693595802041
btree8_a64,33554432,1,442.7155,14493871693595802041
sorted_array,33554432,2,747.6105,14493871693595802041
btree8,33554432,2,448.4695,14493871693595802041
fusion8_c,33554432,2,541.4444,14493871693595802041
fusion16_w,33554432,2,643.1549,14493871693595802041
btree8_a64,33554432,2,449.2355,14493871693595802041
btree16_bl_a64,33554432,2,532.6981,14493871693595802041
btree8_bl,33554432,2,456.7673,14493871693595802041
fusion8,33554432,2,552.5391,14493871693595802041
fusion8_bf,33554432,2,557.5821,14493871693595802041
btree8_bl_a64,33554432,2,438.7909,14493871693595802041
fusion16_w,33554432,3,548.6328,14493871693595802041
sorted_array,33554432,3,712.4451,14493871693595802041
fusion8,33554432,3,561.9232,14493871693595802041
btree8_bl_a64,33554432,3,447.6807,14493871693595802041
fusion8_c,33554432,3,510.4630,14493871693595802041
btree8_a64,33554432,3,436.8973,14493871693595802041
btree8,33554432,3,435.5270,14493871693595802041
btree8_bl,33554432,3,462.1902,14493871693595802041
fusion8_bf,33554432,3,593.3167,14493871693595802041
btree16_bl_a64,33554432,3,562.1857,14493871693595802041
fusion16_w,33554432,4,546.0968,14493871693595802041
btree8_bl_a64,33554432,4,441.0843,14493871693595802041
sorted_array,33554432,4,711.3708,14493871693595802041
btree8_bl,33554432,4,455.9784,14493871693595802041
fusion8,33554432,4,554.0085,14493871693595802041
fusion8_bf,33554432,4,560.9177,14493871693595802041
btree8,33554432,4,437.1124,14493871693595802041
fusion8_c,33554432,4,516.6641,14493871693595802041
btree8_a64,33554432,4,427.2369,14493871693595802041
btree16_bl_a64,33554432,4,534.8022,14493871693595802041
fusion8,33554432,5,550.8698,14493871693595802041
fusion8_c,33554432,5,501.6068,14493871693595802041
btree16_bl_a64,33554432,5,529.5059,14493871693595802041
btree8_a64,33554432,5,425.7065,14493871693595802041
btree8_bl_a64,33554432,5,458.8791,14493871693595802041
btree8_bl,33554432,5,486.0168,14493871693595802041
fusion16_w,33554432,5,570.2866,14493871693595802041
fusion8_bf,33554432,5,593.1854,14493871693595802041
sorted_array,33554432,5,741.3651,14493871693595802041
btree8,33554432,5,427.6703,14493871693595802041
fusion8_bf,33554432,6,574.6964,14493871693595802041
fusion16_w,33554432,6,541.1896,14493871693595802041
btree8,33554432,6,433.5938,14493871693595802041
btree8_bl_a64,33554432,6,447.8271,14493871693595802041
fusion8_c,33554432,6,513.7573,14493871693595802041
sorted_array,33554432,6,715.4861,14493871693595802041
fusion8,33554432,6,563.7436,14493871693595802041
btree16_bl_a64,33554432,6,530.8609,14493871693595802041
btree8_a64,33554432,6,425.4486,14493871693595802041
btree8_bl,33554432,6,458.4412,14493871693595802041
fusion16_w,33554432,7,547.2275,14493871693595802041
btree8_bl_a64,33554432,7,441.7816,14493871693595802041
btree16_bl_a64,33554432,7,536.7676,14493871693595802041
btree8_bl,33554432,7,452.9251,14493871693595802041
fusion8_c,33554432,7,538.1714,14493871693595802041
fusion8_bf,33554432,7,588.3316,14493871693595802041
sorted_array,33554432,7,714.1937,14493871693595802041
btree8_a64,33554432,7,435.7147,14493871693595802041
fusion8,33554432,7,553.4912,14493871693595802041
btree8,33554432,7,425.1419,14493871693595802041
btree8_bl_a64,33554432,8,440.4129,14493871693595802041
fusion8_c,33554432,8,504.0466,14493871693595802041
fusion8,33554432,8,548.2559,14493871693595802041
fusion8_bf,33554432,8,567.8955,14493871693595802041
btree16_bl_a64,33554432,8,526.6586,14493871693595802041
btree8_a64,33554432,8,423.7167,14493871693595802041
sorted_array,33554432,8,737.3291,14493871693595802041
btree8_bl,33554432,8,460.7254,14493871693595802041
btree8,33554432,8,433.2062,14493871693595802041
fusion16_w,33554432,8,595.6146,14493871693595802041
btree8_a64,33554432,9,432.7606,14493871693595802041
btree8_bl,33554432,9,450.2869,14493871693595802041
btree8,33554432,9,435.0800,14493871693595802041
btree16_bl_a64,33554432,9,535.9497,14493871693595802041
fusion8,33554432,9,559.5505,14493871693595802041
fusion8_c,33554432,9,517.2653,14493871693595802041
fusion8_bf,33554432,9,580.1483,14493871693595802041
sorted_array,33554432,9,715.2313,14493871693595802041
btree8_bl_a64,33554432,9,442.4896,14493871693595802041
fusion16_w,33554432,9,548.8235,14493871693595802041
btree8_a64,33554432,10,424.1318,14493871693595802041
btree16_bl_a64,33554432,10,530.2673,14493871693595802041
btree8,33554432,10,426.7426,14493871693595802041
fusion16_w,33554432,10,543.8004,14493871693595802041
sorted_array,33554432,10,717.6437,14493871693595802041
btree8_bl,33554432,10,466.3467,14493871693595802041
fusion8_c,33554432,10,503.9185,14493871693595802041
fusion8_bf,33554432,10,577.0462,14493871693595802041
fusion8,33554432,10,550.1572,14493871693595802041
btree8_bl_a64,33554432,10,445.9396,14493871693595802041
fusion8_bf,33554432,11,552.4490,14493871693595802041
fusion8,33554432,11,546.8460,14493871693595802041
btree16_bl_a64,33554432,11,527.1072,14493871693595802041
btree8_bl,33554432,11,445.4254,14493871693595802041
fusion16_w,33554432,11,544.8578,14493871693595802041
sorted_array,33554432,11,737.3062,14493871693595802041
fusion8_c,33554432,11,506.2973,14493871693595802041
btree8,33554432,11,430.8319,14493871693595802041
btree8_a64,33554432,11,420.9549,14493871693595802041
btree8_bl_a64,33554432,11,443.6691,14493871693595802041
btree8_bl,33554432,12,450.4333,14493871693595802041
fusion8_c,33554432,12,501.6846,14493871693595802041
fusion16_w,33554432,12,657.2678,14493871693595802041
btree8_a64,33554432,12,448.5672,14493871693595802041
fusion8_bf,33554432,12,654.1595,14493871693595802041
sorted_array,33554432,12,721.4981,14493871693595802041
fusion8,33554432,12,550.3891,14493871693595802041
btree8,33554432,12,430.4749,14493871693595802041
btree16_bl_a64,33554432,12,525.1312,14493871693595802041
btree8_bl_a64,33554432,12,454.5151,14493871693595802041
btree8_a64,33554432,13,443.3960,14493871693595802041
fusion8,33554432,13,552.2324,14493871693595802041
fusion8_bf,33554432,13,557.9987,14493871693595802041
btree8_bl_a64,33554432,13,439.9200,14493871693595802041
btree8_bl,33554432,13,449.1714,14493871693595802041
fusion8_c,33554432,13,514.2090,14493871693595802041
btree16_bl_a64,33554432,13,524.8520,14493871693595802041
sorted_array,33554432,13,737.3184,14493871693595802041
btree8,33554432,13,429.3488,14493871693595802041
fusion16_w,33554432,13,604.5792,14493871693595802041
fusion16_w,33554432,14,500.3967,14493871693595802041
btree8_bl_a64,33554432,14,439.1525,14493871693595802041
fusion8_c,33554432,14,504.0390,14493871693595802041
btree8_a64,33554432,14,429.6783,14493871693595802041
sorted_array,33554432,14,709.8068,14493871693595802041
fusion8,33554432,14,556.0455,14493871693595802041
btree16_bl_a64,33554432,14,534.0302,14493871693595802041
btree8_bl,33554432,14,448.8678,14493871693595802041
fusion8_bf,33554432,14,552.1210,14493871693595802041
btree8,33554432,14,427.4277,14493871693595802041
