structure,n,rep,ns_per_query,checksum
fusion8,256,0,39.0839,11530405409878601149
fusion8_c,256,0,41.8503,11530405409878601149
btree8_a64,256,0,20.2744,11530405409878601149
btree16_bl_a64,256,0,17.1829,11530405409878601149
btree8,256,0,22.5006,11530405409878601149
btree8_bl,256,0,27.3010,11530405409878601149
fusion16_w,256,0,39.1403,11530405409878601149
fusion8_bf,256,0,42.5903,11530405409878601149
btree8_bl_a64,256,0,25.2335,11530405409878601149
sorted_array,256,0,12.9776,11530405409878601149
btree8_bl,256,1,27.2278,11530405409878601149
fusion8,256,1,38.8229,11530405409878601149
btree16_bl_a64,256,1,17.1402,11530405409878601149
fusion16_w,256,1,37.8113,11530405409878601149
btree8_bl_a64,256,1,25.1770,11530405409878601149
btree8_a64,256,1,20.0760,11530405409878601149
fusion8_c,256,1,41.9388,11530405409878601149
sorted_array,256,1,12.9471,11530405409878601149
btree8,256,1,20.8313,11530405409878601149
fusion8_bf,256,1,43.1473,11530405409878601149
btree8_bl,256,2,27.2369,11530405409878601149
sorted_array,256,2,12.9791,11530405409878601149
btree16_bl_a64,256,2,18.1305,11530405409878601149
fusion8_c,256,2,41.8060,11530405409878601149
btree8_a64,256,2,20.3934,11530405409878601149
btree8,256,2,21.7331,11530405409878601149
fusion16_w,256,2,38.0295,11530405409878601149
fusion8,256,2,39.2563,11530405409878601149
fusion8_bf,256,2,42.7078,11530405409878601149
btree8_bl_a64,256,2,25.2533,11530405409878601149
fusion8_c,256,3,41.8533,11530405409878601149
fusion8_bf,256,3,42.6773,11530405409878601149
btree16_bl_a64,256,3,17.1066,11530405409878601149
btree8_bl_a64,256,3,25.2396,11530405409878601149
fusion8,256,3,39.4638,11530405409878601149
btree8,256,3,21.0312,11530405409878601149
sorted_array,256,3,12.9852,11530405409878601149
fusion16_w,256,3,38.9496,11530405409878601149
btree8_a64,256,3,20.5490,11530405409878601149
btree8_bl,256,3,27.3361,11530405409878601149
btree8_bl,256,4,27.0752,11530405409878601149
fusion16_w,256,4,37.8067,11530405409878601149
btree8_bl_a64,256,4,25.1938,11530405409878601149
btree16_bl_a64,256,4,17.1463,11530405409878601149
btree8,256,4,20.8664,11530405409878601149
fusion8,256,4,39.6286,11530405409878601149
fusion8_c,256,4,42.0532,11530405409878601149
fusion8_bf,256,4,42.8757,11530405409878601149
sorted_array,256,4,12.9852,11530405409878601149
btree8_a64,256,4,20.2988,11530405409878601149
fusion8_bf,256,5,42.4606,11530405409878601149
btree8,256,5,20.6696,11530405409878601149
btree8_a64,256,5,21.6919,11530405409878601149
btree8_bl,256,5,27.3071,11530405409878601149
btree16_bl_a64,256,5,17.2516,11530405409878601149
fusion8,256,5,38.9984,11530405409878601149
fusion16_w,256,5,37.8906,11530405409878601149
sorted_array,256,5,12.9425,11530405409878601149
btree8_bl_a64,256,5,25.2075,11530405409878601149
fusion8_c,256,5,41.9281,11530405409878601149
fusion8,256,6,39.0579,11530405409878601149
btree8_a64,256,6,20.2682,11530405409878601149
sorted_array,256,6,12.9745,11530405409878601149
btree8_bl,256,6,27.2110,11530405409878601149
btree16_bl_a64,256,6,17.1539,11530405409878601149
fusion8_bf,256,6,42.7383,11530405409878601149
fusion16_w,256,6,37.7670,11530405409878601149
btree8_bl_a64,256,6,25.2609,11530405409878601149
fusion8_c,256,6,41.9754,11530405409878601149
btree8,256,6,20.9946,11530405409878601149
fusion8_c,256,7,42.8528,11530405409878601149
fusion8_bf,256,7,43.1961,11530405409878601149
sorted_array,256,7,12.9776,11530405409878601149
btree8_bl,256,7,27.1835,11530405409878601149
btree8,256,7,20.7687,11530405409878601149
fusion16_w,256,7,37.8113,11530405409878601149
btree8_a64,256,7,20.1874,11530405409878601149
fusion8,256,7,39.9948,11530405409878601149
btree8_bl_a64,256,7,25.2304,11530405409878601149
btree16_bl_a64,256,7,17.1707,11530405409878601149
fusion8_c,256,8,41.8396,11530405409878601149
btree8_bl,256,8,27.1576,11530405409878601149
btree16_bl_a64,256,8,17.1432,11530405409878601149
fusion16_w,256,8,37.8418,11530405409878601149
btree8_bl_a64,256,8,25.1404,11530405409878601149
btree8,256,8,21.0037,11530405409878601149
btree8_a64,256,8,21.7041,11530405409878601149
fusion8_bf,256,8,42.7734,11530405409878601149
fusion8,256,8,39.1006,11530405409878601149
sorted_array,256,8,12.9486,11530405409878601149
fusion8_bf,256,9,42.5171,11530405409878601149
sorted_array,256,9,12.9471,11530405409878601149
btree8,256,9,20.9641,11530405409878601149
btree8_a64,256,9,21.5164,11530405409878601149
fusion16_w,256,9,37.8967,11530405409878601149
btree8_bl,256,9,27.1576,11530405409878601149
btree8_bl_a64,256,9,25.1923,11530405409878601149
btree16_bl_a64,256,9,17.1143,11530405409878601149
fusion8_c,256,9,41.8686,11530405409878601149
fusion8,256,9,39.0549,11530405409878601149
fusion8,256,10,39.0732,11530405409878601149
btree16_bl_a64,256,10,17.2379,11530405409878601149
btree8_bl_a64,256,10,25.2457,11530405409878601149
sorted_array,256,10,12.9883,11530405409878601149
fusion16_w,256,10,37.8113,11530405409878601149
btree8_bl,256,10,27.1896,11530405409878601149
fusion8_c,256,10,41.7191,11530405409878601149
btree8_a64,256,10,20.2194,11530405409878601149
btree8,256,10,21.0449,11530405409878601149
fusion8_bf,256,10,42.9443,11530405409878601149
fusion8,256,11,41.0278,11530405409878601149
btree8_a64,256,11,19.9890,11530405409878601149
fusion8_bf,256,11,42.8650,11530405409878601149
btree8,256,11,21.0770,11530405409878601149
btree8_bl_a64,256,11,25.2075,11530405409878601149
btree8_bl,256,11,27.4689,11530405409878601149
sorted_array,256,11,12.9807,11530405409878601149
fusion8_c,256,11,42.0090,11530405409878601149
btree16_bl_a64,256,11,17.1341,11530405409878601149
fusion16_w,256,11,37.8555,11530405409878601149
btree8_bl,256,12,27.1515,11530405409878601149
fusion16_w,256,12,37.7914,11530405409878601149
fusion8_bf,256,12,42.5995,11530405409878601149
fusion8,256,12,39.4135,11530405409878601149
sorted_array,256,12,12.9837,11530405409878601149
btree8_a64,256,12,20.1599,11530405409878601149
btree8_bl_a64,256,12,25.2899,11530405409878601149
fusion8_c,256,12,41.9556,11530405409878601149
btree16_bl_a64,256,12,17.1661,11530405409878601149
btree8,256,12,21.0312,11530405409878601149
fusion8,256,13,39.8209,11530405409878601149
fusion16_w,256,13,37.9761,11530405409878601149
btree8_a64,256,13,19.9875,11530405409878601149
fusion8_c,256,13,42.9443,11530405409878601149
btree8,256,13,20.8832,11530405409878601149
btree8_bl,256,13,27.1622,11530405409878601149
fusion8_bf,256,13,43.5196,11530405409878601149
btree16_bl_a64,256,13,17.1631,11530405409878601149
btree8_bl_a64,256,13,25.2182,11530405409878601149
sorted_array,256,13,12.9684,11530405409878601149
btree8_bl_a64,256,14,25.0885,11530405409878601149
fusion16_w,256,14,37.7975,11530405409878601149
btree8,256,14,20.8191,11530405409878601149
btree8_a64,256,14,21.1502,11530405409878601149
sorted_array,256,14,13.0753,11530405409878601149
btree8_bl,256,14,27.2324,11530405409878601149
btree16_bl_a64,256,14,17.2211,11530405409878601149
fusion8_bf,256,14,42.5919,11530405409878601149
fusion8,256,14,39.3768,11530405409878601149
fusion8_c,256,14,41.8228,11530405409878601149
fusion8_c,512,0,43.5974,16697882275220540387
btree8,512,0,23.9624,16697882275220540387
btree8_a64,512,0,24.7665,16697882275220540387
btree8_bl,512,0,26.8372,16697882275220540387
btree8_bl_a64,512,0,24.1196,16697882275220540387
fusion8,512,0,39.4897,16697882275220540387
sorted_array,512,0,14.3814,16697882275220540387
btree16_bl_a64,512,0,25.8698,16697882275220540387
fusion8_bf,512,0,44.3024,16697882275220540387
fusion16_w,512,0,51.2924,16697882275220540387
btree8_a64,512,1,23.1689,16697882275220540387
btree8,512,1,26.1307,16697882275220540387
fusion16_w,512,1,53.0945,16697882275220540387
fusion8,512,1,39.4257,16697882275220540387
btree8_bl,512,1,26.8112,16697882275220540387
btree16_bl_a64,512,1,25.8804,16697882275220540387
btree8_bl_a64,512,1,24.1074,16697882275220540387
fusion8_bf,512,1,44.1818,16697882275220540387
fusion8_c,512,1,43.5181,16697882275220540387
sorted_array,512,1,14.4379,16697882275220540387
fusion16_w,512,2,51.3214,16697882275220540387
btree8_bl_a64,512,2,24.0829,16697882275220540387
btree16_bl_a64,512,2,25.9186,16697882275220540387
fusion8_c,512,2,43.8004,16697882275220540387
fusion8_bf,512,2,44.2001,16697882275220540387
btree8_bl,512,2,26.7776,16697882275220540387
fusion8,512,2,39.3204,16697882275220540387
sorted_array,512,2,14.3494,16697882275220540387
btree8,512,2,23.7350,16697882275220540387
btree8_a64,512,2,24.6368,16697882275220540387
btree8_bl_a64,512,3,24.1196,16697882275220540387
btree8_a64,512,3,23.1842,16697882275220540387
sorted_array,512,3,14.3463,16697882275220540387
fusion8_c,512,3,43.7302,16697882275220540387
btree8,512,3,23.8617,16697882275220540387
fusion8,512,3,40.3641,16697882275220540387
fusion8_bf,512,3,44.4672,16697882275220540387
btree8_bl,512,3,26.8051,16697882275220540387
fusion16_w,512,3,51.4999,16697882275220540387
btree16_bl_a64,512,3,26.0269,16697882275220540387
fusion8_c,512,4,43.5425,16697882275220540387
btree8_bl,512,4,26.7395,16697882275220540387
btree16_bl_a64,512,4,25.8240,16697882275220540387
btree8,512,4,23.7061,16697882275220540387
btree8_bl_a64,512,4,24.0829,16697882275220540387
sorted_array,512,4,14.3921,16697882275220540387
btree8_a64,512,4,24.7238,16697882275220540387
fusion8_bf,512,4,44.5572,16697882275220540387
fusion16_w,512,4,51.2543,16697882275220540387
fusion8,512,4,39.6759,16697882275220540387
btree8_bl_a64,512,5,24.1058,16697882275220540387
btree8_bl,512,5,26.7609,16697882275220540387
fusion8_c,512,5,43.5211,16697882275220540387
btree16_bl_a64,512,5,25.9674,16697882275220540387
btree8,512,5,23.7549,16697882275220540387
btree8_a64,512,5,23.2437,16697882275220540387
fusion16_w,512,5,52.5406,16697882275220540387
sorted_array,512,5,14.3570,16697882275220540387
fusion8_bf,512,5,44.2398,16697882275220540387
fusion8,512,5,39.4531,16697882275220540387
fusion8,512,6,39.3936,16697882275220540387
btree8,512,6,23.4573,16697882275220540387
sorted_array,512,6,14.3906,16697882275220540387
btree16_bl_a64,512,6,26.1078,16697882275220540387
fusion16_w,512,6,51.7059,16697882275220540387
fusion8_c,512,6,43.5242,16697882275220540387
btree8_bl_a64,512,6,24.1135,16697882275220540387
btree8_a64,512,6,23.0377,16697882275220540387
btree8_bl,512,6,26.7868,16697882275220540387
fusion8_bf,512,6,44.5160,16697882275220540387
btree8,512,7,23.7686,16697882275220540387
btree8_a64,512,7,24.5560,16697882275220540387
fusion8_c,512,7,43.9651,16697882275220540387
fusion8_bf,512,7,44.3176,16697882275220540387
fusion8,512,7,39.6423,16697882275220540387
btree8_bl_a64,512,7,24.0967,16697882275220540387
fusion16_w,512,7,51.2924,16697882275220540387
btree16_bl_a64,512,7,26.6891,16697882275220540387
sorted_array,512,7,14.3417,16697882275220540387
btree8_bl,512,7,26.7899,16697882275220540387
sorted_array,512,8,14.3875,16697882275220540387
btree8_bl,512,8,27.6169,16697882275220540387
btree8_bl_a64,512,8,24.1089,16697882275220540387
btree16_bl_a64,512,8,25.9186,16697882275220540387
fusion8_bf,512,8,44.2841,16697882275220540387
fusion8,512,8,39.5660,16697882275220540387
fusion16_w,512,8,51.2421,16697882275220540387
fusion8_c,512,8,43.7393,16697882275220540387
btree8_a64,512,8,23.1018,16697882275220540387
btree8,512,8,25.5356,16697882275220540387
btree8_bl_a64,512,9,24.5880,16697882275220540387
btree8,512,9,24.1470,16697882275220540387
fusion16_w,512,9,52.4155,16697882275220540387
fusion8_c,512,9,43.8431,16697882275220540387
sorted_array,512,9,14.3463,16697882275220540387
btree8_a64,512,9,23.0835,16697882275220540387
btree16_bl_a64,512,9,25.9949,16697882275220540387
fusion8,512,9,39.5828,16697882275220540387
btree8_bl,512,9,26.8066,16697882275220540387
fusion8_bf,512,9,44.3497,16697882275220540387
btree8_bl,512,10,26.7517,16697882275220540387
btree8,512,10,24.1394,16697882275220540387
fusion8_c,512,10,43.7393,16697882275220540387
btree8_bl_a64,512,10,24.2126,16697882275220540387
btree8_a64,512,10,22.9767,16697882275220540387
sorted_array,512,10,14.3448,16697882275220540387
fusion16_w,512,10,52.5146,16697882275220540387
fusion8,512,10,39.7842,16697882275220540387
btree16_bl_a64,512,10,26.0025,16697882275220540387
fusion8_bf,512,10,44.2856,16697882275220540387
btree8_bl_a64,512,11,24.1486,16697882275220540387
fusion8_bf,512,11,44.2184,16697882275220540387
fusion8_c,512,11,43.5074,16697882275220540387
btree8_a64,512,11,22.8607,16697882275220540387
btree8_bl,512,11,26.7914,16697882275220540387
btree16_bl_a64,512,11,26.0345,16697882275220540387
fusion8,512,11,39.2868,16697882275220540387
fusion16_w,512,11,51.6785,16697882275220540387
sorted_array,512,11,14.3417,16697882275220540387
btree8,512,11,23.4573,16697882275220540387
btree8_bl_a64,512,12,24.2584,16697882275220540387
fusion8_bf,512,12,44.9265,16697882275220540387
fusion8_c,512,12,43.7531,16697882275220540387
btree8,512,12,23.4482,16697882275220540387
fusion8,512,12,40.4037,16697882275220540387
btree8_bl,512,12,26.8234,16697882275220540387
btree16_bl_a64,512,12,25.9003,16697882275220540387
btree8_a64,512,12,23.0148,16697882275220540387
sorted_array,512,12,14.3494,16697882275220540387
fusion16_w,512,12,52.3346,16697882275220540387
btree8,512,13,24.1760,16697882275220540387
fusion16_w,512,13,52.3148,16697882275220540387
btree8_a64,512,13,22.8806,16697882275220540387
sorted_array,512,13,14.4440,16697882275220540387
fusion8_bf,512,13,44.6335,16697882275220540387
fusion8,512,13,40.8722,16697882275220540387
btree8_bl,512,13,26.7624,16697882275220540387
btree16_bl_a64,512,13,25.8926,16697882275220540387
btree8_bl_a64,512,13,24.1013,16697882275220540387
fusion8_c,512,13,43.7164,16697882275220540387
btree8_bl_a64,512,14,24.0097,16697882275220540387
fusion8_bf,512,14,44.4214,16697882275220540387
btree8_a64,512,14,22.8882,16697882275220540387
btree8_bl,512,14,26.8372,16697882275220540387
btree16_bl_a64,512,14,25.9979,16697882275220540387
fusion16_w,512,14,51.2497,16697882275220540387
btree8,512,14,23.9899,16697882275220540387
fusion8_c,512,14,43.6615,16697882275220540387
sorted_array,512,14,14.3982,16697882275220540387
fusion8,512,14,41.2094,16697882275220540387
btree8,1024,0,26.8555,1822299186294993737
fusion16_w,1024,0,57.3212,1822299186294993737
btree8_a64,1024,0,26.5808,1822299186294993737
btree8_bl,1024,0,33.6365,1822299186294993737
fusion8_bf,1024,0,53.7872,1822299186294993737
fusion8,1024,0,49.3347,1822299186294993737
btree8_bl_a64,1024,0,32.2662,1822299186294993737
fusion8_c,1024,0,52.1225,1822299186294993737
sorted_array,1024,0,15.9073,1822299186294993737
btree16_bl_a64,1024,0,27.1942,1822299186294993737
btree8,1024,1,26.8127,1822299186294993737
fusion8,1024,1,50.0885,1822299186294993737
fusion8_bf,1024,1,53.5568,1822299186294993737
fusion8_c,1024,1,52.5009,1822299186294993737
fusion16_w,1024,1,56.4850,1822299186294993737
btree8_bl,1024,1,33.2794,1822299186294993737
sorted_array,1024,1,15.8463,1822299186294993737
btree16_bl_a64,1024,1,27.1591,1822299186294993737
btree8_bl_a64,1024,1,30.6976,1822299186294993737
btree8_a64,1024,1,26.2711,1822299186294993737
btree8,1024,2,30.2307,1822299186294993737
fusion8_bf,1024,2,55.5679,1822299186294993737
btree8_a64,1024,2,27.2171,1822299186294993737
btree8_bl,1024,2,33.6761,1822299186294993737
btree16_bl_a64,1024,2,27.3560,1822299186294993737
fusion8_c,1024,2,52.1729,1822299186294993737
fusion16_w,1024,2,56.5521,1822299186294993737
fusion8,1024,2,49.4812,1822299186294993737
sorted_array,1024,2,15.8463,1822299186294993737
btree8_bl_a64,1024,2,30.8884,1822299186294993737
sorted_array,1024,3,15.8905,1822299186294993737
fusion8_c,1024,3,51.8341,1822299186294993737
fusion16_w,1024,3,56.3385,1822299186294993737
btree16_bl_a64,1024,3,27.2964,1822299186294993737
fusion8,1024,3,47.3221,1822299186294993737
btree8_bl_a64,1024,3,30.6778,1822299186294993737
btree8_a64,1024,3,26.4053,1822299186294993737
fusion8_bf,1024,3,55.5710,1822299186294993737
btree8_bl,1024,3,33.4122,1822299186294993737
btree8,1024,3,29.2114,1822299186294993737
btree8_a64,1024,4,29.1138,1822299186294993737
btree8,1024,4,26.3306,1822299186294993737
fusion8_c,1024,4,53.6652,1822299186294993737
btree8_bl,1024,4,33.2687,1822299186294993737
sorted_array,1024,4,15.8829,1822299186294993737
fusion8_bf,1024,4,53.7109,1822299186294993737
btree8_bl_a64,1024,4,30.9860,1822299186294993737
btree16_bl_a64,1024,4,27.1545,1822299186294993737
fusion16_w,1024,4,56.2119,1822299186294993737
fusion8,1024,4,48.3444,1822299186294993737
fusion8,1024,5,48.4009,1822299186294993737
btree16_bl_a64,1024,5,28.3356,1822299186294993737
fusion16_w,1024,5,56.0257,1822299186294993737
btree8_bl,1024,5,33.1955,1822299186294993737
btree8_a64,1024,5,26.5137,1822299186294993737
fusion8_c,1024,5,53.9703,1822299186294993737
btree8,1024,5,26.9760,1822299186294993737
fusion8_bf,1024,5,55.6015,1822299186294993737
btree8_bl_a64,1024,5,31.0928,1822299186294993737
sorted_array,1024,5,15.9302,1822299186294993737
fusion16_w,1024,6,56.1279,1822299186294993737
btree8_bl,1024,6,33.2718,1822299186294993737
fusion8,1024,6,50.0565,1822299186294993737
btree8_a64,1024,6,26.3947,1822299186294993737
btree8,1024,6,30.3055,1822299186294993737
fusion8_c,1024,6,53.6331,1822299186294993737
sorted_array,1024,6,15.8493,1822299186294993737
btree8_bl_a64,1024,6,30.9464,1822299186294993737
btree16_bl_a64,1024,6,27.1759,1822299186294993737
fusion8_bf,1024,6,53.4302,1822299186294993737
sorted_array,1024,7,15.8707,1822299186294993737
fusion8_c,1024,7,52.4536,1822299186294993737
fusion8,1024,7,49.1257,1822299186294993737
btree16_bl_a64,1024,7,27.0248,1822299186294993737
fusion16_w,1024,7,56.3110,1822299186294993737
btree8,1024,7,26.7548,1822299186294993737
btree8_bl_a64,1024,7,32.0938,1822299186294993737
btree8_bl,1024,7,33.4961,1822299186294993737
btree8_a64,1024,7,26.2863,1822299186294993737
fusion8_bf,1024,7,54.1565,1822299186294993737
fusion8,1024,8,48.9212,1822299186294993737
btree8_bl,1024,8,33.3832,1822299186294993737
btree8_bl_a64,1024,8,31.0242,1822299186294993737
fusion8_c,1024,8,52.2476,1822299186294993737
fusion8_bf,1024,8,54.0237,1822299186294993737
btree16_bl_a64,1024,8,27.0935,1822299186294993737
sorted_array,1024,8,15.8310,1822299186294993737
btree8_a64,1024,8,26.1475,1822299186294993737
fusion16_w,1024,8,59.0271,1822299186294993737
btree8,1024,8,27.1210,1822299186294993737
fusion16_w,1024,9,56.3339,1822299186294993737
fusion8,1024,9,47.2198,1822299186294993737
btree8_a64,1024,9,26.5335,1822299186294993737
fusion8_bf,1024,9,55.9494,1822299186294993737
btree16_bl_a64,1024,9,27.1667,1822299186294993737
btree8_bl_a64,1024,9,30.5878,1822299186294993737
btree8_bl,1024,9,33.3221,1822299186294993737
fusion8_c,1024,9,52.1667,1822299186294993737
btree8,1024,9,26.9669,1822299186294993737
sorted_array,1024,9,15.8371,1822299186294993737
fusion8,1024,10,50.5157,1822299186294993737
btree16_bl_a64,1024,10,27.1194,1822299186294993737
fusion8_c,1024,10,51.9791,1822299186294993737
fusion8_bf,1024,10,54.5242,1822299186294993737
fusion16_w,1024,10,56.3461,1822299186294993737
btree8,1024,10,26.9302,1822299186294993737
sorted_array,1024,10,15.8340,1822299186294993737
btree8_bl,1024,10,33.6517,1822299186294993737
btree8_a64,1024,10,26.3992,1822299186294993737
btree8_bl_a64,1024,10,30.9372,1822299186294993737
btree8_bl_a64,1024,11,30.7571,1822299186294993737
sorted_array,1024,11,15.8325,1822299186294993737
btree8,1024,11,26.8646,1822299186294993737
fusion8,1024,11,50.4349,1822299186294993737
fusion8_bf,1024,11,53.9017,1822299186294993737
btree16_bl_a64,1024,11,27.0706,1822299186294993737
fusion16_w,1024,11,56.2424,1822299186294993737
btree8_a64,1024,11,26.3000,1822299186294993737
fusion8_c,1024,11,53.0014,1822299186294993737
btree8_bl,1024,11,33.6197,1822299186294993737
fusion16_w,1024,12,56.3095,1822299186294993737
fusion8,1024,12,48.8281,1822299186294993737
btree16_bl_a64,1024,12,27.0523,1822299186294993737
fusion8_bf,1024,12,53.4927,1822299186294993737
btree8_a64,1024,12,26.5854,1822299186294993737
sorted_array,1024,12,15.8356,1822299186294993737
btree8_bl_a64,1024,12,31.0013,1822299186294993737
btree8_bl,1024,12,33.7692,1822299186294993737
btree8,1024,12,26.8707,1822299186294993737
fusion8_c,1024,12,53.3737,1822299186294993737
btree8_bl,1024,13,33.4244,1822299186294993737
btree8,1024,13,26.8341,1822299186294993737
fusion16_w,1024,13,56.2027,1822299186294993737
sorted_array,1024,13,15.8768,1822299186294993737
btree8_bl_a64,1024,13,30.5878,1822299186294993737
fusion8_bf,1024,13,53.8635,1822299186294993737
btree16_bl_a64,1024,13,27.0905,1822299186294993737
fusion8_c,1024,13,52.0233,1822299186294993737
btree8_a64,1024,13,26.7624,1822299186294993737
fusion8,1024,13,49.4049,1822299186294993737
btree16_bl_a64,1024,14,27.0782,1822299186294993737
fusion8,1024,14,47.1146,1822299186294993737
sorted_array,1024,14,15.8417,1822299186294993737
fusion8_c,1024,14,52.0065,1822299186294993737
btree8,1024,14,26.8341,1822299186294993737
btree8_bl_a64,1024,14,31.0226,1822299186294993737
btree8_bl,1024,14,34.0851,1822299186294993737
fusion16_w,1024,14,56.1996,1822299186294993737
btree8_a64,1024,14,26.3367,1822299186294993737
fusion8_bf,1024,14,55.6595,1822299186294993737
fusion8,2048,0,56.6879,6787589965792239204
fusion16_w,2048,0,59.3063,6787589965792239204
btree8_bl_a64,2048,0,33.3603,6787589965792239204
btree8_bl,2048,0,36.2488,6787589965792239204
fusion8_c,2048,0,57.6294,6787589965792239204
btree16_bl_a64,2048,0,26.4999,6787589965792239204
sorted_array,2048,0,17.2516,6787589965792239204
btree8_a64,2048,0,29.9377,6787589965792239204
btree8,2048,0,33.3008,6787589965792239204
fusion8_bf,2048,0,60.5774,6787589965792239204
fusion8,2048,1,56.9031,6787589965792239204
btree16_bl_a64,2048,1,26.5808,6787589965792239204
sorted_array,2048,1,18.0649,6787589965792239204
btree8_a64,2048,1,30.1010,6787589965792239204
btree8,2048,1,34.2773,6787589965792239204
fusion16_w,2048,1,59.2514,6787589965792239204
fusion8_bf,2048,1,59.9091,6787589965792239204
fusion8_c,2048,1,58.5861,6787589965792239204
btree8_bl,2048,1,36.3678,6787589965792239204
btree8_bl_a64,2048,1,33.5724,6787589965792239204
fusion16_w,2048,2,59.2834,6787589965792239204
btree16_bl_a64,2048,2,26.8509,6787589965792239204
btree8,2048,2,30.5084,6787589965792239204
fusion8_c,2048,2,58.3344,6787589965792239204
sorted_array,2048,2,18.5150,6787589965792239204
btree8_a64,2048,2,30.2948,6787589965792239204
fusion8,2048,2,55.5573,6787589965792239204
fusion8_bf,2048,2,59.6481,6787589965792239204
btree8_bl,2048,2,36.3007,6787589965792239204
btree8_bl_a64,2048,2,33.4351,6787589965792239204
btree8_bl,2048,3,36.1420,6787589965792239204
fusion8_c,2048,3,57.5806,6787589965792239204
sorted_array,2048,3,17.2577,6787589965792239204
btree8_a64,2048,3,30.3802,6787589965792239204
fusion8_bf,2048,3,61.8362,6787589965792239204
btree16_bl_a64,2048,3,26.5121,6787589965792239204
btree8_bl_a64,2048,3,33.5770,6787589965792239204
btree8,2048,3,30.9860,6787589965792239204
fusion16_w,2048,3,59.2316,6787589965792239204
fusion8,2048,3,55.6381,6787589965792239204
btree16_bl_a64,2048,4,26.4328,6787589965792239204
sorted_array,2048,4,17.1844,6787589965792239204
fusion16_w,2048,4,59.1141,6787589965792239204
btree8_bl,2048,4,36.4212,6787589965792239204
btree8_bl_a64,2048,4,33.3130,6787589965792239204
fusion8,2048,4,54.8416,6787589965792239204
btree8_a64,2048,4,30.1651,6787589965792239204
fusion8_bf,2048,4,61.9385,6787589965792239204
btree8,2048,4,30.7358,6787589965792239204
fusion8_c,2048,4,58.3893,6787589965792239204
fusion8,2048,5,54.9744,6787589965792239204
btree8_bl,2048,5,36.3678,6787589965792239204
btree8,2048,5,30.6870,6787589965792239204
fusion8_c,2048,5,58.3511,6787589965792239204
sorted_array,2048,5,17.1982,6787589965792239204
btree8_a64,2048,5,30.0720,6787589965792239204
btree16_bl_a64,2048,5,26.5640,6787589965792239204
btree8_bl_a64,2048,5,33.4152,6787589965792239204
fusion8_bf,2048,5,59.5840,6787589965792239204
fusion16_w,2048,5,59.1003,6787589965792239204
btree8,2048,6,30.8060,6787589965792239204
sorted_array,2048,6,17.1921,6787589965792239204
fusion8,2048,6,56.3690,6787589965792239204
btree8_bl_a64,2048,6,33.2428,6787589965792239204
fusion8_c,2048,6,57.6004,6787589965792239204
fusion8_bf,2048,6,59.3857,6787589965792239204
fusion16_w,2048,6,59.4345,6787589965792239204
btree16_bl_a64,2048,6,26.5060,6787589965792239204
btree8_a64,2048,6,30.2719,6787589965792239204
btree8_bl,2048,6,37.6083,6787589965792239204
fusion8_bf,2048,7,59.4879,6787589965792239204
btree8,2048,7,30.9784,6787589965792239204
btree8_bl,2048,7,36.2320,6787589965792239204
btree16_bl_a64,2048,7,26.3809,6787589965792239204
btree8_bl_a64,2048,7,33.2733,6787589965792239204
fusion8_c,2048,7,57.9300,6787589965792239204
btree8_a64,2048,7,30.1971,6787589965792239204
sorted_array,2048,7,17.2302,6787589965792239204
fusion16_w,2048,7,59.5383,6787589965792239204
fusion8,2048,7,54.7775,6787589965792239204
fusion16_w,2048,8,59.2682,6787589965792239204
btree8,2048,8,30.4657,6787589965792239204
btree8_bl_a64,2048,8,33.7158,6787589965792239204
fusion8_c,2048,8,58.0231,6787589965792239204
btree8_bl,2048,8,36.1816,6787589965792239204
btree8_a64,2048,8,30.1361,6787589965792239204
fusion8_bf,2048,8,62.0056,6787589965792239204
btree16_bl_a64,2048,8,26.7090,6787589965792239204
sorted_array,2048,8,17.2485,6787589965792239204
fusion8,2048,8,54.7119,6787589965792239204
btree8_a64,2048,9,29.8569,6787589965792239204
fusion8,2048,9,56.4438,6787589965792239204
btree8,2048,9,31.0425,6787589965792239204
fusion16_w,2048,9,59.3552,6787589965792239204
btree16_bl_a64,2048,9,26.4069,6787589965792239204
btree8_bl,2048,9,36.1298,6787589965792239204
btree8_bl_a64,2048,9,33.2779,6787589965792239204
fusion8_bf,2048,9,59.5352,6787589965792239204
sorted_array,2048,9,17.2012,6787589965792239204
fusion8_c,2048,9,57.6935,6787589965792239204
btree16_bl_a64,2048,10,26.4053,6787589965792239204
sorted_array,2048,10,17.2058,6787589965792239204
btree8_bl,2048,10,36.1313,6787589965792239204
fusion8_c,2048,10,58.4915,6787589965792239204
fusion8,2048,10,54.6570,6787589965792239204
btree8,2048,10,30.7129,6787589965792239204
fusion16_w,2048,10,59.4116,6787589965792239204
btree8_bl_a64,2048,10,33.4183,6787589965792239204
fusion8_bf,2048,10,59.4528,6787589965792239204
btree8_a64,2048,10,30.2872,6787589965792239204
btree8,2048,11,33.2016,6787589965792239204
btree8_bl_a64,2048,11,33.4274,6787589965792239204
btree8_a64,2048,11,29.9210,6787589965792239204
fusion8_bf,2048,11,61.9202,6787589965792239204
btree8_bl,2048,11,36.4227,6787589965792239204
fusion8_c,2048,11,57.5455,6787589965792239204
fusion16_w,2048,11,59.0729,6787589965792239204
btree16_bl_a64,2048,11,26.4557,6787589965792239204
fusion8,2048,11,54.5197,6787589965792239204
sorted_array,2048,11,17.2302,6787589965792239204
sorted_array,2048,12,17.1707,6787589965792239204
btree16_bl_a64,2048,12,26.3931,6787589965792239204
btree8_bl_a64,2048,12,33.2230,6787589965792239204
fusion8_c,2048,12,57.7225,6787589965792239204
btree8_bl,2048,12,36.1969,6787589965792239204
btree8,2048,12,30.7404,6787589965792239204
fusion8_bf,2048,12,61.4563,6787589965792239204
fusion16_w,2048,12,59.6283,6787589965792239204
btree8_a64,2048,12,30.1941,6787589965792239204
fusion8,2048,12,55.4230,6787589965792239204
fusion16_w,2048,13,59.0714,6787589965792239204
btree8_bl,2048,13,36.1282,6787589965792239204
fusion8,2048,13,54.3198,6787589965792239204
btree16_bl_a64,2048,13,26.3901,6787589965792239204
fusion8_c,2048,13,57.5821,6787589965792239204
btree8_a64,2048,13,30.1376,6787589965792239204
btree8,2048,13,33.3557,6787589965792239204
sorted_array,2048,13,17.1829,6787589965792239204
btree8_bl_a64,2048,13,33.3710,6787589965792239204
fusion8_bf,2048,13,59.5703,6787589965792239204
btree8_bl,2048,14,36.2045,6787589965792239204
btree16_bl_a64,2048,14,26.4084,6787589965792239204
btree8,2048,14,30.5618,6787589965792239204
fusion8_bf,2048,14,61.7676,6787589965792239204
fusion8,2048,14,54.7256,6787589965792239204
btree8_a64,2048,14,29.9911,6787589965792239204
btree8_bl_a64,2048,14,33.3374,6787589965792239204
sorted_array,2048,14,17.2409,6787589965792239204
fusion16_w,2048,14,59.6375,6787589965792239204
fusion8_c,2048,14,57.6172,6787589965792239204
sorted_array,4096,0,20.2774,1914815765761774336
btree8,4096,0,33.6212,1914815765761774336
fusion8_c,4096,0,60.6293,1914815765761774336
fusion8_bf,4096,0,62.2482,1914815765761774336
btree8_bl,4096,0,35.8658,1914815765761774336
fusion16_w,4096,0,59.1293,1914815765761774336
fusion8,4096,0,57.7301,1914815765761774336
btree8_bl_a64,4096,0,33.1970,1914815765761774336
btree16_bl_a64,4096,0,26.2451,1914815765761774336
btree8_a64,4096,0,33.1253,1914815765761774336
fusion16_w,4096,1,59.7961,1914815765761774336
btree16_bl_a64,4096,1,26.1566,1914815765761774336
btree8_bl,4096,1,35.7666,1914815765761774336
btree8_bl_a64,4096,1,32.7499,1914815765761774336
btree8_a64,4096,1,34.8282,1914815765761774336
fusion8_bf,4096,1,65.1077,1914815765761774336
sorted_array,4096,1,18.7439,1914815765761774336
fusion8_c,4096,1,60.1349,1914815765761774336
fusion8,4096,1,58.0917,1914815765761774336
btree8,4096,1,33.5526,1914815765761774336
btree8_bl,4096,2,35.7224,1914815765761774336
fusion8_bf,4096,2,63.0661,1914815765761774336
btree8_bl_a64,4096,2,32.9483,1914815765761774336
fusion16_w,4096,2,59.1843,1914815765761774336
btree8_a64,4096,2,32.9987,1914815765761774336
btree8,4096,2,36.3037,1914815765761774336
btree16_bl_a64,4096,2,26.4282,1914815765761774336
fusion8_c,4096,2,60.7849,1914815765761774336
fusion8,4096,2,56.9107,1914815765761774336
sorted_array,4096,2,18.7500,1914815765761774336
fusion8_c,4096,3,59.8267,1914815765761774336
fusion8_bf,4096,3,63.0280,1914815765761774336
btree8,4096,3,33.4610,1914815765761774336
fusion8,4096,3,57.5409,1914815765761774336
btree16_bl_a64,4096,3,26.1734,1914815765761774336
btree8_bl,4096,3,35.6781,1914815765761774336
sorted_array,4096,3,18.7302,1914815765761774336
fusion16_w,4096,3,59.2911,1914815765761774336
btree8_a64,4096,3,33.7540,1914815765761774336
btree8_bl_a64,4096,3,33.0200,1914815765761774336
btree8_bl,4096,4,35.5896,1914815765761774336
fusion8_c,4096,4,59.7504,1914815765761774336
fusion8,4096,4,58.8074,1914815765761774336
btree8_bl_a64,4096,4,32.8293,1914815765761774336
btree8,4096,4,33.3206,1914815765761774336
sorted_array,4096,4,18.6966,1914815765761774336
fusion16_w,4096,4,59.4452,1914815765761774336
btree16_bl_a64,4096,4,26.1383,1914815765761774336
fusion8_bf,4096,4,62.1887,1914815765761774336
btree8_a64,4096,4,33.5983,1914815765761774336
btree8_bl_a64,4096,5,32.8293,1914815765761774336
btree16_bl_a64,4096,5,26.1246,1914815765761774336
fusion8_c,4096,5,59.8907,1914815765761774336
btree8,4096,5,34.0530,1914815765761774336
fusion16_w,4096,5,59.7076,1914815765761774336
btree8_bl,4096,5,35.6827,1914815765761774336
sorted_array,4096,5,18.7134,1914815765761774336
btree8_a64,4096,5,33.4534,1914815765761774336
fusion8,4096,5,56.9092,1914815765761774336
fusion8_bf,4096,5,62.5931,1914815765761774336
fusion8_bf,4096,6,62.1902,1914815765761774336
btree8_bl,4096,6,35.6827,1914815765761774336
sorted_array,4096,6,18.7393,1914815765761774336
btree8,4096,6,33.5892,1914815765761774336
fusion16_w,4096,6,59.5917,1914815765761774336
btree16_bl_a64,4096,6,27.2293,1914815765761774336
btree8_a64,4096,6,33.3359,1914815765761774336
fusion8,4096,6,57.4387,1914815765761774336
fusion8_c,4096,6,59.9335,1914815765761774336
btree8_bl_a64,4096,6,32.9453,1914815765761774336
btree8,4096,7,33.6044,1914815765761774336
sorted_array,4096,7,18.7180,1914815765761774336
fusion8_c,4096,7,60.5545,1914815765761774336
fusion16_w,4096,7,59.2331,1914815765761774336
btree8_bl_a64,4096,7,32.7850,1914815765761774336
btree8_a64,4096,7,33.3496,1914815765761774336
fusion8_bf,4096,7,66.6321,1914815765761774336
btree16_bl_a64,4096,7,26.1536,1914815765761774336
btree8_bl,4096,7,35.7574,1914815765761774336
fusion8,4096,7,56.9351,1914815765761774336
btree8,4096,8,33.5678,1914815765761774336
btree8_a64,4096,8,35.5560,1914815765761774336
fusion8_c,4096,8,60.6155,1914815765761774336
sorted_array,4096,8,18.7592,1914815765761774336
btree16_bl_a64,4096,8,26.1459,1914815765761774336
btree8_bl_a64,4096,8,33.1131,1914815765761774336
fusion8_bf,4096,8,62.1170,1914815765761774336
fusion16_w,4096,8,59.4620,1914815765761774336
btree8_bl,4096,8,35.6613,1914815765761774336
fusion8,4096,8,57.4066,1914815765761774336
fusion16_w,4096,9,59.2072,1914815765761774336
btree8_a64,4096,9,33.3832,1914815765761774336
sorted_array,4096,9,18.7225,1914815765761774336
btree8_bl_a64,4096,9,32.9178,1914815765761774336
btree8,4096,9,33.7997,1914815765761774336
fusion8_bf,4096,9,63.9465,1914815765761774336
fusion8_c,4096,9,59.7473,1914815765761774336
fusion8,4096,9,59.0164,1914815765761774336
btree8_bl,4096,9,35.7040,1914815765761774336
btree16_bl_a64,4096,9,26.1261,1914815765761774336
sorted_array,4096,10,18.7332,1914815765761774336
fusion16_w,4096,10,59.4513,1914815765761774336
fusion8,4096,10,56.7383,1914815765761774336
btree8_bl_a64,4096,10,32.9681,1914815765761774336
fusion8_c,4096,10,59.8938,1914815765761774336
btree8_a64,4096,10,33.5220,1914815765761774336
btree8,4096,10,36.1267,1914815765761774336
btree8_bl,4096,10,35.7376,1914815765761774336
btree16_bl_a64,4096,10,26.1322,1914815765761774336
fusion8_bf,4096,10,62.1140,1914815765761774336
btree8_bl,4096,11,35.6705,1914815765761774336
btree8_a64,4096,11,32.8186,1914815765761774336
fusion8,4096,11,57.3853,1914815765761774336
btree8_bl_a64,4096,11,32.7591,1914815765761774336
fusion8_c,4096,11,59.7122,1914815765761774336
fusion8_bf,4096,11,62.3367,1914815765761774336
btree16_bl_a64,4096,11,26.1230,1914815765761774336
btree8,4096,11,33.5342,1914815765761774336
fusion16_w,4096,11,59.7809,1914815765761774336
sorted_array,4096,11,18.7164,1914815765761774336
btree8_bl_a64,4096,12,32.9788,1914815765761774336
fusion8_c,4096,12,59.6008,1914815765761774336
btree8_a64,4096,12,33.1467,1914815765761774336
btree16_bl_a64,4096,12,26.1612,1914815765761774336
btree8_bl,4096,12,35.6644,1914815765761774336
btree8,4096,12,33.3923,1914815765761774336
fusion8_bf,4096,12,63.9130,1914815765761774336
fusion8,4096,12,57.7988,1914815765761774336
fusion16_w,4096,12,59.1812,1914815765761774336
sorted_array,4096,12,18.7073,1914815765761774336
btree8_a64,4096,13,33.6197,1914815765761774336
fusion8,4096,13,57.3578,1914815765761774336
btree8_bl,4096,13,35.5988,1914815765761774336
sorted_array,4096,13,18.6691,1914815765761774336
btree8_bl_a64,4096,13,32.8049,1914815765761774336
fusion16_w,4096,13,59.1339,1914815765761774336
btree8,4096,13,33.3725,1914815765761774336
fusion8_bf,4096,13,63.8245,1914815765761774336
btree16_bl_a64,4096,13,26.1292,1914815765761774336
fusion8_c,4096,13,59.6893,1914815765761774336
btree8_bl_a64,4096,14,32.7469,1914815765761774336
fusion8,4096,14,57.1518,1914815765761774336
fusion16_w,4096,14,59.1583,1914815765761774336
fusion8_c,4096,14,59.8969,1914815765761774336
btree8_bl,4096,14,35.6934,1914815765761774336
fusion8_bf,4096,14,62.0758,1914815765761774336
btree16_bl_a64,4096,14,26.1703,1914815765761774336
btree8,4096,14,33.5587,1914815765761774336
btree8_a64,4096,14,35.3760,1914815765761774336
sorted_array,4096,14,18.6615,1914815765761774336
fusion8_bf,8192,0,73.4009,6370395544211917414
fusion8_c,8192,0,68.4311,6370395544211917414
sorted_array,8192,0,23.1674,6370395544211917414
btree8_bl,8192,0,43.1656,6370395544211917414
btree8,8192,0,38.0905,6370395544211917414
btree16_bl_a64,8192,0,41.6595,6370395544211917414
btree8_bl_a64,8192,0,39.1541,6370395544211917414
fusion8,8192,0,66.0461,6370395544211917414
btree8_a64,8192,0,37.2131,6370395544211917414
fusion16_w,8192,0,79.9240,6370395544211917414
fusion8_bf,8192,1,71.4752,6370395544211917414
btree8_a64,8192,1,37.8387,6370395544211917414
fusion8_c,8192,1,69.1147,6370395544211917414
fusion16_w,8192,1,78.7186,6370395544211917414
sorted_array,8192,1,23.1033,6370395544211917414
btree16_bl_a64,8192,1,39.8315,6370395544211917414
btree8_bl_a64,8192,1,38.3087,6370395544211917414
btree8,8192,1,37.4741,6370395544211917414
btree8_bl,8192,1,42.7277,6370395544211917414
fusion8,8192,1,65.0925,6370395544211917414
btree16_bl_a64,8192,2,38.7512,6370395544211917414
btree8_a64,8192,2,37.2711,6370395544211917414
fusion8,8192,2,65.6464,6370395544211917414
sorted_array,8192,2,23.0728,6370395544211917414
fusion8_c,8192,2,68.3456,6370395544211917414
btree8_bl_a64,8192,2,39.0884,6370395544211917414
fusion16_w,8192,2,76.8417,6370395544211917414
fusion8_bf,8192,2,73.1277,6370395544211917414
btree8_bl,8192,2,42.7185,6370395544211917414
btree8,8192,2,37.3566,6370395544211917414
fusion8_bf,8192,3,75.0214,6370395544211917414
btree8,8192,3,36.5814,6370395544211917414
btree16_bl_a64,8192,3,39.5050,6370395544211917414
btree8_a64,8192,3,36.8698,6370395544211917414
btree8_bl,8192,3,42.1555,6370395544211917414
fusion8_c,8192,3,68.8629,6370395544211917414
sorted_array,8192,3,23.0881,6370395544211917414
fusion16_w,8192,3,77.6749,6370395544211917414
fusion8,8192,3,67.7338,6370395544211917414
btree8_bl_a64,8192,3,39.4806,6370395544211917414
btree8_bl,8192,4,42.1509,6370395544211917414
btree8,8192,4,37.2925,6370395544211917414
btree8_a64,8192,4,38.9008,6370395544211917414
sorted_array,8192,4,23.1094,6370395544211917414
btree8_bl_a64,8192,4,38.8977,6370395544211917414
fusion8_c,8192,4,68.0908,6370395544211917414
fusion8_bf,8192,4,73.8403,6370395544211917414
fusion16_w,8192,4,76.4877,6370395544211917414
btree16_bl_a64,8192,4,39.7659,6370395544211917414
fusion8,8192,4,65.3000,6370395544211917414
btree8_bl,8192,5,41.6412,6370395544211917414
btree8_bl_a64,8192,5,38.2599,6370395544211917414
btree8_a64,8192,5,36.8256,6370395544211917414
btree16_bl_a64,8192,5,38.8351,6370395544211917414
sorted_array,8192,5,23.0316,6370395544211917414
fusion16_w,8192,5,76.7349,6370395544211917414
fusion8_c,8192,5,70.1981,6370395544211917414
fusion8_bf,8192,5,71.2921,6370395544211917414
fusion8,8192,5,66.5298,6370395544211917414
btree8,8192,5,37.1292,6370395544211917414
sorted_array,8192,6,23.0591,6370395544211917414
fusion8,8192,6,66.1652,6370395544211917414
fusion8_c,8192,6,67.9306,6370395544211917414
fusion16_w,8192,6,77.4612,6370395544211917414
fusion8_bf,8192,6,72.3465,6370395544211917414
btree8_bl,8192,6,41.8594,6370395544211917414
btree8_a64,8192,6,36.9980,6370395544211917414
btree8,8192,6,39.4821,6370395544211917414
btree16_bl_a64,8192,6,39.1983,6370395544211917414
btree8_bl_a64,8192,6,38.2568,6370395544211917414
btree8_bl_a64,8192,7,37.8189,6370395544211917414
sorted_array,8192,7,23.0072,6370395544211917414
fusion8_bf,8192,7,71.6537,6370395544211917414
btree8,8192,7,37.1445,6370395544211917414
btree16_bl_a64,8192,7,38.8779,6370395544211917414
fusion8,8192,7,64.4913,6370395544211917414
btree8_bl,8192,7,41.6916,6370395544211917414
fusion8_c,8192,7,69.1177,6370395544211917414
btree8_a64,8192,7,36.8393,6370395544211917414
fusion16_w,8192,7,80.0781,6370395544211917414
fusion8,8192,8,64.2136,6370395544211917414
btree16_bl_a64,8192,8,39.2960,6370395544211917414
btree8_a64,8192,8,37.0651,6370395544211917414
fusion16_w,8192,8,80.0720,6370395544211917414
btree8_bl_a64,8192,8,38.8245,6370395544211917414
fusion8_c,8192,8,68.1458,6370395544211917414
fusion8_bf,8192,8,73.5855,6370395544211917414
btree8,8192,8,37.3169,6370395544211917414
btree8_bl,8192,8,42.5934,6370395544211917414
sorted_array,8192,8,23.1110,6370395544211917414
sorted_array,8192,9,23.0698,6370395544211917414
btree8,8192,9,36.8195,6370395544211917414
fusion8_c,8192,9,71.3287,6370395544211917414
fusion8,8192,9,64.8361,6370395544211917414
fusion16_w,8192,9,77.8305,6370395544211917414
btree8_bl,8192,9,42.1555,6370395544211917414
fusion8_bf,8192,9,71.2372,6370395544211917414
btree16_bl_a64,8192,9,39.3784,6370395544211917414
btree8_bl_a64,8192,9,38.5101,6370395544211917414
btree8_a64,8192,9,36.8805,6370395544211917414
fusion16_w,8192,10,78.5324,6370395544211917414
btree16_bl_a64,8192,10,38.6459,6370395544211917414
btree8_a64,8192,10,36.6730,6370395544211917414
fusion8_bf,8192,10,75.1343,6370395544211917414
sorted_array,8192,10,23.1293,6370395544211917414
btree8,8192,10,37.3444,6370395544211917414
fusion8,8192,10,66.4108,6370395544211917414
fusion8_c,8192,10,68.3899,6370395544211917414
btree8_bl,8192,10,42.1188,6370395544211917414
btree8_bl_a64,8192,10,39.1541,6370395544211917414
btree8,8192,11,37.2070,6370395544211917414
fusion8,8192,11,66.4124,6370395544211917414
btree8_a64,8192,11,36.9583,6370395544211917414
fusion8_c,8192,11,70.5490,6370395544211917414
btree16_bl_a64,8192,11,38.9740,6370395544211917414
btree8_bl_a64,8192,11,38.0554,6370395544211917414
btree8_bl,8192,11,41.0187,6370395544211917414
fusion8_bf,8192,11,71.2891,6370395544211917414
sorted_array,8192,11,23.0453,6370395544211917414
fusion16_w,8192,11,79.3869,6370395544211917414
fusion8_c,8192,12,68.9621,6370395544211917414
btree8_bl,8192,12,41.1575,6370395544211917414
fusion8_bf,8192,12,71.3684,6370395544211917414
btree16_bl_a64,8192,12,39.1953,6370395544211917414
sorted_array,8192,12,23.0804,6370395544211917414
fusion8,8192,12,64.4974,6370395544211917414
btree8_a64,8192,12,36.9904,6370395544211917414
fusion16_w,8192,12,79.9240,6370395544211917414
btree8_bl_a64,8192,12,39.1617,6370395544211917414
btree8,8192,12,37.4695,6370395544211917414
btree8_bl,8192,13,42.1356,6370395544211917414
btree8_bl_a64,8192,13,37.9288,6370395544211917414
btree16_bl_a64,8192,13,38.7161,6370395544211917414
btree8,8192,13,37.0270,6370395544211917414
fusion8_bf,8192,13,75.3433,6370395544211917414
fusion16_w,8192,13,76.3962,6370395544211917414
fusion8,8192,13,66.5482,6370395544211917414
sorted_array,8192,13,23.1430,6370395544211917414
btree8_a64,8192,13,37.0712,6370395544211917414
fusion8_c,8192,13,70.7840,6370395544211917414
fusion16_w,8192,14,77.5513,6370395544211917414
fusion8,8192,14,66.2231,6370395544211917414
btree16_bl_a64,8192,14,39.0656,6370395544211917414
btree8_a64,8192,14,36.7615,6370395544211917414
btree8_bl_a64,8192,14,39.9872,6370395544211917414
fusion8_bf,8192,14,71.6675,6370395544211917414
sorted_array,8192,14,23.0942,6370395544211917414
btree8,8192,14,38.8092,6370395544211917414
fusion8_c,8192,14,69.3512,6370395544211917414
btree8_bl,8192,14,42.9001,6370395544211917414
fusion8,16384,0,83.6807,8091356701843327338
btree16_bl_a64,16384,0,47.3694,8091356701843327338
btree8,16384,0,48.6847,8091356701843327338
fusion8_c,16384,0,84.3689,8091356701843327338
btree8_bl,16384,0,51.7120,8091356701843327338
sorted_array,16384,0,29.6173,8091356701843327338
btree8_a64,16384,0,47.6166,8091356701843327338
fusion16_w,16384,0,88.1088,8091356701843327338
fusion8_bf,16384,0,86.8011,8091356701843327338
btree8_bl_a64,16384,0,53.6713,8091356701843327338
fusion8_c,16384,1,81.2256,8091356701843327338
fusion8_bf,16384,1,85.1913,8091356701843327338
btree8_bl,16384,1,50.7019,8091356701843327338
btree16_bl_a64,16384,1,48.9197,8091356701843327338
fusion16_w,16384,1,85.7513,8091356701843327338
btree8_bl_a64,16384,1,51.3199,8091356701843327338
btree8,16384,1,48.5535,8091356701843327338
btree8_a64,16384,1,50.1007,8091356701843327338
sorted_array,16384,1,29.9637,8091356701843327338
fusion8,16384,1,80.4886,8091356701843327338
btree8_bl_a64,16384,2,51.6479,8091356701843327338
sorted_array,16384,2,29.4571,8091356701843327338
fusion8_bf,16384,2,88.1180,8091356701843327338
btree8,16384,2,47.6471,8091356701843327338
fusion8_c,16384,2,86.8622,8091356701843327338
btree8_bl,16384,2,53.1754,8091356701843327338
btree16_bl_a64,16384,2,49.3774,8091356701843327338
fusion16_w,16384,2,89.2075,8091356701843327338
btree8_a64,16384,2,47.1344,8091356701843327338
fusion8,16384,2,80.6396,8091356701843327338
btree16_bl_a64,16384,3,45.4071,8091356701843327338
btree8,16384,3,48.4406,8091356701843327338
fusion16_w,16384,3,85.7880,8091356701843327338
fusion8,16384,3,78.9017,8091356701843327338
btree8_bl_a64,16384,3,50.0305,8091356701843327338
fusion8_c,16384,3,84.2972,8091356701843327338
btree8_a64,16384,3,46.3669,8091356701843327338
sorted_array,16384,3,29.6127,8091356701843327338
fusion8_bf,16384,3,89.9216,8091356701843327338
btree8_bl,16384,3,53.3417,8091356701843327338
btree8_bl,16384,4,49.1623,8091356701843327338
btree8_bl_a64,16384,4,47.3816,8091356701843327338
fusion8_bf,16384,4,83.1161,8091356701843327338
fusion8,16384,4,78.0121,8091356701843327338
fusion16_w,16384,4,88.4399,8091356701843327338
btree8,16384,4,48.6496,8091356701843327338
sorted_array,16384,4,29.3839,8091356701843327338
btree8_a64,16384,4,47.0871,8091356701843327338
btree16_bl_a64,16384,4,45.9671,8091356701843327338
fusion8_c,16384,4,82.3288,8091356701843327338
btree8_bl,16384,5,50.6348,8091356701843327338
btree8_a64,16384,5,46.2448,8091356701843327338
btree8,16384,5,47.7890,8091356701843327338
btree16_bl_a64,16384,5,43.3426,8091356701843327338
fusion16_w,16384,5,85.8154,8091356701843327338
btree8_bl_a64,16384,5,49.7025,8091356701843327338
sorted_array,16384,5,29.3579,8091356701843327338
fusion8_c,16384,5,80.5817,8091356701843327338
fusion8,16384,5,80.8365,8091356701843327338
fusion8_bf,16384,5,87.8357,8091356701843327338
sorted_array,16384,6,29.2694,8091356701843327338
btree16_bl_a64,16384,6,44.1193,8091356701843327338
fusion8,16384,6,78.0151,8091356701843327338
btree8_bl_a64,16384,6,47.7966,8091356701843327338
btree8_a64,16384,6,46.8079,8091356701843327338
fusion16_w,16384,6,88.9114,8091356701843327338
btree8_bl,16384,6,51.4008,8091356701843327338
fusion8_bf,16384,6,84.6375,8091356701843327338
btree8,16384,6,48.0942,8091356701843327338
fusion8_c,16384,6,88.0463,8091356701843327338
fusion16_w,16384,7,84.0500,8091356701843327338
btree8_bl,16384,7,50.2762,8091356701843327338
fusion8_bf,16384,7,83.7799,8091356701843327338
btree16_bl_a64,16384,7,45.6955,8091356701843327338
btree8,16384,7,47.4182,8091356701843327338
btree8_bl_a64,16384,7,48.8739,8091356701843327338
btree8_a64,16384,7,46.3104,8091356701843327338
fusion8_c,16384,7,86.1511,8091356701843327338
fusion8,16384,7,81.0822,8091356701843327338
sorted_array,16384,7,29.8050,8091356701843327338
btree16_bl_a64,16384,8,44.5160,8091356701843327338
btree8_a64,16384,8,46.6141,8091356701843327338
btree8,16384,8,49.0387,8091356701843327338
sorted_array,16384,8,29.2603,8091356701843327338
btree8_bl_a64,16384,8,48.3002,8091356701843327338
fusion8_c,16384,8,81.3721,8091356701843327338
btree8_bl,16384,8,52.9053,8091356701843327338
fusion8,16384,8,79.1290,8091356701843327338
fusion8_bf,16384,8,85.6873,8091356701843327338
fusion16_w,16384,8,87.9868,8091356701843327338
sorted_array,16384,9,29.3793,8091356701843327338
btree8,16384,9,47.2672,8091356701843327338
btree16_bl_a64,16384,9,47.6685,8091356701843327338
fusion8_bf,16384,9,86.2534,8091356701843327338
fusion8,16384,9,82.6202,8091356701843327338
btree8_bl,16384,9,51.5198,8091356701843327338
fusion16_w,16384,9,85.3012,8091356701843327338
btree8_a64,16384,9,47.7646,8091356701843327338
btree8_bl_a64,16384,9,50.4318,8091356701843327338
fusion8_c,16384,9,83.1131,8091356701843327338
btree8,16384,10,48.7549,8091356701843327338
fusion8_bf,16384,10,89.0640,8091356701843327338
fusion8_c,16384,10,81.3736,8091356701843327338
btree8_a64,16384,10,48.0606,8091356701843327338
fusion16_w,16384,10,89.4089,8091356701843327338
fusion8,16384,10,79.5853,8091356701843327338
btree16_bl_a64,16384,10,46.0464,8091356701843327338
btree8_bl,16384,10,52.3193,8091356701843327338
btree8_bl_a64,16384,10,50.4578,8091356701843327338
sorted_array,16384,10,29.6509,8091356701843327338
fusion8,16384,11,77.2812,8091356701843327338
btree8_a64,16384,11,46.0342,8091356701843327338
btree8_bl_a64,16384,11,47.5555,8091356701843327338
fusion8_bf,16384,11,85.7269,8091356701843327338
fusion8_c,16384,11,84.5184,8091356701843327338
btree8,16384,11,47.3831,8091356701843327338
sorted_array,16384,11,29.3457,8091356701843327338
btree16_bl_a64,16384,11,43.9697,8091356701843327338
btree8_bl,16384,11,50.0854,8091356701843327338
fusion16_w,16384,11,85.6995,8091356701843327338
btree8_a64,16384,12,46.3669,8091356701843327338
sorted_array,16384,12,29.2740,8091356701843327338
btree8,16384,12,48.7381,8091356701843327338
btree8_bl,16384,12,49.9527,8091356701843327338
btree8_bl_a64,16384,12,48.0301,8091356701843327338
fusion8_c,16384,12,81.1996,8091356701843327338
fusion8,16384,12,80.5969,8091356701843327338
fusion16_w,16384,12,84.1949,8091356701843327338
btree16_bl_a64,16384,12,44.3771,8091356701843327338
fusion8_bf,16384,12,85.3668,8091356701843327338
btree16_bl_a64,16384,13,42.5797,8091356701843327338
btree8_bl,16384,13,50.0839,8091356701843327338
fusion8_c,16384,13,81.7413,8091356701843327338
btree8,16384,13,48.1033,8091356701843327338
fusion16_w,16384,13,86.7096,8091356701843327338
btree8_bl_a64,16384,13,48.3078,8091356701843327338
btree8_a64,16384,13,47.3206,8091356701843327338
fusion8_bf,16384,13,89.7476,8091356701843327338
fusion8,16384,13,80.4169,8091356701843327338
sorted_array,16384,13,29.5578,8091356701843327338
fusion8_c,16384,14,81.7505,8091356701843327338
sorted_array,16384,14,29.3320,8091356701843327338
btree16_bl_a64,16384,14,44.4626,8091356701843327338
fusion16_w,16384,14,85.2737,8091356701843327338
btree8_a64,16384,14,47.2260,8091356701843327338
btree8,16384,14,49.9802,8091356701843327338
btree8_bl_a64,16384,14,49.8169,8091356701843327338
fusion8,16384,14,78.9597,8091356701843327338
btree8_bl,16384,14,52.3193,8091356701843327338
fusion8_bf,16384,14,84.8495,8091356701843327338
btree8_a64,32768,0,47.8790,1451882096117854496
fusion16_w,32768,0,89.2120,1451882096117854496
sorted_array,32768,0,37.6282,1451882096117854496
btree8,32768,0,48.4955,1451882096117854496
fusion8_bf,32768,0,94.1101,1451882096117854496
fusion8,32768,0,85.6628,1451882096117854496
btree16_bl_a64,32768,0,46.4523,1451882096117854496
btree8_bl,32768,0,53.3493,1451882096117854496
btree8_bl_a64,32768,0,49.7101,1451882096117854496
fusion8_c,32768,0,85.0586,1451882096117854496
btree8_bl,32768,1,49.4614,1451882096117854496
btree8_bl_a64,32768,1,47.3190,1451882096117854496
fusion16_w,32768,1,89.3127,1451882096117854496
fusion8,32768,1,81.7566,1451882096117854496
sorted_array,32768,1,37.1704,1451882096117854496
btree16_bl_a64,32768,1,43.6401,1451882096117854496
fusion8_bf,32768,1,90.5273,1451882096117854496
fusion8_c,32768,1,84.6848,1451882096117854496
btree8_a64,32768,1,49.1745,1451882096117854496
btree8,32768,1,48.3582,1451882096117854496
btree8,32768,2,46.9345,1451882096117854496
fusion8,32768,2,82.7133,1451882096117854496
btree8_bl,32768,2,51.7731,1451882096117854496
btree16_bl_a64,32768,2,43.7500,1451882096117854496
fusion16_w,32768,2,90.6113,1451882096117854496
fusion8_bf,32768,2,89.9384,1451882096117854496
btree8_a64,32768,2,49.1135,1451882096117854496
sorted_array,32768,2,37.0743,1451882096117854496
fusion8_c,32768,2,89.0442,1451882096117854496
btree8_bl_a64,32768,2,51.3657,1451882096117854496
fusion8_c,32768,3,83.3527,1451882096117854496
btree8_bl_a64,32768,3,46.5591,1451882096117854496
btree8_bl,32768,3,50.8316,1451882096117854496
fusion8,32768,3,81.8436,1451882096117854496
sorted_array,32768,3,36.8576,1451882096117854496
btree8_a64,32768,3,48.2651,1451882096117854496
fusion8_bf,32768,3,92.3416,1451882096117854496
btree8,32768,3,48.7289,1451882096117854496
fusion16_w,32768,3,91.6290,1451882096117854496
btree16_bl_a64,32768,3,44.9799,1451882096117854496
fusion8,32768,4,81.9290,1451882096117854496
btree8_bl_a64,32768,4,49.6872,1451882096117854496
fusion8_bf,32768,4,89.6667,1451882096117854496
fusion16_w,32768,4,89.0472,1451882096117854496
btree8_bl,32768,4,51.5152,1451882096117854496
fusion8_c,32768,4,85.1379,1451882096117854496
sorted_array,32768,4,37.4619,1451882096117854496
btree8_a64,32768,4,48.6130,1451882096117854496
btree16_bl_a64,32768,4,43.1854,1451882096117854496
btree8,32768,4,48.2025,1451882096117854496
fusion8_bf,32768,5,90.2725,1451882096117854496
fusion16_w,32768,5,89.4806,1451882096117854496
btree8_bl_a64,32768,5,48.6710,1451882096117854496
btree8_a64,32768,5,46.9788,1451882096117854496
fusion8,32768,5,82.2037,1451882096117854496
fusion8_c,32768,5,85.4782,1451882096117854496
btree8,32768,5,50.3479,1451882096117854496
sorted_array,32768,5,36.9949,1451882096117854496
btree16_bl_a64,32768,5,44.0643,1451882096117854496
btree8_bl,32768,5,51.4069,1451882096117854496
btree8,32768,6,47.4030,1451882096117854496
fusion8_bf,32768,6,89.6820,1451882096117854496
fusion8,32768,6,81.3202,1451882096117854496
btree16_bl_a64,32768,6,42.5613,1451882096117854496
btree8_a64,32768,6,47.1436,1451882096117854496
fusion8_c,32768,6,87.9150,1451882096117854496
fusion16_w,32768,6,92.2989,1451882096117854496
sorted_array,32768,6,36.8195,1451882096117854496
btree8_bl_a64,32768,6,48.8724,1451882096117854496
btree8_bl,32768,6,50.9048,1451882096117854496
fusion8,32768,7,81.2210,1451882096117854496
fusion8_bf,32768,7,88.2217,1451882096117854496
fusion8_c,32768,7,85.8093,1451882096117854496
sorted_array,32768,7,36.8484,1451882096117854496
btree8_bl_a64,32768,7,48.3765,1451882096117854496
btree16_bl_a64,32768,7,43.7744,1451882096117854496
btree8,32768,7,48.2925,1451882096117854496
btree8_bl,32768,7,50.5981,1451882096117854496
fusion16_w,32768,7,90.2374,1451882096117854496
btree8_a64,32768,7,48.6786,1451882096117854496
fusion8_bf,32768,8,91.3452,1451882096117854496
btree16_bl_a64,32768,8,43.6096,1451882096117854496
btree8_bl,32768,8,49.3713,1451882096117854496
fusion8_c,32768,8,85.5789,1451882096117854496
fusion8,32768,8,82.0709,1451882096117854496
btree8,32768,8,48.1140,1451882096117854496
btree8_bl_a64,32768,8,49.6292,1451882096117854496
sorted_array,32768,8,36.9278,1451882096117854496
btree8_a64,32768,8,47.2763,1451882096117854496
fusion16_w,32768,8,91.0919,1451882096117854496
btree8_bl_a64,32768,9,47.6700,1451882096117854496
fusion8,32768,9,80.9433,1451882096117854496
fusion8_bf,32768,9,88.0020,1451882096117854496
btree8_a64,32768,9,48.6771,1451882096117854496
sorted_array,32768,9,36.9583,1451882096117854496
btree8_bl,32768,9,52.1469,1451882096117854496
btree16_bl_a64,32768,9,44.9188,1451882096117854496
fusion16_w,32768,9,89.0732,1451882096117854496
btree8,32768,9,47.9721,1451882096117854496
fusion8_c,32768,9,89.6637,1451882096117854496
fusion8_c,32768,10,87.8174,1451882096117854496
fusion16_w,32768,10,89.2975,1451882096117854496
sorted_array,32768,10,36.8988,1451882096117854496
fusion8_bf,32768,10,90.7272,1451882096117854496
btree16_bl_a64,32768,10,43.5944,1451882096117854496
btree8_bl_a64,32768,10,48.8983,1451882096117854496
fusion8,32768,10,81.8024,1451882096117854496
btree8,32768,10,47.5906,1451882096117854496
btree8_bl,32768,10,52.8519,1451882096117854496
btree8_a64,32768,10,47.7875,1451882096117854496
fusion8_bf,32768,11,90.9821,1451882096117854496
btree16_bl_a64,32768,11,46.1411,1451882096117854496
btree8,32768,11,47.6105,1451882096117854496
btree8_bl,32768,11,50.0061,1451882096117854496
fusion8,32768,11,80.9830,1451882096117854496
btree8_a64,32768,11,47.0352,1451882096117854496
btree8_bl_a64,32768,11,48.9227,1451882096117854496
fusion16_w,32768,11,90.5319,1451882096117854496
fusion8_c,32768,11,86.6501,1451882096117854496
sorted_array,32768,11,36.8423,1451882096117854496
fusion8_c,32768,12,84.7672,1451882096117854496
btree8_bl,32768,12,49.3713,1451882096117854496
btree8_a64,32768,12,47.0734,1451882096117854496
sorted_array,32768,12,37.7487,1451882096117854496
btree8_bl_a64,32768,12,47.3969,1451882096117854496
fusion8,32768,12,81.5063,1451882096117854496
btree16_bl_a64,32768,12,46.2646,1451882096117854496
fusion8_bf,32768,12,88.6047,1451882096117854496
fusion16_w,32768,12,91.1728,1451882096117854496
btree8,32768,12,48.0560,1451882096117854496
sorted_array,32768,13,37.6602,1451882096117854496
fusion8_c,32768,13,88.4766,1451882096117854496
btree8_a64,32768,13,47.9034,1451882096117854496
btree8_bl,32768,13,51.1353,1451882096117854496
fusion16_w,32768,13,88.8733,1451882096117854496
btree8,32768,13,47.6761,1451882096117854496
fusion8_bf,32768,13,90.6281,1451882096117854496
btree8_bl_a64,32768,13,48.7595,1451882096117854496
btree16_bl_a64,32768,13,43.7012,1451882096117854496
fusion8,32768,13,82.5378,1451882096117854496
btree16_bl_a64,32768,14,42.3340,1451882096117854496
fusion8_bf,32768,14,87.6816,1451882096117854496
btree8_bl_a64,32768,14,47.4472,1451882096117854496
fusion8,32768,14,79.9240,1451882096117854496
fusion16_w,32768,14,91.3635,1451882096117854496
btree8_bl,32768,14,50.5417,1451882096117854496
btree8,32768,14,47.6486,1451882096117854496
sorted_array,32768,14,37.0804,1451882096117854496
fusion8_c,32768,14,89.1144,1451882096117854496
btree8_a64,32768,14,47.7448,1451882096117854496
fusion8,65536,0,95.4025,1313883487276844600
fusion8_bf,65536,0,98.7564,1313883487276844600
fusion8_c,65536,0,98.6115,1313883487276844600
btree8_bl_a64,65536,0,63.2950,1313883487276844600
btree8_a64,65536,0,56.7062,1313883487276844600
btree16_bl_a64,65536,0,46.6797,1313883487276844600
fusion16_w,65536,0,95.0470,1313883487276844600
btree8_bl,65536,0,63.8016,1313883487276844600
sorted_array,65536,0,48.2346,1313883487276844600
btree8,65536,0,56.4392,1313883487276844600
btree8_bl_a64,65536,1,60.7483,1313883487276844600
fusion16_w,65536,1,92.1234,1313883487276844600
fusion8_c,65536,1,96.6095,1313883487276844600
fusion8,65536,1,101.5289,1313883487276844600
sorted_array,65536,1,49.0204,1313883487276844600
btree16_bl_a64,65536,1,50.2991,1313883487276844600
btree8,65536,1,58.2397,1313883487276844600
btree8_bl,65536,1,63.7283,1313883487276844600
fusion8_bf,65536,1,105.9647,1313883487276844600
btree8_a64,65536,1,59.8450,1313883487276844600
btree8_a64,65536,2,52.3163,1313883487276844600
sorted_array,65536,2,49.0479,1313883487276844600
btree16_bl_a64,65536,2,49.2767,1313883487276844600
fusion8_c,65536,2,108.7372,1313883487276844600
btree8,65536,2,56.1386,1313883487276844600
btree8_bl,65536,2,58.8364,1313883487276844600
fusion8,65536,2,93.1290,1313883487276844600
fusion16_w,65536,2,93.3746,1313883487276844600
fusion8_bf,65536,2,100.5402,1313883487276844600
btree8_bl_a64,65536,2,64.1464,1313883487276844600
btree8_a64,65536,3,55.8121,1313883487276844600
fusion16_w,65536,3,91.8442,1313883487276844600
fusion8_bf,65536,3,97.7081,1313883487276844600
btree8_bl,65536,3,60.2142,1313883487276844600
sorted_array,65536,3,48.0576,1313883487276844600
fusion8_c,65536,3,97.1161,1313883487276844600
btree8,65536,3,55.4520,1313883487276844600
fusion8,65536,3,93.7317,1313883487276844600
btree8_bl_a64,65536,3,57.1716,1313883487276844600
btree16_bl_a64,65536,3,50.3906,1313883487276844600
fusion8_bf,65536,4,97.9324,1313883487276844600
btree8_a64,65536,4,56.7657,1313883487276844600
btree16_bl_a64,65536,4,44.9631,1313883487276844600
sorted_array,65536,4,47.7554,1313883487276844600
btree8,65536,4,55.1422,1313883487276844600
btree8_bl,65536,4,58.7173,1313883487276844600
fusion8,65536,4,89.4562,1313883487276844600
fusion16_w,65536,4,95.3949,1313883487276844600
btree8_bl_a64,65536,4,57.4402,1313883487276844600
fusion8_c,65536,4,97.8012,1313883487276844600
btree8_bl_a64,65536,5,52.3895,1313883487276844600
sorted_array,65536,5,47.5586,1313883487276844600
fusion8_bf,65536,5,101.4938,1313883487276844600
fusion8_c,65536,5,96.1700,1313883487276844600
btree16_bl_a64,65536,5,50.3998,1313883487276844600
fusion16_w,65536,5,94.7327,1313883487276844600
btree8,65536,5,57.9254,1313883487276844600
btree8_bl,65536,5,59.2438,1313883487276844600
fusion8,65536,5,92.9901,1313883487276844600
btree8_a64,65536,5,57.1274,1313883487276844600
fusion8,65536,6,90.9805,1313883487276844600
fusion8_bf,65536,6,100.8331,1313883487276844600
fusion8_c,65536,6,98.8495,1313883487276844600
btree8_a64,65536,6,54.5868,1313883487276844600
btree16_bl_a64,65536,6,48.5260,1313883487276844600
btree8,65536,6,56.4758,1313883487276844600
fusion16_w,65536,6,93.9194,1313883487276844600
btree8_bl_a64,65536,6,60.2356,1313883487276844600
sorted_array,65536,6,48.1491,1313883487276844600
btree8_bl,65536,6,61.2885,1313883487276844600
btree8_bl,65536,7,52.8717,1313883487276844600
fusion8_bf,65536,7,97.9050,1313883487276844600
sorted_array,65536,7,47.9599,1313883487276844600
fusion8,65536,7,96.8796,1313883487276844600
fusion16_w,65536,7,93.2495,1313883487276844600
btree16_bl_a64,65536,7,46.5149,1313883487276844600
btree8,65536,7,55.9738,1313883487276844600
btree8_a64,65536,7,56.3004,1313883487276844600
btree8_bl_a64,65536,7,59.5886,1313883487276844600
fusion8_c,65536,7,95.6284,1313883487276844600
fusion8_bf,65536,8,101.0361,1313883487276844600
fusion16_w,65536,8,90.6830,1313883487276844600
btree8,65536,8,55.6732,1313883487276844600
btree16_bl_a64,65536,8,45.6970,1313883487276844600
fusion8_c,65536,8,99.8062,1313883487276844600
btree8_bl_a64,65536,8,57.0236,1313883487276844600
sorted_array,65536,8,49.3027,1313883487276844600
btree8_a64,65536,8,57.7682,1313883487276844600
btree8_bl,65536,8,59.3277,1313883487276844600
fusion8,65536,8,97.5403,1313883487276844600
btree8,65536,9,56.1111,1313883487276844600
btree8_bl_a64,65536,9,56.4453,1313883487276844600
btree16_bl_a64,65536,9,44.8807,1313883487276844600
fusion8_bf,65536,9,99.6231,1313883487276844600
btree8_bl,65536,9,59.8267,1313883487276844600
fusion8,65536,9,91.3513,1313883487276844600
btree8_a64,65536,9,55.9647,1313883487276844600
fusion16_w,65536,9,97.2214,1313883487276844600
sorted_array,65536,9,47.9782,1313883487276844600
fusion8_c,65536,9,96.3303,1313883487276844600
btree16_bl_a64,65536,10,46.2814,1313883487276844600
btree8_a64,65536,10,56.1615,1313883487276844600
fusion8,65536,10,93.0786,1313883487276844600
fusion8_c,65536,10,92.6437,1313883487276844600
sorted_array,65536,10,48.5153,1313883487276844600
btree8_bl_a64,65536,10,59.2606,1313883487276844600
btree8,65536,10,55.6656,1313883487276844600
fusion8_bf,65536,10,104.4159,1313883487276844600
fusion16_w,65536,10,96.9406,1313883487276844600
btree8_bl,65536,10,61.3907,1313883487276844600
fusion8,65536,11,94.8608,1313883487276844600
btree8,65536,11,55.7755,1313883487276844600
fusion16_w,65536,11,96.9360,1313883487276844600
btree8_bl,65536,11,58.7509,1313883487276844600
fusion8_c,65536,11,101.3809,1313883487276844600
btree8_bl_a64,65536,11,59.1949,1313883487276844600
btree8_a64,65536,11,57.7744,1313883487276844600
fusion8_bf,65536,11,103.9230,1313883487276844600
btree16_bl_a64,65536,11,50.0412,1313883487276844600
sorted_array,65536,11,48.2727,1313883487276844600
fusion16_w,65536,12,92.0868,1313883487276844600
fusion8_c,65536,12,96.2357,1313883487276844600
btree8_bl_a64,65536,12,59.1568,1313883487276844600
fusion8,65536,12,94.7540,1313883487276844600
fusion8_bf,65536,12,102.3712,1313883487276844600
sorted_array,65536,12,47.7036,1313883487276844600
btree8_bl,65536,12,60.7880,1313883487276844600
btree16_bl_a64,65536,12,45.2820,1313883487276844600
btree8,65536,12,56.2393,1313883487276844600
btree8_a64,65536,12,57.7530,1313883487276844600
btree8_bl_a64,65536,13,56.0791,1313883487276844600
fusion8_bf,65536,13,96.8399,1313883487276844600
btree16_bl_a64,65536,13,42.6743,1313883487276844600
btree8_a64,65536,13,54.6783,1313883487276844600
fusion16_w,65536,13,96.1334,1313883487276844600
fusion8,65536,13,91.7786,1313883487276844600
sorted_array,65536,13,49.5010,1313883487276844600
btree8,65536,13,55.1270,1313883487276844600
btree8_bl,65536,13,62.9593,1313883487276844600
fusion8_c,65536,13,99.3790,1313883487276844600
btree8_bl_a64,65536,14,58.1528,1313883487276844600
btree8_a64,65536,14,56.3782,1313883487276844600
fusion16_w,65536,14,93.1442,1313883487276844600
btree8_bl,65536,14,58.4671,1313883487276844600
fusion8_bf,65536,14,105.1544,1313883487276844600
sorted_array,65536,14,47.5418,1313883487276844600
fusion8_c,65536,14,97.7081,1313883487276844600
btree8,65536,14,54.2862,1313883487276844600
fusion8,65536,14,94.9661,1313883487276844600
btree16_bl_a64,65536,14,46.6400,1313883487276844600
btree8_bl_a64,131072,0,114.3814,7532165159138614248
btree8,131072,0,88.8977,7532165159138614248
fusion8_bf,131072,0,168.4555,7532165159138614248
fusion16_w,131072,0,159.7397,7532165159138614248
fusion8,131072,0,153.3875,7532165159138614248
btree16_bl_a64,131072,0,102.6413,7532165159138614248
btree8_a64,131072,0,93.5989,7532165159138614248
sorted_array,131072,0,61.7096,7532165159138614248
fusion8_c,131072,0,154.7867,7532165159138614248
btree8_bl,131072,0,103.1769,7532165159138614248
fusion8_c,131072,1,119.0811,7532165159138614248
fusion8,131072,1,154.5456,7532165159138614248
sorted_array,131072,1,63.6765,7532165159138614248
btree8_a64,131072,1,95.5765,7532165159138614248
fusion8_bf,131072,1,163.6780,7532165159138614248
btree8_bl,131072,1,103.1509,7532165159138614248
btree8,131072,1,89.9399,7532165159138614248
btree16_bl_a64,131072,1,110.5865,7532165159138614248
fusion16_w,131072,1,153.7216,7532165159138614248
btree8_bl_a64,131072,1,105.5603,7532165159138614248
btree8,131072,2,87.3657,7532165159138614248
sorted_array,131072,2,62.4725,7532165159138614248
fusion8_c,131072,2,152.1088,7532165159138614248
btree16_bl_a64,131072,2,109.6710,7532165159138614248
fusion8,131072,2,156.0059,7532165159138614248
fusion16_w,131072,2,159.4162,7532165159138614248
btree8_a64,131072,2,96.6339,7532165159138614248
btree8_bl_a64,131072,2,108.2016,7532165159138614248
fusion8_bf,131072,2,161.2839,7532165159138614248
btree8_bl,131072,2,109.6710,7532165159138614248
fusion8,131072,3,171.8414,7532165159138614248
btree8_bl,131072,3,104.8462,7532165159138614248
btree16_bl_a64,131072,3,102.0096,7532165159138614248
fusion8_bf,131072,3,165.4572,7532165159138614248
sorted_array,131072,3,61.5891,7532165159138614248
btree8,131072,3,90.7166,7532165159138614248
fusion8_c,131072,3,158.5236,7532165159138614248
btree8_a64,131072,3,94.5435,7532165159138614248
btree8_bl_a64,131072,3,113.6856,7532165159138614248
fusion16_w,131072,3,152.3102,7532165159138614248
btree16_bl_a64,131072,4,100.9659,7532165159138614248
fusion8_bf,131072,4,161.9385,7532165159138614248
btree8,131072,4,92.6758,7532165159138614248
fusion8_c,131072,4,153.5843,7532165159138614248
fusion8,131072,4,162.0132,7532165159138614248
btree8_bl_a64,131072,4,103.0731,7532165159138614248
sorted_array,131072,4,64.8285,7532165159138614248
btree8_bl,131072,4,104.8050,7532165159138614248
fusion16_w,131072,4,152.3499,7532165159138614248
btree8_a64,131072,4,92.8146,7532165159138614248
fusion8_bf,131072,5,169.8639,7532165159138614248
fusion8_c,131072,5,156.7886,7532165159138614248
fusion16_w,131072,5,162.3291,7532165159138614248
btree16_bl_a64,131072,5,108.3084,7532165159138614248
btree8_a64,131072,5,97.1375,7532165159138614248
btree8_bl_a64,131072,5,110.6628,7532165159138614248
fusion8,131072,5,151.1917,7532165159138614248
btree8,131072,5,89.3936,7532165159138614248
btree8_bl,131072,5,101.9806,7532165159138614248
sorted_array,131072,5,61.7340,7532165159138614248
btree16_bl_a64,131072,6,98.5504,7532165159138614248
fusion8_c,131072,6,146.7285,7532165159138614248
btree8_bl_a64,131072,6,112.8815,7532165159138614248
sorted_array,131072,6,62.9501,7532165159138614248
btree8_bl,131072,6,94.6152,7532165159138614248
btree8,131072,6,87.0270,7532165159138614248
btree8_a64,131072,6,97.4030,7532165159138614248
fusion16_w,131072,6,152.8610,7532165159138614248
fusion8_bf,131072,6,155.1239,7532165159138614248
fusion8,131072,6,153.8651,7532165159138614248
btree8_a64,131072,7,93.0130,7532165159138614248
fusion8_bf,131072,7,160.5728,7532165159138614248
fusion8,131072,7,144.9707,7532165159138614248
btree8_bl,131072,7,103.8452,7532165159138614248
btree8_bl_a64,131072,7,119.8700,7532165159138614248
btree16_bl_a64,131072,7,97.5082,7532165159138614248
fusion8_c,131072,7,150.9964,7532165159138614248
btree8,131072,7,92.5629,7532165159138614248
fusion16_w,131072,7,155.3741,7532165159138614248
sorted_array,131072,7,63.9267,7532165159138614248
fusion8_c,131072,8,145.8115,7532165159138614248
btree16_bl_a64,131072,8,103.2669,7532165159138614248
btree8_bl_a64,131072,8,101.6235,7532165159138614248
fusion8_bf,131072,8,162.4283,7532165159138614248
fusion16_w,131072,8,158.6182,7532165159138614248
btree8_bl,131072,8,102.5665,7532165159138614248
btree8_a64,131072,8,95.3995,7532165159138614248
btree8,131072,8,95.1691,7532165159138614248
fusion8,131072,8,157.7530,7532165159138614248
sorted_array,131072,8,62.5015,7532165159138614248
fusion8,131072,9,120.9045,7532165159138614248
fusion16_w,131072,9,151.5930,7532165159138614248
sorted_array,131072,9,61.5891,7532165159138614248
btree8_bl_a64,131072,9,107.9300,7532165159138614248
btree16_bl_a64,131072,9,99.4827,7532165159138614248
fusion8_bf,131072,9,164.4302,7532165159138614248
btree8_a64,131072,9,96.2860,7532165159138614248
btree8_bl,131072,9,100.9583,7532165159138614248
btree8,131072,9,91.1743,7532165159138614248
fusion8_c,131072,9,153.6911,7532165159138614248
fusion8,131072,10,156.0013,7532165159138614248
sorted_array,131072,10,61.8073,7532165159138614248
fusion8_bf,131072,10,156.0425,7532165159138614248
btree8,131072,10,95.8084,7532165159138614248
fusion8_c,131072,10,146.6446,7532165159138614248
btree16_bl_a64,131072,10,104.3182,7532165159138614248
fusion16_w,131072,10,153.7628,7532165159138614248
btree8_bl_a64,131072,10,107.4585,7532165159138614248
btree8_bl,131072,10,99.8413,7532165159138614248
btree8_a64,131072,10,96.3089,7532165159138614248
btree8_a64,131072,11,71.2128,7532165159138614248
btree8_bl_a64,131072,11,98.1445,7532165159138614248
fusion8,131072,11,155.9540,7532165159138614248
btree8_bl,131072,11,97.6013,7532165159138614248
fusion8_c,131072,11,149.9451,7532165159138614248
fusion16_w,131072,11,151.6541,7532165159138614248
sorted_array,131072,11,64.1724,7532165159138614248
btree16_bl_a64,131072,11,103.3371,7532165159138614248
fusion8_bf,131072,11,157.1426,7532165159138614248
btree8,131072,11,89.0900,7532165159138614248
fusion8_bf,131072,12,148.2178,7532165159138614248
fusion8,131072,12,154.9698,7532165159138614248
btree16_bl_a64,131072,12,98.8388,7532165159138614248
btree8_bl_a64,131072,12,106.5308,7532165159138614248
sorted_array,131072,12,63.7817,7532165159138614248
fusion16_w,131072,12,152.6779,7532165159138614248
fusion8_c,131072,12,154.8813,7532165159138614248
btree8_a64,131072,12,96.3531,7532165159138614248
btree8,131072,12,96.1334,7532165159138614248
btree8_bl,131072,12,107.1228,7532165159138614248
sorted_array,131072,13,61.6333,7532165159138614248
btree8,131072,13,77.6245,7532165159138614248
fusion8,131072,13,161.8637,7532165159138614248
btree8_a64,131072,13,95.6848,7532165159138614248
fusion8_c,131072,13,149.9130,7532165159138614248
fusion8_bf,131072,13,159.9304,7532165159138614248
btree8_bl,131072,13,96.2112,7532165159138614248
btree16_bl_a64,131072,13,96.9482,7532165159138614248
btree8_bl_a64,131072,13,105.0552,7532165159138614248
fusion16_w,131072,13,155.1224,7532165159138614248
fusion8_c,131072,14,146.1517,7532165159138614248
btree8_a64,131072,14,96.0907,7532165159138614248
btree8,131072,14,89.1022,7532165159138614248
fusion16_w,131072,14,155.4230,7532165159138614248
btree8_bl_a64,131072,14,105.3452,7532165159138614248
fusion8,131072,14,149.4186,7532165159138614248
fusion8_bf,131072,14,158.2535,7532165159138614248
btree16_bl_a64,131072,14,104.9347,7532165159138614248
btree8_bl,131072,14,104.6387,7532165159138614248
sorted_array,131072,14,65.6052,7532165159138614248
btree16_bl_a64,262144,0,152.4185,14595982901779754467
btree8_bl,262144,0,115.2588,14595982901779754467
btree8_bl_a64,262144,0,119.4382,14595982901779754467
btree8,262144,0,95.9320,14595982901779754467
fusion8_c,262144,0,168.7592,14595982901779754467
fusion8_bf,262144,0,162.8799,14595982901779754467
fusion8,262144,0,166.7999,14595982901779754467
sorted_array,262144,0,75.3479,14595982901779754467
btree8_a64,262144,0,104.0558,14595982901779754467
fusion16_w,262144,0,204.9088,14595982901779754467
sorted_array,262144,1,78.3798,14595982901779754467
fusion16_w,262144,1,154.8462,14595982901779754467
fusion8_c,262144,1,153.6957,14595982901779754467
btree8,262144,1,93.6935,14595982901779754467
btree8_a64,262144,1,102.5085,14595982901779754467
btree8_bl,262144,1,109.5749,14595982901779754467
fusion8_bf,262144,1,164.7217,14595982901779754467
btree8_bl_a64,262144,1,123.2803,14595982901779754467
btree16_bl_a64,262144,1,150.7477,14595982901779754467
fusion8,262144,1,177.2461,14595982901779754467
fusion8_c,262144,2,159.2194,14595982901779754467
fusion16_w,262144,2,189.1663,14595982901779754467
btree8,262144,2,99.4186,14595982901779754467
btree8_bl,262144,2,115.4327,14595982901779754467
sorted_array,262144,2,74.8672,14595982901779754467
btree8_a64,262144,2,104.0375,14595982901779754467
fusion8,262144,2,157.0587,14595982901779754467
btree8_bl_a64,262144,2,121.4325,14595982901779754467
btree16_bl_a64,262144,2,192.8909,14595982901779754467
fusion8_bf,262144,2,176.5518,14595982901779754467
btree8_bl_a64,262144,3,119.2566,14595982901779754467
btree8_a64,262144,3,97.5906,14595982901779754467
fusion8_bf,262144,3,156.8161,14595982901779754467
sorted_array,262144,3,76.4420,14595982901779754467
fusion8_c,262144,3,159.3887,14595982901779754467
fusion8,262144,3,160.3867,14595982901779754467
btree8,262144,3,95.0821,14595982901779754467
btree16_bl_a64,262144,3,151.8173,14595982901779754467
btree8_bl,262144,3,117.5781,14595982901779754467
fusion16_w,262144,3,190.9424,14595982901779754467
btree8,262144,4,93.6020,14595982901779754467
btree8_a64,262144,4,105.3314,14595982901779754467
btree8_bl_a64,262144,4,123.6023,14595982901779754467
btree16_bl_a64,262144,4,150.9018,14595982901779754467
fusion8_bf,262144,4,176.8036,14595982901779754467
sorted_array,262144,4,78.1479,14595982901779754467
btree8_bl,262144,4,108.9951,14595982901779754467
fusion8,262144,4,160.1486,14595982901779754467
fusion16_w,262144,4,198.6725,14595982901779754467
fusion8_c,262144,4,160.8612,14595982901779754467
fusion16_w,262144,5,184.2773,14595982901779754467
fusion8_bf,262144,5,163.8474,14595982901779754467
btree8_a64,262144,5,102.5696,14595982901779754467
fusion8_c,262144,5,155.3192,14595982901779754467
btree16_bl_a64,262144,5,151.9440,14595982901779754467
fusion8,262144,5,176.9974,14595982901779754467
btree8_bl_a64,262144,5,123.7671,14595982901779754467
btree8_bl,262144,5,108.2031,14595982901779754467
sorted_array,262144,5,75.0061,14595982901779754467
btree8,262144,5,93.1335,14595982901779754467
fusion8_c,262144,6,159.6527,14595982901779754467
btree8_bl_a64,262144,6,117.8253,14595982901779754467
btree16_bl_a64,262144,6,153.2181,14595982901779754467
btree8_bl,262144,6,117.9657,14595982901779754467
btree8,262144,6,91.3025,14595982901779754467
fusion8,262144,6,163.7161,14595982901779754467
fusion8_bf,262144,6,168.6371,14595982901779754467
fusion16_w,262144,6,190.4663,14595982901779754467
sorted_array,262144,6,78.0197,14595982901779754467
btree8_a64,262144,6,95.6589,14595982901779754467
btree8_bl_a64,262144,7,119.4962,14595982901779754467
fusion8,262144,7,162.8433,14595982901779754467
fusion8_c,262144,7,157.2815,14595982901779754467
fusion16_w,262144,7,189.3066,14595982901779754467
btree8,262144,7,98.9105,14595982901779754467
sorted_array,262144,7,77.1164,14595982901779754467
btree16_bl_a64,262144,7,151.5533,14595982901779754467
fusion8_bf,262144,7,163.7024,14595982901779754467
btree8_bl,262144,7,109.4284,14595982901779754467
btree8_a64,262144,7,99.9527,14595982901779754467
sorted_array,262144,8,76.3519,14595982901779754467
btree8_a64,262144,8,76.7136,14595982901779754467
btree16_bl_a64,262144,8,149.2035,14595982901779754467
btree8,262144,8,94.0674,14595982901779754467
fusion8,262144,8,157.6218,14595982901779754467
btree8_bl_a64,262144,8,116.8335,14595982901779754467
fusion8_c,262144,8,167.0929,14595982901779754467
fusion16_w,262144,8,190.8539,14595982901779754467
fusion8_bf,262144,8,161.7783,14595982901779754467
btree8_bl,262144,8,109.5230,14595982901779754467
btree8,262144,9,94.3253,14595982901779754467
btree8_bl,262144,9,84.3201,14595982901779754467
btree8_bl_a64,262144,9,122.2244,14595982901779754467
fusion16_w,262144,9,192.4301,14595982901779754467
fusion8_c,262144,9,162.2787,14595982901779754467
btree8_a64,262144,9,100.7019,14595982901779754467
fusion8_bf,262144,9,172.2321,14595982901779754467
sorted_array,262144,9,78.1998,14595982901779754467
fusion8,262144,9,164.9719,14595982901779754467
btree16_bl_a64,262144,9,155.8319,14595982901779754467
fusion8,262144,10,143.6661,14595982901779754467
sorted_array,262144,10,76.5762,14595982901779754467
btree8_a64,262144,10,104.0588,14595982901779754467
btree8_bl,262144,10,117.5491,14595982901779754467
btree8,262144,10,100.1312,14595982901779754467
btree8_bl_a64,262144,10,128.3493,14595982901779754467
btree16_bl_a64,262144,10,153.7567,14595982901779754467
fusion16_w,262144,10,189.5294,14595982901779754467
fusion8_c,262144,10,154.8767,14595982901779754467
fusion8_bf,262144,10,163.0997,14595982901779754467
btree8_bl,262144,11,111.7050,14595982901779754467
btree16_bl_a64,262144,11,150.9338,14595982901779754467
fusion8_bf,262144,11,158.5876,14595982901779754467
sorted_array,262144,11,76.3992,14595982901779754467
fusion16_w,262144,11,187.8586,14595982901779754467
btree8_a64,262144,11,101.7242,14595982901779754467
btree8_bl_a64,262144,11,119.8303,14595982901779754467
fusion8_c,262144,11,157.2006,14595982901779754467
btree8,262144,11,94.4199,14595982901779754467
fusion8,262144,11,166.3300,14595982901779754467
btree8_bl_a64,262144,12,119.0430,14595982901779754467
fusion8_bf,262144,12,168.8766,14595982901779754467
fusion8,262144,12,162.2925,14595982901779754467
btree16_bl_a64,262144,12,154.3671,14595982901779754467
btree8,262144,12,96.8048,14595982901779754467
fusion8_c,262144,12,160.7742,14595982901779754467
btree8_bl,262144,12,112.0346,14595982901779754467
sorted_array,262144,12,75.1541,14595982901779754467
btree8_a64,262144,12,102.2217,14595982901779754467
fusion16_w,262144,12,202.7145,14595982901779754467
fusion8,262144,13,175.1343,14595982901779754467
btree8_a64,262144,13,97.3389,14595982901779754467
btree16_bl_a64,262144,13,151.8417,14595982901779754467
fusion8_c,262144,13,164.6561,14595982901779754467
btree8_bl_a64,262144,13,120.8939,14595982901779754467
sorted_array,262144,13,74.7818,14595982901779754467
fusion16_w,262144,13,189.4150,14595982901779754467
btree8,262144,13,95.4590,14595982901779754467
btree8_bl,262144,13,110.8749,14595982901779754467
fusion8_bf,262144,13,166.8930,14595982901779754467
btree8_a64,262144,14,106.1935,14595982901779754467
sorted_array,262144,14,75.1541,14595982901779754467
fusion8_c,262144,14,159.5444,14595982901779754467
btree8_bl_a64,262144,14,118.7042,14595982901779754467
btree16_bl_a64,262144,14,152.6093,14595982901779754467
fusion16_w,262144,14,191.4429,14595982901779754467
fusion8_bf,262144,14,169.1620,14595982901779754467
btree8_bl,262144,14,118.4433,14595982901779754467
fusion8,262144,14,163.2675,14595982901779754467
btree8,262144,14,91.6397,14595982901779754467
sorted_array,524288,0,126.1978,2430445356442705539
fusion8_c,524288,0,155.5069,2430445356442705539
btree8_bl,524288,0,117.4652,2430445356442705539
btree8_a64,524288,0,101.2039,2430445356442705539
fusion8_bf,524288,0,179.6555,2430445356442705539
fusion8,524288,0,165.0162,2430445356442705539
btree8,524288,0,98.9105,2430445356442705539
btree8_bl_a64,524288,0,120.3812,2430445356442705539
btree16_bl_a64,524288,0,163.4018,2430445356442705539
fusion16_w,524288,0,206.4102,2430445356442705539
btree8,524288,1,99.3118,2430445356442705539
fusion8_bf,524288,1,175.7156,2430445356442705539
btree8_bl_a64,524288,1,121.7880,2430445356442705539
sorted_array,524288,1,122.6746,2430445356442705539
btree8_bl,524288,1,114.5676,2430445356442705539
btree8_a64,524288,1,103.4607,2430445356442705539
fusion16_w,524288,1,225.6744,2430445356442705539
fusion8_c,524288,1,164.5126,2430445356442705539
fusion8,524288,1,164.3631,2430445356442705539
btree16_bl_a64,524288,1,164.4913,2430445356442705539
btree8_bl,524288,2,113.8672,2430445356442705539
btree8,524288,2,95.6329,2430445356442705539
fusion8,524288,2,156.9504,2430445356442705539
btree8_a64,524288,2,99.9039,2430445356442705539
btree16_bl_a64,524288,2,165.4144,2430445356442705539
fusion8_c,524288,2,160.6277,2430445356442705539
btree8_bl_a64,524288,2,125.0031,2430445356442705539
fusion8_bf,524288,2,173.7701,2430445356442705539
fusion16_w,524288,2,224.1592,2430445356442705539
sorted_array,524288,2,122.5082,2430445356442705539
sorted_array,524288,3,107.5485,2430445356442705539
btree8_a64,524288,3,99.9359,2430445356442705539
btree16_bl_a64,524288,3,162.7548,2430445356442705539
fusion8_c,524288,3,164.1144,2430445356442705539
btree8,524288,3,99.1699,2430445356442705539
fusion8,524288,3,166.8228,2430445356442705539
btree8_bl_a64,524288,3,119.3954,2430445356442705539
btree8_bl,524288,3,112.2162,2430445356442705539
fusion16_w,524288,3,213.9648,2430445356442705539
fusion8_bf,524288,3,170.8237,2430445356442705539
btree8_a64,524288,4,103.8254,2430445356442705539
btree8_bl_a64,524288,4,117.5980,2430445356442705539
btree16_bl_a64,524288,4,163.8397,2430445356442705539
sorted_array,524288,4,121.9864,2430445356442705539
btree8_bl,524288,4,114.8315,2430445356442705539
fusion8,524288,4,169.3192,2430445356442705539
fusion8_bf,524288,4,175.1480,2430445356442705539
btree8,524288,4,101.7105,2430445356442705539
fusion16_w,524288,4,223.3658,2430445356442705539
fusion8_c,524288,4,158.9203,2430445356442705539
btree8_bl,524288,5,110.2493,2430445356442705539
btree8_bl_a64,524288,5,119.3405,2430445356442705539
btree16_bl_a64,524288,5,164.5554,2430445356442705539
fusion8_c,524288,5,159.0515,2430445356442705539
fusion16_w,524288,5,218.8400,2430445356442705539
btree8,524288,5,93.4387,2430445356442705539
fusion8,524288,5,163.8367,2430445356442705539
sorted_array,524288,5,124.5422,2430445356442705539
fusion8_bf,524288,5,174.4659,2430445356442705539
btree8_a64,524288,5,101.2085,2430445356442705539
btree16_bl_a64,524288,6,159.7427,2430445356442705539
sorted_array,524288,6,125.3006,2430445356442705539
btree8_bl_a64,524288,6,120.3827,2430445356442705539
fusion8,524288,6,162.1170,2430445356442705539
fusion8_bf,524288,6,167.7811,2430445356442705539
btree8,524288,6,94.1223,2430445356442705539
fusion16_w,524288,6,216.5192,2430445356442705539
btree8_a64,524288,6,108.2016,2430445356442705539
btree8_bl,524288,6,113.2553,2430445356442705539
fusion8_c,524288,6,164.8132,2430445356442705539
fusion8,524288,7,162.9013,2430445356442705539
sorted_array,524288,7,125.1022,2430445356442705539
fusion16_w,524288,7,211.4319,2430445356442705539
fusion8_bf,524288,7,176.6815,2430445356442705539
btree16_bl_a64,524288,7,165.9256,2430445356442705539
btree8_bl,524288,7,108.0215,2430445356442705539
btree8_bl_a64,524288,7,119.3054,2430445356442705539
btree8_a64,524288,7,112.1597,2430445356442705539
btree8,524288,7,127.9327,2430445356442705539
fusion8_c,524288,7,170.8313,2430445356442705539
fusion8_bf,524288,8,176.5945,2430445356442705539
fusion8_c,524288,8,148.7213,2430445356442705539
fusion16_w,524288,8,211.2183,2430445356442705539
btree16_bl_a64,524288,8,163.9816,2430445356442705539
sorted_array,524288,8,123.9014,2430445356442705539
btree8,524288,8,93.5883,2430445356442705539
btree8_bl_a64,524288,8,119.3375,2430445356442705539
btree8_bl,524288,8,112.6907,2430445356442705539
fusion8,524288,8,173.1613,2430445356442705539
btree8_a64,524288,8,98.8998,2430445356442705539
sorted_array,524288,9,123.1979,2430445356442705539
fusion8_bf,524288,9,177.4323,2430445356442705539
fusion8,524288,9,167.3325,2430445356442705539
fusion8_c,524288,9,166.5680,2430445356442705539
btree8_bl_a64,524288,9,128.4210,2430445356442705539
btree16_bl_a64,524288,9,160.1471,2430445356442705539
btree8,524288,9,100.7019,2430445356442705539
btree8_bl,524288,9,120.4544,2430445356442705539
fusion16_w,524288,9,208.9203,2430445356442705539
btree8_a64,524288,9,100.5417,2430445356442705539
btree8_a64,524288,10,75.3937,2430445356442705539
fusion16_w,524288,10,203.7674,2430445356442705539
fusion8_bf,524288,10,165.5899,2430445356442705539
fusion8,524288,10,158.7601,2430445356442705539
btree8,524288,10,94.4550,2430445356442705539
btree16_bl_a64,524288,10,162.5336,2430445356442705539
btree8_bl,524288,10,113.9496,2430445356442705539
btree8_bl_a64,524288,10,123.3948,2430445356442705539
sorted_array,524288,10,118.9606,2430445356442705539
fusion8_c,524288,10,159.8007,2430445356442705539
fusion8_bf,524288,11,178.6682,2430445356442705539
btree8,524288,11,94.5831,2430445356442705539
fusion8,524288,11,166.7023,2430445356442705539
btree8_a64,524288,11,98.2574,2430445356442705539
btree16_bl_a64,524288,11,164.0717,2430445356442705539
fusion8_c,524288,11,161.3892,2430445356442705539
btree8_bl,524288,11,110.3027,2430445356442705539
fusion16_w,524288,11,209.3674,2430445356442705539
btree8_bl_a64,524288,11,129.7150,2430445356442705539
sorted_array,524288,11,123.8297,2430445356442705539
fusion16_w,524288,12,197.5174,2430445356442705539
btree16_bl_a64,524288,12,161.0718,2430445356442705539
btree8_bl,524288,12,111.3968,2430445356442705539
sorted_array,524288,12,126.7929,2430445356442705539
fusion8_c,524288,12,155.9174,2430445356442705539
btree8,524288,12,99.4553,2430445356442705539
fusion8,524288,12,168.2129,2430445356442705539
fusion8_bf,524288,12,171.4828,2430445356442705539
btree8_bl_a64,524288,12,124.5529,2430445356442705539
btree8_a64,524288,12,101.1795,2430445356442705539
btree8_bl_a64,524288,13,88.2645,2430445356442705539
btree8,524288,13,102.2415,2430445356442705539
fusion16_w,524288,13,224.7559,2430445356442705539
btree16_bl_a64,524288,13,162.9501,2430445356442705539
btree8_bl,524288,13,115.4617,2430445356442705539
btree8_a64,524288,13,101.1612,2430445356442705539
fusion8_c,524288,13,169.8441,2430445356442705539
fusion8_bf,524288,13,174.6399,2430445356442705539
fusion8,524288,13,158.9890,2430445356442705539
sorted_array,524288,13,119.9997,2430445356442705539
fusion8_bf,524288,14,162.9028,2430445356442705539
btree16_bl_a64,524288,14,162.7975,2430445356442705539
fusion16_w,524288,14,214.0167,2430445356442705539
fusion8_c,524288,14,161.7020,2430445356442705539
sorted_array,524288,14,123.1232,2430445356442705539
fusion8,524288,14,162.4924,2430445356442705539
btree8_bl,524288,14,112.0438,2430445356442705539
btree8_a64,524288,14,106.5079,2430445356442705539
btree8,524288,14,94.3832,2430445356442705539
btree8_bl_a64,524288,14,128.2684,2430445356442705539
btree8_bl,1048576,0,250.1724,9246909816537294732
fusion16_w,1048576,0,220.5734,9246909816537294732
fusion8_bf,1048576,0,337.5748,9246909816537294732
btree16_bl_a64,1048576,0,165.3198,9246909816537294732
fusion8_c,1048576,0,300.6012,9246909816537294732
btree8,1048576,0,245.2896,9246909816537294732
btree8_a64,1048576,0,247.6181,9246909816537294732
fusion8,1048576,0,328.1189,9246909816537294732
sorted_array,1048576,0,205.9113,9246909816537294732
btree8_bl_a64,1048576,0,224.0875,9246909816537294732
sorted_array,1048576,1,191.0904,9246909816537294732
btree8_bl,1048576,1,231.2454,9246909816537294732
fusion8,1048576,1,328.5995,9246909816537294732
btree8_a64,1048576,1,244.0338,9246909816537294732
btree8,1048576,1,245.9824,9246909816537294732
btree8_bl_a64,1048576,1,233.2932,9246909816537294732
fusion8_bf,1048576,1,336.4410,9246909816537294732
btree16_bl_a64,1048576,1,161.9278,9246909816537294732
fusion16_w,1048576,1,223.6053,9246909816537294732
fusion8_c,1048576,1,324.1455,9246909816537294732
fusion8,1048576,2,343.0237,9246909816537294732
btree16_bl_a64,1048576,2,160.8307,9246909816537294732
btree8,1048576,2,246.5881,9246909816537294732
fusion8_bf,1048576,2,341.3406,9246909816537294732
btree8_bl,1048576,2,245.9763,9246909816537294732
btree8_bl_a64,1048576,2,234.7855,9246909816537294732
fusion8_c,1048576,2,298.2254,9246909816537294732
btree8_a64,1048576,2,244.6655,9246909816537294732
sorted_array,1048576,2,200.6500,9246909816537294732
fusion16_w,1048576,2,227.2293,9246909816537294732
fusion8_bf,1048576,3,334.8740,9246909816537294732
fusion8,1048576,3,339.5370,9246909816537294732
fusion16_w,1048576,3,226.0330,9246909816537294732
btree8,1048576,3,244.0201,9246909816537294732
fusion8_c,1048576,3,318.9362,9246909816537294732
sorted_array,1048576,3,201.9760,9246909816537294732
btree8_bl_a64,1048576,3,229.0833,9246909816537294732
btree16_bl_a64,1048576,3,162.7838,9246909816537294732
btree8_bl,1048576,3,233.5541,9246909816537294732
btree8_a64,1048576,3,300.6790,9246909816537294732
btree8_bl_a64,1048576,4,239.5950,9246909816537294732
btree8,1048576,4,241.2949,9246909816537294732
fusion8_bf,1048576,4,375.6165,9246909816537294732
btree16_bl_a64,1048576,4,180.7175,9246909816537294732
btree8_a64,1048576,4,260.9116,9246909816537294732
btree8_bl,1048576,4,262.9333,9246909816537294732
sorted_array,1048576,4,222.9568,9246909816537294732
fusion8,1048576,4,371.8155,9246909816537294732
fusion8_c,1048576,4,313.6063,9246909816537294732
fusion16_w,1048576,4,238.4476,9246909816537294732
fusion8,1048576,5,342.7856,9246909816537294732
btree8,1048576,5,244.4839,9246909816537294732
btree8_bl_a64,1048576,5,227.9556,9246909816537294732
fusion8_c,1048576,5,301.6388,9246909816537294732
sorted_array,1048576,5,205.4520,9246909816537294732
btree8_a64,1048576,5,246.2936,9246909816537294732
fusion16_w,1048576,5,221.0037,9246909816537294732
btree16_bl_a64,1048576,5,164.8743,9246909816537294732
btree8_bl,1048576,5,234.2255,9246909816537294732
fusion8_bf,1048576,5,334.6100,9246909816537294732
btree8,1048576,6,246.4142,9246909816537294732
sorted_array,1048576,6,205.2917,9246909816537294732
fusion8,1048576,6,336.1450,9246909816537294732
fusion8_c,1048576,6,303.1815,9246909816537294732
fusion8_bf,1048576,6,335.5164,9246909816537294732
fusion16_w,1048576,6,226.5869,9246909816537294732
btree8_bl_a64,1048576,6,235.5820,9246909816537294732
btree16_bl_a64,1048576,6,160.6644,9246909816537294732
btree8_bl,1048576,6,230.7312,9246909816537294732
btree8_a64,1048576,6,245.3781,9246909816537294732
fusion8,1048576,7,327.8427,9246909816537294732
btree8_bl_a64,1048576,7,226.4664,9246909816537294732
btree8,1048576,7,243.8690,9246909816537294732
fusion8_c,1048576,7,306.6391,9246909816537294732
fusion16_w,1048576,7,219.0659,9246909816537294732
fusion8_bf,1048576,7,347.1100,9246909816537294732
btree8_a64,1048576,7,246.5515,9246909816537294732
btree16_bl_a64,1048576,7,163.1836,9246909816537294732
sorted_array,1048576,7,208.3679,9246909816537294732
btree8_bl,1048576,7,243.0603,9246909816537294732
btree8,1048576,8,248.1018,9246909816537294732
fusion8_bf,1048576,8,346.4218,9246909816537294732
fusion8,1048576,8,345.2194,9246909816537294732
fusion16_w,1048576,8,221.8964,9246909816537294732
btree8_a64,1048576,8,245.7336,9246909816537294732
btree8_bl_a64,1048576,8,247.3892,9246909816537294732
fusion8_c,1048576,8,312.2406,9246909816537294732
btree8_bl,1048576,8,244.8120,9246909816537294732
sorted_array,1048576,8,210.3226,9246909816537294732
btree16_bl_a64,1048576,8,165.2527,9246909816537294732
fusion16_w,1048576,9,224.5834,9246909816537294732
btree8_a64,1048576,9,251.5869,9246909816537294732
fusion8_c,1048576,9,329.9408,9246909816537294732
fusion8,1048576,9,329.0176,9246909816537294732
sorted_array,1048576,9,210.7925,9246909816537294732
fusion8_bf,1048576,9,329.9286,9246909816537294732
btree8,1048576,9,239.9811,9246909816537294732
btree16_bl_a64,1048576,9,165.2939,9246909816537294732
btree8_bl_a64,1048576,9,228.7003,9246909816537294732
btree8_bl,1048576,9,238.6017,9246909816537294732
fusion16_w,1048576,10,224.2233,9246909816537294732
btree8_bl_a64,1048576,10,228.1433,9246909816537294732
fusion8,1048576,10,332.3135,9246909816537294732
fusion8_bf,1048576,10,337.1643,9246909816537294732
btree16_bl_a64,1048576,10,161.6028,9246909816537294732
btree8_bl,1048576,10,232.8979,9246909816537294732
btree8,1048576,10,240.0421,9246909816537294732
fusion8_c,1048576,10,300.2167,9246909816537294732
btree8_a64,1048576,10,244.1925,9246909816537294732
sorted_array,1048576,10,211.9751,9246909816537294732
btree8_bl_a64,1048576,11,231.4362,9246909816537294732
fusion8,1048576,11,331.5308,9246909816537294732
sorted_array,1048576,11,211.0123,9246909816537294732
btree8,1048576,11,244.6579,9246909816537294732
fusion8_c,1048576,11,304.9835,9246909816537294732
btree16_bl_a64,1048576,11,165.8447,9246909816537294732
btree8_bl,1048576,11,233.8898,9246909816537294732
btree8_a64,1048576,11,244.2383,9246909816537294732
fusion16_w,1048576,11,227.3804,9246909816537294732
fusion8_bf,1048576,11,338.0035,9246909816537294732
sorted_array,1048576,12,209.6390,9246909816537294732
fusion8_c,1048576,12,304.7852,9246909816537294732
btree8,1048576,12,240.6540,9246909816537294732
btree8_bl,1048576,12,238.7009,9246909816537294732
fusion8,1048576,12,326.2085,9246909816537294732
fusion16_w,1048576,12,230.1331,9246909816537294732
btree8_a64,1048576,12,244.0338,9246909816537294732
btree8_bl_a64,1048576,12,232.1533,9246909816537294732
btree16_bl_a64,1048576,12,162.0178,9246909816537294732
fusion8_bf,1048576,12,330.2597,9246909816537294732
fusion8,1048576,13,339.4409,9246909816537294732
sorted_array,1048576,13,210.6232,9246909816537294732
btree8_bl_a64,1048576,13,223.5809,9246909816537294732
btree16_bl_a64,1048576,13,162.9440,9246909816537294732
fusion8_bf,1048576,13,325.2777,9246909816537294732
btree8_a64,1048576,13,252.2888,9246909816537294732
fusion16_w,1048576,13,239.0686,9246909816537294732
fusion8_c,1048576,13,301.7334,9246909816537294732
btree8,1048576,13,244.8669,9246909816537294732
btree8_bl,1048576,13,238.4796,9246909816537294732
btree16_bl_a64,1048576,14,166.9510,9246909816537294732
btree8_bl,1048576,14,224.1470,9246909816537294732
sorted_array,1048576,14,200.2884,9246909816537294732
btree8,1048576,14,248.4055,9246909816537294732
fusion16_w,1048576,14,233.5571,9246909816537294732
fusion8_c,1048576,14,303.3005,9246909816537294732
btree8_a64,1048576,14,242.3447,9246909816537294732
fusion8_bf,1048576,14,352.3666,9246909816537294732
btree8_bl_a64,1048576,14,234.2621,9246909816537294732
fusion8,1048576,14,326.1734,9246909816537294732
btree8_a64,2097152,0,251.4511,14519592687764155675
btree8_bl_a64,2097152,0,276.7685,14519592687764155675
fusion8_c,2097152,0,315.1917,14519592687764155675
fusion16_w,2097152,0,353.4836,14519592687764155675
btree16_bl_a64,2097152,0,253.2349,14519592687764155675
fusion8,2097152,0,345.3644,14519592687764155675
fusion8_bf,2097152,0,417.3737,14519592687764155675
btree8,2097152,0,384.2743,14519592687764155675
btree8_bl,2097152,0,290.7242,14519592687764155675
sorted_array,2097152,0,296.3425,14519592687764155675
fusion8_c,2097152,1,314.9551,14519592687764155675
fusion16_w,2097152,1,353.5019,14519592687764155675
fusion8_bf,2097152,1,347.7234,14519592687764155675
btree8_a64,2097152,1,252.2324,14519592687764155675
sorted_array,2097152,1,294.4504,14519592687764155675
btree8_bl,2097152,1,282.0267,14519592687764155675
btree8,2097152,1,254.8828,14519592687764155675
btree8_bl_a64,2097152,1,273.0698,14519592687764155675
fusion8,2097152,1,345.0287,14519592687764155675
btree16_bl_a64,2097152,1,249.9649,14519592687764155675
sorted_array,2097152,2,293.5242,14519592687764155675
btree8_a64,2097152,2,251.5717,14519592687764155675
btree8_bl,2097152,2,288.4964,14519592687764155675
fusion8_c,2097152,2,315.6525,14519592687764155675
btree8,2097152,2,252.4017,14519592687764155675
fusion8,2097152,2,346.2158,14519592687764155675
btree16_bl_a64,2097152,2,246.3745,14519592687764155675
fusion16_w,2097152,2,331.7749,14519592687764155675
fusion8_bf,2097152,2,347.3053,14519592687764155675
btree8_bl_a64,2097152,2,275.7141,14519592687764155675
btree16_bl_a64,2097152,3,245.6482,14519592687764155675
btree8_bl,2097152,3,283.9935,14519592687764155675
fusion8_c,2097152,3,316.5665,14519592687764155675
btree8_a64,2097152,3,256.5659,14519592687764155675
fusion16_w,2097152,3,364.7659,14519592687764155675
btree8,2097152,3,260.6003,14519592687764155675
sorted_array,2097152,3,294.8547,14519592687764155675
fusion8,2097152,3,349.2294,14519592687764155675
fusion8_bf,2097152,3,348.9059,14519592687764155675
btree8_bl_a64,2097152,3,274.5468,14519592687764155675
btree8_bl_a64,2097152,4,168.3945,14519592687764155675
btree8_a64,2097152,4,255.4520,14519592687764155675
btree8,2097152,4,253.4302,14519592687764155675
btree16_bl_a64,2097152,4,258.4274,14519592687764155675
fusion16_w,2097152,4,328.2669,14519592687764155675
btree8_bl,2097152,4,282.0770,14519592687764155675
fusion8,2097152,4,354.3411,14519592687764155675
sorted_array,2097152,4,302.0859,14519592687764155675
fusion8_c,2097152,4,317.0593,14519592687764155675
fusion8_bf,2097152,4,355.9158,14519592687764155675
fusion16_w,2097152,5,324.9023,14519592687764155675
btree8,2097152,5,258.0673,14519592687764155675
fusion8,2097152,5,351.0132,14519592687764155675
sorted_array,2097152,5,286.5936,14519592687764155675
fusion8_c,2097152,5,314.1510,14519592687764155675
fusion8_bf,2097152,5,355.2078,14519592687764155675
btree8_bl_a64,2097152,5,271.9330,14519592687764155675
btree16_bl_a64,2097152,5,248.5565,14519592687764155675
btree8_a64,2097152,5,250.3662,14519592687764155675
btree8_bl,2097152,5,285.4919,14519592687764155675
btree8,2097152,6,251.1566,14519592687764155675
btree8_bl_a64,2097152,6,274.1669,14519592687764155675
fusion8_bf,2097152,6,363.0966,14519592687764155675
fusion8_c,2097152,6,327.9877,14519592687764155675
fusion16_w,2097152,6,358.9172,14519592687764155675
sorted_array,2097152,6,292.4530,14519592687764155675
fusion8,2097152,6,349.3622,14519592687764155675
btree8_bl,2097152,6,283.4061,14519592687764155675
btree16_bl_a64,2097152,6,251.7517,14519592687764155675
btree8_a64,2097152,6,254.8096,14519592687764155675
btree8_bl_a64,2097152,7,272.1909,14519592687764155675
fusion16_w,2097152,7,325.8087,14519592687764155675
btree16_bl_a64,2097152,7,251.8539,14519592687764155675
btree8_a64,2097152,7,252.9694,14519592687764155675
fusion8_bf,2097152,7,359.5840,14519592687764155675
fusion8_c,2097152,7,326.8524,14519592687764155675
fusion8,2097152,7,348.1766,14519592687764155675
btree8,2097152,7,256.5536,14519592687764155675
btree8_bl,2097152,7,282.1487,14519592687764155675
sorted_array,2097152,7,303.0670,14519592687764155675
fusion16_w,2097152,8,327.8076,14519592687764155675
btree8_bl,2097152,8,285.3012,14519592687764155675
sorted_array,2097152,8,291.9662,14519592687764155675
fusion8_bf,2097152,8,347.4045,14519592687764155675
btree8,2097152,8,250.6821,14519592687764155675
fusion8_c,2097152,8,326.2848,14519592687764155675
btree16_bl_a64,2097152,8,248.1750,14519592687764155675
btree8_a64,2097152,8,255.1682,14519592687764155675
fusion8,2097152,8,344.0598,14519592687764155675
btree8_bl_a64,2097152,8,275.9598,14519592687764155675
btree8_bl,2097152,9,281.0959,14519592687764155675
fusion8,2097152,9,342.7734,14519592687764155675
fusion8_c,2097152,9,321.2753,14519592687764155675
fusion8_bf,2097152,9,349.7208,14519592687764155675
fusion16_w,2097152,9,335.0143,14519592687764155675
btree8_bl_a64,2097152,9,290.8798,14519592687764155675
btree16_bl_a64,2097152,9,252.0279,14519592687764155675
sorted_array,2097152,9,291.9632,14519592687764155675
btree8,2097152,9,255.7114,14519592687764155675
btree8_a64,2097152,9,254.8111,14519592687764155675
fusion8_c,2097152,10,328.0243,14519592687764155675
fusion16_w,2097152,10,325.2823,14519592687764155675
btree8_bl_a64,2097152,10,274.6628,14519592687764155675
fusion8,2097152,10,343.8141,14519592687764155675
btree8_bl,2097152,10,281.2332,14519592687764155675
fusion8_bf,2097152,10,347.7066,14519592687764155675
btree16_bl_a64,2097152,10,255.4718,14519592687764155675
btree8,2097152,10,254.5334,14519592687764155675
btree8_a64,2097152,10,257.0099,14519592687764155675
sorted_array,2097152,10,296.9727,14519592687764155675
fusion8_bf,2097152,11,356.2180,14519592687764155675
sorted_array,2097152,11,292.2577,14519592687764155675
fusion8_c,2097152,11,320.4926,14519592687764155675
btree8_bl_a64,2097152,11,276.8967,14519592687764155675
btree8_bl,2097152,11,275.2914,14519592687764155675
btree8_a64,2097152,11,256.8939,14519592687764155675
btree8,2097152,11,256.0654,14519592687764155675
btree16_bl_a64,2097152,11,255.6686,14519592687764155675
fusion16_w,2097152,11,330.6671,14519592687764155675
fusion8,2097152,11,345.6192,14519592687764155675
btree16_bl_a64,2097152,12,250.6454,14519592687764155675
fusion8,2097152,12,344.0552,14519592687764155675
sorted_array,2097152,12,289.2593,14519592687764155675
fusion16_w,2097152,12,322.4716,14519592687764155675
fusion8_c,2097152,12,324.3271,14519592687764155675
btree8,2097152,12,256.6254,14519592687764155675
btree8_bl,2097152,12,283.5129,14519592687764155675
fusion8_bf,2097152,12,351.0956,14519592687764155675
btree8_bl_a64,2097152,12,273.9899,14519592687764155675
btree8_a64,2097152,12,253.7048,14519592687764155675
fusion8,2097152,13,344.8547,14519592687764155675
fusion8_c,2097152,13,318.1671,14519592687764155675
fusion8_bf,2097152,13,351.0132,14519592687764155675
fusion16_w,2097152,13,342.0822,14519592687764155675
sorted_array,2097152,13,297.5830,14519592687764155675
btree8,2097152,13,252.5803,14519592687764155675
btree16_bl_a64,2097152,13,262.6556,14519592687764155675
btree8_a64,2097152,13,253.0838,14519592687764155675
btree8_bl,2097152,13,281.0974,14519592687764155675
btree8_bl_a64,2097152,13,274.7894,14519592687764155675
fusion8_c,2097152,14,316.5009,14519592687764155675
btree8,2097152,14,255.4474,14519592687764155675
fusion8_bf,2097152,14,358.6380,14519592687764155675
fusion8,2097152,14,345.4285,14519592687764155675
btree8_bl,2097152,14,282.0511,14519592687764155675
btree16_bl_a64,2097152,14,245.9366,14519592687764155675
btree8_a64,2097152,14,251.2970,14519592687764155675
fusion16_w,2097152,14,359.6649,14519592687764155675
btree8_bl_a64,2097152,14,271.3638,14519592687764155675
sorted_array,2097152,14,292.2134,14519592687764155675
fusion8_bf,4194304,0,364.5844,15606720263345192253
btree8_bl_a64,4194304,0,278.2196,15606720263345192253
btree8,4194304,0,258.5342,15606720263345192253
fusion16_w,4194304,0,389.3143,15606720263345192253
fusion8_c,4194304,0,325.6287,15606720263345192253
btree8_a64,4194304,0,258.7677,15606720263345192253
sorted_array,4194304,0,492.3340,15606720263345192253
btree8_bl,4194304,0,287.5641,15606720263345192253
btree16_bl_a64,4194304,0,333.9447,15606720263345192253
fusion8,4194304,0,351.2680,15606720263345192253
btree8_bl_a64,4194304,1,278.1082,15606720263345192253
btree8_a64,4194304,1,257.7835,15606720263345192253
fusion8,4194304,1,350.2045,15606720263345192253
sorted_array,4194304,1,495.4056,15606720263345192253
fusion16_w,4194304,1,400.9109,15606720263345192253
fusion8_bf,4194304,1,362.3520,15606720263345192253
btree16_bl_a64,4194304,1,335.4630,15606720263345192253
btree8_bl,4194304,1,290.0589,15606720263345192253
fusion8_c,4194304,1,329.3549,15606720263345192253
btree8,4194304,1,261.5967,15606720263345192253
fusion16_w,4194304,2,418.8080,15606720263345192253
fusion8,4194304,2,360.2020,15606720263345192253
fusion8_bf,4194304,2,358.3405,15606720263345192253
btree8_bl,4194304,2,281.3721,15606720263345192253
fusion8_c,4194304,2,325.6516,15606720263345192253
sorted_array,4194304,2,501.5793,15606720263345192253
btree8_a64,4194304,2,268.1900,15606720263345192253
btree16_bl_a64,4194304,2,330.5389,15606720263345192253
btree8_bl_a64,4194304,2,278.6636,15606720263345192253
btree8,4194304,2,262.0667,15606720263345192253
fusion8,4194304,3,353.1540,15606720263345192253
fusion8_bf,4194304,3,359.9838,15606720263345192253
btree16_bl_a64,4194304,3,344.0399,15606720263345192253
fusion16_w,4194304,3,423.0667,15606720263345192253
btree8_bl_a64,4194304,3,278.6682,15606720263345192253
sorted_array,4194304,3,495.0119,15606720263345192253
btree8_a64,4194304,3,262.1735,15606720263345192253
fusion8_c,4194304,3,328.8605,15606720263345192253
btree8,4194304,3,265.2969,15606720263345192253
btree8_bl,4194304,3,281.8024,15606720263345192253
fusion8_bf,4194304,4,358.4137,15606720263345192253
btree8,4194304,4,257.7240,15606720263345192253
btree8_bl,4194304,4,288.0157,15606720263345192253
sorted_array,4194304,4,492.9276,15606720263345192253
fusion8_c,4194304,4,329.6600,15606720263345192253
btree16_bl_a64,4194304,4,335.2615,15606720263345192253
fusion8,4194304,4,354.9011,15606720263345192253
btree8_bl_a64,4194304,4,281.5826,15606720263345192253
fusion16_w,4194304,4,385.4065,15606720263345192253
btree8_a64,4194304,4,257.4661,15606720263345192253
fusion16_w,4194304,5,416.0095,15606720263345192253
sorted_array,4194304,5,499.2599,15606720263345192253
btree16_bl_a64,4194304,5,340.6418,15606720263345192253
btree8,4194304,5,257.6920,15606720263345192253
btree8_bl,4194304,5,288.1012,15606720263345192253
fusion8_bf,4194304,5,363.4781,15606720263345192253
btree8_bl_a64,4194304,5,279.6249,15606720263345192253
fusion8,4194304,5,348.4879,15606720263345192253
btree8_a64,4194304,5,256.2347,15606720263345192253
fusion8_c,4194304,5,329.4235,15606720263345192253
btree8_a64,4194304,6,251.0818,15606720263345192253
sorted_array,4194304,6,509.8221,15606720263345192253
btree8_bl_a64,4194304,6,282.4173,15606720263345192253
btree8,4194304,6,256.9305,15606720263345192253
fusion8_c,4194304,6,331.8130,15606720263345192253
fusion8_bf,4194304,6,359.9686,15606720263345192253
btree8_bl,4194304,6,283.4290,15606720263345192253
fusion16_w,4194304,6,387.2131,15606720263345192253
btree16_bl_a64,4194304,6,334.0927,15606720263345192253
fusion8,4194304,6,354.9118,15606720263345192253
btree8,4194304,7,256.4880,15606720263345192253
sorted_array,4194304,7,502.2491,15606720263345192253
fusion16_w,4194304,7,423.4116,15606720263345192253
fusion8,4194304,7,350.0900,15606720263345192253
fusion8_c,4194304,7,324.1333,15606720263345192253
btree8_bl_a64,4194304,7,278.5416,15606720263345192253
btree16_bl_a64,4194304,7,332.4448,15606720263345192253
btree8_bl,4194304,7,288.2721,15606720263345192253
btree8_a64,4194304,7,260.1181,15606720263345192253
fusion8_bf,4194304,7,367.1432,15606720263345192253
fusion8,4194304,8,351.8509,15606720263345192253
fusion16_w,4194304,8,403.0823,15606720263345192253
btree8,4194304,8,256.8130,15606720263345192253
btree16_bl_a64,4194304,8,338.2050,15606720263345192253
btree8_bl,4194304,8,285.1547,15606720263345192253
sorted_array,4194304,8,497.8088,15606720263345192253
fusion8_c,4194304,8,325.6500,15606720263345192253
fusion8_bf,4194304,8,361.6257,15606720263345192253
btree8_bl_a64,4194304,8,280.4871,15606720263345192253
btree8_a64,4194304,8,258.1635,15606720263345192253
btree8_bl_a64,4194304,9,276.2405,15606720263345192253
btree8,4194304,9,257.7362,15606720263345192253
fusion8_bf,4194304,9,364.5065,15606720263345192253
btree8_a64,4194304,9,257.6950,15606720263345192253
fusion8,4194304,9,359.0836,15606720263345192253
btree8_bl,4194304,9,282.5500,15606720263345192253
btree16_bl_a64,4194304,9,342.6056,15606720263345192253
fusion8_c,4194304,9,329.1428,15606720263345192253
fusion16_w,4194304,9,427.9633,15606720263345192253
sorted_array,4194304,9,495.4422,15606720263345192253
fusion8,4194304,10,355.3696,15606720263345192253
fusion16_w,4194304,10,382.6813,15606720263345192253
sorted_array,4194304,10,496.5042,15606720263345192253
fusion8_c,4194304,10,327.6581,15606720263345192253
btree8,4194304,10,260.6430,15606720263345192253
fusion8_bf,4194304,10,362.6831,15606720263345192253
btree8_bl_a64,4194304,10,279.1901,15606720263345192253
btree8_bl,4194304,10,288.4888,15606720263345192253
btree8_a64,4194304,10,260.1349,15606720263345192253
btree16_bl_a64,4194304,10,331.8771,15606720263345192253
fusion8_c,4194304,11,329.2084,15606720263345192253
btree8_bl,4194304,11,286.5616,15606720263345192253
fusion8_bf,4194304,11,354.6051,15606720263345192253
fusion8,4194304,11,380.0522,15606720263345192253
btree8,4194304,11,259.2865,15606720263345192253
btree8_a64,4194304,11,258.9142,15606720263345192253
btree8_bl_a64,4194304,11,278.2227,15606720263345192253
btree16_bl_a64,4194304,11,339.1754,15606720263345192253
sorted_array,4194304,11,506.6696,15606720263345192253
fusion16_w,4194304,11,390.4572,15606720263345192253
fusion8_bf,4194304,12,361.0413,15606720263345192253
btree8_bl_a64,4194304,12,278.6331,15606720263345192253
fusion16_w,4194304,12,384.4101,15606720263345192253
sorted_array,4194304,12,512.7762,15606720263345192253
btree8_bl,4194304,12,289.6652,15606720263345192253
btree16_bl_a64,4194304,12,335.9116,15606720263345192253
fusion8_c,4194304,12,335.6644,15606720263345192253
fusion8,4194304,12,355.3909,15606720263345192253
btree8,4194304,12,254.4113,15606720263345192253
btree8_a64,4194304,12,257.5516,15606720263345192253
sorted_array,4194304,13,494.9326,15606720263345192253
fusion8_bf,4194304,13,364.3219,15606720263345192253
btree8_a64,4194304,13,264.4943,15606720263345192253
btree16_bl_a64,4194304,13,333.6349,15606720263345192253
btree8_bl,4194304,13,285.8154,15606720263345192253
fusion8_c,4194304,13,322.1512,15606720263345192253
fusion16_w,4194304,13,420.5856,15606720263345192253
btree8_bl_a64,4194304,13,277.4094,15606720263345192253
fusion8,4194304,13,354.0970,15606720263345192253
btree8,4194304,13,257.4982,15606720263345192253
fusion8_bf,4194304,14,366.1423,15606720263345192253
fusion16_w,4194304,14,386.3373,15606720263345192253
fusion8,4194304,14,351.9730,15606720263345192253
btree16_bl_a64,4194304,14,332.6340,15606720263345192253
fusion8_c,4194304,14,322.5006,15606720263345192253
btree8,4194304,14,261.6867,15606720263345192253
btree8_bl,4194304,14,288.2416,15606720263345192253
btree8_a64,4194304,14,257.2708,15606720263345192253
btree8_bl_a64,4194304,14,276.7426,15606720263345192253
sorted_array,4194304,14,496.3348,15606720263345192253
btree16_bl_a64,8388608,0,359.7595,10131753818064663245
fusion16_w,8388608,0,411.5921,10131753818064663245
fusion8_bf,8388608,0,525.5783,10131753818064663245
btree8_a64,8388608,0,405.3085,10131753818064663245
btree8_bl,8388608,0,420.4834,10131753818064663245
fusion8_c,8388608,0,473.3582,10131753818064663245
btree8,8388608,0,396.9864,10131753818064663245
fusion8,8388608,0,518.2449,10131753818064663245
sorted_array,8388608,0,879.3839,10131753818064663245
btree8_bl_a64,8388608,0,385.4034,10131753818064663245
btree8_bl,8388608,1,397.2321,10131753818064663245
fusion8,8388608,1,512.0911,10131753818064663245
fusion8_c,8388608,1,473.6923,10131753818064663245
fusion8_bf,8388608,1,519.5770,10131753818064663245
btree16_bl_a64,8388608,1,355.7877,10131753818064663245
fusion16_w,8388608,1,413.1500,10131753818064663245
btree8,8388608,1,395.5597,10131753818064663245
sorted_array,8388608,1,874.1135,10131753818064663245
btree8_a64,8388608,1,398.0286,10131753818064663245
btree8_bl_a64,8388608,1,453.3569,10131753818064663245
btree8_a64,8388608,2,395.6650,10131753818064663245
fusion8_c,8388608,2,483.7280,10131753818064663245
btree16_bl_a64,8388608,2,355.6808,10131753818064663245
sorted_array,8388608,2,879.6494,10131753818064663245
fusion8_bf,8388608,2,522.3694,10131753818064663245
btree8_bl_a64,8388608,2,386.6318,10131753818064663245
fusion8,8388608,2,521.4737,10131753818064663245
btree8_bl,8388608,2,396.3348,10131753818064663245
btree8,8388608,2,399.8962,10131753818064663245
fusion16_w,8388608,2,424.2340,10131753818064663245
btree8_bl_a64,8388608,3,390.3748,10131753818064663245
fusion16_w,8388608,3,406.7688,10131753818064663245
btree16_bl_a64,8388608,3,353.7079,10131753818064663245
fusion8,8388608,3,515.0635,10131753818064663245
fusion8_c,8388608,3,474.2035,10131753818064663245
sorted_array,8388608,3,873.6435,10131753818064663245
btree8_bl,8388608,3,400.6348,10131753818064663245
btree8,8388608,3,400.6454,10131753818064663245
btree8_a64,8388608,3,399.9374,10131753818064663245
fusion8_bf,8388608,3,531.0669,10131753818064663245
btree8_bl,8388608,4,423.9899,10131753818064663245
btree8,8388608,4,396.5012,10131753818064663245
btree16_bl_a64,8388608,4,358.6411,10131753818064663245
fusion16_w,8388608,4,417.0303,10131753818064663245
sorted_array,8388608,4,871.1578,10131753818064663245
fusion8_bf,8388608,4,542.5110,10131753818064663245
btree8_bl_a64,8388608,4,391.4108,10131753818064663245
btree8_a64,8388608,4,398.1720,10131753818064663245
fusion8_c,8388608,4,485.7132,10131753818064663245
fusion8,8388608,4,508.0704,10131753818064663245
fusion8_c,8388608,5,469.3100,10131753818064663245
fusion16_w,8388608,5,442.0120,10131753818064663245
btree8,8388608,5,406.5857,10131753818064663245
sorted_array,8388608,5,884.3765,10131753818064663245
btree16_bl_a64,8388608,5,356.0333,10131753818064663245
btree8_bl_a64,8388608,5,383.6472,10131753818064663245
btree8_bl,8388608,5,398.8281,10131753818064663245
fusion8,8388608,5,518.5562,10131753818064663245
fusion8_bf,8388608,5,525.3708,10131753818064663245
btree8_a64,8388608,5,407.6431,10131753818064663245
fusion8,8388608,6,511.8729,10131753818064663245
btree8_bl,8388608,6,406.4621,10131753818064663245
btree8_a64,8388608,6,398.8220,10131753818064663245
fusion8_c,8388608,6,486.9461,10131753818064663245
fusion16_w,8388608,6,437.5748,10131753818064663245
sorted_array,8388608,6,881.4545,10131753818064663245
fusion8_bf,8388608,6,522.6501,10131753818064663245
btree16_bl_a64,8388608,6,351.5900,10131753818064663245
btree8_bl_a64,8388608,6,380.3604,10131753818064663245
btree8,8388608,6,400.3128,10131753818064663245
btree16_bl_a64,8388608,7,357.2174,10131753818064663245
btree8,8388608,7,403.0716,10131753818064663245
fusion8_bf,8388608,7,531.2744,10131753818064663245
fusion8,8388608,7,515.2466,10131753818064663245
btree8_bl,8388608,7,397.2824,10131753818064663245
btree8_bl_a64,8388608,7,384.4635,10131753818064663245
sorted_array,8388608,7,877.2385,10131753818064663245
fusion16_w,8388608,7,421.6080,10131753818064663245
fusion8_c,8388608,7,481.8436,10131753818064663245
btree8_a64,8388608,7,396.4386,10131753818064663245
fusion8_c,8388608,8,480.3864,10131753818064663245
fusion8_bf,8388608,8,528.3524,10131753818064663245
btree16_bl_a64,8388608,8,354.3381,10131753818064663245
btree8_a64,8388608,8,405.8517,10131753818064663245
sorted_array,8388608,8,891.4749,10131753818064663245
btree8_bl_a64,8388608,8,382.2922,10131753818064663245
btree8,8388608,8,400.2167,10131753818064663245
fusion8,8388608,8,518.1473,10131753818064663245
fusion16_w,8388608,8,424.8047,10131753818064663245
btree8_bl,8388608,8,395.6635,10131753818064663245
fusion8_c,8388608,9,471.7865,10131753818064663245
btree16_bl_a64,8388608,9,352.2354,10131753818064663245
fusion8,8388608,9,519.0811,10131753818064663245
fusion16_w,8388608,9,429.1656,10131753818064663245
btree8_bl,8388608,9,400.7782,10131753818064663245
btree8_a64,8388608,9,397.2015,10131753818064663245
fusion8_bf,8388608,9,529.4128,10131753818064663245
btree8_bl_a64,8388608,9,393.9056,10131753818064663245
btree8,8388608,9,397.6120,10131753818064663245
sorted_array,8388608,9,876.6022,10131753818064663245
fusion8,8388608,10,521.1349,10131753818064663245
sorted_array,8388608,10,881.7993,10131753818064663245
fusion8_c,8388608,10,488.2919,10131753818064663245
fusion8_bf,8388608,10,521.4844,10131753818064663245
btree8_bl_a64,8388608,10,395.8466,10131753818064663245
btree16_bl_a64,8388608,10,357.8720,10131753818064663245
btree8_bl,8388608,10,398.5947,10131753818064663245
fusion16_w,8388608,10,416.8198,10131753818064663245
btree8,8388608,10,401.8600,10131753818064663245
btree8_a64,8388608,10,400.6577,10131753818064663245
btree8,8388608,11,398.8937,10131753818064663245
sorted_array,8388608,11,868.9774,10131753818064663245
btree8_bl,8388608,11,412.0316,10131753818064663245
btree16_bl_a64,8388608,11,356.1417,10131753818064663245
btree8_a64,8388608,11,399.2050,10131753818064663245
fusion8_c,8388608,11,496.0297,10131753818064663245
fusion8_bf,8388608,11,531.9962,10131753818064663245
fusion16_w,8388608,11,413.4888,10131753818064663245
btree8_bl_a64,8388608,11,394.1742,10131753818064663245
fusion8,8388608,11,520.3064,10131753818064663245
sorted_array,8388608,12,881.0745,10131753818064663245
btree8_a64,8388608,12,400.5676,10131753818064663245
btree8,8388608,12,400.2029,10131753818064663245
fusion8_c,8388608,12,488.0219,10131753818064663245
btree8_bl,8388608,12,395.7535,10131753818064663245
fusion8_bf,8388608,12,524.2599,10131753818064663245
fusion16_w,8388608,12,433.0276,10131753818064663245
btree8_bl_a64,8388608,12,392.9459,10131753818064663245
fusion8,8388608,12,514.5676,10131753818064663245
btree16_bl_a64,8388608,12,354.8004,10131753818064663245
btree8,8388608,13,402.5635,10131753818064663245
btree16_bl_a64,8388608,13,355.8685,10131753818064663245
fusion8,8388608,13,511.0168,10131753818064663245
btree8_bl,8388608,13,400.2136,10131753818064663245
btree8_a64,8388608,13,397.2244,10131753818064663245
fusion16_w,8388608,13,437.4893,10131753818064663245
btree8_bl_a64,8388608,13,398.4329,10131753818064663245
fusion8_bf,8388608,13,522.1771,10131753818064663245
fusion8_c,8388608,13,471.8506,10131753818064663245
sorted_array,8388608,13,872.4960,10131753818064663245
fusion8_bf,8388608,14,537.5076,10131753818064663245
btree8_bl,8388608,14,402.4750,10131753818064663245
btree8_bl_a64,8388608,14,404.3198,10131753818064663245
btree8,8388608,14,401.6586,10131753818064663245
sorted_array,8388608,14,872.2397,10131753818064663245
fusion8,8388608,14,512.7670,10131753818064663245
fusion16_w,8388608,14,427.8473,10131753818064663245
fusion8_c,8388608,14,470.1096,10131753818064663245
btree8_a64,8388608,14,404.4434,10131753818064663245
btree16_bl_a64,8388608,14,362.6099,10131753818064663245
fusion8,16777216,0,645.0836,3590053196634910135
fusion16_w,16777216,0,478.9108,3590053196634910135
btree8,16777216,0,505.3299,3590053196634910135
btree16_bl_a64,16777216,0,392.3843,3590053196634910135
btree8_bl_a64,16777216,0,523.0316,3590053196634910135
btree8_bl,16777216,0,530.1147,3590053196634910135
fusion8_bf,16777216,0,656.8726,3590053196634910135
btree8_a64,16777216,0,498.3261,3590053196634910135
fusion8_c,16777216,0,1004.8370,3590053196634910135
sorted_array,16777216,0,1314.3875,3590053196634910135
btree8,16777216,1,496.4523,3590053196634910135
btree16_bl_a64,16777216,1,403.1540,3590053196634910135
btree8_bl,16777216,1,533.3679,3590053196634910135
fusion8_c,16777216,1,584.6451,3590053196634910135
btree8_bl_a64,16777216,1,511.1755,3590053196634910135
btree8_a64,16777216,1,494.4092,3590053196634910135
sorted_array,16777216,1,1280.6702,3590053196634910135
fusion8,16777216,1,638.9420,3590053196634910135
fusion8_bf,16777216,1,661.4868,3590053196634910135
fusion16_w,16777216,1,486.6119,3590053196634910135
btree8_a64,16777216,2,500.3220,3590053196634910135
fusion8,16777216,2,637.2513,3590053196634910135
btree8_bl,16777216,2,529.3411,3590053196634910135
sorted_array,16777216,2,1289.6194,3590053196634910135
fusion8_c,16777216,2,581.9092,3590053196634910135
fusion8_bf,16777216,2,683.5403,3590053196634910135
btree8_bl_a64,16777216,2,515.0955,3590053196634910135
btree16_bl_a64,16777216,2,393.1824,3590053196634910135
fusion16_w,16777216,2,469.2886,3590053196634910135
btree8,16777216,2,469.8868,3590053196634910135
btree8,16777216,3,438.9328,3590053196634910135
btree8_a64,16777216,3,469.7342,3590053196634910135
fusion8,16777216,3,595.3781,3590053196634910135
fusion8_bf,16777216,3,586.8500,3590053196634910135
sorted_array,16777216,3,1192.1341,3590053196634910135
fusion16_w,16777216,3,538.5666,3590053196634910135
btree16_bl_a64,16777216,3,385.8948,3590053196634910135
btree8_bl,16777216,3,508.5663,3590053196634910135
fusion8_c,16777216,3,556.2317,3590053196634910135
btree8_bl_a64,16777216,3,509.1904,3590053196634910135
fusion8,16777216,4,592.9443,3590053196634910135
fusion8_c,16777216,4,538.0264,3590053196634910135
btree8,16777216,4,462.8098,3590053196634910135
fusion16_w,16777216,4,449.1058,3590053196634910135
btree8_a64,16777216,4,455.6992,3590053196634910135
btree8_bl,16777216,4,488.3972,3590053196634910135
sorted_array,16777216,4,1211.5479,3590053196634910135
btree8_bl_a64,16777216,4,478.8818,3590053196634910135
btree16_bl_a64,16777216,4,371.8246,3590053196634910135
fusion8_bf,16777216,4,606.2592,3590053196634910135
fusion8,16777216,5,588.3591,3590053196634910135
btree8,16777216,5,469.1223,3590053196634910135
btree8_bl_a64,16777216,5,467.1570,3590053196634910135
fusion8_c,16777216,5,540.6006,3590053196634910135
btree16_bl_a64,16777216,5,370.5795,3590053196634910135
btree8_a64,16777216,5,457.2250,3590053196634910135
btree8_bl,16777216,5,494.5877,3590053196634910135
fusion16_w,16777216,5,455.7968,3590053196634910135
sorted_array,16777216,5,1217.7902,3590053196634910135
fusion8_bf,16777216,5,584.2163,3590053196634910135
sorted_array,16777216,6,1188.2401,3590053196634910135
fusion8_c,16777216,6,523.8129,3590053196634910135
btree8,16777216,6,440.5502,3590053196634910135
fusion8,16777216,6,565.2740,3590053196634910135
btree8_bl,16777216,6,477.3758,3590053196634910135
btree8_a64,16777216,6,459.1446,3590053196634910135
btree16_bl_a64,16777216,6,371.0052,3590053196634910135
fusion16_w,16777216,6,469.5923,3590053196634910135
btree8_bl_a64,16777216,6,491.9968,3590053196634910135
fusion8_bf,16777216,6,603.7399,3590053196634910135
btree8_bl_a64,16777216,7,476.4542,3590053196634910135
btree8,16777216,7,481.1386,3590053196634910135
btree8_a64,16777216,7,479.4464,3590053196634910135
fusion8_c,16777216,7,551.6037,3590053196634910135
btree16_bl_a64,16777216,7,372.2595,3590053196634910135
fusion8_bf,16777216,7,600.4333,3590053196634910135
fusion8,16777216,7,587.7197,3590053196634910135
sorted_array,16777216,7,1225.3815,3590053196634910135
btree8_bl,16777216,7,479.5044,3590053196634910135
fusion16_w,16777216,7,442.7872,3590053196634910135
fusion8,16777216,8,586.8958,3590053196634910135
sorted_array,16777216,8,1199.8520,3590053196634910135
fusion8_c,16777216,8,541.1514,3590053196634910135
btree8,16777216,8,473.9029,3590053196634910135
btree8_bl_a64,16777216,8,498.9838,3590053196634910135
btree8_bl,16777216,8,478.9230,3590053196634910135
fusion16_w,16777216,8,440.9714,3590053196634910135
fusion8_bf,16777216,8,602.8625,3590053196634910135
btree16_bl_a64,16777216,8,387.6068,3590053196634910135
btree8_a64,16777216,8,486.5433,3590053196634910135
fusion8,16777216,9,646.2326,3590053196634910135
btree8,16777216,9,466.0767,3590053196634910135
fusion8_c,16777216,9,539.9628,3590053196634910135
fusion16_w,16777216,9,449.0692,3590053196634910135
sorted_array,16777216,9,1205.3314,3590053196634910135
btree8_bl_a64,16777216,9,466.7801,3590053196634910135
btree16_bl_a64,16777216,9,367.3340,3590053196634910135
btree8_bl,16777216,9,487.1033,3590053196634910135
fusion8_bf,16777216,9,589.6912,3590053196634910135
btree8_a64,16777216,9,453.0411,3590053196634910135
btree8,16777216,10,460.0494,3590053196634910135
fusion16_w,16777216,10,452.1225,3590053196634910135
fusion8_c,16777216,10,557.1671,3590053196634910135
btree8_a64,16777216,10,442.9413,3590053196634910135
fusion8,16777216,10,633.5724,3590053196634910135
btree8_bl_a64,16777216,10,476.4069,3590053196634910135
sorted_array,16777216,10,1241.0049,3590053196634910135
fusion8_bf,16777216,10,612.6862,3590053196634910135
btree8_bl,16777216,10,488.4888,3590053196634910135
btree16_bl_a64,16777216,10,366.8396,3590053196634910135
btree8_a64,16777216,11,465.6311,3590053196634910135
btree8,16777216,11,461.2778,3590053196634910135
fusion8_c,16777216,11,541.7480,3590053196634910135
btree8_bl_a64,16777216,11,468.9285,3590053196634910135
fusion8_bf,16777216,11,598.8037,3590053196634910135
fusion8,16777216,11,580.6732,3590053196634910135
btree8_bl,16777216,11,496.6568,3590053196634910135
fusion16_w,16777216,11,452.2583,3590053196634910135
btree16_bl_a64,16777216,11,402.9770,3590053196634910135
sorted_array,16777216,11,1225.3830,3590053196634910135
fusion8_c,16777216,12,534.4269,3590053196634910135
sorted_array,16777216,12,1206.3004,3590053196634910135
btree8_bl_a64,16777216,12,474.5590,3590053196634910135
btree8_bl,16777216,12,479.1351,3590053196634910135
btree16_bl_a64,16777216,12,373.5992,3590053196634910135
fusion8_bf,16777216,12,621.4294,3590053196634910135
btree8_a64,16777216,12,453.4592,3590053196634910135
fusion16_w,16777216,12,443.2617,3590053196634910135
fusion8,16777216,12,636.6394,3590053196634910135
btree8,16777216,12,460.9146,3590053196634910135
fusion16_w,16777216,13,464.1922,3590053196634910135
btree8_bl,16777216,13,485.6827,3590053196634910135
fusion8_bf,16777216,13,588.9084,3590053196634910135
btree8_bl_a64,16777216,13,563.3957,3590053196634910135
btree8_a64,16777216,13,480.0751,3590053196634910135
fusion8,16777216,13,592.3737,3590053196634910135
btree16_bl_a64,16777216,13,379.1107,3590053196634910135
sorted_array,16777216,13,1232.1960,3590053196634910135
btree8,16777216,13,473.3643,3590053196634910135
fusion8_c,16777216,13,538.8229,3590053196634910135
sorted_array,16777216,14,1199.4934,3590053196634910135
btree8_a64,16777216,14,454.8798,3590053196634910135
btree8_bl_a64,16777216,14,467.3065,3590053196634910135
fusion8_c,16777216,14,541.8869,3590053196634910135
btree8_bl,16777216,14,489.5935,3590053196634910135
btree8,16777216,14,457.2174,3590053196634910135
fusion16_w,16777216,14,448.9319,3590053196634910135
btree16_bl_a64,16777216,14,438.1851,3590053196634910135
fusion8,16777216,14,609.4437,3590053196634910135
fusion8_bf,16777216,14,610.1791,3590053196634910135
fusion8_c,33554432,0,505.4672,14493871693595802041
btree8_bl,33554432,0,472.0749,14493871693595802041
btree8,33554432,0,443.4891,14493871693595802041
fusion8,33554432,0,556.9672,14493871693595802041
btree8_bl_a64,33554432,0,459.7015,14493871693595802041
fusion16_w,33554432,0,590.6158,14493871693595802041
btree16_bl_a64,33554432,0,482.9117,14493871693595802041
fusion8_bf,33554432,0,565.7547,14493871693595802041
sorted_array,33554432,0,1395.8252,14493871693595802041
btree8_a64,33554432,0,436.6501,14493871693595802041
fusion16_w,33554432,1,604.5197,14493871693595802041
sorted_array,33554432,1,1396.3211,14493871693595802041
btree8_bl_a64,33554432,1,455.7037,14493871693595802041
btree8_bl,33554432,1,463.6520,14493871693595802041
fusion8,33554432,1,561.0626,14493871693595802041
btree8,33554432,1,437.5610,14493871693595802041
fusion8_bf,33554432,1,563.4216,14493871693595802041
fusion8_c,33554432,1,513.6353,14493871693595802041
btree16_bl_a64,33554432,1,499.7513,14493871693595802041
btree8_a64,33554432,1,433.7082,14493871693595802041
sorted_array,33554432,2,1403.8773,14493871693595802041
btree8,33554432,2,442.1768,14493871693595802041
fusion8_c,33554432,2,508.9767,14493871693595802041
fusion16_w,33554432,2,609.2148,14493871693595802041
btree8_a64,33554432,2,441.2247,14493871693595802041
btree16_bl_a64,33554432,2,483.3862,14493871693595802041
btree8_bl,33554432,2,475.8789,14493871693595802041
fusion8,33554432,2,546.2173,14493871693595802041
fusion8_bf,33554432,2,570.6146,14493871693595802041
btree8_bl_a64,33554432,2,451.6815,14493871693595802041
fusion16_w,33554432,3,589.1907,14493871693595802041
sorted_array,33554432,3,1399.4553,14493871693595802041
fusion8,33554432,3,560.2158,14493871693595802041
btree8_bl_a64,33554432,3,448.1354,14493871693595802041
fusion8_c,33554432,3,516.4444,14493871693595802041
btree8_a64,33554432,3,432.9819,14493871693595802041
btree8,33554432,3,440.0391,14493871693595802041
btree8_bl,33554432,3,472.9568,14493871693595802041
fusion8_bf,33554432,3,565.7745,14493871693595802041
btree16_bl_a64,33554432,3,492.1005,14493871693595802041
fusion16_w,33554432,4,587.0819,14493871693595802041
btree8_bl_a64,33554432,4,452.5208,14493871693595802041
sorted_array,33554432,4,1396.1548,14493871693595802041
btree8_bl,33554432,4,466.2018,14493871693595802041
fusion8,33554432,4,564.4073,14493871693595802041
fusion8_bf,33554432,4,561.9766,14493871693595802041
btree8,33554432,4,440.7104,14493871693595802041
fusion8_c,33554432,4,516.4291,14493871693595802041
btree8_a64,33554432,4,440.7608,14493871693595802041
btree16_bl_a64,33554432,4,495.5795,14493871693595802041
fusion8,33554432,5,552.4902,14493871693595802041
fusion8_c,33554432,5,514.3341,14493871693595802041
btree16_bl_a64,33554432,5,493.1915,14493871693595802041
btree8_a64,33554432,5,436.2946,14493871693595802041
btree8_bl_a64,33554432,5,448.3856,14493871693595802041
btree8_bl,33554432,5,473.6679,14493871693595802041
fusion16_w,33554432,5,596.8491,14493871693595802041
fusion8_bf,33554432,5,563.7177,14493871693595802041
sorted_array,33554432,5,1394.6899,14493871693595802041
btree8,33554432,5,442.5034,14493871693595802041
fusion8_bf,33554432,6,568.8583,14493871693595802041
fusion16_w,33554432,6,588.4903,14493871693595802041
btree8,33554432,6,449.9832,14493871693595802041
btree8_bl_a64,33554432,6,452.4948,14493871693595802041
fusion8_c,33554432,6,506.2454,14493871693595802041
sorted_array,33554432,6,1406.1920,14493871693595802041
fusion8,33554432,6,554.0268,14493871693595802041
btree16_bl_a64,33554432,6,496.7819,14493871693595802041
btree8_a64,33554432,6,435.2982,14493871693595802041
btree8_bl,33554432,6,463.9114,14493871693595802041
fusion16_w,33554432,7,591.4658,14493871693595802041
btree8_bl_a64,33554432,7,450.5493,14493871693595802041
btree16_bl_a64,33554432,7,487.6099,14493871693595802041
btree8_bl,33554432,7,467.7170,14493871693595802041
fusion8_c,33554432,7,514.6530,14493871693595802041
fusion8_bf,33554432,7,570.3766,14493871693595802041
sorted_array,33554432,7,1393.1412,14493871693595802041
btree8_a64,33554432,7,436.4212,14493871693595802041
fusion8,33554432,7,557.5058,14493871693595802041
btree8,33554432,7,437.6770,14493871693595802041
btree8_bl_a64,33554432,8,451.1902,14493871693595802041
fusion8_c,33554432,8,520.1324,14493871693595802041
fusion8,33554432,8,547.6318,14493871693595802041
fusion8_bf,33554432,8,568.1046,14493871693595802041
btree16_bl_a64,33554432,8,481.0165,14493871693595802041
btree8_a64,33554432,8,434.0988,14493871693595802041
sorted_array,33554432,8,1394.8349,14493871693595802041
btree8_bl,33554432,8,469.5190,14493871693595802041
btree8,33554432,8,448.0209,14493871693595802041
fusion16_w,33554432,8,608.2138,14493871693595802041
btree8_a64,33554432,9,433.9188,14493871693595802041
btree8_bl,33554432,9,474.8535,14493871693595802041
btree8,33554432,9,447.7097,14493871693595802041
btree16_bl_a64,33554432,9,493.9285,14493871693595802041
fusion8,33554432,9,561.6562,14493871693595802041
fusion8_c,33554432,9,513.4445,14493871693595802041
fusion8_bf,33554432,9,566.8213,14493871693595802041
sorted_array,33554432,9,1421.5637,14493871693595802041
btree8_bl_a64,33554432,9,449.6704,14493871693595802041
fusion16_w,33554432,9,589.1434,14493871693595802041
btree8_a64,33554432,10,436.2442,14493871693595802041
btree16_bl_a64,33554432,10,494.4992,14493871693595802041
btree8,33554432,10,437.3657,14493871693595802041
fusion16_w,33554432,10,589.7202,14493871693595802041
sorted_array,33554432,10,1395.2774,14493871693595802041
btree8_bl,33554432,10,471.9299,14493871693595802041
fusion8_c,33554432,10,534.4604,14493871693595802041
fusion8_bf,33554432,10,560.7330,14493871693595802041
fusion8,33554432,10,560.6049,14493871693595802041
btree8_bl_a64,33554432,10,449.0036,14493871693595802041
fusion8_bf,33554432,11,568.1915,14493871693595802041
fusion8,33554432,11,555.0491,14493871693595802041
btree16_bl_a64,33554432,11,484.0912,14493871693595802041
btree8_bl,33554432,11,467.1249,14493871693595802041
fusion16_w,33554432,11,583.1543,14493871693595802041
sorted_array,33554432,11,1401.4587,14493871693595802041
fusion8_c,33554432,11,514.0839,14493871693595802041
btree8,33554432,11,439.5264,14493871693595802041
btree8_a64,33554432,11,434.2392,14493871693595802041
btree8_bl_a64,33554432,11,445.7748,14493871693595802041
btree8_bl,33554432,12,470.4651,14493871693595802041
fusion8_c,33554432,12,517.5674,14493871693595802041
fusion16_w,33554432,12,595.2728,14493871693595802041
btree8_a64,33554432,12,436.0428,14493871693595802041
fusion8_bf,33554432,12,558.3145,14493871693595802041
sorted_array,33554432,12,1418.1747,14493871693595802041
fusion8,33554432,12,569.2307,14493871693595802041
btree8,33554432,12,441.9357,14493871693595802041
btree16_bl_a64,33554432,12,494.6014,14493871693595802041
btree8_bl_a64,33554432,12,449.1791,14493871693595802041
btree8_a64,33554432,13,438.1729,14493871693595802041
fusion8,33554432,13,548.4573,14493871693595802041
fusion8_bf,33554432,13,580.7312,14493871693595802041
btree8_bl_a64,33554432,13,452.4048,14493871693595802041
btree8_bl,33554432,13,468.3273,14493871693595802041
fusion8_c,33554432,13,518.8370,14493871693595802041
btree16_bl_a64,33554432,13,499.7406,14493871693595802041
sorted_array,33554432,13,1396.3455,14493871693595802041
btree8,33554432,13,440.2649,14493871693595802041
fusion16_w,33554432,13,601.4771,14493871693595802041
fusion16_w,33554432,14,531.3614,14493871693595802041
btree8_bl_a64,33554432,14,447.6990,14493871693595802041
fusion8_c,33554432,14,521.0236,14493871693595802041
btree8_a64,33554432,14,444.4946,14493871693595802041
sorted_array,33554432,14,1419.8151,14493871693595802041
fusion8,33554432,14,562.4664,14493871693595802041
btree16_bl_a64,33554432,14,484.9411,14493871693595802041
btree8_bl,33554432,14,466.2628,14493871693595802041
fusion8_bf,33554432,14,557.6950,14493871693595802041
btree8,33554432,14,436.7752,14493871693595802041
