structure,n,rep,ns_per_query,checksum
fusion8,256,0,40.9058,3802318259966007189
fusion8_c,256,0,41.9785,3802318259966007189
btree8_a64,256,0,21.9513,3802318259966007189
btree16_bl_a64,256,0,15.2527,3802318259966007189
btree8,256,0,22.1573,3802318259966007189
btree8_bl,256,0,25.0565,3802318259966007189
fusion16_w,256,0,38.1653,3802318259966007189
fusion8_bf,256,0,43.8202,3802318259966007189
btree8_bl_a64,256,0,22.6074,3802318259966007189
sorted_array,256,0,23.4009,3802318259966007189
btree8_bl,256,1,25.1328,3802318259966007189
fusion8,256,1,40.8386,3802318259966007189
btree16_bl_a64,256,1,15.2832,3802318259966007189
fusion16_w,256,1,38.3575,3802318259966007189
btree8_bl_a64,256,1,22.6959,3802318259966007189
btree8_a64,256,1,22.1100,3802318259966007189
fusion8_c,256,1,41.7786,3802318259966007189
sorted_array,256,1,23.2605,3802318259966007189
btree8,256,1,24.9756,3802318259966007189
fusion8_bf,256,1,44.0155,3802318259966007189
btree8_bl,256,2,25.0809,3802318259966007189
sorted_array,256,2,23.3093,3802318259966007189
btree16_bl_a64,256,2,15.2664,3802318259966007189
fusion8_c,256,2,41.7053,3802318259966007189
btree8_a64,256,2,21.7804,3802318259966007189
btree8,256,2,25.4150,3802318259966007189
fusion16_w,256,2,37.6297,3802318259966007189
fusion8,256,2,40.4907,3802318259966007189
fusion8_bf,256,2,43.0740,3802318259966007189
btree8_bl_a64,256,2,22.2565,3802318259966007189
fusion8_c,256,3,40.9012,3802318259966007189
fusion8_bf,256,3,43.6905,3802318259966007189
btree16_bl_a64,256,3,15.1199,3802318259966007189
btree8_bl_a64,256,3,22.2275,3802318259966007189
fusion8,256,3,40.0635,3802318259966007189
btree8,256,3,26.5060,3802318259966007189
sorted_array,256,3,23.4268,3802318259966007189
fusion16_w,256,3,38.2935,3802318259966007189
btree8_a64,256,3,24.0250,3802318259966007189
btree8_bl,256,3,25.0854,3802318259966007189
btree8_bl,256,4,25.0320,3802318259966007189
fusion16_w,256,4,39.3875,3802318259966007189
btree8_bl_a64,256,4,22.6044,3802318259966007189
btree16_bl_a64,256,4,15.8768,3802318259966007189
btree8,256,4,22.2443,3802318259966007189
fusion8,256,4,41.5146,3802318259966007189
fusion8_c,256,4,42.4454,3802318259966007189
fusion8_bf,256,4,46.2051,3802318259966007189
sorted_array,256,4,24.4537,3802318259966007189
btree8_a64,256,4,24.7803,3802318259966007189
fusion8_bf,256,5,46.6965,3802318259966007189
btree8,256,5,23.9578,3802318259966007189
btree8_a64,256,5,22.6990,3802318259966007189
btree8_bl,256,5,25.9262,3802318259966007189
btree16_bl_a64,256,5,16.9693,3802318259966007189
fusion8,256,5,42.7856,3802318259966007189
fusion16_w,256,5,40.2969,3802318259966007189
sorted_array,256,5,26.8692,3802318259966007189
btree8_bl_a64,256,5,24.1333,3802318259966007189
fusion8_c,256,5,41.7526,3802318259966007189
fusion8,256,6,40.9164,3802318259966007189
btree8_a64,256,6,23.4177,3802318259966007189
sorted_array,256,6,24.2264,3802318259966007189
btree8_bl,256,6,25.0504,3802318259966007189
btree16_bl_a64,256,6,15.2267,3802318259966007189
fusion8_bf,256,6,44.1269,3802318259966007189
fusion16_w,256,6,41.0416,3802318259966007189
btree8_bl_a64,256,6,22.8943,3802318259966007189
fusion8_c,256,6,41.6641,3802318259966007189
btree8,256,6,23.1247,3802318259966007189
fusion8_c,256,7,41.5451,3802318259966007189
fusion8_bf,256,7,43.9590,3802318259966007189
sorted_array,256,7,23.0438,3802318259966007189
btree8_bl,256,7,25.0900,3802318259966007189
btree8,256,7,23.5809,3802318259966007189
fusion16_w,256,7,38.9725,3802318259966007189
btree8_a64,256,7,22.6425,3802318259966007189
fusion8,256,7,40.8661,3802318259966007189
btree8_bl_a64,256,7,22.6227,3802318259966007189
btree16_bl_a64,256,7,15.2313,3802318259966007189
fusion8_c,256,8,41.7633,3802318259966007189
btree8_bl,256,8,25.0793,3802318259966007189
btree16_bl_a64,256,8,15.2069,3802318259966007189
fusion16_w,256,8,38.8779,3802318259966007189
btree8_bl_a64,256,8,22.5800,3802318259966007189
btree8,256,8,24.0463,3802318259966007189
btree8_a64,256,8,21.4737,3802318259966007189
fusion8_bf,256,8,43.7317,3802318259966007189
fusion8,256,8,40.9515,3802318259966007189
sorted_array,256,8,25.6592,3802318259966007189
fusion8_bf,256,9,44.2169,3802318259966007189
sorted_array,256,9,23.6755,3802318259966007189
btree8,256,9,24.5651,3802318259966007189
btree8_a64,256,9,21.5759,3802318259966007189
fusion16_w,256,9,38.1882,3802318259966007189
btree8_bl,256,9,25.1587,3802318259966007189
btree8_bl_a64,256,9,22.5983,3802318259966007189
btree16_bl_a64,256,9,15.2664,3802318259966007189
fusion8_c,256,9,41.6580,3802318259966007189
fusion8,256,9,41.5359,3802318259966007189
fusion8,256,10,40.7104,3802318259966007189
btree16_bl_a64,256,10,15.2161,3802318259966007189
btree8_bl_a64,256,10,22.6181,3802318259966007189
sorted_array,256,10,25.7248,3802318259966007189
fusion16_w,256,10,38.3865,3802318259966007189
btree8_bl,256,10,25.0366,3802318259966007189
fusion8_c,256,10,42.6300,3802318259966007189
btree8_a64,256,10,22.1680,3802318259966007189
btree8,256,10,24.8062,3802318259966007189
fusion8_bf,256,10,43.8263,3802318259966007189
fusion8,256,11,41.0736,3802318259966007189
btree8_a64,256,11,22.7661,3802318259966007189
fusion8_bf,256,11,43.8644,3802318259966007189
btree8,256,11,22.9248,3802318259966007189
btree8_bl_a64,256,11,23.2758,3802318259966007189
btree8_bl,256,11,25.0687,3802318259966007189
sorted_array,256,11,23.4985,3802318259966007189
fusion8_c,256,11,41.9357,3802318259966007189
btree16_bl_a64,256,11,15.2588,3802318259966007189
fusion16_w,256,11,38.3621,3802318259966007189
btree8_bl,256,12,25.0763,3802318259966007189
fusion16_w,256,12,38.3392,3802318259966007189
fusion8_bf,256,12,44.3604,3802318259966007189
fusion8,256,12,40.9271,3802318259966007189
sorted_array,256,12,25.4776,3802318259966007189
btree8_a64,256,12,24.5239,3802318259966007189
btree8_bl_a64,256,12,22.4869,3802318259966007189
fusion8_c,256,12,40.8081,3802318259966007189
btree16_bl_a64,256,12,14.9643,3802318259966007189
btree8,256,12,21.9894,3802318259966007189
fusion8,256,13,42.0410,3802318259966007189
fusion16_w,256,13,38.3560,3802318259966007189
btree8_a64,256,13,21.6095,3802318259966007189
fusion8_c,256,13,40.7440,3802318259966007189
btree8,256,13,22.2229,3802318259966007189
btree8_bl,256,13,24.8108,3802318259966007189
fusion8_bf,256,13,43.0283,3802318259966007189
btree16_bl_a64,256,13,15.0452,3802318259966007189
btree8_bl_a64,256,13,22.8302,3802318259966007189
sorted_array,256,13,23.0911,3802318259966007189
btree8_bl_a64,256,14,22.5632,3802318259966007189
fusion16_w,256,14,37.9349,3802318259966007189
btree8,256,14,24.7055,3802318259966007189
btree8_a64,256,14,22.7692,3802318259966007189
sorted_array,256,14,23.6206,3802318259966007189
btree8_bl,256,14,24.6796,3802318259966007189
btree16_bl_a64,256,14,14.9353,3802318259966007189
fusion8_bf,256,14,43.9468,3802318259966007189
fusion8,256,14,41.0599,3802318259966007189
fusion8_c,256,14,40.9836,3802318259966007189
fusion8_c,512,0,43.0710,18445980686323395203
btree8,512,0,25.3448,18445980686323395203
btree8_a64,512,0,27.1255,18445980686323395203
btree8_bl,512,0,23.2254,18445980686323395203
btree8_bl_a64,512,0,21.6522,18445980686323395203
fusion8,512,0,41.8610,18445980686323395203
sorted_array,512,0,30.2444,18445980686323395203
btree16_bl_a64,512,0,21.1594,18445980686323395203
fusion8_bf,512,0,44.1040,18445980686323395203
fusion16_w,512,0,50.5005,18445980686323395203
btree8_a64,512,1,25.6042,18445980686323395203
btree8,512,1,26.7609,18445980686323395203
fusion16_w,512,1,49.2371,18445980686323395203
fusion8,512,1,41.3925,18445980686323395203
btree8_bl,512,1,22.6837,18445980686323395203
btree16_bl_a64,512,1,21.2753,18445980686323395203
btree8_bl_a64,512,1,21.9528,18445980686323395203
fusion8_bf,512,1,45.1843,18445980686323395203
fusion8_c,512,1,43.2556,18445980686323395203
sorted_array,512,1,27.9343,18445980686323395203
fusion16_w,512,2,50.0626,18445980686323395203
btree8_bl_a64,512,2,21.1624,18445980686323395203
btree16_bl_a64,512,2,21.3242,18445980686323395203
fusion8_c,512,2,43.8644,18445980686323395203
fusion8_bf,512,2,45.0134,18445980686323395203
btree8_bl,512,2,22.9462,18445980686323395203
fusion8,512,2,41.0507,18445980686323395203
sorted_array,512,2,27.8809,18445980686323395203
btree8,512,2,26.4267,18445980686323395203
btree8_a64,512,2,25.7904,18445980686323395203
btree8_bl_a64,512,3,21.8430,18445980686323395203
btree8_a64,512,3,26.4099,18445980686323395203
sorted_array,512,3,29.3686,18445980686323395203
fusion8_c,512,3,43.5242,18445980686323395203
btree8,512,3,25.0900,18445980686323395203
fusion8,512,3,40.9790,18445980686323395203
fusion8_bf,512,3,44.1025,18445980686323395203
btree8_bl,512,3,22.7081,18445980686323395203
fusion16_w,512,3,50.3860,18445980686323395203
btree16_bl_a64,512,3,21.5988,18445980686323395203
fusion8_c,512,4,43.5501,18445980686323395203
btree8_bl,512,4,23.2269,18445980686323395203
btree16_bl_a64,512,4,21.2906,18445980686323395203
btree8,512,4,26.0620,18445980686323395203
btree8_bl_a64,512,4,21.2387,18445980686323395203
sorted_array,512,4,27.9465,18445980686323395203
btree8_a64,512,4,26.1963,18445980686323395203
fusion8_bf,512,4,45.9702,18445980686323395203
fusion16_w,512,4,50.0946,18445980686323395203
fusion8,512,4,41.7892,18445980686323395203
btree8_bl_a64,512,5,21.6904,18445980686323395203
btree8_bl,512,5,23.1171,18445980686323395203
fusion8_c,512,5,43.5959,18445980686323395203
btree16_bl_a64,512,5,21.6415,18445980686323395203
btree8,512,5,25.3891,18445980686323395203
btree8_a64,512,5,26.7960,18445980686323395203
fusion16_w,512,5,50.0244,18445980686323395203
sorted_array,512,5,29.4540,18445980686323395203
fusion8_bf,512,5,44.9982,18445980686323395203
fusion8,512,5,41.8594,18445980686323395203
fusion8,512,6,41.5894,18445980686323395203
btree8,512,6,25.3464,18445980686323395203
sorted_array,512,6,29.2801,18445980686323395203
btree16_bl_a64,512,6,21.6431,18445980686323395203
fusion16_w,512,6,49.9390,18445980686323395203
fusion8_c,512,6,43.8187,18445980686323395203
btree8_bl_a64,512,6,21.6263,18445980686323395203
btree8_a64,512,6,24.3225,18445980686323395203
btree8_bl,512,6,23.1430,18445980686323395203
fusion8_bf,512,6,44.9280,18445980686323395203
btree8,512,7,26.9577,18445980686323395203
btree8_a64,512,7,24.2325,18445980686323395203
fusion8_c,512,7,43.7607,18445980686323395203
fusion8_bf,512,7,44.9478,18445980686323395203
fusion8,512,7,41.8762,18445980686323395203
btree8_bl_a64,512,7,21.7087,18445980686323395203
fusion16_w,512,7,50.7492,18445980686323395203
btree16_bl_a64,512,7,22.3602,18445980686323395203
sorted_array,512,7,29.7028,18445980686323395203
btree8_bl,512,7,23.1522,18445980686323395203
sorted_array,512,8,28.5095,18445980686323395203
btree8_bl,512,8,23.1216,18445980686323395203
btree8_bl_a64,512,8,21.6278,18445980686323395203
btree16_bl_a64,512,8,21.6293,18445980686323395203
fusion8_bf,512,8,44.9051,18445980686323395203
fusion8,512,8,42.7704,18445980686323395203
fusion16_w,512,8,50.1556,18445980686323395203
fusion8_c,512,8,43.4479,18445980686323395203
btree8_a64,512,8,24.7849,18445980686323395203
btree8,512,8,27.4979,18445980686323395203
btree8_bl_a64,512,9,21.6125,18445980686323395203
btree8,512,9,26.5656,18445980686323395203
fusion16_w,512,9,50.5737,18445980686323395203
fusion8_c,512,9,43.4113,18445980686323395203
sorted_array,512,9,28.4317,18445980686323395203
btree8_a64,512,9,24.3576,18445980686323395203
btree16_bl_a64,512,9,21.7239,18445980686323395203
fusion8,512,9,42.1143,18445980686323395203
btree8_bl,512,9,23.1613,18445980686323395203
fusion8_bf,512,9,45.6894,18445980686323395203
btree8_bl,512,10,23.1705,18445980686323395203
btree8,512,10,25.3937,18445980686323395203
fusion8_c,512,10,43.6462,18445980686323395203
btree8_bl_a64,512,10,21.6354,18445980686323395203
btree8_a64,512,10,25.0183,18445980686323395203
sorted_array,512,10,29.0512,18445980686323395203
fusion16_w,512,10,50.5371,18445980686323395203
fusion8,512,10,42.6071,18445980686323395203
btree16_bl_a64,512,10,21.6660,18445980686323395203
fusion8_bf,512,10,44.5343,18445980686323395203
btree8_bl_a64,512,11,21.1609,18445980686323395203
fusion8_bf,512,11,44.0201,18445980686323395203
fusion8_c,512,11,42.8741,18445980686323395203
btree8_a64,512,11,24.6780,18445980686323395203
btree8_bl,512,11,23.1796,18445980686323395203
btree16_bl_a64,512,11,21.5881,18445980686323395203
fusion8,512,11,42.0166,18445980686323395203
fusion16_w,512,11,49.8886,18445980686323395203
sorted_array,512,11,28.1525,18445980686323395203
btree8,512,11,26.6190,18445980686323395203
btree8_bl_a64,512,12,21.2311,18445980686323395203
fusion8_bf,512,12,45.3247,18445980686323395203
fusion8_c,512,12,43.4570,18445980686323395203
btree8,512,12,24.8856,18445980686323395203
fusion8,512,12,41.0202,18445980686323395203
btree8_bl,512,12,22.6898,18445980686323395203
btree16_bl_a64,512,12,21.2570,18445980686323395203
btree8_a64,512,12,24.8672,18445980686323395203
sorted_array,512,12,28.7415,18445980686323395203
fusion16_w,512,12,52.2812,18445980686323395203
btree8,512,13,26.7853,18445980686323395203
fusion16_w,512,13,49.1318,18445980686323395203
btree8_a64,512,13,25.2182,18445980686323395203
sorted_array,512,13,28.0396,18445980686323395203
fusion8_bf,512,13,44.8273,18445980686323395203
fusion8,512,13,42.7124,18445980686323395203
btree8_bl,512,13,23.1415,18445980686323395203
btree16_bl_a64,512,13,21.6187,18445980686323395203
btree8_bl_a64,512,13,21.3348,18445980686323395203
fusion8_c,512,13,42.5583,18445980686323395203
btree8_bl_a64,512,14,21.1716,18445980686323395203
fusion8_bf,512,14,44.1711,18445980686323395203
btree8_a64,512,14,25.2502,18445980686323395203
btree8_bl,512,14,23.3902,18445980686323395203
btree16_bl_a64,512,14,21.6339,18445980686323395203
fusion16_w,512,14,49.9481,18445980686323395203
btree8,512,14,26.9104,18445980686323395203
fusion8_c,512,14,42.9138,18445980686323395203
sorted_array,512,14,27.8458,18445980686323395203
fusion8,512,14,41.9128,18445980686323395203
btree8,1024,0,29.9744,13330139387826418850
fusion16_w,1024,0,55.0659,13330139387826418850
btree8_a64,1024,0,28.6636,13330139387826418850
btree8_bl,1024,0,30.7129,13330139387826418850
fusion8_bf,1024,0,54.7440,13330139387826418850
fusion8,1024,0,49.5193,13330139387826418850
btree8_bl_a64,1024,0,27.0416,13330139387826418850
fusion8_c,1024,0,52.1194,13330139387826418850
sorted_array,1024,0,32.9788,13330139387826418850
btree16_bl_a64,1024,0,24.3515,13330139387826418850
btree8,1024,1,29.1321,13330139387826418850
fusion8,1024,1,49.7314,13330139387826418850
fusion8_bf,1024,1,53.2349,13330139387826418850
fusion8_c,1024,1,50.8835,13330139387826418850
fusion16_w,1024,1,56.3553,13330139387826418850
btree8_bl,1024,1,30.2673,13330139387826418850
sorted_array,1024,1,33.3267,13330139387826418850
btree16_bl_a64,1024,1,23.3109,13330139387826418850
btree8_bl_a64,1024,1,27.1606,13330139387826418850
btree8_a64,1024,1,28.7369,13330139387826418850
btree8,1024,2,29.6967,13330139387826418850
fusion8_bf,1024,2,54.7195,13330139387826418850
btree8_a64,1024,2,29.0588,13330139387826418850
btree8_bl,1024,2,30.2811,13330139387826418850
btree16_bl_a64,1024,2,23.3765,13330139387826418850
fusion8_c,1024,2,51.3275,13330139387826418850
fusion16_w,1024,2,55.3802,13330139387826418850
fusion8,1024,2,49.2249,13330139387826418850
sorted_array,1024,2,33.2642,13330139387826418850
btree8_bl_a64,1024,2,27.4979,13330139387826418850
sorted_array,1024,3,32.7682,13330139387826418850
fusion8_c,1024,3,50.9476,13330139387826418850
fusion16_w,1024,3,55.1163,13330139387826418850
btree16_bl_a64,1024,3,22.8683,13330139387826418850
fusion8,1024,3,48.7915,13330139387826418850
btree8_bl_a64,1024,3,26.9592,13330139387826418850
btree8_a64,1024,3,29.7882,13330139387826418850
fusion8_bf,1024,3,53.0563,13330139387826418850
btree8_bl,1024,3,29.6600,13330139387826418850
btree8,1024,3,30.6274,13330139387826418850
btree8_a64,1024,4,29.1885,13330139387826418850
btree8,1024,4,28.5736,13330139387826418850
fusion8_c,1024,4,50.9750,13330139387826418850
btree8_bl,1024,4,29.6570,13330139387826418850
sorted_array,1024,4,33.1848,13330139387826418850
fusion8_bf,1024,4,54.7043,13330139387826418850
btree8_bl_a64,1024,4,27.1042,13330139387826418850
btree16_bl_a64,1024,4,23.0225,13330139387826418850
fusion16_w,1024,4,55.8121,13330139387826418850
fusion8,1024,4,49.1379,13330139387826418850
fusion8,1024,5,48.8831,13330139387826418850
btree16_bl_a64,1024,5,22.7951,13330139387826418850
fusion16_w,1024,5,54.9683,13330139387826418850
btree8_bl,1024,5,29.8889,13330139387826418850
btree8_a64,1024,5,28.8589,13330139387826418850
fusion8_c,1024,5,51.5823,13330139387826418850
btree8,1024,5,28.6255,13330139387826418850
fusion8_bf,1024,5,53.2013,13330139387826418850
btree8_bl_a64,1024,5,26.9836,13330139387826418850
sorted_array,1024,5,33.0765,13330139387826418850
fusion16_w,1024,6,59.0912,13330139387826418850
btree8_bl,1024,6,32.0419,13330139387826418850
fusion8,1024,6,51.3306,13330139387826418850
btree8_a64,1024,6,30.8273,13330139387826418850
btree8,1024,6,29.1061,13330139387826418850
fusion8_c,1024,6,51.4236,13330139387826418850
sorted_array,1024,6,33.4732,13330139387826418850
btree8_bl_a64,1024,6,27.1423,13330139387826418850
btree16_bl_a64,1024,6,23.1659,13330139387826418850
fusion8_bf,1024,6,53.1540,13330139387826418850
sorted_array,1024,7,33.0795,13330139387826418850
fusion8_c,1024,7,51.1688,13330139387826418850
fusion8,1024,7,49.5132,13330139387826418850
btree16_bl_a64,1024,7,23.4146,13330139387826418850
fusion16_w,1024,7,55.2475,13330139387826418850
btree8,1024,7,30.9021,13330139387826418850
btree8_bl_a64,1024,7,26.9928,13330139387826418850
btree8_bl,1024,7,29.6906,13330139387826418850
btree8_a64,1024,7,29.3701,13330139387826418850
fusion8_bf,1024,7,53.7582,13330139387826418850
fusion8,1024,8,48.9883,13330139387826418850
btree8_bl,1024,8,30.1666,13330139387826418850
btree8_bl_a64,1024,8,27.0447,13330139387826418850
fusion8_c,1024,8,52.4414,13330139387826418850
fusion8_bf,1024,8,53.0777,13330139387826418850
btree16_bl_a64,1024,8,22.9736,13330139387826418850
sorted_array,1024,8,32.6614,13330139387826418850
btree8_a64,1024,8,29.0131,13330139387826418850
fusion16_w,1024,8,54.9515,13330139387826418850
btree8,1024,8,30.4062,13330139387826418850
fusion16_w,1024,9,55.0186,13330139387826418850
fusion8,1024,9,49.2126,13330139387826418850
btree8_a64,1024,9,27.9938,13330139387826418850
fusion8_bf,1024,9,52.9907,13330139387826418850
btree16_bl_a64,1024,9,22.9553,13330139387826418850
btree8_bl_a64,1024,9,27.0142,13330139387826418850
btree8_bl,1024,9,29.6951,13330139387826418850
fusion8_c,1024,9,51.7014,13330139387826418850
btree8,1024,9,28.8010,13330139387826418850
sorted_array,1024,9,33.1635,13330139387826418850
fusion8,1024,10,48.7839,13330139387826418850
btree16_bl_a64,1024,10,23.0530,13330139387826418850
fusion8_c,1024,10,51.5198,13330139387826418850
fusion8_bf,1024,10,53.0441,13330139387826418850
fusion16_w,1024,10,56.1340,13330139387826418850
btree8,1024,10,30.1758,13330139387826418850
sorted_array,1024,10,32.9193,13330139387826418850
btree8_bl,1024,10,29.7821,13330139387826418850
btree8_a64,1024,10,27.3621,13330139387826418850
btree8_bl_a64,1024,10,26.9836,13330139387826418850
btree8_bl_a64,1024,11,26.8936,13330139387826418850
sorted_array,1024,11,33.1009,13330139387826418850
btree8,1024,11,31.2515,13330139387826418850
fusion8,1024,11,49.4629,13330139387826418850
fusion8_bf,1024,11,54.0329,13330139387826418850
btree16_bl_a64,1024,11,22.9416,13330139387826418850
fusion16_w,1024,11,54.9774,13330139387826418850
btree8_a64,1024,11,28.7292,13330139387826418850
fusion8_c,1024,11,51.9714,13330139387826418850
btree8_bl,1024,11,30.2567,13330139387826418850
fusion16_w,1024,12,56.2210,13330139387826418850
fusion8,1024,12,49.7955,13330139387826418850
btree16_bl_a64,1024,12,23.4253,13330139387826418850
fusion8_bf,1024,12,54.3900,13330139387826418850
btree8_a64,1024,12,28.5263,13330139387826418850
sorted_array,1024,12,33.2764,13330139387826418850
btree8_bl_a64,1024,12,26.9531,13330139387826418850
btree8_bl,1024,12,29.7623,13330139387826418850
btree8,1024,12,31.2759,13330139387826418850
fusion8_c,1024,12,51.0742,13330139387826418850
btree8_bl,1024,13,30.0400,13330139387826418850
btree8,1024,13,31.0318,13330139387826418850
fusion16_w,1024,13,55.4352,13330139387826418850
sorted_array,1024,13,33.3740,13330139387826418850
btree8_bl_a64,1024,13,27.0569,13330139387826418850
fusion8_bf,1024,13,53.1815,13330139387826418850
btree16_bl_a64,1024,13,22.9111,13330139387826418850
fusion8_c,1024,13,51.0590,13330139387826418850
btree8_a64,1024,13,27.6108,13330139387826418850
fusion8,1024,13,49.1821,13330139387826418850
btree16_bl_a64,1024,14,22.9034,13330139387826418850
fusion8,1024,14,48.7732,13330139387826418850
sorted_array,1024,14,34.2026,13330139387826418850
fusion8_c,1024,14,51.2970,13330139387826418850
btree8,1024,14,29.9530,13330139387826418850
btree8_bl_a64,1024,14,27.0157,13330139387826418850
btree8_bl,1024,14,29.8248,13330139387826418850
fusion16_w,1024,14,55.1910,13330139387826418850
btree8_a64,1024,14,28.8300,13330139387826418850
fusion8_bf,1024,14,53.1754,13330139387826418850
fusion8,2048,0,58.1329,8649855807846794996
fusion16_w,2048,0,59.3384,8649855807846794996
btree8_bl_a64,2048,0,30.6030,8649855807846794996
btree8_bl,2048,0,33.1635,8649855807846794996
fusion8_c,2048,0,59.0103,8649855807846794996
btree16_bl_a64,2048,0,24.5377,8649855807846794996
sorted_array,2048,0,40.7532,8649855807846794996
btree8_a64,2048,0,36.1816,8649855807846794996
btree8,2048,0,36.7645,8649855807846794996
fusion8_bf,2048,0,61.7111,8649855807846794996
fusion8,2048,1,57.5256,8649855807846794996
btree16_bl_a64,2048,1,22.4945,8649855807846794996
sorted_array,2048,1,37.5137,8649855807846794996
btree8_a64,2048,1,33.1650,8649855807846794996
btree8,2048,1,35.8185,8649855807846794996
fusion16_w,2048,1,59.3719,8649855807846794996
fusion8_bf,2048,1,59.5856,8649855807846794996
fusion8_c,2048,1,56.4072,8649855807846794996
btree8_bl,2048,1,32.4234,8649855807846794996
btree8_bl_a64,2048,1,29.8294,8649855807846794996
fusion16_w,2048,2,58.7402,8649855807846794996
btree16_bl_a64,2048,2,22.4609,8649855807846794996
btree8,2048,2,32.9758,8649855807846794996
fusion8_c,2048,2,56.1737,8649855807846794996
sorted_array,2048,2,37.8281,8649855807846794996
btree8_a64,2048,2,31.7139,8649855807846794996
fusion8,2048,2,56.9092,8649855807846794996
fusion8_bf,2048,2,58.8928,8649855807846794996
btree8_bl,2048,2,34.2407,8649855807846794996
btree8_bl_a64,2048,2,29.8340,8649855807846794996
btree8_bl,2048,3,32.5272,8649855807846794996
fusion8_c,2048,3,57.1442,8649855807846794996
sorted_array,2048,3,37.7869,8649855807846794996
btree8_a64,2048,3,32.5638,8649855807846794996
fusion8_bf,2048,3,60.6552,8649855807846794996
btree16_bl_a64,2048,3,22.9828,8649855807846794996
btree8_bl_a64,2048,3,29.7501,8649855807846794996
btree8,2048,3,34.0210,8649855807846794996
fusion16_w,2048,3,58.5571,8649855807846794996
fusion8,2048,3,58.9584,8649855807846794996
btree16_bl_a64,2048,4,22.9385,8649855807846794996
sorted_array,2048,4,38.5986,8649855807846794996
fusion16_w,2048,4,59.3552,8649855807846794996
btree8_bl,2048,4,31.9061,8649855807846794996
btree8_bl_a64,2048,4,29.2923,8649855807846794996
fusion8,2048,4,57.7194,8649855807846794996
btree8_a64,2048,4,33.9569,8649855807846794996
fusion8_bf,2048,4,59.7214,8649855807846794996
btree8,2048,4,33.3847,8649855807846794996
fusion8_c,2048,4,56.6040,8649855807846794996
fusion8,2048,5,57.8918,8649855807846794996
btree8_bl,2048,5,32.5806,8649855807846794996
btree8,2048,5,33.5068,8649855807846794996
fusion8_c,2048,5,57.4387,8649855807846794996
sorted_array,2048,5,37.8693,8649855807846794996
btree8_a64,2048,5,32.2052,8649855807846794996
btree16_bl_a64,2048,5,22.4854,8649855807846794996
btree8_bl_a64,2048,5,30.4184,8649855807846794996
fusion8_bf,2048,5,59.8862,8649855807846794996
fusion16_w,2048,5,59.3155,8649855807846794996
btree8,2048,6,34.3414,8649855807846794996
sorted_array,2048,6,37.8784,8649855807846794996
fusion8,2048,6,57.9865,8649855807846794996
btree8_bl_a64,2048,6,29.8157,8649855807846794996
fusion8_c,2048,6,57.3303,8649855807846794996
fusion8_bf,2048,6,58.9508,8649855807846794996
fusion16_w,2048,6,58.2199,8649855807846794996
btree16_bl_a64,2048,6,23.4085,8649855807846794996
btree8_a64,2048,6,34.4238,8649855807846794996
btree8_bl,2048,6,32.4554,8649855807846794996
fusion8_bf,2048,7,58.7402,8649855807846794996
btree8,2048,7,33.2718,8649855807846794996
btree8_bl,2048,7,31.8283,8649855807846794996
btree16_bl_a64,2048,7,22.5037,8649855807846794996
btree8_bl_a64,2048,7,30.3925,8649855807846794996
fusion8_c,2048,7,57.2754,8649855807846794996
btree8_a64,2048,7,32.3685,8649855807846794996
sorted_array,2048,7,38.0569,8649855807846794996
fusion16_w,2048,7,58.1390,8649855807846794996
fusion8,2048,7,57.8873,8649855807846794996
fusion16_w,2048,8,59.2209,8649855807846794996
btree8,2048,8,36.8088,8649855807846794996
btree8_bl_a64,2048,8,29.8080,8649855807846794996
fusion8_c,2048,8,56.1340,8649855807846794996
btree8_bl,2048,8,31.9656,8649855807846794996
btree8_a64,2048,8,34.8343,8649855807846794996
fusion8_bf,2048,8,59.9655,8649855807846794996
btree16_bl_a64,2048,8,22.5586,8649855807846794996
sorted_array,2048,8,37.4710,8649855807846794996
fusion8,2048,8,56.9931,8649855807846794996
btree8_a64,2048,9,34.9579,8649855807846794996
fusion8,2048,9,58.2642,8649855807846794996
btree8,2048,9,34.0469,8649855807846794996
fusion16_w,2048,9,59.2621,8649855807846794996
btree16_bl_a64,2048,9,22.8683,8649855807846794996
btree8_bl,2048,9,31.7963,8649855807846794996
btree8_bl_a64,2048,9,30.9357,8649855807846794996
fusion8_bf,2048,9,59.7153,8649855807846794996
sorted_array,2048,9,38.1073,8649855807846794996
fusion8_c,2048,9,58.5785,8649855807846794996
btree16_bl_a64,2048,10,22.5616,8649855807846794996
sorted_array,2048,10,37.4252,8649855807846794996
btree8_bl,2048,10,32.7759,8649855807846794996
fusion8_c,2048,10,57.5226,8649855807846794996
fusion8,2048,10,57.8049,8649855807846794996
btree8,2048,10,34.9503,8649855807846794996
fusion16_w,2048,10,58.5739,8649855807846794996
btree8_bl_a64,2048,10,30.0186,8649855807846794996
fusion8_bf,2048,10,59.9121,8649855807846794996
btree8_a64,2048,10,35.6461,8649855807846794996
btree8,2048,11,35.6506,8649855807846794996
btree8_bl_a64,2048,11,29.7012,8649855807846794996
btree8_a64,2048,11,32.5958,8649855807846794996
fusion8_bf,2048,11,59.7122,8649855807846794996
btree8_bl,2048,11,32.4203,8649855807846794996
fusion8_c,2048,11,57.1030,8649855807846794996
fusion16_w,2048,11,58.2581,8649855807846794996
btree16_bl_a64,2048,11,22.4945,8649855807846794996
fusion8,2048,11,58.0154,8649855807846794996
sorted_array,2048,11,38.2751,8649855807846794996
sorted_array,2048,12,37.8510,8649855807846794996
btree16_bl_a64,2048,12,23.0759,8649855807846794996
btree8_bl_a64,2048,12,29.4952,8649855807846794996
fusion8_c,2048,12,56.1249,8649855807846794996
btree8_bl,2048,12,31.8298,8649855807846794996
btree8,2048,12,34.8862,8649855807846794996
fusion8_bf,2048,12,60.2859,8649855807846794996
fusion16_w,2048,12,59.5856,8649855807846794996
btree8_a64,2048,12,34.7061,8649855807846794996
fusion8,2048,12,57.1930,8649855807846794996
fusion16_w,2048,13,58.3099,8649855807846794996
btree8_bl,2048,13,32.5836,8649855807846794996
fusion8,2048,13,57.7698,8649855807846794996
btree16_bl_a64,2048,13,22.9645,8649855807846794996
fusion8_c,2048,13,57.2510,8649855807846794996
btree8_a64,2048,13,32.5958,8649855807846794996
btree8,2048,13,34.7366,8649855807846794996
sorted_array,2048,13,38.0447,8649855807846794996
btree8_bl_a64,2048,13,30.8640,8649855807846794996
fusion8_bf,2048,13,60.1822,8649855807846794996
btree8_bl,2048,14,32.4356,8649855807846794996
btree16_bl_a64,2048,14,22.9065,8649855807846794996
btree8,2048,14,33.2336,8649855807846794996
fusion8_bf,2048,14,59.4299,8649855807846794996
fusion8,2048,14,57.8461,8649855807846794996
btree8_a64,2048,14,34.6481,8649855807846794996
btree8_bl_a64,2048,14,29.9149,8649855807846794996
sorted_array,2048,14,38.4842,8649855807846794996
fusion16_w,2048,14,59.2026,8649855807846794996
fusion8_c,2048,14,56.7963,8649855807846794996
sorted_array,4096,0,42.3553,201817674810245547
btree8,4096,0,37.2803,201817674810245547
fusion8_c,4096,0,60.7452,201817674810245547
fusion8_bf,4096,0,62.9761,201817674810245547
btree8_bl,4096,0,31.6788,201817674810245547
fusion16_w,4096,0,58.2840,201817674810245547
fusion8,4096,0,60.4507,201817674810245547
btree8_bl_a64,4096,0,29.4479,201817674810245547
btree16_bl_a64,4096,0,22.7646,201817674810245547
btree8_a64,4096,0,36.1389,201817674810245547
fusion16_w,4096,1,58.4656,201817674810245547
btree16_bl_a64,4096,1,22.2504,201817674810245547
btree8_bl,4096,1,31.6208,201817674810245547
btree8_bl_a64,4096,1,29.6783,201817674810245547
btree8_a64,4096,1,36.4441,201817674810245547
fusion8_bf,4096,1,62.6419,201817674810245547
sorted_array,4096,1,41.6321,201817674810245547
fusion8_c,4096,1,59.2606,201817674810245547
fusion8,4096,1,60.1913,201817674810245547
btree8,4096,1,37.2513,201817674810245547
btree8_bl,4096,2,32.2113,201817674810245547
fusion8_bf,4096,2,61.5784,201817674810245547
btree8_bl_a64,4096,2,29.0268,201817674810245547
fusion16_w,4096,2,59.9930,201817674810245547
btree8_a64,4096,2,37.4252,201817674810245547
btree8,4096,2,37.2391,201817674810245547
btree16_bl_a64,4096,2,22.6746,201817674810245547
fusion8_c,4096,2,59.1904,201817674810245547
fusion8,4096,2,58.9096,201817674810245547
sorted_array,4096,2,42.1783,201817674810245547
fusion8_c,4096,3,61.5585,201817674810245547
fusion8_bf,4096,3,61.5845,201817674810245547
btree8,4096,3,36.8774,201817674810245547
fusion8,4096,3,59.0836,201817674810245547
btree16_bl_a64,4096,3,22.7005,201817674810245547
btree8_bl,4096,3,32.2327,201817674810245547
sorted_array,4096,3,41.6809,201817674810245547
fusion16_w,4096,3,58.3282,201817674810245547
btree8_a64,4096,3,36.0626,201817674810245547
btree8_bl_a64,4096,3,29.0924,201817674810245547
btree8_bl,4096,4,32.1777,201817674810245547
fusion8_c,4096,4,60.3134,201817674810245547
fusion8,4096,4,59.0164,201817674810245547
btree8_bl_a64,4096,4,28.8269,201817674810245547
btree8,4096,4,37.0377,201817674810245547
sorted_array,4096,4,42.4759,201817674810245547
fusion16_w,4096,4,59.2346,201817674810245547
btree16_bl_a64,4096,4,22.8317,201817674810245547
fusion8_bf,4096,4,62.3764,201817674810245547
btree8_a64,4096,4,35.8734,201817674810245547
btree8_bl_a64,4096,5,29.4586,201817674810245547
btree16_bl_a64,4096,5,22.6578,201817674810245547
fusion8_c,4096,5,59.6176,201817674810245547
btree8,4096,5,36.4441,201817674810245547
fusion16_w,4096,5,58.2993,201817674810245547
btree8_bl,4096,5,31.6589,201817674810245547
sorted_array,4096,5,42.2836,201817674810245547
btree8_a64,4096,5,36.9400,201817674810245547
fusion8,4096,5,59.1705,201817674810245547
fusion8_bf,4096,5,62.5748,201817674810245547
fusion8_bf,4096,6,63.2156,201817674810245547
btree8_bl,4096,6,32.1259,201817674810245547
sorted_array,4096,6,41.5619,201817674810245547
btree8,4096,6,36.5601,201817674810245547
fusion16_w,4096,6,58.2184,201817674810245547
btree16_bl_a64,4096,6,22.3068,201817674810245547
btree8_a64,4096,6,36.0443,201817674810245547
fusion8,4096,6,59.4849,201817674810245547
fusion8_c,4096,6,59.9686,201817674810245547
btree8_bl_a64,4096,6,29.3961,201817674810245547
btree8,4096,7,37.0865,201817674810245547
sorted_array,4096,7,42.3752,201817674810245547
fusion8_c,4096,7,59.6634,201817674810245547
fusion16_w,4096,7,58.3466,201817674810245547
btree8_bl_a64,4096,7,28.8391,201817674810245547
btree8_a64,4096,7,35.6812,201817674810245547
fusion8_bf,4096,7,62.5549,201817674810245547
btree16_bl_a64,4096,7,22.5128,201817674810245547
btree8_bl,4096,7,31.6360,201817674810245547
fusion8,4096,7,59.3201,201817674810245547
btree8,4096,8,37.0941,201817674810245547
btree8_a64,4096,8,36.8530,201817674810245547
fusion8_c,4096,8,60.1898,201817674810245547
sorted_array,4096,8,42.1875,201817674810245547
btree16_bl_a64,4096,8,22.7432,201817674810245547
btree8_bl_a64,4096,8,29.4952,201817674810245547
fusion8_bf,4096,8,62.9776,201817674810245547
fusion16_w,4096,8,59.5459,201817674810245547
btree8_bl,4096,8,32.2113,201817674810245547
fusion8,4096,8,59.9854,201817674810245547
fusion16_w,4096,9,58.3328,201817674810245547
btree8_a64,4096,9,36.2305,201817674810245547
sorted_array,4096,9,42.4194,201817674810245547
btree8_bl_a64,4096,9,29.4647,201817674810245547
btree8,4096,9,37.4985,201817674810245547
fusion8_bf,4096,9,61.6653,201817674810245547
fusion8_c,4096,9,60.1715,201817674810245547
fusion8,4096,9,60.1547,201817674810245547
btree8_bl,4096,9,32.2998,201817674810245547
btree16_bl_a64,4096,9,22.3648,201817674810245547
sorted_array,4096,10,42.7246,201817674810245547
fusion16_w,4096,10,59.2239,201817674810245547
fusion8,4096,10,59.9991,201817674810245547
btree8_bl_a64,4096,10,29.3457,201817674810245547
fusion8_c,4096,10,60.4034,201817674810245547
btree8_a64,4096,10,36.2213,201817674810245547
btree8,4096,10,36.7722,201817674810245547
btree8_bl,4096,10,32.1854,201817674810245547
btree16_bl_a64,4096,10,22.7402,201817674810245547
fusion8_bf,4096,10,62.8326,201817674810245547
btree8_bl,4096,11,32.1793,201817674810245547
btree8_a64,4096,11,36.5143,201817674810245547
fusion8,4096,11,59.8694,201817674810245547
btree8_bl_a64,4096,11,29.4479,201817674810245547
fusion8_c,4096,11,60.5911,201817674810245547
fusion8_bf,4096,11,62.7411,201817674810245547
btree16_bl_a64,4096,11,22.7158,201817674810245547
btree8,4096,11,37.0956,201817674810245547
fusion16_w,4096,11,59.5215,201817674810245547
sorted_array,4096,11,43.6386,201817674810245547
btree8_bl_a64,4096,12,29.4724,201817674810245547
fusion8_c,4096,12,60.8582,201817674810245547
btree8_a64,4096,12,36.3495,201817674810245547
btree16_bl_a64,4096,12,22.6456,201817674810245547
btree8_bl,4096,12,31.8161,201817674810245547
btree8,4096,12,37.1887,201817674810245547
fusion8_bf,4096,12,62.3474,201817674810245547
fusion8,4096,12,59.2392,201817674810245547
fusion16_w,4096,12,58.5739,201817674810245547
sorted_array,4096,12,42.3187,201817674810245547
btree8_a64,4096,13,37.2269,201817674810245547
fusion8,4096,13,59.7458,201817674810245547
btree8_bl,4096,13,31.6559,201817674810245547
sorted_array,4096,13,41.6687,201817674810245547
btree8_bl_a64,4096,13,28.9642,201817674810245547
fusion16_w,4096,13,58.7997,201817674810245547
btree8,4096,13,36.9766,201817674810245547
fusion8_bf,4096,13,62.0514,201817674810245547
btree16_bl_a64,4096,13,22.2519,201817674810245547
fusion8_c,4096,13,59.3521,201817674810245547
btree8_bl_a64,4096,14,28.8712,201817674810245547
fusion8,4096,14,59.3872,201817674810245547
fusion16_w,4096,14,58.6853,201817674810245547
fusion8_c,4096,14,59.7641,201817674810245547
btree8_bl,4096,14,31.7032,201817674810245547
fusion8_bf,4096,14,62.6068,201817674810245547
btree16_bl_a64,4096,14,22.6562,201817674810245547
btree8,4096,14,36.1710,201817674810245547
btree8_a64,4096,14,37.5351,201817674810245547
sorted_array,4096,14,41.7252,201817674810245547
fusion8_bf,8192,0,71.1349,14779494332775015852
fusion8_c,8192,0,67.0807,14779494332775015852
sorted_array,8192,0,47.1588,14779494332775015852
btree8_bl,8192,0,38.7756,14779494332775015852
btree8,8192,0,41.0889,14779494332775015852
btree16_bl_a64,8192,0,35.4599,14779494332775015852
btree8_bl_a64,8192,0,34.7382,14779494332775015852
fusion8,8192,0,68.4784,14779494332775015852
btree8_a64,8192,0,41.2598,14779494332775015852
fusion16_w,8192,0,75.0107,14779494332775015852
fusion8_bf,8192,1,71.0587,14779494332775015852
btree8_a64,8192,1,40.0757,14779494332775015852
fusion8_c,8192,1,67.5018,14779494332775015852
fusion16_w,8192,1,74.4507,14779494332775015852
sorted_array,8192,1,47.8287,14779494332775015852
btree16_bl_a64,8192,1,35.8246,14779494332775015852
btree8_bl_a64,8192,1,35.4309,14779494332775015852
btree8,8192,1,41.5848,14779494332775015852
btree8_bl,8192,1,37.2391,14779494332775015852
fusion8,8192,1,68.8904,14779494332775015852
btree16_bl_a64,8192,2,34.5139,14779494332775015852
btree8_a64,8192,2,40.0452,14779494332775015852
fusion8,8192,2,65.9042,14779494332775015852
sorted_array,8192,2,46.7361,14779494332775015852
fusion8_c,8192,2,71.4447,14779494332775015852
btree8_bl_a64,8192,2,34.8541,14779494332775015852
fusion16_w,8192,2,76.6418,14779494332775015852
fusion8_bf,8192,2,72.7524,14779494332775015852
btree8_bl,8192,2,38.5590,14779494332775015852
btree8,8192,2,42.0303,14779494332775015852
fusion8_bf,8192,3,69.5862,14779494332775015852
btree8,8192,3,39.9490,14779494332775015852
btree16_bl_a64,8192,3,34.8862,14779494332775015852
btree8_a64,8192,3,40.4861,14779494332775015852
btree8_bl,8192,3,37.1902,14779494332775015852
fusion8_c,8192,3,66.8365,14779494332775015852
sorted_array,8192,3,46.9437,14779494332775015852
fusion16_w,8192,3,77.5330,14779494332775015852
fusion8,8192,3,69.0399,14779494332775015852
btree8_bl_a64,8192,3,34.9762,14779494332775015852
btree8_bl,8192,4,37.1262,14779494332775015852
btree8,8192,4,40.8981,14779494332775015852
btree8_a64,8192,4,40.1321,14779494332775015852
sorted_array,8192,4,47.6578,14779494332775015852
btree8_bl_a64,8192,4,34.4193,14779494332775015852
fusion8_c,8192,4,66.6870,14779494332775015852
fusion8_bf,8192,4,71.2585,14779494332775015852
fusion16_w,8192,4,75.5630,14779494332775015852
btree16_bl_a64,8192,4,35.0494,14779494332775015852
fusion8,8192,4,67.9703,14779494332775015852
btree8_bl,8192,5,37.5961,14779494332775015852
btree8_bl_a64,8192,5,34.2148,14779494332775015852
btree8_a64,8192,5,39.2700,14779494332775015852
btree16_bl_a64,8192,5,33.3969,14779494332775015852
sorted_array,8192,5,46.8674,14779494332775015852
fusion16_w,8192,5,77.4490,14779494332775015852
fusion8_c,8192,5,68.7469,14779494332775015852
fusion8_bf,8192,5,72.5449,14779494332775015852
fusion8,8192,5,68.6844,14779494332775015852
btree8,8192,5,44.2322,14779494332775015852
sorted_array,8192,6,46.9208,14779494332775015852
fusion8,8192,6,68.9377,14779494332775015852
fusion8_c,8192,6,68.1641,14779494332775015852
fusion16_w,8192,6,76.2878,14779494332775015852
fusion8_bf,8192,6,70.3354,14779494332775015852
btree8_bl,8192,6,38.2385,14779494332775015852
btree8_a64,8192,6,41.1438,14779494332775015852
btree8,8192,6,41.1774,14779494332775015852
btree16_bl_a64,8192,6,35.5209,14779494332775015852
btree8_bl_a64,8192,6,34.7565,14779494332775015852
btree8_bl_a64,8192,7,33.9050,14779494332775015852
sorted_array,8192,7,47.4930,14779494332775015852
fusion8_bf,8192,7,69.8807,14779494332775015852
btree8,8192,7,40.8554,14779494332775015852
btree16_bl_a64,8192,7,33.0963,14779494332775015852
fusion8,8192,7,69.0491,14779494332775015852
btree8_bl,8192,7,37.1002,14779494332775015852
fusion8_c,8192,7,68.7378,14779494332775015852
btree8_a64,8192,7,41.9464,14779494332775015852
fusion16_w,8192,7,76.4175,14779494332775015852
fusion8,8192,8,67.5156,14779494332775015852
btree16_bl_a64,8192,8,33.5953,14779494332775015852
btree8_a64,8192,8,39.2273,14779494332775015852
fusion16_w,8192,8,75.5356,14779494332775015852
btree8_bl_a64,8192,8,34.6115,14779494332775015852
fusion8_c,8192,8,67.5583,14779494332775015852
fusion8_bf,8192,8,72.5540,14779494332775015852
btree8,8192,8,41.1453,14779494332775015852
btree8_bl,8192,8,37.0758,14779494332775015852
sorted_array,8192,8,46.9299,14779494332775015852
sorted_array,8192,9,47.3145,14779494332775015852
btree8,8192,9,40.8783,14779494332775015852
fusion8_c,8192,9,66.5268,14779494332775015852
fusion8,8192,9,67.3767,14779494332775015852
fusion16_w,8192,9,77.4338,14779494332775015852
btree8_bl,8192,9,37.2025,14779494332775015852
fusion8_bf,8192,9,73.8281,14779494332775015852
btree16_bl_a64,8192,9,34.6725,14779494332775015852
btree8_bl_a64,8192,9,34.2087,14779494332775015852
btree8_a64,8192,9,40.7318,14779494332775015852
fusion16_w,8192,10,76.4938,14779494332775015852
btree16_bl_a64,8192,10,33.5205,14779494332775015852
btree8_a64,8192,10,38.9114,14779494332775015852
fusion8_bf,8192,10,70.6909,14779494332775015852
sorted_array,8192,10,47.5586,14779494332775015852
btree8,8192,10,40.5975,14779494332775015852
fusion8,8192,10,69.2627,14779494332775015852
fusion8_c,8192,10,68.6905,14779494332775015852
btree8_bl,8192,10,37.8357,14779494332775015852
btree8_bl_a64,8192,10,34.3170,14779494332775015852
btree8,8192,11,40.1413,14779494332775015852
fusion8,8192,11,67.3904,14779494332775015852
btree8_a64,8192,11,39.0610,14779494332775015852
fusion8_c,8192,11,66.4001,14779494332775015852
btree16_bl_a64,8192,11,34.6130,14779494332775015852
btree8_bl_a64,8192,11,33.7967,14779494332775015852
btree8_bl,8192,11,36.8515,14779494332775015852
fusion8_bf,8192,11,74.0494,14779494332775015852
sorted_array,8192,11,47.4274,14779494332775015852
fusion16_w,8192,11,77.4399,14779494332775015852
fusion8_c,8192,12,67.4744,14779494332775015852
btree8_bl,8192,12,36.6119,14779494332775015852
fusion8_bf,8192,12,70.9152,14779494332775015852
btree16_bl_a64,8192,12,33.9584,14779494332775015852
sorted_array,8192,12,47.5189,14779494332775015852
fusion8,8192,12,68.7149,14779494332775015852
btree8_a64,8192,12,39.9811,14779494332775015852
fusion16_w,8192,12,75.6882,14779494332775015852
btree8_bl_a64,8192,12,34.2255,14779494332775015852
btree8,8192,12,41.5085,14779494332775015852
btree8_bl,8192,13,36.6959,14779494332775015852
btree8_bl_a64,8192,13,33.7982,14779494332775015852
btree16_bl_a64,8192,13,34.4849,14779494332775015852
btree8,8192,13,42.0959,14779494332775015852
fusion8_bf,8192,13,70.8725,14779494332775015852
fusion16_w,8192,13,75.1846,14779494332775015852
fusion8,8192,13,68.4814,14779494332775015852
sorted_array,8192,13,48.1369,14779494332775015852
btree8_a64,8192,13,39.5432,14779494332775015852
fusion8_c,8192,13,66.8427,14779494332775015852
fusion16_w,8192,14,75.7584,14779494332775015852
fusion8,8192,14,68.1274,14779494332775015852
btree16_bl_a64,8192,14,34.9655,14779494332775015852
btree8_a64,8192,14,39.1830,14779494332775015852
btree8_bl_a64,8192,14,34.4803,14779494332775015852
fusion8_bf,8192,14,71.7194,14779494332775015852
sorted_array,8192,14,47.4731,14779494332775015852
btree8,8192,14,40.3931,14779494332775015852
fusion8_c,8192,14,66.9418,14779494332775015852
btree8_bl,8192,14,38.0859,14779494332775015852
fusion8,16384,0,85.1288,5257893481483210933
btree16_bl_a64,16384,0,41.4886,5257893481483210933
btree8,16384,0,49.2203,5257893481483210933
fusion8_c,16384,0,81.0043,5257893481483210933
btree8_bl,16384,0,48.7762,5257893481483210933
sorted_array,16384,0,54.6555,5257893481483210933
btree8_a64,16384,0,49.5544,5257893481483210933
fusion16_w,16384,0,83.3954,5257893481483210933
fusion8_bf,16384,0,86.1496,5257893481483210933
btree8_bl_a64,16384,0,45.8466,5257893481483210933
fusion8_c,16384,1,79.7195,5257893481483210933
fusion8_bf,16384,1,81.0699,5257893481483210933
btree8_bl,16384,1,47.9004,5257893481483210933
btree16_bl_a64,16384,1,41.5924,5257893481483210933
fusion16_w,16384,1,83.6899,5257893481483210933
btree8_bl_a64,16384,1,43.4143,5257893481483210933
btree8,16384,1,49.4934,5257893481483210933
btree8_a64,16384,1,49.2554,5257893481483210933
sorted_array,16384,1,54.9011,5257893481483210933
fusion8,16384,1,84.0042,5257893481483210933
btree8_bl_a64,16384,2,43.6005,5257893481483210933
sorted_array,16384,2,54.7607,5257893481483210933
fusion8_bf,16384,2,83.2092,5257893481483210933
btree8,16384,2,48.2620,5257893481483210933
fusion8_c,16384,2,80.5405,5257893481483210933
btree8_bl,16384,2,47.2000,5257893481483210933
btree16_bl_a64,16384,2,40.2710,5257893481483210933
fusion16_w,16384,2,85.0510,5257893481483210933
btree8_a64,16384,2,48.4497,5257893481483210933
fusion8,16384,2,83.0338,5257893481483210933
btree16_bl_a64,16384,3,38.3545,5257893481483210933
btree8,16384,3,48.9426,5257893481483210933
fusion16_w,16384,3,82.5485,5257893481483210933
fusion8,16384,3,81.0211,5257893481483210933
btree8_bl_a64,16384,3,47.3572,5257893481483210933
fusion8_c,16384,3,82.6004,5257893481483210933
btree8_a64,16384,3,48.5001,5257893481483210933
sorted_array,16384,3,54.3884,5257893481483210933
fusion8_bf,16384,3,88.1668,5257893481483210933
btree8_bl,16384,3,48.1140,5257893481483210933
btree8_bl,16384,4,44.4946,5257893481483210933
btree8_bl_a64,16384,4,43.1351,5257893481483210933
fusion8_bf,16384,4,80.9967,5257893481483210933
fusion8,16384,4,81.8237,5257893481483210933
fusion16_w,16384,4,87.1033,5257893481483210933
btree8,16384,4,48.7549,5257893481483210933
sorted_array,16384,4,54.3457,5257893481483210933
btree8_a64,16384,4,47.5113,5257893481483210933
btree16_bl_a64,16384,4,46.3913,5257893481483210933
fusion8_c,16384,4,81.2347,5257893481483210933
btree8_bl,16384,5,47.1115,5257893481483210933
btree8_a64,16384,5,46.7819,5257893481483210933
btree8,16384,5,49.2859,5257893481483210933
btree16_bl_a64,16384,5,38.5254,5257893481483210933
fusion16_w,16384,5,85.2386,5257893481483210933
btree8_bl_a64,16384,5,43.9667,5257893481483210933
sorted_array,16384,5,54.5456,5257893481483210933
fusion8_c,16384,5,81.1707,5257893481483210933
fusion8,16384,5,83.1573,5257893481483210933
fusion8_bf,16384,5,86.3663,5257893481483210933
sorted_array,16384,6,54.7195,5257893481483210933
btree16_bl_a64,16384,6,42.1753,5257893481483210933
fusion8,16384,6,83.7799,5257893481483210933
btree8_bl_a64,16384,6,46.8964,5257893481483210933
btree8_a64,16384,6,50.6149,5257893481483210933
fusion16_w,16384,6,89.1769,5257893481483210933
btree8_bl,16384,6,49.8062,5257893481483210933
fusion8_bf,16384,6,88.6948,5257893481483210933
btree8,16384,6,52.2064,5257893481483210933
fusion8_c,16384,6,83.9844,5257893481483210933
fusion16_w,16384,7,88.3591,5257893481483210933
btree8_bl,16384,7,49.7894,5257893481483210933
fusion8_bf,16384,7,88.6139,5257893481483210933
btree16_bl_a64,16384,7,44.1010,5257893481483210933
btree8,16384,7,51.4664,5257893481483210933
btree8_bl_a64,16384,7,47.2839,5257893481483210933
btree8_a64,16384,7,50.7446,5257893481483210933
fusion8_c,16384,7,84.3048,5257893481483210933
fusion8,16384,7,87.0377,5257893481483210933
sorted_array,16384,7,54.7195,5257893481483210933
btree16_bl_a64,16384,8,44.2810,5257893481483210933
btree8_a64,16384,8,49.9039,5257893481483210933
btree8,16384,8,51.4267,5257893481483210933
sorted_array,16384,8,54.7211,5257893481483210933
btree8_bl_a64,16384,8,47.3816,5257893481483210933
fusion8_c,16384,8,83.7479,5257893481483210933
btree8_bl,16384,8,50.1678,5257893481483210933
fusion8,16384,8,85.8215,5257893481483210933
fusion8_bf,16384,8,89.3951,5257893481483210933
fusion16_w,16384,8,89.7171,5257893481483210933
sorted_array,16384,9,59.1049,5257893481483210933
btree8,16384,9,58.0124,5257893481483210933
btree16_bl_a64,16384,9,44.0735,5257893481483210933
fusion8_bf,16384,9,88.5529,5257893481483210933
fusion8,16384,9,86.6028,5257893481483210933
btree8_bl,16384,9,50.1846,5257893481483210933
fusion16_w,16384,9,92.7536,5257893481483210933
btree8_a64,16384,9,55.6290,5257893481483210933
btree8_bl_a64,16384,9,47.7692,5257893481483210933
fusion8_c,16384,9,84.7412,5257893481483210933
btree8,16384,10,50.8240,5257893481483210933
fusion8_bf,16384,10,87.5168,5257893481483210933
fusion8_c,16384,10,82.8506,5257893481483210933
btree8_a64,16384,10,50.3891,5257893481483210933
fusion16_w,16384,10,88.8870,5257893481483210933
fusion8,16384,10,87.4603,5257893481483210933
btree16_bl_a64,16384,10,44.3176,5257893481483210933
btree8_bl,16384,10,49.8352,5257893481483210933
btree8_bl_a64,16384,10,47.0779,5257893481483210933
sorted_array,16384,10,54.7333,5257893481483210933
fusion8,16384,11,87.4908,5257893481483210933
btree8_a64,16384,11,50.6500,5257893481483210933
btree8_bl_a64,16384,11,42.9962,5257893481483210933
fusion8_bf,16384,11,87.3367,5257893481483210933
fusion8_c,16384,11,83.8562,5257893481483210933
btree8,16384,11,50.9827,5257893481483210933
sorted_array,16384,11,54.9484,5257893481483210933
btree16_bl_a64,16384,11,43.7714,5257893481483210933
btree8_bl,16384,11,49.7284,5257893481483210933
fusion16_w,16384,11,88.8153,5257893481483210933
btree8_a64,16384,12,50.2853,5257893481483210933
sorted_array,16384,12,54.8279,5257893481483210933
btree8,16384,12,50.8118,5257893481483210933
btree8_bl,16384,12,48.1796,5257893481483210933
btree8_bl_a64,16384,12,48.6862,5257893481483210933
fusion8_c,16384,12,83.7067,5257893481483210933
fusion8,16384,12,86.7859,5257893481483210933
fusion16_w,16384,12,86.8576,5257893481483210933
btree16_bl_a64,16384,12,43.8324,5257893481483210933
fusion8_bf,16384,12,88.0920,5257893481483210933
btree16_bl_a64,16384,13,38.8092,5257893481483210933
btree8_bl,16384,13,49.3744,5257893481483210933
fusion8_c,16384,13,82.9010,5257893481483210933
btree8,16384,13,51.4221,5257893481483210933
fusion16_w,16384,13,85.6369,5257893481483210933
btree8_bl_a64,16384,13,46.3821,5257893481483210933
btree8_a64,16384,13,50.8606,5257893481483210933
fusion8_bf,16384,13,87.1597,5257893481483210933
fusion8,16384,13,86.1710,5257893481483210933
sorted_array,16384,13,54.9789,5257893481483210933
fusion8_c,16384,14,83.6578,5257893481483210933
sorted_array,16384,14,55.4474,5257893481483210933
btree16_bl_a64,16384,14,43.9194,5257893481483210933
fusion16_w,16384,14,89.0060,5257893481483210933
btree8_a64,16384,14,49.4705,5257893481483210933
btree8,16384,14,50.9109,5257893481483210933
btree8_bl_a64,16384,14,46.7697,5257893481483210933
fusion8,16384,14,86.6333,5257893481483210933
btree8_bl,16384,14,50.3189,5257893481483210933
fusion8_bf,16384,14,88.7939,5257893481483210933
btree8_a64,32768,0,52.8397,8916881238133207675
fusion16_w,32768,0,87.6297,8916881238133207675
sorted_array,32768,0,66.1850,8916881238133207675
btree8,32768,0,54.2313,8916881238133207675
fusion8_bf,32768,0,91.8427,8916881238133207675
fusion8,32768,0,88.5864,8916881238133207675
btree16_bl_a64,32768,0,43.7714,8916881238133207675
btree8_bl,32768,0,50.5432,8916881238133207675
btree8_bl_a64,32768,0,48.5916,8916881238133207675
fusion8_c,32768,0,87.2482,8916881238133207675
btree8_bl,32768,1,47.9538,8916881238133207675
btree8_bl_a64,32768,1,42.7887,8916881238133207675
fusion16_w,32768,1,94.4580,8916881238133207675
fusion8,32768,1,88.1836,8916881238133207675
sorted_array,32768,1,62.8189,8916881238133207675
btree16_bl_a64,32768,1,43.1381,8916881238133207675
fusion8_bf,32768,1,91.6214,8916881238133207675
fusion8_c,32768,1,87.7792,8916881238133207675
btree8_a64,32768,1,52.8671,8916881238133207675
btree8,32768,1,54.4998,8916881238133207675
btree8,32768,2,50.9125,8916881238133207675
fusion8,32768,2,87.8754,8916881238133207675
btree8_bl,32768,2,50.2090,8916881238133207675
btree16_bl_a64,32768,2,42.9138,8916881238133207675
fusion16_w,32768,2,95.0562,8916881238133207675
fusion8_bf,32768,2,91.3788,8916881238133207675
btree8_a64,32768,2,52.6443,8916881238133207675
sorted_array,32768,2,62.5504,8916881238133207675
fusion8_c,32768,2,89.5416,8916881238133207675
btree8_bl_a64,32768,2,48.4695,8916881238133207675
fusion8_c,32768,3,83.3450,8916881238133207675
btree8_bl_a64,32768,3,42.4011,8916881238133207675
btree8_bl,32768,3,50.7599,8916881238133207675
fusion8,32768,3,88.7726,8916881238133207675
sorted_array,32768,3,63.1470,8916881238133207675
btree8_a64,32768,3,53.5873,8916881238133207675
fusion8_bf,32768,3,91.2735,8916881238133207675
btree8,32768,3,54.2313,8916881238133207675
fusion16_w,32768,3,95.3049,8916881238133207675
btree16_bl_a64,32768,3,44.2871,8916881238133207675
fusion8,32768,4,88.7894,8916881238133207675
btree8_bl_a64,32768,4,48.1308,8916881238133207675
fusion8_bf,32768,4,90.3778,8916881238133207675
fusion16_w,32768,4,92.9504,8916881238133207675
btree8_bl,32768,4,50.2243,8916881238133207675
fusion8_c,32768,4,87.0270,8916881238133207675
sorted_array,32768,4,62.6801,8916881238133207675
btree8_a64,32768,4,53.3844,8916881238133207675
btree16_bl_a64,32768,4,43.9774,8916881238133207675
btree8,32768,4,54.1824,8916881238133207675
fusion8_bf,32768,5,89.6484,8916881238133207675
fusion16_w,32768,5,93.4464,8916881238133207675
btree8_bl_a64,32768,5,47.4808,8916881238133207675
btree8_a64,32768,5,52.3682,8916881238133207675
fusion8,32768,5,88.4064,8916881238133207675
fusion8_c,32768,5,88.4583,8916881238133207675
btree8,32768,5,53.4836,8916881238133207675
sorted_array,32768,5,62.3840,8916881238133207675
btree16_bl_a64,32768,5,45.6589,8916881238133207675
btree8_bl,32768,5,50.3082,8916881238133207675
btree8,32768,6,53.2867,8916881238133207675
fusion8_bf,32768,6,90.6509,8916881238133207675
fusion8,32768,6,87.3657,8916881238133207675
btree16_bl_a64,32768,6,41.0309,8916881238133207675
btree8_a64,32768,6,52.4506,8916881238133207675
fusion8_c,32768,6,87.3550,8916881238133207675
fusion16_w,32768,6,95.1920,8916881238133207675
sorted_array,32768,6,62.5778,8916881238133207675
btree8_bl_a64,32768,6,48.2285,8916881238133207675
btree8_bl,32768,6,49.9771,8916881238133207675
fusion8,32768,7,87.6724,8916881238133207675
fusion8_bf,32768,7,90.1733,8916881238133207675
fusion8_c,32768,7,86.4059,8916881238133207675
sorted_array,32768,7,62.4100,8916881238133207675
btree8_bl_a64,32768,7,47.3618,8916881238133207675
btree16_bl_a64,32768,7,43.4921,8916881238133207675
btree8,32768,7,148.3170,8916881238133207675
btree8_bl,32768,7,52.7451,8916881238133207675
fusion16_w,32768,7,98.2117,8916881238133207675
btree8_a64,32768,7,53.0258,8916881238133207675
fusion8_bf,32768,8,91.8915,8916881238133207675
btree16_bl_a64,32768,8,44.2017,8916881238133207675
btree8_bl,32768,8,49.7971,8916881238133207675
fusion8_c,32768,8,87.2986,8916881238133207675
fusion8,32768,8,94.9341,8916881238133207675
btree8,32768,8,53.6972,8916881238133207675
btree8_bl_a64,32768,8,48.2040,8916881238133207675
sorted_array,32768,8,62.4664,8916881238133207675
btree8_a64,32768,8,53.5507,8916881238133207675
fusion16_w,32768,8,94.2642,8916881238133207675
btree8_bl_a64,32768,9,45.8908,8916881238133207675
fusion8,32768,9,86.8622,8916881238133207675
fusion8_bf,32768,9,93.1793,8916881238133207675
btree8_a64,32768,9,52.4292,8916881238133207675
sorted_array,32768,9,62.9547,8916881238133207675
btree8_bl,32768,9,50.4822,8916881238133207675
btree16_bl_a64,32768,9,44.4061,8916881238133207675
fusion16_w,32768,9,94.3787,8916881238133207675
btree8,32768,9,53.7674,8916881238133207675
fusion8_c,32768,9,87.2421,8916881238133207675
fusion8_c,32768,10,82.7530,8916881238133207675
fusion16_w,32768,10,91.2186,8916881238133207675
sorted_array,32768,10,62.6648,8916881238133207675
fusion8_bf,32768,10,91.4337,8916881238133207675
btree16_bl_a64,32768,10,43.7851,8916881238133207675
btree8_bl_a64,32768,10,47.9401,8916881238133207675
fusion8,32768,10,88.3575,8916881238133207675
btree8,32768,10,54.9454,8916881238133207675
btree8_bl,32768,10,50.5554,8916881238133207675
btree8_a64,32768,10,54.2206,8916881238133207675
fusion8_bf,32768,11,90.2954,8916881238133207675
btree16_bl_a64,32768,11,44.0598,8916881238133207675
btree8,32768,11,53.0670,8916881238133207675
btree8_bl,32768,11,50.1236,8916881238133207675
fusion8,32768,11,88.5651,8916881238133207675
btree8_a64,32768,11,54.0955,8916881238133207675
btree8_bl_a64,32768,11,48.1644,8916881238133207675
fusion16_w,32768,11,95.0623,8916881238133207675
fusion8_c,32768,11,86.7279,8916881238133207675
sorted_array,32768,11,62.5183,8916881238133207675
fusion8_c,32768,12,82.6950,8916881238133207675
btree8_bl,32768,12,49.0616,8916881238133207675
btree8_a64,32768,12,53.6118,8916881238133207675
sorted_array,32768,12,62.2116,8916881238133207675
btree8_bl_a64,32768,12,47.9034,8916881238133207675
fusion8,32768,12,87.6236,8916881238133207675
btree16_bl_a64,32768,12,44.1376,8916881238133207675
fusion8_bf,32768,12,91.2994,8916881238133207675
fusion16_w,32768,12,94.3893,8916881238133207675
btree8,32768,12,53.6407,8916881238133207675
sorted_array,32768,13,62.3306,8916881238133207675
fusion8_c,32768,13,86.7294,8916881238133207675
btree8_a64,32768,13,53.5080,8916881238133207675
btree8_bl,32768,13,49.7772,8916881238133207675
fusion16_w,32768,13,92.5034,8916881238133207675
btree8,32768,13,53.4561,8916881238133207675
fusion8_bf,32768,13,90.7562,8916881238133207675
btree8_bl_a64,32768,13,48.1262,8916881238133207675
btree16_bl_a64,32768,13,44.3161,8916881238133207675
fusion8,32768,13,89.1510,8916881238133207675
btree16_bl_a64,32768,14,39.7156,8916881238133207675
fusion8_bf,32768,14,90.8051,8916881238133207675
btree8_bl_a64,32768,14,47.0352,8916881238133207675
fusion8,32768,14,84.8236,8916881238133207675
fusion16_w,32768,14,95.3094,8916881238133207675
btree8_bl,32768,14,50.5508,8916881238133207675
btree8,32768,14,53.4653,8916881238133207675
sorted_array,32768,14,62.4649,8916881238133207675
fusion8_c,32768,14,91.2628,8916881238133207675
btree8_a64,32768,14,54.2725,8916881238133207675
fusion8,65536,0,99.9222,13538052259203909017
fusion8_bf,65536,0,107.7316,13538052259203909017
fusion8_c,65536,0,98.0576,13538052259203909017
btree8_bl_a64,65536,0,56.7245,13538052259203909017
btree8_a64,65536,0,60.9024,13538052259203909017
btree16_bl_a64,65536,0,44.4962,13538052259203909017
fusion16_w,65536,0,95.9503,13538052259203909017
btree8_bl,65536,0,58.4549,13538052259203909017
sorted_array,65536,0,71.5332,13538052259203909017
btree8,65536,0,61.7935,13538052259203909017
btree8_bl_a64,65536,1,54.9210,13538052259203909017
fusion16_w,65536,1,94.4626,13538052259203909017
fusion8_c,65536,1,96.8857,13538052259203909017
fusion8,65536,1,101.2711,13538052259203909017
sorted_array,65536,1,70.5475,13538052259203909017
btree16_bl_a64,65536,1,43.5410,13538052259203909017
btree8,65536,1,60.4507,13538052259203909017
btree8_bl,65536,1,57.4509,13538052259203909017
fusion8_bf,65536,1,101.2253,13538052259203909017
btree8_a64,65536,1,60.6186,13538052259203909017
btree8_a64,65536,2,54.0298,13538052259203909017
sorted_array,65536,2,70.6161,13538052259203909017
btree16_bl_a64,65536,2,43.2251,13538052259203909017
fusion8_c,65536,2,97.1771,13538052259203909017
btree8,65536,2,60.1715,13538052259203909017
btree8_bl,65536,2,56.8604,13538052259203909017
fusion8,65536,2,99.8596,13538052259203909017
fusion16_w,65536,2,97.0398,13538052259203909017
fusion8_bf,65536,2,106.3644,13538052259203909017
btree8_bl_a64,65536,2,57.7271,13538052259203909017
btree8_a64,65536,3,61.1160,13538052259203909017
fusion16_w,65536,3,97.0078,13538052259203909017
fusion8_bf,65536,3,101.6113,13538052259203909017
btree8_bl,65536,3,57.7789,13538052259203909017
sorted_array,65536,3,71.3654,13538052259203909017
fusion8_c,65536,3,100.8133,13538052259203909017
btree8,65536,3,61.2061,13538052259203909017
fusion8,65536,3,101.6754,13538052259203909017
btree8_bl_a64,65536,3,56.7795,13538052259203909017
btree16_bl_a64,65536,3,44.7128,13538052259203909017
fusion8_bf,65536,4,101.6678,13538052259203909017
btree8_a64,65536,4,60.0983,13538052259203909017
btree16_bl_a64,65536,4,42.2638,13538052259203909017
sorted_array,65536,4,71.2967,13538052259203909017
btree8,65536,4,60.1517,13538052259203909017
btree8_bl,65536,4,56.7398,13538052259203909017
fusion8,65536,4,98.8037,13538052259203909017
fusion16_w,65536,4,97.0322,13538052259203909017
btree8_bl_a64,65536,4,56.3950,13538052259203909017
fusion8_c,65536,4,98.7701,13538052259203909017
btree8_bl_a64,65536,5,49.1547,13538052259203909017
sorted_array,65536,5,71.2402,13538052259203909017
fusion8_bf,65536,5,106.4362,13538052259203909017
fusion8_c,65536,5,95.9045,13538052259203909017
btree16_bl_a64,65536,5,44.3054,13538052259203909017
fusion16_w,65536,5,97.0306,13538052259203909017
btree8,65536,5,61.3663,13538052259203909017
btree8_bl,65536,5,58.4305,13538052259203909017
fusion8,65536,5,102.2141,13538052259203909017
btree8_a64,65536,5,60.7925,13538052259203909017
fusion8,65536,6,94.2276,13538052259203909017
fusion8_bf,65536,6,107.5058,13538052259203909017
fusion8_c,65536,6,99.0372,13538052259203909017
btree8_a64,65536,6,60.3485,13538052259203909017
btree16_bl_a64,65536,6,44.8685,13538052259203909017
btree8,65536,6,61.4090,13538052259203909017
fusion16_w,65536,6,97.7188,13538052259203909017
btree8_bl_a64,65536,6,57.3730,13538052259203909017
sorted_array,65536,6,71.2341,13538052259203909017
btree8_bl,65536,6,57.8705,13538052259203909017
btree8_bl,65536,7,47.3434,13538052259203909017
fusion8_bf,65536,7,101.5350,13538052259203909017
sorted_array,65536,7,71.2799,13538052259203909017
fusion8,65536,7,101.4160,13538052259203909017
fusion16_w,65536,7,96.5759,13538052259203909017
btree16_bl_a64,65536,7,43.4235,13538052259203909017
btree8,65536,7,59.7290,13538052259203909017
btree8_a64,65536,7,60.9848,13538052259203909017
btree8_bl_a64,65536,7,55.7953,13538052259203909017
fusion8_c,65536,7,95.9961,13538052259203909017
fusion8_bf,65536,8,100.1175,13538052259203909017
fusion16_w,65536,8,95.2148,13538052259203909017
btree8,65536,8,59.0057,13538052259203909017
btree16_bl_a64,65536,8,44.0491,13538052259203909017
fusion8_c,65536,8,97.2458,13538052259203909017
btree8_bl_a64,65536,8,56.6330,13538052259203909017
sorted_array,65536,8,71.2723,13538052259203909017
btree8_a64,65536,8,62.1216,13538052259203909017
btree8_bl,65536,8,57.8766,13538052259203909017
fusion8,65536,8,101.0605,13538052259203909017
btree8,65536,9,62.2253,13538052259203909017
btree8_bl_a64,65536,9,54.6814,13538052259203909017
btree16_bl_a64,65536,9,43.4692,13538052259203909017
fusion8_bf,65536,9,101.9318,13538052259203909017
btree8_bl,65536,9,56.5903,13538052259203909017
fusion8,65536,9,96.9589,13538052259203909017
btree8_a64,65536,9,60.7651,13538052259203909017
fusion16_w,65536,9,96.2570,13538052259203909017
sorted_array,65536,9,71.3669,13538052259203909017
fusion8_c,65536,9,97.5494,13538052259203909017
btree16_bl_a64,65536,10,43.3731,13538052259203909017
btree8_a64,65536,10,58.2199,13538052259203909017
fusion8,65536,10,96.9406,13538052259203909017
fusion8_c,65536,10,94.7281,13538052259203909017
sorted_array,65536,10,71.2799,13538052259203909017
btree8_bl_a64,65536,10,56.5094,13538052259203909017
btree8,65536,10,60.2844,13538052259203909017
fusion8_bf,65536,10,100.4166,13538052259203909017
fusion16_w,65536,10,96.6370,13538052259203909017
btree8_bl,65536,10,58.1558,13538052259203909017
fusion8,65536,11,101.2344,13538052259203909017
btree8,65536,11,62.0926,13538052259203909017
fusion16_w,65536,11,95.0851,13538052259203909017
btree8_bl,65536,11,56.3049,13538052259203909017
fusion8_c,65536,11,97.8668,13538052259203909017
btree8_bl_a64,65536,11,56.7184,13538052259203909017
btree8_a64,65536,11,61.0901,13538052259203909017
fusion8_bf,65536,11,102.8763,13538052259203909017
btree16_bl_a64,65536,11,44.3634,13538052259203909017
sorted_array,65536,11,70.6284,13538052259203909017
fusion16_w,65536,12,96.5942,13538052259203909017
fusion8_c,65536,12,96.7041,13538052259203909017
btree8_bl_a64,65536,12,55.3360,13538052259203909017
fusion8,65536,12,99.9237,13538052259203909017
fusion8_bf,65536,12,103.2425,13538052259203909017
sorted_array,65536,12,71.3593,13538052259203909017
btree8_bl,65536,12,57.6920,13538052259203909017
btree16_bl_a64,65536,12,44.0002,13538052259203909017
btree8,65536,12,61.2076,13538052259203909017
btree8_a64,65536,12,60.3699,13538052259203909017
btree8_bl_a64,65536,13,55.8594,13538052259203909017
fusion8_bf,65536,13,98.7137,13538052259203909017
btree16_bl_a64,65536,13,42.3248,13538052259203909017
btree8_a64,65536,13,57.9987,13538052259203909017
fusion16_w,65536,13,96.5775,13538052259203909017
fusion8,65536,13,100.8179,13538052259203909017
sorted_array,65536,13,71.1578,13538052259203909017
btree8,65536,13,60.4904,13538052259203909017
btree8_bl,65536,13,57.3746,13538052259203909017
fusion8_c,65536,13,96.2646,13538052259203909017
btree8_bl_a64,65536,14,56.5750,13538052259203909017
btree8_a64,65536,14,60.2936,13538052259203909017
fusion16_w,65536,14,95.4376,13538052259203909017
btree8_bl,65536,14,55.9647,13538052259203909017
fusion8_bf,65536,14,101.6769,13538052259203909017
sorted_array,65536,14,71.3257,13538052259203909017
fusion8_c,65536,14,96.5820,13538052259203909017
btree8,65536,14,61.2137,13538052259203909017
fusion8,65536,14,99.9771,13538052259203909017
btree16_bl_a64,65536,14,44.6167,13538052259203909017
btree8_bl_a64,131072,0,97.8317,18322359750267561758
btree8,131072,0,99.4812,18322359750267561758
fusion8_bf,131072,0,173.0301,18322359750267561758
fusion16_w,131072,0,162.0102,18322359750267561758
fusion8,131072,0,174.7635,18322359750267561758
btree16_bl_a64,131072,0,95.6894,18322359750267561758
btree8_a64,131072,0,102.6413,18322359750267561758
sorted_array,131072,0,82.5699,18322359750267561758
fusion8_c,131072,0,151.0864,18322359750267561758
btree8_bl,131072,0,101.5945,18322359750267561758
fusion8_c,131072,1,139.6927,18322359750267561758
fusion8,131072,1,176.4404,18322359750267561758
sorted_array,131072,1,82.8278,18322359750267561758
btree8_a64,131072,1,101.3336,18322359750267561758
fusion8_bf,131072,1,176.3184,18322359750267561758
btree8_bl,131072,1,113.3423,18322359750267561758
btree8,131072,1,97.9782,18322359750267561758
btree16_bl_a64,131072,1,96.5683,18322359750267561758
fusion16_w,131072,1,167.4026,18322359750267561758
btree8_bl_a64,131072,1,99.3973,18322359750267561758
btree8,131072,2,96.8018,18322359750267561758
sorted_array,131072,2,82.8323,18322359750267561758
fusion8_c,131072,2,152.0172,18322359750267561758
btree16_bl_a64,131072,2,103.4790,18322359750267561758
fusion8,131072,2,173.5306,18322359750267561758
fusion16_w,131072,2,174.7421,18322359750267561758
btree8_a64,131072,2,99.4278,18322359750267561758
btree8_bl_a64,131072,2,97.6761,18322359750267561758
fusion8_bf,131072,2,171.6125,18322359750267561758
btree8_bl,131072,2,101.2100,18322359750267561758
fusion8,131072,3,170.0760,18322359750267561758
btree8_bl,131072,3,101.6220,18322359750267561758
btree16_bl_a64,131072,3,96.3120,18322359750267561758
fusion8_bf,131072,3,173.2132,18322359750267561758
sorted_array,131072,3,82.6279,18322359750267561758
btree8,131072,3,95.5353,18322359750267561758
fusion8_c,131072,3,153.1754,18322359750267561758
btree8_a64,131072,3,101.3229,18322359750267561758
btree8_bl_a64,131072,3,95.8130,18322359750267561758
fusion16_w,131072,3,160.4584,18322359750267561758
btree16_bl_a64,131072,4,97.0108,18322359750267561758
fusion8_bf,131072,4,172.0123,18322359750267561758
btree8,131072,4,96.4508,18322359750267561758
fusion8_c,131072,4,150.2548,18322359750267561758
fusion8,131072,4,170.5902,18322359750267561758
btree8_bl_a64,131072,4,101.6006,18322359750267561758
sorted_array,131072,4,82.7850,18322359750267561758
btree8_bl,131072,4,98.3231,18322359750267561758
fusion16_w,131072,4,156.4545,18322359750267561758
btree8_a64,131072,4,101.0925,18322359750267561758
fusion8_bf,131072,5,173.5428,18322359750267561758
fusion8_c,131072,5,152.9800,18322359750267561758
fusion16_w,131072,5,168.8141,18322359750267561758
btree16_bl_a64,131072,5,95.7428,18322359750267561758
btree8_a64,131072,5,101.8311,18322359750267561758
btree8_bl_a64,131072,5,96.2234,18322359750267561758
fusion8,131072,5,167.3141,18322359750267561758
btree8,131072,5,92.1402,18322359750267561758
btree8_bl,131072,5,99.1455,18322359750267561758
sorted_array,131072,5,82.8171,18322359750267561758
btree16_bl_a64,131072,6,94.2108,18322359750267561758
fusion8_c,131072,6,151.0254,18322359750267561758
btree8_bl_a64,131072,6,98.0560,18322359750267561758
sorted_array,131072,6,83.1253,18322359750267561758
btree8_bl,131072,6,98.6832,18322359750267561758
btree8,131072,6,96.0953,18322359750267561758
btree8_a64,131072,6,102.6840,18322359750267561758
fusion16_w,131072,6,156.5475,18322359750267561758
fusion8_bf,131072,6,177.2537,18322359750267561758
fusion8,131072,6,174.5224,18322359750267561758
btree8_a64,131072,7,101.7410,18322359750267561758
fusion8_bf,131072,7,174.0356,18322359750267561758
fusion8,131072,7,170.7458,18322359750267561758
btree8_bl,131072,7,104.0405,18322359750267561758
btree8_bl_a64,131072,7,100.0488,18322359750267561758
btree16_bl_a64,131072,7,93.2480,18322359750267561758
fusion8_c,131072,7,154.4159,18322359750267561758
btree8,131072,7,97.0428,18322359750267561758
fusion16_w,131072,7,157.4646,18322359750267561758
sorted_array,131072,7,82.5638,18322359750267561758
fusion8_c,131072,8,154.5853,18322359750267561758
btree16_bl_a64,131072,8,100.8850,18322359750267561758
btree8_bl_a64,131072,8,101.9653,18322359750267561758
fusion8_bf,131072,8,169.9417,18322359750267561758
fusion16_w,131072,8,160.0616,18322359750267561758
btree8_bl,131072,8,99.6170,18322359750267561758
btree8_a64,131072,8,100.5661,18322359750267561758
btree8,131072,8,96.7636,18322359750267561758
fusion8,131072,8,171.9498,18322359750267561758
sorted_array,131072,8,82.6263,18322359750267561758
fusion8,131072,9,141.5436,18322359750267561758
fusion16_w,131072,9,161.7462,18322359750267561758
sorted_array,131072,9,83.0246,18322359750267561758
btree8_bl_a64,131072,9,98.4909,18322359750267561758
btree16_bl_a64,131072,9,93.1046,18322359750267561758
fusion8_bf,131072,9,173.9410,18322359750267561758
btree8_a64,131072,9,101.3046,18322359750267561758
btree8_bl,131072,9,100.7568,18322359750267561758
btree8,131072,9,95.4086,18322359750267561758
fusion8_c,131072,9,153.4683,18322359750267561758
fusion8,131072,10,167.5354,18322359750267561758
sorted_array,131072,10,82.7454,18322359750267561758
fusion8_bf,131072,10,167.6102,18322359750267561758
btree8,131072,10,96.4569,18322359750267561758
fusion8_c,131072,10,149.0616,18322359750267561758
btree16_bl_a64,131072,10,97.1725,18322359750267561758
fusion16_w,131072,10,163.1302,18322359750267561758
btree8_bl_a64,131072,10,101.8677,18322359750267561758
btree8_bl,131072,10,99.6643,18322359750267561758
btree8_a64,131072,10,102.1744,18322359750267561758
btree8_a64,131072,11,73.2574,18322359750267561758
btree8_bl_a64,131072,11,98.1277,18322359750267561758
fusion8,131072,11,171.0510,18322359750267561758
btree8_bl,131072,11,102.8992,18322359750267561758
fusion8_c,131072,11,152.1240,18322359750267561758
fusion16_w,131072,11,159.2407,18322359750267561758
sorted_array,131072,11,82.1579,18322359750267561758
btree16_bl_a64,131072,11,95.4498,18322359750267561758
fusion8_bf,131072,11,173.3185,18322359750267561758
btree8,131072,11,96.7667,18322359750267561758
fusion8_bf,131072,12,157.0892,18322359750267561758
fusion8,131072,12,172.4396,18322359750267561758
btree16_bl_a64,131072,12,95.3781,18322359750267561758
btree8_bl_a64,131072,12,98.2773,18322359750267561758
sorted_array,131072,12,82.4493,18322359750267561758
fusion16_w,131072,12,177.0813,18322359750267561758
fusion8_c,131072,12,152.8687,18322359750267561758
btree8_a64,131072,12,100.5142,18322359750267561758
btree8,131072,12,96.3608,18322359750267561758
btree8_bl,131072,12,99.1104,18322359750267561758
sorted_array,131072,13,82.7072,18322359750267561758
btree8,131072,13,84.5978,18322359750267561758
fusion8,131072,13,169.3436,18322359750267561758
btree8_a64,131072,13,100.6165,18322359750267561758
fusion8_c,131072,13,153.0670,18322359750267561758
fusion8_bf,131072,13,174.3622,18322359750267561758
btree8_bl,131072,13,105.0705,18322359750267561758
btree16_bl_a64,131072,13,94.7449,18322359750267561758
btree8_bl_a64,131072,13,99.3668,18322359750267561758
fusion16_w,131072,13,158.1177,18322359750267561758
fusion8_c,131072,14,152.8442,18322359750267561758
btree8_a64,131072,14,103.0197,18322359750267561758
btree8,131072,14,95.8694,18322359750267561758
fusion16_w,131072,14,157.3898,18322359750267561758
btree8_bl_a64,131072,14,98.6374,18322359750267561758
fusion8,131072,14,171.9238,18322359750267561758
fusion8_bf,131072,14,172.9446,18322359750267561758
btree16_bl_a64,131072,14,95.2835,18322359750267561758
btree8_bl,131072,14,100.8072,18322359750267561758
sorted_array,131072,14,81.9565,18322359750267561758
btree16_bl_a64,262144,0,153.1891,10037066851814254848
btree8_bl,262144,0,114.3112,10037066851814254848
btree8_bl_a64,262144,0,114.5721,10037066851814254848
btree8,262144,0,100.4974,10037066851814254848
fusion8_c,262144,0,160.6049,10037066851814254848
fusion8_bf,262144,0,184.0759,10037066851814254848
fusion8,262144,0,181.0135,10037066851814254848
sorted_array,262144,0,92.8665,10037066851814254848
btree8_a64,262144,0,105.1636,10037066851814254848
fusion16_w,262144,0,199.2538,10037066851814254848
sorted_array,262144,1,92.8772,10037066851814254848
fusion16_w,262144,1,172.2733,10037066851814254848
fusion8_c,262144,1,158.6792,10037066851814254848
btree8,262144,1,98.9288,10037066851814254848
btree8_a64,262144,1,106.9672,10037066851814254848
btree8_bl,262144,1,114.3738,10037066851814254848
fusion8_bf,262144,1,182.1457,10037066851814254848
btree8_bl_a64,262144,1,114.2792,10037066851814254848
btree16_bl_a64,262144,1,151.4847,10037066851814254848
fusion8,262144,1,178.4225,10037066851814254848
fusion8_c,262144,2,162.2437,10037066851814254848
fusion16_w,262144,2,198.9380,10037066851814254848
btree8,262144,2,98.3017,10037066851814254848
btree8_bl,262144,2,113.7222,10037066851814254848
sorted_array,262144,2,91.8823,10037066851814254848
btree8_a64,262144,2,106.9702,10037066851814254848
fusion8,262144,2,176.4511,10037066851814254848
btree8_bl_a64,262144,2,115.4663,10037066851814254848
btree16_bl_a64,262144,2,145.0912,10037066851814254848
fusion8_bf,262144,2,177.5238,10037066851814254848
btree8_bl_a64,262144,3,108.7738,10037066851814254848
btree8_a64,262144,3,103.9810,10037066851814254848
fusion8_bf,262144,3,177.3865,10037066851814254848
sorted_array,262144,3,92.0471,10037066851814254848
fusion8_c,262144,3,159.5642,10037066851814254848
fusion8,262144,3,179.3869,10037066851814254848
btree8,262144,3,98.3887,10037066851814254848
btree16_bl_a64,262144,3,148.1384,10037066851814254848
btree8_bl,262144,3,113.7466,10037066851814254848
fusion16_w,262144,3,200.9644,10037066851814254848
btree8,262144,4,101.3046,10037066851814254848
btree8_a64,262144,4,105.8456,10037066851814254848
btree8_bl_a64,262144,4,113.0463,10037066851814254848
btree16_bl_a64,262144,4,153.0807,10037066851814254848
fusion8_bf,262144,4,182.4738,10037066851814254848
sorted_array,262144,4,93.3609,10037066851814254848
btree8_bl,262144,4,111.4136,10037066851814254848
fusion8,262144,4,181.8344,10037066851814254848
fusion16_w,262144,4,218.4723,10037066851814254848
fusion8_c,262144,4,166.8716,10037066851814254848
fusion16_w,262144,5,209.8679,10037066851814254848
fusion8_bf,262144,5,184.2102,10037066851814254848
btree8_a64,262144,5,105.8517,10037066851814254848
fusion8_c,262144,5,160.4446,10037066851814254848
btree16_bl_a64,262144,5,152.7100,10037066851814254848
fusion8,262144,5,180.0735,10037066851814254848
btree8_bl_a64,262144,5,113.4705,10037066851814254848
btree8_bl,262144,5,114.1830,10037066851814254848
sorted_array,262144,5,91.9067,10037066851814254848
btree8,262144,5,100.2838,10037066851814254848
fusion8_c,262144,6,161.5662,10037066851814254848
btree8_bl_a64,262144,6,115.1733,10037066851814254848
btree16_bl_a64,262144,6,148.0942,10037066851814254848
btree8_bl,262144,6,114.5615,10037066851814254848
btree8,262144,6,100.0320,10037066851814254848
fusion8,262144,6,183.6853,10037066851814254848
fusion8_bf,262144,6,191.7175,10037066851814254848
fusion16_w,262144,6,228.7201,10037066851814254848
sorted_array,262144,6,93.7912,10037066851814254848
btree8_a64,262144,6,110.5392,10037066851814254848
btree8_bl_a64,262144,7,128.9703,10037066851814254848
fusion8,262144,7,196.2860,10037066851814254848
fusion8_c,262144,7,163.4521,10037066851814254848
fusion16_w,262144,7,200.6348,10037066851814254848
btree8,262144,7,101.1292,10037066851814254848
sorted_array,262144,7,91.2949,10037066851814254848
btree16_bl_a64,262144,7,147.0535,10037066851814254848
fusion8_bf,262144,7,180.3314,10037066851814254848
btree8_bl,262144,7,112.8021,10037066851814254848
btree8_a64,262144,7,106.8665,10037066851814254848
sorted_array,262144,8,92.7933,10037066851814254848
btree8_a64,262144,8,78.3981,10037066851814254848
btree16_bl_a64,262144,8,149.4156,10037066851814254848
btree8,262144,8,101.4923,10037066851814254848
fusion8,262144,8,219.9951,10037066851814254848
btree8_bl_a64,262144,8,117.0029,10037066851814254848
fusion8_c,262144,8,164.2914,10037066851814254848
fusion16_w,262144,8,206.4423,10037066851814254848
fusion8_bf,262144,8,178.8422,10037066851814254848
btree8_bl,262144,8,114.9216,10037066851814254848
btree8,262144,9,100.9872,10037066851814254848
btree8_bl,262144,9,90.1962,10037066851814254848
btree8_bl_a64,262144,9,118.1274,10037066851814254848
fusion16_w,262144,9,204.5593,10037066851814254848
fusion8_c,262144,9,158.6975,10037066851814254848
btree8_a64,262144,9,105.2200,10037066851814254848
fusion8_bf,262144,9,182.3166,10037066851814254848
sorted_array,262144,9,92.9291,10037066851814254848
fusion8,262144,9,180.4474,10037066851814254848
btree16_bl_a64,262144,9,148.2666,10037066851814254848
fusion8,262144,10,173.4131,10037066851814254848
sorted_array,262144,10,92.0441,10037066851814254848
btree8_a64,262144,10,105.6610,10037066851814254848
btree8_bl,262144,10,113.1454,10037066851814254848
btree8,262144,10,101.6327,10037066851814254848
btree8_bl_a64,262144,10,115.3870,10037066851814254848
btree16_bl_a64,262144,10,147.4564,10037066851814254848
fusion16_w,262144,10,200.4379,10037066851814254848
fusion8_c,262144,10,158.0215,10037066851814254848
fusion8_bf,262144,10,184.2972,10037066851814254848
btree8_bl,262144,11,112.0758,10037066851814254848
btree16_bl_a64,262144,11,148.9777,10037066851814254848
fusion8_bf,262144,11,179.4632,10037066851814254848
sorted_array,262144,11,92.3355,10037066851814254848
fusion16_w,262144,11,219.3451,10037066851814254848
btree8_a64,262144,11,103.8330,10037066851814254848
btree8_bl_a64,262144,11,115.2588,10037066851814254848
fusion8_c,262144,11,160.4340,10037066851814254848
btree8,262144,11,98.0484,10037066851814254848
fusion8,262144,11,177.1957,10037066851814254848
btree8_bl_a64,262144,12,107.4738,10037066851814254848
fusion8_bf,262144,12,178.9169,10037066851814254848
fusion8,262144,12,162.3657,10037066851814254848
btree16_bl_a64,262144,12,144.2963,10037066851814254848
btree8,262144,12,100.4883,10037066851814254848
fusion8_c,262144,12,155.9814,10037066851814254848
btree8_bl,262144,12,115.2832,10037066851814254848
sorted_array,262144,12,92.4973,10037066851814254848
btree8_a64,262144,12,104.3518,10037066851814254848
fusion16_w,262144,12,195.4163,10037066851814254848
fusion8,262144,13,177.5375,10037066851814254848
btree8_a64,262144,13,97.9919,10037066851814254848
btree16_bl_a64,262144,13,145.8038,10037066851814254848
fusion8_c,262144,13,156.4957,10037066851814254848
btree8_bl_a64,262144,13,112.8952,10037066851814254848
sorted_array,262144,13,91.5390,10037066851814254848
fusion16_w,262144,13,195.2835,10037066851814254848
btree8,262144,13,102.8549,10037066851814254848
btree8_bl,262144,13,111.5341,10037066851814254848
fusion8_bf,262144,13,179.2816,10037066851814254848
btree8_a64,262144,14,104.1138,10037066851814254848
sorted_array,262144,14,91.7450,10037066851814254848
fusion8_c,262144,14,156.9778,10037066851814254848
btree8_bl_a64,262144,14,113.0890,10037066851814254848
btree16_bl_a64,262144,14,145.6192,10037066851814254848
fusion16_w,262144,14,196.6507,10037066851814254848
fusion8_bf,262144,14,178.4912,10037066851814254848
btree8_bl,262144,14,113.2828,10037066851814254848
fusion8,262144,14,174.8108,10037066851814254848
btree8,262144,14,100.2655,10037066851814254848
sorted_array,524288,0,115.5075,12494368574949970434
fusion8_c,524288,0,157.7438,12494368574949970434
btree8_bl,524288,0,112.9379,12494368574949970434
btree8_a64,524288,0,107.4158,12494368574949970434
fusion8_bf,524288,0,182.2266,12494368574949970434
fusion8,524288,0,177.3804,12494368574949970434
btree8,524288,0,103.3325,12494368574949970434
btree8_bl_a64,524288,0,120.1752,12494368574949970434
btree16_bl_a64,524288,0,166.2888,12494368574949970434
fusion16_w,524288,0,227.2034,12494368574949970434
btree8,524288,1,103.8071,12494368574949970434
fusion8_bf,524288,1,201.7426,12494368574949970434
btree8_bl_a64,524288,1,122.8455,12494368574949970434
sorted_array,524288,1,117.4133,12494368574949970434
btree8_bl,524288,1,115.4602,12494368574949970434
btree8_a64,524288,1,109.5718,12494368574949970434
fusion16_w,524288,1,225.3250,12494368574949970434
fusion8_c,524288,1,163.5162,12494368574949970434
fusion8,524288,1,180.3802,12494368574949970434
btree16_bl_a64,524288,1,162.3184,12494368574949970434
btree8_bl,524288,2,126.4862,12494368574949970434
btree8,524288,2,138.5223,12494368574949970434
fusion8,524288,2,182.9849,12494368574949970434
btree8_a64,524288,2,108.9874,12494368574949970434
btree16_bl_a64,524288,2,163.8885,12494368574949970434
fusion8_c,524288,2,167.4088,12494368574949970434
btree8_bl_a64,524288,2,121.6064,12494368574949970434
fusion8_bf,524288,2,187.2818,12494368574949970434
fusion16_w,524288,2,398.2803,12494368574949970434
sorted_array,524288,2,151.9775,12494368574949970434
sorted_array,524288,3,115.4068,12494368574949970434
btree8_a64,524288,3,109.3811,12494368574949970434
btree16_bl_a64,524288,3,164.5538,12494368574949970434
fusion8_c,524288,3,165.6494,12494368574949970434
btree8,524288,3,102.9846,12494368574949970434
fusion8,524288,3,182.9956,12494368574949970434
btree8_bl_a64,524288,3,119.8654,12494368574949970434
btree8_bl,524288,3,117.4866,12494368574949970434
fusion16_w,524288,3,226.5472,12494368574949970434
fusion8_bf,524288,3,180.5069,12494368574949970434
btree8_a64,524288,4,109.1660,12494368574949970434
btree8_bl_a64,524288,4,120.4376,12494368574949970434
btree16_bl_a64,524288,4,159.6588,12494368574949970434
sorted_array,524288,4,117.9520,12494368574949970434
btree8_bl,524288,4,115.0223,12494368574949970434
fusion8,524288,4,179.1779,12494368574949970434
fusion8_bf,524288,4,184.3536,12494368574949970434
btree8,524288,4,105.0140,12494368574949970434
fusion16_w,524288,4,227.3712,12494368574949970434
fusion8_c,524288,4,166.1880,12494368574949970434
btree8_bl,524288,5,138.7268,12494368574949970434
btree8_bl_a64,524288,5,125.8469,12494368574949970434
btree16_bl_a64,524288,5,167.5644,12494368574949970434
fusion8_c,524288,5,170.4376,12494368574949970434
fusion16_w,524288,5,233.2809,12494368574949970434
btree8,524288,5,108.2016,12494368574949970434
fusion8,524288,5,185.4279,12494368574949970434
sorted_array,524288,5,121.6675,12494368574949970434
fusion8_bf,524288,5,198.9304,12494368574949970434
btree8_a64,524288,5,112.4237,12494368574949970434
btree16_bl_a64,524288,6,166.5161,12494368574949970434
sorted_array,524288,6,121.7514,12494368574949970434
btree8_bl_a64,524288,6,130.3207,12494368574949970434
fusion8,524288,6,192.3523,12494368574949970434
fusion8_bf,524288,6,190.0360,12494368574949970434
btree8,524288,6,108.9844,12494368574949970434
fusion16_w,524288,6,234.6710,12494368574949970434
btree8_a64,524288,6,118.6935,12494368574949970434
btree8_bl,524288,6,119.8578,12494368574949970434
fusion8_c,524288,6,170.8496,12494368574949970434
fusion8,524288,7,187.4451,12494368574949970434
sorted_array,524288,7,121.7331,12494368574949970434
fusion16_w,524288,7,241.7404,12494368574949970434
fusion8_bf,524288,7,188.0524,12494368574949970434
btree16_bl_a64,524288,7,164.9582,12494368574949970434
btree8_bl,524288,7,121.4279,12494368574949970434
btree8_bl_a64,524288,7,118.4723,12494368574949970434
btree8_a64,524288,7,112.7945,12494368574949970434
btree8,524288,7,109.0561,12494368574949970434
fusion8_c,524288,7,170.0424,12494368574949970434
fusion8_bf,524288,8,583.4747,12494368574949970434
fusion8_c,524288,8,554.6631,12494368574949970434
fusion16_w,524288,8,239.8132,12494368574949970434
btree16_bl_a64,524288,8,160.7330,12494368574949970434
sorted_array,524288,8,118.7469,12494368574949970434
btree8,524288,8,105.9723,12494368574949970434
btree8_bl_a64,524288,8,125.1678,12494368574949970434
btree8_bl,524288,8,124.0250,12494368574949970434
fusion8,524288,8,198.9731,12494368574949970434
btree8_a64,524288,8,113.1149,12494368574949970434
sorted_array,524288,9,117.9001,12494368574949970434
fusion8_bf,524288,9,186.0275,12494368574949970434
fusion8,524288,9,187.7441,12494368574949970434
fusion8_c,524288,9,175.3754,12494368574949970434
btree8_bl_a64,524288,9,123.8846,12494368574949970434
btree16_bl_a64,524288,9,164.7232,12494368574949970434
btree8,524288,9,106.2683,12494368574949970434
btree8_bl,524288,9,116.3376,12494368574949970434
fusion16_w,524288,9,266.6260,12494368574949970434
btree8_a64,524288,9,108.3878,12494368574949970434
btree8_a64,524288,10,77.5711,12494368574949970434
fusion16_w,524288,10,247.0810,12494368574949970434
fusion8_bf,524288,10,189.5248,12494368574949970434
fusion8,524288,10,187.1368,12494368574949970434
btree8,524288,10,106.7719,12494368574949970434
btree16_bl_a64,524288,10,168.9255,12494368574949970434
btree8_bl,524288,10,127.7786,12494368574949970434
btree8_bl_a64,524288,10,122.5739,12494368574949970434
sorted_array,524288,10,117.8482,12494368574949970434
fusion8_c,524288,10,168.8416,12494368574949970434
fusion8_bf,524288,11,191.9586,12494368574949970434
btree8,524288,11,105.5054,12494368574949970434
fusion8,524288,11,188.2248,12494368574949970434
btree8_a64,524288,11,111.2381,12494368574949970434
btree16_bl_a64,524288,11,173.3078,12494368574949970434
fusion8_c,524288,11,166.1819,12494368574949970434
btree8_bl,524288,11,118.0725,12494368574949970434
fusion16_w,524288,11,236.3861,12494368574949970434
btree8_bl_a64,524288,11,121.4294,12494368574949970434
sorted_array,524288,11,117.9596,12494368574949970434
fusion16_w,524288,12,220.8084,12494368574949970434
btree16_bl_a64,524288,12,168.2877,12494368574949970434
btree8_bl,524288,12,118.1519,12494368574949970434
sorted_array,524288,12,117.8299,12494368574949970434
fusion8_c,524288,12,170.5780,12494368574949970434
btree8,524288,12,105.6351,12494368574949970434
fusion8,524288,12,198.0560,12494368574949970434
fusion8_bf,524288,12,211.3617,12494368574949970434
btree8_bl_a64,524288,12,126.5121,12494368574949970434
btree8_a64,524288,12,113.0569,12494368574949970434
btree8_bl_a64,524288,13,113.9359,12494368574949970434
btree8,524288,13,106.3278,12494368574949970434
fusion16_w,524288,13,233.8989,12494368574949970434
btree16_bl_a64,524288,13,167.4454,12494368574949970434
btree8_bl,524288,13,116.5436,12494368574949970434
btree8_a64,524288,13,107.1213,12494368574949970434
fusion8_c,524288,13,165.4129,12494368574949970434
fusion8_bf,524288,13,185.0449,12494368574949970434
fusion8,524288,13,184.1995,12494368574949970434
sorted_array,524288,13,117.6651,12494368574949970434
fusion8_bf,524288,14,183.0475,12494368574949970434
btree16_bl_a64,524288,14,171.7651,12494368574949970434
fusion16_w,524288,14,229.7470,12494368574949970434
fusion8_c,524288,14,169.7205,12494368574949970434
sorted_array,524288,14,117.8696,12494368574949970434
fusion8,524288,14,191.1743,12494368574949970434
btree8_bl,524288,14,117.3340,12494368574949970434
btree8_a64,524288,14,109.4818,12494368574949970434
btree8,524288,14,106.4468,12494368574949970434
btree8_bl_a64,524288,14,124.7070,12494368574949970434
btree8_bl,1048576,0,344.6594,16362192324183350314
fusion16_w,1048576,0,245.2026,16362192324183350314
fusion8_bf,1048576,0,373.1491,16362192324183350314
btree16_bl_a64,1048576,0,168.9774,16362192324183350314
fusion8_c,1048576,0,324.7803,16362192324183350314
btree8,1048576,0,260.7178,16362192324183350314
btree8_a64,1048576,0,269.0842,16362192324183350314
fusion8,1048576,0,367.5064,16362192324183350314
sorted_array,1048576,0,170.9976,16362192324183350314
btree8_bl_a64,1048576,0,243.3701,16362192324183350314
sorted_array,1048576,1,170.0592,16362192324183350314
btree8_bl,1048576,1,261.7142,16362192324183350314
fusion8,1048576,1,375.8636,16362192324183350314
btree8_a64,1048576,1,268.3411,16362192324183350314
btree8,1048576,1,268.2785,16362192324183350314
btree8_bl_a64,1048576,1,235.0235,16362192324183350314
fusion8_bf,1048576,1,360.9497,16362192324183350314
btree16_bl_a64,1048576,1,166.1896,16362192324183350314
fusion16_w,1048576,1,239.3860,16362192324183350314
fusion8_c,1048576,1,328.7582,16362192324183350314
fusion8,1048576,2,363.9252,16362192324183350314
btree16_bl_a64,1048576,2,167.3065,16362192324183350314
btree8,1048576,2,268.9865,16362192324183350314
fusion8_bf,1048576,2,364.4928,16362192324183350314
btree8_bl,1048576,2,247.2534,16362192324183350314
btree8_bl_a64,1048576,2,230.4413,16362192324183350314
fusion8_c,1048576,2,338.4933,16362192324183350314
btree8_a64,1048576,2,271.8094,16362192324183350314
sorted_array,1048576,2,169.1879,16362192324183350314
fusion16_w,1048576,2,241.1942,16362192324183350314
fusion8_bf,1048576,3,369.6335,16362192324183350314
fusion8,1048576,3,361.8103,16362192324183350314
fusion16_w,1048576,3,235.3287,16362192324183350314
btree8,1048576,3,258.1879,16362192324183350314
fusion8_c,1048576,3,322.1817,16362192324183350314
sorted_array,1048576,3,167.7307,16362192324183350314
btree8_bl_a64,1048576,3,222.9568,16362192324183350314
btree16_bl_a64,1048576,3,162.4344,16362192324183350314
btree8_bl,1048576,3,234.1492,16362192324183350314
btree8_a64,1048576,3,262.0926,16362192324183350314
btree8_bl_a64,1048576,4,223.5580,16362192324183350314
btree8,1048576,4,270.9747,16362192324183350314
fusion8_bf,1048576,4,364.9109,16362192324183350314
btree16_bl_a64,1048576,4,168.8446,16362192324183350314
btree8_a64,1048576,4,268.5303,16362192324183350314
btree8_bl,1048576,4,245.2484,16362192324183350314
sorted_array,1048576,4,167.3920,16362192324183350314
fusion8,1048576,4,359.7992,16362192324183350314
fusion8_c,1048576,4,347.7005,16362192324183350314
fusion16_w,1048576,4,242.4438,16362192324183350314
fusion8,1048576,5,360.8459,16362192324183350314
btree8,1048576,5,254.5593,16362192324183350314
btree8_bl_a64,1048576,5,223.2910,16362192324183350314
fusion8_c,1048576,5,321.3745,16362192324183350314
sorted_array,1048576,5,168.8828,16362192324183350314
btree8_a64,1048576,5,256.1035,16362192324183350314
fusion16_w,1048576,5,234.8068,16362192324183350314
btree16_bl_a64,1048576,5,159.8511,16362192324183350314
btree8_bl,1048576,5,227.3712,16362192324183350314
fusion8_bf,1048576,5,355.0323,16362192324183350314
btree8,1048576,6,265.0436,16362192324183350314
sorted_array,1048576,6,168.2831,16362192324183350314
fusion8,1048576,6,357.8125,16362192324183350314
fusion8_c,1048576,6,325.2869,16362192324183350314
fusion8_bf,1048576,6,360.3470,16362192324183350314
fusion16_w,1048576,6,242.6132,16362192324183350314
btree8_bl_a64,1048576,6,238.4018,16362192324183350314
btree16_bl_a64,1048576,6,168.2541,16362192324183350314
btree8_bl,1048576,6,233.7265,16362192324183350314
btree8_a64,1048576,6,261.6592,16362192324183350314
fusion8,1048576,7,359.2194,16362192324183350314
btree8_bl_a64,1048576,7,244.5480,16362192324183350314
btree8,1048576,7,261.8774,16362192324183350314
fusion8_c,1048576,7,324.5743,16362192324183350314
fusion16_w,1048576,7,236.0657,16362192324183350314
fusion8_bf,1048576,7,353.6942,16362192324183350314
btree8_a64,1048576,7,261.1511,16362192324183350314
btree16_bl_a64,1048576,7,165.2390,16362192324183350314
sorted_array,1048576,7,168.6401,16362192324183350314
btree8_bl,1048576,7,267.2562,16362192324183350314
btree8,1048576,8,268.5226,16362192324183350314
fusion8_bf,1048576,8,369.7815,16362192324183350314
fusion8,1048576,8,364.6118,16362192324183350314
fusion16_w,1048576,8,237.8265,16362192324183350314
btree8_a64,1048576,8,261.0672,16362192324183350314
btree8_bl_a64,1048576,8,225.7355,16362192324183350314
fusion8_c,1048576,8,337.4359,16362192324183350314
btree8_bl,1048576,8,237.8769,16362192324183350314
sorted_array,1048576,8,169.4855,16362192324183350314
btree16_bl_a64,1048576,8,164.1479,16362192324183350314
fusion16_w,1048576,9,236.6257,16362192324183350314
btree8_a64,1048576,9,265.9912,16362192324183350314
fusion8_c,1048576,9,327.6321,16362192324183350314
fusion8,1048576,9,365.9698,16362192324183350314
sorted_array,1048576,9,169.5114,16362192324183350314
fusion8_bf,1048576,9,357.2693,16362192324183350314
btree8,1048576,9,268.4616,16362192324183350314
btree16_bl_a64,1048576,9,169.9921,16362192324183350314
btree8_bl_a64,1048576,9,224.2233,16362192324183350314
btree8_bl,1048576,9,240.8325,16362192324183350314
fusion16_w,1048576,10,236.6455,16362192324183350314
btree8_bl_a64,1048576,10,233.9767,16362192324183350314
fusion8,1048576,10,366.1057,16362192324183350314
fusion8_bf,1048576,10,372.9614,16362192324183350314
btree16_bl_a64,1048576,10,169.3649,16362192324183350314
btree8_bl,1048576,10,237.3764,16362192324183350314
btree8,1048576,10,268.1213,16362192324183350314
fusion8_c,1048576,10,328.0533,16362192324183350314
btree8_a64,1048576,10,259.3292,16362192324183350314
sorted_array,1048576,10,169.3649,16362192324183350314
btree8_bl_a64,1048576,11,245.4391,16362192324183350314
fusion8,1048576,11,364.3219,16362192324183350314
sorted_array,1048576,11,168.1122,16362192324183350314
btree8,1048576,11,259.1827,16362192324183350314
fusion8_c,1048576,11,323.9716,16362192324183350314
btree16_bl_a64,1048576,11,163.2401,16362192324183350314
btree8_bl,1048576,11,236.7966,16362192324183350314
btree8_a64,1048576,11,267.0883,16362192324183350314
fusion16_w,1048576,11,244.7556,16362192324183350314
fusion8_bf,1048576,11,357.1915,16362192324183350314
sorted_array,1048576,12,169.8364,16362192324183350314
fusion8_c,1048576,12,326.1948,16362192324183350314
btree8,1048576,12,257.4951,16362192324183350314
btree8_bl,1048576,12,234.8892,16362192324183350314
fusion8,1048576,12,346.1685,16362192324183350314
fusion16_w,1048576,12,234.6970,16362192324183350314
btree8_a64,1048576,12,260.3363,16362192324183350314
btree8_bl_a64,1048576,12,220.9396,16362192324183350314
btree16_bl_a64,1048576,12,165.6265,16362192324183350314
fusion8_bf,1048576,12,367.0593,16362192324183350314
fusion8,1048576,13,354.1367,16362192324183350314
sorted_array,1048576,13,170.6528,16362192324183350314
btree8_bl_a64,1048576,13,240.9790,16362192324183350314
btree16_bl_a64,1048576,13,164.9231,16362192324183350314
fusion8_bf,1048576,13,363.3545,16362192324183350314
btree8_a64,1048576,13,260.3027,16362192324183350314
fusion16_w,1048576,13,235.8978,16362192324183350314
fusion8_c,1048576,13,331.9214,16362192324183350314
btree8,1048576,13,262.0346,16362192324183350314
btree8_bl,1048576,13,234.5459,16362192324183350314
btree16_bl_a64,1048576,14,163.3591,16362192324183350314
btree8_bl,1048576,14,221.6232,16362192324183350314
sorted_array,1048576,14,167.0868,16362192324183350314
btree8,1048576,14,256.0715,16362192324183350314
fusion16_w,1048576,14,232.2876,16362192324183350314
fusion8_c,1048576,14,313.9709,16362192324183350314
btree8_a64,1048576,14,257.0129,16362192324183350314
fusion8_bf,1048576,14,343.2617,16362192324183350314
btree8_bl_a64,1048576,14,222.3511,16362192324183350314
fusion8,1048576,14,356.1340,16362192324183350314
btree8_a64,2097152,0,288.1104,6087976039063001523
btree8_bl_a64,2097152,0,297.7432,6087976039063001523
fusion8_c,2097152,0,362.7640,6087976039063001523
fusion16_w,2097152,0,380.2139,6087976039063001523
btree16_bl_a64,2097152,0,258.7387,6087976039063001523
fusion8,2097152,0,397.0230,6087976039063001523
fusion8_bf,2097152,0,406.2958,6087976039063001523
btree8,2097152,0,290.7410,6087976039063001523
btree8_bl,2097152,0,316.1163,6087976039063001523
sorted_array,2097152,0,229.1428,6087976039063001523
fusion8_c,2097152,1,361.7615,6087976039063001523
fusion16_w,2097152,1,381.3080,6087976039063001523
fusion8_bf,2097152,1,414.0289,6087976039063001523
btree8_a64,2097152,1,288.5101,6087976039063001523
sorted_array,2097152,1,228.5583,6087976039063001523
btree8_bl,2097152,1,315.3091,6087976039063001523
btree8,2097152,1,277.6337,6087976039063001523
btree8_bl_a64,2097152,1,276.9623,6087976039063001523
fusion8,2097152,1,387.7777,6087976039063001523
btree16_bl_a64,2097152,1,289.4836,6087976039063001523
sorted_array,2097152,2,230.9937,6087976039063001523
btree8_a64,2097152,2,445.6512,6087976039063001523
btree8_bl,2097152,2,484.3033,6087976039063001523
fusion8_c,2097152,2,550.5646,6087976039063001523
btree8,2097152,2,337.5153,6087976039063001523
fusion8,2097152,2,414.6439,6087976039063001523
btree16_bl_a64,2097152,2,265.3214,6087976039063001523
fusion16_w,2097152,2,377.9266,6087976039063001523
fusion8_bf,2097152,2,414.3219,6087976039063001523
btree8_bl_a64,2097152,2,306.3171,6087976039063001523
btree16_bl_a64,2097152,3,270.6787,6087976039063001523
btree8_bl,2097152,3,320.1614,6087976039063001523
fusion8_c,2097152,3,371.1960,6087976039063001523
btree8_a64,2097152,3,293.9743,6087976039063001523
fusion16_w,2097152,3,385.8856,6087976039063001523
btree8,2097152,3,296.0434,6087976039063001523
sorted_array,2097152,3,228.2059,6087976039063001523
fusion8,2097152,3,412.7029,6087976039063001523
fusion8_bf,2097152,3,403.4973,6087976039063001523
btree8_bl_a64,2097152,3,310.1913,6087976039063001523
btree8_bl_a64,2097152,4,271.1807,6087976039063001523
btree8_a64,2097152,4,289.6301,6087976039063001523
btree8,2097152,4,288.8306,6087976039063001523
btree16_bl_a64,2097152,4,266.1621,6087976039063001523
fusion16_w,2097152,4,373.4467,6087976039063001523
btree8_bl,2097152,4,313.0569,6087976039063001523
fusion8,2097152,4,412.6053,6087976039063001523
sorted_array,2097152,4,228.4012,6087976039063001523
fusion8_c,2097152,4,366.8442,6087976039063001523
fusion8_bf,2097152,4,415.0589,6087976039063001523
fusion16_w,2097152,5,363.4903,6087976039063001523
btree8,2097152,5,275.3952,6087976039063001523
fusion8,2097152,5,369.2261,6087976039063001523
sorted_array,2097152,5,226.2924,6087976039063001523
fusion8_c,2097152,5,362.1277,6087976039063001523
fusion8_bf,2097152,5,406.7947,6087976039063001523
btree8_bl_a64,2097152,5,296.0129,6087976039063001523
btree16_bl_a64,2097152,5,252.3697,6087976039063001523
btree8_a64,2097152,5,271.0144,6087976039063001523
btree8_bl,2097152,5,285.4324,6087976039063001523
btree8,2097152,6,279.1199,6087976039063001523
btree8_bl_a64,2097152,6,306.8771,6087976039063001523
fusion8_bf,2097152,6,414.9109,6087976039063001523
fusion8_c,2097152,6,364.5142,6087976039063001523
fusion16_w,2097152,6,367.0319,6087976039063001523
sorted_array,2097152,6,227.9663,6087976039063001523
fusion8,2097152,6,470.0974,6087976039063001523
btree8_bl,2097152,6,396.0693,6087976039063001523
btree16_bl_a64,2097152,6,332.2739,6087976039063001523
btree8_a64,2097152,6,442.9581,6087976039063001523
btree8_bl_a64,2097152,7,407.6935,6087976039063001523
fusion16_w,2097152,7,565.8997,6087976039063001523
btree16_bl_a64,2097152,7,285.7849,6087976039063001523
btree8_a64,2097152,7,300.1968,6087976039063001523
fusion8_bf,2097152,7,416.9434,6087976039063001523
fusion8_c,2097152,7,365.9485,6087976039063001523
fusion8,2097152,7,412.6450,6087976039063001523
btree8,2097152,7,291.3437,6087976039063001523
btree8_bl,2097152,7,314.8026,6087976039063001523
sorted_array,2097152,7,228.0640,6087976039063001523
fusion16_w,2097152,8,369.0323,6087976039063001523
btree8_bl,2097152,8,321.7224,6087976039063001523
sorted_array,2097152,8,230.1239,6087976039063001523
fusion8_bf,2097152,8,419.2795,6087976039063001523
btree8,2097152,8,290.2954,6087976039063001523
fusion8_c,2097152,8,358.3420,6087976039063001523
btree16_bl_a64,2097152,8,264.0869,6087976039063001523
btree8_a64,2097152,8,291.8457,6087976039063001523
fusion8,2097152,8,411.5845,6087976039063001523
btree8_bl_a64,2097152,8,301.0284,6087976039063001523
btree8_bl,2097152,9,315.2771,6087976039063001523
fusion8,2097152,9,407.1121,6087976039063001523
fusion8_c,2097152,9,372.5616,6087976039063001523
fusion8_bf,2097152,9,420.9396,6087976039063001523
fusion16_w,2097152,9,390.0055,6087976039063001523
btree8_bl_a64,2097152,9,304.3396,6087976039063001523
btree16_bl_a64,2097152,9,270.9793,6087976039063001523
sorted_array,2097152,9,229.6585,6087976039063001523
btree8,2097152,9,290.4190,6087976039063001523
btree8_a64,2097152,9,293.3716,6087976039063001523
fusion8_c,2097152,10,355.8899,6087976039063001523
fusion16_w,2097152,10,390.0391,6087976039063001523
btree8_bl_a64,2097152,10,308.1512,6087976039063001523
fusion8,2097152,10,421.7346,6087976039063001523
btree8_bl,2097152,10,326.5381,6087976039063001523
fusion8_bf,2097152,10,400.6165,6087976039063001523
btree16_bl_a64,2097152,10,248.1400,6087976039063001523
btree8,2097152,10,293.0725,6087976039063001523
btree8_a64,2097152,10,288.4079,6087976039063001523
sorted_array,2097152,10,225.0076,6087976039063001523
fusion8_bf,2097152,11,399.1974,6087976039063001523
sorted_array,2097152,11,235.9756,6087976039063001523
fusion8_c,2097152,11,539.8849,6087976039063001523
btree8_bl_a64,2097152,11,445.0897,6087976039063001523
btree8_bl,2097152,11,477.7969,6087976039063001523
btree8_a64,2097152,11,428.3127,6087976039063001523
btree8,2097152,11,288.1149,6087976039063001523
btree16_bl_a64,2097152,11,266.1453,6087976039063001523
fusion16_w,2097152,11,386.3129,6087976039063001523
fusion8,2097152,11,412.6266,6087976039063001523
btree16_bl_a64,2097152,12,282.4738,6087976039063001523
fusion8,2097152,12,398.3017,6087976039063001523
sorted_array,2097152,12,228.7872,6087976039063001523
fusion16_w,2097152,12,370.6207,6087976039063001523
fusion8_c,2097152,12,382.6309,6087976039063001523
btree8,2097152,12,279.1672,6087976039063001523
btree8_bl,2097152,12,304.0848,6087976039063001523
fusion8_bf,2097152,12,413.2278,6087976039063001523
btree8_bl_a64,2097152,12,300.1266,6087976039063001523
btree8_a64,2097152,12,278.0502,6087976039063001523
fusion8,2097152,13,399.1470,6087976039063001523
fusion8_c,2097152,13,377.3849,6087976039063001523
fusion8_bf,2097152,13,394.8318,6087976039063001523
fusion16_w,2097152,13,375.1587,6087976039063001523
sorted_array,2097152,13,229.1473,6087976039063001523
btree8,2097152,13,285.9421,6087976039063001523
btree16_bl_a64,2097152,13,256.8161,6087976039063001523
btree8_a64,2097152,13,278.7689,6087976039063001523
btree8_bl,2097152,13,309.8434,6087976039063001523
btree8_bl_a64,2097152,13,302.6413,6087976039063001523
fusion8_c,2097152,14,356.9824,6087976039063001523
btree8,2097152,14,282.5150,6087976039063001523
fusion8_bf,2097152,14,375.6104,6087976039063001523
fusion8,2097152,14,365.0452,6087976039063001523
btree8_bl,2097152,14,297.1497,6087976039063001523
btree16_bl_a64,2097152,14,250.3769,6087976039063001523
btree8_a64,2097152,14,275.6958,6087976039063001523
fusion16_w,2097152,14,358.7051,6087976039063001523
btree8_bl_a64,2097152,14,288.4552,6087976039063001523
sorted_array,2097152,14,230.7068,6087976039063001523
fusion8_bf,4194304,0,381.3217,14247903871160904604
btree8_bl_a64,4194304,0,290.4053,14247903871160904604
btree8,4194304,0,273.5428,14247903871160904604
fusion16_w,4194304,0,407.9544,14247903871160904604
fusion8_c,4194304,0,336.7950,14247903871160904604
btree8_a64,4194304,0,271.1838,14247903871160904604
sorted_array,4194304,0,361.9583,14247903871160904604
btree8_bl,4194304,0,289.8438,14247903871160904604
btree16_bl_a64,4194304,0,332.6019,14247903871160904604
fusion8,4194304,0,376.5671,14247903871160904604
btree8_bl_a64,4194304,1,285.6155,14247903871160904604
btree8_a64,4194304,1,269.9860,14247903871160904604
fusion8,4194304,1,366.4322,14247903871160904604
sorted_array,4194304,1,355.6244,14247903871160904604
fusion16_w,4194304,1,414.6271,14247903871160904604
fusion8_bf,4194304,1,375.8224,14247903871160904604
btree16_bl_a64,4194304,1,325.5859,14247903871160904604
btree8_bl,4194304,1,298.5092,14247903871160904604
fusion8_c,4194304,1,347.1191,14247903871160904604
btree8,4194304,1,278.0746,14247903871160904604
fusion16_w,4194304,2,452.1286,14247903871160904604
fusion8,4194304,2,370.5627,14247903871160904604
fusion8_bf,4194304,2,398.7946,14247903871160904604
btree8_bl,4194304,2,311.1588,14247903871160904604
fusion8_c,4194304,2,334.0698,14247903871160904604
sorted_array,4194304,2,342.3264,14247903871160904604
btree8_a64,4194304,2,264.1464,14247903871160904604
btree16_bl_a64,4194304,2,318.1442,14247903871160904604
btree8_bl_a64,4194304,2,308.8425,14247903871160904604
btree8,4194304,2,288.6658,14247903871160904604
fusion8,4194304,3,363.6093,14247903871160904604
fusion8_bf,4194304,3,362.4756,14247903871160904604
btree16_bl_a64,4194304,3,330.1620,14247903871160904604
fusion16_w,4194304,3,395.5750,14247903871160904604
btree8_bl_a64,4194304,3,274.3851,14247903871160904604
sorted_array,4194304,3,340.2817,14247903871160904604
btree8_a64,4194304,3,266.6168,14247903871160904604
fusion8_c,4194304,3,336.6089,14247903871160904604
btree8,4194304,3,269.5801,14247903871160904604
btree8_bl,4194304,3,289.9139,14247903871160904604
fusion8_bf,4194304,4,373.5443,14247903871160904604
btree8,4194304,4,269.7937,14247903871160904604
btree8_bl,4194304,4,289.1174,14247903871160904604
sorted_array,4194304,4,348.5153,14247903871160904604
fusion8_c,4194304,4,338.2050,14247903871160904604
btree16_bl_a64,4194304,4,325.7126,14247903871160904604
fusion8,4194304,4,359.6725,14247903871160904604
btree8_bl_a64,4194304,4,276.5732,14247903871160904604
fusion16_w,4194304,4,412.9562,14247903871160904604
btree8_a64,4194304,4,265.7135,14247903871160904604
fusion16_w,4194304,5,397.2122,14247903871160904604
sorted_array,4194304,5,348.3765,14247903871160904604
btree16_bl_a64,4194304,5,323.9685,14247903871160904604
btree8,4194304,5,272.6379,14247903871160904604
btree8_bl,4194304,5,288.3316,14247903871160904604
fusion8_bf,4194304,5,371.5195,14247903871160904604
btree8_bl_a64,4194304,5,291.1545,14247903871160904604
fusion8,4194304,5,374.8535,14247903871160904604
btree8_a64,4194304,5,271.8719,14247903871160904604
fusion8_c,4194304,5,381.5186,14247903871160904604
btree8_a64,4194304,6,272.8729,14247903871160904604
sorted_array,4194304,6,361.1893,14247903871160904604
btree8_bl_a64,4194304,6,277.6993,14247903871160904604
btree8,4194304,6,270.2545,14247903871160904604
fusion8_c,4194304,6,339.9643,14247903871160904604
fusion8_bf,4194304,6,368.2663,14247903871160904604
btree8_bl,4194304,6,290.6128,14247903871160904604
fusion16_w,4194304,6,418.4097,14247903871160904604
btree16_bl_a64,4194304,6,331.6238,14247903871160904604
fusion8,4194304,6,368.4296,14247903871160904604
btree8,4194304,7,270.2423,14247903871160904604
sorted_array,4194304,7,347.6822,14247903871160904604
fusion16_w,4194304,7,403.2867,14247903871160904604
fusion8,4194304,7,359.6939,14247903871160904604
fusion8_c,4194304,7,337.0895,14247903871160904604
btree8_bl_a64,4194304,7,276.4679,14247903871160904604
btree16_bl_a64,4194304,7,327.8381,14247903871160904604
btree8_bl,4194304,7,291.5070,14247903871160904604
btree8_a64,4194304,7,268.1168,14247903871160904604
fusion8_bf,4194304,7,376.7944,14247903871160904604
fusion8,4194304,8,366.0263,14247903871160904604
fusion16_w,4194304,8,423.9243,14247903871160904604
btree8,4194304,8,270.0089,14247903871160904604
btree16_bl_a64,4194304,8,323.6069,14247903871160904604
btree8_bl,4194304,8,286.8622,14247903871160904604
sorted_array,4194304,8,348.5641,14247903871160904604
fusion8_c,4194304,8,339.2960,14247903871160904604
fusion8_bf,4194304,8,370.7855,14247903871160904604
btree8_bl_a64,4194304,8,277.5497,14247903871160904604
btree8_a64,4194304,8,275.6393,14247903871160904604
btree8_bl_a64,4194304,9,276.8265,14247903871160904604
btree8,4194304,9,270.0775,14247903871160904604
fusion8_bf,4194304,9,363.8992,14247903871160904604
btree8_a64,4194304,9,269.4946,14247903871160904604
fusion8,4194304,9,363.7436,14247903871160904604
btree8_bl,4194304,9,288.9496,14247903871160904604
btree16_bl_a64,4194304,9,325.0488,14247903871160904604
fusion8_c,4194304,9,343.6005,14247903871160904604
fusion16_w,4194304,9,412.9517,14247903871160904604
sorted_array,4194304,9,353.8284,14247903871160904604
fusion8,4194304,10,369.0094,14247903871160904604
fusion16_w,4194304,10,431.3950,14247903871160904604
sorted_array,4194304,10,354.0222,14247903871160904604
fusion8_c,4194304,10,337.3199,14247903871160904604
btree8,4194304,10,273.9258,14247903871160904604
fusion8_bf,4194304,10,382.4173,14247903871160904604
btree8_bl_a64,4194304,10,278.1570,14247903871160904604
btree8_bl,4194304,10,288.4445,14247903871160904604
btree8_a64,4194304,10,265.8554,14247903871160904604
btree16_bl_a64,4194304,10,320.8801,14247903871160904604
fusion8_c,4194304,11,339.8880,14247903871160904604
btree8_bl,4194304,11,289.6210,14247903871160904604
fusion8_bf,4194304,11,366.5237,14247903871160904604
fusion8,4194304,11,365.4831,14247903871160904604
btree8,4194304,11,267.2409,14247903871160904604
btree8_a64,4194304,11,267.5140,14247903871160904604
btree8_bl_a64,4194304,11,278.3478,14247903871160904604
btree16_bl_a64,4194304,11,324.1821,14247903871160904604
sorted_array,4194304,11,348.8144,14247903871160904604
fusion16_w,4194304,11,410.1929,14247903871160904604
fusion8_bf,4194304,12,367.1982,14247903871160904604
btree8_bl_a64,4194304,12,275.3876,14247903871160904604
fusion16_w,4194304,12,412.1292,14247903871160904604
sorted_array,4194304,12,348.0545,14247903871160904604
btree8_bl,4194304,12,289.5111,14247903871160904604
btree16_bl_a64,4194304,12,330.2399,14247903871160904604
fusion8_c,4194304,12,339.7339,14247903871160904604
fusion8,4194304,12,368.9667,14247903871160904604
btree8,4194304,12,268.7027,14247903871160904604
btree8_a64,4194304,12,268.3578,14247903871160904604
sorted_array,4194304,13,348.5092,14247903871160904604
fusion8_bf,4194304,13,367.1341,14247903871160904604
btree8_a64,4194304,13,267.5690,14247903871160904604
btree16_bl_a64,4194304,13,326.2863,14247903871160904604
btree8_bl,4194304,13,289.3921,14247903871160904604
fusion8_c,4194304,13,336.4883,14247903871160904604
fusion16_w,4194304,13,411.6364,14247903871160904604
btree8_bl_a64,4194304,13,279.6310,14247903871160904604
fusion8,4194304,13,362.1994,14247903871160904604
btree8,4194304,13,266.8106,14247903871160904604
fusion8_bf,4194304,14,365.5151,14247903871160904604
fusion16_w,4194304,14,407.6492,14247903871160904604
fusion8,4194304,14,360.6461,14247903871160904604
btree16_bl_a64,4194304,14,322.1054,14247903871160904604
fusion8_c,4194304,14,335.8078,14247903871160904604
btree8,4194304,14,269.3527,14247903871160904604
btree8_bl,4194304,14,286.8118,14247903871160904604
btree8_a64,4194304,14,267.0303,14247903871160904604
btree8_bl_a64,4194304,14,275.6638,14247903871160904604
sorted_array,4194304,14,349.3515,14247903871160904604
btree16_bl_a64,8388608,0,347.8683,16818331115280313399
fusion16_w,8388608,0,422.2061,16818331115280313399
fusion8_bf,8388608,0,535.6918,16818331115280313399
btree8_a64,8388608,0,412.6968,16818331115280313399
btree8_bl,8388608,0,391.6382,16818331115280313399
fusion8_c,8388608,0,490.5579,16818331115280313399
btree8,8388608,0,404.1199,16818331115280313399
fusion8,8388608,0,525.6744,16818331115280313399
sorted_array,8388608,0,582.2983,16818331115280313399
btree8_bl_a64,8388608,0,376.6251,16818331115280313399
btree8_bl,8388608,1,388.2294,16818331115280313399
fusion8,8388608,1,532.8568,16818331115280313399
fusion8_c,8388608,1,487.4435,16818331115280313399
fusion8_bf,8388608,1,535.6369,16818331115280313399
btree16_bl_a64,8388608,1,341.3986,16818331115280313399
fusion16_w,8388608,1,438.3606,16818331115280313399
btree8,8388608,1,412.5793,16818331115280313399
sorted_array,8388608,1,581.4331,16818331115280313399
btree8_a64,8388608,1,407.4341,16818331115280313399
btree8_bl_a64,8388608,1,372.3557,16818331115280313399
btree8_a64,8388608,2,391.6290,16818331115280313399
fusion8_c,8388608,2,486.2946,16818331115280313399
btree16_bl_a64,8388608,2,372.1024,16818331115280313399
sorted_array,8388608,2,583.0673,16818331115280313399
fusion8_bf,8388608,2,537.6495,16818331115280313399
btree8_bl_a64,8388608,2,375.0717,16818331115280313399
fusion8,8388608,2,526.8707,16818331115280313399
btree8_bl,8388608,2,405.8304,16818331115280313399
btree8,8388608,2,407.3563,16818331115280313399
fusion16_w,8388608,2,431.0364,16818331115280313399
btree8_bl_a64,8388608,3,381.0608,16818331115280313399
fusion16_w,8388608,3,422.6318,16818331115280313399
btree16_bl_a64,8388608,3,342.1463,16818331115280313399
fusion8,8388608,3,521.8765,16818331115280313399
fusion8_c,8388608,3,486.2823,16818331115280313399
sorted_array,8388608,3,582.1152,16818331115280313399
btree8_bl,8388608,3,403.4836,16818331115280313399
btree8,8388608,3,412.1063,16818331115280313399
btree8_a64,8388608,3,408.8928,16818331115280313399
fusion8_bf,8388608,3,532.3288,16818331115280313399
btree8_bl,8388608,4,395.2362,16818331115280313399
btree8,8388608,4,409.8984,16818331115280313399
btree16_bl_a64,8388608,4,341.2872,16818331115280313399
fusion16_w,8388608,4,427.6428,16818331115280313399
sorted_array,8388608,4,621.9345,16818331115280313399
fusion8_bf,8388608,4,531.8176,16818331115280313399
btree8_bl_a64,8388608,4,383.2214,16818331115280313399
btree8_a64,8388608,4,408.9294,16818331115280313399
fusion8_c,8388608,4,485.9528,16818331115280313399
fusion8,8388608,4,527.3682,16818331115280313399
fusion8_c,8388608,5,479.8813,16818331115280313399
fusion16_w,8388608,5,434.0668,16818331115280313399
btree8,8388608,5,405.2383,16818331115280313399
sorted_array,8388608,5,582.7606,16818331115280313399
btree16_bl_a64,8388608,5,342.9398,16818331115280313399
btree8_bl_a64,8388608,5,390.6372,16818331115280313399
btree8_bl,8388608,5,395.9961,16818331115280313399
fusion8,8388608,5,525.7278,16818331115280313399
fusion8_bf,8388608,5,534.8190,16818331115280313399
btree8_a64,8388608,5,406.9717,16818331115280313399
fusion8,8388608,6,519.8547,16818331115280313399
btree8_bl,8388608,6,409.2514,16818331115280313399
btree8_a64,8388608,6,408.4579,16818331115280313399
fusion8_c,8388608,6,488.8351,16818331115280313399
fusion16_w,8388608,6,429.4312,16818331115280313399
sorted_array,8388608,6,582.3914,16818331115280313399
fusion8_bf,8388608,6,533.3481,16818331115280313399
btree16_bl_a64,8388608,6,345.9229,16818331115280313399
btree8_bl_a64,8388608,6,374.6292,16818331115280313399
btree8,8388608,6,408.2138,16818331115280313399
btree16_bl_a64,8388608,7,343.3609,16818331115280313399
btree8,8388608,7,403.4500,16818331115280313399
fusion8_bf,8388608,7,558.5281,16818331115280313399
fusion8,8388608,7,527.3041,16818331115280313399
btree8_bl,8388608,7,406.1005,16818331115280313399
btree8_bl_a64,8388608,7,380.4764,16818331115280313399
sorted_array,8388608,7,585.1837,16818331115280313399
fusion16_w,8388608,7,431.1676,16818331115280313399
fusion8_c,8388608,7,489.8315,16818331115280313399
btree8_a64,8388608,7,412.0667,16818331115280313399
fusion8_c,8388608,8,481.1630,16818331115280313399
fusion8_bf,8388608,8,523.2468,16818331115280313399
btree16_bl_a64,8388608,8,345.7397,16818331115280313399
btree8_a64,8388608,8,407.5150,16818331115280313399
sorted_array,8388608,8,588.5788,16818331115280313399
btree8_bl_a64,8388608,8,402.4155,16818331115280313399
btree8,8388608,8,408.1726,16818331115280313399
fusion8,8388608,8,529.5044,16818331115280313399
fusion16_w,8388608,8,439.3021,16818331115280313399
btree8_bl,8388608,8,405.0735,16818331115280313399
fusion8_c,8388608,9,488.2843,16818331115280313399
btree16_bl_a64,8388608,9,345.0012,16818331115280313399
fusion8,8388608,9,525.0824,16818331115280313399
fusion16_w,8388608,9,437.5153,16818331115280313399
btree8_bl,8388608,9,390.9454,16818331115280313399
btree8_a64,8388608,9,412.2665,16818331115280313399
fusion8_bf,8388608,9,541.0522,16818331115280313399
btree8_bl_a64,8388608,9,383.3405,16818331115280313399
btree8,8388608,9,408.6060,16818331115280313399
sorted_array,8388608,9,577.2949,16818331115280313399
fusion8,8388608,10,521.8506,16818331115280313399
sorted_array,8388608,10,574.5300,16818331115280313399
fusion8_c,8388608,10,487.7747,16818331115280313399
fusion8_bf,8388608,10,513.7131,16818331115280313399
btree8_bl_a64,8388608,10,367.0120,16818331115280313399
btree16_bl_a64,8388608,10,343.2343,16818331115280313399
btree8_bl,8388608,10,387.2620,16818331115280313399
fusion16_w,8388608,10,427.2812,16818331115280313399
btree8,8388608,10,402.6108,16818331115280313399
btree8_a64,8388608,10,402.1225,16818331115280313399
btree8,8388608,11,390.5045,16818331115280313399
sorted_array,8388608,11,577.2614,16818331115280313399
btree8_bl,8388608,11,402.2369,16818331115280313399
btree16_bl_a64,8388608,11,357.5806,16818331115280313399
btree8_a64,8388608,11,408.0505,16818331115280313399
fusion8_c,8388608,11,519.9295,16818331115280313399
fusion8_bf,8388608,11,556.4194,16818331115280313399
fusion16_w,8388608,11,440.7623,16818331115280313399
btree8_bl_a64,8388608,11,371.5744,16818331115280313399
fusion8,8388608,11,520.2744,16818331115280313399
sorted_array,8388608,12,713.7802,16818331115280313399
btree8_a64,8388608,12,398.3932,16818331115280313399
btree8,8388608,12,401.3275,16818331115280313399
fusion8_c,8388608,12,510.5408,16818331115280313399
btree8_bl,8388608,12,387.9349,16818331115280313399
fusion8_bf,8388608,12,525.8560,16818331115280313399
fusion16_w,8388608,12,428.1921,16818331115280313399
btree8_bl_a64,8388608,12,376.6800,16818331115280313399
fusion8,8388608,12,516.3452,16818331115280313399
btree16_bl_a64,8388608,12,337.9242,16818331115280313399
btree8,8388608,13,400.5478,16818331115280313399
btree16_bl_a64,8388608,13,333.8257,16818331115280313399
fusion8,8388608,13,517.7719,16818331115280313399
btree8_bl,8388608,13,402.2537,16818331115280313399
btree8_a64,8388608,13,396.2753,16818331115280313399
fusion16_w,8388608,13,427.7359,16818331115280313399
btree8_bl_a64,8388608,13,372.6776,16818331115280313399
fusion8_bf,8388608,13,512.9364,16818331115280313399
fusion8_c,8388608,13,482.9025,16818331115280313399
sorted_array,8388608,13,713.8367,16818331115280313399
fusion8_bf,8388608,14,511.9949,16818331115280313399
btree8_bl,8388608,14,398.8251,16818331115280313399
btree8_bl_a64,8388608,14,370.7092,16818331115280313399
btree8,8388608,14,402.7908,16818331115280313399
sorted_array,8388608,14,713.4140,16818331115280313399
fusion8,8388608,14,507.7042,16818331115280313399
fusion16_w,8388608,14,426.5457,16818331115280313399
fusion8_c,8388608,14,480.9189,16818331115280313399
btree8_a64,8388608,14,399.3118,16818331115280313399
btree16_bl_a64,8388608,14,344.1269,16818331115280313399
fusion8,16777216,0,738.9954,7378316869786178009
fusion16_w,16777216,0,493.2220,7378316869786178009
btree8,16777216,0,508.9676,7378316869786178009
btree16_bl_a64,16777216,0,383.7524,7378316869786178009
btree8_bl_a64,16777216,0,524.3500,7378316869786178009
btree8_bl,16777216,0,540.1260,7378316869786178009
fusion8_bf,16777216,0,660.1562,7378316869786178009
btree8_a64,16777216,0,486.6516,7378316869786178009
fusion8_c,16777216,0,876.2726,7378316869786178009
sorted_array,16777216,0,819.8196,7378316869786178009
btree8,16777216,1,477.1393,7378316869786178009
btree16_bl_a64,16777216,1,370.9152,7378316869786178009
btree8_bl,16777216,1,505.2765,7378316869786178009
fusion8_c,16777216,1,566.9678,7378316869786178009
btree8_bl_a64,16777216,1,468.8507,7378316869786178009
btree8_a64,16777216,1,467.6208,7378316869786178009
sorted_array,16777216,1,799.1318,7378316869786178009
fusion8,16777216,1,605.2567,7378316869786178009
fusion8_bf,16777216,1,600.3036,7378316869786178009
fusion16_w,16777216,1,451.7548,7378316869786178009
btree8_a64,16777216,2,459.1110,7378316869786178009
fusion8,16777216,2,594.0918,7378316869786178009
btree8_bl,16777216,2,494.8883,7378316869786178009
sorted_array,16777216,2,802.4124,7378316869786178009
fusion8_c,16777216,2,533.3740,7378316869786178009
fusion8_bf,16777216,2,658.9264,7378316869786178009
btree8_bl_a64,16777216,2,472.8851,7378316869786178009
btree16_bl_a64,16777216,2,362.8754,7378316869786178009
fusion16_w,16777216,2,453.4653,7378316869786178009
btree8,16777216,2,456.7368,7378316869786178009
btree8,16777216,3,382.2113,7378316869786178009
btree8_a64,16777216,3,433.1909,7378316869786178009
fusion8,16777216,3,552.5406,7378316869786178009
fusion8_bf,16777216,3,558.4213,7378316869786178009
sorted_array,16777216,3,757.7850,7378316869786178009
fusion16_w,16777216,3,431.4804,7378316869786178009
btree16_bl_a64,16777216,3,343.7103,7378316869786178009
btree8_bl,16777216,3,459.3094,7378316869786178009
fusion8_c,16777216,3,519.8029,7378316869786178009
btree8_bl_a64,16777216,3,456.2393,7378316869786178009
fusion8,16777216,4,544.7739,7378316869786178009
fusion8_c,16777216,4,521.9360,7378316869786178009
btree8,16777216,4,439.6164,7378316869786178009
fusion16_w,16777216,4,437.0590,7378316869786178009
btree8_a64,16777216,4,435.4462,7378316869786178009
btree8_bl,16777216,4,451.2344,7378316869786178009
sorted_array,16777216,4,952.5009,7378316869786178009
btree8_bl_a64,16777216,4,452.9953,7378316869786178009
btree16_bl_a64,16777216,4,339.8026,7378316869786178009
fusion8_bf,16777216,4,560.0616,7378316869786178009
fusion8,16777216,5,554.5868,7378316869786178009
btree8,16777216,5,452.0233,7378316869786178009
btree8_bl_a64,16777216,5,457.6355,7378316869786178009
fusion8_c,16777216,5,517.3035,7378316869786178009
btree16_bl_a64,16777216,5,338.2965,7378316869786178009
btree8_a64,16777216,5,431.6925,7378316869786178009
btree8_bl,16777216,5,450.9918,7378316869786178009
fusion16_w,16777216,5,437.2711,7378316869786178009
sorted_array,16777216,5,928.4439,7378316869786178009
fusion8_bf,16777216,5,566.6595,7378316869786178009
sorted_array,16777216,6,916.6946,7378316869786178009
fusion8_c,16777216,6,510.6354,7378316869786178009
btree8,16777216,6,435.7208,7378316869786178009
fusion8,16777216,6,553.9688,7378316869786178009
btree8_bl,16777216,6,452.8595,7378316869786178009
btree8_a64,16777216,6,434.7794,7378316869786178009
btree16_bl_a64,16777216,6,349.0295,7378316869786178009
fusion16_w,16777216,6,430.7281,7378316869786178009
btree8_bl_a64,16777216,6,436.2335,7378316869786178009
fusion8_bf,16777216,6,571.6949,7378316869786178009
btree8_bl_a64,16777216,7,436.2305,7378316869786178009
btree8,16777216,7,439.6759,7378316869786178009
btree8_a64,16777216,7,437.3047,7378316869786178009
fusion8_c,16777216,7,517.0105,7378316869786178009
btree16_bl_a64,16777216,7,339.4928,7378316869786178009
fusion8_bf,16777216,7,549.5163,7378316869786178009
fusion8,16777216,7,551.8250,7378316869786178009
sorted_array,16777216,7,927.4002,7378316869786178009
btree8_bl,16777216,7,452.9144,7378316869786178009
fusion16_w,16777216,7,435.8948,7378316869786178009
fusion8,16777216,8,546.3074,7378316869786178009
sorted_array,16777216,8,921.5744,7378316869786178009
fusion8_c,16777216,8,511.3052,7378316869786178009
btree8,16777216,8,436.0092,7378316869786178009
btree8_bl_a64,16777216,8,435.1944,7378316869786178009
btree8_bl,16777216,8,456.5216,7378316869786178009
fusion16_w,16777216,8,436.2244,7378316869786178009
fusion8_bf,16777216,8,571.6965,7378316869786178009
btree16_bl_a64,16777216,8,343.0664,7378316869786178009
btree8_a64,16777216,8,445.4025,7378316869786178009
fusion8,16777216,9,557.4799,7378316869786178009
btree8,16777216,9,447.3679,7378316869786178009
fusion8_c,16777216,9,515.5212,7378316869786178009
fusion16_w,16777216,9,437.7045,7378316869786178009
sorted_array,16777216,9,891.4093,7378316869786178009
btree8_bl_a64,16777216,9,438.8351,7378316869786178009
btree16_bl_a64,16777216,9,345.4651,7378316869786178009
btree8_bl,16777216,9,449.9496,7378316869786178009
fusion8_bf,16777216,9,567.4805,7378316869786178009
btree8_a64,16777216,9,431.0516,7378316869786178009
btree8,16777216,10,436.6608,7378316869786178009
fusion16_w,16777216,10,433.0002,7378316869786178009
fusion8_c,16777216,10,528.6835,7378316869786178009
btree8_a64,16777216,10,437.1582,7378316869786178009
fusion8,16777216,10,552.7115,7378316869786178009
btree8_bl_a64,16777216,10,449.6368,7378316869786178009
sorted_array,16777216,10,933.5388,7378316869786178009
fusion8_bf,16777216,10,565.7822,7378316869786178009
btree8_bl,16777216,10,453.6484,7378316869786178009
btree16_bl_a64,16777216,10,339.4791,7378316869786178009
btree8_a64,16777216,11,443.3228,7378316869786178009
btree8,16777216,11,437.7396,7378316869786178009
fusion8_c,16777216,11,528.8361,7378316869786178009
btree8_bl_a64,16777216,11,441.3132,7378316869786178009
fusion8_bf,16777216,11,563.7787,7378316869786178009
fusion8,16777216,11,588.7741,7378316869786178009
btree8_bl,16777216,11,473.1873,7378316869786178009
fusion16_w,16777216,11,438.4033,7378316869786178009
btree16_bl_a64,16777216,11,341.1331,7378316869786178009
sorted_array,16777216,11,926.7731,7378316869786178009
fusion8_c,16777216,12,530.0858,7378316869786178009
sorted_array,16777216,12,932.5790,7378316869786178009
btree8_bl_a64,16777216,12,435.2478,7378316869786178009
btree8_bl,16777216,12,450.9018,7378316869786178009
btree16_bl_a64,16777216,12,339.7659,7378316869786178009
fusion8_bf,16777216,12,557.4524,7378316869786178009
btree8_a64,16777216,12,435.0845,7378316869786178009
fusion16_w,16777216,12,431.0974,7378316869786178009
fusion8,16777216,12,553.8635,7378316869786178009
btree8,16777216,12,437.3932,7378316869786178009
fusion16_w,16777216,13,433.9539,7378316869786178009
btree8_bl,16777216,13,454.8721,7378316869786178009
fusion8_bf,16777216,13,564.1632,7378316869786178009
btree8_bl_a64,16777216,13,449.3332,7378316869786178009
btree8_a64,16777216,13,437.0697,7378316869786178009
fusion8,16777216,13,553.2104,7378316869786178009
btree16_bl_a64,16777216,13,344.4351,7378316869786178009
sorted_array,16777216,13,939.7476,7378316869786178009
btree8,16777216,13,438.9114,7378316869786178009
fusion8_c,16777216,13,512.4420,7378316869786178009
sorted_array,16777216,14,922.6746,7378316869786178009
btree8_a64,16777216,14,431.8436,7378316869786178009
btree8_bl_a64,16777216,14,442.0517,7378316869786178009
fusion8_c,16777216,14,521.1151,7378316869786178009
btree8_bl,16777216,14,455.0720,7378316869786178009
btree8,16777216,14,441.4062,7378316869786178009
fusion16_w,16777216,14,433.9966,7378316869786178009
btree16_bl_a64,16777216,14,343.1274,7378316869786178009
fusion8,16777216,14,552.1149,7378316869786178009
fusion8_bf,16777216,14,570.8008,7378316869786178009
fusion8_c,33554432,0,516.9144,14781225337507930917
btree8_bl,33554432,0,466.7618,14781225337507930917
btree8,33554432,0,444.2734,14781225337507930917
fusion8,33554432,0,557.5577,14781225337507930917
btree8_bl_a64,33554432,0,446.8842,14781225337507930917
fusion16_w,33554432,0,612.6968,14781225337507930917
btree16_bl_a64,33554432,0,490.1657,14781225337507930917
fusion8_bf,33554432,0,560.8719,14781225337507930917
sorted_array,33554432,0,1125.0916,14781225337507930917
btree8_a64,33554432,0,433.8333,14781225337507930917
fusion16_w,33554432,1,598.0347,14781225337507930917
sorted_array,33554432,1,1164.2197,14781225337507930917
btree8_bl_a64,33554432,1,448.8907,14781225337507930917
btree8_bl,33554432,1,466.8045,14781225337507930917
fusion8,33554432,1,553.5583,14781225337507930917
btree8,33554432,1,443.5638,14781225337507930917
fusion8_bf,33554432,1,560.9787,14781225337507930917
fusion8_c,33554432,1,523.5794,14781225337507930917
btree16_bl_a64,33554432,1,477.3727,14781225337507930917
btree8_a64,33554432,1,438.1271,14781225337507930917
sorted_array,33554432,2,1128.7201,14781225337507930917
btree8,33554432,2,444.0628,14781225337507930917
fusion8_c,33554432,2,531.1478,14781225337507930917
fusion16_w,33554432,2,611.0260,14781225337507930917
btree8_a64,33554432,2,440.6067,14781225337507930917
btree16_bl_a64,33554432,2,471.5424,14781225337507930917
btree8_bl,33554432,2,474.9054,14781225337507930917
fusion8,33554432,2,558.4076,14781225337507930917
fusion8_bf,33554432,2,567.8940,14781225337507930917
btree8_bl_a64,33554432,2,445.1630,14781225337507930917
fusion16_w,33554432,3,602.5452,14781225337507930917
sorted_array,33554432,3,1142.2791,14781225337507930917
fusion8,33554432,3,556.3354,14781225337507930917
btree8_bl_a64,33554432,3,446.5729,14781225337507930917
fusion8_c,33554432,3,519.3909,14781225337507930917
btree8_a64,33554432,3,438.6093,14781225337507930917
btree8,33554432,3,436.1435,14781225337507930917
btree8_bl,33554432,3,469.2444,14781225337507930917
fusion8_bf,33554432,3,556.1691,14781225337507930917
btree16_bl_a64,33554432,3,481.7505,14781225337507930917
fusion16_w,33554432,4,605.7022,14781225337507930917
btree8_bl_a64,33554432,4,453.6896,14781225337507930917
sorted_array,33554432,4,1091.6443,14781225337507930917
btree8_bl,33554432,4,466.6611,14781225337507930917
fusion8,33554432,4,556.5521,14781225337507930917
fusion8_bf,33554432,4,567.1524,14781225337507930917
btree8,33554432,4,444.3634,14781225337507930917
fusion8_c,33554432,4,525.4410,14781225337507930917
btree8_a64,33554432,4,439.5493,14781225337507930917
btree16_bl_a64,33554432,4,471.4767,14781225337507930917
fusion8,33554432,5,559.8709,14781225337507930917
fusion8_c,33554432,5,523.0484,14781225337507930917
btree16_bl_a64,33554432,5,470.3308,14781225337507930917
btree8_a64,33554432,5,437.7151,14781225337507930917
btree8_bl_a64,33554432,5,447.5021,14781225337507930917
btree8_bl,33554432,5,470.5917,14781225337507930917
fusion16_w,33554432,5,602.8183,14781225337507930917
fusion8_bf,33554432,5,569.1406,14781225337507930917
sorted_array,33554432,5,1132.2708,14781225337507930917
btree8,33554432,5,444.1788,14781225337507930917
fusion8_bf,33554432,6,566.7007,14781225337507930917
fusion16_w,33554432,6,602.5269,14781225337507930917
btree8,33554432,6,443.6661,14781225337507930917
btree8_bl_a64,33554432,6,448.8342,14781225337507930917
fusion8_c,33554432,6,521.4874,14781225337507930917
sorted_array,33554432,6,1093.1198,14781225337507930917
fusion8,33554432,6,556.2851,14781225337507930917
btree16_bl_a64,33554432,6,470.1965,14781225337507930917
btree8_a64,33554432,6,436.7294,14781225337507930917
btree8_bl,33554432,6,470.8755,14781225337507930917
fusion16_w,33554432,7,595.6055,14781225337507930917
btree8_bl_a64,33554432,7,447.0871,14781225337507930917
btree16_bl_a64,33554432,7,474.3057,14781225337507930917
btree8_bl,33554432,7,466.6702,14781225337507930917
fusion8_c,33554432,7,511.4365,14781225337507930917
fusion8_bf,33554432,7,565.2023,14781225337507930917
sorted_array,33554432,7,1135.3668,14781225337507930917
btree8_a64,33554432,7,445.5383,14781225337507930917
fusion8,33554432,7,547.7539,14781225337507930917
btree8,33554432,7,442.0120,14781225337507930917
btree8_bl_a64,33554432,8,442.7490,14781225337507930917
fusion8_c,33554432,8,517.9398,14781225337507930917
fusion8,33554432,8,561.3708,14781225337507930917
fusion8_bf,33554432,8,558.5327,14781225337507930917
btree16_bl_a64,33554432,8,478.6270,14781225337507930917
btree8_a64,33554432,8,439.5203,14781225337507930917
sorted_array,33554432,8,1132.6233,14781225337507930917
btree8_bl,33554432,8,464.7141,14781225337507930917
btree8,33554432,8,439.5508,14781225337507930917
fusion16_w,33554432,8,605.3177,14781225337507930917
btree8_a64,33554432,9,439.7141,14781225337507930917
btree8_bl,33554432,9,464.8239,14781225337507930917
btree8,33554432,9,455.3131,14781225337507930917
btree16_bl_a64,33554432,9,487.0407,14781225337507930917
fusion8,33554432,9,566.2186,14781225337507930917
fusion8_c,33554432,9,521.0815,14781225337507930917
fusion8_bf,33554432,9,567.5583,14781225337507930917
sorted_array,33554432,9,1117.4942,14781225337507930917
btree8_bl_a64,33554432,9,449.9817,14781225337507930917
fusion16_w,33554432,9,607.5455,14781225337507930917
btree8_a64,33554432,10,437.4268,14781225337507930917
btree16_bl_a64,33554432,10,474.5880,14781225337507930917
btree8,33554432,10,446.0754,14781225337507930917
fusion16_w,33554432,10,608.2733,14781225337507930917
sorted_array,33554432,10,1129.1382,14781225337507930917
btree8_bl,33554432,10,460.8688,14781225337507930917
fusion8_c,33554432,10,524.0601,14781225337507930917
fusion8_bf,33554432,10,559.7046,14781225337507930917
fusion8,33554432,10,554.8996,14781225337507930917
btree8_bl_a64,33554432,10,451.5884,14781225337507930917
fusion8_bf,33554432,11,562.3001,14781225337507930917
fusion8,33554432,11,560.0525,14781225337507930917
btree16_bl_a64,33554432,11,471.9711,14781225337507930917
btree8_bl,33554432,11,467.2256,14781225337507930917
fusion16_w,33554432,11,598.5016,14781225337507930917
sorted_array,33554432,11,1141.0568,14781225337507930917
fusion8_c,33554432,11,518.1198,14781225337507930917
btree8,33554432,11,440.8463,14781225337507930917
btree8_a64,33554432,11,439.0823,14781225337507930917
btree8_bl_a64,33554432,11,444.0018,14781225337507930917
btree8_bl,33554432,12,462.7365,14781225337507930917
fusion8_c,33554432,12,523.6145,14781225337507930917
fusion16_w,33554432,12,618.2678,14781225337507930917
btree8_a64,33554432,12,444.7433,14781225337507930917
fusion8_bf,33554432,12,564.6225,14781225337507930917
sorted_array,33554432,12,1143.2480,14781225337507930917
fusion8,33554432,12,553.0853,14781225337507930917
btree8,33554432,12,443.9224,14781225337507930917
btree16_bl_a64,33554432,12,469.5938,14781225337507930917
btree8_bl_a64,33554432,12,445.7596,14781225337507930917
btree8_a64,33554432,13,438.7314,14781225337507930917
fusion8,33554432,13,554.9911,14781225337507930917
fusion8_bf,33554432,13,578.9215,14781225337507930917
btree8_bl_a64,33554432,13,451.9012,14781225337507930917
btree8_bl,33554432,13,474.3622,14781225337507930917
fusion8_c,33554432,13,520.5948,14781225337507930917
btree16_bl_a64,33554432,13,473.8144,14781225337507930917
sorted_array,33554432,13,1132.9132,14781225337507930917
btree8,33554432,13,435.8597,14781225337507930917
fusion16_w,33554432,13,603.5614,14781225337507930917
fusion16_w,33554432,14,531.5750,14781225337507930917
btree8_bl_a64,33554432,14,449.4980,14781225337507930917
fusion8_c,33554432,14,521.4417,14781225337507930917
btree8_a64,33554432,14,437.8738,14781225337507930917
sorted_array,33554432,14,1122.9813,14781225337507930917
fusion8,33554432,14,550.9415,14781225337507930917
btree16_bl_a64,33554432,14,470.7535,14781225337507930917
btree8_bl,33554432,14,469.0536,14781225337507930917
fusion8_bf,33554432,14,558.5403,14781225337507930917
btree8,33554432,14,447.7844,14781225337507930917
