structure,n,rep,ns_per_query,checksum
fusion8,256,0,36.9125,4651152958151299108
fusion8_c,256,0,35.2386,4651152958151299108
btree8_a64,256,0,18.9041,4651152958151299108
btree16_bl_a64,256,0,4.9469,4651152958151299108
btree8,256,0,21.7407,4651152958151299108
btree8_bl,256,0,13.8580,4651152958151299108
fusion16_w,256,0,26.6373,4651152958151299108
fusion8_bf,256,0,37.4039,4651152958151299108
btree8_bl_a64,256,0,12.7014,4651152958151299108
sorted_array,256,0,22.6913,4651152958151299108
btree8_bl,256,1,13.4766,4651152958151299108
fusion8,256,1,38.9999,4651152958151299108
btree16_bl_a64,256,1,4.9469,4651152958151299108
fusion16_w,256,1,26.6281,4651152958151299108
btree8_bl_a64,256,1,12.6083,4651152958151299108
btree8_a64,256,1,20.2560,4651152958151299108
fusion8_c,256,1,35.8948,4651152958151299108
sorted_array,256,1,22.7768,4651152958151299108
btree8,256,1,20.5383,4651152958151299108
fusion8_bf,256,1,36.6852,4651152958151299108
btree8_bl,256,2,13.5101,4651152958151299108
sorted_array,256,2,22.3419,4651152958151299108
btree16_bl_a64,256,2,4.7852,4651152958151299108
fusion8_c,256,2,35.5240,4651152958151299108
btree8_a64,256,2,19.0552,4651152958151299108
btree8,256,2,20.5795,4651152958151299108
fusion16_w,256,2,26.6602,4651152958151299108
fusion8,256,2,36.8652,4651152958151299108
fusion8_bf,256,2,36.6394,4651152958151299108
btree8_bl_a64,256,2,12.6343,4651152958151299108
fusion8_c,256,3,35.1288,4651152958151299108
fusion8_bf,256,3,36.5143,4651152958151299108
btree16_bl_a64,256,3,4.7684,4651152958151299108
btree8_bl_a64,256,3,12.6007,4651152958151299108
fusion8,256,3,36.6257,4651152958151299108
btree8,256,3,23.2910,4651152958151299108
sorted_array,256,3,22.8226,4651152958151299108
fusion16_w,256,3,26.8585,4651152958151299108
btree8_a64,256,3,20.1889,4651152958151299108
btree8_bl,256,3,13.4171,4651152958151299108
btree8_bl,256,4,13.3011,4651152958151299108
fusion16_w,256,4,26.2039,4651152958151299108
btree8_bl_a64,256,4,12.5214,4651152958151299108
btree16_bl_a64,256,4,4.6799,4651152958151299108
btree8,256,4,21.1807,4651152958151299108
fusion8,256,4,36.6531,4651152958151299108
fusion8_c,256,4,35.3058,4651152958151299108
fusion8_bf,256,4,36.4471,4651152958151299108
sorted_array,256,4,22.4304,4651152958151299108
btree8_a64,256,4,19.0186,4651152958151299108
fusion8_bf,256,5,36.5204,4651152958151299108
btree8,256,5,20.2866,4651152958151299108
btree8_a64,256,5,20.4742,4651152958151299108
btree8_bl,256,5,13.2797,4651152958151299108
btree16_bl_a64,256,5,4.7180,4651152958151299108
fusion8,256,5,36.7737,4651152958151299108
fusion16_w,256,5,26.7136,4651152958151299108
sorted_array,256,5,23.0347,4651152958151299108
btree8_bl_a64,256,5,12.6404,4651152958151299108
fusion8_c,256,5,35.8337,4651152958151299108
fusion8,256,6,36.6531,4651152958151299108
btree8_a64,256,6,20.6894,4651152958151299108
sorted_array,256,6,22.3022,4651152958151299108
btree8_bl,256,6,13.4232,4651152958151299108
btree16_bl_a64,256,6,4.8065,4651152958151299108
fusion8_bf,256,6,36.6211,4651152958151299108
fusion16_w,256,6,26.5549,4651152958151299108
btree8_bl_a64,256,6,12.8250,4651152958151299108
fusion8_c,256,6,36.0001,4651152958151299108
btree8,256,6,20.3430,4651152958151299108
fusion8_c,256,7,35.1440,4651152958151299108
fusion8_bf,256,7,36.5662,4651152958151299108
sorted_array,256,7,22.2580,4651152958151299108
btree8_bl,256,7,13.3911,4651152958151299108
btree8,256,7,22.6929,4651152958151299108
fusion16_w,256,7,26.1963,4651152958151299108
btree8_a64,256,7,19.4565,4651152958151299108
fusion8,256,7,37.4237,4651152958151299108
btree8_bl_a64,256,7,12.4557,4651152958151299108
btree16_bl_a64,256,7,4.9667,4651152958151299108
fusion8_c,256,8,35.6384,4651152958151299108
btree8_bl,256,8,13.6566,4651152958151299108
btree16_bl_a64,256,8,4.7394,4651152958151299108
fusion16_w,256,8,26.3229,4651152958151299108
btree8_bl_a64,256,8,12.3978,4651152958151299108
btree8,256,8,20.6039,4651152958151299108
btree8_a64,256,8,20.4727,4651152958151299108
fusion8_bf,256,8,37.1597,4651152958151299108
fusion8,256,8,37.1231,4651152958151299108
sorted_array,256,8,23.8785,4651152958151299108
fusion8_bf,256,9,36.7203,4651152958151299108
sorted_array,256,9,22.2656,4651152958151299108
btree8,256,9,20.1996,4651152958151299108
btree8_a64,256,9,19.7906,4651152958151299108
fusion16_w,256,9,26.4999,4651152958151299108
btree8_bl,256,9,13.5880,4651152958151299108
btree8_bl_a64,256,9,12.8372,4651152958151299108
btree16_bl_a64,256,9,4.9576,4651152958151299108
fusion8_c,256,9,35.4431,4651152958151299108
fusion8,256,9,36.6928,4651152958151299108
fusion8,256,10,36.1938,4651152958151299108
btree16_bl_a64,256,10,4.7424,4651152958151299108
btree8_bl_a64,256,10,12.4969,4651152958151299108
sorted_array,256,10,22.3373,4651152958151299108
fusion16_w,256,10,26.3519,4651152958151299108
btree8_bl,256,10,13.4872,4651152958151299108
fusion8_c,256,10,36.0001,4651152958151299108
btree8_a64,256,10,18.9407,4651152958151299108
btree8,256,10,22.1359,4651152958151299108
fusion8_bf,256,10,36.6348,4651152958151299108
fusion8,256,11,36.8164,4651152958151299108
btree8_a64,256,11,20.9946,4651152958151299108
fusion8_bf,256,11,36.6501,4651152958151299108
btree8,256,11,20.3049,4651152958151299108
btree8_bl_a64,256,11,12.5946,4651152958151299108
btree8_bl,256,11,13.6856,4651152958151299108
sorted_array,256,11,22.1710,4651152958151299108
fusion8_c,256,11,35.3088,4651152958151299108
btree16_bl_a64,256,11,4.6539,4651152958151299108
fusion16_w,256,11,26.7914,4651152958151299108
btree8_bl,256,12,13.5971,4651152958151299108
fusion16_w,256,12,26.2146,4651152958151299108
fusion8_bf,256,12,36.5219,4651152958151299108
fusion8,256,12,37.0117,4651152958151299108
sorted_array,256,12,22.6669,4651152958151299108
btree8_a64,256,12,20.6329,4651152958151299108
btree8_bl_a64,256,12,12.5183,4651152958151299108
fusion8_c,256,12,35.2081,4651152958151299108
btree16_bl_a64,256,12,4.7577,4651152958151299108
btree8,256,12,21.0571,4651152958151299108
fusion8,256,13,36.6669,4651152958151299108
fusion16_w,256,13,26.2268,4651152958151299108
btree8_a64,256,13,19.8044,4651152958151299108
fusion8_c,256,13,35.2585,4651152958151299108
btree8,256,13,19.9219,4651152958151299108
btree8_bl,256,13,13.2980,4651152958151299108
fusion8_bf,256,13,36.6287,4651152958151299108
btree16_bl_a64,256,13,4.6631,4651152958151299108
btree8_bl_a64,256,13,12.3871,4651152958151299108
sorted_array,256,13,22.2443,4651152958151299108
btree8_bl_a64,256,14,12.2513,4651152958151299108
fusion16_w,256,14,26.4679,4651152958151299108
btree8,256,14,20.5933,4651152958151299108
btree8_a64,256,14,19.9417,4651152958151299108
sorted_array,256,14,22.8165,4651152958151299108
btree8_bl,256,14,13.6902,4651152958151299108
btree16_bl_a64,256,14,4.9316,4651152958151299108
fusion8_bf,256,14,37.3947,4651152958151299108
fusion8,256,14,36.8149,4651152958151299108
fusion8_c,256,14,35.2676,4651152958151299108
fusion8_c,512,0,36.8103,5099789511540172029
btree8,512,0,23.7228,5099789511540172029
btree8_a64,512,0,21.4828,5099789511540172029
btree8_bl,512,0,9.9533,5099789511540172029
btree8_bl_a64,512,0,9.2484,5099789511540172029
fusion8,512,0,36.9156,5099789511540172029
sorted_array,512,0,30.2399,5099789511540172029
btree16_bl_a64,512,0,15.7669,5099789511540172029
fusion8_bf,512,0,37.7319,5099789511540172029
fusion16_w,512,0,41.3147,5099789511540172029
btree8_a64,512,1,22.8622,5099789511540172029
btree8,512,1,23.9212,5099789511540172029
fusion16_w,512,1,40.5533,5099789511540172029
fusion8,512,1,37.0483,5099789511540172029
btree8_bl,512,1,10.1929,5099789511540172029
btree16_bl_a64,512,1,15.7196,5099789511540172029
btree8_bl_a64,512,1,9.1431,5099789511540172029
fusion8_bf,512,1,37.7975,5099789511540172029
fusion8_c,512,1,36.3388,5099789511540172029
sorted_array,512,1,28.1525,5099789511540172029
fusion16_w,512,2,41.1514,5099789511540172029
btree8_bl_a64,512,2,9.2621,5099789511540172029
btree16_bl_a64,512,2,15.9714,5099789511540172029
fusion8_c,512,2,36.3144,5099789511540172029
fusion8_bf,512,2,37.6678,5099789511540172029
btree8_bl,512,2,9.9686,5099789511540172029
fusion8,512,2,36.6943,5099789511540172029
sorted_array,512,2,30.2094,5099789511540172029
btree8,512,2,23.7381,5099789511540172029
btree8_a64,512,2,27.1378,5099789511540172029
btree8_bl_a64,512,3,9.5474,5099789511540172029
btree8_a64,512,3,22.6624,5099789511540172029
sorted_array,512,3,28.5385,5099789511540172029
fusion8_c,512,3,37.0346,5099789511540172029
btree8,512,3,25.4288,5099789511540172029
fusion8,512,3,36.6989,5099789511540172029
fusion8_bf,512,3,37.8754,5099789511540172029
btree8_bl,512,3,10.2203,5099789511540172029
fusion16_w,512,3,41.4124,5099789511540172029
btree16_bl_a64,512,3,15.7913,5099789511540172029
fusion8_c,512,4,36.1679,5099789511540172029
btree8_bl,512,4,9.9304,5099789511540172029
btree16_bl_a64,512,4,15.6265,5099789511540172029
btree8,512,4,24.4003,5099789511540172029
btree8_bl_a64,512,4,9.2545,5099789511540172029
sorted_array,512,4,28.7354,5099789511540172029
btree8_a64,512,4,25.0565,5099789511540172029
fusion8_bf,512,4,37.9501,5099789511540172029
fusion16_w,512,4,40.7196,5099789511540172029
fusion8,512,4,36.6119,5099789511540172029
btree8_bl_a64,512,5,9.3826,5099789511540172029
btree8_bl,512,5,9.9304,5099789511540172029
fusion8_c,512,5,36.2961,5099789511540172029
btree16_bl_a64,512,5,16.0492,5099789511540172029
btree8,512,5,23.4955,5099789511540172029
btree8_a64,512,5,24.6979,5099789511540172029
fusion16_w,512,5,41.7679,5099789511540172029
sorted_array,512,5,28.9917,5099789511540172029
fusion8_bf,512,5,38.6948,5099789511540172029
fusion8,512,5,37.0636,5099789511540172029
fusion8,512,6,36.7355,5099789511540172029
btree8,512,6,30.4276,5099789511540172029
sorted_array,512,6,28.2059,5099789511540172029
btree16_bl_a64,512,6,15.9729,5099789511540172029
fusion16_w,512,6,43.6493,5099789511540172029
fusion8_c,512,6,36.4014,5099789511540172029
btree8_bl_a64,512,6,9.2834,5099789511540172029
btree8_a64,512,6,23.2483,5099789511540172029
btree8_bl,512,6,9.8083,5099789511540172029
fusion8_bf,512,6,38.3514,5099789511540172029
btree8,512,7,23.4772,5099789511540172029
btree8_a64,512,7,23.8632,5099789511540172029
fusion8_c,512,7,36.4059,5099789511540172029
fusion8_bf,512,7,37.8815,5099789511540172029
fusion8,512,7,36.7950,5099789511540172029
btree8_bl_a64,512,7,9.2758,5099789511540172029
fusion16_w,512,7,40.8478,5099789511540172029
btree16_bl_a64,512,7,15.9500,5099789511540172029
sorted_array,512,7,28.4027,5099789511540172029
btree8_bl,512,7,9.9213,5099789511540172029
sorted_array,512,8,27.6306,5099789511540172029
btree8_bl,512,8,9.8083,5099789511540172029
btree8_bl_a64,512,8,9.0897,5099789511540172029
btree16_bl_a64,512,8,15.7455,5099789511540172029
fusion8_bf,512,8,38.3926,5099789511540172029
fusion8,512,8,37.1033,5099789511540172029
fusion16_w,512,8,43.1320,5099789511540172029
fusion8_c,512,8,36.2961,5099789511540172029
btree8_a64,512,8,21.5897,5099789511540172029
btree8,512,8,25.5585,5099789511540172029
btree8_bl_a64,512,9,9.3063,5099789511540172029
btree8,512,9,23.8129,5099789511540172029
fusion16_w,512,9,41.3589,5099789511540172029
fusion8_c,512,9,37.0895,5099789511540172029
sorted_array,512,9,28.6026,5099789511540172029
btree8_a64,512,9,23.0301,5099789511540172029
btree16_bl_a64,512,9,15.9515,5099789511540172029
fusion8,512,9,36.7722,5099789511540172029
btree8_bl,512,9,9.8541,5099789511540172029
fusion8_bf,512,9,37.7808,5099789511540172029
btree8_bl,512,10,9.9136,5099789511540172029
btree8,512,10,23.2910,5099789511540172029
fusion8_c,512,10,37.0071,5099789511540172029
btree8_bl_a64,512,10,9.4330,5099789511540172029
btree8_a64,512,10,22.1878,5099789511540172029
sorted_array,512,10,28.4744,5099789511540172029
fusion16_w,512,10,40.9088,5099789511540172029
fusion8,512,10,36.7920,5099789511540172029
btree16_bl_a64,512,10,15.8020,5099789511540172029
fusion8_bf,512,10,37.7655,5099789511540172029
btree8_bl_a64,512,11,9.3475,5099789511540172029
fusion8_bf,512,11,38.0981,5099789511540172029
fusion8_c,512,11,36.4944,5099789511540172029
btree8_a64,512,11,21.6293,5099789511540172029
btree8_bl,512,11,9.8038,5099789511540172029
btree16_bl_a64,512,11,15.6158,5099789511540172029
fusion8,512,11,36.8744,5099789511540172029
fusion16_w,512,11,42.6071,5099789511540172029
sorted_array,512,11,28.3691,5099789511540172029
btree8,512,11,26.0544,5099789511540172029
btree8_bl_a64,512,12,9.0866,5099789511540172029
fusion8_bf,512,12,37.6862,5099789511540172029
fusion8_c,512,12,36.1923,5099789511540172029
btree8,512,12,22.8455,5099789511540172029
fusion8,512,12,36.8393,5099789511540172029
btree8_bl,512,12,9.9319,5099789511540172029
btree16_bl_a64,512,12,15.6815,5099789511540172029
btree8_a64,512,12,22.8317,5099789511540172029
sorted_array,512,12,28.2303,5099789511540172029
fusion16_w,512,12,42.6376,5099789511540172029
btree8,512,13,24.8199,5099789511540172029
fusion16_w,512,13,40.7959,5099789511540172029
btree8_a64,512,13,21.8887,5099789511540172029
sorted_array,512,13,28.2883,5099789511540172029
fusion8_bf,512,13,37.8220,5099789511540172029
fusion8,512,13,36.7615,5099789511540172029
btree8_bl,512,13,9.8755,5099789511540172029
btree16_bl_a64,512,13,15.9271,5099789511540172029
btree8_bl_a64,512,13,9.2697,5099789511540172029
fusion8_c,512,13,36.9904,5099789511540172029
btree8_bl_a64,512,14,9.2667,5099789511540172029
fusion8_bf,512,14,37.7563,5099789511540172029
btree8_a64,512,14,21.7743,5099789511540172029
btree8_bl,512,14,9.9091,5099789511540172029
btree16_bl_a64,512,14,15.6219,5099789511540172029
fusion16_w,512,14,41.3498,5099789511540172029
btree8,512,14,24.0784,5099789511540172029
fusion8_c,512,14,36.3998,5099789511540172029
sorted_array,512,14,28.8376,5099789511540172029
fusion8,512,14,39.8590,5099789511540172029
btree8,1024,0,28.0533,16675351655752164294
fusion16_w,1024,0,45.2332,16675351655752164294
btree8_a64,1024,0,26.9791,16675351655752164294
btree8_bl,1024,0,23.0667,16675351655752164294
fusion8_bf,1024,0,49.4614,16675351655752164294
fusion8,1024,0,46.3760,16675351655752164294
btree8_bl_a64,1024,0,21.1395,16675351655752164294
fusion8_c,1024,0,50.1007,16675351655752164294
sorted_array,1024,0,34.1629,16675351655752164294
btree16_bl_a64,1024,0,11.9781,16675351655752164294
btree8,1024,1,27.9633,16675351655752164294
fusion8,1024,1,46.0724,16675351655752164294
fusion8_bf,1024,1,49.8276,16675351655752164294
fusion8_c,1024,1,47.3434,16675351655752164294
fusion16_w,1024,1,45.1599,16675351655752164294
btree8_bl,1024,1,23.2941,16675351655752164294
sorted_array,1024,1,34.6344,16675351655752164294
btree16_bl_a64,1024,1,12.9547,16675351655752164294
btree8_bl_a64,1024,1,21.1349,16675351655752164294
btree8_a64,1024,1,27.0355,16675351655752164294
btree8,1024,2,28.7201,16675351655752164294
fusion8_bf,1024,2,49.4476,16675351655752164294
btree8_a64,1024,2,26.9669,16675351655752164294
btree8_bl,1024,2,22.9874,16675351655752164294
btree16_bl_a64,1024,2,11.5234,16675351655752164294
fusion8_c,1024,2,47.5204,16675351655752164294
fusion16_w,1024,2,44.9982,16675351655752164294
fusion8,1024,2,45.5185,16675351655752164294
sorted_array,1024,2,34.6222,16675351655752164294
btree8_bl_a64,1024,2,21.4844,16675351655752164294
sorted_array,1024,3,34.0729,16675351655752164294
fusion8_c,1024,3,51.2070,16675351655752164294
fusion16_w,1024,3,45.1202,16675351655752164294
btree16_bl_a64,1024,3,11.6043,16675351655752164294
fusion8,1024,3,45.5002,16675351655752164294
btree8_bl_a64,1024,3,21.2402,16675351655752164294
btree8_a64,1024,3,29.6494,16675351655752164294
fusion8_bf,1024,3,49.6643,16675351655752164294
btree8_bl,1024,3,22.9630,16675351655752164294
btree8,1024,3,29.3732,16675351655752164294
btree8_a64,1024,4,27.2415,16675351655752164294
btree8,1024,4,28.8895,16675351655752164294
fusion8_c,1024,4,47.6700,16675351655752164294
btree8_bl,1024,4,22.7829,16675351655752164294
sorted_array,1024,4,34.0790,16675351655752164294
fusion8_bf,1024,4,50.7889,16675351655752164294
btree8_bl_a64,1024,4,21.6278,16675351655752164294
btree16_bl_a64,1024,4,11.6898,16675351655752164294
fusion16_w,1024,4,45.1279,16675351655752164294
fusion8,1024,4,45.8649,16675351655752164294
fusion8,1024,5,45.6833,16675351655752164294
btree16_bl_a64,1024,5,11.7950,16675351655752164294
fusion16_w,1024,5,45.4834,16675351655752164294
btree8_bl,1024,5,23.3841,16675351655752164294
btree8_a64,1024,5,29.6188,16675351655752164294
fusion8_c,1024,5,47.7142,16675351655752164294
btree8,1024,5,27.3148,16675351655752164294
fusion8_bf,1024,5,49.3256,16675351655752164294
btree8_bl_a64,1024,5,21.1365,16675351655752164294
sorted_array,1024,5,34.0408,16675351655752164294
fusion16_w,1024,6,48.1552,16675351655752164294
btree8_bl,1024,6,23.0164,16675351655752164294
fusion8,1024,6,45.7687,16675351655752164294
btree8_a64,1024,6,27.9114,16675351655752164294
btree8,1024,6,29.6661,16675351655752164294
fusion8_c,1024,6,47.6456,16675351655752164294
sorted_array,1024,6,34.5551,16675351655752164294
btree8_bl_a64,1024,6,21.6400,16675351655752164294
btree16_bl_a64,1024,6,11.7020,16675351655752164294
fusion8_bf,1024,6,49.8856,16675351655752164294
sorted_array,1024,7,33.4625,16675351655752164294
fusion8_c,1024,7,49.5529,16675351655752164294
fusion8,1024,7,45.8160,16675351655752164294
btree16_bl_a64,1024,7,12.2620,16675351655752164294
fusion16_w,1024,7,46.3486,16675351655752164294
btree8,1024,7,29.8080,16675351655752164294
btree8_bl_a64,1024,7,21.5790,16675351655752164294
btree8_bl,1024,7,23.2040,16675351655752164294
btree8_a64,1024,7,25.6424,16675351655752164294
fusion8_bf,1024,7,49.4995,16675351655752164294
fusion8,1024,8,45.9946,16675351655752164294
btree8_bl,1024,8,22.9156,16675351655752164294
btree8_bl_a64,1024,8,21.3165,16675351655752164294
fusion8_c,1024,8,49.3973,16675351655752164294
fusion8_bf,1024,8,50.6821,16675351655752164294
btree16_bl_a64,1024,8,11.7844,16675351655752164294
sorted_array,1024,8,33.8089,16675351655752164294
btree8_a64,1024,8,25.9216,16675351655752164294
fusion16_w,1024,8,45.9930,16675351655752164294
btree8,1024,8,29.1260,16675351655752164294
fusion16_w,1024,9,45.8832,16675351655752164294
fusion8,1024,9,47.3434,16675351655752164294
btree8_a64,1024,9,25.4059,16675351655752164294
fusion8_bf,1024,9,49.5422,16675351655752164294
btree16_bl_a64,1024,9,11.7828,16675351655752164294
btree8_bl_a64,1024,9,21.1151,16675351655752164294
btree8_bl,1024,9,23.1613,16675351655752164294
fusion8_c,1024,9,49.4858,16675351655752164294
btree8,1024,9,27.7802,16675351655752164294
sorted_array,1024,9,34.0088,16675351655752164294
fusion8,1024,10,49.7879,16675351655752164294
btree16_bl_a64,1024,10,11.7142,16675351655752164294
fusion8_c,1024,10,48.1934,16675351655752164294
fusion8_bf,1024,10,50.4623,16675351655752164294
fusion16_w,1024,10,45.9702,16675351655752164294
btree8,1024,10,28.9780,16675351655752164294
sorted_array,1024,10,33.9020,16675351655752164294
btree8_bl,1024,10,23.5229,16675351655752164294
btree8_a64,1024,10,26.5259,16675351655752164294
btree8_bl_a64,1024,10,21.2158,16675351655752164294
btree8_bl_a64,1024,11,21.3791,16675351655752164294
sorted_array,1024,11,34.4452,16675351655752164294
btree8,1024,11,33.1009,16675351655752164294
fusion8,1024,11,46.0922,16675351655752164294
fusion8_bf,1024,11,50.8133,16675351655752164294
btree16_bl_a64,1024,11,12.1429,16675351655752164294
fusion16_w,1024,11,45.0653,16675351655752164294
btree8_a64,1024,11,27.0477,16675351655752164294
fusion8_c,1024,11,48.5809,16675351655752164294
btree8_bl,1024,11,23.4543,16675351655752164294
fusion16_w,1024,12,45.3049,16675351655752164294
fusion8,1024,12,45.4636,16675351655752164294
btree16_bl_a64,1024,12,11.8439,16675351655752164294
fusion8_bf,1024,12,50.4501,16675351655752164294
btree8_a64,1024,12,27.4399,16675351655752164294
sorted_array,1024,12,34.5200,16675351655752164294
btree8_bl_a64,1024,12,21.6843,16675351655752164294
btree8_bl,1024,12,22.9996,16675351655752164294
btree8,1024,12,30.8945,16675351655752164294
fusion8_c,1024,12,48.0743,16675351655752164294
btree8_bl,1024,13,23.2056,16675351655752164294
btree8,1024,13,29.6936,16675351655752164294
fusion16_w,1024,13,46.0999,16675351655752164294
sorted_array,1024,13,34.7763,16675351655752164294
btree8_bl_a64,1024,13,21.7316,16675351655752164294
fusion8_bf,1024,13,49.5819,16675351655752164294
btree16_bl_a64,1024,13,11.5067,16675351655752164294
fusion8_c,1024,13,47.5693,16675351655752164294
btree8_a64,1024,13,28.5873,16675351655752164294
fusion8,1024,13,46.1838,16675351655752164294
btree16_bl_a64,1024,14,11.9415,16675351655752164294
fusion8,1024,14,45.5551,16675351655752164294
sorted_array,1024,14,34.7900,16675351655752164294
fusion8_c,1024,14,49.2050,16675351655752164294
btree8,1024,14,28.6484,16675351655752164294
btree8_bl_a64,1024,14,21.4142,16675351655752164294
btree8_bl,1024,14,23.5443,16675351655752164294
fusion16_w,1024,14,46.6309,16675351655752164294
btree8_a64,1024,14,27.2888,16675351655752164294
fusion8_bf,1024,14,49.4949,16675351655752164294
fusion8,2048,0,53.7369,12960468969644381222
fusion16_w,2048,0,48.4634,12960468969644381222
btree8_bl_a64,2048,0,17.8253,12960468969644381222
btree8_bl,2048,0,19.7342,12960468969644381222
fusion8_c,2048,0,51.8982,12960468969644381222
btree16_bl_a64,2048,0,9.5230,12960468969644381222
sorted_array,2048,0,38.7573,12960468969644381222
btree8_a64,2048,0,31.3721,12960468969644381222
btree8,2048,0,32.5150,12960468969644381222
fusion8_bf,2048,0,54.8248,12960468969644381222
fusion8,2048,1,54.2847,12960468969644381222
btree16_bl_a64,2048,1,9.6100,12960468969644381222
sorted_array,2048,1,38.6566,12960468969644381222
btree8_a64,2048,1,33.2336,12960468969644381222
btree8,2048,1,31.1066,12960468969644381222
fusion16_w,2048,1,46.8933,12960468969644381222
fusion8_bf,2048,1,54.7409,12960468969644381222
fusion8_c,2048,1,51.7853,12960468969644381222
btree8_bl,2048,1,19.9478,12960468969644381222
btree8_bl_a64,2048,1,17.9626,12960468969644381222
fusion16_w,2048,2,46.8842,12960468969644381222
btree16_bl_a64,2048,2,9.5093,12960468969644381222
btree8,2048,2,31.4926,12960468969644381222
fusion8_c,2048,2,52.0004,12960468969644381222
sorted_array,2048,2,38.9221,12960468969644381222
btree8_a64,2048,2,30.2490,12960468969644381222
fusion8,2048,2,55.1392,12960468969644381222
fusion8_bf,2048,2,54.9805,12960468969644381222
btree8_bl,2048,2,19.6808,12960468969644381222
btree8_bl_a64,2048,2,17.9276,12960468969644381222
btree8_bl,2048,3,19.8441,12960468969644381222
fusion8_c,2048,3,51.9348,12960468969644381222
sorted_array,2048,3,38.8412,12960468969644381222
btree8_a64,2048,3,31.4682,12960468969644381222
fusion8_bf,2048,3,54.3961,12960468969644381222
btree16_bl_a64,2048,3,9.4788,12960468969644381222
btree8_bl_a64,2048,3,17.9001,12960468969644381222
btree8,2048,3,32.6355,12960468969644381222
fusion16_w,2048,3,48.1750,12960468969644381222
fusion8,2048,3,54.7928,12960468969644381222
btree16_bl_a64,2048,4,9.8114,12960468969644381222
sorted_array,2048,4,39.3295,12960468969644381222
fusion16_w,2048,4,48.6649,12960468969644381222
btree8_bl,2048,4,20.1019,12960468969644381222
btree8_bl_a64,2048,4,18.1503,12960468969644381222
fusion8,2048,4,55.5969,12960468969644381222
btree8_a64,2048,4,31.1386,12960468969644381222
fusion8_bf,2048,4,55.4031,12960468969644381222
btree8,2048,4,31.8329,12960468969644381222
fusion8_c,2048,4,51.9165,12960468969644381222
fusion8,2048,5,53.9917,12960468969644381222
btree8_bl,2048,5,19.7540,12960468969644381222
btree8,2048,5,33.2016,12960468969644381222
fusion8_c,2048,5,51.9028,12960468969644381222
sorted_array,2048,5,38.8519,12960468969644381222
btree8_a64,2048,5,29.8096,12960468969644381222
btree16_bl_a64,2048,5,9.4574,12960468969644381222
btree8_bl_a64,2048,5,17.9459,12960468969644381222
fusion8_bf,2048,5,54.5105,12960468969644381222
fusion16_w,2048,5,47.9218,12960468969644381222
btree8,2048,6,31.6147,12960468969644381222
sorted_array,2048,6,38.9130,12960468969644381222
fusion8,2048,6,53.7079,12960468969644381222
btree8_bl_a64,2048,6,17.6407,12960468969644381222
fusion8_c,2048,6,52.2507,12960468969644381222
fusion8_bf,2048,6,54.2587,12960468969644381222
fusion16_w,2048,6,46.9955,12960468969644381222
btree16_bl_a64,2048,6,9.4910,12960468969644381222
btree8_a64,2048,6,30.8929,12960468969644381222
btree8_bl,2048,6,19.8318,12960468969644381222
fusion8_bf,2048,7,54.4220,12960468969644381222
btree8,2048,7,31.2195,12960468969644381222
btree8_bl,2048,7,19.6625,12960468969644381222
btree16_bl_a64,2048,7,9.5367,12960468969644381222
btree8_bl_a64,2048,7,17.9092,12960468969644381222
fusion8_c,2048,7,51.9104,12960468969644381222
btree8_a64,2048,7,30.0842,12960468969644381222
sorted_array,2048,7,38.7039,12960468969644381222
fusion16_w,2048,7,48.8388,12960468969644381222
fusion8,2048,7,57.0892,12960468969644381222
fusion16_w,2048,8,48.0408,12960468969644381222
btree8,2048,8,33.3862,12960468969644381222
btree8_bl_a64,2048,8,17.8528,12960468969644381222
fusion8_c,2048,8,51.9333,12960468969644381222
btree8_bl,2048,8,19.8090,12960468969644381222
btree8_a64,2048,8,30.3680,12960468969644381222
fusion8_bf,2048,8,54.3915,12960468969644381222
btree16_bl_a64,2048,8,9.5261,12960468969644381222
sorted_array,2048,8,38.9587,12960468969644381222
fusion8,2048,8,53.7933,12960468969644381222
btree8_a64,2048,9,31.1905,12960468969644381222
fusion8,2048,9,53.2257,12960468969644381222
btree8,2048,9,32.6630,12960468969644381222
fusion16_w,2048,9,46.9803,12960468969644381222
btree16_bl_a64,2048,9,9.5078,12960468969644381222
btree8_bl,2048,9,19.7845,12960468969644381222
btree8_bl_a64,2048,9,17.8802,12960468969644381222
fusion8_bf,2048,9,54.2969,12960468969644381222
sorted_array,2048,9,38.6856,12960468969644381222
fusion8_c,2048,9,53.6987,12960468969644381222
btree16_bl_a64,2048,10,9.6970,12960468969644381222
sorted_array,2048,10,38.8794,12960468969644381222
btree8_bl,2048,10,20.2133,12960468969644381222
fusion8_c,2048,10,52.4887,12960468969644381222
fusion8,2048,10,54.2770,12960468969644381222
btree8,2048,10,32.2464,12960468969644381222
fusion16_w,2048,10,48.2742,12960468969644381222
btree8_bl_a64,2048,10,17.8009,12960468969644381222
fusion8_bf,2048,10,54.4281,12960468969644381222
btree8_a64,2048,10,30.2750,12960468969644381222
btree8,2048,11,31.2057,12960468969644381222
btree8_bl_a64,2048,11,17.6025,12960468969644381222
btree8_a64,2048,11,30.6808,12960468969644381222
fusion8_bf,2048,11,54.2725,12960468969644381222
btree8_bl,2048,11,20.0974,12960468969644381222
fusion8_c,2048,11,51.8204,12960468969644381222
fusion16_w,2048,11,47.0276,12960468969644381222
btree16_bl_a64,2048,11,9.5108,12960468969644381222
fusion8,2048,11,54.4693,12960468969644381222
sorted_array,2048,11,39.2746,12960468969644381222
sorted_array,2048,12,39.1876,12960468969644381222
btree16_bl_a64,2048,12,9.8312,12960468969644381222
btree8_bl_a64,2048,12,18.1122,12960468969644381222
fusion8_c,2048,12,52.0126,12960468969644381222
btree8_bl,2048,12,20.1691,12960468969644381222
btree8,2048,12,32.0435,12960468969644381222
fusion8_bf,2048,12,54.8569,12960468969644381222
fusion16_w,2048,12,47.8424,12960468969644381222
btree8_a64,2048,12,31.0730,12960468969644381222
fusion8,2048,12,53.7430,12960468969644381222
fusion16_w,2048,13,47.8928,12960468969644381222
btree8_bl,2048,13,19.7281,12960468969644381222
fusion8,2048,13,53.2501,12960468969644381222
btree16_bl_a64,2048,13,9.6405,12960468969644381222
fusion8_c,2048,13,51.9119,12960468969644381222
btree8_a64,2048,13,29.1245,12960468969644381222
btree8,2048,13,32.5943,12960468969644381222
sorted_array,2048,13,38.5986,12960468969644381222
btree8_bl_a64,2048,13,17.9489,12960468969644381222
fusion8_bf,2048,13,55.4611,12960468969644381222
btree8_bl,2048,14,19.6335,12960468969644381222
btree16_bl_a64,2048,14,9.9106,12960468969644381222
btree8,2048,14,31.2866,12960468969644381222
fusion8_bf,2048,14,54.3976,12960468969644381222
fusion8,2048,14,53.9658,12960468969644381222
btree8_a64,2048,14,30.9525,12960468969644381222
btree8_bl_a64,2048,14,17.8253,12960468969644381222
sorted_array,2048,14,39.0167,12960468969644381222
fusion16_w,2048,14,46.9696,12960468969644381222
fusion8_c,2048,14,51.7654,12960468969644381222
sorted_array,4096,0,43.5303,4803135936880507992
btree8,4096,0,35.6064,4803135936880507992
fusion8_c,4096,0,52.9129,4803135936880507992
fusion8_bf,4096,0,55.6763,4803135936880507992
btree8_bl,4096,0,14.7812,4803135936880507992
fusion16_w,4096,0,45.3705,4803135936880507992
fusion8,4096,0,55.1331,4803135936880507992
btree8_bl_a64,4096,0,13.6978,4803135936880507992
btree16_bl_a64,4096,0,8.0948,4803135936880507992
btree8_a64,4096,0,31.5811,4803135936880507992
fusion16_w,4096,1,45.3796,4803135936880507992
btree16_bl_a64,4096,1,7.9865,4803135936880507992
btree8_bl,4096,1,14.9124,4803135936880507992
btree8_bl_a64,4096,1,13.7329,4803135936880507992
btree8_a64,4096,1,32.0816,4803135936880507992
fusion8_bf,4096,1,55.6244,4803135936880507992
sorted_array,4096,1,42.7719,4803135936880507992
fusion8_c,4096,1,53.9520,4803135936880507992
fusion8,4096,1,55.2475,4803135936880507992
btree8,4096,1,38.6398,4803135936880507992
btree8_bl,4096,2,15.0803,4803135936880507992
fusion8_bf,4096,2,56.8039,4803135936880507992
btree8_bl_a64,4096,2,13.7741,4803135936880507992
fusion16_w,4096,2,45.5505,4803135936880507992
btree8_a64,4096,2,33.6014,4803135936880507992
btree8,4096,2,36.0092,4803135936880507992
btree16_bl_a64,4096,2,8.1818,4803135936880507992
fusion8_c,4096,2,53.9825,4803135936880507992
fusion8,4096,2,56.5430,4803135936880507992
sorted_array,4096,2,43.5867,4803135936880507992
fusion8_c,4096,3,52.9678,4803135936880507992
fusion8_bf,4096,3,56.5186,4803135936880507992
btree8,4096,3,34.8679,4803135936880507992
fusion8,4096,3,55.4306,4803135936880507992
btree16_bl_a64,4096,3,8.0597,4803135936880507992
btree8_bl,4096,3,14.9506,4803135936880507992
sorted_array,4096,3,42.7078,4803135936880507992
fusion16_w,4096,3,45.3629,4803135936880507992
btree8_a64,4096,3,32.6691,4803135936880507992
btree8_bl_a64,4096,3,13.6688,4803135936880507992
btree8_bl,4096,4,14.9994,4803135936880507992
fusion8_c,4096,4,52.8442,4803135936880507992
fusion8,4096,4,55.1453,4803135936880507992
btree8_bl_a64,4096,4,13.5727,4803135936880507992
btree8,4096,4,35.1868,4803135936880507992
sorted_array,4096,4,42.7368,4803135936880507992
fusion16_w,4096,4,45.8664,4803135936880507992
btree16_bl_a64,4096,4,8.1970,4803135936880507992
fusion8_bf,4096,4,56.3263,4803135936880507992
btree8_a64,4096,4,37.3489,4803135936880507992
btree8_bl_a64,4096,5,13.7100,4803135936880507992
btree16_bl_a64,4096,5,7.9361,4803135936880507992
fusion8_c,4096,5,52.9709,4803135936880507992
btree8,4096,5,34.6802,4803135936880507992
fusion16_w,4096,5,45.2957,4803135936880507992
btree8_bl,4096,5,14.7217,4803135936880507992
sorted_array,4096,5,42.5674,4803135936880507992
btree8_a64,4096,5,33.4183,4803135936880507992
fusion8,4096,5,55.3253,4803135936880507992
fusion8_bf,4096,5,56.9992,4803135936880507992
fusion8_bf,4096,6,57.0694,4803135936880507992
btree8_bl,4096,6,14.8483,4803135936880507992
sorted_array,4096,6,42.6041,4803135936880507992
btree8,4096,6,35.2341,4803135936880507992
fusion16_w,4096,6,45.2454,4803135936880507992
btree16_bl_a64,4096,6,8.0536,4803135936880507992
btree8_a64,4096,6,31.7780,4803135936880507992
fusion8,4096,6,56.0303,4803135936880507992
fusion8_c,4096,6,53.0792,4803135936880507992
btree8_bl_a64,4096,6,13.6948,4803135936880507992
btree8,4096,7,34.1980,4803135936880507992
sorted_array,4096,7,42.7490,4803135936880507992
fusion8_c,4096,7,52.9861,4803135936880507992
fusion16_w,4096,7,46.0358,4803135936880507992
btree8_bl_a64,4096,7,14.2181,4803135936880507992
btree8_a64,4096,7,32.8018,4803135936880507992
fusion8_bf,4096,7,55.7831,4803135936880507992
btree16_bl_a64,4096,7,8.0566,4803135936880507992
btree8_bl,4096,7,14.9231,4803135936880507992
fusion8,4096,7,55.4413,4803135936880507992
btree8,4096,8,34.4482,4803135936880507992
btree8_a64,4096,8,33.8730,4803135936880507992
fusion8_c,4096,8,53.8040,4803135936880507992
sorted_array,4096,8,42.6712,4803135936880507992
btree16_bl_a64,4096,8,8.0460,4803135936880507992
btree8_bl_a64,4096,8,13.8565,4803135936880507992
fusion8_bf,4096,8,55.5771,4803135936880507992
fusion16_w,4096,8,45.3796,4803135936880507992
btree8_bl,4096,8,14.8071,4803135936880507992
fusion8,4096,8,55.7022,4803135936880507992
fusion16_w,4096,9,45.1828,4803135936880507992
btree8_a64,4096,9,31.9427,4803135936880507992
sorted_array,4096,9,42.8162,4803135936880507992
btree8_bl_a64,4096,9,13.9328,4803135936880507992
btree8,4096,9,36.8729,4803135936880507992
fusion8_bf,4096,9,56.7505,4803135936880507992
fusion8_c,4096,9,53.4225,4803135936880507992
fusion8,4096,9,55.8701,4803135936880507992
btree8_bl,4096,9,14.7308,4803135936880507992
btree16_bl_a64,4096,9,8.1802,4803135936880507992
sorted_array,4096,10,42.7429,4803135936880507992
fusion16_w,4096,10,46.4203,4803135936880507992
fusion8,4096,10,55.5756,4803135936880507992
btree8_bl_a64,4096,10,13.6688,4803135936880507992
fusion8_c,4096,10,53.1876,4803135936880507992
btree8_a64,4096,10,32.4936,4803135936880507992
btree8,4096,10,34.0286,4803135936880507992
btree8_bl,4096,10,14.7568,4803135936880507992
btree16_bl_a64,4096,10,8.6975,4803135936880507992
fusion8_bf,4096,10,56.3690,4803135936880507992
btree8_bl,4096,11,14.6454,4803135936880507992
btree8_a64,4096,11,31.9321,4803135936880507992
fusion8,4096,11,55.4230,4803135936880507992
btree8_bl_a64,4096,11,13.6093,4803135936880507992
fusion8_c,4096,11,53.0441,4803135936880507992
fusion8_bf,4096,11,55.4962,4803135936880507992
btree16_bl_a64,4096,11,8.0521,4803135936880507992
btree8,4096,11,34.5200,4803135936880507992
fusion16_w,4096,11,45.2805,4803135936880507992
sorted_array,4096,11,42.6056,4803135936880507992
btree8_bl_a64,4096,12,13.7863,4803135936880507992
fusion8_c,4096,12,53.7857,4803135936880507992
btree8_a64,4096,12,33.0231,4803135936880507992
btree16_bl_a64,4096,12,8.1955,4803135936880507992
btree8_bl,4096,12,15.4190,4803135936880507992
btree8,4096,12,35.7437,4803135936880507992
fusion8_bf,4096,12,56.2698,4803135936880507992
fusion8,4096,12,55.3726,4803135936880507992
fusion16_w,4096,12,45.8710,4803135936880507992
sorted_array,4096,12,42.6407,4803135936880507992
btree8_a64,4096,13,33.1512,4803135936880507992
fusion8,4096,13,55.7098,4803135936880507992
btree8_bl,4096,13,14.8865,4803135936880507992
sorted_array,4096,13,42.6361,4803135936880507992
btree8_bl_a64,4096,13,13.7833,4803135936880507992
fusion16_w,4096,13,46.0968,4803135936880507992
btree8,4096,13,36.0245,4803135936880507992
fusion8_bf,4096,13,55.7571,4803135936880507992
btree16_bl_a64,4096,13,8.0521,4803135936880507992
fusion8_c,4096,13,52.9022,4803135936880507992
btree8_bl_a64,4096,14,13.8672,4803135936880507992
fusion8,4096,14,55.4184,4803135936880507992
fusion16_w,4096,14,48.8342,4803135936880507992
fusion8_c,4096,14,53.2425,4803135936880507992
btree8_bl,4096,14,14.6545,4803135936880507992
fusion8_bf,4096,14,55.6747,4803135936880507992
btree16_bl_a64,4096,14,8.2809,4803135936880507992
btree8,4096,14,35.1822,4803135936880507992
btree8_a64,4096,14,33.4763,4803135936880507992
sorted_array,4096,14,42.8101,4803135936880507992
fusion8_bf,8192,0,67.7963,159033305566865313
fusion8_c,8192,0,62.1765,159033305566865313
sorted_array,8192,0,48.2529,159033305566865313
btree8_bl,8192,0,24.2828,159033305566865313
btree8,8192,0,38.6581,159033305566865313
btree16_bl_a64,8192,0,24.6094,159033305566865313
btree8_bl_a64,8192,0,21.4844,159033305566865313
fusion8,8192,0,65.0909,159033305566865313
btree8_a64,8192,0,36.9873,159033305566865313
fusion16_w,8192,0,66.2033,159033305566865313
fusion8_bf,8192,1,67.2897,159033305566865313
btree8_a64,8192,1,35.4202,159033305566865313
fusion8_c,8192,1,62.5046,159033305566865313
fusion16_w,8192,1,65.7501,159033305566865313
sorted_array,8192,1,49.3744,159033305566865313
btree16_bl_a64,8192,1,27.3300,159033305566865313
btree8_bl_a64,8192,1,22.5861,159033305566865313
btree8,8192,1,38.9984,159033305566865313
btree8_bl,8192,1,23.1216,159033305566865313
fusion8,8192,1,62.0483,159033305566865313
btree16_bl_a64,8192,2,26.4435,159033305566865313
btree8_a64,8192,2,36.6028,159033305566865313
fusion8,8192,2,62.4146,159033305566865313
sorted_array,8192,2,48.2925,159033305566865313
fusion8_c,8192,2,65.6845,159033305566865313
btree8_bl_a64,8192,2,21.5042,159033305566865313
fusion16_w,8192,2,66.9052,159033305566865313
fusion8_bf,8192,2,68.8171,159033305566865313
btree8_bl,8192,2,23.3002,159033305566865313
btree8,8192,2,38.5864,159033305566865313
fusion8_bf,8192,3,67.3660,159033305566865313
btree8,8192,3,38.0875,159033305566865313
btree16_bl_a64,8192,3,24.0326,159033305566865313
btree8_a64,8192,3,36.5112,159033305566865313
btree8_bl,8192,3,23.3963,159033305566865313
fusion8_c,8192,3,62.6556,159033305566865313
sorted_array,8192,3,48.3047,159033305566865313
fusion16_w,8192,3,73.1323,159033305566865313
fusion8,8192,3,62.2314,159033305566865313
btree8_bl_a64,8192,3,21.3242,159033305566865313
btree8_bl,8192,4,23.6664,159033305566865313
btree8,8192,4,38.2050,159033305566865313
btree8_a64,8192,4,36.4288,159033305566865313
sorted_array,8192,4,48.1934,159033305566865313
btree8_bl_a64,8192,4,21.5836,159033305566865313
fusion8_c,8192,4,63.1638,159033305566865313
fusion8_bf,8192,4,67.6743,159033305566865313
fusion16_w,8192,4,65.2969,159033305566865313
btree16_bl_a64,8192,4,24.2355,159033305566865313
fusion8,8192,4,65.2908,159033305566865313
btree8_bl,8192,5,23.5413,159033305566865313
btree8_bl_a64,8192,5,21.1914,159033305566865313
btree8_a64,8192,5,43.7515,159033305566865313
btree16_bl_a64,8192,5,24.3164,159033305566865313
sorted_array,8192,5,48.6649,159033305566865313
fusion16_w,8192,5,65.5457,159033305566865313
fusion8_c,8192,5,62.4115,159033305566865313
fusion8_bf,8192,5,67.9108,159033305566865313
fusion8,8192,5,62.7670,159033305566865313
btree8,8192,5,42.4240,159033305566865313
sorted_array,8192,6,48.3063,159033305566865313
fusion8,8192,6,62.2910,159033305566865313
fusion8_c,8192,6,63.9465,159033305566865313
fusion16_w,8192,6,65.4465,159033305566865313
fusion8_bf,8192,6,67.0135,159033305566865313
btree8_bl,8192,6,23.0896,159033305566865313
btree8_a64,8192,6,39.2624,159033305566865313
btree8,8192,6,38.5254,159033305566865313
btree16_bl_a64,8192,6,24.0295,159033305566865313
btree8_bl_a64,8192,6,21.1853,159033305566865313
btree8_bl_a64,8192,7,20.9579,159033305566865313
sorted_array,8192,7,48.1689,159033305566865313
fusion8_bf,8192,7,71.6980,159033305566865313
btree8,8192,7,38.5422,159033305566865313
btree16_bl_a64,8192,7,24.4995,159033305566865313
fusion8,8192,7,62.2345,159033305566865313
btree8_bl,8192,7,23.3948,159033305566865313
fusion8_c,8192,7,65.6082,159033305566865313
btree8_a64,8192,7,36.3953,159033305566865313
fusion16_w,8192,7,67.5262,159033305566865313
fusion8,8192,8,61.7737,159033305566865313
btree16_bl_a64,8192,8,26.6327,159033305566865313
btree8_a64,8192,8,36.4456,159033305566865313
fusion16_w,8192,8,65.8722,159033305566865313
btree8_bl_a64,8192,8,21.1945,159033305566865313
fusion8_c,8192,8,62.7426,159033305566865313
fusion8_bf,8192,8,67.0700,159033305566865313
btree8,8192,8,38.2874,159033305566865313
btree8_bl,8192,8,23.0896,159033305566865313
sorted_array,8192,8,48.1247,159033305566865313
sorted_array,8192,9,47.7798,159033305566865313
btree8,8192,9,39.5264,159033305566865313
fusion8_c,8192,9,62.3993,159033305566865313
fusion8,8192,9,61.9339,159033305566865313
fusion16_w,8192,9,69.8349,159033305566865313
btree8_bl,8192,9,24.9023,159033305566865313
fusion8_bf,8192,9,73.8449,159033305566865313
btree16_bl_a64,8192,9,24.0982,159033305566865313
btree8_bl_a64,8192,9,21.2463,159033305566865313
btree8_a64,8192,9,38.4705,159033305566865313
fusion16_w,8192,10,65.7852,159033305566865313
btree16_bl_a64,8192,10,23.9014,159033305566865313
btree8_a64,8192,10,35.3180,159033305566865313
fusion8_bf,8192,10,66.6153,159033305566865313
sorted_array,8192,10,48.9807,159033305566865313
btree8,8192,10,38.6368,159033305566865313
fusion8,8192,10,63.0066,159033305566865313
fusion8_c,8192,10,62.2604,159033305566865313
btree8_bl,8192,10,23.3276,159033305566865313
btree8_bl_a64,8192,10,21.7499,159033305566865313
btree8,8192,11,38.9771,159033305566865313
fusion8,8192,11,64.5874,159033305566865313
btree8_a64,8192,11,36.6302,159033305566865313
fusion8_c,8192,11,62.0972,159033305566865313
btree16_bl_a64,8192,11,25.3235,159033305566865313
btree8_bl_a64,8192,11,21.7422,159033305566865313
btree8_bl,8192,11,23.9777,159033305566865313
fusion8_bf,8192,11,72.2015,159033305566865313
sorted_array,8192,11,48.1216,159033305566865313
fusion16_w,8192,11,76.5228,159033305566865313
fusion8_c,8192,12,66.5009,159033305566865313
btree8_bl,8192,12,23.2590,159033305566865313
fusion8_bf,8192,12,68.8980,159033305566865313
btree16_bl_a64,8192,12,24.8398,159033305566865313
sorted_array,8192,12,48.1903,159033305566865313
fusion8,8192,12,64.1678,159033305566865313
btree8_a64,8192,12,37.2131,159033305566865313
fusion16_w,8192,12,65.5685,159033305566865313
btree8_bl_a64,8192,12,21.2357,159033305566865313
btree8,8192,12,40.5289,159033305566865313
btree8_bl,8192,13,22.9919,159033305566865313
btree8_bl_a64,8192,13,21.2906,159033305566865313
btree16_bl_a64,8192,13,24.8795,159033305566865313
btree8,8192,13,38.1241,159033305566865313
fusion8_bf,8192,13,66.7206,159033305566865313
fusion16_w,8192,13,65.9241,159033305566865313
fusion8,8192,13,64.5554,159033305566865313
sorted_array,8192,13,48.1445,159033305566865313
btree8_a64,8192,13,36.4502,159033305566865313
fusion8_c,8192,13,62.2803,159033305566865313
fusion16_w,8192,14,65.4892,159033305566865313
fusion8,8192,14,62.0758,159033305566865313
btree16_bl_a64,8192,14,26.3580,159033305566865313
btree8_a64,8192,14,36.6867,159033305566865313
btree8_bl_a64,8192,14,21.0052,159033305566865313
fusion8_bf,8192,14,67.6041,159033305566865313
sorted_array,8192,14,48.3994,159033305566865313
btree8,8192,14,40.1993,159033305566865313
fusion8_c,8192,14,62.2818,159033305566865313
btree8_bl,8192,14,23.3704,159033305566865313
fusion8,16384,0,81.9092,9658500957361859441
btree16_bl_a64,16384,0,23.7534,9658500957361859441
btree8,16384,0,46.5042,9658500957361859441
fusion8_c,16384,0,73.8815,9658500957361859441
btree8_bl,16384,0,30.3055,9658500957361859441
sorted_array,16384,0,55.0079,9658500957361859441
btree8_a64,16384,0,44.8013,9658500957361859441
fusion16_w,16384,0,71.5759,9658500957361859441
fusion8_bf,16384,0,79.8248,9658500957361859441
btree8_bl_a64,16384,0,28.3081,9658500957361859441
fusion8_c,16384,1,72.4411,9658500957361859441
fusion8_bf,16384,1,76.6312,9658500957361859441
btree8_bl,16384,1,29.2053,9658500957361859441
btree16_bl_a64,16384,1,20.6268,9658500957361859441
fusion16_w,16384,1,70.9457,9658500957361859441
btree8_bl_a64,16384,1,26.5594,9658500957361859441
btree8,16384,1,45.5841,9658500957361859441
btree8_a64,16384,1,44.1956,9658500957361859441
sorted_array,16384,1,55.2567,9658500957361859441
fusion8,16384,1,79.3747,9658500957361859441
btree8_bl_a64,16384,2,26.7776,9658500957361859441
sorted_array,16384,2,54.8523,9658500957361859441
fusion8_bf,16384,2,80.3955,9658500957361859441
btree8,16384,2,45.4880,9658500957361859441
fusion8_c,16384,2,72.6273,9658500957361859441
btree8_bl,16384,2,29.1428,9658500957361859441
btree16_bl_a64,16384,2,20.8191,9658500957361859441
fusion16_w,16384,2,71.6568,9658500957361859441
btree8_a64,16384,2,43.5257,9658500957361859441
fusion8,16384,2,79.7302,9658500957361859441
btree16_bl_a64,16384,3,20.4498,9658500957361859441
btree8,16384,3,45.4788,9658500957361859441
fusion16_w,16384,3,70.6467,9658500957361859441
fusion8,16384,3,77.8336,9658500957361859441
btree8_bl_a64,16384,3,27.5406,9658500957361859441
fusion8_c,16384,3,73.2056,9658500957361859441
btree8_a64,16384,3,43.2877,9658500957361859441
sorted_array,16384,3,54.8813,9658500957361859441
fusion8_bf,16384,3,77.5620,9658500957361859441
btree8_bl,16384,3,29.2206,9658500957361859441
btree8_bl,16384,4,28.5248,9658500957361859441
btree8_bl_a64,16384,4,27.2125,9658500957361859441
fusion8_bf,16384,4,76.2680,9658500957361859441
fusion8,16384,4,76.2955,9658500957361859441
fusion16_w,16384,4,75.1205,9658500957361859441
btree8,16384,4,46.5683,9658500957361859441
sorted_array,16384,4,55.0156,9658500957361859441
btree8_a64,16384,4,43.0298,9658500957361859441
btree16_bl_a64,16384,4,20.7733,9658500957361859441
fusion8_c,16384,4,72.4716,9658500957361859441
btree8_bl,16384,5,29.6936,9658500957361859441
btree8_a64,16384,5,43.8904,9658500957361859441
btree8,16384,5,45.2560,9658500957361859441
btree16_bl_a64,16384,5,19.9570,9658500957361859441
fusion16_w,16384,5,70.8618,9658500957361859441
btree8_bl_a64,16384,5,26.6479,9658500957361859441
sorted_array,16384,5,55.8197,9658500957361859441
fusion8_c,16384,5,76.4282,9658500957361859441
fusion8,16384,5,76.9196,9658500957361859441
fusion8_bf,16384,5,78.8376,9658500957361859441
sorted_array,16384,6,55.4276,9658500957361859441
btree16_bl_a64,16384,6,20.6345,9658500957361859441
fusion8,16384,6,76.5182,9658500957361859441
btree8_bl_a64,16384,6,26.7151,9658500957361859441
btree8_a64,16384,6,44.6091,9658500957361859441
fusion16_w,16384,6,70.8710,9658500957361859441
btree8_bl,16384,6,29.2145,9658500957361859441
fusion8_bf,16384,6,75.1816,9658500957361859441
btree8,16384,6,45.5353,9658500957361859441
fusion8_c,16384,6,72.3526,9658500957361859441
fusion16_w,16384,7,70.6100,9658500957361859441
btree8_bl,16384,7,28.8467,9658500957361859441
fusion8_bf,16384,7,74.9023,9658500957361859441
btree16_bl_a64,16384,7,20.2133,9658500957361859441
btree8,16384,7,45.8023,9658500957361859441
btree8_bl_a64,16384,7,26.9409,9658500957361859441
btree8_a64,16384,7,43.5028,9658500957361859441
fusion8_c,16384,7,72.5784,9658500957361859441
fusion8,16384,7,79.4479,9658500957361859441
sorted_array,16384,7,55.0842,9658500957361859441
btree16_bl_a64,16384,8,20.7077,9658500957361859441
btree8_a64,16384,8,42.9962,9658500957361859441
btree8,16384,8,45.6421,9658500957361859441
sorted_array,16384,8,55.0064,9658500957361859441
btree8_bl_a64,16384,8,27.8671,9658500957361859441
fusion8_c,16384,8,72.6974,9658500957361859441
btree8_bl,16384,8,29.8569,9658500957361859441
fusion8,16384,8,77.9541,9658500957361859441
fusion8_bf,16384,8,79.4113,9658500957361859441
fusion16_w,16384,8,74.8489,9658500957361859441
sorted_array,16384,9,54.9759,9658500957361859441
btree8,16384,9,48.6221,9658500957361859441
btree16_bl_a64,16384,9,20.4330,9658500957361859441
fusion8_bf,16384,9,77.7756,9658500957361859441
fusion8,16384,9,78.6911,9658500957361859441
btree8_bl,16384,9,29.8676,9658500957361859441
fusion16_w,16384,9,72.3160,9658500957361859441
btree8_a64,16384,9,43.6920,9658500957361859441
btree8_bl_a64,16384,9,27.1652,9658500957361859441
fusion8_c,16384,9,72.7356,9658500957361859441
btree8,16384,10,45.2240,9658500957361859441
fusion8_bf,16384,10,76.7288,9658500957361859441
fusion8_c,16384,10,74.0829,9658500957361859441
btree8_a64,16384,10,43.4341,9658500957361859441
fusion16_w,16384,10,71.5118,9658500957361859441
fusion8,16384,10,81.1234,9658500957361859441
btree16_bl_a64,16384,10,21.4355,9658500957361859441
btree8_bl,16384,10,29.2419,9658500957361859441
btree8_bl_a64,16384,10,28.0991,9658500957361859441
sorted_array,16384,10,54.9164,9658500957361859441
fusion8,16384,11,78.6835,9658500957361859441
btree8_a64,16384,11,47.4106,9658500957361859441
btree8_bl_a64,16384,11,26.7593,9658500957361859441
fusion8_bf,16384,11,76.3336,9658500957361859441
fusion8_c,16384,11,72.6349,9658500957361859441
btree8,16384,11,47.7646,9658500957361859441
sorted_array,16384,11,55.1086,9658500957361859441
btree16_bl_a64,16384,11,20.6467,9658500957361859441
btree8_bl,16384,11,28.9795,9658500957361859441
fusion16_w,16384,11,72.7463,9658500957361859441
btree8_a64,16384,12,44.2459,9658500957361859441
sorted_array,16384,12,55.1437,9658500957361859441
btree8,16384,12,46.4783,9658500957361859441
btree8_bl,16384,12,28.7704,9658500957361859441
btree8_bl_a64,16384,12,27.1851,9658500957361859441
fusion8_c,16384,12,73.9120,9658500957361859441
fusion8,16384,12,78.8162,9658500957361859441
fusion16_w,16384,12,74.3561,9658500957361859441
btree16_bl_a64,16384,12,22.7417,9658500957361859441
fusion8_bf,16384,12,77.8885,9658500957361859441
btree16_bl_a64,16384,13,19.5496,9658500957361859441
btree8_bl,16384,13,28.9001,9658500957361859441
fusion8_c,16384,13,72.2397,9658500957361859441
btree8,16384,13,45.4178,9658500957361859441
fusion16_w,16384,13,72.6242,9658500957361859441
btree8_bl_a64,16384,13,27.8381,9658500957361859441
btree8_a64,16384,13,43.8599,9658500957361859441
fusion8_bf,16384,13,75.6836,9658500957361859441
fusion8,16384,13,79.2435,9658500957361859441
sorted_array,16384,13,55.8197,9658500957361859441
fusion8_c,16384,14,76.4313,9658500957361859441
sorted_array,16384,14,54.6982,9658500957361859441
btree16_bl_a64,16384,14,20.7474,9658500957361859441
fusion16_w,16384,14,70.9579,9658500957361859441
btree8_a64,16384,14,43.5669,9658500957361859441
btree8,16384,14,45.6543,9658500957361859441
btree8_bl_a64,16384,14,26.5747,9658500957361859441
fusion8,16384,14,76.4816,9658500957361859441
btree8_bl,16384,14,30.7022,9658500957361859441
fusion8_bf,16384,14,76.0651,9658500957361859441
btree8_a64,32768,0,50.3265,11629335647243425761
fusion16_w,32768,0,73.1369,11629335647243425761
sorted_array,32768,0,63.0646,11629335647243425761
btree8,32768,0,50.7156,11629335647243425761
fusion8_bf,32768,0,80.7892,11629335647243425761
fusion8,32768,0,82.0572,11629335647243425761
btree16_bl_a64,32768,0,18.9484,11629335647243425761
btree8_bl,32768,0,23.6359,11629335647243425761
btree8_bl_a64,32768,0,21.9284,11629335647243425761
fusion8_c,32768,0,76.7395,11629335647243425761
btree8_bl,32768,1,21.8597,11629335647243425761
btree8_bl_a64,32768,1,20.3522,11629335647243425761
fusion16_w,32768,1,73.0835,11629335647243425761
fusion8,32768,1,79.6432,11629335647243425761
sorted_array,32768,1,62.4374,11629335647243425761
btree16_bl_a64,32768,1,16.1423,11629335647243425761
fusion8_bf,32768,1,78.4515,11629335647243425761
fusion8_c,32768,1,75.2548,11629335647243425761
btree8_a64,32768,1,46.0068,11629335647243425761
btree8,32768,1,48.4634,11629335647243425761
btree8,32768,2,47.2565,11629335647243425761
fusion8,32768,2,79.3213,11629335647243425761
btree8_bl,32768,2,22.7341,11629335647243425761
btree16_bl_a64,32768,2,16.1011,11629335647243425761
fusion16_w,32768,2,72.9706,11629335647243425761
fusion8_bf,32768,2,78.8864,11629335647243425761
btree8_a64,32768,2,45.6207,11629335647243425761
sorted_array,32768,2,62.4161,11629335647243425761
fusion8_c,32768,2,76.6159,11629335647243425761
btree8_bl_a64,32768,2,21.2097,11629335647243425761
fusion8_c,32768,3,75.2228,11629335647243425761
btree8_bl_a64,32768,3,20.7901,11629335647243425761
btree8_bl,32768,3,22.4075,11629335647243425761
fusion8,32768,3,78.3737,11629335647243425761
sorted_array,32768,3,62.5000,11629335647243425761
btree8_a64,32768,3,47.0352,11629335647243425761
fusion8_bf,32768,3,78.7903,11629335647243425761
btree8,32768,3,49.4064,11629335647243425761
fusion16_w,32768,3,74.9878,11629335647243425761
btree16_bl_a64,32768,3,16.8198,11629335647243425761
fusion8,32768,4,78.8666,11629335647243425761
btree8_bl_a64,32768,4,21.2006,11629335647243425761
fusion8_bf,32768,4,78.1342,11629335647243425761
fusion16_w,32768,4,75.0488,11629335647243425761
btree8_bl,32768,4,22.0871,11629335647243425761
fusion8_c,32768,4,75.4074,11629335647243425761
sorted_array,32768,4,62.5748,11629335647243425761
btree8_a64,32768,4,46.4447,11629335647243425761
btree16_bl_a64,32768,4,15.8661,11629335647243425761
btree8,32768,4,48.7289,11629335647243425761
fusion8_bf,32768,5,77.2491,11629335647243425761
fusion16_w,32768,5,73.2407,11629335647243425761
btree8_bl_a64,32768,5,20.4712,11629335647243425761
btree8_a64,32768,5,45.8191,11629335647243425761
fusion8,32768,5,80.2216,11629335647243425761
fusion8_c,32768,5,75.5585,11629335647243425761
btree8,32768,5,48.7427,11629335647243425761
sorted_array,32768,5,62.8159,11629335647243425761
btree16_bl_a64,32768,5,16.6306,11629335647243425761
btree8_bl,32768,5,22.7081,11629335647243425761
btree8,32768,6,48.1384,11629335647243425761
fusion8_bf,32768,6,77.4963,11629335647243425761
fusion8,32768,6,80.3391,11629335647243425761
btree16_bl_a64,32768,6,16.2994,11629335647243425761
btree8_a64,32768,6,45.6970,11629335647243425761
fusion8_c,32768,6,75.3922,11629335647243425761
fusion16_w,32768,6,74.2599,11629335647243425761
sorted_array,32768,6,62.4664,11629335647243425761
btree8_bl_a64,32768,6,21.2692,11629335647243425761
btree8_bl,32768,6,22.2290,11629335647243425761
fusion8,32768,7,78.5187,11629335647243425761
fusion8_bf,32768,7,81.0410,11629335647243425761
fusion8_c,32768,7,75.2884,11629335647243425761
sorted_array,32768,7,62.3795,11629335647243425761
btree8_bl_a64,32768,7,21.1807,11629335647243425761
btree16_bl_a64,32768,7,15.8798,11629335647243425761
btree8,32768,7,48.4558,11629335647243425761
btree8_bl,32768,7,21.9955,11629335647243425761
fusion16_w,32768,7,73.2864,11629335647243425761
btree8_a64,32768,7,46.0571,11629335647243425761
fusion8_bf,32768,8,77.4384,11629335647243425761
btree16_bl_a64,32768,8,15.5853,11629335647243425761
btree8_bl,32768,8,23.1537,11629335647243425761
fusion8_c,32768,8,76.9241,11629335647243425761
fusion8,32768,8,79.7348,11629335647243425761
btree8,32768,8,52.1942,11629335647243425761
btree8_bl_a64,32768,8,20.8237,11629335647243425761
sorted_array,32768,8,63.2141,11629335647243425761
btree8_a64,32768,8,46.0648,11629335647243425761
fusion16_w,32768,8,74.9985,11629335647243425761
btree8_bl_a64,32768,9,20.4468,11629335647243425761
fusion8,32768,9,78.4134,11629335647243425761
fusion8_bf,32768,9,80.6641,11629335647243425761
btree8_a64,32768,9,45.7779,11629335647243425761
sorted_array,32768,9,62.2498,11629335647243425761
btree8_bl,32768,9,22.1344,11629335647243425761
btree16_bl_a64,32768,9,16.9632,11629335647243425761
fusion16_w,32768,9,74.0631,11629335647243425761
btree8,32768,9,48.3597,11629335647243425761
fusion8_c,32768,9,75.5539,11629335647243425761
fusion8_c,32768,10,75.3250,11629335647243425761
fusion16_w,32768,10,72.9996,11629335647243425761
sorted_array,32768,10,62.2589,11629335647243425761
fusion8_bf,32768,10,81.7780,11629335647243425761
btree16_bl_a64,32768,10,15.9729,11629335647243425761
btree8_bl_a64,32768,10,21.5714,11629335647243425761
fusion8,32768,10,80.5252,11629335647243425761
btree8,32768,10,52.1683,11629335647243425761
btree8_bl,32768,10,22.4274,11629335647243425761
btree8_a64,32768,10,46.2479,11629335647243425761
fusion8_bf,32768,11,78.1586,11629335647243425761
btree16_bl_a64,32768,11,15.6830,11629335647243425761
btree8,32768,11,48.2452,11629335647243425761
btree8_bl,32768,11,22.2519,11629335647243425761
fusion8,32768,11,78.9871,11629335647243425761
btree8_a64,32768,11,47.9111,11629335647243425761
btree8_bl_a64,32768,11,20.4437,11629335647243425761
fusion16_w,32768,11,75.4990,11629335647243425761
fusion8_c,32768,11,76.1307,11629335647243425761
sorted_array,32768,11,62.6373,11629335647243425761
fusion8_c,32768,12,77.6398,11629335647243425761
btree8_bl,32768,12,22.2244,11629335647243425761
btree8_a64,32768,12,45.9564,11629335647243425761
sorted_array,32768,12,62.6556,11629335647243425761
btree8_bl_a64,32768,12,23.1873,11629335647243425761
fusion8,32768,12,80.0644,11629335647243425761
btree16_bl_a64,32768,12,18.2114,11629335647243425761
fusion8_bf,32768,12,79.5532,11629335647243425761
fusion16_w,32768,12,74.7498,11629335647243425761
btree8,32768,12,50.4730,11629335647243425761
sorted_array,32768,13,62.2910,11629335647243425761
fusion8_c,32768,13,76.0300,11629335647243425761
btree8_a64,32768,13,46.9971,11629335647243425761
btree8_bl,32768,13,22.6883,11629335647243425761
fusion16_w,32768,13,73.2422,11629335647243425761
btree8,32768,13,48.1003,11629335647243425761
fusion8_bf,32768,13,79.3274,11629335647243425761
btree8_bl_a64,32768,13,21.2601,11629335647243425761
btree16_bl_a64,32768,13,16.4993,11629335647243425761
fusion8,32768,13,80.0247,11629335647243425761
btree16_bl_a64,32768,14,15.6723,11629335647243425761
fusion8_bf,32768,14,79.0924,11629335647243425761
btree8_bl_a64,32768,14,20.8237,11629335647243425761
fusion8,32768,14,79.1077,11629335647243425761
fusion16_w,32768,14,73.8739,11629335647243425761
btree8_bl,32768,14,21.9498,11629335647243425761
btree8,32768,14,49.5560,11629335647243425761
sorted_array,32768,14,62.4481,11629335647243425761
fusion8_c,32768,14,76.2985,11629335647243425761
btree8_a64,32768,14,46.5210,11629335647243425761
fusion8,65536,0,90.8936,5722582458615733357
fusion8_bf,65536,0,96.7270,5722582458615733357
fusion8_c,65536,0,86.1496,5722582458615733357
btree8_bl_a64,65536,0,24.7086,5722582458615733357
btree8_a64,65536,0,52.7969,5722582458615733357
btree16_bl_a64,65536,0,16.2811,5722582458615733357
fusion16_w,65536,0,72.6425,5722582458615733357
btree8_bl,65536,0,26.5106,5722582458615733357
sorted_array,65536,0,72.2488,5722582458615733357
btree8,65536,0,55.6396,5722582458615733357
btree8_bl_a64,65536,1,24.3500,5722582458615733357
fusion16_w,65536,1,72.2107,5722582458615733357
fusion8_c,65536,1,84.4193,5722582458615733357
fusion8,65536,1,91.0553,5722582458615733357
sorted_array,65536,1,71.3882,5722582458615733357
btree16_bl_a64,65536,1,16.9357,5722582458615733357
btree8,65536,1,54.2618,5722582458615733357
btree8_bl,65536,1,25.7858,5722582458615733357
fusion8_bf,65536,1,92.2531,5722582458615733357
btree8_a64,65536,1,52.7512,5722582458615733357
btree8_a64,65536,2,49.5529,5722582458615733357
sorted_array,65536,2,71.1945,5722582458615733357
btree16_bl_a64,65536,2,15.0314,5722582458615733357
fusion8_c,65536,2,85.8810,5722582458615733357
btree8,65536,2,54.2236,5722582458615733357
btree8_bl,65536,2,26.1612,5722582458615733357
fusion8,65536,2,88.5849,5722582458615733357
fusion16_w,65536,2,76.5686,5722582458615733357
fusion8_bf,65536,2,94.9402,5722582458615733357
btree8_bl_a64,65536,2,25.0656,5722582458615733357
btree8_a64,65536,3,51.1108,5722582458615733357
fusion16_w,65536,3,74.3164,5722582458615733357
fusion8_bf,65536,3,88.5956,5722582458615733357
btree8_bl,65536,3,24.2508,5722582458615733357
sorted_array,65536,3,71.2082,5722582458615733357
fusion8_c,65536,3,87.2162,5722582458615733357
btree8,65536,3,53.0853,5722582458615733357
fusion8,65536,3,88.4903,5722582458615733357
btree8_bl_a64,65536,3,24.4583,5722582458615733357
btree16_bl_a64,65536,3,16.0782,5722582458615733357
fusion8_bf,65536,4,86.8698,5722582458615733357
btree8_a64,65536,4,51.5320,5722582458615733357
btree16_bl_a64,65536,4,15.1428,5722582458615733357
sorted_array,65536,4,71.2036,5722582458615733357
btree8,65536,4,52.8732,5722582458615733357
btree8_bl,65536,4,25.8545,5722582458615733357
fusion8,65536,4,86.7401,5722582458615733357
fusion16_w,65536,4,76.8631,5722582458615733357
btree8_bl_a64,65536,4,24.5941,5722582458615733357
fusion8_c,65536,4,85.1410,5722582458615733357
btree8_bl_a64,65536,5,22.4136,5722582458615733357
sorted_array,65536,5,71.1716,5722582458615733357
fusion8_bf,65536,5,92.7124,5722582458615733357
fusion8_c,65536,5,84.7855,5722582458615733357
btree16_bl_a64,65536,5,16.1148,5722582458615733357
fusion16_w,65536,5,72.9446,5722582458615733357
btree8,65536,5,52.1332,5722582458615733357
btree8_bl,65536,5,24.5178,5722582458615733357
fusion8,65536,5,89.7949,5722582458615733357
btree8_a64,65536,5,52.2491,5722582458615733357
fusion8,65536,6,84.1476,5722582458615733357
fusion8_bf,65536,6,92.1524,5722582458615733357
fusion8_c,65536,6,84.8618,5722582458615733357
btree8_a64,65536,6,50.1205,5722582458615733357
btree16_bl_a64,65536,6,15.7806,5722582458615733357
btree8,65536,6,54.2603,5722582458615733357
fusion16_w,65536,6,74.7299,5722582458615733357
btree8_bl_a64,65536,6,24.6445,5722582458615733357
sorted_array,65536,6,71.3943,5722582458615733357
btree8_bl,65536,6,31.9977,5722582458615733357
btree8_bl,65536,7,23.4375,5722582458615733357
fusion8_bf,65536,7,87.7716,5722582458615733357
sorted_array,65536,7,71.4447,5722582458615733357
fusion8,65536,7,92.7475,5722582458615733357
fusion16_w,65536,7,73.6893,5722582458615733357
btree16_bl_a64,65536,7,15.6876,5722582458615733357
btree8,65536,7,53.6041,5722582458615733357
btree8_a64,65536,7,51.3062,5722582458615733357
btree8_bl_a64,65536,7,24.1623,5722582458615733357
fusion8_c,65536,7,84.8999,5722582458615733357
fusion8_bf,65536,8,86.6272,5722582458615733357
fusion16_w,65536,8,73.1003,5722582458615733357
btree8,65536,8,54.0298,5722582458615733357
btree16_bl_a64,65536,8,15.3305,5722582458615733357
fusion8_c,65536,8,82.4234,5722582458615733357
btree8_bl_a64,65536,8,23.4222,5722582458615733357
sorted_array,65536,8,71.2967,5722582458615733357
btree8_a64,65536,8,51.7868,5722582458615733357
btree8_bl,65536,8,26.0345,5722582458615733357
fusion8,65536,8,91.6672,5722582458615733357
btree8,65536,9,52.9373,5722582458615733357
btree8_bl_a64,65536,9,23.1781,5722582458615733357
btree16_bl_a64,65536,9,14.8804,5722582458615733357
fusion8_bf,65536,9,91.4078,5722582458615733357
btree8_bl,65536,9,25.6042,5722582458615733357
fusion8,65536,9,88.0585,5722582458615733357
btree8_a64,65536,9,52.4765,5722582458615733357
fusion16_w,65536,9,76.5854,5722582458615733357
sorted_array,65536,9,71.3837,5722582458615733357
fusion8_c,65536,9,88.5605,5722582458615733357
btree16_bl_a64,65536,10,14.8087,5722582458615733357
btree8_a64,65536,10,50.4898,5722582458615733357
fusion8,65536,10,86.4075,5722582458615733357
fusion8_c,65536,10,85.2112,5722582458615733357
sorted_array,65536,10,71.3867,5722582458615733357
btree8_bl_a64,65536,10,24.3591,5722582458615733357
btree8,65536,10,53.8589,5722582458615733357
fusion8_bf,65536,10,89.0961,5722582458615733357
fusion16_w,65536,10,74.8260,5722582458615733357
btree8_bl,65536,10,25.4211,5722582458615733357
fusion8,65536,11,88.5880,5722582458615733357
btree8,65536,11,52.2751,5722582458615733357
fusion16_w,65536,11,76.3336,5722582458615733357
btree8_bl,65536,11,24.9664,5722582458615733357
fusion8_c,65536,11,84.0866,5722582458615733357
btree8_bl_a64,65536,11,24.4980,5722582458615733357
btree8_a64,65536,11,52.5497,5722582458615733357
fusion8_bf,65536,11,88.3392,5722582458615733357
btree16_bl_a64,65536,11,16.3452,5722582458615733357
sorted_array,65536,11,72.4091,5722582458615733357
fusion16_w,65536,12,77.5436,5722582458615733357
fusion8_c,65536,12,87.4451,5722582458615733357
btree8_bl_a64,65536,12,23.4909,5722582458615733357
fusion8,65536,12,90.8447,5722582458615733357
fusion8_bf,65536,12,91.3605,5722582458615733357
sorted_array,65536,12,71.3654,5722582458615733357
btree8_bl,65536,12,32.0038,5722582458615733357
btree16_bl_a64,65536,12,15.5991,5722582458615733357
btree8,65536,12,54.2816,5722582458615733357
btree8_a64,65536,12,51.9943,5722582458615733357
btree8_bl_a64,65536,13,23.4756,5722582458615733357
fusion8_bf,65536,13,86.8851,5722582458615733357
btree16_bl_a64,65536,13,15.2527,5722582458615733357
btree8_a64,65536,13,50.0641,5722582458615733357
fusion16_w,65536,13,75.4654,5722582458615733357
fusion8,65536,13,88.2767,5722582458615733357
sorted_array,65536,13,71.3745,5722582458615733357
btree8,65536,13,53.5599,5722582458615733357
btree8_bl,65536,13,25.3601,5722582458615733357
fusion8_c,65536,13,87.2696,5722582458615733357
btree8_bl_a64,65536,14,24.2188,5722582458615733357
btree8_a64,65536,14,51.0239,5722582458615733357
fusion16_w,65536,14,75.0732,5722582458615733357
btree8_bl,65536,14,25.0717,5722582458615733357
fusion8_bf,65536,14,90.7135,5722582458615733357
sorted_array,65536,14,71.5652,5722582458615733357
fusion8_c,65536,14,87.6312,5722582458615733357
btree8,65536,14,53.7842,5722582458615733357
fusion8,65536,14,90.4221,5722582458615733357
btree16_bl_a64,65536,14,17.0975,5722582458615733357
btree8_bl_a64,131072,0,55.6183,15368517120400912463
btree8,131072,0,87.6297,15368517120400912463
fusion8_bf,131072,0,157.4203,15368517120400912463
fusion16_w,131072,0,139.1342,15368517120400912463
fusion8,131072,0,166.8869,15368517120400912463
btree16_bl_a64,131072,0,57.8949,15368517120400912463
btree8_a64,131072,0,91.1011,15368517120400912463
sorted_array,131072,0,82.2906,15368517120400912463
fusion8_c,131072,0,144.1452,15368517120400912463
btree8_bl,131072,0,56.0837,15368517120400912463
fusion8_c,131072,1,108.2077,15368517120400912463
fusion8,131072,1,156.3492,15368517120400912463
sorted_array,131072,1,82.4783,15368517120400912463
btree8_a64,131072,1,86.9629,15368517120400912463
fusion8_bf,131072,1,158.2367,15368517120400912463
btree8_bl,131072,1,54.7989,15368517120400912463
btree8,131072,1,89.2700,15368517120400912463
btree16_bl_a64,131072,1,57.6218,15368517120400912463
fusion16_w,131072,1,150.8667,15368517120400912463
btree8_bl_a64,131072,1,55.2979,15368517120400912463
btree8,131072,2,83.5770,15368517120400912463
sorted_array,131072,2,82.4463,15368517120400912463
fusion8_c,131072,2,141.3300,15368517120400912463
btree16_bl_a64,131072,2,57.7652,15368517120400912463
fusion8,131072,2,160.3439,15368517120400912463
fusion16_w,131072,2,135.7300,15368517120400912463
btree8_a64,131072,2,90.1840,15368517120400912463
btree8_bl_a64,131072,2,53.3020,15368517120400912463
fusion8_bf,131072,2,162.0316,15368517120400912463
btree8_bl,131072,2,54.4617,15368517120400912463
fusion8,131072,3,156.5582,15368517120400912463
btree8_bl,131072,3,51.6083,15368517120400912463
btree16_bl_a64,131072,3,58.5846,15368517120400912463
fusion8_bf,131072,3,154.8462,15368517120400912463
sorted_array,131072,3,82.0908,15368517120400912463
btree8,131072,3,86.7371,15368517120400912463
fusion8_c,131072,3,140.8920,15368517120400912463
btree8_a64,131072,3,91.5985,15368517120400912463
btree8_bl_a64,131072,3,52.5696,15368517120400912463
fusion16_w,131072,3,132.9956,15368517120400912463
btree16_bl_a64,131072,4,64.2075,15368517120400912463
fusion8_bf,131072,4,162.1643,15368517120400912463
btree8,131072,4,88.8367,15368517120400912463
fusion8_c,131072,4,137.2986,15368517120400912463
fusion8,131072,4,161.3373,15368517120400912463
btree8_bl_a64,131072,4,53.2242,15368517120400912463
sorted_array,131072,4,82.2525,15368517120400912463
btree8_bl,131072,4,63.5361,15368517120400912463
fusion16_w,131072,4,137.7136,15368517120400912463
btree8_a64,131072,4,90.5304,15368517120400912463
fusion8_bf,131072,5,152.8061,15368517120400912463
fusion8_c,131072,5,142.4484,15368517120400912463
fusion16_w,131072,5,132.4081,15368517120400912463
btree16_bl_a64,131072,5,65.1688,15368517120400912463
btree8_a64,131072,5,88.8107,15368517120400912463
btree8_bl_a64,131072,5,52.5421,15368517120400912463
fusion8,131072,5,161.8057,15368517120400912463
btree8,131072,5,86.1710,15368517120400912463
btree8_bl,131072,5,54.5853,15368517120400912463
sorted_array,131072,5,82.2876,15368517120400912463
btree16_bl_a64,131072,6,63.5056,15368517120400912463
fusion8_c,131072,6,137.4741,15368517120400912463
btree8_bl_a64,131072,6,54.6326,15368517120400912463
sorted_array,131072,6,82.2220,15368517120400912463
btree8_bl,131072,6,53.3447,15368517120400912463
btree8,131072,6,88.2202,15368517120400912463
btree8_a64,131072,6,90.6784,15368517120400912463
fusion16_w,131072,6,134.7656,15368517120400912463
fusion8_bf,131072,6,161.7249,15368517120400912463
fusion8,131072,6,165.0803,15368517120400912463
btree8_a64,131072,7,87.1964,15368517120400912463
fusion8_bf,131072,7,147.3694,15368517120400912463
fusion8,131072,7,142.3004,15368517120400912463
btree8_bl,131072,7,55.9860,15368517120400912463
btree8_bl_a64,131072,7,53.4866,15368517120400912463
btree16_bl_a64,131072,7,57.3761,15368517120400912463
fusion8_c,131072,7,138.5468,15368517120400912463
btree8,131072,7,87.1216,15368517120400912463
fusion16_w,131072,7,136.7203,15368517120400912463
sorted_array,131072,7,82.8629,15368517120400912463
fusion8_c,131072,8,135.4202,15368517120400912463
btree16_bl_a64,131072,8,64.5966,15368517120400912463
btree8_bl_a64,131072,8,52.7374,15368517120400912463
fusion8_bf,131072,8,156.2164,15368517120400912463
fusion16_w,131072,8,137.2955,15368517120400912463
btree8_bl,131072,8,57.5348,15368517120400912463
btree8_a64,131072,8,89.9277,15368517120400912463
btree8,131072,8,87.1628,15368517120400912463
fusion8,131072,8,160.2554,15368517120400912463
sorted_array,131072,8,82.5943,15368517120400912463
fusion8,131072,9,115.4709,15368517120400912463
fusion16_w,131072,9,132.7576,15368517120400912463
sorted_array,131072,9,83.7753,15368517120400912463
btree8_bl_a64,131072,9,58.1985,15368517120400912463
btree16_bl_a64,131072,9,59.3140,15368517120400912463
fusion8_bf,131072,9,153.7445,15368517120400912463
btree8_a64,131072,9,91.4673,15368517120400912463
btree8_bl,131072,9,54.9072,15368517120400912463
btree8,131072,9,88.0356,15368517120400912463
fusion8_c,131072,9,141.8274,15368517120400912463
fusion8,131072,10,157.9208,15368517120400912463
sorted_array,131072,10,82.6263,15368517120400912463
fusion8_bf,131072,10,154.0329,15368517120400912463
btree8,131072,10,85.8414,15368517120400912463
fusion8_c,131072,10,138.4506,15368517120400912463
btree16_bl_a64,131072,10,62.1964,15368517120400912463
fusion16_w,131072,10,141.9968,15368517120400912463
btree8_bl_a64,131072,10,53.9093,15368517120400912463
btree8_bl,131072,10,54.6692,15368517120400912463
btree8_a64,131072,10,90.2374,15368517120400912463
btree8_a64,131072,11,67.5964,15368517120400912463
btree8_bl_a64,131072,11,48.0270,15368517120400912463
fusion8,131072,11,162.2894,15368517120400912463
btree8_bl,131072,11,53.7277,15368517120400912463
fusion8_c,131072,11,140.9790,15368517120400912463
fusion16_w,131072,11,139.0991,15368517120400912463
sorted_array,131072,11,82.5378,15368517120400912463
btree16_bl_a64,131072,11,60.5453,15368517120400912463
fusion8_bf,131072,11,158.9554,15368517120400912463
btree8,131072,11,88.2492,15368517120400912463
fusion8_bf,131072,12,122.2733,15368517120400912463
fusion8,131072,12,165.5289,15368517120400912463
btree16_bl_a64,131072,12,58.4930,15368517120400912463
btree8_bl_a64,131072,12,53.2501,15368517120400912463
sorted_array,131072,12,83.0551,15368517120400912463
fusion16_w,131072,12,164.0915,15368517120400912463
fusion8_c,131072,12,144.8288,15368517120400912463
btree8_a64,131072,12,89.5218,15368517120400912463
btree8,131072,12,88.7939,15368517120400912463
btree8_bl,131072,12,54.6860,15368517120400912463
sorted_array,131072,13,82.2174,15368517120400912463
btree8,131072,13,73.1400,15368517120400912463
fusion8,131072,13,158.6472,15368517120400912463
btree8_a64,131072,13,90.0726,15368517120400912463
fusion8_c,131072,13,139.7583,15368517120400912463
fusion8_bf,131072,13,163.8687,15368517120400912463
btree8_bl,131072,13,55.1590,15368517120400912463
btree16_bl_a64,131072,13,57.3990,15368517120400912463
btree8_bl_a64,131072,13,53.3188,15368517120400912463
fusion16_w,131072,13,139.3372,15368517120400912463
fusion8_c,131072,14,138.9786,15368517120400912463
btree8_a64,131072,14,90.6067,15368517120400912463
btree8,131072,14,86.8423,15368517120400912463
fusion16_w,131072,14,141.1835,15368517120400912463
btree8_bl_a64,131072,14,52.1225,15368517120400912463
fusion8,131072,14,167.4469,15368517120400912463
fusion8_bf,131072,14,153.9047,15368517120400912463
btree16_bl_a64,131072,14,58.7814,15368517120400912463
btree8_bl,131072,14,54.9088,15368517120400912463
sorted_array,131072,14,82.2006,15368517120400912463
btree16_bl_a64,262144,0,62.4100,13725275285989217998
btree8_bl,262144,0,47.1268,13725275285989217998
btree8_bl_a64,262144,0,45.8206,13725275285989217998
btree8,262144,0,92.1265,13725275285989217998
fusion8_c,262144,0,152.2324,13725275285989217998
fusion8_bf,262144,0,167.9489,13725275285989217998
fusion8,262144,0,171.9421,13725275285989217998
sorted_array,262144,0,93.5913,13725275285989217998
btree8_a64,262144,0,95.0851,13725275285989217998
fusion16_w,262144,0,172.6913,13725275285989217998
sorted_array,262144,1,92.2195,13725275285989217998
fusion16_w,262144,1,143.6478,13725275285989217998
fusion8_c,262144,1,147.1191,13725275285989217998
btree8,262144,1,95.8344,13725275285989217998
btree8_a64,262144,1,94.5969,13725275285989217998
btree8_bl,262144,1,46.9284,13725275285989217998
fusion8_bf,262144,1,170.1752,13725275285989217998
btree8_bl_a64,262144,1,45.9442,13725275285989217998
btree16_bl_a64,262144,1,60.8887,13725275285989217998
fusion8,262144,1,169.2398,13725275285989217998
fusion8_c,262144,2,150.5463,13725275285989217998
fusion16_w,262144,2,192.9474,13725275285989217998
btree8,262144,2,92.8818,13725275285989217998
btree8_bl,262144,2,46.1929,13725275285989217998
sorted_array,262144,2,93.7439,13725275285989217998
btree8_a64,262144,2,93.8019,13725275285989217998
fusion8,262144,2,172.4731,13725275285989217998
btree8_bl_a64,262144,2,47.0139,13725275285989217998
btree16_bl_a64,262144,2,59.5963,13725275285989217998
fusion8_bf,262144,2,166.5848,13725275285989217998
btree8_bl_a64,262144,3,44.2581,13725275285989217998
btree8_a64,262144,3,97.0337,13725275285989217998
fusion8_bf,262144,3,160.6003,13725275285989217998
sorted_array,262144,3,93.6951,13725275285989217998
fusion8_c,262144,3,146.3150,13725275285989217998
fusion8,262144,3,173.2620,13725275285989217998
btree8,262144,3,91.9601,13725275285989217998
btree16_bl_a64,262144,3,60.9268,13725275285989217998
btree8_bl,262144,3,46.6507,13725275285989217998
fusion16_w,262144,3,171.4859,13725275285989217998
btree8,262144,4,93.1488,13725275285989217998
btree8_a64,262144,4,97.1436,13725275285989217998
btree8_bl_a64,262144,4,46.3791,13725275285989217998
btree16_bl_a64,262144,4,59.6878,13725275285989217998
fusion8_bf,262144,4,167.6285,13725275285989217998
sorted_array,262144,4,93.0847,13725275285989217998
btree8_bl,262144,4,47.1115,13725275285989217998
fusion8,262144,4,171.8369,13725275285989217998
fusion16_w,262144,4,164.6133,13725275285989217998
fusion8_c,262144,4,148.7671,13725275285989217998
fusion16_w,262144,5,158.5953,13725275285989217998
fusion8_bf,262144,5,173.0057,13725275285989217998
btree8_a64,262144,5,95.0882,13725275285989217998
fusion8_c,262144,5,147.1130,13725275285989217998
btree16_bl_a64,262144,5,62.2238,13725275285989217998
fusion8,262144,5,171.5317,13725275285989217998
btree8_bl_a64,262144,5,46.2250,13725275285989217998
btree8_bl,262144,5,46.6446,13725275285989217998
sorted_array,262144,5,93.3945,13725275285989217998
btree8,262144,5,93.4586,13725275285989217998
fusion8_c,262144,6,147.2855,13725275285989217998
btree8_bl_a64,262144,6,48.1186,13725275285989217998
btree16_bl_a64,262144,6,60.1913,13725275285989217998
btree8_bl,262144,6,46.4340,13725275285989217998
btree8,262144,6,96.6949,13725275285989217998
fusion8,262144,6,196.5591,13725275285989217998
fusion8_bf,262144,6,173.5245,13725275285989217998
fusion16_w,262144,6,163.3652,13725275285989217998
sorted_array,262144,6,93.0618,13725275285989217998
btree8_a64,262144,6,95.4681,13725275285989217998
btree8_bl_a64,262144,7,46.4157,13725275285989217998
fusion8,262144,7,169.4046,13725275285989217998
fusion8_c,262144,7,148.8159,13725275285989217998
fusion16_w,262144,7,174.5880,13725275285989217998
btree8,262144,7,93.2571,13725275285989217998
sorted_array,262144,7,93.1625,13725275285989217998
btree16_bl_a64,262144,7,62.4405,13725275285989217998
fusion8_bf,262144,7,168.0084,13725275285989217998
btree8_bl,262144,7,47.0459,13725275285989217998
btree8_a64,262144,7,95.3842,13725275285989217998
sorted_array,262144,8,93.2297,13725275285989217998
btree8_a64,262144,8,74.4736,13725275285989217998
btree16_bl_a64,262144,8,60.5347,13725275285989217998
btree8,262144,8,93.0222,13725275285989217998
fusion8,262144,8,170.3201,13725275285989217998
btree8_bl_a64,262144,8,46.5317,13725275285989217998
fusion8_c,262144,8,151.2085,13725275285989217998
fusion16_w,262144,8,165.3519,13725275285989217998
fusion8_bf,262144,8,168.8644,13725275285989217998
btree8_bl,262144,8,48.3841,13725275285989217998
btree8,262144,9,93.2739,13725275285989217998
btree8_bl,262144,9,39.1434,13725275285989217998
btree8_bl_a64,262144,9,45.1920,13725275285989217998
fusion16_w,262144,9,162.7777,13725275285989217998
fusion8_c,262144,9,151.2421,13725275285989217998
btree8_a64,262144,9,94.1040,13725275285989217998
fusion8_bf,262144,9,171.8597,13725275285989217998
sorted_array,262144,9,92.3050,13725275285989217998
fusion8,262144,9,174.3118,13725275285989217998
btree16_bl_a64,262144,9,62.1796,13725275285989217998
fusion8,262144,10,153.3386,13725275285989217998
sorted_array,262144,10,92.7689,13725275285989217998
btree8_a64,262144,10,92.8177,13725275285989217998
btree8_bl,262144,10,46.4096,13725275285989217998
btree8,262144,10,93.2922,13725275285989217998
btree8_bl_a64,262144,10,45.5551,13725275285989217998
btree16_bl_a64,262144,10,60.5270,13725275285989217998
fusion16_w,262144,10,168.6493,13725275285989217998
fusion8_c,262144,10,146.9040,13725275285989217998
fusion8_bf,262144,10,170.5811,13725275285989217998
btree8_bl,262144,11,46.9269,13725275285989217998
btree16_bl_a64,262144,11,59.9228,13725275285989217998
fusion8_bf,262144,11,160.7224,13725275285989217998
sorted_array,262144,11,92.8497,13725275285989217998
fusion16_w,262144,11,163.0493,13725275285989217998
btree8_a64,262144,11,96.2158,13725275285989217998
btree8_bl_a64,262144,11,45.9793,13725275285989217998
fusion8_c,262144,11,152.6550,13725275285989217998
btree8,262144,11,92.9504,13725275285989217998
fusion8,262144,11,174.5453,13725275285989217998
btree8_bl_a64,262144,12,45.5170,13725275285989217998
fusion8_bf,262144,12,170.8282,13725275285989217998
fusion8,262144,12,166.5619,13725275285989217998
btree16_bl_a64,262144,12,64.0152,13725275285989217998
btree8,262144,12,92.4683,13725275285989217998
fusion8_c,262144,12,147.2427,13725275285989217998
btree8_bl,262144,12,46.0144,13725275285989217998
sorted_array,262144,12,92.9932,13725275285989217998
btree8_a64,262144,12,95.8176,13725275285989217998
fusion16_w,262144,12,163.4354,13725275285989217998
fusion8,262144,13,172.9645,13725275285989217998
btree8_a64,262144,13,94.7906,13725275285989217998
btree16_bl_a64,262144,13,60.5103,13725275285989217998
fusion8_c,262144,13,146.6354,13725275285989217998
btree8_bl_a64,262144,13,49.0982,13725275285989217998
sorted_array,262144,13,93.3029,13725275285989217998
fusion16_w,262144,13,167.6132,13725275285989217998
btree8,262144,13,94.7250,13725275285989217998
btree8_bl,262144,13,46.5347,13725275285989217998
fusion8_bf,262144,13,167.2836,13725275285989217998
btree8_a64,262144,14,95.5658,13725275285989217998
sorted_array,262144,14,93.8019,13725275285989217998
fusion8_c,262144,14,154.4052,13725275285989217998
btree8_bl_a64,262144,14,47.1771,13725275285989217998
btree16_bl_a64,262144,14,60.3790,13725275285989217998
fusion16_w,262144,14,167.5186,13725275285989217998
fusion8_bf,262144,14,170.0623,13725275285989217998
btree8_bl,262144,14,46.8918,13725275285989217998
fusion8,262144,14,171.8536,13725275285989217998
btree8,262144,14,94.5236,13725275285989217998
sorted_array,524288,0,119.0247,8525115047326029414
fusion8_c,524288,0,145.5246,8525115047326029414
btree8_bl,524288,0,42.4576,8525115047326029414
btree8_a64,524288,0,98.6618,8525115047326029414
fusion8_bf,524288,0,167.7811,8525115047326029414
fusion8,524288,0,172.4823,8525115047326029414
btree8,524288,0,96.1075,8525115047326029414
btree8_bl_a64,524288,0,42.5995,8525115047326029414
btree16_bl_a64,524288,0,56.7535,8525115047326029414
fusion16_w,524288,0,171.9055,8525115047326029414
btree8,524288,1,95.9656,8525115047326029414
fusion8_bf,524288,1,170.5597,8525115047326029414
btree8_bl_a64,524288,1,42.6407,8525115047326029414
sorted_array,524288,1,118.2144,8525115047326029414
btree8_bl,524288,1,42.9688,8525115047326029414
btree8_a64,524288,1,96.7941,8525115047326029414
fusion16_w,524288,1,180.1544,8525115047326029414
fusion8_c,524288,1,149.5422,8525115047326029414
fusion8,524288,1,172.3938,8525115047326029414
btree16_bl_a64,524288,1,61.6257,8525115047326029414
btree8_bl,524288,2,41.9159,8525115047326029414
btree8,524288,2,96.1411,8525115047326029414
fusion8,524288,2,165.8051,8525115047326029414
btree8_a64,524288,2,98.6755,8525115047326029414
btree16_bl_a64,524288,2,56.0379,8525115047326029414
fusion8_c,524288,2,147.7234,8525115047326029414
btree8_bl_a64,524288,2,44.7098,8525115047326029414
fusion8_bf,524288,2,166.0767,8525115047326029414
fusion16_w,524288,2,212.5656,8525115047326029414
sorted_array,524288,2,117.7124,8525115047326029414
sorted_array,524288,3,115.1169,8525115047326029414
btree8_a64,524288,3,97.7722,8525115047326029414
btree16_bl_a64,524288,3,57.4356,8525115047326029414
fusion8_c,524288,3,147.8668,8525115047326029414
btree8,524288,3,96.4310,8525115047326029414
fusion8,524288,3,171.6888,8525115047326029414
btree8_bl_a64,524288,3,45.0470,8525115047326029414
btree8_bl,524288,3,42.0105,8525115047326029414
fusion16_w,524288,3,171.4828,8525115047326029414
fusion8_bf,524288,3,169.8349,8525115047326029414
btree8_a64,524288,4,98.9792,8525115047326029414
btree8_bl_a64,524288,4,42.3874,8525115047326029414
btree16_bl_a64,524288,4,55.7617,8525115047326029414
sorted_array,524288,4,118.5959,8525115047326029414
btree8_bl,524288,4,51.8158,8525115047326029414
fusion8,524288,4,167.9794,8525115047326029414
fusion8_bf,524288,4,174.8886,8525115047326029414
btree8,524288,4,96.8750,8525115047326029414
fusion16_w,524288,4,178.4973,8525115047326029414
fusion8_c,524288,4,150.9735,8525115047326029414
btree8_bl,524288,5,42.1997,8525115047326029414
btree8_bl_a64,524288,5,42.3431,8525115047326029414
btree16_bl_a64,524288,5,57.5638,8525115047326029414
fusion8_c,524288,5,147.9340,8525115047326029414
fusion16_w,524288,5,174.0891,8525115047326029414
btree8,524288,5,95.8435,8525115047326029414
fusion8,524288,5,171.8658,8525115047326029414
sorted_array,524288,5,117.8482,8525115047326029414
fusion8_bf,524288,5,171.4142,8525115047326029414
btree8_a64,524288,5,97.9004,8525115047326029414
btree16_bl_a64,524288,6,57.3303,8525115047326029414
sorted_array,524288,6,117.1814,8525115047326029414
btree8_bl_a64,524288,6,45.4254,8525115047326029414
fusion8,524288,6,166.1484,8525115047326029414
fusion8_bf,524288,6,174.8093,8525115047326029414
btree8,524288,6,95.1920,8525115047326029414
fusion16_w,524288,6,172.5967,8525115047326029414
btree8_a64,524288,6,97.5006,8525115047326029414
btree8_bl,524288,6,43.3090,8525115047326029414
fusion8_c,524288,6,147.1588,8525115047326029414
fusion8,524288,7,168.8232,8525115047326029414
sorted_array,524288,7,117.9062,8525115047326029414
fusion16_w,524288,7,191.6336,8525115047326029414
fusion8_bf,524288,7,177.3712,8525115047326029414
btree16_bl_a64,524288,7,56.1371,8525115047326029414
btree8_bl,524288,7,42.7002,8525115047326029414
btree8_bl_a64,524288,7,42.9688,8525115047326029414
btree8_a64,524288,7,100.9506,8525115047326029414
btree8,524288,7,96.8918,8525115047326029414
fusion8_c,524288,7,156.3171,8525115047326029414
fusion8_bf,524288,8,172.4503,8525115047326029414
fusion8_c,524288,8,141.9189,8525115047326029414
fusion16_w,524288,8,176.8478,8525115047326029414
btree16_bl_a64,524288,8,55.5252,8525115047326029414
sorted_array,524288,8,119.0948,8525115047326029414
btree8,524288,8,95.6604,8525115047326029414
btree8_bl_a64,524288,8,42.7536,8525115047326029414
btree8_bl,524288,8,42.5583,8525115047326029414
fusion8,524288,8,169.1101,8525115047326029414
btree8_a64,524288,8,98.7961,8525115047326029414
sorted_array,524288,9,117.3584,8525115047326029414
fusion8_bf,524288,9,177.8198,8525115047326029414
fusion8,524288,9,166.8076,8525115047326029414
fusion8_c,524288,9,152.4536,8525115047326029414
btree8_bl_a64,524288,9,47.9355,8525115047326029414
btree16_bl_a64,524288,9,55.9006,8525115047326029414
btree8,524288,9,97.9340,8525115047326029414
btree8_bl,524288,9,41.9098,8525115047326029414
fusion16_w,524288,9,172.5388,8525115047326029414
btree8_a64,524288,9,97.7142,8525115047326029414
btree8_a64,524288,10,74.5071,8525115047326029414
fusion16_w,524288,10,161.6196,8525115047326029414
fusion8_bf,524288,10,171.7880,8525115047326029414
fusion8,524288,10,173.2758,8525115047326029414
btree8,524288,10,96.2753,8525115047326029414
btree16_bl_a64,524288,10,56.0440,8525115047326029414
btree8_bl,524288,10,42.6239,8525115047326029414
btree8_bl_a64,524288,10,43.0939,8525115047326029414
sorted_array,524288,10,117.7231,8525115047326029414
fusion8_c,524288,10,156.5475,8525115047326029414
fusion8_bf,524288,11,167.1997,8525115047326029414
btree8,524288,11,96.8445,8525115047326029414
fusion8,524288,11,167.2684,8525115047326029414
btree8_a64,524288,11,98.7228,8525115047326029414
btree16_bl_a64,524288,11,56.2744,8525115047326029414
fusion8_c,524288,11,147.6776,8525115047326029414
btree8_bl,524288,11,41.9342,8525115047326029414
fusion16_w,524288,11,176.6754,8525115047326029414
btree8_bl_a64,524288,11,42.7048,8525115047326029414
sorted_array,524288,11,117.7139,8525115047326029414
fusion16_w,524288,12,164.8849,8525115047326029414
btree16_bl_a64,524288,12,56.1142,8525115047326029414
btree8_bl,524288,12,42.5598,8525115047326029414
sorted_array,524288,12,117.1173,8525115047326029414
fusion8_c,524288,12,146.2357,8525115047326029414
btree8,524288,12,97.4274,8525115047326029414
fusion8,524288,12,167.8207,8525115047326029414
fusion8_bf,524288,12,172.4838,8525115047326029414
btree8_bl_a64,524288,12,43.1870,8525115047326029414
btree8_a64,524288,12,99.3515,8525115047326029414
btree8_bl_a64,524288,13,35.6552,8525115047326029414
btree8,524288,13,97.3480,8525115047326029414
fusion16_w,524288,13,173.4680,8525115047326029414
btree16_bl_a64,524288,13,55.9280,8525115047326029414
btree8_bl,524288,13,42.8329,8525115047326029414
btree8_a64,524288,13,96.7422,8525115047326029414
fusion8_c,524288,13,151.9394,8525115047326029414
fusion8_bf,524288,13,171.9910,8525115047326029414
fusion8,524288,13,174.2950,8525115047326029414
sorted_array,524288,13,118.4799,8525115047326029414
fusion8_bf,524288,14,175.2625,8525115047326029414
btree16_bl_a64,524288,14,57.1152,8525115047326029414
fusion16_w,524288,14,175.6165,8525115047326029414
fusion8_c,524288,14,146.9864,8525115047326029414
sorted_array,524288,14,118.9957,8525115047326029414
fusion8,524288,14,166.3101,8525115047326029414
btree8_bl,524288,14,45.3552,8525115047326029414
btree8_a64,524288,14,98.5977,8525115047326029414
btree8,524288,14,96.2173,8525115047326029414
btree8_bl_a64,524288,14,43.1107,8525115047326029414
btree8_bl,1048576,0,108.2489,9971055575563239174
fusion16_w,1048576,0,177.2873,9971055575563239174
fusion8_bf,1048576,0,325.8011,9971055575563239174
btree16_bl_a64,1048576,0,54.1519,9971055575563239174
fusion8_c,1048576,0,308.8821,9971055575563239174
btree8,1048576,0,238.6063,9971055575563239174
btree8_a64,1048576,0,237.8738,9971055575563239174
fusion8,1048576,0,341.3223,9971055575563239174
sorted_array,1048576,0,164.1235,9971055575563239174
btree8_bl_a64,1048576,0,101.2054,9971055575563239174
sorted_array,1048576,1,160.0815,9971055575563239174
btree8_bl,1048576,1,104.5914,9971055575563239174
fusion8,1048576,1,348.8998,9971055575563239174
btree8_a64,1048576,1,243.7897,9971055575563239174
btree8,1048576,1,238.7344,9971055575563239174
btree8_bl_a64,1048576,1,98.5016,9971055575563239174
fusion8_bf,1048576,1,351.3199,9971055575563239174
btree16_bl_a64,1048576,1,54.3289,9971055575563239174
fusion16_w,1048576,1,181.7703,9971055575563239174
fusion8_c,1048576,1,325.0763,9971055575563239174
fusion8,1048576,2,359.8953,9971055575563239174
btree16_bl_a64,1048576,2,58.2184,9971055575563239174
btree8,1048576,2,240.2908,9971055575563239174
fusion8_bf,1048576,2,331.5277,9971055575563239174
btree8_bl,1048576,2,106.4026,9971055575563239174
btree8_bl_a64,1048576,2,97.8394,9971055575563239174
fusion8_c,1048576,2,314.5920,9971055575563239174
btree8_a64,1048576,2,252.1362,9971055575563239174
sorted_array,1048576,2,161.5021,9971055575563239174
fusion16_w,1048576,2,177.6199,9971055575563239174
fusion8_bf,1048576,3,364.4104,9971055575563239174
fusion8,1048576,3,462.2269,9971055575563239174
fusion16_w,1048576,3,179.1382,9971055575563239174
btree8,1048576,3,235.1257,9971055575563239174
fusion8_c,1048576,3,310.8368,9971055575563239174
sorted_array,1048576,3,162.1124,9971055575563239174
btree8_bl_a64,1048576,3,108.1589,9971055575563239174
btree16_bl_a64,1048576,3,55.6137,9971055575563239174
btree8_bl,1048576,3,103.5217,9971055575563239174
btree8_a64,1048576,3,238.4491,9971055575563239174
btree8_bl_a64,1048576,4,98.4253,9971055575563239174
btree8,1048576,4,235.8246,9971055575563239174
fusion8_bf,1048576,4,334.5764,9971055575563239174
btree16_bl_a64,1048576,4,53.6469,9971055575563239174
btree8_a64,1048576,4,240.7501,9971055575563239174
btree8_bl,1048576,4,103.8345,9971055575563239174
sorted_array,1048576,4,161.0504,9971055575563239174
fusion8,1048576,4,334.5917,9971055575563239174
fusion8_c,1048576,4,322.7631,9971055575563239174
fusion16_w,1048576,4,171.1884,9971055575563239174
fusion8,1048576,5,343.5715,9971055575563239174
btree8,1048576,5,235.6049,9971055575563239174
btree8_bl_a64,1048576,5,97.2168,9971055575563239174
fusion8_c,1048576,5,301.4404,9971055575563239174
sorted_array,1048576,5,161.4639,9971055575563239174
btree8_a64,1048576,5,237.8937,9971055575563239174
fusion16_w,1048576,5,179.5822,9971055575563239174
btree16_bl_a64,1048576,5,53.9139,9971055575563239174
btree8_bl,1048576,5,106.6452,9971055575563239174
fusion8_bf,1048576,5,340.4877,9971055575563239174
btree8,1048576,6,238.7360,9971055575563239174
sorted_array,1048576,6,163.1104,9971055575563239174
fusion8,1048576,6,333.7799,9971055575563239174
fusion8_c,1048576,6,322.8073,9971055575563239174
fusion8_bf,1048576,6,337.2040,9971055575563239174
fusion16_w,1048576,6,178.0930,9971055575563239174
btree8_bl_a64,1048576,6,106.4590,9971055575563239174
btree16_bl_a64,1048576,6,53.8208,9971055575563239174
btree8_bl,1048576,6,103.4531,9971055575563239174
btree8_a64,1048576,6,236.7462,9971055575563239174
fusion8,1048576,7,335.6049,9971055575563239174
btree8_bl_a64,1048576,7,105.7465,9971055575563239174
btree8,1048576,7,236.3968,9971055575563239174
fusion8_c,1048576,7,304.8996,9971055575563239174
fusion16_w,1048576,7,182.2296,9971055575563239174
fusion8_bf,1048576,7,339.7964,9971055575563239174
btree8_a64,1048576,7,236.8408,9971055575563239174
btree16_bl_a64,1048576,7,53.9886,9971055575563239174
sorted_array,1048576,7,161.9553,9971055575563239174
btree8_bl,1048576,7,103.3844,9971055575563239174
btree8,1048576,8,237.0605,9971055575563239174
fusion8_bf,1048576,8,327.1027,9971055575563239174
fusion8,1048576,8,346.5179,9971055575563239174
fusion16_w,1048576,8,172.9233,9971055575563239174
btree8_a64,1048576,8,238.8947,9971055575563239174
btree8_bl_a64,1048576,8,97.7036,9971055575563239174
fusion8_c,1048576,8,301.8021,9971055575563239174
btree8_bl,1048576,8,103.8589,9971055575563239174
sorted_array,1048576,8,161.1694,9971055575563239174
btree16_bl_a64,1048576,8,54.9271,9971055575563239174
fusion16_w,1048576,9,172.4945,9971055575563239174
btree8_a64,1048576,9,236.7844,9971055575563239174
fusion8_c,1048576,9,306.0638,9971055575563239174
fusion8,1048576,9,348.7411,9971055575563239174
sorted_array,1048576,9,162.4664,9971055575563239174
fusion8_bf,1048576,9,333.3344,9971055575563239174
btree8,1048576,9,238.1958,9971055575563239174
btree16_bl_a64,1048576,9,53.9734,9971055575563239174
btree8_bl_a64,1048576,9,98.1567,9971055575563239174
btree8_bl,1048576,9,103.5019,9971055575563239174
fusion16_w,1048576,10,184.9228,9971055575563239174
btree8_bl_a64,1048576,10,98.0957,9971055575563239174
fusion8,1048576,10,345.1157,9971055575563239174
fusion8_bf,1048576,10,323.3185,9971055575563239174
btree16_bl_a64,1048576,10,53.7659,9971055575563239174
btree8_bl,1048576,10,103.5782,9971055575563239174
btree8,1048576,10,235.8810,9971055575563239174
fusion8_c,1048576,10,303.9642,9971055575563239174
btree8_a64,1048576,10,237.6801,9971055575563239174
sorted_array,1048576,10,160.6186,9971055575563239174
btree8_bl_a64,1048576,11,105.3757,9971055575563239174
fusion8,1048576,11,342.0959,9971055575563239174
sorted_array,1048576,11,163.4399,9971055575563239174
btree8,1048576,11,237.4603,9971055575563239174
fusion8_c,1048576,11,309.7244,9971055575563239174
btree16_bl_a64,1048576,11,55.0171,9971055575563239174
btree8_bl,1048576,11,103.4973,9971055575563239174
btree8_a64,1048576,11,236.5280,9971055575563239174
fusion16_w,1048576,11,171.0419,9971055575563239174
fusion8_bf,1048576,11,357.0541,9971055575563239174
sorted_array,1048576,12,161.2411,9971055575563239174
fusion8_c,1048576,12,311.2701,9971055575563239174
btree8,1048576,12,238.1744,9971055575563239174
btree8_bl,1048576,12,103.6087,9971055575563239174
fusion8,1048576,12,343.0176,9971055575563239174
fusion16_w,1048576,12,170.4681,9971055575563239174
btree8_a64,1048576,12,235.9024,9971055575563239174
btree8_bl_a64,1048576,12,100.8926,9971055575563239174
btree16_bl_a64,1048576,12,53.6819,9971055575563239174
fusion8_bf,1048576,12,321.9986,9971055575563239174
fusion8,1048576,13,346.7499,9971055575563239174
sorted_array,1048576,13,162.3764,9971055575563239174
btree8_bl_a64,1048576,13,99.3683,9971055575563239174
btree16_bl_a64,1048576,13,53.6179,9971055575563239174
fusion8_bf,1048576,13,326.8799,9971055575563239174
btree8_a64,1048576,13,238.8611,9971055575563239174
fusion16_w,1048576,13,175.9491,9971055575563239174
fusion8_c,1048576,13,306.4606,9971055575563239174
btree8,1048576,13,234.6542,9971055575563239174
btree8_bl,1048576,13,104.6783,9971055575563239174
btree16_bl_a64,1048576,14,53.3279,9971055575563239174
btree8_bl,1048576,14,95.9259,9971055575563239174
sorted_array,1048576,14,161.3235,9971055575563239174
btree8,1048576,14,237.1857,9971055575563239174
fusion16_w,1048576,14,175.0427,9971055575563239174
fusion8_c,1048576,14,319.3558,9971055575563239174
btree8_a64,1048576,14,239.9811,9971055575563239174
fusion8_bf,1048576,14,330.6625,9971055575563239174
btree8_bl_a64,1048576,14,98.5138,9971055575563239174
fusion8,1048576,14,334.2133,9971055575563239174
btree8_a64,2097152,0,250.1007,360150140800640134
btree8_bl_a64,2097152,0,91.2445,360150140800640134
fusion8_c,2097152,0,327.9175,360150140800640134
fusion16_w,2097152,0,333.2397,360150140800640134
btree16_bl_a64,2097152,0,133.6548,360150140800640134
fusion8,2097152,0,348.1674,360150140800640134
fusion8_bf,2097152,0,361.0138,360150140800640134
btree8,2097152,0,246.4508,360150140800640134
btree8_bl,2097152,0,96.9116,360150140800640134
sorted_array,2097152,0,203.6789,360150140800640134
fusion8_c,2097152,1,333.4625,360150140800640134
fusion16_w,2097152,1,306.2119,360150140800640134
fusion8_bf,2097152,1,357.8354,360150140800640134
btree8_a64,2097152,1,249.3317,360150140800640134
sorted_array,2097152,1,204.2130,360150140800640134
btree8_bl,2097152,1,95.9717,360150140800640134
btree8,2097152,1,248.4650,360150140800640134
btree8_bl_a64,2097152,1,91.7068,360150140800640134
fusion8,2097152,1,349.2889,360150140800640134
btree16_bl_a64,2097152,1,120.4681,360150140800640134
sorted_array,2097152,2,202.9663,360150140800640134
btree8_a64,2097152,2,247.3770,360150140800640134
btree8_bl,2097152,2,96.1090,360150140800640134
fusion8_c,2097152,2,334.5520,360150140800640134
btree8,2097152,2,245.9457,360150140800640134
fusion8,2097152,2,348.4131,360150140800640134
btree16_bl_a64,2097152,2,120.9702,360150140800640134
fusion16_w,2097152,2,341.6611,360150140800640134
fusion8_bf,2097152,2,424.4736,360150140800640134
btree8_bl_a64,2097152,2,98.1705,360150140800640134
btree16_bl_a64,2097152,3,116.1926,360150140800640134
btree8_bl,2097152,3,98.7488,360150140800640134
fusion8_c,2097152,3,327.9221,360150140800640134
btree8_a64,2097152,3,246.3715,360150140800640134
fusion16_w,2097152,3,317.2134,360150140800640134
btree8,2097152,3,245.2072,360150140800640134
sorted_array,2097152,3,202.9007,360150140800640134
fusion8,2097152,3,351.5335,360150140800640134
fusion8_bf,2097152,3,359.7534,360150140800640134
btree8_bl_a64,2097152,3,93.1030,360150140800640134
btree8_bl_a64,2097152,4,70.2606,360150140800640134
btree8_a64,2097152,4,244.5938,360150140800640134
btree8,2097152,4,246.0327,360150140800640134
btree16_bl_a64,2097152,4,114.2105,360150140800640134
fusion16_w,2097152,4,329.0207,360150140800640134
btree8_bl,2097152,4,97.5815,360150140800640134
fusion8,2097152,4,352.4506,360150140800640134
sorted_array,2097152,4,203.0243,360150140800640134
fusion8_c,2097152,4,322.3755,360150140800640134
fusion8_bf,2097152,4,356.9351,360150140800640134
fusion16_w,2097152,5,337.8922,360150140800640134
btree8,2097152,5,245.4178,360150140800640134
fusion8,2097152,5,377.3743,360150140800640134
sorted_array,2097152,5,203.6743,360150140800640134
fusion8_c,2097152,5,317.8192,360150140800640134
fusion8_bf,2097152,5,356.0150,360150140800640134
btree8_bl_a64,2097152,5,94.0582,360150140800640134
btree16_bl_a64,2097152,5,117.7338,360150140800640134
btree8_a64,2097152,5,246.1914,360150140800640134
btree8_bl,2097152,5,96.3989,360150140800640134
btree8,2097152,6,246.9955,360150140800640134
btree8_bl_a64,2097152,6,89.3967,360150140800640134
fusion8_bf,2097152,6,337.2498,360150140800640134
fusion8_c,2097152,6,331.2515,360150140800640134
fusion16_w,2097152,6,336.1725,360150140800640134
sorted_array,2097152,6,202.9312,360150140800640134
fusion8,2097152,6,350.9842,360150140800640134
btree8_bl,2097152,6,110.6979,360150140800640134
btree16_bl_a64,2097152,6,115.3961,360150140800640134
btree8_a64,2097152,6,246.1685,360150140800640134
btree8_bl_a64,2097152,7,92.9565,360150140800640134
fusion16_w,2097152,7,334.6222,360150140800640134
btree16_bl_a64,2097152,7,116.2750,360150140800640134
btree8_a64,2097152,7,248.9746,360150140800640134
fusion8_bf,2097152,7,355.9082,360150140800640134
fusion8_c,2097152,7,326.3672,360150140800640134
fusion8,2097152,7,355.0934,360150140800640134
btree8,2097152,7,246.3318,360150140800640134
btree8_bl,2097152,7,96.6629,360150140800640134
sorted_array,2097152,7,202.3865,360150140800640134
fusion16_w,2097152,8,310.1974,360150140800640134
btree8_bl,2097152,8,97.3724,360150140800640134
sorted_array,2097152,8,204.2480,360150140800640134
fusion8_bf,2097152,8,340.4831,360150140800640134
btree8,2097152,8,248.2971,360150140800640134
fusion8_c,2097152,8,321.7789,360150140800640134
btree16_bl_a64,2097152,8,122.0093,360150140800640134
btree8_a64,2097152,8,251.3840,360150140800640134
fusion8,2097152,8,351.3626,360150140800640134
btree8_bl_a64,2097152,8,134.0897,360150140800640134
btree8_bl,2097152,9,97.3831,360150140800640134
fusion8,2097152,9,349.4217,360150140800640134
fusion8_c,2097152,9,331.3583,360150140800640134
fusion8_bf,2097152,9,359.3002,360150140800640134
fusion16_w,2097152,9,325.8514,360150140800640134
btree8_bl_a64,2097152,9,104.5486,360150140800640134
btree16_bl_a64,2097152,9,114.3875,360150140800640134
sorted_array,2097152,9,204.0741,360150140800640134
btree8,2097152,9,246.8979,360150140800640134
btree8_a64,2097152,9,249.3866,360150140800640134
fusion8_c,2097152,10,317.9092,360150140800640134
fusion16_w,2097152,10,338.9252,360150140800640134
btree8_bl_a64,2097152,10,112.3138,360150140800640134
fusion8,2097152,10,352.2461,360150140800640134
btree8_bl,2097152,10,99.2538,360150140800640134
fusion8_bf,2097152,10,353.0350,360150140800640134
btree16_bl_a64,2097152,10,116.7343,360150140800640134
btree8,2097152,10,249.3271,360150140800640134
btree8_a64,2097152,10,245.2454,360150140800640134
sorted_array,2097152,10,202.2614,360150140800640134
fusion8_bf,2097152,11,359.5963,360150140800640134
sorted_array,2097152,11,203.1845,360150140800640134
fusion8_c,2097152,11,335.3638,360150140800640134
btree8_bl_a64,2097152,11,100.5081,360150140800640134
btree8_bl,2097152,11,95.9106,360150140800640134
btree8_a64,2097152,11,245.5231,360150140800640134
btree8,2097152,11,248.1339,360150140800640134
btree16_bl_a64,2097152,11,115.9805,360150140800640134
fusion16_w,2097152,11,330.9235,360150140800640134
fusion8,2097152,11,350.4181,360150140800640134
btree16_bl_a64,2097152,12,121.7651,360150140800640134
fusion8,2097152,12,342.9886,360150140800640134
sorted_array,2097152,12,201.6876,360150140800640134
fusion16_w,2097152,12,305.9921,360150140800640134
fusion8_c,2097152,12,331.1172,360150140800640134
btree8,2097152,12,249.9100,360150140800640134
btree8_bl,2097152,12,96.5515,360150140800640134
fusion8_bf,2097152,12,353.2791,360150140800640134
btree8_bl_a64,2097152,12,90.7761,360150140800640134
btree8_a64,2097152,12,245.7291,360150140800640134
fusion8,2097152,13,354.8050,360150140800640134
fusion8_c,2097152,13,317.1799,360150140800640134
fusion8_bf,2097152,13,355.7800,360150140800640134
fusion16_w,2097152,13,337.1582,360150140800640134
sorted_array,2097152,13,204.8859,360150140800640134
btree8,2097152,13,248.8434,360150140800640134
btree16_bl_a64,2097152,13,115.4144,360150140800640134
btree8_a64,2097152,13,246.7606,360150140800640134
btree8_bl,2097152,13,97.1542,360150140800640134
btree8_bl_a64,2097152,13,90.9058,360150140800640134
fusion8_c,2097152,14,322.9492,360150140800640134
btree8,2097152,14,245.6039,360150140800640134
fusion8_bf,2097152,14,351.9150,360150140800640134
fusion8,2097152,14,352.5787,360150140800640134
btree8_bl,2097152,14,97.9050,360150140800640134
btree16_bl_a64,2097152,14,115.2573,360150140800640134
btree8_a64,2097152,14,246.3547,360150140800640134
fusion16_w,2097152,14,330.8029,360150140800640134
btree8_bl_a64,2097152,14,94.5847,360150140800640134
sorted_array,2097152,14,203.9047,360150140800640134
fusion8_bf,4194304,0,359.6436,13987696726093534327
btree8_bl_a64,4194304,0,87.9807,13987696726093534327
btree8,4194304,0,251.5488,13987696726093534327
fusion16_w,4194304,0,367.1539,13987696726093534327
fusion8_c,4194304,0,315.1962,13987696726093534327
btree8_a64,4194304,0,249.8352,13987696726093534327
sorted_array,4194304,0,306.5567,13987696726093534327
btree8_bl,4194304,0,91.6199,13987696726093534327
btree16_bl_a64,4194304,0,132.1548,13987696726093534327
fusion8,4194304,0,350.2762,13987696726093534327
btree8_bl_a64,4194304,1,87.3245,13987696726093534327
btree8_a64,4194304,1,249.9741,13987696726093534327
fusion8,4194304,1,347.0428,13987696726093534327
sorted_array,4194304,1,308.6594,13987696726093534327
fusion16_w,4194304,1,356.4987,13987696726093534327
fusion8_bf,4194304,1,358.9508,13987696726093534327
btree16_bl_a64,4194304,1,135.2005,13987696726093534327
btree8_bl,4194304,1,90.3137,13987696726093534327
fusion8_c,4194304,1,315.6662,13987696726093534327
btree8,4194304,1,251.0284,13987696726093534327
fusion16_w,4194304,2,342.0258,13987696726093534327
fusion8,4194304,2,355.0629,13987696726093534327
fusion8_bf,4194304,2,364.1647,13987696726093534327
btree8_bl,4194304,2,91.5527,13987696726093534327
fusion8_c,4194304,2,324.6384,13987696726093534327
sorted_array,4194304,2,308.4320,13987696726093534327
btree8_a64,4194304,2,251.4145,13987696726093534327
btree16_bl_a64,4194304,2,130.9479,13987696726093534327
btree8_bl_a64,4194304,2,85.5194,13987696726093534327
btree8,4194304,2,248.1400,13987696726093534327
fusion8,4194304,3,349.9603,13987696726093534327
fusion8_bf,4194304,3,366.0217,13987696726093534327
btree16_bl_a64,4194304,3,135.2066,13987696726093534327
fusion16_w,4194304,3,356.2531,13987696726093534327
btree8_bl_a64,4194304,3,87.2314,13987696726093534327
sorted_array,4194304,3,308.8898,13987696726093534327
btree8_a64,4194304,3,249.4812,13987696726093534327
fusion8_c,4194304,3,316.4215,13987696726093534327
btree8,4194304,3,250.6836,13987696726093534327
btree8_bl,4194304,3,92.4713,13987696726093534327
fusion8_bf,4194304,4,354.7928,13987696726093534327
btree8,4194304,4,251.6693,13987696726093534327
btree8_bl,4194304,4,139.4531,13987696726093534327
sorted_array,4194304,4,307.9224,13987696726093534327
fusion8_c,4194304,4,333.2382,13987696726093534327
btree16_bl_a64,4194304,4,134.2941,13987696726093534327
fusion8,4194304,4,347.6151,13987696726093534327
btree8_bl_a64,4194304,4,125.5325,13987696726093534327
fusion16_w,4194304,4,338.8046,13987696726093534327
btree8_a64,4194304,4,250.4791,13987696726093534327
fusion16_w,4194304,5,340.6601,13987696726093534327
sorted_array,4194304,5,305.6610,13987696726093534327
btree16_bl_a64,4194304,5,132.3547,13987696726093534327
btree8,4194304,5,250.3952,13987696726093534327
btree8_bl,4194304,5,90.5579,13987696726093534327
fusion8_bf,4194304,5,356.5887,13987696726093534327
btree8_bl_a64,4194304,5,86.1481,13987696726093534327
fusion8,4194304,5,353.2867,13987696726093534327
btree8_a64,4194304,5,248.0042,13987696726093534327
fusion8_c,4194304,5,324.2294,13987696726093534327
btree8_a64,4194304,6,242.3523,13987696726093534327
sorted_array,4194304,6,306.6895,13987696726093534327
btree8_bl_a64,4194304,6,95.5093,13987696726093534327
btree8,4194304,6,249.5407,13987696726093534327
fusion8_c,4194304,6,319.1666,13987696726093534327
fusion8_bf,4194304,6,357.3212,13987696726093534327
btree8_bl,4194304,6,113.1866,13987696726093534327
fusion16_w,4194304,6,361.8774,13987696726093534327
btree16_bl_a64,4194304,6,132.1564,13987696726093534327
fusion8,4194304,6,348.3780,13987696726093534327
btree8,4194304,7,249.3881,13987696726093534327
sorted_array,4194304,7,307.3273,13987696726093534327
fusion16_w,4194304,7,339.1571,13987696726093534327
fusion8,4194304,7,353.9261,13987696726093534327
fusion8_c,4194304,7,332.0389,13987696726093534327
btree8_bl_a64,4194304,7,86.3739,13987696726093534327
btree16_bl_a64,4194304,7,133.6868,13987696726093534327
btree8_bl,4194304,7,90.5701,13987696726093534327
btree8_a64,4194304,7,250.4333,13987696726093534327
fusion8_bf,4194304,7,356.2393,13987696726093534327
fusion8,4194304,8,356.1798,13987696726093534327
fusion16_w,4194304,8,339.5813,13987696726093534327
btree8,4194304,8,250.0519,13987696726093534327
btree16_bl_a64,4194304,8,131.3553,13987696726093534327
btree8_bl,4194304,8,89.4562,13987696726093534327
sorted_array,4194304,8,306.6788,13987696726093534327
fusion8_c,4194304,8,334.7427,13987696726093534327
fusion8_bf,4194304,8,344.5663,13987696726093534327
btree8_bl_a64,4194304,8,86.5479,13987696726093534327
btree8_a64,4194304,8,245.9854,13987696726093534327
btree8_bl_a64,4194304,9,84.5215,13987696726093534327
btree8,4194304,9,250.5478,13987696726093534327
fusion8_bf,4194304,9,351.8356,13987696726093534327
btree8_a64,4194304,9,250.7538,13987696726093534327
fusion8,4194304,9,347.0352,13987696726093534327
btree8_bl,4194304,9,100.2716,13987696726093534327
btree16_bl_a64,4194304,9,131.0577,13987696726093534327
fusion8_c,4194304,9,315.9592,13987696726093534327
fusion16_w,4194304,9,378.7140,13987696726093534327
sorted_array,4194304,9,306.3843,13987696726093534327
fusion8,4194304,10,362.5839,13987696726093534327
fusion16_w,4194304,10,339.7675,13987696726093534327
sorted_array,4194304,10,307.7362,13987696726093534327
fusion8_c,4194304,10,316.2720,13987696726093534327
btree8,4194304,10,250.1999,13987696726093534327
fusion8_bf,4194304,10,342.9077,13987696726093534327
btree8_bl_a64,4194304,10,85.6552,13987696726093534327
btree8_bl,4194304,10,92.6376,13987696726093534327
btree8_a64,4194304,10,248.8892,13987696726093534327
btree16_bl_a64,4194304,10,129.8630,13987696726093534327
fusion8_c,4194304,11,320.7397,13987696726093534327
btree8_bl,4194304,11,89.7888,13987696726093534327
fusion8_bf,4194304,11,366.5359,13987696726093534327
fusion8,4194304,11,349.1028,13987696726093534327
btree8,4194304,11,248.2529,13987696726093534327
btree8_a64,4194304,11,249.2691,13987696726093534327
btree8_bl_a64,4194304,11,86.0886,13987696726093534327
btree16_bl_a64,4194304,11,134.9243,13987696726093534327
sorted_array,4194304,11,306.5674,13987696726093534327
fusion16_w,4194304,11,340.8508,13987696726093534327
fusion8_bf,4194304,12,358.4656,13987696726093534327
btree8_bl_a64,4194304,12,90.7104,13987696726093534327
fusion16_w,4194304,12,348.0255,13987696726093534327
sorted_array,4194304,12,305.0003,13987696726093534327
btree8_bl,4194304,12,90.5945,13987696726093534327
btree16_bl_a64,4194304,12,132.2357,13987696726093534327
fusion8_c,4194304,12,318.9392,13987696726093534327
fusion8,4194304,12,356.8085,13987696726093534327
btree8,4194304,12,263.8229,13987696726093534327
btree8_a64,4194304,12,252.4918,13987696726093534327
sorted_array,4194304,13,306.9763,13987696726093534327
fusion8_bf,4194304,13,353.4332,13987696726093534327
btree8_a64,4194304,13,250.0061,13987696726093534327
btree16_bl_a64,4194304,13,130.9372,13987696726093534327
btree8_bl,4194304,13,91.0339,13987696726093534327
fusion8_c,4194304,13,318.8416,13987696726093534327
fusion16_w,4194304,13,385.1181,13987696726093534327
btree8_bl_a64,4194304,13,88.8077,13987696726093534327
fusion8,4194304,13,352.4200,13987696726093534327
btree8,4194304,13,250.0076,13987696726093534327
fusion8_bf,4194304,14,342.6620,13987696726093534327
fusion16_w,4194304,14,372.5098,13987696726093534327
fusion8,4194304,14,355.6549,13987696726093534327
btree16_bl_a64,4194304,14,132.5134,13987696726093534327
fusion8_c,4194304,14,319.2871,13987696726093534327
btree8,4194304,14,248.5504,13987696726093534327
btree8_bl,4194304,14,91.0858,13987696726093534327
btree8_a64,4194304,14,250.3326,13987696726093534327
btree8_bl_a64,4194304,14,86.0306,13987696726093534327
sorted_array,4194304,14,305.9647,13987696726093534327
btree16_bl_a64,8388608,0,128.0518,14571906064232911788
fusion16_w,8388608,0,349.9847,14571906064232911788
fusion8_bf,8388608,0,543.3670,14571906064232911788
btree8_a64,8388608,0,393.1854,14571906064232911788
btree8_bl,8388608,0,155.2795,14571906064232911788
fusion8_c,8388608,0,482.1960,14571906064232911788
btree8,8388608,0,398.0820,14571906064232911788
fusion8,8388608,0,523.6206,14571906064232911788
sorted_array,8388608,0,486.3556,14571906064232911788
btree8_bl_a64,8388608,0,147.3999,14571906064232911788
btree8_bl,8388608,1,156.7810,14571906064232911788
fusion8,8388608,1,528.3768,14571906064232911788
fusion8_c,8388608,1,484.3414,14571906064232911788
fusion8_bf,8388608,1,543.5150,14571906064232911788
btree16_bl_a64,8388608,1,128.5446,14571906064232911788
fusion16_w,8388608,1,351.9424,14571906064232911788
btree8,8388608,1,392.6132,14571906064232911788
sorted_array,8388608,1,488.0630,14571906064232911788
btree8_a64,8388608,1,400.8209,14571906064232911788
btree8_bl_a64,8388608,1,147.7905,14571906064232911788
btree8_a64,8388608,2,396.4600,14571906064232911788
fusion8_c,8388608,2,482.1579,14571906064232911788
btree16_bl_a64,8388608,2,126.2695,14571906064232911788
sorted_array,8388608,2,575.1541,14571906064232911788
fusion8_bf,8388608,2,523.5947,14571906064232911788
btree8_bl_a64,8388608,2,147.7844,14571906064232911788
fusion8,8388608,2,526.2512,14571906064232911788
btree8_bl,8388608,2,163.8275,14571906064232911788
btree8,8388608,2,397.2855,14571906064232911788
fusion16_w,8388608,2,365.3534,14571906064232911788
btree8_bl_a64,8388608,3,149.8566,14571906064232911788
fusion16_w,8388608,3,378.6880,14571906064232911788
btree16_bl_a64,8388608,3,128.3554,14571906064232911788
fusion8,8388608,3,523.9349,14571906064232911788
fusion8_c,8388608,3,485.8429,14571906064232911788
sorted_array,8388608,3,486.0489,14571906064232911788
btree8_bl,8388608,3,154.5975,14571906064232911788
btree8,8388608,3,395.5872,14571906064232911788
btree8_a64,8388608,3,392.0456,14571906064232911788
fusion8_bf,8388608,3,542.8024,14571906064232911788
btree8_bl,8388608,4,155.1483,14571906064232911788
btree8,8388608,4,392.2958,14571906064232911788
btree16_bl_a64,8388608,4,125.2762,14571906064232911788
fusion16_w,8388608,4,353.7613,14571906064232911788
sorted_array,8388608,4,486.9919,14571906064232911788
fusion8_bf,8388608,4,520.8572,14571906064232911788
btree8_bl_a64,8388608,4,149.0936,14571906064232911788
btree8_a64,8388608,4,392.6865,14571906064232911788
fusion8_c,8388608,4,498.0759,14571906064232911788
fusion8,8388608,4,522.8165,14571906064232911788
fusion8_c,8388608,5,498.8968,14571906064232911788
fusion16_w,8388608,5,386.9766,14571906064232911788
btree8,8388608,5,396.6751,14571906064232911788
sorted_array,8388608,5,487.7151,14571906064232911788
btree16_bl_a64,8388608,5,127.2614,14571906064232911788
btree8_bl_a64,8388608,5,151.0742,14571906064232911788
btree8_bl,8388608,5,156.4667,14571906064232911788
fusion8,8388608,5,523.8083,14571906064232911788
fusion8_bf,8388608,5,548.6542,14571906064232911788
btree8_a64,8388608,5,396.6644,14571906064232911788
fusion8,8388608,6,527.8259,14571906064232911788
btree8_bl,8388608,6,164.2136,14571906064232911788
btree8_a64,8388608,6,401.8158,14571906064232911788
fusion8_c,8388608,6,495.7733,14571906064232911788
fusion16_w,8388608,6,345.5826,14571906064232911788
sorted_array,8388608,6,484.0286,14571906064232911788
fusion8_bf,8388608,6,529.3396,14571906064232911788
btree16_bl_a64,8388608,6,128.8284,14571906064232911788
btree8_bl_a64,8388608,6,146.6934,14571906064232911788
btree8,8388608,6,385.4004,14571906064232911788
btree16_bl_a64,8388608,7,124.9725,14571906064232911788
btree8,8388608,7,368.5898,14571906064232911788
fusion8_bf,8388608,7,521.1670,14571906064232911788
fusion8,8388608,7,516.2003,14571906064232911788
btree8_bl,8388608,7,154.4357,14571906064232911788
btree8_bl_a64,8388608,7,147.8500,14571906064232911788
sorted_array,8388608,7,479.1611,14571906064232911788
fusion16_w,8388608,7,345.4605,14571906064232911788
fusion8_c,8388608,7,481.1691,14571906064232911788
btree8_a64,8388608,7,385.0967,14571906064232911788
fusion8_c,8388608,8,451.1108,14571906064232911788
fusion8_bf,8388608,8,531.7383,14571906064232911788
btree16_bl_a64,8388608,8,128.0975,14571906064232911788
btree8_a64,8388608,8,392.7109,14571906064232911788
sorted_array,8388608,8,485.4263,14571906064232911788
btree8_bl_a64,8388608,8,149.1959,14571906064232911788
btree8,8388608,8,378.3432,14571906064232911788
fusion8,8388608,8,505.7190,14571906064232911788
fusion16_w,8388608,8,343.2816,14571906064232911788
btree8_bl,8388608,8,157.9910,14571906064232911788
fusion8_c,8388608,9,479.3777,14571906064232911788
btree16_bl_a64,8388608,9,125.8789,14571906064232911788
fusion8,8388608,9,507.4799,14571906064232911788
fusion16_w,8388608,9,379.8340,14571906064232911788
btree8_bl,8388608,9,181.0913,14571906064232911788
btree8_a64,8388608,9,389.1312,14571906064232911788
fusion8_bf,8388608,9,525.0397,14571906064232911788
btree8_bl_a64,8388608,9,146.8338,14571906064232911788
btree8,8388608,9,388.3911,14571906064232911788
sorted_array,8388608,9,486.0046,14571906064232911788
fusion8,8388608,10,521.5302,14571906064232911788
sorted_array,8388608,10,482.2128,14571906064232911788
fusion8_c,8388608,10,470.3506,14571906064232911788
fusion8_bf,8388608,10,531.3599,14571906064232911788
btree8_bl_a64,8388608,10,149.5163,14571906064232911788
btree16_bl_a64,8388608,10,128.8254,14571906064232911788
btree8_bl,8388608,10,153.7598,14571906064232911788
fusion16_w,8388608,10,354.0359,14571906064232911788
btree8,8388608,10,392.8802,14571906064232911788
btree8_a64,8388608,10,386.8042,14571906064232911788
btree8,8388608,11,371.8445,14571906064232911788
sorted_array,8388608,11,482.5165,14571906064232911788
btree8_bl,8388608,11,153.1586,14571906064232911788
btree16_bl_a64,8388608,11,125.5234,14571906064232911788
btree8_a64,8388608,11,398.1857,14571906064232911788
fusion8_c,8388608,11,473.5886,14571906064232911788
fusion8_bf,8388608,11,535.3668,14571906064232911788
fusion16_w,8388608,11,383.7387,14571906064232911788
btree8_bl_a64,8388608,11,153.8086,14571906064232911788
fusion8,8388608,11,526.7410,14571906064232911788
sorted_array,8388608,12,488.9420,14571906064232911788
btree8_a64,8388608,12,390.7974,14571906064232911788
btree8,8388608,12,392.3462,14571906064232911788
fusion8_c,8388608,12,476.4450,14571906064232911788
btree8_bl,8388608,12,174.5758,14571906064232911788
fusion8_bf,8388608,12,517.0151,14571906064232911788
fusion16_w,8388608,12,376.0620,14571906064232911788
btree8_bl_a64,8388608,12,170.5826,14571906064232911788
fusion8,8388608,12,512.4680,14571906064232911788
btree16_bl_a64,8388608,12,130.7297,14571906064232911788
btree8,8388608,13,392.8497,14571906064232911788
btree16_bl_a64,8388608,13,124.0112,14571906064232911788
fusion8,8388608,13,514.6942,14571906064232911788
btree8_bl,8388608,13,157.0145,14571906064232911788
btree8_a64,8388608,13,393.0817,14571906064232911788
fusion16_w,8388608,13,342.2516,14571906064232911788
btree8_bl_a64,8388608,13,146.6492,14571906064232911788
fusion8_bf,8388608,13,516.8365,14571906064232911788
fusion8_c,8388608,13,488.0157,14571906064232911788
sorted_array,8388608,13,480.9143,14571906064232911788
fusion8_bf,8388608,14,508.5114,14571906064232911788
btree8_bl,8388608,14,154.3381,14571906064232911788
btree8_bl_a64,8388608,14,147.4152,14571906064232911788
btree8,8388608,14,395.0089,14571906064232911788
sorted_array,8388608,14,482.4982,14571906064232911788
fusion8,8388608,14,503.8269,14571906064232911788
fusion16_w,8388608,14,372.0871,14571906064232911788
fusion8_c,8388608,14,493.5776,14571906064232911788
btree8_a64,8388608,14,399.9680,14571906064232911788
btree16_bl_a64,8388608,14,125.7507,14571906064232911788
fusion8,16777216,0,568.8065,762412688173254828
fusion16_w,16777216,0,389.3814,762412688173254828
btree8,16777216,0,436.0931,762412688173254828
btree16_bl_a64,16777216,0,122.5204,762412688173254828
btree8_bl_a64,16777216,0,148.0209,762412688173254828
btree8_bl,16777216,0,151.8402,762412688173254828
fusion8_bf,16777216,0,575.3235,762412688173254828
btree8_a64,16777216,0,431.0303,762412688173254828
fusion8_c,16777216,0,519.9356,762412688173254828
sorted_array,16777216,0,635.7086,762412688173254828
btree8,16777216,1,444.1071,762412688173254828
btree16_bl_a64,16777216,1,124.0402,762412688173254828
btree8_bl,16777216,1,156.9916,762412688173254828
fusion8_c,16777216,1,520.5505,762412688173254828
btree8_bl_a64,16777216,1,195.5902,762412688173254828
btree8_a64,16777216,1,554.0924,762412688173254828
sorted_array,16777216,1,636.4273,762412688173254828
fusion8,16777216,1,569.5770,762412688173254828
fusion8_bf,16777216,1,583.4625,762412688173254828
fusion16_w,16777216,1,348.1415,762412688173254828
btree8_a64,16777216,2,434.9182,762412688173254828
fusion8,16777216,2,571.7255,762412688173254828
btree8_bl,16777216,2,209.9365,762412688173254828
sorted_array,16777216,2,635.9253,762412688173254828
fusion8_c,16777216,2,517.0700,762412688173254828
fusion8_bf,16777216,2,616.3040,762412688173254828
btree8_bl_a64,16777216,2,147.2122,762412688173254828
btree16_bl_a64,16777216,2,126.8753,762412688173254828
fusion16_w,16777216,2,346.7041,762412688173254828
btree8,16777216,2,442.6010,762412688173254828
btree8,16777216,3,386.6913,762412688173254828
btree8_a64,16777216,3,433.8425,762412688173254828
fusion8,16777216,3,567.9489,762412688173254828
fusion8_bf,16777216,3,577.3682,762412688173254828
sorted_array,16777216,3,635.3485,762412688173254828
fusion16_w,16777216,3,344.9219,762412688173254828
btree16_bl_a64,16777216,3,122.5723,762412688173254828
btree8_bl,16777216,3,157.3257,762412688173254828
fusion8_c,16777216,3,532.4127,762412688173254828
btree8_bl_a64,16777216,3,146.8185,762412688173254828
fusion8,16777216,4,567.2928,762412688173254828
fusion8_c,16777216,4,519.2566,762412688173254828
btree8,16777216,4,435.4584,762412688173254828
fusion16_w,16777216,4,342.7292,762412688173254828
btree8_a64,16777216,4,433.2047,762412688173254828
btree8_bl,16777216,4,154.5639,762412688173254828
sorted_array,16777216,4,634.6680,762412688173254828
btree8_bl_a64,16777216,4,187.3306,762412688173254828
btree16_bl_a64,16777216,4,127.7969,762412688173254828
fusion8_bf,16777216,4,578.4744,762412688173254828
fusion8,16777216,5,571.3745,762412688173254828
btree8,16777216,5,433.7997,762412688173254828
btree8_bl_a64,16777216,5,146.4966,762412688173254828
fusion8_c,16777216,5,528.2028,762412688173254828
btree16_bl_a64,16777216,5,122.7905,762412688173254828
btree8_a64,16777216,5,429.2725,762412688173254828
btree8_bl,16777216,5,153.4363,762412688173254828
fusion16_w,16777216,5,347.8546,762412688173254828
sorted_array,16777216,5,633.9920,762412688173254828
fusion8_bf,16777216,5,564.6561,762412688173254828
sorted_array,16777216,6,636.6913,762412688173254828
fusion8_c,16777216,6,525.9644,762412688173254828
btree8,16777216,6,434.0240,762412688173254828
fusion8,16777216,6,569.3771,762412688173254828
btree8_bl,16777216,6,164.9734,762412688173254828
btree8_a64,16777216,6,429.4556,762412688173254828
btree16_bl_a64,16777216,6,123.1552,762412688173254828
fusion16_w,16777216,6,344.3481,762412688173254828
btree8_bl_a64,16777216,6,145.9244,762412688173254828
fusion8_bf,16777216,6,567.7628,762412688173254828
btree8_bl_a64,16777216,7,145.8481,762412688173254828
btree8,16777216,7,433.9005,762412688173254828
btree8_a64,16777216,7,431.2256,762412688173254828
fusion8_c,16777216,7,529.5624,762412688173254828
btree16_bl_a64,16777216,7,124.6170,762412688173254828
fusion8_bf,16777216,7,562.3825,762412688173254828
fusion8,16777216,7,569.9417,762412688173254828
sorted_array,16777216,7,637.8510,762412688173254828
btree8_bl,16777216,7,153.4622,762412688173254828
fusion16_w,16777216,7,372.1634,762412688173254828
fusion8,16777216,8,571.1304,762412688173254828
sorted_array,16777216,8,634.8465,762412688173254828
fusion8_c,16777216,8,529.7623,762412688173254828
btree8,16777216,8,437.8571,762412688173254828
btree8_bl_a64,16777216,8,146.4523,762412688173254828
btree8_bl,16777216,8,154.0070,762412688173254828
fusion16_w,16777216,8,373.5062,762412688173254828
fusion8_bf,16777216,8,593.4464,762412688173254828
btree16_bl_a64,16777216,8,124.7299,762412688173254828
btree8_a64,16777216,8,429.6982,762412688173254828
fusion8,16777216,9,571.5805,762412688173254828
btree8,16777216,9,427.4612,762412688173254828
fusion8_c,16777216,9,522.0444,762412688173254828
fusion16_w,16777216,9,380.9769,762412688173254828
sorted_array,16777216,9,635.3638,762412688173254828
btree8_bl_a64,16777216,9,157.9330,762412688173254828
btree16_bl_a64,16777216,9,126.1871,762412688173254828
btree8_bl,16777216,9,152.8351,762412688173254828
fusion8_bf,16777216,9,560.3897,762412688173254828
btree8_a64,16777216,9,433.9386,762412688173254828
btree8,16777216,10,436.3510,762412688173254828
fusion16_w,16777216,10,356.7612,762412688173254828
fusion8_c,16777216,10,530.1361,762412688173254828
btree8_a64,16777216,10,433.3099,762412688173254828
fusion8,16777216,10,568.8660,762412688173254828
btree8_bl_a64,16777216,10,201.1581,762412688173254828
sorted_array,16777216,10,632.9391,762412688173254828
fusion8_bf,16777216,10,580.8060,762412688173254828
btree8_bl,16777216,10,153.8284,762412688173254828
btree16_bl_a64,16777216,10,126.5717,762412688173254828
btree8_a64,16777216,11,431.8024,762412688173254828
btree8,16777216,11,436.9904,762412688173254828
fusion8_c,16777216,11,519.9417,762412688173254828
btree8_bl_a64,16777216,11,147.5647,762412688173254828
fusion8_bf,16777216,11,570.9442,762412688173254828
fusion8,16777216,11,571.9147,762412688173254828
btree8_bl,16777216,11,162.0407,762412688173254828
fusion16_w,16777216,11,372.3328,762412688173254828
btree16_bl_a64,16777216,11,125.3937,762412688173254828
sorted_array,16777216,11,636.1328,762412688173254828
fusion8_c,16777216,12,514.2990,762412688173254828
sorted_array,16777216,12,636.5051,762412688173254828
btree8_bl_a64,16777216,12,187.0163,762412688173254828
btree8_bl,16777216,12,153.1189,762412688173254828
btree16_bl_a64,16777216,12,125.0824,762412688173254828
fusion8_bf,16777216,12,559.8404,762412688173254828
btree8_a64,16777216,12,434.4955,762412688173254828
fusion16_w,16777216,12,345.9320,762412688173254828
fusion8,16777216,12,572.9614,762412688173254828
btree8,16777216,12,436.7004,762412688173254828
fusion16_w,16777216,13,340.2725,762412688173254828
btree8_bl,16777216,13,153.5980,762412688173254828
fusion8_bf,16777216,13,564.5844,762412688173254828
btree8_bl_a64,16777216,13,148.1613,762412688173254828
btree8_a64,16777216,13,429.6814,762412688173254828
fusion8,16777216,13,570.0760,762412688173254828
btree16_bl_a64,16777216,13,126.5854,762412688173254828
sorted_array,16777216,13,636.1816,762412688173254828
btree8,16777216,13,437.7930,762412688173254828
fusion8_c,16777216,13,532.7972,762412688173254828
sorted_array,16777216,14,635.4507,762412688173254828
btree8_a64,16777216,14,434.2087,762412688173254828
btree8_bl_a64,16777216,14,147.3740,762412688173254828
fusion8_c,16777216,14,533.3878,762412688173254828
btree8_bl,16777216,14,152.8641,762412688173254828
btree8,16777216,14,435.4553,762412688173254828
fusion16_w,16777216,14,339.9872,762412688173254828
btree16_bl_a64,16777216,14,123.5336,762412688173254828
fusion8,16777216,14,571.0953,762412688173254828
fusion8_bf,16777216,14,580.6366,762412688173254828
fusion8_c,33554432,0,511.1191,11029033927968932563
btree8_bl,33554432,0,168.5837,11029033927968932563
btree8,33554432,0,435.8002,11029033927968932563
fusion8,33554432,0,569.6426,11029033927968932563
btree8_bl_a64,33554432,0,168.5043,11029033927968932563
fusion16_w,33554432,0,581.2164,11029033927968932563
btree16_bl_a64,33554432,0,204.6356,11029033927968932563
fusion8_bf,33554432,0,562.9211,11029033927968932563
sorted_array,33554432,0,759.5779,11029033927968932563
btree8_a64,33554432,0,434.9884,11029033927968932563
fusion16_w,33554432,1,583.0353,11029033927968932563
sorted_array,33554432,1,759.2056,11029033927968932563
btree8_bl_a64,33554432,1,140.2252,11029033927968932563
btree8_bl,33554432,1,147.9080,11029033927968932563
fusion8,33554432,1,568.9423,11029033927968932563
btree8,33554432,1,440.6830,11029033927968932563
fusion8_bf,33554432,1,563.8138,11029033927968932563
fusion8_c,33554432,1,528.3783,11029033927968932563
btree16_bl_a64,33554432,1,206.0455,11029033927968932563
btree8_a64,33554432,1,438.4705,11029033927968932563
sorted_array,33554432,2,761.1572,11029033927968932563
btree8,33554432,2,438.9954,11029033927968932563
fusion8_c,33554432,2,522.1146,11029033927968932563
fusion16_w,33554432,2,613.6047,11029033927968932563
btree8_a64,33554432,2,437.3825,11029033927968932563
btree16_bl_a64,33554432,2,204.0558,11029033927968932563
btree8_bl,33554432,2,149.3973,11029033927968932563
fusion8,33554432,2,565.4556,11029033927968932563
fusion8_bf,33554432,2,595.4514,11029033927968932563
btree8_bl_a64,33554432,2,142.1310,11029033927968932563
fusion16_w,33554432,3,605.0995,11029033927968932563
sorted_array,33554432,3,761.3800,11029033927968932563
fusion8,33554432,3,565.3366,11029033927968932563
btree8_bl_a64,33554432,3,193.6768,11029033927968932563
fusion8_c,33554432,3,524.8596,11029033927968932563
btree8_a64,33554432,3,435.4919,11029033927968932563
btree8,33554432,3,438.3957,11029033927968932563
btree8_bl,33554432,3,147.0306,11029033927968932563
fusion8_bf,33554432,3,575.9537,11029033927968932563
btree16_bl_a64,33554432,3,203.3127,11029033927968932563
fusion16_w,33554432,4,603.5278,11029033927968932563
btree8_bl_a64,33554432,4,139.2761,11029033927968932563
sorted_array,33554432,4,762.9517,11029033927968932563
btree8_bl,33554432,4,149.8581,11029033927968932563
fusion8,33554432,4,569.2932,11029033927968932563
fusion8_bf,33554432,4,578.8071,11029033927968932563
btree8,33554432,4,435.0647,11029033927968932563
fusion8_c,33554432,4,528.0060,11029033927968932563
btree8_a64,33554432,4,436.0046,11029033927968932563
btree16_bl_a64,33554432,4,205.8365,11029033927968932563
fusion8,33554432,5,569.3924,11029033927968932563
fusion8_c,33554432,5,529.4891,11029033927968932563
btree16_bl_a64,33554432,5,214.2899,11029033927968932563
btree8_a64,33554432,5,434.9197,11029033927968932563
btree8_bl_a64,33554432,5,140.4007,11029033927968932563
btree8_bl,33554432,5,147.4121,11029033927968932563
fusion16_w,33554432,5,607.2739,11029033927968932563
fusion8_bf,33554432,5,593.1519,11029033927968932563
sorted_array,33554432,5,762.1780,11029033927968932563
btree8,33554432,5,436.8378,11029033927968932563
fusion8_bf,33554432,6,561.6364,11029033927968932563
fusion16_w,33554432,6,621.6751,11029033927968932563
btree8,33554432,6,466.8732,11029033927968932563
btree8_bl_a64,33554432,6,140.7578,11029033927968932563
fusion8_c,33554432,6,526.3565,11029033927968932563
sorted_array,33554432,6,760.4935,11029033927968932563
fusion8,33554432,6,571.3028,11029033927968932563
btree16_bl_a64,33554432,6,205.3101,11029033927968932563
btree8_a64,33554432,6,435.5347,11029033927968932563
btree8_bl,33554432,6,146.0464,11029033927968932563
fusion16_w,33554432,7,604.7165,11029033927968932563
btree8_bl_a64,33554432,7,139.2929,11029033927968932563
btree16_bl_a64,33554432,7,202.5085,11029033927968932563
btree8_bl,33554432,7,152.7100,11029033927968932563
fusion8_c,33554432,7,517.2058,11029033927968932563
fusion8_bf,33554432,7,577.7771,11029033927968932563
sorted_array,33554432,7,761.4288,11029033927968932563
btree8_a64,33554432,7,433.2993,11029033927968932563
fusion8,33554432,7,571.4127,11029033927968932563
btree8,33554432,7,436.1816,11029033927968932563
btree8_bl_a64,33554432,8,139.8880,11029033927968932563
fusion8_c,33554432,8,526.8784,11029033927968932563
fusion8,33554432,8,564.2685,11029033927968932563
fusion8_bf,33554432,8,582.3700,11029033927968932563
btree16_bl_a64,33554432,8,212.5793,11029033927968932563
btree8_a64,33554432,8,434.4727,11029033927968932563
sorted_array,33554432,8,760.9009,11029033927968932563
btree8_bl,33554432,8,147.5800,11029033927968932563
btree8,33554432,8,434.3826,11029033927968932563
fusion16_w,33554432,8,569.9173,11029033927968932563
btree8_a64,33554432,9,436.8195,11029033927968932563
btree8_bl,33554432,9,147.3114,11029033927968932563
btree8,33554432,9,437.9501,11029033927968932563
btree16_bl_a64,33554432,9,203.0945,11029033927968932563
fusion8,33554432,9,566.8549,11029033927968932563
fusion8_c,33554432,9,533.3847,11029033927968932563
fusion8_bf,33554432,9,583.6655,11029033927968932563
sorted_array,33554432,9,764.4363,11029033927968932563
btree8_bl_a64,33554432,9,154.8248,11029033927968932563
fusion16_w,33554432,9,595.8084,11029033927968932563
btree8_a64,33554432,10,434.0363,11029033927968932563
btree16_bl_a64,33554432,10,202.9602,11029033927968932563
btree8,33554432,10,441.9174,11029033927968932563
fusion16_w,33554432,10,584.9716,11029033927968932563
sorted_array,33554432,10,759.6512,11029033927968932563
btree8_bl,33554432,10,145.7230,11029033927968932563
fusion8_c,33554432,10,521.0999,11029033927968932563
fusion8_bf,33554432,10,576.1169,11029033927968932563
fusion8,33554432,10,568.3334,11029033927968932563
btree8_bl_a64,33554432,10,147.1085,11029033927968932563
fusion8_bf,33554432,11,574.7925,11029033927968932563
fusion8,33554432,11,569.0323,11029033927968932563
btree16_bl_a64,33554432,11,211.2061,11029033927968932563
btree8_bl,33554432,11,151.7227,11029033927968932563
fusion16_w,33554432,11,588.5468,11029033927968932563
sorted_array,33554432,11,763.2111,11029033927968932563
fusion8_c,33554432,11,523.2910,11029033927968932563
btree8,33554432,11,441.5619,11029033927968932563
btree8_a64,33554432,11,437.0865,11029033927968932563
btree8_bl_a64,33554432,11,139.1510,11029033927968932563
btree8_bl,33554432,12,147.6929,11029033927968932563
fusion8_c,33554432,12,524.0814,11029033927968932563
fusion16_w,33554432,12,623.0713,11029033927968932563
btree8_a64,33554432,12,434.9228,11029033927968932563
fusion8_bf,33554432,12,563.6734,11029033927968932563
sorted_array,33554432,12,759.6863,11029033927968932563
fusion8,33554432,12,565.9164,11029033927968932563
btree8,33554432,12,435.4294,11029033927968932563
btree16_bl_a64,33554432,12,202.8412,11029033927968932563
btree8_bl_a64,33554432,12,143.1335,11029033927968932563
btree8_a64,33554432,13,434.3765,11029033927968932563
fusion8,33554432,13,564.9109,11029033927968932563
fusion8_bf,33554432,13,595.6909,11029033927968932563
btree8_bl_a64,33554432,13,185.4340,11029033927968932563
btree8_bl,33554432,13,145.7840,11029033927968932563
fusion8_c,33554432,13,526.4938,11029033927968932563
btree16_bl_a64,33554432,13,207.5333,11029033927968932563
sorted_array,33554432,13,760.0754,11029033927968932563
btree8,33554432,13,440.7730,11029033927968932563
fusion16_w,33554432,13,575.1190,11029033927968932563
fusion16_w,33554432,14,521.8292,11029033927968932563
btree8_bl_a64,33554432,14,140.2405,11029033927968932563
fusion8_c,33554432,14,521.5073,11029033927968932563
btree8_a64,33554432,14,434.0179,11029033927968932563
sorted_array,33554432,14,759.0195,11029033927968932563
fusion8,33554432,14,575.1694,11029033927968932563
btree16_bl_a64,33554432,14,208.6639,11029033927968932563
btree8_bl,33554432,14,150.3906,11029033927968932563
fusion8_bf,33554432,14,575.8957,11029033927968932563
btree8,33554432,14,446.5729,11029033927968932563
