structure,n,rep,ns_per_query,checksum
fusion8,256,0,40.7059,4651152958151299108
fusion8_c,256,0,40.2573,4651152958151299108
btree8_a64,256,0,21.0190,4651152958151299108
btree16_bl_a64,256,0,15.0436,4651152958151299108
btree8,256,0,21.5668,4651152958151299108
btree8_bl,256,0,23.9105,4651152958151299108
fusion16_w,256,0,38.1729,4651152958151299108
fusion8_bf,256,0,42.4042,4651152958151299108
btree8_bl_a64,256,0,22.2809,4651152958151299108
sorted_array,256,0,22.6608,4651152958151299108
btree8_bl,256,1,23.7961,4651152958151299108
fusion8,256,1,40.3046,4651152958151299108
btree16_bl_a64,256,1,14.8438,4651152958151299108
fusion16_w,256,1,46.7468,4651152958151299108
btree8_bl_a64,256,1,22.2687,4651152958151299108
btree8_a64,256,1,20.8694,4651152958151299108
fusion8_c,256,1,41.2292,4651152958151299108
sorted_array,256,1,22.5906,4651152958151299108
btree8,256,1,21.4203,4651152958151299108
fusion8_bf,256,1,42.8574,4651152958151299108
btree8_bl,256,2,23.8220,4651152958151299108
sorted_array,256,2,22.4365,4651152958151299108
btree16_bl_a64,256,2,15.0314,4651152958151299108
fusion8_c,256,2,41.0477,4651152958151299108
btree8_a64,256,2,20.7138,4651152958151299108
btree8,256,2,22.2610,4651152958151299108
fusion16_w,256,2,38.2263,4651152958151299108
fusion8,256,2,40.6921,4651152958151299108
fusion8_bf,256,2,42.3111,4651152958151299108
btree8_bl_a64,256,2,22.1985,4651152958151299108
fusion8_c,256,3,41.1118,4651152958151299108
fusion8_bf,256,3,42.4881,4651152958151299108
btree16_bl_a64,256,3,15.1581,4651152958151299108
btree8_bl_a64,256,3,22.1359,4651152958151299108
fusion8,256,3,40.5365,4651152958151299108
btree8,256,3,25.5386,4651152958151299108
sorted_array,256,3,22.5372,4651152958151299108
fusion16_w,256,3,38.3850,4651152958151299108
btree8_a64,256,3,22.1603,4651152958151299108
btree8_bl,256,3,23.8739,4651152958151299108
btree8_bl,256,4,23.7946,4651152958151299108
fusion16_w,256,4,38.2614,4651152958151299108
btree8_bl_a64,256,4,22.3068,4651152958151299108
btree16_bl_a64,256,4,15.0864,4651152958151299108
btree8,256,4,22.5128,4651152958151299108
fusion8,256,4,40.8875,4651152958151299108
fusion8_c,256,4,41.3177,4651152958151299108
fusion8_bf,256,4,42.3798,4651152958151299108
sorted_array,256,4,22.5357,4651152958151299108
btree8_a64,256,4,22.5571,4651152958151299108
fusion8_bf,256,5,42.2333,4651152958151299108
btree8,256,5,21.6629,4651152958151299108
btree8_a64,256,5,23.8113,4651152958151299108
btree8_bl,256,5,23.8083,4651152958151299108
btree16_bl_a64,256,5,15.0467,4651152958151299108
fusion8,256,5,40.7898,4651152958151299108
fusion16_w,256,5,38.2736,4651152958151299108
sorted_array,256,5,24.5895,4651152958151299108
btree8_bl_a64,256,5,22.1924,4651152958151299108
fusion8_c,256,5,41.1392,4651152958151299108
fusion8,256,6,40.7562,4651152958151299108
btree8_a64,256,6,22.4319,4651152958151299108
sorted_array,256,6,22.5769,4651152958151299108
btree8_bl,256,6,23.9029,4651152958151299108
btree16_bl_a64,256,6,15.0757,4651152958151299108
fusion8_bf,256,6,42.3630,4651152958151299108
fusion16_w,256,6,38.3163,4651152958151299108
btree8_bl_a64,256,6,21.7850,4651152958151299108
fusion8_c,256,6,40.9058,4651152958151299108
btree8,256,6,21.2387,4651152958151299108
fusion8_c,256,7,41.1301,4651152958151299108
fusion8_bf,256,7,42.3111,4651152958151299108
sorted_array,256,7,22.4548,4651152958151299108
btree8_bl,256,7,23.7976,4651152958151299108
btree8,256,7,21.3440,4651152958151299108
fusion16_w,256,7,37.6724,4651152958151299108
btree8_a64,256,7,20.2942,4651152958151299108
fusion8,256,7,40.2725,4651152958151299108
btree8_bl_a64,256,7,22.1603,4651152958151299108
btree16_bl_a64,256,7,15.2252,4651152958151299108
fusion8_c,256,8,40.9943,4651152958151299108
btree8_bl,256,8,23.8632,4651152958151299108
btree16_bl_a64,256,8,15.0497,4651152958151299108
fusion16_w,256,8,38.3255,4651152958151299108
btree8_bl_a64,256,8,22.2198,4651152958151299108
btree8,256,8,22.0047,4651152958151299108
btree8_a64,256,8,21.2616,4651152958151299108
fusion8_bf,256,8,41.5680,4651152958151299108
fusion8,256,8,40.6784,4651152958151299108
sorted_array,256,8,25.5035,4651152958151299108
fusion8_bf,256,9,42.3874,4651152958151299108
sorted_array,256,9,22.5174,4651152958151299108
btree8,256,9,24.2859,4651152958151299108
btree8_a64,256,9,20.7321,4651152958151299108
fusion16_w,256,9,38.2294,4651152958151299108
btree8_bl,256,9,23.9700,4651152958151299108
btree8_bl_a64,256,9,22.3267,4651152958151299108
btree16_bl_a64,256,9,15.1077,4651152958151299108
fusion8_c,256,9,41.0507,4651152958151299108
fusion8,256,9,40.8798,4651152958151299108
fusion8,256,10,40.4633,4651152958151299108
btree16_bl_a64,256,10,15.0421,4651152958151299108
btree8_bl_a64,256,10,22.1741,4651152958151299108
sorted_array,256,10,22.4197,4651152958151299108
fusion16_w,256,10,38.3026,4651152958151299108
btree8_bl,256,10,23.7274,4651152958151299108
fusion8_c,256,10,41.0690,4651152958151299108
btree8_a64,256,10,20.4697,4651152958151299108
btree8,256,10,22.9248,4651152958151299108
fusion8_bf,256,10,42.3599,4651152958151299108
fusion8,256,11,40.7776,4651152958151299108
btree8_a64,256,11,22.0154,4651152958151299108
fusion8_bf,256,11,42.3538,4651152958151299108
btree8,256,11,21.3547,4651152958151299108
btree8_bl_a64,256,11,22.2000,4651152958151299108
btree8_bl,256,11,23.8480,4651152958151299108
sorted_array,256,11,23.3994,4651152958151299108
fusion8_c,256,11,41.3406,4651152958151299108
btree16_bl_a64,256,11,15.0208,4651152958151299108
fusion16_w,256,11,38.3057,4651152958151299108
btree8_bl,256,12,23.7900,4651152958151299108
fusion16_w,256,12,38.3316,4651152958151299108
fusion8_bf,256,12,42.4622,4651152958151299108
fusion8,256,12,40.8798,4651152958151299108
sorted_array,256,12,22.7264,4651152958151299108
btree8_a64,256,12,22.5983,4651152958151299108
btree8_bl_a64,256,12,22.1893,4651152958151299108
fusion8_c,256,12,41.0233,4651152958151299108
btree16_bl_a64,256,12,15.0391,4651152958151299108
btree8,256,12,21.4172,4651152958151299108
fusion8,256,13,40.8005,4651152958151299108
fusion16_w,256,13,38.3240,4651152958151299108
btree8_a64,256,13,22.6059,4651152958151299108
fusion8_c,256,13,41.0416,4651152958151299108
btree8,256,13,21.6843,4651152958151299108
btree8_bl,256,13,23.8068,4651152958151299108
fusion8_bf,256,13,42.3096,4651152958151299108
btree16_bl_a64,256,13,15.0681,4651152958151299108
btree8_bl_a64,256,13,22.1909,4651152958151299108
sorted_array,256,13,22.4976,4651152958151299108
btree8_bl_a64,256,14,22.2000,4651152958151299108
fusion16_w,256,14,38.2477,4651152958151299108
btree8,256,14,22.8622,4651152958151299108
btree8_a64,256,14,21.9772,4651152958151299108
sorted_array,256,14,22.7707,4651152958151299108
btree8_bl,256,14,23.9227,4651152958151299108
btree16_bl_a64,256,14,15.0208,4651152958151299108
fusion8_bf,256,14,42.4347,4651152958151299108
fusion8,256,14,40.6128,4651152958151299108
fusion8_c,256,14,41.3254,4651152958151299108
fusion8_c,512,0,42.4957,5099789511540172029
btree8,512,0,25.2426,5099789511540172029
btree8_a64,512,0,26.5671,5099789511540172029
btree8_bl,512,0,23.2422,5099789511540172029
btree8_bl_a64,512,0,21.7438,5099789511540172029
fusion8,512,0,41.4169,5099789511540172029
sorted_array,512,0,30.5130,5099789511540172029
btree16_bl_a64,512,0,22.5632,5099789511540172029
fusion8_bf,512,0,43.8202,5099789511540172029
fusion16_w,512,0,50.7339,5099789511540172029
btree8_a64,512,1,25.5951,5099789511540172029
btree8,512,1,26.8951,5099789511540172029
fusion16_w,512,1,51.4114,5099789511540172029
fusion8,512,1,41.6611,5099789511540172029
btree8_bl,512,1,23.2025,5099789511540172029
btree16_bl_a64,512,1,22.6364,5099789511540172029
btree8_bl_a64,512,1,21.7133,5099789511540172029
fusion8_bf,512,1,43.5410,5099789511540172029
fusion8_c,512,1,42.3813,5099789511540172029
sorted_array,512,1,28.0869,5099789511540172029
fusion16_w,512,2,52.6001,5099789511540172029
btree8_bl_a64,512,2,21.6431,5099789511540172029
btree16_bl_a64,512,2,22.6135,5099789511540172029
fusion8_c,512,2,42.3706,5099789511540172029
fusion8_bf,512,2,43.8232,5099789511540172029
btree8_bl,512,2,24.2416,5099789511540172029
fusion8,512,2,41.5131,5099789511540172029
sorted_array,512,2,30.5542,5099789511540172029
btree8,512,2,25.4150,5099789511540172029
btree8_a64,512,2,26.2573,5099789511540172029
btree8_bl_a64,512,3,21.6843,5099789511540172029
btree8_a64,512,3,24.0677,5099789511540172029
sorted_array,512,3,28.4683,5099789511540172029
fusion8_c,512,3,42.7902,5099789511540172029
btree8,512,3,25.8362,5099789511540172029
fusion8,512,3,41.3620,5099789511540172029
fusion8_bf,512,3,44.0796,5099789511540172029
btree8_bl,512,3,23.2483,5099789511540172029
fusion16_w,512,3,51.4526,5099789511540172029
btree16_bl_a64,512,3,22.5998,5099789511540172029
fusion8_c,512,4,42.4515,5099789511540172029
btree8_bl,512,4,23.2025,5099789511540172029
btree16_bl_a64,512,4,22.4411,5099789511540172029
btree8,512,4,26.2695,5099789511540172029
btree8_bl_a64,512,4,21.7010,5099789511540172029
sorted_array,512,4,28.4286,5099789511540172029
btree8_a64,512,4,27.3712,5099789511540172029
fusion8_bf,512,4,43.7607,5099789511540172029
fusion16_w,512,4,51.4374,5099789511540172029
fusion8,512,4,41.5100,5099789511540172029
btree8_bl_a64,512,5,21.8018,5099789511540172029
btree8_bl,512,5,23.0545,5099789511540172029
fusion8_c,512,5,42.5354,5099789511540172029
btree16_bl_a64,512,5,22.6318,5099789511540172029
btree8,512,5,25.3113,5099789511540172029
btree8_a64,512,5,26.4572,5099789511540172029
fusion16_w,512,5,51.5137,5099789511540172029
sorted_array,512,5,28.7521,5099789511540172029
fusion8_bf,512,5,43.9575,5099789511540172029
fusion8,512,5,41.3788,5099789511540172029
fusion8,512,6,41.3315,5099789511540172029
btree8,512,6,26.0696,5099789511540172029
sorted_array,512,6,28.8635,5099789511540172029
btree16_bl_a64,512,6,23.0530,5099789511540172029
fusion16_w,512,6,51.4572,5099789511540172029
fusion8_c,512,6,42.3798,5099789511540172029
btree8_bl_a64,512,6,21.6965,5099789511540172029
btree8_a64,512,6,23.9349,5099789511540172029
btree8_bl,512,6,23.0759,5099789511540172029
fusion8_bf,512,6,43.8797,5099789511540172029
btree8,512,7,25.9201,5099789511540172029
btree8_a64,512,7,24.0372,5099789511540172029
fusion8_c,512,7,42.3782,5099789511540172029
fusion8_bf,512,7,43.8370,5099789511540172029
fusion8,512,7,41.4612,5099789511540172029
btree8_bl_a64,512,7,21.3715,5099789511540172029
fusion16_w,512,7,51.3229,5099789511540172029
btree16_bl_a64,512,7,22.5479,5099789511540172029
sorted_array,512,7,29.1931,5099789511540172029
btree8_bl,512,7,23.2590,5099789511540172029
sorted_array,512,8,28.2959,5099789511540172029
btree8_bl,512,8,23.2117,5099789511540172029
btree8_bl_a64,512,8,21.6888,5099789511540172029
btree16_bl_a64,512,8,22.5800,5099789511540172029
fusion8_bf,512,8,43.7729,5099789511540172029
fusion8,512,8,41.4062,5099789511540172029
fusion16_w,512,8,51.7319,5099789511540172029
fusion8_c,512,8,42.5369,5099789511540172029
btree8_a64,512,8,24.1852,5099789511540172029
btree8,512,8,27.4414,5099789511540172029
btree8_bl_a64,512,9,21.6629,5099789511540172029
btree8,512,9,25.2777,5099789511540172029
fusion16_w,512,9,51.0895,5099789511540172029
fusion8_c,512,9,42.4133,5099789511540172029
sorted_array,512,9,28.1723,5099789511540172029
btree8_a64,512,9,23.9670,5099789511540172029
btree16_bl_a64,512,9,22.4731,5099789511540172029
fusion8,512,9,41.6550,5099789511540172029
btree8_bl,512,9,23.2605,5099789511540172029
fusion8_bf,512,9,43.8797,5099789511540172029
btree8_bl,512,10,23.2010,5099789511540172029
btree8,512,10,25.1770,5099789511540172029
fusion8_c,512,10,42.3492,5099789511540172029
btree8_bl_a64,512,10,21.7453,5099789511540172029
btree8_a64,512,10,24.5789,5099789511540172029
sorted_array,512,10,28.3218,5099789511540172029
fusion16_w,512,10,51.7639,5099789511540172029
fusion8,512,10,41.5314,5099789511540172029
btree16_bl_a64,512,10,22.9416,5099789511540172029
fusion8_bf,512,10,43.8187,5099789511540172029
btree8_bl_a64,512,11,21.7545,5099789511540172029
fusion8_bf,512,11,43.8416,5099789511540172029
fusion8_c,512,11,42.3538,5099789511540172029
btree8_a64,512,11,24.4873,5099789511540172029
btree8_bl,512,11,23.3063,5099789511540172029
btree16_bl_a64,512,11,22.4869,5099789511540172029
fusion8,512,11,41.3971,5099789511540172029
fusion16_w,512,11,51.4679,5099789511540172029
sorted_array,512,11,30.6137,5099789511540172029
btree8,512,11,25.4044,5099789511540172029
btree8_bl_a64,512,12,21.7010,5099789511540172029
fusion8_bf,512,12,43.7805,5099789511540172029
fusion8_c,512,12,42.3660,5099789511540172029
btree8,512,12,25.5417,5099789511540172029
fusion8,512,12,41.3376,5099789511540172029
btree8_bl,512,12,23.2224,5099789511540172029
btree16_bl_a64,512,12,22.5815,5099789511540172029
btree8_a64,512,12,25.7401,5099789511540172029
sorted_array,512,12,28.6545,5099789511540172029
fusion16_w,512,12,54.1550,5099789511540172029
btree8,512,13,25.0656,5099789511540172029
fusion16_w,512,13,51.1246,5099789511540172029
btree8_a64,512,13,24.8734,5099789511540172029
sorted_array,512,13,28.4607,5099789511540172029
fusion8_bf,512,13,43.9438,5099789511540172029
fusion8,512,13,41.4078,5099789511540172029
btree8_bl,512,13,23.2864,5099789511540172029
btree16_bl_a64,512,13,22.5174,5099789511540172029
btree8_bl_a64,512,13,21.6766,5099789511540172029
fusion8_c,512,13,42.3126,5099789511540172029
btree8_bl_a64,512,14,21.6324,5099789511540172029
fusion8_bf,512,14,43.8797,5099789511540172029
btree8_a64,512,14,24.1699,5099789511540172029
btree8_bl,512,14,23.0942,5099789511540172029
btree16_bl_a64,512,14,22.4838,5099789511540172029
fusion16_w,512,14,51.3977,5099789511540172029
btree8,512,14,26.8417,5099789511540172029
fusion8_c,512,14,42.4118,5099789511540172029
sorted_array,512,14,27.6047,5099789511540172029
fusion8,512,14,41.0843,5099789511540172029
btree8,1024,0,29.7623,16675351655752164294
fusion16_w,1024,0,56.1081,16675351655752164294
btree8_a64,1024,0,29.2053,16675351655752164294
btree8_bl,1024,0,30.0674,16675351655752164294
fusion8_bf,1024,0,53.6194,16675351655752164294
fusion8,1024,0,50.6088,16675351655752164294
btree8_bl_a64,1024,0,27.5650,16675351655752164294
fusion8_c,1024,0,53.0502,16675351655752164294
sorted_array,1024,0,33.4991,16675351655752164294
btree16_bl_a64,1024,0,23.4512,16675351655752164294
btree8,1024,1,29.2496,16675351655752164294
fusion8,1024,1,49.3484,16675351655752164294
fusion8_bf,1024,1,53.8940,16675351655752164294
fusion8_c,1024,1,51.5518,16675351655752164294
fusion16_w,1024,1,56.0287,16675351655752164294
btree8_bl,1024,1,30.0766,16675351655752164294
sorted_array,1024,1,33.3801,16675351655752164294
btree16_bl_a64,1024,1,23.4711,16675351655752164294
btree8_bl_a64,1024,1,27.6825,16675351655752164294
btree8_a64,1024,1,28.5217,16675351655752164294
btree8,1024,2,30.8945,16675351655752164294
fusion8_bf,1024,2,53.8116,16675351655752164294
btree8_a64,1024,2,29.7256,16675351655752164294
btree8_bl,1024,2,29.9515,16675351655752164294
btree16_bl_a64,1024,2,23.0423,16675351655752164294
fusion8_c,1024,2,50.7294,16675351655752164294
fusion16_w,1024,2,56.0852,16675351655752164294
fusion8,1024,2,50.0534,16675351655752164294
sorted_array,1024,2,33.3099,16675351655752164294
btree8_bl_a64,1024,2,27.6855,16675351655752164294
sorted_array,1024,3,33.0551,16675351655752164294
fusion8_c,1024,3,51.5869,16675351655752164294
fusion16_w,1024,3,56.1096,16675351655752164294
btree16_bl_a64,1024,3,23.3704,16675351655752164294
fusion8,1024,3,49.7330,16675351655752164294
btree8_bl_a64,1024,3,27.5208,16675351655752164294
btree8_a64,1024,3,30.6122,16675351655752164294
fusion8_bf,1024,3,53.6957,16675351655752164294
btree8_bl,1024,3,29.9530,16675351655752164294
btree8,1024,3,31.7902,16675351655752164294
btree8_a64,1024,4,28.4454,16675351655752164294
btree8,1024,4,30.7083,16675351655752164294
fusion8_c,1024,4,51.6022,16675351655752164294
btree8_bl,1024,4,29.9210,16675351655752164294
sorted_array,1024,4,33.3191,16675351655752164294
fusion8_bf,1024,4,55.7663,16675351655752164294
btree8_bl_a64,1024,4,27.1225,16675351655752164294
btree16_bl_a64,1024,4,23.3704,16675351655752164294
fusion16_w,1024,4,56.2408,16675351655752164294
fusion8,1024,4,50.1221,16675351655752164294
fusion8,1024,5,49.9588,16675351655752164294
btree16_bl_a64,1024,5,23.3124,16675351655752164294
fusion16_w,1024,5,55.8929,16675351655752164294
btree8_bl,1024,5,29.9271,16675351655752164294
btree8_a64,1024,5,29.7989,16675351655752164294
fusion8_c,1024,5,51.5991,16675351655752164294
btree8,1024,5,30.0613,16675351655752164294
fusion8_bf,1024,5,53.7338,16675351655752164294
btree8_bl_a64,1024,5,27.3193,16675351655752164294
sorted_array,1024,5,32.7438,16675351655752164294
fusion16_w,1024,6,55.8029,16675351655752164294
btree8_bl,1024,6,29.9774,16675351655752164294
fusion8,1024,6,49.9603,16675351655752164294
btree8_a64,1024,6,30.4260,16675351655752164294
btree8,1024,6,29.2328,16675351655752164294
fusion8_c,1024,6,50.7217,16675351655752164294
sorted_array,1024,6,33.3221,16675351655752164294
btree8_bl_a64,1024,6,27.6978,16675351655752164294
btree16_bl_a64,1024,6,23.4741,16675351655752164294
fusion8_bf,1024,6,53.7491,16675351655752164294
sorted_array,1024,7,33.9798,16675351655752164294
fusion8_c,1024,7,51.1322,16675351655752164294
fusion8,1024,7,49.4568,16675351655752164294
btree16_bl_a64,1024,7,23.3459,16675351655752164294
fusion16_w,1024,7,56.1813,16675351655752164294
btree8,1024,7,31.1630,16675351655752164294
btree8_bl_a64,1024,7,27.9266,16675351655752164294
btree8_bl,1024,7,30.0629,16675351655752164294
btree8_a64,1024,7,29.4861,16675351655752164294
fusion8_bf,1024,7,52.9617,16675351655752164294
fusion8,1024,8,50.2243,16675351655752164294
btree8_bl,1024,8,30.1468,16675351655752164294
btree8_bl_a64,1024,8,27.5467,16675351655752164294
fusion8_c,1024,8,51.6846,16675351655752164294
fusion8_bf,1024,8,53.5294,16675351655752164294
btree16_bl_a64,1024,8,22.8577,16675351655752164294
sorted_array,1024,8,32.8873,16675351655752164294
btree8_a64,1024,8,29.3228,16675351655752164294
fusion16_w,1024,8,56.0104,16675351655752164294
btree8,1024,8,30.2612,16675351655752164294
fusion16_w,1024,9,55.9937,16675351655752164294
fusion8,1024,9,50.0778,16675351655752164294
btree8_a64,1024,9,28.2776,16675351655752164294
fusion8_bf,1024,9,53.6652,16675351655752164294
btree16_bl_a64,1024,9,23.3475,16675351655752164294
btree8_bl_a64,1024,9,27.6367,16675351655752164294
btree8_bl,1024,9,29.9667,16675351655752164294
fusion8_c,1024,9,52.0859,16675351655752164294
btree8,1024,9,30.0247,16675351655752164294
sorted_array,1024,9,33.9325,16675351655752164294
fusion8,1024,10,49.7253,16675351655752164294
btree16_bl_a64,1024,10,23.3765,16675351655752164294
fusion8_c,1024,10,52.4185,16675351655752164294
fusion8_bf,1024,10,53.6301,16675351655752164294
fusion16_w,1024,10,55.9998,16675351655752164294
btree8,1024,10,31.1722,16675351655752164294
sorted_array,1024,10,33.7662,16675351655752164294
btree8_bl,1024,10,29.9973,16675351655752164294
btree8_a64,1024,10,28.3539,16675351655752164294
btree8_bl_a64,1024,10,27.7222,16675351655752164294
btree8_bl_a64,1024,11,27.3911,16675351655752164294
sorted_array,1024,11,33.4290,16675351655752164294
btree8,1024,11,31.8436,16675351655752164294
fusion8,1024,11,49.8947,16675351655752164294
fusion8_bf,1024,11,55.2475,16675351655752164294
btree16_bl_a64,1024,11,23.3383,16675351655752164294
fusion16_w,1024,11,56.1569,16675351655752164294
btree8_a64,1024,11,29.4739,16675351655752164294
fusion8_c,1024,11,51.6647,16675351655752164294
btree8_bl,1024,11,29.9362,16675351655752164294
fusion16_w,1024,12,55.9860,16675351655752164294
fusion8,1024,12,49.7711,16675351655752164294
btree16_bl_a64,1024,12,23.4177,16675351655752164294
fusion8_bf,1024,12,55.5328,16675351655752164294
btree8_a64,1024,12,28.5339,16675351655752164294
sorted_array,1024,12,33.8501,16675351655752164294
btree8_bl_a64,1024,12,27.6169,16675351655752164294
btree8_bl,1024,12,29.9744,16675351655752164294
btree8,1024,12,32.4295,16675351655752164294
fusion8_c,1024,12,51.9577,16675351655752164294
btree8_bl,1024,13,30.0354,16675351655752164294
btree8,1024,13,31.4682,16675351655752164294
fusion16_w,1024,13,56.0272,16675351655752164294
sorted_array,1024,13,33.9783,16675351655752164294
btree8_bl_a64,1024,13,27.5970,16675351655752164294
fusion8_bf,1024,13,53.6682,16675351655752164294
btree16_bl_a64,1024,13,23.4085,16675351655752164294
fusion8_c,1024,13,52.0142,16675351655752164294
btree8_a64,1024,13,28.9764,16675351655752164294
fusion8,1024,13,50.1389,16675351655752164294
btree16_bl_a64,1024,14,23.3383,16675351655752164294
fusion8,1024,14,49.1653,16675351655752164294
sorted_array,1024,14,33.3755,16675351655752164294
fusion8_c,1024,14,53.1143,16675351655752164294
btree8,1024,14,29.5090,16675351655752164294
btree8_bl_a64,1024,14,27.5452,16675351655752164294
btree8_bl,1024,14,30.0140,16675351655752164294
fusion16_w,1024,14,56.2531,16675351655752164294
btree8_a64,1024,14,28.0472,16675351655752164294
fusion8_bf,1024,14,52.6535,16675351655752164294
fusion8,2048,0,58.0383,12960468969644381222
fusion16_w,2048,0,59.1782,12960468969644381222
btree8_bl_a64,2048,0,29.7256,12960468969644381222
btree8_bl,2048,0,33.0719,12960468969644381222
fusion8_c,2048,0,57.8079,12960468969644381222
btree16_bl_a64,2048,0,23.0484,12960468969644381222
sorted_array,2048,0,38.5895,12960468969644381222
btree8_a64,2048,0,32.9651,12960468969644381222
btree8,2048,0,35.4797,12960468969644381222
fusion8_bf,2048,0,60.4019,12960468969644381222
fusion8,2048,1,57.9865,12960468969644381222
btree16_bl_a64,2048,1,23.0774,12960468969644381222
sorted_array,2048,1,38.5880,12960468969644381222
btree8_a64,2048,1,33.2809,12960468969644381222
btree8,2048,1,36.4014,12960468969644381222
fusion16_w,2048,1,59.0271,12960468969644381222
fusion8_bf,2048,1,60.2966,12960468969644381222
fusion8_c,2048,1,57.6706,12960468969644381222
btree8_bl,2048,1,32.8400,12960468969644381222
btree8_bl_a64,2048,1,29.8050,12960468969644381222
fusion16_w,2048,2,59.4559,12960468969644381222
btree16_bl_a64,2048,2,23.0270,12960468969644381222
btree8,2048,2,33.7189,12960468969644381222
fusion8_c,2048,2,57.7225,12960468969644381222
sorted_array,2048,2,38.4750,12960468969644381222
btree8_a64,2048,2,32.6324,12960468969644381222
fusion8,2048,2,58.0017,12960468969644381222
fusion8_bf,2048,2,60.6125,12960468969644381222
btree8_bl,2048,2,32.8384,12960468969644381222
btree8_bl_a64,2048,2,29.9515,12960468969644381222
btree8_bl,2048,3,32.8156,12960468969644381222
fusion8_c,2048,3,57.9071,12960468969644381222
sorted_array,2048,3,38.5422,12960468969644381222
btree8_a64,2048,3,33.4290,12960468969644381222
fusion8_bf,2048,3,60.4675,12960468969644381222
btree16_bl_a64,2048,3,23.0194,12960468969644381222
btree8_bl_a64,2048,3,29.8828,12960468969644381222
btree8,2048,3,33.5617,12960468969644381222
fusion16_w,2048,3,58.9920,12960468969644381222
fusion8,2048,3,58.3466,12960468969644381222
btree16_bl_a64,2048,4,23.0194,12960468969644381222
sorted_array,2048,4,38.5056,12960468969644381222
fusion16_w,2048,4,59.4299,12960468969644381222
btree8_bl,2048,4,32.9819,12960468969644381222
btree8_bl_a64,2048,4,29.9240,12960468969644381222
fusion8,2048,4,58.0246,12960468969644381222
btree8_a64,2048,4,33.5434,12960468969644381222
fusion8_bf,2048,4,60.1349,12960468969644381222
btree8,2048,4,34.8969,12960468969644381222
fusion8_c,2048,4,57.5150,12960468969644381222
fusion8,2048,5,57.6355,12960468969644381222
btree8_bl,2048,5,32.9651,12960468969644381222
btree8,2048,5,37.6419,12960468969644381222
fusion8_c,2048,5,57.6630,12960468969644381222
sorted_array,2048,5,38.4293,12960468969644381222
btree8_a64,2048,5,33.4320,12960468969644381222
btree16_bl_a64,2048,5,23.1079,12960468969644381222
btree8_bl_a64,2048,5,29.8096,12960468969644381222
fusion8_bf,2048,5,60.1364,12960468969644381222
fusion16_w,2048,5,59.2331,12960468969644381222
btree8,2048,6,34.9930,12960468969644381222
sorted_array,2048,6,38.8687,12960468969644381222
fusion8,2048,6,59.3567,12960468969644381222
btree8_bl_a64,2048,6,29.9713,12960468969644381222
fusion8_c,2048,6,57.6950,12960468969644381222
fusion8_bf,2048,6,60.3333,12960468969644381222
fusion16_w,2048,6,59.0836,12960468969644381222
btree16_bl_a64,2048,6,23.1812,12960468969644381222
btree8_a64,2048,6,33.0704,12960468969644381222
btree8_bl,2048,6,32.9041,12960468969644381222
fusion8_bf,2048,7,60.0494,12960468969644381222
btree8,2048,7,34.0363,12960468969644381222
btree8_bl,2048,7,32.9056,12960468969644381222
btree16_bl_a64,2048,7,22.9797,12960468969644381222
btree8_bl_a64,2048,7,29.8782,12960468969644381222
fusion8_c,2048,7,57.5623,12960468969644381222
btree8_a64,2048,7,32.5516,12960468969644381222
sorted_array,2048,7,38.7512,12960468969644381222
fusion16_w,2048,7,59.2621,12960468969644381222
fusion8,2048,7,57.9346,12960468969644381222
fusion16_w,2048,8,59.0210,12960468969644381222
btree8,2048,8,37.6785,12960468969644381222
btree8_bl_a64,2048,8,29.8996,12960468969644381222
fusion8_c,2048,8,57.8873,12960468969644381222
btree8_bl,2048,8,32.8033,12960468969644381222
btree8_a64,2048,8,32.1701,12960468969644381222
fusion8_bf,2048,8,60.0967,12960468969644381222
btree16_bl_a64,2048,8,23.0255,12960468969644381222
sorted_array,2048,8,38.5483,12960468969644381222
fusion8,2048,8,60.3607,12960468969644381222
btree8_a64,2048,9,33.1757,12960468969644381222
fusion8,2048,9,57.9300,12960468969644381222
btree8,2048,9,36.0886,12960468969644381222
fusion16_w,2048,9,59.1629,12960468969644381222
btree16_bl_a64,2048,9,23.0743,12960468969644381222
btree8_bl,2048,9,32.9208,12960468969644381222
btree8_bl_a64,2048,9,29.9057,12960468969644381222
fusion8_bf,2048,9,60.2036,12960468969644381222
sorted_array,2048,9,38.3911,12960468969644381222
fusion8_c,2048,9,59.7504,12960468969644381222
btree16_bl_a64,2048,10,23.0545,12960468969644381222
sorted_array,2048,10,38.4537,12960468969644381222
btree8_bl,2048,10,33.1009,12960468969644381222
fusion8_c,2048,10,57.8033,12960468969644381222
fusion8,2048,10,57.9575,12960468969644381222
btree8,2048,10,34.0073,12960468969644381222
fusion16_w,2048,10,58.9905,12960468969644381222
btree8_bl_a64,2048,10,29.8340,12960468969644381222
fusion8_bf,2048,10,60.4965,12960468969644381222
btree8_a64,2048,10,32.8552,12960468969644381222
btree8,2048,11,34.0759,12960468969644381222
btree8_bl_a64,2048,11,29.7989,12960468969644381222
btree8_a64,2048,11,32.6828,12960468969644381222
fusion8_bf,2048,11,59.9533,12960468969644381222
btree8_bl,2048,11,32.9041,12960468969644381222
fusion8_c,2048,11,57.8674,12960468969644381222
fusion16_w,2048,11,60.9146,12960468969644381222
btree16_bl_a64,2048,11,23.1049,12960468969644381222
fusion8,2048,11,57.8308,12960468969644381222
sorted_array,2048,11,39.0182,12960468969644381222
sorted_array,2048,12,38.9725,12960468969644381222
btree16_bl_a64,2048,12,23.0057,12960468969644381222
btree8_bl_a64,2048,12,30.0323,12960468969644381222
fusion8_c,2048,12,57.5958,12960468969644381222
btree8_bl,2048,12,32.9269,12960468969644381222
btree8,2048,12,35.0250,12960468969644381222
fusion8_bf,2048,12,60.3500,12960468969644381222
fusion16_w,2048,12,59.1797,12960468969644381222
btree8_a64,2048,12,34.2484,12960468969644381222
fusion8,2048,12,58.3206,12960468969644381222
fusion16_w,2048,13,59.0103,12960468969644381222
btree8_bl,2048,13,32.9071,12960468969644381222
fusion8,2048,13,56.9489,12960468969644381222
btree16_bl_a64,2048,13,23.1476,12960468969644381222
fusion8_c,2048,13,57.9285,12960468969644381222
btree8_a64,2048,13,32.9559,12960468969644381222
btree8,2048,13,35.7727,12960468969644381222
sorted_array,2048,13,38.4933,12960468969644381222
btree8_bl_a64,2048,13,29.9927,12960468969644381222
fusion8_bf,2048,13,61.0062,12960468969644381222
btree8_bl,2048,14,32.8613,12960468969644381222
btree16_bl_a64,2048,14,23.1186,12960468969644381222
btree8,2048,14,33.9966,12960468969644381222
fusion8_bf,2048,14,60.3821,12960468969644381222
fusion8,2048,14,57.4554,12960468969644381222
btree8_a64,2048,14,33.8547,12960468969644381222
btree8_bl_a64,2048,14,29.8813,12960468969644381222
sorted_array,2048,14,38.4689,12960468969644381222
fusion16_w,2048,14,59.4040,12960468969644381222
fusion8_c,2048,14,57.7484,12960468969644381222
sorted_array,4096,0,42.3813,4803135936880507992
btree8,4096,0,37.9913,4803135936880507992
fusion8_c,4096,0,59.6985,4803135936880507992
fusion8_bf,4096,0,62.7716,4803135936880507992
btree8_bl,4096,0,31.8893,4803135936880507992
fusion16_w,4096,0,59.4666,4803135936880507992
fusion8,4096,0,60.5042,4803135936880507992
btree8_bl_a64,4096,0,29.4952,4803135936880507992
btree16_bl_a64,4096,0,22.7112,4803135936880507992
btree8_a64,4096,0,36.5036,4803135936880507992
fusion16_w,4096,1,59.0271,4803135936880507992
btree16_bl_a64,4096,1,22.6624,4803135936880507992
btree8_bl,4096,1,32.1228,4803135936880507992
btree8_bl_a64,4096,1,29.3015,4803135936880507992
btree8_a64,4096,1,36.7798,4803135936880507992
fusion8_bf,4096,1,62.8174,4803135936880507992
sorted_array,4096,1,42.5156,4803135936880507992
fusion8_c,4096,1,60.8521,4803135936880507992
fusion8,4096,1,60.3851,4803135936880507992
btree8,4096,1,40.7974,4803135936880507992
btree8_bl,4096,2,32.1518,4803135936880507992
fusion8_bf,4096,2,62.6343,4803135936880507992
btree8_bl_a64,4096,2,29.4373,4803135936880507992
fusion16_w,4096,2,59.3155,4803135936880507992
btree8_a64,4096,2,36.3937,4803135936880507992
btree8,4096,2,38.2172,4803135936880507992
btree16_bl_a64,4096,2,22.7646,4803135936880507992
fusion8_c,4096,2,59.6863,4803135936880507992
fusion8,4096,2,60.1334,4803135936880507992
sorted_array,4096,2,42.9962,4803135936880507992
fusion8_c,4096,3,59.6939,4803135936880507992
fusion8_bf,4096,3,62.7151,4803135936880507992
btree8,4096,3,37.4084,4803135936880507992
fusion8,4096,3,60.2371,4803135936880507992
btree16_bl_a64,4096,3,22.7264,4803135936880507992
btree8_bl,4096,3,31.8451,4803135936880507992
sorted_array,4096,3,42.6239,4803135936880507992
fusion16_w,4096,3,59.4742,4803135936880507992
btree8_a64,4096,3,36.7325,4803135936880507992
btree8_bl_a64,4096,3,29.4235,4803135936880507992
btree8_bl,4096,4,32.0221,4803135936880507992
fusion8_c,4096,4,59.2255,4803135936880507992
fusion8,4096,4,59.9747,4803135936880507992
btree8_bl_a64,4096,4,29.5731,4803135936880507992
btree8,4096,4,40.0467,4803135936880507992
sorted_array,4096,4,42.3462,4803135936880507992
fusion16_w,4096,4,59.5749,4803135936880507992
btree16_bl_a64,4096,4,22.8638,4803135936880507992
fusion8_bf,4096,4,62.9700,4803135936880507992
btree8_a64,4096,4,36.1618,4803135936880507992
btree8_bl_a64,4096,5,29.4067,4803135936880507992
btree16_bl_a64,4096,5,22.6715,4803135936880507992
fusion8_c,4096,5,59.8618,4803135936880507992
btree8,4096,5,37.5122,4803135936880507992
fusion16_w,4096,5,59.3124,4803135936880507992
btree8_bl,4096,5,32.0267,4803135936880507992
sorted_array,4096,5,42.4515,4803135936880507992
btree8_a64,4096,5,37.1567,4803135936880507992
fusion8,4096,5,60.1624,4803135936880507992
fusion8_bf,4096,5,63.3591,4803135936880507992
fusion8_bf,4096,6,63.3011,4803135936880507992
btree8_bl,4096,6,32.1869,4803135936880507992
sorted_array,4096,6,42.5064,4803135936880507992
btree8,4096,6,37.5031,4803135936880507992
fusion16_w,4096,6,59.1843,4803135936880507992
btree16_bl_a64,4096,6,22.7234,4803135936880507992
btree8_a64,4096,6,35.8917,4803135936880507992
fusion8,4096,6,60.3226,4803135936880507992
fusion8_c,4096,6,60.0906,4803135936880507992
btree8_bl_a64,4096,6,29.3839,4803135936880507992
btree8,4096,7,38.1226,4803135936880507992
sorted_array,4096,7,42.3264,4803135936880507992
fusion8_c,4096,7,59.5551,4803135936880507992
fusion16_w,4096,7,59.5352,4803135936880507992
btree8_bl_a64,4096,7,29.3884,4803135936880507992
btree8_a64,4096,7,36.2381,4803135936880507992
fusion8_bf,4096,7,62.4847,4803135936880507992
btree16_bl_a64,4096,7,22.2000,4803135936880507992
btree8_bl,4096,7,31.6223,4803135936880507992
fusion8,4096,7,60.3897,4803135936880507992
btree8,4096,8,37.7502,4803135936880507992
btree8_a64,4096,8,36.6760,4803135936880507992
fusion8_c,4096,8,59.8434,4803135936880507992
sorted_array,4096,8,41.9373,4803135936880507992
btree16_bl_a64,4096,8,22.3663,4803135936880507992
btree8_bl_a64,4096,8,29.4083,4803135936880507992
fusion8_bf,4096,8,62.8189,4803135936880507992
fusion16_w,4096,8,59.3369,4803135936880507992
btree8_bl,4096,8,32.0312,4803135936880507992
fusion8,4096,8,59.7092,4803135936880507992
fusion16_w,4096,9,59.0530,4803135936880507992
btree8_a64,4096,9,37.7731,4803135936880507992
sorted_array,4096,9,42.4561,4803135936880507992
btree8_bl_a64,4096,9,29.3716,4803135936880507992
btree8,4096,9,37.1368,4803135936880507992
fusion8_bf,4096,9,62.2726,4803135936880507992
fusion8_c,4096,9,59.7778,4803135936880507992
fusion8,4096,9,60.3409,4803135936880507992
btree8_bl,4096,9,32.0847,4803135936880507992
btree16_bl_a64,4096,9,22.7173,4803135936880507992
sorted_array,4096,10,42.4164,4803135936880507992
fusion16_w,4096,10,59.5764,4803135936880507992
fusion8,4096,10,60.1639,4803135936880507992
btree8_bl_a64,4096,10,29.4754,4803135936880507992
fusion8_c,4096,10,60.7025,4803135936880507992
btree8_a64,4096,10,35.9344,4803135936880507992
btree8,4096,10,38.2782,4803135936880507992
btree8_bl,4096,10,32.0618,4803135936880507992
btree16_bl_a64,4096,10,22.6456,4803135936880507992
fusion8_bf,4096,10,62.6999,4803135936880507992
btree8_bl,4096,11,32.0526,4803135936880507992
btree8_a64,4096,11,35.6400,4803135936880507992
fusion8,4096,11,60.1807,4803135936880507992
btree8_bl_a64,4096,11,29.3518,4803135936880507992
fusion8_c,4096,11,59.8022,4803135936880507992
fusion8_bf,4096,11,62.8998,4803135936880507992
btree16_bl_a64,4096,11,22.6746,4803135936880507992
btree8,4096,11,37.4374,4803135936880507992
fusion16_w,4096,11,59.2453,4803135936880507992
sorted_array,4096,11,42.3584,4803135936880507992
btree8_bl_a64,4096,12,29.2801,4803135936880507992
fusion8_c,4096,12,59.7748,4803135936880507992
btree8_a64,4096,12,36.4243,4803135936880507992
btree16_bl_a64,4096,12,22.7417,4803135936880507992
btree8_bl,4096,12,32.1320,4803135936880507992
btree8,4096,12,38.2614,4803135936880507992
fusion8_bf,4096,12,62.6221,4803135936880507992
fusion8,4096,12,59.9838,4803135936880507992
fusion16_w,4096,12,59.6130,4803135936880507992
sorted_array,4096,12,42.3660,4803135936880507992
btree8_a64,4096,13,37.0148,4803135936880507992
fusion8,4096,13,60.1074,4803135936880507992
btree8_bl,4096,13,31.8848,4803135936880507992
sorted_array,4096,13,42.2043,4803135936880507992
btree8_bl_a64,4096,13,29.5883,4803135936880507992
fusion16_w,4096,13,59.5657,4803135936880507992
btree8,4096,13,37.9196,4803135936880507992
fusion8_bf,4096,13,62.8021,4803135936880507992
btree16_bl_a64,4096,13,22.5952,4803135936880507992
fusion8_c,4096,13,59.8923,4803135936880507992
btree8_bl_a64,4096,14,29.4891,4803135936880507992
fusion8,4096,14,60.1288,4803135936880507992
fusion16_w,4096,14,59.4193,4803135936880507992
fusion8_c,4096,14,60.3180,4803135936880507992
btree8_bl,4096,14,31.9504,4803135936880507992
fusion8_bf,4096,14,62.7502,4803135936880507992
btree16_bl_a64,4096,14,22.7051,4803135936880507992
btree8,4096,14,37.2650,4803135936880507992
btree8_a64,4096,14,36.8607,4803135936880507992
sorted_array,4096,14,42.2104,4803135936880507992
fusion8_bf,8192,0,72.5769,159033305566865313
fusion8_c,8192,0,68.1274,159033305566865313
sorted_array,8192,0,47.9172,159033305566865313
btree8_bl,8192,0,39.7659,159033305566865313
btree8,8192,0,42.0074,159033305566865313
btree16_bl_a64,8192,0,36.5341,159033305566865313
btree8_bl_a64,8192,0,35.5896,159033305566865313
fusion8,8192,0,69.7784,159033305566865313
btree8_a64,8192,0,41.5909,159033305566865313
fusion16_w,8192,0,76.6006,159033305566865313
fusion8_bf,8192,1,72.6349,159033305566865313
btree8_a64,8192,1,39.5615,159033305566865313
fusion8_c,8192,1,68.7500,159033305566865313
fusion16_w,8192,1,75.8514,159033305566865313
sorted_array,8192,1,47.9889,159033305566865313
btree16_bl_a64,8192,1,35.5942,159033305566865313
btree8_bl_a64,8192,1,35.5759,159033305566865313
btree8,8192,1,41.3788,159033305566865313
btree8_bl,8192,1,38.1775,159033305566865313
fusion8,8192,1,69.0018,159033305566865313
btree16_bl_a64,8192,2,34.0302,159033305566865313
btree8_a64,8192,2,40.1123,159033305566865313
fusion8,8192,2,68.3167,159033305566865313
sorted_array,8192,2,48.5641,159033305566865313
fusion8_c,8192,2,68.3334,159033305566865313
btree8_bl_a64,8192,2,34.3231,159033305566865313
fusion16_w,8192,2,78.4851,159033305566865313
fusion8_bf,8192,2,72.3618,159033305566865313
btree8_bl,8192,2,37.5885,159033305566865313
btree8,8192,2,43.6020,159033305566865313
fusion8_bf,8192,3,70.4178,159033305566865313
btree8,8192,3,40.4343,159033305566865313
btree16_bl_a64,8192,3,35.0479,159033305566865313
btree8_a64,8192,3,40.7227,159033305566865313
btree8_bl,8192,3,37.2391,159033305566865313
fusion8_c,8192,3,68.0542,159033305566865313
sorted_array,8192,3,48.1155,159033305566865313
fusion16_w,8192,3,77.1881,159033305566865313
fusion8,8192,3,69.7006,159033305566865313
btree8_bl_a64,8192,3,35.4294,159033305566865313
btree8_bl,8192,4,37.6770,159033305566865313
btree8,8192,4,40.7608,159033305566865313
btree8_a64,8192,4,40.8020,159033305566865313
sorted_array,8192,4,48.3292,159033305566865313
btree8_bl_a64,8192,4,35.0327,159033305566865313
fusion8_c,8192,4,68.5059,159033305566865313
fusion8_bf,8192,4,72.7463,159033305566865313
fusion16_w,8192,4,76.8585,159033305566865313
btree16_bl_a64,8192,4,36.3251,159033305566865313
fusion8,8192,4,70.6085,159033305566865313
btree8_bl,8192,5,38.0737,159033305566865313
btree8_bl_a64,8192,5,34.9335,159033305566865313
btree8_a64,8192,5,40.4373,159033305566865313
btree16_bl_a64,8192,5,34.1980,159033305566865313
sorted_array,8192,5,47.9538,159033305566865313
fusion16_w,8192,5,79.8721,159033305566865313
fusion8_c,8192,5,68.5394,159033305566865313
fusion8_bf,8192,5,72.0337,159033305566865313
fusion8,8192,5,68.3441,159033305566865313
btree8,8192,5,44.1101,159033305566865313
sorted_array,8192,6,47.9019,159033305566865313
fusion8,8192,6,67.3965,159033305566865313
fusion8_c,8192,6,69.0109,159033305566865313
fusion16_w,8192,6,76.7609,159033305566865313
fusion8_bf,8192,6,71.7773,159033305566865313
btree8_bl,8192,6,38.1622,159033305566865313
btree8_a64,8192,6,40.8997,159033305566865313
btree8,8192,6,41.9479,159033305566865313
btree16_bl_a64,8192,6,35.4324,159033305566865313
btree8_bl_a64,8192,6,35.2814,159033305566865313
btree8_bl_a64,8192,7,34.3246,159033305566865313
sorted_array,8192,7,48.0270,159033305566865313
fusion8_bf,8192,7,72.8867,159033305566865313
btree8,8192,7,41.2216,159033305566865313
btree16_bl_a64,8192,7,33.7326,159033305566865313
fusion8,8192,7,68.3289,159033305566865313
btree8_bl,8192,7,37.9974,159033305566865313
fusion8_c,8192,7,69.1696,159033305566865313
btree8_a64,8192,7,40.0925,159033305566865313
fusion16_w,8192,7,77.3010,159033305566865313
fusion8,8192,8,68.9835,159033305566865313
btree16_bl_a64,8192,8,34.3491,159033305566865313
btree8_a64,8192,8,39.4592,159033305566865313
fusion16_w,8192,8,75.9750,159033305566865313
btree8_bl_a64,8192,8,35.1776,159033305566865313
fusion8_c,8192,8,68.8354,159033305566865313
fusion8_bf,8192,8,72.5632,159033305566865313
btree8,8192,8,41.3986,159033305566865313
btree8_bl,8192,8,37.6923,159033305566865313
sorted_array,8192,8,48.3383,159033305566865313
sorted_array,8192,9,47.9294,159033305566865313
btree8,8192,9,41.0110,159033305566865313
fusion8_c,8192,9,68.0573,159033305566865313
fusion8,8192,9,68.9056,159033305566865313
fusion16_w,8192,9,79.3411,159033305566865313
btree8_bl,8192,9,37.8952,159033305566865313
fusion8_bf,8192,9,73.1689,159033305566865313
btree16_bl_a64,8192,9,35.3287,159033305566865313
btree8_bl_a64,8192,9,35.0082,159033305566865313
btree8_a64,8192,9,40.2267,159033305566865313
fusion16_w,8192,10,76.1719,159033305566865313
btree16_bl_a64,8192,10,34.2651,159033305566865313
btree8_a64,8192,10,39.0152,159033305566865313
fusion8_bf,8192,10,71.5210,159033305566865313
sorted_array,8192,10,48.3795,159033305566865313
btree8,8192,10,41.6321,159033305566865313
fusion8,8192,10,69.6579,159033305566865313
fusion8_c,8192,10,68.0771,159033305566865313
btree8_bl,8192,10,37.9028,159033305566865313
btree8_bl_a64,8192,10,35.4156,159033305566865313
btree8,8192,11,41.2476,159033305566865313
fusion8,8192,11,68.6020,159033305566865313
btree8_a64,8192,11,39.7552,159033305566865313
fusion8_c,8192,11,66.8915,159033305566865313
btree16_bl_a64,8192,11,34.3506,159033305566865313
btree8_bl_a64,8192,11,34.6359,159033305566865313
btree8_bl,8192,11,37.4802,159033305566865313
fusion8_bf,8192,11,74.5071,159033305566865313
sorted_array,8192,11,47.7661,159033305566865313
fusion16_w,8192,11,79.4937,159033305566865313
fusion8_c,8192,12,68.3426,159033305566865313
btree8_bl,8192,12,37.3657,159033305566865313
fusion8_bf,8192,12,72.4060,159033305566865313
btree16_bl_a64,8192,12,34.6191,159033305566865313
sorted_array,8192,12,48.8586,159033305566865313
fusion8,8192,12,69.1162,159033305566865313
btree8_a64,8192,12,41.3239,159033305566865313
fusion16_w,8192,12,76.6525,159033305566865313
btree8_bl_a64,8192,12,34.2789,159033305566865313
btree8,8192,12,42.2577,159033305566865313
btree8_bl,8192,13,37.6083,159033305566865313
btree8_bl_a64,8192,13,34.4223,159033305566865313
btree16_bl_a64,8192,13,34.5139,159033305566865313
btree8,8192,13,42.5995,159033305566865313
fusion8_bf,8192,13,72.5449,159033305566865313
fusion16_w,8192,13,76.9043,159033305566865313
fusion8,8192,13,68.4555,159033305566865313
sorted_array,8192,13,48.8541,159033305566865313
btree8_a64,8192,13,41.2872,159033305566865313
fusion8_c,8192,13,68.9026,159033305566865313
fusion16_w,8192,14,76.0086,159033305566865313
fusion8,8192,14,68.5455,159033305566865313
btree16_bl_a64,8192,14,36.1191,159033305566865313
btree8_a64,8192,14,40.8340,159033305566865313
btree8_bl_a64,8192,14,35.1868,159033305566865313
fusion8_bf,8192,14,72.8592,159033305566865313
sorted_array,8192,14,48.5840,159033305566865313
btree8,8192,14,41.5939,159033305566865313
fusion8_c,8192,14,68.3182,159033305566865313
btree8_bl,8192,14,38.1927,159033305566865313
fusion8,16384,0,86.2381,9658500957361859441
btree16_bl_a64,16384,0,41.8945,9658500957361859441
btree8,16384,0,50.1205,9658500957361859441
fusion8_c,16384,0,81.2881,9658500957361859441
btree8_bl,16384,0,48.7869,9658500957361859441
sorted_array,16384,0,54.6982,9658500957361859441
btree8_a64,16384,0,51.9073,9658500957361859441
fusion16_w,16384,0,86.6058,9658500957361859441
fusion8_bf,16384,0,88.2767,9658500957361859441
btree8_bl_a64,16384,0,46.5790,9658500957361859441
fusion8_c,16384,1,80.2139,9658500957361859441
fusion8_bf,16384,1,83.8226,9658500957361859441
btree8_bl,16384,1,47.0215,9658500957361859441
btree16_bl_a64,16384,1,42.4530,9658500957361859441
fusion16_w,16384,1,86.3266,9658500957361859441
btree8_bl_a64,16384,1,44.1620,9658500957361859441
btree8,16384,1,49.9954,9658500957361859441
btree8_a64,16384,1,49.8062,9658500957361859441
sorted_array,16384,1,55.0308,9658500957361859441
fusion8,16384,1,86.4395,9658500957361859441
btree8_bl_a64,16384,2,43.4586,9658500957361859441
sorted_array,16384,2,54.8904,9658500957361859441
fusion8_bf,16384,2,85.4538,9658500957361859441
btree8,16384,2,48.8281,9658500957361859441
fusion8_c,16384,2,81.1951,9658500957361859441
btree8_bl,16384,2,47.0673,9658500957361859441
btree16_bl_a64,16384,2,41.9189,9658500957361859441
fusion16_w,16384,2,87.3016,9658500957361859441
btree8_a64,16384,2,48.0423,9658500957361859441
fusion8,16384,2,83.0383,9658500957361859441
btree16_bl_a64,16384,3,40.4373,9658500957361859441
btree8,16384,3,49.4705,9658500957361859441
fusion16_w,16384,3,83.5312,9658500957361859441
fusion8,16384,3,79.4998,9658500957361859441
btree8_bl_a64,16384,3,43.8232,9658500957361859441
fusion8_c,16384,3,83.8501,9658500957361859441
btree8_a64,16384,3,47.3740,9658500957361859441
sorted_array,16384,3,54.6204,9658500957361859441
fusion8_bf,16384,3,88.5406,9658500957361859441
btree8_bl,16384,3,47.5983,9658500957361859441
btree8_bl,16384,4,44.4901,9658500957361859441
btree8_bl_a64,16384,4,43.1686,9658500957361859441
fusion8_bf,16384,4,82.0663,9658500957361859441
fusion8,16384,4,82.7103,9658500957361859441
fusion16_w,16384,4,87.4756,9658500957361859441
btree8,16384,4,50.1450,9658500957361859441
sorted_array,16384,4,55.0507,9658500957361859441
btree8_a64,16384,4,49.6368,9658500957361859441
btree16_bl_a64,16384,4,43.4433,9658500957361859441
fusion8_c,16384,4,83.2428,9658500957361859441
btree8_bl,16384,5,48.0988,9658500957361859441
btree8_a64,16384,5,48.6099,9658500957361859441
btree8,16384,5,49.7711,9658500957361859441
btree16_bl_a64,16384,5,39.5126,9658500957361859441
fusion16_w,16384,5,87.0087,9658500957361859441
btree8_bl_a64,16384,5,47.0062,9658500957361859441
sorted_array,16384,5,55.2017,9658500957361859441
fusion8_c,16384,5,81.7017,9658500957361859441
fusion8,16384,5,86.9034,9658500957361859441
fusion8_bf,16384,5,87.6846,9658500957361859441
sorted_array,16384,6,55.1437,9658500957361859441
btree16_bl_a64,16384,6,41.2430,9658500957361859441
fusion8,16384,6,86.0458,9658500957361859441
btree8_bl_a64,16384,6,45.9030,9658500957361859441
btree8_a64,16384,6,50.3403,9658500957361859441
fusion16_w,16384,6,86.6470,9658500957361859441
btree8_bl,16384,6,48.9670,9658500957361859441
fusion8_bf,16384,6,85.7788,9658500957361859441
btree8,16384,6,51.0361,9658500957361859441
fusion8_c,16384,6,83.8272,9658500957361859441
fusion16_w,16384,7,85.4279,9658500957361859441
btree8_bl,16384,7,48.4650,9658500957361859441
fusion8_bf,16384,7,84.5016,9658500957361859441
btree16_bl_a64,16384,7,43.2343,9658500957361859441
btree8,16384,7,49.6277,9658500957361859441
btree8_bl_a64,16384,7,46.5286,9658500957361859441
btree8_a64,16384,7,49.9435,9658500957361859441
fusion8_c,16384,7,82.6202,9658500957361859441
fusion8,16384,7,86.4761,9658500957361859441
sorted_array,16384,7,54.0344,9658500957361859441
btree16_bl_a64,16384,8,39.9231,9658500957361859441
btree8_a64,16384,8,48.9227,9658500957361859441
btree8,16384,8,49.4659,9658500957361859441
sorted_array,16384,8,54.7440,9658500957361859441
btree8_bl_a64,16384,8,44.7311,9658500957361859441
fusion8_c,16384,8,81.3873,9658500957361859441
btree8_bl,16384,8,48.6832,9658500957361859441
fusion8,16384,8,82.9544,9658500957361859441
fusion8_bf,16384,8,88.4399,9658500957361859441
fusion16_w,16384,8,89.1754,9658500957361859441
sorted_array,16384,9,54.6936,9658500957361859441
btree8,16384,9,50.0366,9658500957361859441
btree16_bl_a64,16384,9,41.8488,9658500957361859441
fusion8_bf,16384,9,84.8846,9658500957361859441
fusion8,16384,9,84.8953,9658500957361859441
btree8_bl,16384,9,48.2635,9658500957361859441
fusion16_w,16384,9,86.9507,9658500957361859441
btree8_a64,16384,9,49.9252,9658500957361859441
btree8_bl_a64,16384,9,46.6568,9658500957361859441
fusion8_c,16384,9,83.3282,9658500957361859441
btree8,16384,10,50.5814,9658500957361859441
fusion8_bf,16384,10,86.1664,9658500957361859441
fusion8_c,16384,10,80.7678,9658500957361859441
btree8_a64,16384,10,49.1470,9658500957361859441
fusion16_w,16384,10,86.6928,9658500957361859441
fusion8,16384,10,85.6384,9658500957361859441
btree16_bl_a64,16384,10,43.0008,9658500957361859441
btree8_bl,16384,10,48.7534,9658500957361859441
btree8_bl_a64,16384,10,46.9666,9658500957361859441
sorted_array,16384,10,54.6906,9658500957361859441
fusion8,16384,11,85.7788,9658500957361859441
btree8_a64,16384,11,49.9847,9658500957361859441
btree8_bl_a64,16384,11,42.9977,9658500957361859441
fusion8_bf,16384,11,87.1521,9658500957361859441
fusion8_c,16384,11,81.9107,9658500957361859441
btree8,16384,11,49.8444,9658500957361859441
sorted_array,16384,11,53.5980,9658500957361859441
btree16_bl_a64,16384,11,40.9790,9658500957361859441
btree8_bl,16384,11,46.1136,9658500957361859441
fusion16_w,16384,11,87.9715,9658500957361859441
btree8_a64,16384,12,47.7234,9658500957361859441
sorted_array,16384,12,54.1931,9658500957361859441
btree8,16384,12,48.3307,9658500957361859441
btree8_bl,16384,12,44.2001,9658500957361859441
btree8_bl_a64,16384,12,43.6783,9658500957361859441
fusion8_c,16384,12,79.2770,9658500957361859441
fusion8,16384,12,81.3751,9658500957361859441
fusion16_w,16384,12,82.6004,9658500957361859441
btree16_bl_a64,16384,12,38.7268,9658500957361859441
fusion8_bf,16384,12,85.5835,9658500957361859441
btree16_bl_a64,16384,13,36.9171,9658500957361859441
btree8_bl,16384,13,44.2657,9658500957361859441
fusion8_c,16384,13,78.4348,9658500957361859441
btree8,16384,13,48.0621,9658500957361859441
fusion16_w,16384,13,81.4499,9658500957361859441
btree8_bl_a64,16384,13,42.2729,9658500957361859441
btree8_a64,16384,13,47.8256,9658500957361859441
fusion8_bf,16384,13,86.5555,9658500957361859441
fusion8,16384,13,82.2647,9658500957361859441
sorted_array,16384,13,54.9362,9658500957361859441
fusion8_c,16384,14,80.4794,9658500957361859441
sorted_array,16384,14,54.6478,9658500957361859441
btree16_bl_a64,16384,14,38.6887,9658500957361859441
fusion16_w,16384,14,85.6537,9658500957361859441
btree8_a64,16384,14,48.3139,9658500957361859441
btree8,16384,14,49.6674,9658500957361859441
btree8_bl_a64,16384,14,45.0760,9658500957361859441
fusion8,16384,14,81.9855,9658500957361859441
btree8_bl,16384,14,47.3602,9658500957361859441
fusion8_bf,16384,14,84.4208,9658500957361859441
btree8_a64,32768,0,52.7588,11629335647243425761
fusion16_w,32768,0,88.0798,11629335647243425761
sorted_array,32768,0,62.3169,11629335647243425761
btree8,32768,0,53.2761,11629335647243425761
fusion8_bf,32768,0,87.8922,11629335647243425761
fusion8,32768,0,87.3917,11629335647243425761
btree16_bl_a64,32768,0,42.3111,11629335647243425761
btree8_bl,32768,0,49.2447,11629335647243425761
btree8_bl_a64,32768,0,46.7590,11629335647243425761
fusion8_c,32768,0,85.0510,11629335647243425761
btree8_bl,32768,1,44.5953,11629335647243425761
btree8_bl_a64,32768,1,41.8488,11629335647243425761
fusion16_w,32768,1,87.7243,11629335647243425761
fusion8,32768,1,85.9177,11629335647243425761
sorted_array,32768,1,62.3138,11629335647243425761
btree16_bl_a64,32768,1,40.7089,11629335647243425761
fusion8_bf,32768,1,87.8403,11629335647243425761
fusion8_c,32768,1,83.7402,11629335647243425761
btree8_a64,32768,1,51.6830,11629335647243425761
btree8,32768,1,53.6713,11629335647243425761
btree8,32768,2,49.9985,11629335647243425761
fusion8,32768,2,81.3248,11629335647243425761
btree8_bl,32768,2,44.8792,11629335647243425761
btree16_bl_a64,32768,2,37.1277,11629335647243425761
fusion16_w,32768,2,87.3901,11629335647243425761
fusion8_bf,32768,2,86.1832,11629335647243425761
btree8_a64,32768,2,49.8032,11629335647243425761
sorted_array,32768,2,61.0092,11629335647243425761
fusion8_c,32768,2,83.9981,11629335647243425761
btree8_bl_a64,32768,2,46.9437,11629335647243425761
fusion8_c,32768,3,81.3873,11629335647243425761
btree8_bl_a64,32768,3,41.3010,11629335647243425761
btree8_bl,32768,3,44.3558,11629335647243425761
fusion8,32768,3,82.0923,11629335647243425761
sorted_array,32768,3,62.0804,11629335647243425761
btree8_a64,32768,3,49.5728,11629335647243425761
fusion8_bf,32768,3,84.6298,11629335647243425761
btree8,32768,3,52.1667,11629335647243425761
fusion16_w,32768,3,87.8220,11629335647243425761
btree16_bl_a64,32768,3,37.4496,11629335647243425761
fusion8,32768,4,81.1783,11629335647243425761
btree8_bl_a64,32768,4,43.7225,11629335647243425761
fusion8_bf,32768,4,83.2672,11629335647243425761
fusion16_w,32768,4,86.8179,11629335647243425761
btree8_bl,32768,4,44.1895,11629335647243425761
fusion8_c,32768,4,81.9275,11629335647243425761
sorted_array,32768,4,60.9299,11629335647243425761
btree8_a64,32768,4,49.9893,11629335647243425761
btree16_bl_a64,32768,4,37.2879,11629335647243425761
btree8,32768,4,50.8087,11629335647243425761
fusion8_bf,32768,5,83.3023,11629335647243425761
fusion16_w,32768,5,87.5412,11629335647243425761
btree8_bl_a64,32768,5,43.2358,11629335647243425761
btree8_a64,32768,5,49.4476,11629335647243425761
fusion8,32768,5,82.5714,11629335647243425761
fusion8_c,32768,5,84.3857,11629335647243425761
btree8,32768,5,50.9216,11629335647243425761
sorted_array,32768,5,60.9390,11629335647243425761
btree16_bl_a64,32768,5,37.5046,11629335647243425761
btree8_bl,32768,5,45.6741,11629335647243425761
btree8,32768,6,50.5096,11629335647243425761
fusion8_bf,32768,6,83.9813,11629335647243425761
fusion8,32768,6,81.3431,11629335647243425761
btree16_bl_a64,32768,6,37.0270,11629335647243425761
btree8_a64,32768,6,49.5346,11629335647243425761
fusion8_c,32768,6,81.8954,11629335647243425761
fusion16_w,32768,6,87.8677,11629335647243425761
sorted_array,32768,6,61.8286,11629335647243425761
btree8_bl_a64,32768,6,43.5699,11629335647243425761
btree8_bl,32768,6,44.2673,11629335647243425761
fusion8,32768,7,81.2164,11629335647243425761
fusion8_bf,32768,7,84.7290,11629335647243425761
fusion8_c,32768,7,82.9224,11629335647243425761
sorted_array,32768,7,60.8902,11629335647243425761
btree8_bl_a64,32768,7,42.8497,11629335647243425761
btree16_bl_a64,32768,7,37.3566,11629335647243425761
btree8,32768,7,51.7456,11629335647243425761
btree8_bl,32768,7,44.2688,11629335647243425761
fusion16_w,32768,7,87.2711,11629335647243425761
btree8_a64,32768,7,50.8362,11629335647243425761
fusion8_bf,32768,8,83.4412,11629335647243425761
btree16_bl_a64,32768,8,36.9858,11629335647243425761
btree8_bl,32768,8,44.0704,11629335647243425761
fusion8_c,32768,8,81.9885,11629335647243425761
fusion8,32768,8,81.6544,11629335647243425761
btree8,32768,8,50.3601,11629335647243425761
btree8_bl_a64,32768,8,42.4225,11629335647243425761
sorted_array,32768,8,61.2762,11629335647243425761
btree8_a64,32768,8,49.3118,11629335647243425761
fusion16_w,32768,8,87.3062,11629335647243425761
btree8_bl_a64,32768,9,42.0212,11629335647243425761
fusion8,32768,9,81.4102,11629335647243425761
fusion8_bf,32768,9,84.0988,11629335647243425761
btree8_a64,32768,9,49.2355,11629335647243425761
sorted_array,32768,9,60.9711,11629335647243425761
btree8_bl,32768,9,48.1186,11629335647243425761
btree16_bl_a64,32768,9,41.4932,11629335647243425761
fusion16_w,32768,9,89.4470,11629335647243425761
btree8,32768,9,51.5884,11629335647243425761
fusion8_c,32768,9,84.6420,11629335647243425761
fusion8_c,32768,10,82.5897,11629335647243425761
fusion16_w,32768,10,87.3230,11629335647243425761
sorted_array,32768,10,62.0834,11629335647243425761
fusion8_bf,32768,10,89.3341,11629335647243425761
btree16_bl_a64,32768,10,37.9166,11629335647243425761
btree8_bl_a64,32768,10,44.3954,11629335647243425761
fusion8,32768,10,85.6033,11629335647243425761
btree8,32768,10,53.1296,11629335647243425761
btree8_bl,32768,10,45.0150,11629335647243425761
btree8_a64,32768,10,50.4913,11629335647243425761
fusion8_bf,32768,11,85.4111,11629335647243425761
btree16_bl_a64,32768,11,38.8519,11629335647243425761
btree8,32768,11,51.0391,11629335647243425761
btree8_bl,32768,11,44.1086,11629335647243425761
fusion8,32768,11,82.8125,11629335647243425761
btree8_a64,32768,11,50.5814,11629335647243425761
btree8_bl_a64,32768,11,43.8049,11629335647243425761
fusion16_w,32768,11,88.2477,11629335647243425761
fusion8_c,32768,11,84.1721,11629335647243425761
sorted_array,32768,11,62.6663,11629335647243425761
fusion8_c,32768,12,82.6340,11629335647243425761
btree8_bl,32768,12,44.3756,11629335647243425761
btree8_a64,32768,12,50.1968,11629335647243425761
sorted_array,32768,12,62.3825,11629335647243425761
btree8_bl_a64,32768,12,43.3075,11629335647243425761
fusion8,32768,12,81.6452,11629335647243425761
btree16_bl_a64,32768,12,38.7070,11629335647243425761
fusion8_bf,32768,12,87.2116,11629335647243425761
fusion16_w,32768,12,87.4466,11629335647243425761
btree8,32768,12,51.6296,11629335647243425761
sorted_array,32768,13,62.1429,11629335647243425761
fusion8_c,32768,13,84.9655,11629335647243425761
btree8_a64,32768,13,49.8154,11629335647243425761
btree8_bl,32768,13,44.3893,11629335647243425761
fusion16_w,32768,13,86.5479,11629335647243425761
btree8,32768,13,50.8240,11629335647243425761
fusion8_bf,32768,13,84.8755,11629335647243425761
btree8_bl_a64,32768,13,43.2663,11629335647243425761
btree16_bl_a64,32768,13,38.0493,11629335647243425761
fusion8,32768,13,81.7139,11629335647243425761
btree16_bl_a64,32768,14,36.6379,11629335647243425761
fusion8_bf,32768,14,85.1288,11629335647243425761
btree8_bl_a64,32768,14,42.7353,11629335647243425761
fusion8,32768,14,81.6681,11629335647243425761
fusion16_w,32768,14,87.1887,11629335647243425761
btree8_bl,32768,14,44.6747,11629335647243425761
btree8,32768,14,51.2878,11629335647243425761
sorted_array,32768,14,62.2437,11629335647243425761
fusion8_c,32768,14,84.5596,11629335647243425761
btree8_a64,32768,14,50.9216,11629335647243425761
fusion8,65536,0,94.8532,5722582458615733357
fusion8_bf,65536,0,101.8448,5722582458615733357
fusion8_c,65536,0,92.7658,5722582458615733357
btree8_bl_a64,65536,0,52.4933,5722582458615733357
btree8_a64,65536,0,58.5617,5722582458615733357
btree16_bl_a64,65536,0,42.0944,5722582458615733357
fusion16_w,65536,0,88.6658,5722582458615733357
btree8_bl,65536,0,56.9199,5722582458615733357
sorted_array,65536,0,72.6059,5722582458615733357
btree8,65536,0,60.3836,5722582458615733357
btree8_bl_a64,65536,1,48.9578,5722582458615733357
fusion16_w,65536,1,88.8779,5722582458615733357
fusion8_c,65536,1,92.6437,5722582458615733357
fusion8,65536,1,95.8069,5722582458615733357
sorted_array,65536,1,71.9299,5722582458615733357
btree16_bl_a64,65536,1,40.9348,5722582458615733357
btree8,65536,1,57.3975,5722582458615733357
btree8_bl,65536,1,53.8971,5722582458615733357
fusion8_bf,65536,1,99.9664,5722582458615733357
btree8_a64,65536,1,59.2682,5722582458615733357
btree8_a64,65536,2,53.6392,5722582458615733357
sorted_array,65536,2,70.0272,5722582458615733357
btree16_bl_a64,65536,2,37.4435,5722582458615733357
fusion8_c,65536,2,90.8722,5722582458615733357
btree8,65536,2,55.6976,5722582458615733357
btree8_bl,65536,2,52.8763,5722582458615733357
fusion8,65536,2,92.9886,5722582458615733357
fusion16_w,65536,2,91.9144,5722582458615733357
fusion8_bf,65536,2,99.2630,5722582458615733357
btree8_bl_a64,65536,2,54.6463,5722582458615733357
btree8_a64,65536,3,57.1594,5722582458615733357
fusion16_w,65536,3,88.2401,5722582458615733357
fusion8_bf,65536,3,93.1900,5722582458615733357
btree8_bl,65536,3,52.5864,5722582458615733357
sorted_array,65536,3,72.1024,5722582458615733357
fusion8_c,65536,3,99.1806,5722582458615733357
btree8,65536,3,59.5749,5722582458615733357
fusion8,65536,3,98.8403,5722582458615733357
btree8_bl_a64,65536,3,54.9911,5722582458615733357
btree16_bl_a64,65536,3,43.8690,5722582458615733357
fusion8_bf,65536,4,97.6761,5722582458615733357
btree8_a64,65536,4,59.2697,5722582458615733357
btree16_bl_a64,65536,4,41.4658,5722582458615733357
sorted_array,65536,4,70.5017,5722582458615733357
btree8,65536,4,57.7438,5722582458615733357
btree8_bl,65536,4,53.1799,5722582458615733357
fusion8,65536,4,93.4219,5722582458615733357
fusion16_w,65536,4,94.6167,5722582458615733357
btree8_bl_a64,65536,4,52.3270,5722582458615733357
fusion8_c,65536,4,98.3582,5722582458615733357
btree8_bl_a64,65536,5,48.3795,5722582458615733357
sorted_array,65536,5,71.2524,5722582458615733357
fusion8_bf,65536,5,102.8015,5722582458615733357
fusion8_c,65536,5,93.2816,5722582458615733357
btree16_bl_a64,65536,5,42.6346,5722582458615733357
fusion16_w,65536,5,94.4107,5722582458615733357
btree8,65536,5,60.8612,5722582458615733357
btree8_bl,65536,5,57.5806,5722582458615733357
fusion8,65536,5,102.8412,5722582458615733357
btree8_a64,65536,5,61.2045,5722582458615733357
fusion8,65536,6,94.9066,5722582458615733357
fusion8_bf,65536,6,100.8347,5722582458615733357
fusion8_c,65536,6,96.9650,5722582458615733357
btree8_a64,65536,6,55.6595,5722582458615733357
btree16_bl_a64,65536,6,47.0749,5722582458615733357
btree8,65536,6,59.6664,5722582458615733357
fusion16_w,65536,6,95.0745,5722582458615733357
btree8_bl_a64,65536,6,57.6584,5722582458615733357
sorted_array,65536,6,71.8796,5722582458615733357
btree8_bl,65536,6,57.4280,5722582458615733357
btree8_bl,65536,7,49.5544,5722582458615733357
fusion8_bf,65536,7,100.4486,5722582458615733357
sorted_array,65536,7,71.8857,5722582458615733357
fusion8,65536,7,97.9935,5722582458615733357
fusion16_w,65536,7,94.4031,5722582458615733357
btree16_bl_a64,65536,7,42.6407,5722582458615733357
btree8,65536,7,59.5596,5722582458615733357
btree8_a64,65536,7,59.0088,5722582458615733357
btree8_bl_a64,65536,7,54.3213,5722582458615733357
fusion8_c,65536,7,98.4787,5722582458615733357
fusion8_bf,65536,8,98.3002,5722582458615733357
fusion16_w,65536,8,96.1380,5722582458615733357
btree8,65536,8,60.2081,5722582458615733357
btree16_bl_a64,65536,8,42.2638,5722582458615733357
fusion8_c,65536,8,94.2886,5722582458615733357
btree8_bl_a64,65536,8,56.5231,5722582458615733357
sorted_array,65536,8,74.0021,5722582458615733357
btree8_a64,65536,8,60.0922,5722582458615733357
btree8_bl,65536,8,58.4778,5722582458615733357
fusion8,65536,8,101.7746,5722582458615733357
btree8,65536,9,62.3322,5722582458615733357
btree8_bl_a64,65536,9,49.7253,5722582458615733357
btree16_bl_a64,65536,9,40.2527,5722582458615733357
fusion8_bf,65536,9,99.2371,5722582458615733357
btree8_bl,65536,9,54.3869,5722582458615733357
fusion8,65536,9,96.4462,5722582458615733357
btree8_a64,65536,9,58.6487,5722582458615733357
fusion16_w,65536,9,96.2845,5722582458615733357
sorted_array,65536,9,71.9147,5722582458615733357
fusion8_c,65536,9,98.1888,5722582458615733357
btree16_bl_a64,65536,10,40.2649,5722582458615733357
btree8_a64,65536,10,57.4387,5722582458615733357
fusion8,65536,10,92.6010,5722582458615733357
fusion8_c,65536,10,94.2551,5722582458615733357
sorted_array,65536,10,71.8079,5722582458615733357
btree8_bl_a64,65536,10,56.6025,5722582458615733357
btree8,65536,10,61.1206,5722582458615733357
fusion8_bf,65536,10,101.9424,5722582458615733357
fusion16_w,65536,10,96.5622,5722582458615733357
btree8_bl,65536,10,58.3420,5722582458615733357
fusion8,65536,11,100.4379,5722582458615733357
btree8,65536,11,59.5917,5722582458615733357
fusion16_w,65536,11,94.0414,5722582458615733357
btree8_bl,65536,11,55.0125,5722582458615733357
fusion8_c,65536,11,97.6318,5722582458615733357
btree8_bl_a64,65536,11,56.1417,5722582458615733357
btree8_a64,65536,11,61.1237,5722582458615733357
fusion8_bf,65536,11,100.8987,5722582458615733357
btree16_bl_a64,65536,11,44.3909,5722582458615733357
sorted_array,65536,11,71.4340,5722582458615733357
fusion16_w,65536,12,90.9821,5722582458615733357
fusion8_c,65536,12,92.7963,5722582458615733357
btree8_bl_a64,65536,12,52.5467,5722582458615733357
fusion8,65536,12,97.0367,5722582458615733357
fusion8_bf,65536,12,99.2661,5722582458615733357
sorted_array,65536,12,71.2250,5722582458615733357
btree8_bl,65536,12,54.7409,5722582458615733357
btree16_bl_a64,65536,12,40.1535,5722582458615733357
btree8,65536,12,59.5184,5722582458615733357
btree8_a64,65536,12,58.9493,5722582458615733357
btree8_bl_a64,65536,13,48.9243,5722582458615733357
fusion8_bf,65536,13,90.1306,5722582458615733357
btree16_bl_a64,65536,13,37.9303,5722582458615733357
btree8_a64,65536,13,54.5715,5722582458615733357
fusion16_w,65536,13,90.5640,5722582458615733357
fusion8,65536,13,92.5583,5722582458615733357
sorted_array,65536,13,71.0724,5722582458615733357
btree8,65536,13,56.4468,5722582458615733357
btree8_bl,65536,13,51.6769,5722582458615733357
fusion8_c,65536,13,92.9550,5722582458615733357
btree8_bl_a64,65536,14,48.4940,5722582458615733357
btree8_a64,65536,14,54.3488,5722582458615733357
fusion16_w,65536,14,88.6475,5722582458615733357
btree8_bl,65536,14,52.1927,5722582458615733357
fusion8_bf,65536,14,92.7811,5722582458615733357
sorted_array,65536,14,69.9005,5722582458615733357
fusion8_c,65536,14,93.0817,5722582458615733357
btree8,65536,14,57.2372,5722582458615733357
fusion8,65536,14,93.3487,5722582458615733357
btree16_bl_a64,65536,14,40.5716,5722582458615733357
btree8_bl_a64,131072,0,96.6705,15368517120400912463
btree8,131072,0,95.4666,15368517120400912463
fusion8_bf,131072,0,169.4290,15368517120400912463
fusion16_w,131072,0,151.3321,15368517120400912463
fusion8,131072,0,157.0053,15368517120400912463
btree16_bl_a64,131072,0,89.9551,15368517120400912463
btree8_a64,131072,0,94.3710,15368517120400912463
sorted_array,131072,0,82.8262,15368517120400912463
fusion8_c,131072,0,150.0427,15368517120400912463
btree8_bl,131072,0,101.6357,15368517120400912463
fusion8_c,131072,1,117.8268,15368517120400912463
fusion8,131072,1,171.1365,15368517120400912463
sorted_array,131072,1,83.1146,15368517120400912463
btree8_a64,131072,1,99.0585,15368517120400912463
fusion8_bf,131072,1,167.0731,15368517120400912463
btree8_bl,131072,1,100.2136,15368517120400912463
btree8,131072,1,96.4249,15368517120400912463
btree16_bl_a64,131072,1,97.7448,15368517120400912463
fusion16_w,131072,1,165.6265,15368517120400912463
btree8_bl_a64,131072,1,100.5814,15368517120400912463
btree8,131072,2,95.6635,15368517120400912463
sorted_array,131072,2,83.0048,15368517120400912463
fusion8_c,131072,2,154.4586,15368517120400912463
btree16_bl_a64,131072,2,106.2775,15368517120400912463
fusion8,131072,2,170.9900,15368517120400912463
fusion16_w,131072,2,158.1329,15368517120400912463
btree8_a64,131072,2,101.1688,15368517120400912463
btree8_bl_a64,131072,2,97.3389,15368517120400912463
fusion8_bf,131072,2,168.1732,15368517120400912463
btree8_bl,131072,2,101.4877,15368517120400912463
fusion8,131072,3,171.5454,15368517120400912463
btree8_bl,131072,3,86.2137,15368517120400912463
btree16_bl_a64,131072,3,94.6640,15368517120400912463
fusion8_bf,131072,3,169.4168,15368517120400912463
sorted_array,131072,3,83.0460,15368517120400912463
btree8,131072,3,96.7361,15368517120400912463
fusion8_c,131072,3,150.7812,15368517120400912463
btree8_a64,131072,3,101.1002,15368517120400912463
btree8_bl_a64,131072,3,97.7066,15368517120400912463
fusion16_w,131072,3,157.0541,15368517120400912463
btree16_bl_a64,131072,4,102.7466,15368517120400912463
fusion8_bf,131072,4,166.8976,15368517120400912463
btree8,131072,4,96.5607,15368517120400912463
fusion8_c,131072,4,149.1913,15368517120400912463
fusion8,131072,4,170.2911,15368517120400912463
btree8_bl_a64,131072,4,102.1164,15368517120400912463
sorted_array,131072,4,83.2153,15368517120400912463
btree8_bl,131072,4,100.7019,15368517120400912463
fusion16_w,131072,4,157.5760,15368517120400912463
btree8_a64,131072,4,101.1246,15368517120400912463
fusion8_bf,131072,5,169.2703,15368517120400912463
fusion8_c,131072,5,159.7748,15368517120400912463
fusion16_w,131072,5,163.0020,15368517120400912463
btree16_bl_a64,131072,5,100.7660,15368517120400912463
btree8_a64,131072,5,103.3966,15368517120400912463
btree8_bl_a64,131072,5,97.6013,15368517120400912463
fusion8,131072,5,168.5791,15368517120400912463
btree8,131072,5,92.9047,15368517120400912463
btree8_bl,131072,5,99.6902,15368517120400912463
sorted_array,131072,5,83.0048,15368517120400912463
btree16_bl_a64,131072,6,95.2911,15368517120400912463
fusion8_c,131072,6,159.4147,15368517120400912463
btree8_bl_a64,131072,6,100.2075,15368517120400912463
sorted_array,131072,6,83.3130,15368517120400912463
btree8_bl,131072,6,98.1827,15368517120400912463
btree8,131072,6,94.8608,15368517120400912463
btree8_a64,131072,6,101.1749,15368517120400912463
fusion16_w,131072,6,154.1275,15368517120400912463
fusion8_bf,131072,6,172.1207,15368517120400912463
fusion8,131072,6,166.0416,15368517120400912463
btree8_a64,131072,7,100.9949,15368517120400912463
fusion8_bf,131072,7,160.0220,15368517120400912463
fusion8,131072,7,150.9781,15368517120400912463
btree8_bl,131072,7,103.6148,15368517120400912463
btree8_bl_a64,131072,7,101.4252,15368517120400912463
btree16_bl_a64,131072,7,93.8354,15368517120400912463
fusion8_c,131072,7,152.0096,15368517120400912463
btree8,131072,7,96.0876,15368517120400912463
fusion16_w,131072,7,158.1116,15368517120400912463
sorted_array,131072,7,82.9422,15368517120400912463
fusion8_c,131072,8,147.4884,15368517120400912463
btree16_bl_a64,131072,8,104.2160,15368517120400912463
btree8_bl_a64,131072,8,101.6953,15368517120400912463
fusion8_bf,131072,8,169.0506,15368517120400912463
fusion16_w,131072,8,161.9690,15368517120400912463
btree8_bl,131072,8,101.8646,15368517120400912463
btree8_a64,131072,8,102.2156,15368517120400912463
btree8,131072,8,97.5479,15368517120400912463
fusion8,131072,8,166.2643,15368517120400912463
sorted_array,131072,8,83.2169,15368517120400912463
fusion8,131072,9,122.0520,15368517120400912463
fusion16_w,131072,9,160.5743,15368517120400912463
sorted_array,131072,9,82.7667,15368517120400912463
btree8_bl_a64,131072,9,102.5314,15368517120400912463
btree16_bl_a64,131072,9,93.8904,15368517120400912463
fusion8_bf,131072,9,183.4213,15368517120400912463
btree8_a64,131072,9,104.6432,15368517120400912463
btree8_bl,131072,9,102.1667,15368517120400912463
btree8,131072,9,98.7991,15368517120400912463
fusion8_c,131072,9,154.4708,15368517120400912463
fusion8,131072,10,171.2875,15368517120400912463
sorted_array,131072,10,83.5495,15368517120400912463
fusion8_bf,131072,10,166.7404,15368517120400912463
btree8,131072,10,97.7936,15368517120400912463
fusion8_c,131072,10,150.2228,15368517120400912463
btree16_bl_a64,131072,10,102.0386,15368517120400912463
fusion16_w,131072,10,163.3560,15368517120400912463
btree8_bl_a64,131072,10,102.8030,15368517120400912463
btree8_bl,131072,10,101.5656,15368517120400912463
btree8_a64,131072,10,103.5797,15368517120400912463
btree8_a64,131072,11,73.7946,15368517120400912463
btree8_bl_a64,131072,11,90.7776,15368517120400912463
fusion8,131072,11,174.0204,15368517120400912463
btree8_bl,131072,11,100.2090,15368517120400912463
fusion8_c,131072,11,152.0828,15368517120400912463
fusion16_w,131072,11,156.7810,15368517120400912463
sorted_array,131072,11,83.5907,15368517120400912463
btree16_bl_a64,131072,11,95.8740,15368517120400912463
fusion8_bf,131072,11,170.2774,15368517120400912463
btree8,131072,11,97.3007,15368517120400912463
fusion8_bf,131072,12,139.3890,15368517120400912463
fusion8,131072,12,172.4335,15368517120400912463
btree16_bl_a64,131072,12,94.4702,15368517120400912463
btree8_bl_a64,131072,12,97.5876,15368517120400912463
sorted_array,131072,12,83.4915,15368517120400912463
fusion16_w,131072,12,173.6649,15368517120400912463
fusion8_c,131072,12,146.0770,15368517120400912463
btree8_a64,131072,12,100.7126,15368517120400912463
btree8,131072,12,95.6375,15368517120400912463
btree8_bl,131072,12,101.8097,15368517120400912463
sorted_array,131072,13,83.2443,15368517120400912463
btree8,131072,13,76.8967,15368517120400912463
fusion8,131072,13,167.0074,15368517120400912463
btree8_a64,131072,13,97.6242,15368517120400912463
fusion8_c,131072,13,151.2527,15368517120400912463
fusion8_bf,131072,13,166.9937,15368517120400912463
btree8_bl,131072,13,99.3896,15368517120400912463
btree16_bl_a64,131072,13,95.2148,15368517120400912463
btree8_bl_a64,131072,13,99.8367,15368517120400912463
fusion16_w,131072,13,163.1012,15368517120400912463
fusion8_c,131072,14,150.1846,15368517120400912463
btree8_a64,131072,14,102.2491,15368517120400912463
btree8,131072,14,98.3322,15368517120400912463
fusion16_w,131072,14,154.6051,15368517120400912463
btree8_bl_a64,131072,14,101.3351,15368517120400912463
fusion8,131072,14,171.0785,15368517120400912463
fusion8_bf,131072,14,174.3820,15368517120400912463
btree16_bl_a64,131072,14,95.4056,15368517120400912463
btree8_bl,131072,14,99.9405,15368517120400912463
sorted_array,131072,14,83.5205,15368517120400912463
btree16_bl_a64,262144,0,152.3026,13725275285989217998
btree8_bl,262144,0,114.6484,13725275285989217998
btree8_bl_a64,262144,0,117.4500,13725275285989217998
btree8,262144,0,102.0615,13725275285989217998
fusion8_c,262144,0,163.7955,13725275285989217998
fusion8_bf,262144,0,186.8515,13725275285989217998
fusion8,262144,0,183.4717,13725275285989217998
sorted_array,262144,0,92.8467,13725275285989217998
btree8_a64,262144,0,107.2174,13725275285989217998
fusion16_w,262144,0,199.7833,13725275285989217998
sorted_array,262144,1,93.0511,13725275285989217998
fusion16_w,262144,1,174.5041,13725275285989217998
fusion8_c,262144,1,157.9712,13725275285989217998
btree8,262144,1,100.3220,13725275285989217998
btree8_a64,262144,1,106.0699,13725275285989217998
btree8_bl,262144,1,126.0513,13725275285989217998
fusion8_bf,262144,1,194.1391,13725275285989217998
btree8_bl_a64,262144,1,114.6240,13725275285989217998
btree16_bl_a64,262144,1,145.8328,13725275285989217998
fusion8,262144,1,175.3235,13725275285989217998
fusion8_c,262144,2,159.3735,13725275285989217998
fusion16_w,262144,2,200.0259,13725275285989217998
btree8,262144,2,97.8973,13725275285989217998
btree8_bl,262144,2,112.6114,13725275285989217998
sorted_array,262144,2,92.7399,13725275285989217998
btree8_a64,262144,2,106.1783,13725275285989217998
fusion8,262144,2,177.2980,13725275285989217998
btree8_bl_a64,262144,2,115.5548,13725275285989217998
btree16_bl_a64,262144,2,145.1904,13725275285989217998
fusion8_bf,262144,2,181.8909,13725275285989217998
btree8_bl_a64,262144,3,108.3771,13725275285989217998
btree8_a64,262144,3,104.4205,13725275285989217998
fusion8_bf,262144,3,163.9633,13725275285989217998
sorted_array,262144,3,92.4957,13725275285989217998
fusion8_c,262144,3,159.7900,13725275285989217998
fusion8,262144,3,177.5803,13725275285989217998
btree8,262144,3,99.7070,13725275285989217998
btree16_bl_a64,262144,3,149.2310,13725275285989217998
btree8_bl,262144,3,113.9267,13725275285989217998
fusion16_w,262144,3,202.0157,13725275285989217998
btree8,262144,4,98.8831,13725275285989217998
btree8_a64,262144,4,104.3350,13725275285989217998
btree8_bl_a64,262144,4,115.6540,13725275285989217998
btree16_bl_a64,262144,4,148.6954,13725275285989217998
fusion8_bf,262144,4,180.4352,13725275285989217998
sorted_array,262144,4,93.3197,13725275285989217998
btree8_bl,262144,4,113.8702,13725275285989217998
fusion8,262144,4,182.6035,13725275285989217998
fusion16_w,262144,4,217.9611,13725275285989217998
fusion8_c,262144,4,159.3735,13725275285989217998
fusion16_w,262144,5,192.1661,13725275285989217998
fusion8_bf,262144,5,192.5095,13725275285989217998
btree8_a64,262144,5,110.0555,13725275285989217998
fusion8_c,262144,5,167.5705,13725275285989217998
btree16_bl_a64,262144,5,154.1428,13725275285989217998
fusion8,262144,5,178.4515,13725275285989217998
btree8_bl_a64,262144,5,117.3386,13725275285989217998
btree8_bl,262144,5,115.2847,13725275285989217998
sorted_array,262144,5,92.9688,13725275285989217998
btree8,262144,5,100.1251,13725275285989217998
fusion8_c,262144,6,159.3506,13725275285989217998
btree8_bl_a64,262144,6,106.8527,13725275285989217998
btree16_bl_a64,262144,6,150.0015,13725275285989217998
btree8_bl,262144,6,113.6108,13725275285989217998
btree8,262144,6,100.2975,13725275285989217998
fusion8,262144,6,176.6785,13725275285989217998
fusion8_bf,262144,6,176.8265,13725275285989217998
fusion16_w,262144,6,197.7097,13725275285989217998
sorted_array,262144,6,92.1814,13725275285989217998
btree8_a64,262144,6,105.1010,13725275285989217998
btree8_bl_a64,262144,7,112.3077,13725275285989217998
fusion8,262144,7,176.6602,13725275285989217998
fusion8_c,262144,7,160.9879,13725275285989217998
fusion16_w,262144,7,198.4604,13725275285989217998
btree8,262144,7,99.2508,13725275285989217998
sorted_array,262144,7,92.5095,13725275285989217998
btree16_bl_a64,262144,7,148.3627,13725275285989217998
fusion8_bf,262144,7,178.9642,13725275285989217998
btree8_bl,262144,7,113.6566,13725275285989217998
btree8_a64,262144,7,104.5288,13725275285989217998
sorted_array,262144,8,92.7963,13725275285989217998
btree8_a64,262144,8,76.7899,13725275285989217998
btree16_bl_a64,262144,8,151.9058,13725275285989217998
btree8,262144,8,101.6357,13725275285989217998
fusion8,262144,8,179.9973,13725275285989217998
btree8_bl_a64,262144,8,116.9800,13725275285989217998
fusion8_c,262144,8,162.9471,13725275285989217998
fusion16_w,262144,8,203.5828,13725275285989217998
fusion8_bf,262144,8,185.2203,13725275285989217998
btree8_bl,262144,8,116.1697,13725275285989217998
btree8,262144,9,100.2426,13725275285989217998
btree8_bl,262144,9,84.8633,13725275285989217998
btree8_bl_a64,262144,9,114.3372,13725275285989217998
fusion16_w,262144,9,197.8699,13725275285989217998
fusion8_c,262144,9,160.6018,13725275285989217998
btree8_a64,262144,9,106.3232,13725275285989217998
fusion8_bf,262144,9,176.7746,13725275285989217998
sorted_array,262144,9,91.3757,13725275285989217998
fusion8,262144,9,176.5381,13725275285989217998
btree16_bl_a64,262144,9,146.2723,13725275285989217998
fusion8,262144,10,150.9766,13725275285989217998
sorted_array,262144,10,91.6672,13725275285989217998
btree8_a64,262144,10,105.1193,13725275285989217998
btree8_bl,262144,10,114.4684,13725275285989217998
btree8,262144,10,100.6485,13725275285989217998
btree8_bl_a64,262144,10,116.5237,13725275285989217998
btree16_bl_a64,262144,10,145.1981,13725275285989217998
fusion16_w,262144,10,198.8983,13725275285989217998
fusion8_c,262144,10,156.9580,13725275285989217998
fusion8_bf,262144,10,180.6015,13725275285989217998
btree8_bl,262144,11,112.2742,13725275285989217998
btree16_bl_a64,262144,11,144.0964,13725275285989217998
fusion8_bf,262144,11,171.6354,13725275285989217998
sorted_array,262144,11,92.3050,13725275285989217998
fusion16_w,262144,11,213.2141,13725275285989217998
btree8_a64,262144,11,105.3558,13725275285989217998
btree8_bl_a64,262144,11,115.4770,13725275285989217998
fusion8_c,262144,11,158.6380,13725275285989217998
btree8,262144,11,98.8388,13725275285989217998
fusion8,262144,11,177.8488,13725275285989217998
btree8_bl_a64,262144,12,109.0591,13725275285989217998
fusion8_bf,262144,12,177.7084,13725275285989217998
fusion8,262144,12,162.8586,13725275285989217998
btree16_bl_a64,262144,12,144.5450,13725275285989217998
btree8,262144,12,101.3824,13725275285989217998
fusion8_c,262144,12,159.5947,13725275285989217998
btree8_bl,262144,12,115.3839,13725275285989217998
sorted_array,262144,12,91.1118,13725275285989217998
btree8_a64,262144,12,103.8101,13725275285989217998
fusion16_w,262144,12,193.7943,13725275285989217998
fusion8,262144,13,175.4852,13725275285989217998
btree8_a64,262144,13,100.5569,13725275285989217998
btree16_bl_a64,262144,13,144.3665,13725275285989217998
fusion8_c,262144,13,158.2458,13725275285989217998
btree8_bl_a64,262144,13,114.4714,13725275285989217998
sorted_array,262144,13,92.9550,13725275285989217998
fusion16_w,262144,13,192.3431,13725275285989217998
btree8,262144,13,101.0376,13725275285989217998
btree8_bl,262144,13,113.0157,13725275285989217998
fusion8_bf,262144,13,179.2969,13725275285989217998
btree8_a64,262144,14,106.9702,13725275285989217998
sorted_array,262144,14,91.1377,13725275285989217998
fusion8_c,262144,14,162.0300,13725275285989217998
btree8_bl_a64,262144,14,114.1525,13725275285989217998
btree16_bl_a64,262144,14,147.3831,13725275285989217998
fusion16_w,262144,14,192.3569,13725275285989217998
fusion8_bf,262144,14,179.8386,13725275285989217998
btree8_bl,262144,14,115.7684,13725275285989217998
fusion8,262144,14,174.2020,13725275285989217998
btree8,262144,14,97.6456,13725275285989217998
sorted_array,524288,0,117.2226,8525115047326029414
fusion8_c,524288,0,145.3583,8525115047326029414
btree8_bl,524288,0,112.7487,8525115047326029414
btree8_a64,524288,0,108.1985,8525115047326029414
fusion8_bf,524288,0,183.0048,8525115047326029414
fusion8,524288,0,177.8717,8525115047326029414
btree8,524288,0,100.8026,8525115047326029414
btree8_bl_a64,524288,0,118.4250,8525115047326029414
btree16_bl_a64,524288,0,158.8577,8525115047326029414
fusion16_w,524288,0,221.5591,8525115047326029414
btree8,524288,1,101.2207,8525115047326029414
fusion8_bf,524288,1,183.2153,8525115047326029414
btree8_bl_a64,524288,1,117.2897,8525115047326029414
sorted_array,524288,1,117.1295,8525115047326029414
btree8_bl,524288,1,112.6678,8525115047326029414
btree8_a64,524288,1,110.0220,8525115047326029414
fusion16_w,524288,1,220.8817,8525115047326029414
fusion8_c,524288,1,162.5076,8525115047326029414
fusion8,524288,1,178.1662,8525115047326029414
btree16_bl_a64,524288,1,158.3618,8525115047326029414
btree8_bl,524288,2,112.9593,8525115047326029414
btree8,524288,2,102.7512,8525115047326029414
fusion8,524288,2,173.2346,8525115047326029414
btree8_a64,524288,2,108.3389,8525115047326029414
btree16_bl_a64,524288,2,156.4835,8525115047326029414
fusion8_c,524288,2,161.8073,8525115047326029414
btree8_bl_a64,524288,2,121.3470,8525115047326029414
fusion8_bf,524288,2,182.4921,8525115047326029414
fusion16_w,524288,2,220.9976,8525115047326029414
sorted_array,524288,2,118.1396,8525115047326029414
sorted_array,524288,3,113.0280,8525115047326029414
btree8_a64,524288,3,109.3826,8525115047326029414
btree16_bl_a64,524288,3,157.1777,8525115047326029414
fusion8_c,524288,3,164.0839,8525115047326029414
btree8,524288,3,101.5503,8525115047326029414
fusion8,524288,3,177.2415,8525115047326029414
btree8_bl_a64,524288,3,119.8273,8525115047326029414
btree8_bl,524288,3,115.6693,8525115047326029414
fusion16_w,524288,3,225.0458,8525115047326029414
fusion8_bf,524288,3,186.2808,8525115047326029414
btree8_a64,524288,4,108.0505,8525115047326029414
btree8_bl_a64,524288,4,120.1416,8525115047326029414
btree16_bl_a64,524288,4,156.1981,8525115047326029414
sorted_array,524288,4,115.7715,8525115047326029414
btree8_bl,524288,4,113.8580,8525115047326029414
fusion8,524288,4,177.4658,8525115047326029414
fusion8_bf,524288,4,183.4167,8525115047326029414
btree8,524288,4,102.6154,8525115047326029414
fusion16_w,524288,4,222.4487,8525115047326029414
fusion8_c,524288,4,163.2538,8525115047326029414
btree8_bl,524288,5,113.7115,8525115047326029414
btree8_bl_a64,524288,5,119.4748,8525115047326029414
btree16_bl_a64,524288,5,158.2504,8525115047326029414
fusion8_c,524288,5,164.1769,8525115047326029414
fusion16_w,524288,5,221.0876,8525115047326029414
btree8,524288,5,101.6205,8525115047326029414
fusion8,524288,5,176.2894,8525115047326029414
sorted_array,524288,5,116.7206,8525115047326029414
fusion8_bf,524288,5,183.4457,8525115047326029414
btree8_a64,524288,5,109.4162,8525115047326029414
btree16_bl_a64,524288,6,160.2341,8525115047326029414
sorted_array,524288,6,121.5515,8525115047326029414
btree8_bl_a64,524288,6,136.9431,8525115047326029414
fusion8,524288,6,210.0479,8525115047326029414
fusion8_bf,524288,6,189.7934,8525115047326029414
btree8,524288,6,105.6976,8525115047326029414
fusion16_w,524288,6,224.4476,8525115047326029414
btree8_a64,524288,6,107.3593,8525115047326029414
btree8_bl,524288,6,113.4048,8525115047326029414
fusion8_c,524288,6,162.8342,8525115047326029414
fusion8,524288,7,179.7729,8525115047326029414
sorted_array,524288,7,116.1728,8525115047326029414
fusion16_w,524288,7,226.1276,8525115047326029414
fusion8_bf,524288,7,183.8608,8525115047326029414
btree16_bl_a64,524288,7,157.4463,8525115047326029414
btree8_bl,524288,7,113.8824,8525115047326029414
btree8_bl_a64,524288,7,118.8736,8525115047326029414
btree8_a64,524288,7,108.1421,8525115047326029414
btree8,524288,7,101.2833,8525115047326029414
fusion8_c,524288,7,165.2832,8525115047326029414
fusion8_bf,524288,8,180.7587,8525115047326029414
fusion8_c,524288,8,134.4788,8525115047326029414
fusion16_w,524288,8,224.2218,8525115047326029414
btree16_bl_a64,524288,8,156.5063,8525115047326029414
sorted_array,524288,8,117.3279,8525115047326029414
btree8,524288,8,101.8906,8525115047326029414
btree8_bl_a64,524288,8,119.1391,8525115047326029414
btree8_bl,524288,8,113.9069,8525115047326029414
fusion8,524288,8,177.6779,8525115047326029414
btree8_a64,524288,8,107.3196,8525115047326029414
sorted_array,524288,9,117.2623,8525115047326029414
fusion8_bf,524288,9,184.0286,8525115047326029414
fusion8,524288,9,175.7492,8525115047326029414
fusion8_c,524288,9,165.9393,8525115047326029414
btree8_bl_a64,524288,9,117.8391,8525115047326029414
btree16_bl_a64,524288,9,160.7788,8525115047326029414
btree8,524288,9,104.5715,8525115047326029414
btree8_bl,524288,9,113.6383,8525115047326029414
fusion16_w,524288,9,221.3821,8525115047326029414
btree8_a64,524288,9,107.9819,8525115047326029414
btree8_a64,524288,10,75.8194,8525115047326029414
fusion16_w,524288,10,188.4232,8525115047326029414
fusion8_bf,524288,10,183.2947,8525115047326029414
fusion8,524288,10,178.1326,8525115047326029414
btree8,524288,10,102.6138,8525115047326029414
btree16_bl_a64,524288,10,156.9016,8525115047326029414
btree8_bl,524288,10,114.2715,8525115047326029414
btree8_bl_a64,524288,10,121.5088,8525115047326029414
sorted_array,524288,10,117.5888,8525115047326029414
fusion8_c,524288,10,162.7533,8525115047326029414
fusion8_bf,524288,11,187.1246,8525115047326029414
btree8,524288,11,101.6510,8525115047326029414
fusion8,524288,11,181.1203,8525115047326029414
btree8_a64,524288,11,109.4910,8525115047326029414
btree16_bl_a64,524288,11,159.3582,8525115047326029414
fusion8_c,524288,11,166.3574,8525115047326029414
btree8_bl,524288,11,116.3101,8525115047326029414
fusion16_w,524288,11,226.3428,8525115047326029414
btree8_bl_a64,524288,11,122.4152,8525115047326029414
sorted_array,524288,11,117.9794,8525115047326029414
fusion16_w,524288,12,207.5134,8525115047326029414
btree16_bl_a64,524288,12,160.5942,8525115047326029414
btree8_bl,524288,12,116.3330,8525115047326029414
sorted_array,524288,12,117.5659,8525115047326029414
fusion8_c,524288,12,164.6332,8525115047326029414
btree8,524288,12,100.7858,8525115047326029414
fusion8,524288,12,177.0920,8525115047326029414
fusion8_bf,524288,12,181.5964,8525115047326029414
btree8_bl_a64,524288,12,121.8262,8525115047326029414
btree8_a64,524288,12,107.5790,8525115047326029414
btree8_bl_a64,524288,13,76.5732,8525115047326029414
btree8,524288,13,101.2802,8525115047326029414
fusion16_w,524288,13,220.4742,8525115047326029414
btree16_bl_a64,524288,13,157.2784,8525115047326029414
btree8_bl,524288,13,115.3305,8525115047326029414
btree8_a64,524288,13,107.7667,8525115047326029414
fusion8_c,524288,13,166.0843,8525115047326029414
fusion8_bf,524288,13,183.5922,8525115047326029414
fusion8,524288,13,179.2465,8525115047326029414
sorted_array,524288,13,116.5680,8525115047326029414
fusion8_bf,524288,14,162.2711,8525115047326029414
btree16_bl_a64,524288,14,158.0627,8525115047326029414
fusion16_w,524288,14,220.6543,8525115047326029414
fusion8_c,524288,14,164.3768,8525115047326029414
sorted_array,524288,14,117.8116,8525115047326029414
fusion8,524288,14,180.1956,8525115047326029414
btree8_bl,524288,14,114.2426,8525115047326029414
btree8_a64,524288,14,108.6533,8525115047326029414
btree8,524288,14,102.8778,8525115047326029414
btree8_bl_a64,524288,14,120.5719,8525115047326029414
btree8_bl,1048576,0,244.2398,9971055575563239174
fusion16_w,1048576,0,229.7699,9971055575563239174
fusion8_bf,1048576,0,360.1074,9971055575563239174
btree16_bl_a64,1048576,0,165.5914,9971055575563239174
fusion8_c,1048576,0,317.0471,9971055575563239174
btree8,1048576,0,258.3664,9971055575563239174
btree8_a64,1048576,0,258.1482,9971055575563239174
fusion8,1048576,0,346.0403,9971055575563239174
sorted_array,1048576,0,164.1876,9971055575563239174
btree8_bl_a64,1048576,0,225.5219,9971055575563239174
sorted_array,1048576,1,164.8682,9971055575563239174
btree8_bl,1048576,1,249.4736,9971055575563239174
fusion8,1048576,1,352.2705,9971055575563239174
btree8_a64,1048576,1,258.3908,9971055575563239174
btree8,1048576,1,255.2277,9971055575563239174
btree8_bl_a64,1048576,1,224.2371,9971055575563239174
fusion8_bf,1048576,1,343.1290,9971055575563239174
btree16_bl_a64,1048576,1,162.9150,9971055575563239174
fusion16_w,1048576,1,233.3374,9971055575563239174
fusion8_c,1048576,1,325.0549,9971055575563239174
fusion8,1048576,2,385.0388,9971055575563239174
btree16_bl_a64,1048576,2,165.3885,9971055575563239174
btree8,1048576,2,256.3797,9971055575563239174
fusion8_bf,1048576,2,352.5314,9971055575563239174
btree8_bl,1048576,2,229.8187,9971055575563239174
btree8_bl_a64,1048576,2,230.6961,9971055575563239174
fusion8_c,1048576,2,316.9739,9971055575563239174
btree8_a64,1048576,2,258.8257,9971055575563239174
sorted_array,1048576,2,163.9603,9971055575563239174
fusion16_w,1048576,2,233.9111,9971055575563239174
fusion8_bf,1048576,3,452.5833,9971055575563239174
fusion8,1048576,3,352.9037,9971055575563239174
fusion16_w,1048576,3,233.2611,9971055575563239174
btree8,1048576,3,255.4260,9971055575563239174
fusion8_c,1048576,3,322.0734,9971055575563239174
sorted_array,1048576,3,166.1179,9971055575563239174
btree8_bl_a64,1048576,3,220.1981,9971055575563239174
btree16_bl_a64,1048576,3,161.8546,9971055575563239174
btree8_bl,1048576,3,229.7104,9971055575563239174
btree8_a64,1048576,3,259.6268,9971055575563239174
btree8_bl_a64,1048576,4,220.4575,9971055575563239174
btree8,1048576,4,256.2210,9971055575563239174
fusion8_bf,1048576,4,343.3228,9971055575563239174
btree16_bl_a64,1048576,4,161.9293,9971055575563239174
btree8_a64,1048576,4,256.8359,9971055575563239174
btree8_bl,1048576,4,232.0023,9971055575563239174
sorted_array,1048576,4,164.6011,9971055575563239174
fusion8,1048576,4,355.4199,9971055575563239174
fusion8_c,1048576,4,316.1957,9971055575563239174
fusion16_w,1048576,4,234.7748,9971055575563239174
fusion8,1048576,5,347.6288,9971055575563239174
btree8,1048576,5,255.5435,9971055575563239174
btree8_bl_a64,1048576,5,224.5789,9971055575563239174
fusion8_c,1048576,5,318.9056,9971055575563239174
sorted_array,1048576,5,164.9231,9971055575563239174
btree8_a64,1048576,5,260.0433,9971055575563239174
fusion16_w,1048576,5,234.2957,9971055575563239174
btree16_bl_a64,1048576,5,163.8214,9971055575563239174
btree8_bl,1048576,5,231.1829,9971055575563239174
fusion8_bf,1048576,5,354.6844,9971055575563239174
btree8,1048576,6,260.3500,9971055575563239174
sorted_array,1048576,6,164.2700,9971055575563239174
fusion8,1048576,6,350.5997,9971055575563239174
fusion8_c,1048576,6,331.7947,9971055575563239174
fusion8_bf,1048576,6,353.8040,9971055575563239174
fusion16_w,1048576,6,233.7860,9971055575563239174
btree8_bl_a64,1048576,6,219.6259,9971055575563239174
btree16_bl_a64,1048576,6,161.6302,9971055575563239174
btree8_bl,1048576,6,231.0776,9971055575563239174
btree8_a64,1048576,6,255.8441,9971055575563239174
fusion8,1048576,7,353.7354,9971055575563239174
btree8_bl_a64,1048576,7,238.0020,9971055575563239174
btree8,1048576,7,260.8231,9971055575563239174
fusion8_c,1048576,7,316.3879,9971055575563239174
fusion16_w,1048576,7,235.0601,9971055575563239174
fusion8_bf,1048576,7,359.3521,9971055575563239174
btree8_a64,1048576,7,258.4610,9971055575563239174
btree16_bl_a64,1048576,7,161.7233,9971055575563239174
sorted_array,1048576,7,164.9933,9971055575563239174
btree8_bl,1048576,7,239.3341,9971055575563239174
btree8,1048576,8,262.8525,9971055575563239174
fusion8_bf,1048576,8,354.5853,9971055575563239174
fusion8,1048576,8,353.6987,9971055575563239174
fusion16_w,1048576,8,233.7524,9971055575563239174
btree8_a64,1048576,8,257.3410,9971055575563239174
btree8_bl_a64,1048576,8,227.2461,9971055575563239174
fusion8_c,1048576,8,317.3279,9971055575563239174
btree8_bl,1048576,8,233.7448,9971055575563239174
sorted_array,1048576,8,164.4241,9971055575563239174
btree16_bl_a64,1048576,8,166.1575,9971055575563239174
fusion16_w,1048576,9,234.3811,9971055575563239174
btree8_a64,1048576,9,257.9666,9971055575563239174
fusion8_c,1048576,9,319.2963,9971055575563239174
fusion8,1048576,9,351.1337,9971055575563239174
sorted_array,1048576,9,164.3433,9971055575563239174
fusion8_bf,1048576,9,347.2992,9971055575563239174
btree8,1048576,9,257.0801,9971055575563239174
btree16_bl_a64,1048576,9,160.1425,9971055575563239174
btree8_bl_a64,1048576,9,217.7780,9971055575563239174
btree8_bl,1048576,9,230.9814,9971055575563239174
fusion16_w,1048576,10,231.5491,9971055575563239174
btree8_bl_a64,1048576,10,218.3350,9971055575563239174
fusion8,1048576,10,352.8671,9971055575563239174
fusion8_bf,1048576,10,344.6503,9971055575563239174
btree16_bl_a64,1048576,10,166.6092,9971055575563239174
btree8_bl,1048576,10,232.2266,9971055575563239174
btree8,1048576,10,256.9824,9971055575563239174
fusion8_c,1048576,10,315.9256,9971055575563239174
btree8_a64,1048576,10,259.5230,9971055575563239174
sorted_array,1048576,10,166.0675,9971055575563239174
btree8_bl_a64,1048576,11,226.6937,9971055575563239174
fusion8,1048576,11,373.2773,9971055575563239174
sorted_array,1048576,11,164.8987,9971055575563239174
btree8,1048576,11,256.2927,9971055575563239174
fusion8_c,1048576,11,320.0119,9971055575563239174
btree16_bl_a64,1048576,11,165.8295,9971055575563239174
btree8_bl,1048576,11,229.8477,9971055575563239174
btree8_a64,1048576,11,257.8018,9971055575563239174
fusion16_w,1048576,11,233.5632,9971055575563239174
fusion8_bf,1048576,11,371.0083,9971055575563239174
sorted_array,1048576,12,165.4068,9971055575563239174
fusion8_c,1048576,12,321.6095,9971055575563239174
btree8,1048576,12,257.8232,9971055575563239174
btree8_bl,1048576,12,229.8660,9971055575563239174
fusion8,1048576,12,345.6985,9971055575563239174
fusion16_w,1048576,12,235.6857,9971055575563239174
btree8_a64,1048576,12,261.4517,9971055575563239174
btree8_bl_a64,1048576,12,220.1859,9971055575563239174
btree16_bl_a64,1048576,12,163.2141,9971055575563239174
fusion8_bf,1048576,12,353.0075,9971055575563239174
fusion8,1048576,13,354.9240,9971055575563239174
sorted_array,1048576,13,166.2292,9971055575563239174
btree8_bl_a64,1048576,13,234.1736,9971055575563239174
btree16_bl_a64,1048576,13,164.0808,9971055575563239174
fusion8_bf,1048576,13,354.8752,9971055575563239174
btree8_a64,1048576,13,257.0770,9971055575563239174
fusion16_w,1048576,13,233.3450,9971055575563239174
fusion8_c,1048576,13,324.4827,9971055575563239174
btree8,1048576,13,257.1762,9971055575563239174
btree8_bl,1048576,13,232.6965,9971055575563239174
btree16_bl_a64,1048576,14,166.1987,9971055575563239174
btree8_bl,1048576,14,226.4832,9971055575563239174
sorted_array,1048576,14,163.9999,9971055575563239174
btree8,1048576,14,256.7673,9971055575563239174
fusion16_w,1048576,14,231.4301,9971055575563239174
fusion8_c,1048576,14,325.3952,9971055575563239174
btree8_a64,1048576,14,260.0479,9971055575563239174
fusion8_bf,1048576,14,350.8743,9971055575563239174
btree8_bl_a64,1048576,14,222.2382,9971055575563239174
fusion8,1048576,14,346.8582,9971055575563239174
btree8_a64,2097152,0,310.0250,360150140800640134
btree8_bl_a64,2097152,0,405.8472,360150140800640134
fusion8_c,2097152,0,356.3141,360150140800640134
fusion16_w,2097152,0,351.7776,360150140800640134
btree16_bl_a64,2097152,0,240.9531,360150140800640134
fusion8,2097152,0,359.6252,360150140800640134
fusion8_bf,2097152,0,370.9030,360150140800640134
btree8,2097152,0,267.5949,360150140800640134
btree8_bl,2097152,0,283.3389,360150140800640134
sorted_array,2097152,0,224.8596,360150140800640134
fusion8_c,2097152,1,333.3069,360150140800640134
fusion16_w,2097152,1,352.4124,360150140800640134
fusion8_bf,2097152,1,369.1971,360150140800640134
btree8_a64,2097152,1,266.5802,360150140800640134
sorted_array,2097152,1,225.1984,360150140800640134
btree8_bl,2097152,1,282.1716,360150140800640134
btree8,2097152,1,266.1682,360150140800640134
btree8_bl_a64,2097152,1,273.7640,360150140800640134
fusion8,2097152,1,363.8138,360150140800640134
btree16_bl_a64,2097152,1,256.0013,360150140800640134
sorted_array,2097152,2,226.8372,360150140800640134
btree8_a64,2097152,2,267.4149,360150140800640134
btree8_bl,2097152,2,281.2180,360150140800640134
fusion8_c,2097152,2,337.4039,360150140800640134
btree8,2097152,2,264.8041,360150140800640134
fusion8,2097152,2,360.6445,360150140800640134
btree16_bl_a64,2097152,2,251.9943,360150140800640134
fusion16_w,2097152,2,342.3065,360150140800640134
fusion8_bf,2097152,2,370.8221,360150140800640134
btree8_bl_a64,2097152,2,273.5626,360150140800640134
btree16_bl_a64,2097152,3,235.5988,360150140800640134
btree8_bl,2097152,3,285.0998,360150140800640134
fusion8_c,2097152,3,334.2773,360150140800640134
btree8_a64,2097152,3,269.2749,360150140800640134
fusion16_w,2097152,3,349.5300,360150140800640134
btree8,2097152,3,268.3868,360150140800640134
sorted_array,2097152,3,224.9222,360150140800640134
fusion8,2097152,3,361.4655,360150140800640134
fusion8_bf,2097152,3,369.8502,360150140800640134
btree8_bl_a64,2097152,3,274.3805,360150140800640134
btree8_bl_a64,2097152,4,208.9020,360150140800640134
btree8_a64,2097152,4,266.0782,360150140800640134
btree8,2097152,4,268.0161,360150140800640134
btree16_bl_a64,2097152,4,240.3061,360150140800640134
fusion16_w,2097152,4,342.1265,360150140800640134
btree8_bl,2097152,4,283.6517,360150140800640134
fusion8,2097152,4,361.3968,360150140800640134
sorted_array,2097152,4,224.8001,360150140800640134
fusion8_c,2097152,4,335.3714,360150140800640134
fusion8_bf,2097152,4,378.5446,360150140800640134
fusion16_w,2097152,5,343.9713,360150140800640134
btree8,2097152,5,268.0817,360150140800640134
fusion8,2097152,5,360.0677,360150140800640134
sorted_array,2097152,5,224.6719,360150140800640134
fusion8_c,2097152,5,334.6359,360150140800640134
fusion8_bf,2097152,5,370.3033,360150140800640134
btree8_bl_a64,2097152,5,272.0352,360150140800640134
btree16_bl_a64,2097152,5,237.9349,360150140800640134
btree8_a64,2097152,5,266.8961,360150140800640134
btree8_bl,2097152,5,282.7057,360150140800640134
btree8,2097152,6,266.6565,360150140800640134
btree8_bl_a64,2097152,6,273.5031,360150140800640134
fusion8_bf,2097152,6,369.1299,360150140800640134
fusion8_c,2097152,6,335.2615,360150140800640134
fusion16_w,2097152,6,351.8997,360150140800640134
sorted_array,2097152,6,222.9095,360150140800640134
fusion8,2097152,6,360.4904,360150140800640134
btree8_bl,2097152,6,286.7218,360150140800640134
btree16_bl_a64,2097152,6,237.1384,360150140800640134
btree8_a64,2097152,6,267.4347,360150140800640134
btree8_bl_a64,2097152,7,272.3938,360150140800640134
fusion16_w,2097152,7,343.4540,360150140800640134
btree16_bl_a64,2097152,7,246.8140,360150140800640134
btree8_a64,2097152,7,266.4215,360150140800640134
fusion8_bf,2097152,7,363.7283,360150140800640134
fusion8_c,2097152,7,338.5437,360150140800640134
fusion8,2097152,7,362.0499,360150140800640134
btree8,2097152,7,265.4953,360150140800640134
btree8_bl,2097152,7,281.1615,360150140800640134
sorted_array,2097152,7,223.8297,360150140800640134
fusion16_w,2097152,8,359.2606,360150140800640134
btree8_bl,2097152,8,283.9661,360150140800640134
sorted_array,2097152,8,224.1455,360150140800640134
fusion8_bf,2097152,8,366.0507,360150140800640134
btree8,2097152,8,265.6021,360150140800640134
fusion8_c,2097152,8,335.5896,360150140800640134
btree16_bl_a64,2097152,8,242.2516,360150140800640134
btree8_a64,2097152,8,268.2877,360150140800640134
fusion8,2097152,8,362.7182,360150140800640134
btree8_bl_a64,2097152,8,273.4070,360150140800640134
btree8_bl,2097152,9,284.8083,360150140800640134
fusion8,2097152,9,358.5739,360150140800640134
fusion8_c,2097152,9,338.7497,360150140800640134
fusion8_bf,2097152,9,369.0735,360150140800640134
fusion16_w,2097152,9,347.4991,360150140800640134
btree8_bl_a64,2097152,9,274.9069,360150140800640134
btree16_bl_a64,2097152,9,242.7933,360150140800640134
sorted_array,2097152,9,223.8358,360150140800640134
btree8,2097152,9,266.2994,360150140800640134
btree8_a64,2097152,9,266.3788,360150140800640134
fusion8_c,2097152,10,337.8983,360150140800640134
fusion16_w,2097152,10,359.3414,360150140800640134
btree8_bl_a64,2097152,10,272.9340,360150140800640134
fusion8,2097152,10,360.9680,360150140800640134
btree8_bl,2097152,10,282.1747,360150140800640134
fusion8_bf,2097152,10,366.9983,360150140800640134
btree16_bl_a64,2097152,10,241.1438,360150140800640134
btree8,2097152,10,269.1925,360150140800640134
btree8_a64,2097152,10,266.8594,360150140800640134
sorted_array,2097152,10,224.2111,360150140800640134
fusion8_bf,2097152,11,362.3001,360150140800640134
sorted_array,2097152,11,223.9014,360150140800640134
fusion8_c,2097152,11,331.8909,360150140800640134
btree8_bl_a64,2097152,11,274.5224,360150140800640134
btree8_bl,2097152,11,283.1650,360150140800640134
btree8_a64,2097152,11,265.2161,360150140800640134
btree8,2097152,11,268.2831,360150140800640134
btree16_bl_a64,2097152,11,236.0367,360150140800640134
fusion16_w,2097152,11,351.9272,360150140800640134
fusion8,2097152,11,361.3602,360150140800640134
btree16_bl_a64,2097152,12,237.5687,360150140800640134
fusion8,2097152,12,361.7355,360150140800640134
sorted_array,2097152,12,224.2737,360150140800640134
fusion16_w,2097152,12,342.2287,360150140800640134
fusion8_c,2097152,12,339.3311,360150140800640134
btree8,2097152,12,266.6870,360150140800640134
btree8_bl,2097152,12,283.0765,360150140800640134
fusion8_bf,2097152,12,360.5331,360150140800640134
btree8_bl_a64,2097152,12,272.3312,360150140800640134
btree8_a64,2097152,12,265.7639,360150140800640134
fusion8,2097152,13,363.0005,360150140800640134
fusion8_c,2097152,13,340.2481,360150140800640134
fusion8_bf,2097152,13,368.3960,360150140800640134
fusion16_w,2097152,13,357.6080,360150140800640134
sorted_array,2097152,13,224.6872,360150140800640134
btree8,2097152,13,267.9214,360150140800640134
btree16_bl_a64,2097152,13,238.4003,360150140800640134
btree8_a64,2097152,13,266.0202,360150140800640134
btree8_bl,2097152,13,284.7488,360150140800640134
btree8_bl_a64,2097152,13,273.7579,360150140800640134
fusion8_c,2097152,14,338.1256,360150140800640134
btree8,2097152,14,266.0172,360150140800640134
fusion8_bf,2097152,14,361.6638,360150140800640134
fusion8,2097152,14,362.6328,360150140800640134
btree8_bl,2097152,14,281.9199,360150140800640134
btree16_bl_a64,2097152,14,239.9673,360150140800640134
btree8_a64,2097152,14,266.8060,360150140800640134
fusion16_w,2097152,14,342.8970,360150140800640134
btree8_bl_a64,2097152,14,274.9130,360150140800640134
sorted_array,2097152,14,225.0626,360150140800640134
fusion8_bf,4194304,0,368.0206,13987696726093534327
btree8_bl_a64,4194304,0,278.6880,13987696726093534327
btree8,4194304,0,274.7482,13987696726093534327
fusion16_w,4194304,0,402.7878,13987696726093534327
fusion8_c,4194304,0,340.1321,13987696726093534327
btree8_a64,4194304,0,270.9335,13987696726093534327
sorted_array,4194304,0,361.3495,13987696726093534327
btree8_bl,4194304,0,289.5523,13987696726093534327
btree16_bl_a64,4194304,0,330.6961,13987696726093534327
fusion8,4194304,0,364.0533,13987696726093534327
btree8_bl_a64,4194304,1,279.4434,13987696726093534327
btree8_a64,4194304,1,266.9388,13987696726093534327
fusion8,4194304,1,362.9150,13987696726093534327
sorted_array,4194304,1,363.9572,13987696726093534327
fusion16_w,4194304,1,418.8797,13987696726093534327
fusion8_bf,4194304,1,373.3810,13987696726093534327
btree16_bl_a64,4194304,1,327.9282,13987696726093534327
btree8_bl,4194304,1,291.4154,13987696726093534327
fusion8_c,4194304,1,338.6749,13987696726093534327
btree8,4194304,1,273.7396,13987696726093534327
fusion16_w,4194304,2,405.7831,13987696726093534327
fusion8,4194304,2,366.0980,13987696726093534327
fusion8_bf,4194304,2,376.6388,13987696726093534327
btree8_bl,4194304,2,288.8916,13987696726093534327
fusion8_c,4194304,2,338.7390,13987696726093534327
sorted_array,4194304,2,361.9766,13987696726093534327
btree8_a64,4194304,2,268.0328,13987696726093534327
btree16_bl_a64,4194304,2,332.0267,13987696726093534327
btree8_bl_a64,4194304,2,279.5181,13987696726093534327
btree8,4194304,2,271.4615,13987696726093534327
fusion8,4194304,3,370.2835,13987696726093534327
fusion8_bf,4194304,3,368.8202,13987696726093534327
btree16_bl_a64,4194304,3,379.1550,13987696726093534327
fusion16_w,4194304,3,406.5414,13987696726093534327
btree8_bl_a64,4194304,3,281.2180,13987696726093534327
sorted_array,4194304,3,359.4833,13987696726093534327
btree8_a64,4194304,3,269.6167,13987696726093534327
fusion8_c,4194304,3,339.0869,13987696726093534327
btree8,4194304,3,272.0718,13987696726093534327
btree8_bl,4194304,3,288.4430,13987696726093534327
fusion8_bf,4194304,4,369.8547,13987696726093534327
btree8,4194304,4,271.8155,13987696726093534327
btree8_bl,4194304,4,290.1154,13987696726093534327
sorted_array,4194304,4,360.2142,13987696726093534327
fusion8_c,4194304,4,338.0295,13987696726093534327
btree16_bl_a64,4194304,4,328.4363,13987696726093534327
fusion8,4194304,4,364.3112,13987696726093534327
btree8_bl_a64,4194304,4,278.8895,13987696726093534327
fusion16_w,4194304,4,418.0161,13987696726093534327
btree8_a64,4194304,4,269.7601,13987696726093534327
fusion16_w,4194304,5,401.1383,13987696726093534327
sorted_array,4194304,5,359.6756,13987696726093534327
btree16_bl_a64,4194304,5,328.6499,13987696726093534327
btree8,4194304,5,269.9356,13987696726093534327
btree8_bl,4194304,5,290.1443,13987696726093534327
fusion8_bf,4194304,5,368.9957,13987696726093534327
btree8_bl_a64,4194304,5,279.3320,13987696726093534327
fusion8,4194304,5,365.2924,13987696726093534327
btree8_a64,4194304,5,267.8329,13987696726093534327
fusion8_c,4194304,5,336.1496,13987696726093534327
btree8_a64,4194304,6,263.0447,13987696726093534327
sorted_array,4194304,6,358.6380,13987696726093534327
btree8_bl_a64,4194304,6,276.9058,13987696726093534327
btree8,4194304,6,273.6237,13987696726093534327
fusion8_c,4194304,6,338.4811,13987696726093534327
fusion8_bf,4194304,6,374.4583,13987696726093534327
btree8_bl,4194304,6,288.6658,13987696726093534327
fusion16_w,4194304,6,409.6710,13987696726093534327
btree16_bl_a64,4194304,6,330.3772,13987696726093534327
fusion8,4194304,6,370.4788,13987696726093534327
btree8,4194304,7,273.2590,13987696726093534327
sorted_array,4194304,7,357.1198,13987696726093534327
fusion16_w,4194304,7,403.1494,13987696726093534327
fusion8,4194304,7,362.4237,13987696726093534327
fusion8_c,4194304,7,343.1580,13987696726093534327
btree8_bl_a64,4194304,7,277.9877,13987696726093534327
btree16_bl_a64,4194304,7,330.1239,13987696726093534327
btree8_bl,4194304,7,292.1417,13987696726093534327
btree8_a64,4194304,7,270.9366,13987696726093534327
fusion8_bf,4194304,7,371.0236,13987696726093534327
fusion8,4194304,8,364.5782,13987696726093534327
fusion16_w,4194304,8,424.4537,13987696726093534327
btree8,4194304,8,270.3445,13987696726093534327
btree16_bl_a64,4194304,8,333.2932,13987696726093534327
btree8_bl,4194304,8,289.3188,13987696726093534327
sorted_array,4194304,8,361.3632,13987696726093534327
fusion8_c,4194304,8,338.5788,13987696726093534327
fusion8_bf,4194304,8,371.8063,13987696726093534327
btree8_bl_a64,4194304,8,277.2812,13987696726093534327
btree8_a64,4194304,8,266.9159,13987696726093534327
btree8_bl_a64,4194304,9,276.2573,13987696726093534327
btree8,4194304,9,272.3267,13987696726093534327
fusion8_bf,4194304,9,369.9036,13987696726093534327
btree8_a64,4194304,9,266.3651,13987696726093534327
fusion8,4194304,9,362.9944,13987696726093534327
btree8_bl,4194304,9,290.5014,13987696726093534327
btree16_bl_a64,4194304,9,328.4958,13987696726093534327
fusion8_c,4194304,9,336.9476,13987696726093534327
fusion16_w,4194304,9,402.2720,13987696726093534327
sorted_array,4194304,9,360.6613,13987696726093534327
fusion8,4194304,10,364.4058,13987696726093534327
fusion16_w,4194304,10,424.6368,13987696726093534327
sorted_array,4194304,10,362.7319,13987696726093534327
fusion8_c,4194304,10,336.6257,13987696726093534327
btree8,4194304,10,270.0989,13987696726093534327
fusion8_bf,4194304,10,374.8047,13987696726093534327
btree8_bl_a64,4194304,10,278.4866,13987696726093534327
btree8_bl,4194304,10,288.2767,13987696726093534327
btree8_a64,4194304,10,266.6534,13987696726093534327
btree16_bl_a64,4194304,10,327.3758,13987696726093534327
fusion8_c,4194304,11,339.9185,13987696726093534327
btree8_bl,4194304,11,287.9745,13987696726093534327
fusion8_bf,4194304,11,370.5307,13987696726093534327
fusion8,4194304,11,364.1907,13987696726093534327
btree8,4194304,11,270.9915,13987696726093534327
btree8_a64,4194304,11,271.1243,13987696726093534327
btree8_bl_a64,4194304,11,286.5128,13987696726093534327
btree16_bl_a64,4194304,11,329.6112,13987696726093534327
sorted_array,4194304,11,362.5763,13987696726093534327
fusion16_w,4194304,11,399.0738,13987696726093534327
fusion8_bf,4194304,12,362.4969,13987696726093534327
btree8_bl_a64,4194304,12,281.8237,13987696726093534327
fusion16_w,4194304,12,406.3660,13987696726093534327
sorted_array,4194304,12,362.0880,13987696726093534327
btree8_bl,4194304,12,299.4064,13987696726093534327
btree16_bl_a64,4194304,12,328.5965,13987696726093534327
fusion8_c,4194304,12,339.4394,13987696726093534327
fusion8,4194304,12,366.0477,13987696726093534327
btree8,4194304,12,269.4305,13987696726093534327
btree8_a64,4194304,12,268.8736,13987696726093534327
sorted_array,4194304,13,358.0811,13987696726093534327
fusion8_bf,4194304,13,369.1864,13987696726093534327
btree8_a64,4194304,13,271.7621,13987696726093534327
btree16_bl_a64,4194304,13,338.9481,13987696726093534327
btree8_bl,4194304,13,290.3778,13987696726093534327
fusion8_c,4194304,13,337.7029,13987696726093534327
fusion16_w,4194304,13,416.3391,13987696726093534327
btree8_bl_a64,4194304,13,279.7791,13987696726093534327
fusion8,4194304,13,364.6439,13987696726093534327
btree8,4194304,13,271.3959,13987696726093534327
fusion8_bf,4194304,14,369.8761,13987696726093534327
fusion16_w,4194304,14,417.4271,13987696726093534327
fusion8,4194304,14,354.4830,13987696726093534327
btree16_bl_a64,4194304,14,318.3441,13987696726093534327
fusion8_c,4194304,14,336.8073,13987696726093534327
btree8,4194304,14,264.0457,13987696726093534327
btree8_bl,4194304,14,283.2352,13987696726093534327
btree8_a64,4194304,14,264.7369,13987696726093534327
btree8_bl_a64,4194304,14,274.2828,13987696726093534327
sorted_array,4194304,14,351.3214,13987696726093534327
btree16_bl_a64,8388608,0,355.9982,14571906064232911788
fusion16_w,8388608,0,427.5040,14571906064232911788
fusion8_bf,8388608,0,538.2492,14571906064232911788
btree8_a64,8388608,0,411.6180,14571906064232911788
btree8_bl,8388608,0,406.4606,14571906064232911788
fusion8_c,8388608,0,478.1799,14571906064232911788
btree8,8388608,0,403.6270,14571906064232911788
fusion8,8388608,0,514.1663,14571906064232911788
sorted_array,8388608,0,648.8205,14571906064232911788
btree8_bl_a64,8388608,0,376.8829,14571906064232911788
btree8_bl,8388608,1,398.3780,14571906064232911788
fusion8,8388608,1,527.4704,14571906064232911788
fusion8_c,8388608,1,485.6491,14571906064232911788
fusion8_bf,8388608,1,553.2608,14571906064232911788
btree16_bl_a64,8388608,1,343.6523,14571906064232911788
fusion16_w,8388608,1,431.0593,14571906064232911788
btree8,8388608,1,411.9232,14571906064232911788
sorted_array,8388608,1,576.2970,14571906064232911788
btree8_a64,8388608,1,410.3821,14571906064232911788
btree8_bl_a64,8388608,1,373.1094,14571906064232911788
btree8_a64,8388608,2,392.0624,14571906064232911788
fusion8_c,8388608,2,477.9266,14571906064232911788
btree16_bl_a64,8388608,2,342.9031,14571906064232911788
sorted_array,8388608,2,685.9726,14571906064232911788
fusion8_bf,8388608,2,536.4471,14571906064232911788
btree8_bl_a64,8388608,2,371.9040,14571906064232911788
fusion8,8388608,2,527.0493,14571906064232911788
btree8_bl,8388608,2,402.3544,14571906064232911788
btree8,8388608,2,401.2863,14571906064232911788
fusion16_w,8388608,2,425.7080,14571906064232911788
btree8_bl_a64,8388608,3,367.2028,14571906064232911788
fusion16_w,8388608,3,414.0625,14571906064232911788
btree16_bl_a64,8388608,3,342.4042,14571906064232911788
fusion8,8388608,3,516.1682,14571906064232911788
fusion8_c,8388608,3,482.8308,14571906064232911788
sorted_array,8388608,3,698.4772,14571906064232911788
btree8_bl,8388608,3,420.5429,14571906064232911788
btree8,8388608,3,412.0087,14571906064232911788
btree8_a64,8388608,3,409.8862,14571906064232911788
fusion8_bf,8388608,3,521.7697,14571906064232911788
btree8_bl,8388608,4,383.4518,14571906064232911788
btree8,8388608,4,402.1988,14571906064232911788
btree16_bl_a64,8388608,4,337.7136,14571906064232911788
fusion16_w,8388608,4,424.5941,14571906064232911788
sorted_array,8388608,4,697.2107,14571906064232911788
fusion8_bf,8388608,4,536.9965,14571906064232911788
btree8_bl_a64,8388608,4,386.8210,14571906064232911788
btree8_a64,8388608,4,414.2548,14571906064232911788
fusion8_c,8388608,4,487.8281,14571906064232911788
fusion8,8388608,4,526.1002,14571906064232911788
fusion8_c,8388608,5,489.9750,14571906064232911788
fusion16_w,8388608,5,434.4650,14571906064232911788
btree8,8388608,5,404.2831,14571906064232911788
sorted_array,8388608,5,577.9358,14571906064232911788
btree16_bl_a64,8388608,5,345.5048,14571906064232911788
btree8_bl_a64,8388608,5,366.4566,14571906064232911788
btree8_bl,8388608,5,395.0089,14571906064232911788
fusion8,8388608,5,511.6531,14571906064232911788
fusion8_bf,8388608,5,534.3491,14571906064232911788
btree8_a64,8388608,5,412.2940,14571906064232911788
fusion8,8388608,6,513.7299,14571906064232911788
btree8_bl,8388608,6,377.8198,14571906064232911788
btree8_a64,8388608,6,401.1124,14571906064232911788
fusion8_c,8388608,6,477.3712,14571906064232911788
fusion16_w,8388608,6,429.9377,14571906064232911788
sorted_array,8388608,6,694.2261,14571906064232911788
fusion8_bf,8388608,6,522.8760,14571906064232911788
btree16_bl_a64,8388608,6,336.0870,14571906064232911788
btree8_bl_a64,8388608,6,369.1803,14571906064232911788
btree8,8388608,6,395.3308,14571906064232911788
btree16_bl_a64,8388608,7,340.4480,14571906064232911788
btree8,8388608,7,391.2643,14571906064232911788
fusion8_bf,8388608,7,515.3534,14571906064232911788
fusion8,8388608,7,513.6368,14571906064232911788
btree8_bl,8388608,7,399.9161,14571906064232911788
btree8_bl_a64,8388608,7,366.7358,14571906064232911788
sorted_array,8388608,7,707.9590,14571906064232911788
fusion16_w,8388608,7,421.9955,14571906064232911788
fusion8_c,8388608,7,481.5628,14571906064232911788
btree8_a64,8388608,7,411.9690,14571906064232911788
fusion8_c,8388608,8,476.1734,14571906064232911788
fusion8_bf,8388608,8,541.8884,14571906064232911788
btree16_bl_a64,8388608,8,345.2866,14571906064232911788
btree8_a64,8388608,8,413.4644,14571906064232911788
sorted_array,8388608,8,572.6852,14571906064232911788
btree8_bl_a64,8388608,8,374.1959,14571906064232911788
btree8,8388608,8,397.6257,14571906064232911788
fusion8,8388608,8,509.9594,14571906064232911788
fusion16_w,8388608,8,427.0096,14571906064232911788
btree8_bl,8388608,8,400.1266,14571906064232911788
fusion8_c,8388608,9,476.3062,14571906064232911788
btree16_bl_a64,8388608,9,341.6687,14571906064232911788
fusion8,8388608,9,523.3276,14571906064232911788
fusion16_w,8388608,9,428.5889,14571906064232911788
btree8_bl,8388608,9,408.3771,14571906064232911788
btree8_a64,8388608,9,399.2722,14571906064232911788
fusion8_bf,8388608,9,516.4780,14571906064232911788
btree8_bl_a64,8388608,9,371.7377,14571906064232911788
btree8,8388608,9,399.4598,14571906064232911788
sorted_array,8388608,9,667.9077,14571906064232911788
fusion8,8388608,10,520.3720,14571906064232911788
sorted_array,8388608,10,685.8047,14571906064232911788
fusion8_c,8388608,10,477.7084,14571906064232911788
fusion8_bf,8388608,10,509.8938,14571906064232911788
btree8_bl_a64,8388608,10,365.1169,14571906064232911788
btree16_bl_a64,8388608,10,338.0188,14571906064232911788
btree8_bl,8388608,10,381.8527,14571906064232911788
fusion16_w,8388608,10,430.1300,14571906064232911788
btree8,8388608,10,399.0402,14571906064232911788
btree8_a64,8388608,10,402.2888,14571906064232911788
btree8,8388608,11,387.3596,14571906064232911788
sorted_array,8388608,11,709.1324,14571906064232911788
btree8_bl,8388608,11,387.8159,14571906064232911788
btree16_bl_a64,8388608,11,345.5200,14571906064232911788
btree8_a64,8388608,11,410.5057,14571906064232911788
fusion8_c,8388608,11,485.2219,14571906064232911788
fusion8_bf,8388608,11,534.4711,14571906064232911788
fusion16_w,8388608,11,437.7014,14571906064232911788
btree8_bl_a64,8388608,11,391.8701,14571906064232911788
fusion8,8388608,11,526.2527,14571906064232911788
sorted_array,8388608,12,572.3892,14571906064232911788
btree8_a64,8388608,12,415.0620,14571906064232911788
btree8,8388608,12,408.5693,14571906064232911788
fusion8_c,8388608,12,485.4492,14571906064232911788
btree8_bl,8388608,12,394.2917,14571906064232911788
fusion8_bf,8388608,12,547.5952,14571906064232911788
fusion16_w,8388608,12,435.3928,14571906064232911788
btree8_bl_a64,8388608,12,378.3173,14571906064232911788
fusion8,8388608,12,532.1228,14571906064232911788
btree16_bl_a64,8388608,12,346.5210,14571906064232911788
btree8,8388608,13,410.9985,14571906064232911788
btree16_bl_a64,8388608,13,344.2413,14571906064232911788
fusion8,8388608,13,524.3530,14571906064232911788
btree8_bl,8388608,13,407.3441,14571906064232911788
btree8_a64,8388608,13,415.1962,14571906064232911788
fusion16_w,8388608,13,430.1620,14571906064232911788
btree8_bl_a64,8388608,13,373.9777,14571906064232911788
fusion8_bf,8388608,13,535.0189,14571906064232911788
fusion8_c,8388608,13,492.6071,14571906064232911788
sorted_array,8388608,13,577.6413,14571906064232911788
fusion8_bf,8388608,14,528.0151,14571906064232911788
btree8_bl,8388608,14,402.9266,14571906064232911788
btree8_bl_a64,8388608,14,388.0539,14571906064232911788
btree8,8388608,14,409.0088,14571906064232911788
sorted_array,8388608,14,572.8790,14571906064232911788
fusion8,8388608,14,534.2560,14571906064232911788
fusion16_w,8388608,14,432.0923,14571906064232911788
fusion8_c,8388608,14,496.9513,14571906064232911788
btree8_a64,8388608,14,420.2881,14571906064232911788
btree16_bl_a64,8388608,14,346.1670,14571906064232911788
fusion8,16777216,0,560.6552,762412688173254828
fusion16_w,16777216,0,422.7753,762412688173254828
btree8,16777216,0,436.1938,762412688173254828
btree16_bl_a64,16777216,0,338.9359,762412688173254828
btree8_bl_a64,16777216,0,439.2517,762412688173254828
btree8_bl,16777216,0,459.5566,762412688173254828
fusion8_bf,16777216,0,564.7629,762412688173254828
btree8_a64,16777216,0,436.0748,762412688173254828
fusion8_c,16777216,0,522.0413,762412688173254828
sorted_array,16777216,0,928.5889,762412688173254828
btree8,16777216,1,434.5932,762412688173254828
btree16_bl_a64,16777216,1,340.0009,762412688173254828
btree8_bl,16777216,1,454.9820,762412688173254828
fusion8_c,16777216,1,519.5084,762412688173254828
btree8_bl_a64,16777216,1,440.3046,762412688173254828
btree8_a64,16777216,1,436.3113,762412688173254828
sorted_array,16777216,1,914.0915,762412688173254828
fusion8,16777216,1,558.9920,762412688173254828
fusion8_bf,16777216,1,562.3611,762412688173254828
fusion16_w,16777216,1,434.7992,762412688173254828
btree8_a64,16777216,2,440.2237,762412688173254828
fusion8,16777216,2,551.5488,762412688173254828
btree8_bl,16777216,2,458.9493,762412688173254828
sorted_array,16777216,2,857.9193,762412688173254828
fusion8_c,16777216,2,515.4312,762412688173254828
fusion8_bf,16777216,2,569.4885,762412688173254828
btree8_bl_a64,16777216,2,444.7952,762412688173254828
btree16_bl_a64,16777216,2,341.3727,762412688173254828
fusion16_w,16777216,2,435.1532,762412688173254828
btree8,16777216,2,436.1404,762412688173254828
btree8,16777216,3,357.9773,762412688173254828
btree8_a64,16777216,3,437.0056,762412688173254828
fusion8,16777216,3,556.7993,762412688173254828
fusion8_bf,16777216,3,551.4847,762412688173254828
sorted_array,16777216,3,839.3951,762412688173254828
fusion16_w,16777216,3,432.3090,762412688173254828
btree16_bl_a64,16777216,3,338.5834,762412688173254828
btree8_bl,16777216,3,460.7834,762412688173254828
fusion8_c,16777216,3,521.8170,762412688173254828
btree8_bl_a64,16777216,3,440.4999,762412688173254828
fusion8,16777216,4,559.9152,762412688173254828
fusion8_c,16777216,4,514.6454,762412688173254828
btree8,16777216,4,435.4355,762412688173254828
fusion16_w,16777216,4,428.4393,762412688173254828
btree8_a64,16777216,4,437.8708,762412688173254828
btree8_bl,16777216,4,456.1996,762412688173254828
sorted_array,16777216,4,912.0941,762412688173254828
btree8_bl_a64,16777216,4,441.2598,762412688173254828
btree16_bl_a64,16777216,4,339.3753,762412688173254828
fusion8_bf,16777216,4,556.8588,762412688173254828
fusion8,16777216,5,557.4234,762412688173254828
btree8,16777216,5,435.8841,762412688173254828
btree8_bl_a64,16777216,5,440.5685,762412688173254828
fusion8_c,16777216,5,520.6467,762412688173254828
btree16_bl_a64,16777216,5,346.7743,762412688173254828
btree8_a64,16777216,5,443.6707,762412688173254828
btree8_bl,16777216,5,454.9271,762412688173254828
fusion16_w,16777216,5,434.7946,762412688173254828
sorted_array,16777216,5,912.3245,762412688173254828
fusion8_bf,16777216,5,560.5774,762412688173254828
sorted_array,16777216,6,918.1839,762412688173254828
fusion8_c,16777216,6,518.4311,762412688173254828
btree8,16777216,6,433.2245,762412688173254828
fusion8,16777216,6,558.8028,762412688173254828
btree8_bl,16777216,6,458.5312,762412688173254828
btree8_a64,16777216,6,439.6606,762412688173254828
btree16_bl_a64,16777216,6,342.1158,762412688173254828
fusion16_w,16777216,6,429.7409,762412688173254828
btree8_bl_a64,16777216,6,437.9974,762412688173254828
fusion8_bf,16777216,6,573.8068,762412688173254828
btree8_bl_a64,16777216,7,434.2621,762412688173254828
btree8,16777216,7,437.3047,762412688173254828
btree8_a64,16777216,7,435.5453,762412688173254828
fusion8_c,16777216,7,519.5908,762412688173254828
btree16_bl_a64,16777216,7,342.0959,762412688173254828
fusion8_bf,16777216,7,558.8699,762412688173254828
fusion8,16777216,7,559.6313,762412688173254828
sorted_array,16777216,7,910.0998,762412688173254828
btree8_bl,16777216,7,455.7587,762412688173254828
fusion16_w,16777216,7,431.2943,762412688173254828
fusion8,16777216,8,557.4631,762412688173254828
sorted_array,16777216,8,910.9329,762412688173254828
fusion8_c,16777216,8,508.1985,762412688173254828
btree8,16777216,8,447.7158,762412688173254828
btree8_bl_a64,16777216,8,437.9868,762412688173254828
btree8_bl,16777216,8,458.2870,762412688173254828
fusion16_w,16777216,8,430.8136,762412688173254828
fusion8_bf,16777216,8,567.7551,762412688173254828
btree16_bl_a64,16777216,8,345.9702,762412688173254828
btree8_a64,16777216,8,435.6598,762412688173254828
fusion8,16777216,9,555.9616,762412688173254828
btree8,16777216,9,432.3425,762412688173254828
fusion8_c,16777216,9,511.9003,762412688173254828
fusion16_w,16777216,9,434.6207,762412688173254828
sorted_array,16777216,9,911.6058,762412688173254828
btree8_bl_a64,16777216,9,439.5416,762412688173254828
btree16_bl_a64,16777216,9,335.1105,762412688173254828
btree8_bl,16777216,9,455.8853,762412688173254828
fusion8_bf,16777216,9,567.5934,762412688173254828
btree8_a64,16777216,9,439.7034,762412688173254828
btree8,16777216,10,436.5097,762412688173254828
fusion16_w,16777216,10,431.7520,762412688173254828
fusion8_c,16777216,10,515.7822,762412688173254828
btree8_a64,16777216,10,438.6444,762412688173254828
fusion8,16777216,10,548.7854,762412688173254828
btree8_bl_a64,16777216,10,442.4606,762412688173254828
sorted_array,16777216,10,924.9298,762412688173254828
fusion8_bf,16777216,10,561.9019,762412688173254828
btree8_bl,16777216,10,458.5007,762412688173254828
btree16_bl_a64,16777216,10,336.1130,762412688173254828
btree8_a64,16777216,11,437.0590,762412688173254828
btree8,16777216,11,442.2028,762412688173254828
fusion8_c,16777216,11,517.6788,762412688173254828
btree8_bl_a64,16777216,11,439.9277,762412688173254828
fusion8_bf,16777216,11,564.4684,762412688173254828
fusion8,16777216,11,583.9142,762412688173254828
btree8_bl,16777216,11,456.5887,762412688173254828
fusion16_w,16777216,11,436.1252,762412688173254828
btree16_bl_a64,16777216,11,344.2596,762412688173254828
sorted_array,16777216,11,906.0760,762412688173254828
fusion8_c,16777216,12,508.9355,762412688173254828
sorted_array,16777216,12,925.4257,762412688173254828
btree8_bl_a64,16777216,12,446.1121,762412688173254828
btree8_bl,16777216,12,457.7194,762412688173254828
btree16_bl_a64,16777216,12,343.5074,762412688173254828
fusion8_bf,16777216,12,557.1716,762412688173254828
btree8_a64,16777216,12,432.8171,762412688173254828
fusion16_w,16777216,12,433.7784,762412688173254828
fusion8,16777216,12,557.0709,762412688173254828
btree8,16777216,12,430.8701,762412688173254828
fusion16_w,16777216,13,431.7017,762412688173254828
btree8_bl,16777216,13,460.9772,762412688173254828
fusion8_bf,16777216,13,557.7454,762412688173254828
btree8_bl_a64,16777216,13,437.2284,762412688173254828
btree8_a64,16777216,13,438.1363,762412688173254828
fusion8,16777216,13,560.0357,762412688173254828
btree16_bl_a64,16777216,13,339.2441,762412688173254828
sorted_array,16777216,13,914.9475,762412688173254828
btree8,16777216,13,435.2310,762412688173254828
fusion8_c,16777216,13,517.5507,762412688173254828
sorted_array,16777216,14,931.3766,762412688173254828
btree8_a64,16777216,14,433.1223,762412688173254828
btree8_bl_a64,16777216,14,438.0035,762412688173254828
fusion8_c,16777216,14,517.7826,762412688173254828
btree8_bl,16777216,14,473.9029,762412688173254828
btree8,16777216,14,437.7014,762412688173254828
fusion16_w,16777216,14,424.3042,762412688173254828
btree16_bl_a64,16777216,14,343.0176,762412688173254828
fusion8,16777216,14,549.6948,762412688173254828
fusion8_bf,16777216,14,564.1403,762412688173254828
fusion8_c,33554432,0,520.1645,11029033927968932563
btree8_bl,33554432,0,467.6361,11029033927968932563
btree8,33554432,0,445.0684,11029033927968932563
fusion8,33554432,0,561.3815,11029033927968932563
btree8_bl_a64,33554432,0,450.0031,11029033927968932563
fusion16_w,33554432,0,611.4716,11029033927968932563
btree16_bl_a64,33554432,0,471.0999,11029033927968932563
fusion8_bf,33554432,0,569.0796,11029033927968932563
sorted_array,33554432,0,1077.9800,11029033927968932563
btree8_a64,33554432,0,436.4105,11029033927968932563
fusion16_w,33554432,1,601.4465,11029033927968932563
sorted_array,33554432,1,1121.9208,11029033927968932563
btree8_bl_a64,33554432,1,452.5101,11029033927968932563
btree8_bl,33554432,1,460.3653,11029033927968932563
fusion8,33554432,1,562.8799,11029033927968932563
btree8,33554432,1,447.6334,11029033927968932563
fusion8_bf,33554432,1,573.7152,11029033927968932563
fusion8_c,33554432,1,528.0548,11029033927968932563
btree16_bl_a64,33554432,1,468.2907,11029033927968932563
btree8_a64,33554432,1,439.0060,11029033927968932563
sorted_array,33554432,2,1124.0707,11029033927968932563
btree8,33554432,2,446.0983,11029033927968932563
fusion8_c,33554432,2,524.1119,11029033927968932563
fusion16_w,33554432,2,616.4642,11029033927968932563
btree8_a64,33554432,2,452.1744,11029033927968932563
btree16_bl_a64,33554432,2,480.8670,11029033927968932563
btree8_bl,33554432,2,467.0380,11029033927968932563
fusion8,33554432,2,559.9045,11029033927968932563
fusion8_bf,33554432,2,562.5885,11029033927968932563
btree8_bl_a64,33554432,2,446.9940,11029033927968932563
fusion16_w,33554432,3,604.7119,11029033927968932563
sorted_array,33554432,3,1111.6821,11029033927968932563
fusion8,33554432,3,559.2682,11029033927968932563
btree8_bl_a64,33554432,3,453.6331,11029033927968932563
fusion8_c,33554432,3,517.4255,11029033927968932563
btree8_a64,33554432,3,443.4448,11029033927968932563
btree8,33554432,3,439.6423,11029033927968932563
btree8_bl,33554432,3,464.8651,11029033927968932563
fusion8_bf,33554432,3,567.3828,11029033927968932563
btree16_bl_a64,33554432,3,472.7463,11029033927968932563
fusion16_w,33554432,4,603.3783,11029033927968932563
btree8_bl_a64,33554432,4,450.4364,11029033927968932563
sorted_array,33554432,4,1075.4837,11029033927968932563
btree8_bl,33554432,4,469.5847,11029033927968932563
fusion8,33554432,4,563.9725,11029033927968932563
fusion8_bf,33554432,4,569.4672,11029033927968932563
btree8,33554432,4,445.9686,11029033927968932563
fusion8_c,33554432,4,522.5082,11029033927968932563
btree8_a64,33554432,4,437.5473,11029033927968932563
btree16_bl_a64,33554432,4,475.3830,11029033927968932563
fusion8,33554432,5,558.0887,11029033927968932563
fusion8_c,33554432,5,524.1638,11029033927968932563
btree16_bl_a64,33554432,5,475.4913,11029033927968932563
btree8_a64,33554432,5,440.7394,11029033927968932563
btree8_bl_a64,33554432,5,453.3630,11029033927968932563
btree8_bl,33554432,5,465.1428,11029033927968932563
fusion16_w,33554432,5,603.4439,11029033927968932563
fusion8_bf,33554432,5,568.0832,11029033927968932563
sorted_array,33554432,5,1120.5582,11029033927968932563
btree8,33554432,5,438.3865,11029033927968932563
fusion8_bf,33554432,6,568.7485,11029033927968932563
fusion16_w,33554432,6,603.9719,11029033927968932563
btree8,33554432,6,444.9448,11029033927968932563
btree8_bl_a64,33554432,6,453.8864,11029033927968932563
fusion8_c,33554432,6,520.0027,11029033927968932563
sorted_array,33554432,6,1127.1927,11029033927968932563
fusion8,33554432,6,554.7897,11029033927968932563
btree16_bl_a64,33554432,6,468.5913,11029033927968932563
btree8_a64,33554432,6,440.6021,11029033927968932563
btree8_bl,33554432,6,463.0569,11029033927968932563
fusion16_w,33554432,7,610.0235,11029033927968932563
btree8_bl_a64,33554432,7,450.0656,11029033927968932563
btree16_bl_a64,33554432,7,477.7161,11029033927968932563
btree8_bl,33554432,7,469.2719,11029033927968932563
fusion8_c,33554432,7,518.2693,11029033927968932563
fusion8_bf,33554432,7,568.4402,11029033927968932563
sorted_array,33554432,7,1132.1716,11029033927968932563
btree8_a64,33554432,7,437.3550,11029033927968932563
fusion8,33554432,7,552.6291,11029033927968932563
btree8,33554432,7,443.3578,11029033927968932563
btree8_bl_a64,33554432,8,449.9619,11029033927968932563
fusion8_c,33554432,8,521.4462,11029033927968932563
fusion8,33554432,8,557.7393,11029033927968932563
fusion8_bf,33554432,8,571.5668,11029033927968932563
btree16_bl_a64,33554432,8,480.4199,11029033927968932563
btree8_a64,33554432,8,437.5305,11029033927968932563
sorted_array,33554432,8,1112.8113,11029033927968932563
btree8_bl,33554432,8,463.5086,11029033927968932563
btree8,33554432,8,441.2231,11029033927968932563
fusion16_w,33554432,8,601.0162,11029033927968932563
btree8_a64,33554432,9,440.8218,11029033927968932563
btree8_bl,33554432,9,463.0096,11029033927968932563
btree8,33554432,9,440.2298,11029033927968932563
btree16_bl_a64,33554432,9,473.4253,11029033927968932563
fusion8,33554432,9,559.0286,11029033927968932563
fusion8_c,33554432,9,520.9503,11029033927968932563
fusion8_bf,33554432,9,568.8919,11029033927968932563
sorted_array,33554432,9,1088.2874,11029033927968932563
btree8_bl_a64,33554432,9,456.0852,11029033927968932563
fusion16_w,33554432,9,624.4232,11029033927968932563
btree8_a64,33554432,10,450.3769,11029033927968932563
btree16_bl_a64,33554432,10,477.9831,11029033927968932563
btree8,33554432,10,441.9861,11029033927968932563
fusion16_w,33554432,10,597.2519,11029033927968932563
sorted_array,33554432,10,1117.4637,11029033927968932563
btree8_bl,33554432,10,466.9006,11029033927968932563
fusion8_c,33554432,10,518.6661,11029033927968932563
fusion8_bf,33554432,10,568.8675,11029033927968932563
fusion8,33554432,10,562.8677,11029033927968932563
btree8_bl_a64,33554432,10,452.4048,11029033927968932563
fusion8_bf,33554432,11,566.8335,11029033927968932563
fusion8,33554432,11,556.7764,11029033927968932563
btree16_bl_a64,33554432,11,470.7138,11029033927968932563
btree8_bl,33554432,11,474.0417,11029033927968932563
fusion16_w,33554432,11,596.7804,11029033927968932563
sorted_array,33554432,11,1099.4675,11029033927968932563
fusion8_c,33554432,11,518.1793,11029033927968932563
btree8,33554432,11,440.7608,11029033927968932563
btree8_a64,33554432,11,441.0675,11029033927968932563
btree8_bl_a64,33554432,11,452.6199,11029033927968932563
btree8_bl,33554432,12,466.3361,11029033927968932563
fusion8_c,33554432,12,524.1821,11029033927968932563
fusion16_w,33554432,12,601.1597,11029033927968932563
btree8_a64,33554432,12,443.9468,11029033927968932563
fusion8_bf,33554432,12,566.7191,11029033927968932563
sorted_array,33554432,12,1085.3470,11029033927968932563
fusion8,33554432,12,554.7165,11029033927968932563
btree8,33554432,12,447.6990,11029033927968932563
btree16_bl_a64,33554432,12,472.5296,11029033927968932563
btree8_bl_a64,33554432,12,446.5195,11029033927968932563
btree8_a64,33554432,13,437.3077,11029033927968932563
fusion8,33554432,13,556.6330,11029033927968932563
fusion8_bf,33554432,13,565.2420,11029033927968932563
btree8_bl_a64,33554432,13,455.1971,11029033927968932563
btree8_bl,33554432,13,469.7159,11029033927968932563
fusion8_c,33554432,13,516.0217,11029033927968932563
btree16_bl_a64,33554432,13,478.4500,11029033927968932563
sorted_array,33554432,13,1130.5878,11029033927968932563
btree8,33554432,13,442.4149,11029033927968932563
fusion16_w,33554432,13,604.3030,11029033927968932563
fusion16_w,33554432,14,542.3462,11029033927968932563
btree8_bl_a64,33554432,14,450.0885,11029033927968932563
fusion8_c,33554432,14,524.7513,11029033927968932563
btree8_a64,33554432,14,438.1363,11029033927968932563
sorted_array,33554432,14,1105.9357,11029033927968932563
fusion8,33554432,14,561.5601,11029033927968932563
btree16_bl_a64,33554432,14,468.6661,11029033927968932563
btree8_bl,33554432,14,471.1182,11029033927968932563
fusion8_bf,33554432,14,560.3027,11029033927968932563
btree8,33554432,14,448.7289,11029033927968932563
