structure,n,rep,ns_per_query,checksum
fusion8,256,0,39.8712,11530405409878601149
fusion8_c,256,0,41.1942,11530405409878601149
btree8_a64,256,0,21.3867,11530405409878601149
btree16_bl_a64,256,0,14.7141,11530405409878601149
btree8,256,0,21.5210,11530405409878601149
btree8_bl,256,0,23.8617,11530405409878601149
fusion16_w,256,0,36.8896,11530405409878601149
fusion8_bf,256,0,43.3777,11530405409878601149
btree8_bl_a64,256,0,22.3099,11530405409878601149
sorted_array,256,0,22.3267,11530405409878601149
btree8_bl,256,1,23.9029,11530405409878601149
fusion8,256,1,40.1749,11530405409878601149
btree16_bl_a64,256,1,15.0284,11530405409878601149
fusion16_w,256,1,37.7167,11530405409878601149
btree8_bl_a64,256,1,22.6440,11530405409878601149
btree8_a64,256,1,20.8923,11530405409878601149
fusion8_c,256,1,42.0044,11530405409878601149
sorted_array,256,1,21.9864,11530405409878601149
btree8,256,1,23.0804,11530405409878601149
fusion8_bf,256,1,43.3365,11530405409878601149
btree8_bl,256,2,23.9059,11530405409878601149
sorted_array,256,2,21.9284,11530405409878601149
btree16_bl_a64,256,2,14.7278,11530405409878601149
fusion8_c,256,2,41.1209,11530405409878601149
btree8_a64,256,2,20.7443,11530405409878601149
btree8,256,2,21.8536,11530405409878601149
fusion16_w,256,2,37.6282,11530405409878601149
fusion8,256,2,40.2084,11530405409878601149
fusion8_bf,256,2,43.3167,11530405409878601149
btree8_bl_a64,256,2,22.9370,11530405409878601149
fusion8_c,256,3,41.0477,11530405409878601149
fusion8_bf,256,3,43.4982,11530405409878601149
btree16_bl_a64,256,3,14.8010,11530405409878601149
btree8_bl_a64,256,3,22.2260,11530405409878601149
fusion8,256,3,39.7812,11530405409878601149
btree8,256,3,22.2336,11530405409878601149
sorted_array,256,3,22.2702,11530405409878601149
fusion16_w,256,3,36.9888,11530405409878601149
btree8_a64,256,3,20.6955,11530405409878601149
btree8_bl,256,3,24.3301,11530405409878601149
btree8_bl,256,4,23.8724,11530405409878601149
fusion16_w,256,4,37.3779,11530405409878601149
btree8_bl_a64,256,4,22.6913,11530405409878601149
btree16_bl_a64,256,4,15.0375,11530405409878601149
btree8,256,4,23.1003,11530405409878601149
fusion8,256,4,39.7842,11530405409878601149
fusion8_c,256,4,40.9988,11530405409878601149
fusion8_bf,256,4,43.3151,11530405409878601149
sorted_array,256,4,21.9193,11530405409878601149
btree8_a64,256,4,21.3837,11530405409878601149
fusion8_bf,256,5,43.2495,11530405409878601149
btree8,256,5,22.1603,11530405409878601149
btree8_a64,256,5,21.6675,11530405409878601149
btree8_bl,256,5,23.8785,11530405409878601149
btree16_bl_a64,256,5,14.7217,11530405409878601149
fusion8,256,5,39.9582,11530405409878601149
fusion16_w,256,5,36.8912,11530405409878601149
sorted_array,256,5,24.3317,11530405409878601149
btree8_bl_a64,256,5,22.4228,11530405409878601149
fusion8_c,256,5,41.0202,11530405409878601149
fusion8,256,6,39.7430,11530405409878601149
btree8_a64,256,6,21.7178,11530405409878601149
sorted_array,256,6,24.2920,11530405409878601149
btree8_bl,256,6,23.9029,11530405409878601149
btree16_bl_a64,256,6,14.7369,11530405409878601149
fusion8_bf,256,6,43.1091,11530405409878601149
fusion16_w,256,6,38.5361,11530405409878601149
btree8_bl_a64,256,6,22.2305,11530405409878601149
fusion8_c,256,6,40.9393,11530405409878601149
btree8,256,6,22.0123,11530405409878601149
fusion8_c,256,7,40.9485,11530405409878601149
fusion8_bf,256,7,43.3365,11530405409878601149
sorted_array,256,7,21.9574,11530405409878601149
btree8_bl,256,7,23.9502,11530405409878601149
btree8,256,7,22.7600,11530405409878601149
fusion16_w,256,7,38.0920,11530405409878601149
btree8_a64,256,7,20.6894,11530405409878601149
fusion8,256,7,39.9567,11530405409878601149
btree8_bl_a64,256,7,22.2000,11530405409878601149
btree16_bl_a64,256,7,14.7324,11530405409878601149
fusion8_c,256,8,41.2979,11530405409878601149
btree8_bl,256,8,23.8068,11530405409878601149
btree16_bl_a64,256,8,14.7903,11530405409878601149
fusion16_w,256,8,36.9812,11530405409878601149
btree8_bl_a64,256,8,22.2137,11530405409878601149
btree8,256,8,22.8546,11530405409878601149
btree8_a64,256,8,21.8613,11530405409878601149
fusion8_bf,256,8,43.2312,11530405409878601149
fusion8,256,8,39.9658,11530405409878601149
sorted_array,256,8,24.0875,11530405409878601149
fusion8_bf,256,9,44.3619,11530405409878601149
sorted_array,256,9,21.9147,11530405409878601149
btree8,256,9,21.2219,11530405409878601149
btree8_a64,256,9,22.2641,11530405409878601149
fusion16_w,256,9,36.8668,11530405409878601149
btree8_bl,256,9,23.8937,11530405409878601149
btree8_bl_a64,256,9,22.1405,11530405409878601149
btree16_bl_a64,256,9,14.7568,11530405409878601149
fusion8_c,256,9,40.9790,11530405409878601149
fusion8,256,9,40.0269,11530405409878601149
fusion8,256,10,39.7827,11530405409878601149
btree16_bl_a64,256,10,14.7354,11530405409878601149
btree8_bl_a64,256,10,22.1924,11530405409878601149
sorted_array,256,10,24.2157,11530405409878601149
fusion16_w,256,10,36.9919,11530405409878601149
btree8_bl,256,10,23.8922,11530405409878601149
fusion8_c,256,10,40.9851,11530405409878601149
btree8_a64,256,10,20.9396,11530405409878601149
btree8,256,10,22.6776,11530405409878601149
fusion8_bf,256,10,43.1274,11530405409878601149
fusion8,256,11,39.9445,11530405409878601149
btree8_a64,256,11,22.6990,11530405409878601149
fusion8_bf,256,11,43.1473,11530405409878601149
btree8,256,11,21.4355,11530405409878601149
btree8_bl_a64,256,11,22.2061,11530405409878601149
btree8_bl,256,11,23.8388,11530405409878601149
sorted_array,256,11,22.8622,11530405409878601149
fusion8_c,256,11,41.0065,11530405409878601149
btree16_bl_a64,256,11,14.7339,11530405409878601149
fusion16_w,256,11,36.9675,11530405409878601149
btree8_bl,256,12,23.8754,11530405409878601149
fusion16_w,256,12,36.9415,11530405409878601149
fusion8_bf,256,12,43.1519,11530405409878601149
fusion8,256,12,40.7898,11530405409878601149
sorted_array,256,12,24.0707,11530405409878601149
btree8_a64,256,12,20.5261,11530405409878601149
btree8_bl_a64,256,12,22.2076,11530405409878601149
fusion8_c,256,12,41.0721,11530405409878601149
btree16_bl_a64,256,12,14.7186,11530405409878601149
btree8,256,12,22.2580,11530405409878601149
fusion8,256,13,39.6927,11530405409878601149
fusion16_w,256,13,36.9186,11530405409878601149
btree8_a64,256,13,20.8679,11530405409878601149
fusion8_c,256,13,41.8472,11530405409878601149
btree8,256,13,22.5555,11530405409878601149
btree8_bl,256,13,23.9273,11530405409878601149
fusion8_bf,256,13,43.2144,11530405409878601149
btree16_bl_a64,256,13,14.7156,11530405409878601149
btree8_bl_a64,256,13,22.2000,11530405409878601149
sorted_array,256,13,21.9910,11530405409878601149
btree8_bl_a64,256,14,22.2031,11530405409878601149
fusion16_w,256,14,38.0035,11530405409878601149
btree8,256,14,23.3917,11530405409878601149
btree8_a64,256,14,23.7167,11530405409878601149
sorted_array,256,14,22.0261,11530405409878601149
btree8_bl,256,14,23.7991,11530405409878601149
btree16_bl_a64,256,14,14.7598,11530405409878601149
fusion8_bf,256,14,43.3075,11530405409878601149
fusion8,256,14,39.8407,11530405409878601149
fusion8_c,256,14,41.2231,11530405409878601149
fusion8_c,512,0,43.1702,16697882275220540387
btree8,512,0,25.0488,16697882275220540387
btree8_a64,512,0,26.1810,16697882275220540387
btree8_bl,512,0,22.6593,16697882275220540387
btree8_bl_a64,512,0,21.2341,16697882275220540387
fusion8,512,0,40.6219,16697882275220540387
sorted_array,512,0,29.6555,16697882275220540387
btree16_bl_a64,512,0,21.9696,16697882275220540387
fusion8_bf,512,0,44.0430,16697882275220540387
fusion16_w,512,0,50.1175,16697882275220540387
btree8_a64,512,1,25.5280,16697882275220540387
btree8,512,1,26.3412,16697882275220540387
fusion16_w,512,1,49.9237,16697882275220540387
fusion8,512,1,41.5970,16697882275220540387
btree8_bl,512,1,22.6929,16697882275220540387
btree16_bl_a64,512,1,21.8674,16697882275220540387
btree8_bl_a64,512,1,21.2555,16697882275220540387
fusion8_bf,512,1,43.9301,16697882275220540387
fusion8_c,512,1,42.4835,16697882275220540387
sorted_array,512,1,27.5726,16697882275220540387
fusion16_w,512,2,51.3458,16697882275220540387
btree8_bl_a64,512,2,21.2341,16697882275220540387
btree16_bl_a64,512,2,21.9193,16697882275220540387
fusion8_c,512,2,42.4835,16697882275220540387
fusion8_bf,512,2,43.9407,16697882275220540387
btree8_bl,512,2,22.7371,16697882275220540387
fusion8,512,2,40.9714,16697882275220540387
sorted_array,512,2,30.0842,16697882275220540387
btree8,512,2,25.2884,16697882275220540387
btree8_a64,512,2,26.7136,16697882275220540387
btree8_bl_a64,512,3,21.6827,16697882275220540387
btree8_a64,512,3,24.6567,16697882275220540387
sorted_array,512,3,28.4012,16697882275220540387
fusion8_c,512,3,42.7353,16697882275220540387
btree8,512,3,24.9756,16697882275220540387
fusion8,512,3,40.8569,16697882275220540387
fusion8_bf,512,3,44.3268,16697882275220540387
btree8_bl,512,3,23.1140,16697882275220540387
fusion16_w,512,3,50.1831,16697882275220540387
btree16_bl_a64,512,3,21.8811,16697882275220540387
fusion8_c,512,4,42.4377,16697882275220540387
btree8_bl,512,4,22.6700,16697882275220540387
btree16_bl_a64,512,4,21.7987,16697882275220540387
btree8,512,4,26.3474,16697882275220540387
btree8_bl_a64,512,4,22.0825,16697882275220540387
sorted_array,512,4,28.1357,16697882275220540387
btree8_a64,512,4,25.7812,16697882275220540387
fusion8_bf,512,4,44.5663,16697882275220540387
fusion16_w,512,4,49.8184,16697882275220540387
fusion8,512,4,40.7761,16697882275220540387
btree8_bl_a64,512,5,21.2158,16697882275220540387
btree8_bl,512,5,22.6929,16697882275220540387
fusion8_c,512,5,42.8986,16697882275220540387
btree16_bl_a64,512,5,21.9055,16697882275220540387
btree8,512,5,26.2253,16697882275220540387
btree8_a64,512,5,24.0189,16697882275220540387
fusion16_w,512,5,50.0168,16697882275220540387
sorted_array,512,5,28.5126,16697882275220540387
fusion8_bf,512,5,44.0750,16697882275220540387
fusion8,512,5,40.8539,16697882275220540387
fusion8,512,6,40.4739,16697882275220540387
btree8,512,6,24.9405,16697882275220540387
sorted_array,512,6,27.7786,16697882275220540387
btree16_bl_a64,512,6,21.9437,16697882275220540387
fusion16_w,512,6,50.1205,16697882275220540387
fusion8_c,512,6,42.5400,16697882275220540387
btree8_bl_a64,512,6,21.4935,16697882275220540387
btree8_a64,512,6,24.5209,16697882275220540387
btree8_bl,512,6,23.1476,16697882275220540387
fusion8_bf,512,6,44.0704,16697882275220540387
btree8,512,7,25.5524,16697882275220540387
btree8_a64,512,7,24.8352,16697882275220540387
fusion8_c,512,7,42.4561,16697882275220540387
fusion8_bf,512,7,44.5740,16697882275220540387
fusion8,512,7,41.5436,16697882275220540387
btree8_bl_a64,512,7,21.5820,16697882275220540387
fusion16_w,512,7,50.7553,16697882275220540387
btree16_bl_a64,512,7,22.0367,16697882275220540387
sorted_array,512,7,27.9572,16697882275220540387
btree8_bl,512,7,22.6562,16697882275220540387
sorted_array,512,8,27.7115,16697882275220540387
btree8_bl,512,8,23.7503,16697882275220540387
btree8_bl_a64,512,8,21.6904,16697882275220540387
btree16_bl_a64,512,8,22.4625,16697882275220540387
fusion8_bf,512,8,44.6381,16697882275220540387
fusion8,512,8,40.7761,16697882275220540387
fusion16_w,512,8,50.4639,16697882275220540387
fusion8_c,512,8,42.6544,16697882275220540387
btree8_a64,512,8,24.2065,16697882275220540387
btree8,512,8,25.8484,16697882275220540387
btree8_bl_a64,512,9,21.2112,16697882275220540387
btree8,512,9,24.4766,16697882275220540387
fusion16_w,512,9,50.5112,16697882275220540387
fusion8_c,512,9,42.4057,16697882275220540387
sorted_array,512,9,27.6001,16697882275220540387
btree8_a64,512,9,25.5341,16697882275220540387
btree16_bl_a64,512,9,22.9355,16697882275220540387
fusion8,512,9,40.9500,16697882275220540387
btree8_bl,512,9,22.7295,16697882275220540387
fusion8_bf,512,9,43.9636,16697882275220540387
btree8_bl,512,10,22.6593,16697882275220540387
btree8,512,10,25.0427,16697882275220540387
fusion8_c,512,10,42.5980,16697882275220540387
btree8_bl_a64,512,10,21.1868,16697882275220540387
btree8_a64,512,10,24.3790,16697882275220540387
sorted_array,512,10,27.7115,16697882275220540387
fusion16_w,512,10,50.3464,16697882275220540387
fusion8,512,10,40.6281,16697882275220540387
btree16_bl_a64,512,10,22.1985,16697882275220540387
fusion8_bf,512,10,44.0002,16697882275220540387
btree8_bl_a64,512,11,21.2189,16697882275220540387
fusion8_bf,512,11,44.8822,16697882275220540387
fusion8_c,512,11,42.4362,16697882275220540387
btree8_a64,512,11,23.9166,16697882275220540387
btree8_bl,512,11,22.6746,16697882275220540387
btree16_bl_a64,512,11,21.8124,16697882275220540387
fusion8,512,11,40.6143,16697882275220540387
fusion16_w,512,11,50.3906,16697882275220540387
sorted_array,512,11,30.2856,16697882275220540387
btree8,512,11,25.5051,16697882275220540387
btree8_bl_a64,512,12,21.3516,16697882275220540387
fusion8_bf,512,12,44.3909,16697882275220540387
fusion8_c,512,12,43.0695,16697882275220540387
btree8,512,12,24.9969,16697882275220540387
fusion8,512,12,40.6891,16697882275220540387
btree8_bl,512,12,22.9126,16697882275220540387
btree16_bl_a64,512,12,22.1603,16697882275220540387
btree8_a64,512,12,25.4990,16697882275220540387
sorted_array,512,12,27.5879,16697882275220540387
fusion16_w,512,12,51.6769,16697882275220540387
btree8,512,13,26.8875,16697882275220540387
fusion16_w,512,13,50.5615,16697882275220540387
btree8_a64,512,13,25.4303,16697882275220540387
sorted_array,512,13,27.9587,16697882275220540387
fusion8_bf,512,13,43.8309,16697882275220540387
fusion8,512,13,40.6250,16697882275220540387
btree8_bl,512,13,22.6929,16697882275220540387
btree16_bl_a64,512,13,21.8857,16697882275220540387
btree8_bl_a64,512,13,21.2280,16697882275220540387
fusion8_c,512,13,42.4500,16697882275220540387
btree8_bl_a64,512,14,21.1975,16697882275220540387
fusion8_bf,512,14,44.7479,16697882275220540387
btree8_a64,512,14,24.8199,16697882275220540387
btree8_bl,512,14,22.7615,16697882275220540387
btree16_bl_a64,512,14,21.8704,16697882275220540387
fusion16_w,512,14,49.9374,16697882275220540387
btree8,512,14,26.2741,16697882275220540387
fusion8_c,512,14,42.7475,16697882275220540387
sorted_array,512,14,27.6031,16697882275220540387
fusion8,512,14,41.6046,16697882275220540387
btree8,1024,0,30.7541,1822299186294993737
fusion16_w,1024,0,54.7943,1822299186294993737
btree8_a64,1024,0,29.6936,1822299186294993737
btree8_bl,1024,0,30.1331,1822299186294993737
fusion8_bf,1024,0,54.1214,1822299186294993737
fusion8,1024,0,50.7492,1822299186294993737
btree8_bl_a64,1024,0,27.1393,1822299186294993737
fusion8_c,1024,0,50.7919,1822299186294993737
sorted_array,1024,0,32.9300,1822299186294993737
btree16_bl_a64,1024,0,23.0209,1822299186294993737
btree8,1024,1,29.6661,1822299186294993737
fusion8,1024,1,48.9334,1822299186294993737
fusion8_bf,1024,1,53.3875,1822299186294993737
fusion8_c,1024,1,51.4526,1822299186294993737
fusion16_w,1024,1,55.7205,1822299186294993737
btree8_bl,1024,1,29.5074,1822299186294993737
sorted_array,1024,1,33.3801,1822299186294993737
btree16_bl_a64,1024,1,23.0011,1822299186294993737
btree8_bl_a64,1024,1,27.1088,1822299186294993737
btree8_a64,1024,1,29.3015,1822299186294993737
btree8,1024,2,30.5420,1822299186294993737
fusion8_bf,1024,2,53.3478,1822299186294993737
btree8_a64,1024,2,28.0701,1822299186294993737
btree8_bl,1024,2,29.9057,1822299186294993737
btree16_bl_a64,1024,2,22.9889,1822299186294993737
fusion8_c,1024,2,50.7980,1822299186294993737
fusion16_w,1024,2,54.8599,1822299186294993737
fusion8,1024,2,50.5508,1822299186294993737
sorted_array,1024,2,32.7179,1822299186294993737
btree8_bl_a64,1024,2,27.1683,1822299186294993737
sorted_array,1024,3,32.4295,1822299186294993737
fusion8_c,1024,3,50.8118,1822299186294993737
fusion16_w,1024,3,54.8416,1822299186294993737
btree16_bl_a64,1024,3,23.0774,1822299186294993737
fusion8,1024,3,49.0845,1822299186294993737
btree8_bl_a64,1024,3,27.0813,1822299186294993737
btree8_a64,1024,3,29.7638,1822299186294993737
fusion8_bf,1024,3,53.0396,1822299186294993737
btree8_bl,1024,3,29.5319,1822299186294993737
btree8,1024,3,32.2495,1822299186294993737
btree8_a64,1024,4,27.9160,1822299186294993737
btree8,1024,4,31.1523,1822299186294993737
fusion8_c,1024,4,51.3687,1822299186294993737
btree8_bl,1024,4,29.4724,1822299186294993737
sorted_array,1024,4,32.6767,1822299186294993737
fusion8_bf,1024,4,55.0339,1822299186294993737
btree8_bl_a64,1024,4,27.1790,1822299186294993737
btree16_bl_a64,1024,4,23.0026,1822299186294993737
fusion16_w,1024,4,54.8859,1822299186294993737
fusion8,1024,4,49.4934,1822299186294993737
fusion8,1024,5,49.2706,1822299186294993737
btree16_bl_a64,1024,5,22.9141,1822299186294993737
fusion16_w,1024,5,55.9494,1822299186294993737
btree8_bl,1024,5,29.6936,1822299186294993737
btree8_a64,1024,5,28.9413,1822299186294993737
fusion8_c,1024,5,50.8591,1822299186294993737
btree8,1024,5,29.0268,1822299186294993737
fusion8_bf,1024,5,53.0777,1822299186294993737
btree8_bl_a64,1024,5,27.0737,1822299186294993737
sorted_array,1024,5,32.8568,1822299186294993737
fusion16_w,1024,6,55.5298,1822299186294993737
btree8_bl,1024,6,29.5532,1822299186294993737
fusion8,1024,6,49.1013,1822299186294993737
btree8_a64,1024,6,29.9866,1822299186294993737
btree8,1024,6,29.1565,1822299186294993737
fusion8_c,1024,6,51.9928,1822299186294993737
sorted_array,1024,6,33.0246,1822299186294993737
btree8_bl_a64,1024,6,27.1500,1822299186294993737
btree16_bl_a64,1024,6,23.1903,1822299186294993737
fusion8_bf,1024,6,52.8290,1822299186294993737
sorted_array,1024,7,32.8827,1822299186294993737
fusion8_c,1024,7,50.7645,1822299186294993737
fusion8,1024,7,49.2859,1822299186294993737
btree16_bl_a64,1024,7,23.1308,1822299186294993737
fusion16_w,1024,7,54.8874,1822299186294993737
btree8,1024,7,30.6580,1822299186294993737
btree8_bl_a64,1024,7,27.0889,1822299186294993737
btree8_bl,1024,7,29.5975,1822299186294993737
btree8_a64,1024,7,30.7632,1822299186294993737
fusion8_bf,1024,7,53.2013,1822299186294993737
fusion8,1024,8,49.5178,1822299186294993737
btree8_bl,1024,8,29.5441,1822299186294993737
btree8_bl_a64,1024,8,27.1301,1822299186294993737
fusion8_c,1024,8,51.8921,1822299186294993737
fusion8_bf,1024,8,53.6057,1822299186294993737
btree16_bl_a64,1024,8,23.4512,1822299186294993737
sorted_array,1024,8,32.6736,1822299186294993737
btree8_a64,1024,8,29.3503,1822299186294993737
fusion16_w,1024,8,54.8859,1822299186294993737
btree8,1024,8,32.1625,1822299186294993737
fusion16_w,1024,9,55.8380,1822299186294993737
fusion8,1024,9,49.7681,1822299186294993737
btree8_a64,1024,9,30.0369,1822299186294993737
fusion8_bf,1024,9,54.0070,1822299186294993737
btree16_bl_a64,1024,9,23.0072,1822299186294993737
btree8_bl_a64,1024,9,27.0813,1822299186294993737
btree8_bl,1024,9,29.5242,1822299186294993737
fusion8_c,1024,9,52.6123,1822299186294993737
btree8,1024,9,30.0415,1822299186294993737
sorted_array,1024,9,32.7652,1822299186294993737
fusion8,1024,10,51.7136,1822299186294993737
btree16_bl_a64,1024,10,23.0606,1822299186294993737
fusion8_c,1024,10,50.8301,1822299186294993737
fusion8_bf,1024,10,53.8147,1822299186294993737
fusion16_w,1024,10,54.9393,1822299186294993737
btree8,1024,10,30.6061,1822299186294993737
sorted_array,1024,10,32.7332,1822299186294993737
btree8_bl,1024,10,29.6158,1822299186294993737
btree8_a64,1024,10,29.5059,1822299186294993737
btree8_bl_a64,1024,10,27.3087,1822299186294993737
btree8_bl_a64,1024,11,27.2385,1822299186294993737
sorted_array,1024,11,33.9920,1822299186294993737
btree8,1024,11,29.0634,1822299186294993737
fusion8,1024,11,49.6643,1822299186294993737
fusion8_bf,1024,11,53.0304,1822299186294993737
btree16_bl_a64,1024,11,23.0652,1822299186294993737
fusion16_w,1024,11,56.0349,1822299186294993737
btree8_a64,1024,11,28.6819,1822299186294993737
fusion8_c,1024,11,50.7492,1822299186294993737
btree8_bl,1024,11,29.5197,1822299186294993737
fusion16_w,1024,12,54.7272,1822299186294993737
fusion8,1024,12,48.9975,1822299186294993737
btree16_bl_a64,1024,12,23.1491,1822299186294993737
fusion8_bf,1024,12,53.6652,1822299186294993737
btree8_a64,1024,12,28.7857,1822299186294993737
sorted_array,1024,12,33.1696,1822299186294993737
btree8_bl_a64,1024,12,28.1189,1822299186294993737
btree8_bl,1024,12,29.5609,1822299186294993737
btree8,1024,12,31.1096,1822299186294993737
fusion8_c,1024,12,52.0493,1822299186294993737
btree8_bl,1024,13,29.9957,1822299186294993737
btree8,1024,13,30.5740,1822299186294993737
fusion16_w,1024,13,54.8218,1822299186294993737
sorted_array,1024,13,33.7097,1822299186294993737
btree8_bl_a64,1024,13,27.7130,1822299186294993737
fusion8_bf,1024,13,54.0604,1822299186294993737
btree16_bl_a64,1024,13,23.3948,1822299186294993737
fusion8_c,1024,13,50.8774,1822299186294993737
btree8_a64,1024,13,28.0350,1822299186294993737
fusion8,1024,13,49.7833,1822299186294993737
btree16_bl_a64,1024,14,23.0515,1822299186294993737
fusion8,1024,14,49.3607,1822299186294993737
sorted_array,1024,14,33.8699,1822299186294993737
fusion8_c,1024,14,51.1871,1822299186294993737
btree8,1024,14,28.8727,1822299186294993737
btree8_bl_a64,1024,14,27.0645,1822299186294993737
btree8_bl,1024,14,29.6341,1822299186294993737
fusion16_w,1024,14,56.1020,1822299186294993737
btree8_a64,1024,14,28.6331,1822299186294993737
fusion8_bf,1024,14,53.0182,1822299186294993737
fusion8,2048,0,57.3593,6787589965792239204
fusion16_w,2048,0,58.0063,6787589965792239204
btree8_bl_a64,2048,0,29.1489,6787589965792239204
btree8_bl,2048,0,32.1396,6787589965792239204
fusion8_c,2048,0,56.3766,6787589965792239204
btree16_bl_a64,2048,0,22.5815,6787589965792239204
sorted_array,2048,0,37.4390,6787589965792239204
btree8_a64,2048,0,32.9376,6787589965792239204
btree8,2048,0,34.1934,6787589965792239204
fusion8_bf,2048,0,59.1125,6787589965792239204
fusion8,2048,1,56.1935,6787589965792239204
btree16_bl_a64,2048,1,23.1110,6787589965792239204
sorted_array,2048,1,38.3606,6787589965792239204
btree8_a64,2048,1,32.5943,6787589965792239204
btree8,2048,1,35.3699,6787589965792239204
fusion16_w,2048,1,57.9041,6787589965792239204
fusion8_bf,2048,1,59.1675,6787589965792239204
fusion8_c,2048,1,56.4911,6787589965792239204
btree8_bl,2048,1,32.1045,6787589965792239204
btree8_bl_a64,2048,1,29.1672,6787589965792239204
fusion16_w,2048,2,57.8537,6787589965792239204
btree16_bl_a64,2048,2,22.4991,6787589965792239204
btree8,2048,2,34.0561,6787589965792239204
fusion8_c,2048,2,57.8354,6787589965792239204
sorted_array,2048,2,38.1622,6787589965792239204
btree8_a64,2048,2,33.2367,6787589965792239204
fusion8,2048,2,56.0867,6787589965792239204
fusion8_bf,2048,2,59.1553,6787589965792239204
btree8_bl,2048,2,32.2937,6787589965792239204
btree8_bl_a64,2048,2,29.1565,6787589965792239204
btree8_bl,2048,3,32.0694,6787589965792239204
fusion8_c,2048,3,56.4850,6787589965792239204
sorted_array,2048,3,37.3505,6787589965792239204
btree8_a64,2048,3,31.8604,6787589965792239204
fusion8_bf,2048,3,60.0616,6787589965792239204
btree16_bl_a64,2048,3,22.9477,6787589965792239204
btree8_bl_a64,2048,3,29.7775,6787589965792239204
btree8,2048,3,33.8196,6787589965792239204
fusion16_w,2048,3,58.0414,6787589965792239204
fusion8,2048,3,56.2775,6787589965792239204
btree16_bl_a64,2048,4,22.4915,6787589965792239204
sorted_array,2048,4,37.3917,6787589965792239204
fusion16_w,2048,4,58.1589,6787589965792239204
btree8_bl,2048,4,32.2388,6787589965792239204
btree8_bl_a64,2048,4,29.6280,6787589965792239204
fusion8,2048,4,56.1111,6787589965792239204
btree8_a64,2048,4,33.1543,6787589965792239204
fusion8_bf,2048,4,60.9314,6787589965792239204
btree8,2048,4,33.5312,6787589965792239204
fusion8_c,2048,4,56.3339,6787589965792239204
fusion8,2048,5,55.8899,6787589965792239204
btree8_bl,2048,5,32.2723,6787589965792239204
btree8,2048,5,36.7722,6787589965792239204
fusion8_c,2048,5,56.7093,6787589965792239204
sorted_array,2048,5,37.3566,6787589965792239204
btree8_a64,2048,5,33.1772,6787589965792239204
btree16_bl_a64,2048,5,22.5098,6787589965792239204
btree8_bl_a64,2048,5,29.1595,6787589965792239204
fusion8_bf,2048,5,59.7672,6787589965792239204
fusion16_w,2048,5,58.0048,6787589965792239204
btree8,2048,6,33.8547,6787589965792239204
sorted_array,2048,6,37.4893,6787589965792239204
fusion8,2048,6,58.4244,6787589965792239204
btree8_bl_a64,2048,6,29.4312,6787589965792239204
fusion8_c,2048,6,56.4316,6787589965792239204
fusion8_bf,2048,6,58.9508,6787589965792239204
fusion16_w,2048,6,57.9147,6787589965792239204
btree16_bl_a64,2048,6,22.4350,6787589965792239204
btree8_a64,2048,6,31.7657,6787589965792239204
btree8_bl,2048,6,32.9178,6787589965792239204
fusion8_bf,2048,7,59.0973,6787589965792239204
btree8,2048,7,33.2840,6787589965792239204
btree8_bl,2048,7,32.1289,6787589965792239204
btree16_bl_a64,2048,7,22.4823,6787589965792239204
btree8_bl_a64,2048,7,29.1901,6787589965792239204
fusion8_c,2048,7,56.5735,6787589965792239204
btree8_a64,2048,7,31.9656,6787589965792239204
sorted_array,2048,7,37.5687,6787589965792239204
fusion16_w,2048,7,58.0185,6787589965792239204
fusion8,2048,7,57.6111,6787589965792239204
fusion16_w,2048,8,58.0627,6787589965792239204
btree8,2048,8,36.7462,6787589965792239204
btree8_bl_a64,2048,8,29.5197,6787589965792239204
fusion8_c,2048,8,56.3400,6787589965792239204
btree8_bl,2048,8,32.1320,6787589965792239204
btree8_a64,2048,8,32.3593,6787589965792239204
fusion8_bf,2048,8,60.0418,6787589965792239204
btree16_bl_a64,2048,8,22.5586,6787589965792239204
sorted_array,2048,8,37.5870,6787589965792239204
fusion8,2048,8,56.1523,6787589965792239204
btree8_a64,2048,9,33.1711,6787589965792239204
fusion8,2048,9,55.8029,6787589965792239204
btree8,2048,9,33.5312,6787589965792239204
fusion16_w,2048,9,58.0505,6787589965792239204
btree16_bl_a64,2048,9,22.5403,6787589965792239204
btree8_bl,2048,9,32.1564,6787589965792239204
btree8_bl_a64,2048,9,29.2130,6787589965792239204
fusion8_bf,2048,9,58.8364,6787589965792239204
sorted_array,2048,9,38.4323,6787589965792239204
fusion8_c,2048,9,57.0511,6787589965792239204
btree16_bl_a64,2048,10,22.4960,6787589965792239204
sorted_array,2048,10,37.3077,6787589965792239204
btree8_bl,2048,10,32.1640,6787589965792239204
fusion8_c,2048,10,56.4499,6787589965792239204
fusion8,2048,10,56.3217,6787589965792239204
btree8,2048,10,35.6995,6787589965792239204
fusion16_w,2048,10,58.2672,6787589965792239204
btree8_bl_a64,2048,10,29.1794,6787589965792239204
fusion8_bf,2048,10,60.4660,6787589965792239204
btree8_a64,2048,10,32.2159,6787589965792239204
btree8,2048,11,34.4009,6787589965792239204
btree8_bl_a64,2048,11,29.1733,6787589965792239204
btree8_a64,2048,11,31.3187,6787589965792239204
fusion8_bf,2048,11,58.8623,6787589965792239204
btree8_bl,2048,11,32.1854,6787589965792239204
fusion8_c,2048,11,56.5231,6787589965792239204
fusion16_w,2048,11,57.9956,6787589965792239204
btree16_bl_a64,2048,11,22.6089,6787589965792239204
fusion8,2048,11,56.5887,6787589965792239204
sorted_array,2048,11,37.4207,6787589965792239204
sorted_array,2048,12,37.0819,6787589965792239204
btree16_bl_a64,2048,12,23.6801,6787589965792239204
btree8_bl_a64,2048,12,29.3549,6787589965792239204
fusion8_c,2048,12,56.3950,6787589965792239204
btree8_bl,2048,12,32.1686,6787589965792239204
btree8,2048,12,33.6243,6787589965792239204
fusion8_bf,2048,12,58.9233,6787589965792239204
fusion16_w,2048,12,58.8440,6787589965792239204
btree8_a64,2048,12,33.9127,6787589965792239204
fusion8,2048,12,57.6126,6787589965792239204
fusion16_w,2048,13,58.6243,6787589965792239204
btree8_bl,2048,13,32.2327,6787589965792239204
fusion8,2048,13,57.3990,6787589965792239204
btree16_bl_a64,2048,13,22.9797,6787589965792239204
fusion8_c,2048,13,56.4575,6787589965792239204
btree8_a64,2048,13,31.4865,6787589965792239204
btree8,2048,13,34.7473,6787589965792239204
sorted_array,2048,13,37.8143,6787589965792239204
btree8_bl_a64,2048,13,29.4250,6787589965792239204
fusion8_bf,2048,13,60.4935,6787589965792239204
btree8_bl,2048,14,32.1274,6787589965792239204
btree16_bl_a64,2048,14,22.5723,6787589965792239204
btree8,2048,14,34.1400,6787589965792239204
fusion8_bf,2048,14,58.9401,6787589965792239204
fusion8,2048,14,57.2281,6787589965792239204
btree8_a64,2048,14,33.2306,6787589965792239204
btree8_bl_a64,2048,14,29.1748,6787589965792239204
sorted_array,2048,14,38.0264,6787589965792239204
fusion16_w,2048,14,58.2092,6787589965792239204
fusion8_c,2048,14,56.4468,6787589965792239204
sorted_array,4096,0,41.5695,1914815765761774336
btree8,4096,0,36.7996,1914815765761774336
fusion8_c,4096,0,59.2239,1914815765761774336
fusion8_bf,4096,0,62.8021,1914815765761774336
btree8_bl,4096,0,31.6467,1914815765761774336
fusion16_w,4096,0,58.5632,1914815765761774336
fusion8,4096,0,60.1181,1914815765761774336
btree8_bl_a64,4096,0,29.5013,1914815765761774336
btree16_bl_a64,4096,0,22.7341,1914815765761774336
btree8_a64,4096,0,35.4599,1914815765761774336
fusion16_w,4096,1,58.2291,1914815765761774336
btree16_bl_a64,4096,1,22.2229,1914815765761774336
btree8_bl,4096,1,31.6269,1914815765761774336
btree8_bl_a64,4096,1,28.8223,1914815765761774336
btree8_a64,4096,1,36.0428,1914815765761774336
fusion8_bf,4096,1,61.4304,1914815765761774336
sorted_array,4096,1,41.9907,1914815765761774336
fusion8_c,4096,1,58.6853,1914815765761774336
fusion8,4096,1,59.8557,1914815765761774336
btree8,4096,1,36.3434,1914815765761774336
btree8_bl,4096,2,31.4224,1914815765761774336
fusion8_bf,4096,2,61.4288,1914815765761774336
btree8_bl_a64,4096,2,28.7766,1914815765761774336
fusion16_w,4096,2,58.1299,1914815765761774336
btree8_a64,4096,2,38.2065,1914815765761774336
btree8,4096,2,37.2406,1914815765761774336
btree16_bl_a64,4096,2,22.2473,1914815765761774336
fusion8_c,4096,2,58.4946,1914815765761774336
fusion8,4096,2,59.8450,1914815765761774336
sorted_array,4096,2,42.0609,1914815765761774336
fusion8_c,4096,3,59.2392,1914815765761774336
fusion8_bf,4096,3,61.6898,1914815765761774336
btree8,4096,3,37.0102,1914815765761774336
fusion8,4096,3,58.9813,1914815765761774336
btree16_bl_a64,4096,3,23.2071,1914815765761774336
btree8_bl,4096,3,31.5628,1914815765761774336
sorted_array,4096,3,42.0547,1914815765761774336
fusion16_w,4096,3,58.4457,1914815765761774336
btree8_a64,4096,3,35.1822,1914815765761774336
btree8_bl_a64,4096,3,28.8605,1914815765761774336
btree8_bl,4096,4,31.3400,1914815765761774336
fusion8_c,4096,4,58.4854,1914815765761774336
fusion8,4096,4,58.9249,1914815765761774336
btree8_bl_a64,4096,4,28.8010,1914815765761774336
btree8,4096,4,37.2299,1914815765761774336
sorted_array,4096,4,41.9037,1914815765761774336
fusion16_w,4096,4,59.5001,1914815765761774336
btree16_bl_a64,4096,4,22.3892,1914815765761774336
fusion8_bf,4096,4,61.9614,1914815765761774336
btree8_a64,4096,4,35.9467,1914815765761774336
btree8_bl_a64,4096,5,28.8498,1914815765761774336
btree16_bl_a64,4096,5,22.2549,1914815765761774336
fusion8_c,4096,5,58.5266,1914815765761774336
btree8,4096,5,36.5158,1914815765761774336
fusion16_w,4096,5,58.0994,1914815765761774336
btree8_bl,4096,5,31.3934,1914815765761774336
sorted_array,4096,5,42.7460,1914815765761774336
btree8_a64,4096,5,36.7981,1914815765761774336
fusion8,4096,5,59.8999,1914815765761774336
fusion8_bf,4096,5,62.5137,1914815765761774336
fusion8_bf,4096,6,61.3983,1914815765761774336
btree8_bl,4096,6,31.4026,1914815765761774336
sorted_array,4096,6,42.1555,1914815765761774336
btree8,4096,6,37.3978,1914815765761774336
fusion16_w,4096,6,58.3054,1914815765761774336
btree16_bl_a64,4096,6,22.2717,1914815765761774336
btree8_a64,4096,6,35.9589,1914815765761774336
fusion8,4096,6,58.9890,1914815765761774336
fusion8_c,4096,6,60.0906,1914815765761774336
btree8_bl_a64,4096,6,29.2938,1914815765761774336
btree8,4096,7,36.8637,1914815765761774336
sorted_array,4096,7,41.9785,1914815765761774336
fusion8_c,4096,7,59.4223,1914815765761774336
fusion16_w,4096,7,58.3084,1914815765761774336
btree8_bl_a64,4096,7,28.7323,1914815765761774336
btree8_a64,4096,7,36.0107,1914815765761774336
fusion8_bf,4096,7,61.2137,1914815765761774336
btree16_bl_a64,4096,7,22.2321,1914815765761774336
btree8_bl,4096,7,31.3751,1914815765761774336
fusion8,4096,7,59.6832,1914815765761774336
btree8,4096,8,39.2548,1914815765761774336
btree8_a64,4096,8,35.7803,1914815765761774336
fusion8_c,4096,8,58.2947,1914815765761774336
sorted_array,4096,8,41.8854,1914815765761774336
btree16_bl_a64,4096,8,22.3541,1914815765761774336
btree8_bl_a64,4096,8,28.9215,1914815765761774336
fusion8_bf,4096,8,62.6770,1914815765761774336
fusion16_w,4096,8,58.1512,1914815765761774336
btree8_bl,4096,8,31.3599,1914815765761774336
fusion8,4096,8,58.7631,1914815765761774336
fusion16_w,4096,9,59.1293,1914815765761774336
btree8_a64,4096,9,37.8860,1914815765761774336
sorted_array,4096,9,42.0624,1914815765761774336
btree8_bl_a64,4096,9,28.7643,1914815765761774336
btree8,4096,9,36.6013,1914815765761774336
fusion8_bf,4096,9,61.2930,1914815765761774336
fusion8_c,4096,9,58.4290,1914815765761774336
fusion8,4096,9,59.6100,1914815765761774336
btree8_bl,4096,9,31.4163,1914815765761774336
btree16_bl_a64,4096,9,22.2366,1914815765761774336
sorted_array,4096,10,42.2775,1914815765761774336
fusion16_w,4096,10,58.7723,1914815765761774336
fusion8,4096,10,59.8145,1914815765761774336
btree8_bl_a64,4096,10,28.8101,1914815765761774336
fusion8_c,4096,10,58.4808,1914815765761774336
btree8_a64,4096,10,35.4507,1914815765761774336
btree8,4096,10,36.5326,1914815765761774336
btree8_bl,4096,10,31.4713,1914815765761774336
btree16_bl_a64,4096,10,22.2122,1914815765761774336
fusion8_bf,4096,10,61.3602,1914815765761774336
btree8_bl,4096,11,31.3690,1914815765761774336
btree8_a64,4096,11,35.4675,1914815765761774336
fusion8,4096,11,58.7936,1914815765761774336
btree8_bl_a64,4096,11,30.1697,1914815765761774336
fusion8_c,4096,11,58.6624,1914815765761774336
fusion8_bf,4096,11,61.2717,1914815765761774336
btree16_bl_a64,4096,11,22.2137,1914815765761774336
btree8,4096,11,36.7645,1914815765761774336
fusion16_w,4096,11,58.7097,1914815765761774336
sorted_array,4096,11,42.1371,1914815765761774336
btree8_bl_a64,4096,12,28.8284,1914815765761774336
fusion8_c,4096,12,58.2535,1914815765761774336
btree8_a64,4096,12,34.8312,1914815765761774336
btree16_bl_a64,4096,12,22.2198,1914815765761774336
btree8_bl,4096,12,31.8573,1914815765761774336
btree8,4096,12,36.7050,1914815765761774336
fusion8_bf,4096,12,61.2869,1914815765761774336
fusion8,4096,12,58.8821,1914815765761774336
fusion16_w,4096,12,58.4076,1914815765761774336
sorted_array,4096,12,42.7856,1914815765761774336
btree8_a64,4096,13,35.0769,1914815765761774336
fusion8,4096,13,58.6731,1914815765761774336
btree8_bl,4096,13,31.4255,1914815765761774336
sorted_array,4096,13,41.4993,1914815765761774336
btree8_bl_a64,4096,13,28.7704,1914815765761774336
fusion16_w,4096,13,58.9584,1914815765761774336
btree8,4096,13,38.0081,1914815765761774336
fusion8_bf,4096,13,61.9019,1914815765761774336
btree16_bl_a64,4096,13,22.2473,1914815765761774336
fusion8_c,4096,13,58.3725,1914815765761774336
btree8_bl_a64,4096,14,29.4693,1914815765761774336
fusion8,4096,14,60.2432,1914815765761774336
fusion16_w,4096,14,58.5754,1914815765761774336
fusion8_c,4096,14,58.6090,1914815765761774336
btree8_bl,4096,14,31.4407,1914815765761774336
fusion8_bf,4096,14,61.6394,1914815765761774336
btree16_bl_a64,4096,14,22.2916,1914815765761774336
btree8,4096,14,37.0178,1914815765761774336
btree8_a64,4096,14,35.7239,1914815765761774336
sorted_array,4096,14,41.6031,1914815765761774336
fusion8_bf,8192,0,74.8947,6370395544211917414
fusion8_c,8192,0,66.3528,6370395544211917414
sorted_array,8192,0,46.8018,6370395544211917414
btree8_bl,8192,0,37.1597,6370395544211917414
btree8,8192,0,40.5685,6370395544211917414
btree16_bl_a64,8192,0,33.2214,6370395544211917414
btree8_bl_a64,8192,0,33.7418,6370395544211917414
fusion8,8192,0,66.7526,6370395544211917414
btree8_a64,8192,0,40.3564,6370395544211917414
fusion16_w,8192,0,74.6872,6370395544211917414
fusion8_bf,8192,1,76.1398,6370395544211917414
btree8_a64,8192,1,39.6957,6370395544211917414
fusion8_c,8192,1,67.2623,6370395544211917414
fusion16_w,8192,1,74.0387,6370395544211917414
sorted_array,8192,1,47.6837,6370395544211917414
btree16_bl_a64,8192,1,36.0672,6370395544211917414
btree8_bl_a64,8192,1,34.9823,6370395544211917414
btree8,8192,1,40.8096,6370395544211917414
btree8_bl,8192,1,37.3779,6370395544211917414
fusion8,8192,1,68.5791,6370395544211917414
btree16_bl_a64,8192,2,34.6283,6370395544211917414
btree8_a64,8192,2,39.6606,6370395544211917414
fusion8,8192,2,67.1066,6370395544211917414
sorted_array,8192,2,47.0001,6370395544211917414
fusion8_c,8192,2,69.5541,6370395544211917414
btree8_bl_a64,8192,2,34.5657,6370395544211917414
fusion16_w,8192,2,77.2125,6370395544211917414
fusion8_bf,8192,2,76.0254,6370395544211917414
btree8_bl,8192,2,38.9053,6370395544211917414
btree8,8192,2,41.6687,6370395544211917414
fusion8_bf,8192,3,74.9634,6370395544211917414
btree8,8192,3,40.1398,6370395544211917414
btree16_bl_a64,8192,3,33.1802,6370395544211917414
btree8_a64,8192,3,39.0442,6370395544211917414
btree8_bl,8192,3,37.0743,6370395544211917414
fusion8_c,8192,3,66.6626,6370395544211917414
sorted_array,8192,3,46.7957,6370395544211917414
fusion16_w,8192,3,74.6338,6370395544211917414
fusion8,8192,3,68.6920,6370395544211917414
btree8_bl_a64,8192,3,34.2270,6370395544211917414
btree8_bl,8192,4,36.9888,6370395544211917414
btree8,8192,4,40.4648,6370395544211917414
btree8_a64,8192,4,39.1739,6370395544211917414
sorted_array,8192,4,47.5906,6370395544211917414
btree8_bl_a64,8192,4,34.2392,6370395544211917414
fusion8_c,8192,4,66.8091,6370395544211917414
fusion8_bf,8192,4,75.9552,6370395544211917414
fusion16_w,8192,4,75.5310,6370395544211917414
btree16_bl_a64,8192,4,33.2443,6370395544211917414
fusion8,8192,4,67.7399,6370395544211917414
btree8_bl,8192,5,37.1704,6370395544211917414
btree8_bl_a64,8192,5,34.3536,6370395544211917414
btree8_a64,8192,5,39.5462,6370395544211917414
btree16_bl_a64,8192,5,32.9819,6370395544211917414
sorted_array,8192,5,46.8201,6370395544211917414
fusion16_w,8192,5,76.7212,6370395544211917414
fusion8_c,8192,5,66.7160,6370395544211917414
fusion8_bf,8192,5,76.4816,6370395544211917414
fusion8,8192,5,67.1509,6370395544211917414
btree8,8192,5,43.6874,6370395544211917414
sorted_array,8192,6,46.8063,6370395544211917414
fusion8,8192,6,69.2825,6370395544211917414
fusion8_c,8192,6,67.8970,6370395544211917414
fusion16_w,8192,6,74.8718,6370395544211917414
fusion8_bf,8192,6,75.5203,6370395544211917414
btree8_bl,8192,6,37.1765,6370395544211917414
btree8_a64,8192,6,40.7150,6370395544211917414
btree8,8192,6,41.1819,6370395544211917414
btree16_bl_a64,8192,6,33.2520,6370395544211917414
btree8_bl_a64,8192,6,33.6777,6370395544211917414
btree8_bl_a64,8192,7,34.6207,6370395544211917414
sorted_array,8192,7,46.9666,6370395544211917414
fusion8_bf,8192,7,78.1036,6370395544211917414
btree8,8192,7,40.8554,6370395544211917414
btree16_bl_a64,8192,7,32.9468,6370395544211917414
fusion8,8192,7,67.9581,6370395544211917414
btree8_bl,8192,7,37.4283,6370395544211917414
fusion8_c,8192,7,67.5659,6370395544211917414
btree8_a64,8192,7,39.0335,6370395544211917414
fusion16_w,8192,7,75.3357,6370395544211917414
fusion8,8192,8,67.4698,6370395544211917414
btree16_bl_a64,8192,8,32.9575,6370395544211917414
btree8_a64,8192,8,38.9771,6370395544211917414
fusion16_w,8192,8,74.2065,6370395544211917414
btree8_bl_a64,8192,8,33.8776,6370395544211917414
fusion8_c,8192,8,66.6214,6370395544211917414
fusion8_bf,8192,8,75.4120,6370395544211917414
btree8,8192,8,40.6708,6370395544211917414
btree8_bl,8192,8,36.8073,6370395544211917414
sorted_array,8192,8,46.8246,6370395544211917414
sorted_array,8192,9,46.4996,6370395544211917414
btree8,8192,9,40.4068,6370395544211917414
fusion8_c,8192,9,66.3605,6370395544211917414
fusion8,8192,9,66.7007,6370395544211917414
fusion16_w,8192,9,75.2853,6370395544211917414
btree8_bl,8192,9,36.9843,6370395544211917414
fusion8_bf,8192,9,77.5543,6370395544211917414
btree16_bl_a64,8192,9,33.9005,6370395544211917414
btree8_bl_a64,8192,9,33.7906,6370395544211917414
btree8_a64,8192,9,39.3723,6370395544211917414
fusion16_w,8192,10,74.2966,6370395544211917414
btree16_bl_a64,8192,10,32.7942,6370395544211917414
btree8_a64,8192,10,39.2105,6370395544211917414
fusion8_bf,8192,10,75.0595,6370395544211917414
sorted_array,8192,10,47.4258,6370395544211917414
btree8,8192,10,40.5197,6370395544211917414
fusion8,8192,10,67.5446,6370395544211917414
fusion8_c,8192,10,68.5257,6370395544211917414
btree8_bl,8192,10,37.0544,6370395544211917414
btree8_bl_a64,8192,10,33.9218,6370395544211917414
btree8,8192,11,40.4129,6370395544211917414
fusion8,8192,11,67.4072,6370395544211917414
btree8_a64,8192,11,38.8565,6370395544211917414
fusion8_c,8192,11,66.2216,6370395544211917414
btree16_bl_a64,8192,11,32.9575,6370395544211917414
btree8_bl_a64,8192,11,33.7341,6370395544211917414
btree8_bl,8192,11,36.5631,6370395544211917414
fusion8_bf,8192,11,78.2013,6370395544211917414
sorted_array,8192,11,47.0581,6370395544211917414
fusion16_w,8192,11,77.1576,6370395544211917414
fusion8_c,8192,12,66.6489,6370395544211917414
btree8_bl,8192,12,36.6791,6370395544211917414
fusion8_bf,8192,12,77.3361,6370395544211917414
btree16_bl_a64,8192,12,33.3221,6370395544211917414
sorted_array,8192,12,47.5235,6370395544211917414
fusion8,8192,12,66.6367,6370395544211917414
btree8_a64,8192,12,39.2731,6370395544211917414
fusion16_w,8192,12,74.5285,6370395544211917414
btree8_bl_a64,8192,12,33.7296,6370395544211917414
btree8,8192,12,40.9760,6370395544211917414
btree8_bl,8192,13,36.5997,6370395544211917414
btree8_bl_a64,8192,13,33.8776,6370395544211917414
btree16_bl_a64,8192,13,34.2026,6370395544211917414
btree8,8192,13,42.8329,6370395544211917414
fusion8_bf,8192,13,75.0229,6370395544211917414
fusion16_w,8192,13,74.2462,6370395544211917414
fusion8,8192,13,67.2424,6370395544211917414
sorted_array,8192,13,47.8897,6370395544211917414
btree8_a64,8192,13,38.9191,6370395544211917414
fusion8_c,8192,13,66.5482,6370395544211917414
fusion16_w,8192,14,75.1648,6370395544211917414
fusion8,8192,14,67.7521,6370395544211917414
btree16_bl_a64,8192,14,34.0195,6370395544211917414
btree8_a64,8192,14,39.5004,6370395544211917414
btree8_bl_a64,8192,14,33.9890,6370395544211917414
fusion8_bf,8192,14,76.1230,6370395544211917414
sorted_array,8192,14,48.0865,6370395544211917414
btree8,8192,14,40.3458,6370395544211917414
fusion8_c,8192,14,66.5497,6370395544211917414
btree8_bl,8192,14,37.5259,6370395544211917414
fusion8,16384,0,82.4677,8091356701843327338
btree16_bl_a64,16384,0,40.4175,8091356701843327338
btree8,16384,0,49.5163,8091356701843327338
fusion8_c,16384,0,80.4245,8091356701843327338
btree8_bl,16384,0,47.3969,8091356701843327338
sorted_array,16384,0,54.7409,8091356701843327338
btree8_a64,16384,0,48.4863,8091356701843327338
fusion16_w,16384,0,82.8217,8091356701843327338
fusion8_bf,16384,0,83.3252,8091356701843327338
btree8_bl_a64,16384,0,44.0659,8091356701843327338
fusion8_c,16384,1,79.8264,8091356701843327338
fusion8_bf,16384,1,81.6177,8091356701843327338
btree8_bl,16384,1,46.6385,8091356701843327338
btree16_bl_a64,16384,1,37.8021,8091356701843327338
fusion16_w,16384,1,82.4615,8091356701843327338
btree8_bl_a64,16384,1,41.8686,8091356701843327338
btree8,16384,1,47.7966,8091356701843327338
btree8_a64,16384,1,48.5840,8091356701843327338
sorted_array,16384,1,53.5904,8091356701843327338
fusion8,16384,1,81.2180,8091356701843327338
btree8_bl_a64,16384,2,42.0731,8091356701843327338
sorted_array,16384,2,53.6575,8091356701843327338
fusion8_bf,16384,2,82.6828,8091356701843327338
btree8,16384,2,47.2946,8091356701843327338
fusion8_c,16384,2,78.5873,8091356701843327338
btree8_bl,16384,2,45.2179,8091356701843327338
btree16_bl_a64,16384,2,37.6984,8091356701843327338
fusion16_w,16384,2,82.4615,8091356701843327338
btree8_a64,16384,2,46.4890,8091356701843327338
fusion8,16384,2,81.3644,8091356701843327338
btree16_bl_a64,16384,3,37.6968,8091356701843327338
btree8,16384,3,47.8760,8091356701843327338
fusion16_w,16384,3,81.4377,8091356701843327338
fusion8,16384,3,79.8096,8091356701843327338
btree8_bl_a64,16384,3,42.6270,8091356701843327338
fusion8_c,16384,3,79.7836,8091356701843327338
btree8_a64,16384,3,46.7087,8091356701843327338
sorted_array,16384,3,54.4601,8091356701843327338
fusion8_bf,16384,3,83.7173,8091356701843327338
btree8_bl,16384,3,45.0058,8091356701843327338
btree8_bl,16384,4,43.5623,8091356701843327338
btree8_bl_a64,16384,4,41.7923,8091356701843327338
fusion8_bf,16384,4,81.4713,8091356701843327338
fusion8,16384,4,79.3335,8091356701843327338
fusion16_w,16384,4,83.9127,8091356701843327338
btree8,16384,4,49.8215,8091356701843327338
sorted_array,16384,4,54.4891,8091356701843327338
btree8_a64,16384,4,46.9421,8091356701843327338
btree16_bl_a64,16384,4,38.3835,8091356701843327338
fusion8_c,16384,4,79.6539,8091356701843327338
btree8_bl,16384,5,44.5740,8091356701843327338
btree8_a64,16384,5,46.9940,8091356701843327338
btree8,16384,5,48.0988,8091356701843327338
btree16_bl_a64,16384,5,37.2284,8091356701843327338
fusion16_w,16384,5,82.4127,8091356701843327338
btree8_bl_a64,16384,5,42.3798,8091356701843327338
sorted_array,16384,5,53.5156,8091356701843327338
fusion8_c,16384,5,78.8452,8091356701843327338
fusion8,16384,5,80.6732,8091356701843327338
fusion8_bf,16384,5,81.4651,8091356701843327338
sorted_array,16384,6,53.4012,8091356701843327338
btree16_bl_a64,16384,6,36.9904,8091356701843327338
fusion8,16384,6,79.8737,8091356701843327338
btree8_bl_a64,16384,6,42.2424,8091356701843327338
btree8_a64,16384,6,47.1252,8091356701843327338
fusion16_w,16384,6,81.3889,8091356701843327338
btree8_bl,16384,6,45.2286,8091356701843327338
fusion8_bf,16384,6,80.6671,8091356701843327338
btree8,16384,6,48.1781,8091356701843327338
fusion8_c,16384,6,78.4882,8091356701843327338
fusion16_w,16384,7,81.7978,8091356701843327338
btree8_bl,16384,7,44.1925,8091356701843327338
fusion8_bf,16384,7,80.5206,8091356701843327338
btree16_bl_a64,16384,7,37.7548,8091356701843327338
btree8,16384,7,48.2025,8091356701843327338
btree8_bl_a64,16384,7,42.0395,8091356701843327338
btree8_a64,16384,7,47.2427,8091356701843327338
fusion8_c,16384,7,78.6331,8091356701843327338
fusion8,16384,7,80.6229,8091356701843327338
sorted_array,16384,7,53.9520,8091356701843327338
btree16_bl_a64,16384,8,37.0239,8091356701843327338
btree8_a64,16384,8,46.7834,8091356701843327338
btree8,16384,8,47.3862,8091356701843327338
sorted_array,16384,8,55.4001,8091356701843327338
btree8_bl_a64,16384,8,42.0944,8091356701843327338
fusion8_c,16384,8,78.6926,8091356701843327338
btree8_bl,16384,8,45.1859,8091356701843327338
fusion8,16384,8,79.6326,8091356701843327338
fusion8_bf,16384,8,83.7418,8091356701843327338
fusion16_w,16384,8,83.8654,8091356701843327338
sorted_array,16384,9,53.7964,8091356701843327338
btree8,16384,9,47.2351,8091356701843327338
btree16_bl_a64,16384,9,37.6328,8091356701843327338
fusion8_bf,16384,9,81.5842,8091356701843327338
fusion8,16384,9,80.5786,8091356701843327338
btree8_bl,16384,9,46.4279,8091356701843327338
fusion16_w,16384,9,82.6691,8091356701843327338
btree8_a64,16384,9,46.8811,8091356701843327338
btree8_bl_a64,16384,9,43.7805,8091356701843327338
fusion8_c,16384,9,79.2206,8091356701843327338
btree8,16384,10,47.4808,8091356701843327338
fusion8_bf,16384,10,80.6931,8091356701843327338
fusion8_c,16384,10,79.4220,8091356701843327338
btree8_a64,16384,10,47.5433,8091356701843327338
fusion16_w,16384,10,82.2876,8091356701843327338
fusion8,16384,10,80.7678,8091356701843327338
btree16_bl_a64,16384,10,41.3498,8091356701843327338
btree8_bl,16384,10,44.5160,8091356701843327338
btree8_bl_a64,16384,10,42.2485,8091356701843327338
sorted_array,16384,10,53.5355,8091356701843327338
fusion8,16384,11,81.5063,8091356701843327338
btree8_a64,16384,11,47.3068,8091356701843327338
btree8_bl_a64,16384,11,42.0502,8091356701843327338
fusion8_bf,16384,11,81.2912,8091356701843327338
fusion8_c,16384,11,79.5349,8091356701843327338
btree8,16384,11,47.6410,8091356701843327338
sorted_array,16384,11,53.7491,8091356701843327338
btree16_bl_a64,16384,11,37.1689,8091356701843327338
btree8_bl,16384,11,44.1391,8091356701843327338
fusion16_w,16384,11,83.1909,8091356701843327338
btree8_a64,16384,12,47.0825,8091356701843327338
sorted_array,16384,12,53.6942,8091356701843327338
btree8,16384,12,47.9401,8091356701843327338
btree8_bl,16384,12,44.8898,8091356701843327338
btree8_bl_a64,16384,12,42.7811,8091356701843327338
fusion8_c,16384,12,78.7186,8091356701843327338
fusion8,16384,12,79.8004,8091356701843327338
fusion16_w,16384,12,85.7651,8091356701843327338
btree16_bl_a64,16384,12,37.8159,8091356701843327338
fusion8_bf,16384,12,81.5460,8091356701843327338
btree16_bl_a64,16384,13,36.7050,8091356701843327338
btree8_bl,16384,13,45.1660,8091356701843327338
fusion8_c,16384,13,78.8330,8091356701843327338
btree8,16384,13,48.1888,8091356701843327338
fusion16_w,16384,13,82.7820,8091356701843327338
btree8_bl_a64,16384,13,43.0496,8091356701843327338
btree8_a64,16384,13,47.6898,8091356701843327338
fusion8_bf,16384,13,81.3141,8091356701843327338
fusion8,16384,13,80.3757,8091356701843327338
sorted_array,16384,13,53.9368,8091356701843327338
fusion8_c,16384,14,78.4988,8091356701843327338
sorted_array,16384,14,53.7872,8091356701843327338
btree16_bl_a64,16384,14,38.6017,8091356701843327338
fusion16_w,16384,14,82.0679,8091356701843327338
btree8_a64,16384,14,47.4136,8091356701843327338
btree8,16384,14,49.1623,8091356701843327338
btree8_bl_a64,16384,14,42.1860,8091356701843327338
fusion8,16384,14,79.8203,8091356701843327338
btree8_bl,16384,14,44.7815,8091356701843327338
fusion8_bf,16384,14,81.7551,8091356701843327338
btree8_a64,32768,0,50.6180,1451882096117854496
fusion16_w,32768,0,86.6470,1451882096117854496
sorted_array,32768,0,62.1658,1451882096117854496
btree8,32768,0,52.4475,1451882096117854496
fusion8_bf,32768,0,85.8017,1451882096117854496
fusion8,32768,0,83.8623,1451882096117854496
btree16_bl_a64,32768,0,41.1240,1451882096117854496
btree8_bl,32768,0,45.8649,1451882096117854496
btree8_bl_a64,32768,0,46.2570,1451882096117854496
fusion8_c,32768,0,83.2733,1451882096117854496
btree8_bl,32768,1,44.6274,1451882096117854496
btree8_bl_a64,32768,1,41.6519,1451882096117854496
fusion16_w,32768,1,87.3276,1451882096117854496
fusion8,32768,1,82.0801,1451882096117854496
sorted_array,32768,1,60.8734,1451882096117854496
btree16_bl_a64,32768,1,37.2375,1451882096117854496
fusion8_bf,32768,1,83.5587,1451882096117854496
fusion8_c,32768,1,82.8018,1451882096117854496
btree8_a64,32768,1,50.5325,1451882096117854496
btree8,32768,1,50.6210,1451882096117854496
btree8,32768,2,50.3174,1451882096117854496
fusion8,32768,2,80.6961,1451882096117854496
btree8_bl,32768,2,45.1859,1451882096117854496
btree16_bl_a64,32768,2,36.8164,1451882096117854496
fusion16_w,32768,2,87.4130,1451882096117854496
fusion8_bf,32768,2,85.4126,1451882096117854496
btree8_a64,32768,2,50.2960,1451882096117854496
sorted_array,32768,2,61.2106,1451882096117854496
fusion8_c,32768,2,82.0618,1451882096117854496
btree8_bl_a64,32768,2,43.7119,1451882096117854496
fusion8_c,32768,3,81.0715,1451882096117854496
btree8_bl_a64,32768,3,41.3132,1451882096117854496
btree8_bl,32768,3,44.1544,1451882096117854496
fusion8,32768,3,81.3828,1451882096117854496
sorted_array,32768,3,61.1099,1451882096117854496
btree8_a64,32768,3,50.2411,1451882096117854496
fusion8_bf,32768,3,83.5434,1451882096117854496
btree8,32768,3,50.4791,1451882096117854496
fusion16_w,32768,3,87.0728,1451882096117854496
btree16_bl_a64,32768,3,37.5381,1451882096117854496
fusion8,32768,4,81.7520,1451882096117854496
btree8_bl_a64,32768,4,42.7582,1451882096117854496
fusion8_bf,32768,4,83.7112,1451882096117854496
fusion16_w,32768,4,86.9553,1451882096117854496
btree8_bl,32768,4,45.7199,1451882096117854496
fusion8_c,32768,4,82.2479,1451882096117854496
sorted_array,32768,4,61.2305,1451882096117854496
btree8_a64,32768,4,50.7202,1451882096117854496
btree16_bl_a64,32768,4,38.5269,1451882096117854496
btree8,32768,4,50.8392,1451882096117854496
fusion8_bf,32768,5,83.4259,1451882096117854496
fusion16_w,32768,5,87.8448,1451882096117854496
btree8_bl_a64,32768,5,44.4031,1451882096117854496
btree8_a64,32768,5,49.9817,1451882096117854496
fusion8,32768,5,81.3004,1451882096117854496
fusion8_c,32768,5,83.6502,1451882096117854496
btree8,32768,5,52.6169,1451882096117854496
sorted_array,32768,5,61.6501,1451882096117854496
btree16_bl_a64,32768,5,37.2269,1451882096117854496
btree8_bl,32768,5,45.0058,1451882096117854496
btree8,32768,6,50.6729,1451882096117854496
fusion8_bf,32768,6,83.7082,1451882096117854496
fusion8,32768,6,81.1401,1451882096117854496
btree16_bl_a64,32768,6,37.6007,1451882096117854496
btree8_a64,32768,6,49.7452,1451882096117854496
fusion8_c,32768,6,81.8161,1451882096117854496
fusion16_w,32768,6,87.4725,1451882096117854496
sorted_array,32768,6,61.2762,1451882096117854496
btree8_bl_a64,32768,6,42.5858,1451882096117854496
btree8_bl,32768,6,44.4519,1451882096117854496
fusion8,32768,7,80.8548,1451882096117854496
fusion8_bf,32768,7,85.9604,1451882096117854496
fusion8_c,32768,7,83.0048,1451882096117854496
sorted_array,32768,7,61.1145,1451882096117854496
btree8_bl_a64,32768,7,42.7780,1451882096117854496
btree16_bl_a64,32768,7,37.3596,1451882096117854496
btree8,32768,7,50.9796,1451882096117854496
btree8_bl,32768,7,44.1574,1451882096117854496
fusion16_w,32768,7,88.1195,1451882096117854496
btree8_a64,32768,7,50.0015,1451882096117854496
fusion8_bf,32768,8,85.8185,1451882096117854496
btree16_bl_a64,32768,8,37.6648,1451882096117854496
btree8_bl,32768,8,44.2307,1451882096117854496
fusion8_c,32768,8,83.0353,1451882096117854496
fusion8,32768,8,83.1406,1451882096117854496
btree8,32768,8,51.3824,1451882096117854496
btree8_bl_a64,32768,8,42.5720,1451882096117854496
sorted_array,32768,8,61.2701,1451882096117854496
btree8_a64,32768,8,49.9207,1451882096117854496
fusion16_w,32768,8,86.7859,1451882096117854496
btree8_bl_a64,32768,9,41.7618,1451882096117854496
fusion8,32768,9,82.6950,1451882096117854496
fusion8_bf,32768,9,86.3159,1451882096117854496
btree8_a64,32768,9,50.2747,1451882096117854496
sorted_array,32768,9,61.0229,1451882096117854496
btree8_bl,32768,9,45.6726,1451882096117854496
btree16_bl_a64,32768,9,39.3509,1451882096117854496
fusion16_w,32768,9,88.8336,1451882096117854496
btree8,32768,9,52.1240,1451882096117854496
fusion8_c,32768,9,86.4410,1451882096117854496
fusion8_c,32768,10,80.9845,1451882096117854496
fusion16_w,32768,10,87.6816,1451882096117854496
sorted_array,32768,10,61.1664,1451882096117854496
fusion8_bf,32768,10,88.3484,1451882096117854496
btree16_bl_a64,32768,10,39.9200,1451882096117854496
btree8_bl_a64,32768,10,43.9941,1451882096117854496
fusion8,32768,10,81.7047,1451882096117854496
btree8,32768,10,52.6932,1451882096117854496
btree8_bl,32768,10,46.1731,1451882096117854496
btree8_a64,32768,10,50.3403,1451882096117854496
fusion8_bf,32768,11,83.4808,1451882096117854496
btree16_bl_a64,32768,11,37.4817,1451882096117854496
btree8,32768,11,51.6022,1451882096117854496
btree8_bl,32768,11,43.8965,1451882096117854496
fusion8,32768,11,81.1157,1451882096117854496
btree8_a64,32768,11,50.5630,1451882096117854496
btree8_bl_a64,32768,11,43.1259,1451882096117854496
fusion16_w,32768,11,89.6759,1451882096117854496
fusion8_c,32768,11,82.8094,1451882096117854496
sorted_array,32768,11,61.6394,1451882096117854496
fusion8_c,32768,12,81.1356,1451882096117854496
btree8_bl,32768,12,43.9880,1451882096117854496
btree8_a64,32768,12,51.5656,1451882096117854496
sorted_array,32768,12,61.6943,1451882096117854496
btree8_bl_a64,32768,12,42.3141,1451882096117854496
fusion8,32768,12,80.6168,1451882096117854496
btree16_bl_a64,32768,12,38.3362,1451882096117854496
fusion8_bf,32768,12,86.5356,1451882096117854496
fusion16_w,32768,12,86.8210,1451882096117854496
btree8,32768,12,52.0111,1451882096117854496
sorted_array,32768,13,60.8521,1451882096117854496
fusion8_c,32768,13,85.1685,1451882096117854496
btree8_a64,32768,13,49.7162,1451882096117854496
btree8_bl,32768,13,44.2276,1451882096117854496
fusion16_w,32768,13,86.9064,1451882096117854496
btree8,32768,13,50.9506,1451882096117854496
fusion8_bf,32768,13,85.2509,1451882096117854496
btree8_bl_a64,32768,13,42.7383,1451882096117854496
btree16_bl_a64,32768,13,37.9822,1451882096117854496
fusion8,32768,13,81.8329,1451882096117854496
btree16_bl_a64,32768,14,36.7477,1451882096117854496
fusion8_bf,32768,14,86.1740,1451882096117854496
btree8_bl_a64,32768,14,42.1158,1451882096117854496
fusion8,32768,14,80.6473,1451882096117854496
fusion16_w,32768,14,87.9974,1451882096117854496
btree8_bl,32768,14,44.7571,1451882096117854496
btree8,32768,14,51.3657,1451882096117854496
sorted_array,32768,14,60.9268,1451882096117854496
fusion8_c,32768,14,85.7544,1451882096117854496
btree8_a64,32768,14,49.7040,1451882096117854496
fusion8,65536,0,89.9612,1313883487276844600
fusion8_bf,65536,0,96.9650,1313883487276844600
fusion8_c,65536,0,97.4472,1313883487276844600
btree8_bl_a64,65536,0,50.5737,1313883487276844600
btree8_a64,65536,0,57.1213,1313883487276844600
btree16_bl_a64,65536,0,40.1611,1313883487276844600
fusion16_w,65536,0,90.0238,1313883487276844600
btree8_bl,65536,0,52.7557,1313883487276844600
sorted_array,65536,0,71.5546,1313883487276844600
btree8,65536,0,56.8970,1313883487276844600
btree8_bl_a64,65536,1,46.9131,1313883487276844600
fusion16_w,65536,1,87.9349,1313883487276844600
fusion8_c,65536,1,95.3903,1313883487276844600
fusion8,65536,1,96.6125,1313883487276844600
sorted_array,65536,1,70.6314,1313883487276844600
btree16_bl_a64,65536,1,38.2812,1313883487276844600
btree8,65536,1,56.2759,1313883487276844600
btree8_bl,65536,1,50.7050,1313883487276844600
fusion8_bf,65536,1,95.1492,1313883487276844600
btree8_a64,65536,1,56.2592,1313883487276844600
btree8_a64,65536,2,53.7155,1313883487276844600
sorted_array,65536,2,69.8685,1313883487276844600
btree16_bl_a64,65536,2,36.5875,1313883487276844600
fusion8_c,65536,2,95.3217,1313883487276844600
btree8,65536,2,55.4977,1313883487276844600
btree8_bl,65536,2,50.4791,1313883487276844600
fusion8,65536,2,91.1484,1313883487276844600
fusion16_w,65536,2,90.4037,1313883487276844600
fusion8_bf,65536,2,96.2784,1313883487276844600
btree8_bl_a64,65536,2,51.7593,1313883487276844600
btree8_a64,65536,3,55.1361,1313883487276844600
fusion16_w,65536,3,87.6312,1313883487276844600
fusion8_bf,65536,3,91.3284,1313883487276844600
btree8_bl,65536,3,50.8621,1313883487276844600
sorted_array,65536,3,70.0256,1313883487276844600
fusion8_c,65536,3,94.1940,1313883487276844600
btree8,65536,3,55.9814,1313883487276844600
fusion8,65536,3,95.1233,1313883487276844600
btree8_bl_a64,65536,3,47.8851,1313883487276844600
btree16_bl_a64,65536,3,38.9557,1313883487276844600
fusion8_bf,65536,4,92.7017,1313883487276844600
btree8_a64,65536,4,55.1346,1313883487276844600
btree16_bl_a64,65536,4,37.9578,1313883487276844600
sorted_array,65536,4,69.8074,1313883487276844600
btree8,65536,4,55.5420,1313883487276844600
btree8_bl,65536,4,51.7365,1313883487276844600
fusion8,65536,4,88.4354,1313883487276844600
fusion16_w,65536,4,91.3330,1313883487276844600
btree8_bl_a64,65536,4,48.9761,1313883487276844600
fusion8_c,65536,4,97.1481,1313883487276844600
btree8_bl_a64,65536,5,46.8338,1313883487276844600
sorted_array,65536,5,69.9753,1313883487276844600
fusion8_bf,65536,5,95.6482,1313883487276844600
fusion8_c,65536,5,94.1986,1313883487276844600
btree16_bl_a64,65536,5,39.2258,1313883487276844600
fusion16_w,65536,5,89.3631,1313883487276844600
btree8,65536,5,55.7098,1313883487276844600
btree8_bl,65536,5,50.6500,1313883487276844600
fusion8,65536,5,88.9664,1313883487276844600
btree8_a64,65536,5,55.8411,1313883487276844600
fusion8,65536,6,87.0148,1313883487276844600
fusion8_bf,65536,6,91.0416,1313883487276844600
fusion8_c,65536,6,93.1198,1313883487276844600
btree8_a64,65536,6,53.5995,1313883487276844600
btree16_bl_a64,65536,6,37.6068,1313883487276844600
btree8,65536,6,56.1218,1313883487276844600
fusion16_w,65536,6,89.3616,1313883487276844600
btree8_bl_a64,65536,6,50.0366,1313883487276844600
sorted_array,65536,6,71.0098,1313883487276844600
btree8_bl,65536,6,52.1881,1313883487276844600
btree8_bl,65536,7,47.4289,1313883487276844600
fusion8_bf,65536,7,91.5375,1313883487276844600
sorted_array,65536,7,70.1157,1313883487276844600
fusion8,65536,7,92.0547,1313883487276844600
fusion16_w,65536,7,89.7751,1313883487276844600
btree16_bl_a64,65536,7,38.3469,1313883487276844600
btree8,65536,7,55.8792,1313883487276844600
btree8_a64,65536,7,56.4651,1313883487276844600
btree8_bl_a64,65536,7,48.2727,1313883487276844600
fusion8_c,65536,7,96.9803,1313883487276844600
fusion8_bf,65536,8,92.0044,1313883487276844600
fusion16_w,65536,8,88.0997,1313883487276844600
btree8,65536,8,56.8481,1313883487276844600
btree16_bl_a64,65536,8,38.2690,1313883487276844600
fusion8_c,65536,8,92.9230,1313883487276844600
btree8_bl_a64,65536,8,47.2168,1313883487276844600
sorted_array,65536,8,71.0007,1313883487276844600
btree8_a64,65536,8,57.3669,1313883487276844600
btree8_bl,65536,8,50.8347,1313883487276844600
fusion8,65536,8,92.1188,1313883487276844600
btree8,65536,9,55.1865,1313883487276844600
btree8_bl_a64,65536,9,46.9299,1313883487276844600
btree16_bl_a64,65536,9,37.6602,1313883487276844600
fusion8_bf,65536,9,92.1844,1313883487276844600
btree8_bl,65536,9,50.6317,1313883487276844600
fusion8,65536,9,89.2914,1313883487276844600
btree8_a64,65536,9,53.9734,1313883487276844600
fusion16_w,65536,9,91.1743,1313883487276844600
sorted_array,65536,9,70.4178,1313883487276844600
fusion8_c,65536,9,96.4371,1313883487276844600
btree16_bl_a64,65536,10,37.8815,1313883487276844600
btree8_a64,65536,10,54.7836,1313883487276844600
fusion8,65536,10,89.3845,1313883487276844600
fusion8_c,65536,10,94.6152,1313883487276844600
sorted_array,65536,10,70.0623,1313883487276844600
btree8_bl_a64,65536,10,50.1648,1313883487276844600
btree8,65536,10,56.2225,1313883487276844600
fusion8_bf,65536,10,94.3115,1313883487276844600
fusion16_w,65536,10,89.7629,1313883487276844600
btree8_bl,65536,10,50.5341,1313883487276844600
fusion8,65536,11,88.3286,1313883487276844600
btree8,65536,11,56.7978,1313883487276844600
fusion16_w,65536,11,88.2431,1313883487276844600
btree8_bl,65536,11,50.8835,1313883487276844600
fusion8_c,65536,11,95.8557,1313883487276844600
btree8_bl_a64,65536,11,47.5189,1313883487276844600
btree8_a64,65536,11,54.9911,1313883487276844600
fusion8_bf,65536,11,92.1555,1313883487276844600
btree16_bl_a64,65536,11,39.4379,1313883487276844600
sorted_array,65536,11,69.8715,1313883487276844600
fusion16_w,65536,12,88.2660,1313883487276844600
fusion8_c,65536,12,95.0302,1313883487276844600
btree8_bl_a64,65536,12,47.4701,1313883487276844600
fusion8,65536,12,89.6149,1313883487276844600
fusion8_bf,65536,12,92.6971,1313883487276844600
sorted_array,65536,12,69.9509,1313883487276844600
btree8_bl,65536,12,53.3264,1313883487276844600
btree16_bl_a64,65536,12,38.6017,1313883487276844600
btree8,65536,12,56.6833,1313883487276844600
btree8_a64,65536,12,56.6940,1313883487276844600
btree8_bl_a64,65536,13,47.3145,1313883487276844600
fusion8_bf,65536,13,89.9017,1313883487276844600
btree16_bl_a64,65536,13,38.1165,1313883487276844600
btree8_a64,65536,13,54.4586,1313883487276844600
fusion16_w,65536,13,88.9221,1313883487276844600
fusion8,65536,13,91.3086,1313883487276844600
sorted_array,65536,13,70.0439,1313883487276844600
btree8,65536,13,56.6269,1313883487276844600
btree8_bl,65536,13,50.4517,1313883487276844600
fusion8_c,65536,13,95.3781,1313883487276844600
btree8_bl_a64,65536,14,48.5504,1313883487276844600
btree8_a64,65536,14,53.7476,1313883487276844600
fusion16_w,65536,14,88.3636,1313883487276844600
btree8_bl,65536,14,50.7370,1313883487276844600
fusion8_bf,65536,14,93.5867,1313883487276844600
sorted_array,65536,14,69.9600,1313883487276844600
fusion8_c,65536,14,95.0684,1313883487276844600
btree8,65536,14,58.1711,1313883487276844600
fusion8,65536,14,93.1900,1313883487276844600
btree16_bl_a64,65536,14,39.2212,1313883487276844600
btree8_bl_a64,131072,0,94.1650,7532165159138614248
btree8,131072,0,91.1057,7532165159138614248
fusion8_bf,131072,0,157.5394,7532165159138614248
fusion16_w,131072,0,149.9496,7532165159138614248
fusion8,131072,0,154.1870,7532165159138614248
btree16_bl_a64,131072,0,88.2828,7532165159138614248
btree8_a64,131072,0,94.5602,7532165159138614248
sorted_array,131072,0,81.1935,7532165159138614248
fusion8_c,131072,0,138.2858,7532165159138614248
btree8_bl,131072,0,94.3008,7532165159138614248
fusion8_c,131072,1,115.8859,7532165159138614248
fusion8,131072,1,150.8163,7532165159138614248
sorted_array,131072,1,81.5125,7532165159138614248
btree8_a64,131072,1,91.2689,7532165159138614248
fusion8_bf,131072,1,161.2686,7532165159138614248
btree8_bl,131072,1,89.0991,7532165159138614248
btree8,131072,1,85.8017,7532165159138614248
btree16_bl_a64,131072,1,93.7149,7532165159138614248
fusion16_w,131072,1,154.6921,7532165159138614248
btree8_bl_a64,131072,1,99.2569,7532165159138614248
btree8,131072,2,89.0900,7532165159138614248
sorted_array,131072,2,81.5659,7532165159138614248
fusion8_c,131072,2,145.3949,7532165159138614248
btree16_bl_a64,131072,2,95.3552,7532165159138614248
fusion8,131072,2,155.5557,7532165159138614248
fusion16_w,131072,2,159.3033,7532165159138614248
btree8_a64,131072,2,95.8572,7532165159138614248
btree8_bl_a64,131072,2,90.5579,7532165159138614248
fusion8_bf,131072,2,157.4875,7532165159138614248
btree8_bl,131072,2,90.8600,7532165159138614248
fusion8,131072,3,154.7714,7532165159138614248
btree8_bl,131072,3,75.2945,7532165159138614248
btree16_bl_a64,131072,3,91.6382,7532165159138614248
fusion8_bf,131072,3,150.6821,7532165159138614248
sorted_array,131072,3,82.6813,7532165159138614248
btree8,131072,3,88.4445,7532165159138614248
fusion8_c,131072,3,147.3846,7532165159138614248
btree8_a64,131072,3,91.5222,7532165159138614248
btree8_bl_a64,131072,3,91.9128,7532165159138614248
fusion16_w,131072,3,149.3866,7532165159138614248
btree16_bl_a64,131072,4,90.8722,7532165159138614248
fusion8_bf,131072,4,156.3370,7532165159138614248
btree8,131072,4,88.9786,7532165159138614248
fusion8_c,131072,4,137.2147,7532165159138614248
fusion8,131072,4,155.2185,7532165159138614248
btree8_bl_a64,131072,4,93.9896,7532165159138614248
sorted_array,131072,4,81.4178,7532165159138614248
btree8_bl,131072,4,94.4199,7532165159138614248
fusion16_w,131072,4,151.1353,7532165159138614248
btree8_a64,131072,4,95.0363,7532165159138614248
fusion8_bf,131072,5,151.5182,7532165159138614248
fusion8_c,131072,5,138.9908,7532165159138614248
fusion16_w,131072,5,149.8962,7532165159138614248
btree16_bl_a64,131072,5,93.3884,7532165159138614248
btree8_a64,131072,5,92.4240,7532165159138614248
btree8_bl_a64,131072,5,97.4258,7532165159138614248
fusion8,131072,5,149.7269,7532165159138614248
btree8,131072,5,85.5011,7532165159138614248
btree8_bl,131072,5,91.5405,7532165159138614248
sorted_array,131072,5,82.3013,7532165159138614248
btree16_bl_a64,131072,6,95.4178,7532165159138614248
fusion8_c,131072,6,138.4491,7532165159138614248
btree8_bl_a64,131072,6,100.3525,7532165159138614248
sorted_array,131072,6,81.2515,7532165159138614248
btree8_bl,131072,6,89.2105,7532165159138614248
btree8,131072,6,89.6133,7532165159138614248
btree8_a64,131072,6,93.2449,7532165159138614248
fusion16_w,131072,6,149.9146,7532165159138614248
fusion8_bf,131072,6,157.8217,7532165159138614248
fusion8,131072,6,153.2120,7532165159138614248
btree8_a64,131072,7,91.9403,7532165159138614248
fusion8_bf,131072,7,142.6971,7532165159138614248
fusion8,131072,7,150.2975,7532165159138614248
btree8_bl,131072,7,91.1026,7532165159138614248
btree8_bl_a64,131072,7,93.9926,7532165159138614248
btree16_bl_a64,131072,7,90.7730,7532165159138614248
fusion8_c,131072,7,143.9880,7532165159138614248
btree8,131072,7,86.9888,7532165159138614248
fusion16_w,131072,7,148.5489,7532165159138614248
sorted_array,131072,7,82.5531,7532165159138614248
fusion8_c,131072,8,130.2109,7532165159138614248
btree16_bl_a64,131072,8,94.7174,7532165159138614248
btree8_bl_a64,131072,8,91.4444,7532165159138614248
fusion8_bf,131072,8,154.6494,7532165159138614248
fusion16_w,131072,8,148.7823,7532165159138614248
btree8_bl,131072,8,96.6644,7532165159138614248
btree8_a64,131072,8,92.4973,7532165159138614248
btree8,131072,8,88.8046,7532165159138614248
fusion8,131072,8,149.7299,7532165159138614248
sorted_array,131072,8,83.4000,7532165159138614248
fusion8,131072,9,118.1458,7532165159138614248
fusion16_w,131072,9,153.4866,7532165159138614248
sorted_array,131072,9,80.9387,7532165159138614248
btree8_bl_a64,131072,9,90.7806,7532165159138614248
btree16_bl_a64,131072,9,88.9862,7532165159138614248
fusion8_bf,131072,9,155.0858,7532165159138614248
btree8_a64,131072,9,97.2305,7532165159138614248
btree8_bl,131072,9,90.9225,7532165159138614248
btree8,131072,9,88.5468,7532165159138614248
fusion8_c,131072,9,162.6175,7532165159138614248
fusion8,131072,10,155.5313,7532165159138614248
sorted_array,131072,10,80.4642,7532165159138614248
fusion8_bf,131072,10,159.7321,7532165159138614248
btree8,131072,10,86.6028,7532165159138614248
fusion8_c,131072,10,138.5864,7532165159138614248
btree16_bl_a64,131072,10,88.5468,7532165159138614248
fusion16_w,131072,10,155.2628,7532165159138614248
btree8_bl_a64,131072,10,91.9037,7532165159138614248
btree8_bl,131072,10,92.6758,7532165159138614248
btree8_a64,131072,10,92.4271,7532165159138614248
btree8_a64,131072,11,70.8771,7532165159138614248
btree8_bl_a64,131072,11,77.3407,7532165159138614248
fusion8,131072,11,155.6992,7532165159138614248
btree8_bl,131072,11,89.9994,7532165159138614248
fusion8_c,131072,11,138.4338,7532165159138614248
fusion16_w,131072,11,157.7301,7532165159138614248
sorted_array,131072,11,82.2769,7532165159138614248
btree16_bl_a64,131072,11,98.2788,7532165159138614248
fusion8_bf,131072,11,157.4036,7532165159138614248
btree8,131072,11,90.4984,7532165159138614248
fusion8_bf,131072,12,140.6311,7532165159138614248
fusion8,131072,12,164.6622,7532165159138614248
btree16_bl_a64,131072,12,86.7798,7532165159138614248
btree8_bl_a64,131072,12,93.0115,7532165159138614248
sorted_array,131072,12,81.6162,7532165159138614248
fusion16_w,131072,12,163.9816,7532165159138614248
fusion8_c,131072,12,137.4878,7532165159138614248
btree8_a64,131072,12,98.2849,7532165159138614248
btree8,131072,12,88.0386,7532165159138614248
btree8_bl,131072,12,89.2868,7532165159138614248
sorted_array,131072,13,80.7831,7532165159138614248
btree8,131072,13,76.1765,7532165159138614248
fusion8,131072,13,167.6941,7532165159138614248
btree8_a64,131072,13,101.5305,7532165159138614248
fusion8_c,131072,13,150.1877,7532165159138614248
fusion8_bf,131072,13,153.3813,7532165159138614248
btree8_bl,131072,13,92.6407,7532165159138614248
btree16_bl_a64,131072,13,88.5147,7532165159138614248
btree8_bl_a64,131072,13,93.1107,7532165159138614248
fusion16_w,131072,13,150.6470,7532165159138614248
fusion8_c,131072,14,138.9755,7532165159138614248
btree8_a64,131072,14,97.1603,7532165159138614248
btree8,131072,14,86.8164,7532165159138614248
fusion16_w,131072,14,146.0663,7532165159138614248
btree8_bl_a64,131072,14,92.0593,7532165159138614248
fusion8,131072,14,157.9224,7532165159138614248
fusion8_bf,131072,14,161.4059,7532165159138614248
btree16_bl_a64,131072,14,91.4749,7532165159138614248
btree8_bl,131072,14,93.4570,7532165159138614248
sorted_array,131072,14,81.7169,7532165159138614248
btree16_bl_a64,262144,0,143.6020,14595982901779754467
btree8_bl,262144,0,103.5217,14595982901779754467
btree8_bl_a64,262144,0,103.9597,14595982901779754467
btree8,262144,0,93.2098,14595982901779754467
fusion8_c,262144,0,146.9925,14595982901779754467
fusion8_bf,262144,0,167.6270,14595982901779754467
fusion8,262144,0,161.7615,14595982901779754467
sorted_array,262144,0,90.4922,14595982901779754467
btree8_a64,262144,0,98.3627,14595982901779754467
fusion16_w,262144,0,192.5415,14595982901779754467
sorted_array,262144,1,90.4770,14595982901779754467
fusion16_w,262144,1,155.9418,14595982901779754467
fusion8_c,262144,1,148.4100,14595982901779754467
btree8,262144,1,93.7286,14595982901779754467
btree8_a64,262144,1,103.6240,14595982901779754467
btree8_bl,262144,1,101.2558,14595982901779754467
fusion8_bf,262144,1,173.4818,14595982901779754467
btree8_bl_a64,262144,1,106.9183,14595982901779754467
btree16_bl_a64,262144,1,139.3539,14595982901779754467
fusion8,262144,1,172.3877,14595982901779754467
fusion8_c,262144,2,145.8511,14595982901779754467
fusion16_w,262144,2,209.5276,14595982901779754467
btree8,262144,2,93.4784,14595982901779754467
btree8_bl,262144,2,104.5425,14595982901779754467
sorted_array,262144,2,91.0522,14595982901779754467
btree8_a64,262144,2,99.4034,14595982901779754467
fusion8,262144,2,161.3617,14595982901779754467
btree8_bl_a64,262144,2,104.6494,14595982901779754467
btree16_bl_a64,262144,2,139.1235,14595982901779754467
fusion8_bf,262144,2,167.6773,14595982901779754467
btree8_bl_a64,262144,3,99.4400,14595982901779754467
btree8_a64,262144,3,97.6578,14595982901779754467
fusion8_bf,262144,3,153.8406,14595982901779754467
sorted_array,262144,3,92.1661,14595982901779754467
fusion8_c,262144,3,145.1202,14595982901779754467
fusion8,262144,3,160.2692,14595982901779754467
btree8,262144,3,95.0516,14595982901779754467
btree16_bl_a64,262144,3,139.4775,14595982901779754467
btree8_bl,262144,3,112.4725,14595982901779754467
fusion16_w,262144,3,193.3197,14595982901779754467
btree8,262144,4,95.7825,14595982901779754467
btree8_a64,262144,4,102.2766,14595982901779754467
btree8_bl_a64,262144,4,107.3532,14595982901779754467
btree16_bl_a64,262144,4,141.3620,14595982901779754467
fusion8_bf,262144,4,176.3229,14595982901779754467
sorted_array,262144,4,91.0675,14595982901779754467
btree8_bl,262144,4,102.4796,14595982901779754467
fusion8,262144,4,165.0986,14595982901779754467
fusion16_w,262144,4,204.5929,14595982901779754467
fusion8_c,262144,4,151.6235,14595982901779754467
fusion16_w,262144,5,165.8600,14595982901779754467
fusion8_bf,262144,5,163.1454,14595982901779754467
btree8_a64,262144,5,126.2970,14595982901779754467
fusion8_c,262144,5,149.2599,14595982901779754467
btree16_bl_a64,262144,5,141.2109,14595982901779754467
fusion8,262144,5,171.8872,14595982901779754467
btree8_bl_a64,262144,5,105.1529,14595982901779754467
btree8_bl,262144,5,102.2263,14595982901779754467
sorted_array,262144,5,90.7806,14595982901779754467
btree8,262144,5,91.3986,14595982901779754467
fusion8_c,262144,6,149.7635,14595982901779754467
btree8_bl_a64,262144,6,99.6933,14595982901779754467
btree16_bl_a64,262144,6,137.8265,14595982901779754467
btree8_bl,262144,6,112.1689,14595982901779754467
btree8,262144,6,92.7811,14595982901779754467
fusion8,262144,6,161.2457,14595982901779754467
fusion8_bf,262144,6,166.2460,14595982901779754467
fusion16_w,262144,6,212.9868,14595982901779754467
sorted_array,262144,6,90.4404,14595982901779754467
btree8_a64,262144,6,98.7381,14595982901779754467
btree8_bl_a64,262144,7,105.4764,14595982901779754467
fusion8,262144,7,163.2782,14595982901779754467
fusion8_c,262144,7,148.5504,14595982901779754467
fusion16_w,262144,7,205.7755,14595982901779754467
btree8,262144,7,92.0898,14595982901779754467
sorted_array,262144,7,90.3625,14595982901779754467
btree16_bl_a64,262144,7,138.7527,14595982901779754467
fusion8_bf,262144,7,164.9811,14595982901779754467
btree8_bl,262144,7,103.7109,14595982901779754467
btree8_a64,262144,7,94.7983,14595982901779754467
sorted_array,262144,8,91.4780,14595982901779754467
btree8_a64,262144,8,76.9516,14595982901779754467
btree16_bl_a64,262144,8,137.2223,14595982901779754467
btree8,262144,8,100.7706,14595982901779754467
fusion8,262144,8,158.8821,14595982901779754467
btree8_bl_a64,262144,8,104.7256,14595982901779754467
fusion8_c,262144,8,144.8593,14595982901779754467
fusion16_w,262144,8,192.4835,14595982901779754467
fusion8_bf,262144,8,167.4866,14595982901779754467
btree8_bl,262144,8,104.2648,14595982901779754467
btree8,262144,9,92.2302,14595982901779754467
btree8_bl,262144,9,75.6088,14595982901779754467
btree8_bl_a64,262144,9,106.0349,14595982901779754467
fusion16_w,262144,9,193.2892,14595982901779754467
fusion8_c,262144,9,147.9401,14595982901779754467
btree8_a64,262144,9,96.9360,14595982901779754467
fusion8_bf,262144,9,173.2590,14595982901779754467
sorted_array,262144,9,91.1438,14595982901779754467
fusion8,262144,9,156.5277,14595982901779754467
btree16_bl_a64,262144,9,142.8055,14595982901779754467
fusion8,262144,10,142.7048,14595982901779754467
sorted_array,262144,10,91.6565,14595982901779754467
btree8_a64,262144,10,99.1547,14595982901779754467
btree8_bl,262144,10,101.9943,14595982901779754467
btree8,262144,10,97.5342,14595982901779754467
btree8_bl_a64,262144,10,107.8720,14595982901779754467
btree16_bl_a64,262144,10,136.4426,14595982901779754467
fusion16_w,262144,10,199.3881,14595982901779754467
fusion8_c,262144,10,143.3289,14595982901779754467
fusion8_bf,262144,10,169.8654,14595982901779754467
btree8_bl,262144,11,103.2547,14595982901779754467
btree16_bl_a64,262144,11,138.1210,14595982901779754467
fusion8_bf,262144,11,163.6520,14595982901779754467
sorted_array,262144,11,91.8472,14595982901779754467
fusion16_w,262144,11,212.8342,14595982901779754467
btree8_a64,262144,11,97.5266,14595982901779754467
btree8_bl_a64,262144,11,108.8943,14595982901779754467
fusion8_c,262144,11,143.2800,14595982901779754467
btree8,262144,11,94.8807,14595982901779754467
fusion8,262144,11,155.2597,14595982901779754467
btree8_bl_a64,262144,12,98.0453,14595982901779754467
fusion8_bf,262144,12,160.8780,14595982901779754467
fusion8,262144,12,150.6531,14595982901779754467
btree16_bl_a64,262144,12,139.0472,14595982901779754467
btree8,262144,12,93.0069,14595982901779754467
fusion8_c,262144,12,148.0225,14595982901779754467
btree8_bl,262144,12,101.3336,14595982901779754467
sorted_array,262144,12,93.0527,14595982901779754467
btree8_a64,262144,12,99.7330,14595982901779754467
fusion16_w,262144,12,196.7911,14595982901779754467
fusion8,262144,13,165.4144,14595982901779754467
btree8_a64,262144,13,93.9590,14595982901779754467
btree16_bl_a64,262144,13,138.2751,14595982901779754467
fusion8_c,262144,13,153.3691,14595982901779754467
btree8_bl_a64,262144,13,109.1553,14595982901779754467
sorted_array,262144,13,90.4053,14595982901779754467
fusion16_w,262144,13,207.5607,14595982901779754467
btree8,262144,13,92.2379,14595982901779754467
btree8_bl,262144,13,111.2488,14595982901779754467
fusion8_bf,262144,13,158.5922,14595982901779754467
btree8_a64,262144,14,99.0479,14595982901779754467
sorted_array,262144,14,90.3519,14595982901779754467
fusion8_c,262144,14,146.8475,14595982901779754467
btree8_bl_a64,262144,14,104.7653,14595982901779754467
btree16_bl_a64,262144,14,139.7858,14595982901779754467
fusion16_w,262144,14,194.3878,14595982901779754467
fusion8_bf,262144,14,163.8931,14595982901779754467
btree8_bl,262144,14,101.2009,14595982901779754467
fusion8,262144,14,162.1033,14595982901779754467
btree8,262144,14,92.6285,14595982901779754467
sorted_array,524288,0,119.1010,2430445356442705539
fusion8_c,524288,0,139.7598,2430445356442705539
btree8_bl,524288,0,104.3961,2430445356442705539
btree8_a64,524288,0,100.6332,2430445356442705539
fusion8_bf,524288,0,168.6798,2430445356442705539
fusion8,524288,0,161.4563,2430445356442705539
btree8,524288,0,96.1960,2430445356442705539
btree8_bl_a64,524288,0,112.2604,2430445356442705539
btree16_bl_a64,524288,0,148.3292,2430445356442705539
fusion16_w,524288,0,221.6049,2430445356442705539
btree8,524288,1,95.5765,2430445356442705539
fusion8_bf,524288,1,167.8909,2430445356442705539
btree8_bl_a64,524288,1,112.1964,2430445356442705539
sorted_array,524288,1,118.5165,2430445356442705539
btree8_bl,524288,1,106.2866,2430445356442705539
btree8_a64,524288,1,101.1017,2430445356442705539
fusion16_w,524288,1,216.2842,2430445356442705539
fusion8_c,524288,1,157.0633,2430445356442705539
fusion8,524288,1,158.9005,2430445356442705539
btree16_bl_a64,524288,1,154.9606,2430445356442705539
btree8_bl,524288,2,118.3762,2430445356442705539
btree8,524288,2,102.1057,2430445356442705539
fusion8,524288,2,161.2488,2430445356442705539
btree8_a64,524288,2,99.7360,2430445356442705539
btree16_bl_a64,524288,2,152.2690,2430445356442705539
fusion8_c,524288,2,164.1983,2430445356442705539
btree8_bl_a64,524288,2,110.1837,2430445356442705539
fusion8_bf,524288,2,164.1968,2430445356442705539
fusion16_w,524288,2,216.4337,2430445356442705539
sorted_array,524288,2,118.1824,2430445356442705539
sorted_array,524288,3,115.6036,2430445356442705539
btree8_a64,524288,3,100.4654,2430445356442705539
btree16_bl_a64,524288,3,151.8814,2430445356442705539
fusion8_c,524288,3,161.7416,2430445356442705539
btree8,524288,3,92.9688,2430445356442705539
fusion8,524288,3,174.2172,2430445356442705539
btree8_bl_a64,524288,3,111.2686,2430445356442705539
btree8_bl,524288,3,107.3837,2430445356442705539
fusion16_w,524288,3,213.9801,2430445356442705539
fusion8_bf,524288,3,162.7106,2430445356442705539
btree8_a64,524288,4,100.5341,2430445356442705539
btree8_bl_a64,524288,4,111.4182,2430445356442705539
btree16_bl_a64,524288,4,153.1769,2430445356442705539
sorted_array,524288,4,117.3843,2430445356442705539
btree8_bl,524288,4,105.0583,2430445356442705539
fusion8,524288,4,156.7551,2430445356442705539
fusion8_bf,524288,4,168.6661,2430445356442705539
btree8,524288,4,92.9794,2430445356442705539
fusion16_w,524288,4,213.8245,2430445356442705539
fusion8_c,524288,4,148.5138,2430445356442705539
btree8_bl,524288,5,104.4449,2430445356442705539
btree8_bl_a64,524288,5,109.4421,2430445356442705539
btree16_bl_a64,524288,5,151.2054,2430445356442705539
fusion8_c,524288,5,153.5553,2430445356442705539
fusion16_w,524288,5,215.5884,2430445356442705539
btree8,524288,5,92.1906,2430445356442705539
fusion8,524288,5,171.9498,2430445356442705539
sorted_array,524288,5,118.8675,2430445356442705539
fusion8_bf,524288,5,163.9801,2430445356442705539
btree8_a64,524288,5,98.1659,2430445356442705539
btree16_bl_a64,524288,6,149.7253,2430445356442705539
sorted_array,524288,6,120.7886,2430445356442705539
btree8_bl_a64,524288,6,105.0491,2430445356442705539
fusion8,524288,6,162.5702,2430445356442705539
fusion8_bf,524288,6,163.0051,2430445356442705539
btree8,524288,6,98.6603,2430445356442705539
fusion16_w,524288,6,216.5222,2430445356442705539
btree8_a64,524288,6,99.8917,2430445356442705539
btree8_bl,524288,6,106.8390,2430445356442705539
fusion8_c,524288,6,150.3296,2430445356442705539
fusion8,524288,7,176.6983,2430445356442705539
sorted_array,524288,7,117.6239,2430445356442705539
fusion16_w,524288,7,222.6913,2430445356442705539
fusion8_bf,524288,7,168.1732,2430445356442705539
btree16_bl_a64,524288,7,147.6715,2430445356442705539
btree8_bl,524288,7,117.9321,2430445356442705539
btree8_bl_a64,524288,7,108.3191,2430445356442705539
btree8_a64,524288,7,97.7402,2430445356442705539
btree8,524288,7,96.5012,2430445356442705539
fusion8_c,524288,7,155.5237,2430445356442705539
fusion8_bf,524288,8,171.3196,2430445356442705539
fusion8_c,524288,8,130.2094,2430445356442705539
fusion16_w,524288,8,220.0470,2430445356442705539
btree16_bl_a64,524288,8,151.6525,2430445356442705539
sorted_array,524288,8,118.0649,2430445356442705539
btree8,524288,8,93.1274,2430445356442705539
btree8_bl_a64,524288,8,113.7527,2430445356442705539
btree8_bl,524288,8,106.1890,2430445356442705539
fusion8,524288,8,158.3435,2430445356442705539
btree8_a64,524288,8,101.6190,2430445356442705539
sorted_array,524288,9,117.3538,2430445356442705539
fusion8_bf,524288,9,172.1191,2430445356442705539
fusion8,524288,9,155.7068,2430445356442705539
fusion8_c,524288,9,153.9963,2430445356442705539
btree8_bl_a64,524288,9,122.1405,2430445356442705539
btree16_bl_a64,524288,9,149.4125,2430445356442705539
btree8,524288,9,103.6636,2430445356442705539
btree8_bl,524288,9,103.5767,2430445356442705539
fusion16_w,524288,9,215.6525,2430445356442705539
btree8_a64,524288,9,98.6404,2430445356442705539
btree8_a64,524288,10,76.6083,2430445356442705539
fusion16_w,524288,10,185.1364,2430445356442705539
fusion8_bf,524288,10,165.8875,2430445356442705539
fusion8,524288,10,165.3229,2430445356442705539
btree8,524288,10,93.0298,2430445356442705539
btree16_bl_a64,524288,10,151.7899,2430445356442705539
btree8_bl,524288,10,118.3273,2430445356442705539
btree8_bl_a64,524288,10,106.4850,2430445356442705539
sorted_array,524288,10,117.4454,2430445356442705539
fusion8_c,524288,10,149.0631,2430445356442705539
fusion8_bf,524288,11,174.1867,2430445356442705539
btree8,524288,11,94.0048,2430445356442705539
fusion8,524288,11,164.1205,2430445356442705539
btree8_a64,524288,11,98.1476,2430445356442705539
btree16_bl_a64,524288,11,153.6224,2430445356442705539
fusion8_c,524288,11,158.4137,2430445356442705539
btree8_bl,524288,11,104.0771,2430445356442705539
fusion16_w,524288,11,217.2729,2430445356442705539
btree8_bl_a64,524288,11,109.3384,2430445356442705539
sorted_array,524288,11,118.2632,2430445356442705539
fusion16_w,524288,12,197.4915,2430445356442705539
btree16_bl_a64,524288,12,144.6213,2430445356442705539
btree8_bl,524288,12,117.1570,2430445356442705539
sorted_array,524288,12,118.8431,2430445356442705539
fusion8_c,524288,12,147.5525,2430445356442705539
btree8,524288,12,100.5341,2430445356442705539
fusion8,524288,12,165.4373,2430445356442705539
fusion8_bf,524288,12,169.3481,2430445356442705539
btree8_bl_a64,524288,12,107.7164,2430445356442705539
btree8_a64,524288,12,99.0326,2430445356442705539
btree8_bl_a64,524288,13,75.9720,2430445356442705539
btree8,524288,13,93.1290,2430445356442705539
fusion16_w,524288,13,226.2253,2430445356442705539
btree16_bl_a64,524288,13,151.3443,2430445356442705539
btree8_bl,524288,13,102.3941,2430445356442705539
btree8_a64,524288,13,101.1673,2430445356442705539
fusion8_c,524288,13,148.5611,2430445356442705539
fusion8_bf,524288,13,181.7123,2430445356442705539
fusion8,524288,13,159.1263,2430445356442705539
sorted_array,524288,13,118.6569,2430445356442705539
fusion8_bf,524288,14,157.6630,2430445356442705539
btree16_bl_a64,524288,14,150.6683,2430445356442705539
fusion16_w,524288,14,219.0445,2430445356442705539
fusion8_c,524288,14,153.6667,2430445356442705539
sorted_array,524288,14,117.4164,2430445356442705539
fusion8,524288,14,159.2880,2430445356442705539
btree8_bl,524288,14,104.8294,2430445356442705539
btree8_a64,524288,14,101.3855,2430445356442705539
btree8,524288,14,91.6107,2430445356442705539
btree8_bl_a64,524288,14,114.4501,2430445356442705539
btree8_bl,1048576,0,284.8114,9246909816537294732
fusion16_w,1048576,0,270.4758,9246909816537294732
fusion8_bf,1048576,0,343.3777,9246909816537294732
btree16_bl_a64,1048576,0,160.9009,9246909816537294732
fusion8_c,1048576,0,313.0371,9246909816537294732
btree8,1048576,0,246.3577,9246909816537294732
btree8_a64,1048576,0,252.9221,9246909816537294732
fusion8,1048576,0,333.5617,9246909816537294732
sorted_array,1048576,0,212.6724,9246909816537294732
btree8_bl_a64,1048576,0,213.4949,9246909816537294732
sorted_array,1048576,1,220.1996,9246909816537294732
btree8_bl,1048576,1,245.5368,9246909816537294732
fusion8,1048576,1,343.6066,9246909816537294732
btree8_a64,1048576,1,247.7219,9246909816537294732
btree8,1048576,1,246.2219,9246909816537294732
btree8_bl_a64,1048576,1,218.0588,9246909816537294732
fusion8_bf,1048576,1,329.2038,9246909816537294732
btree16_bl_a64,1048576,1,148.8510,9246909816537294732
fusion16_w,1048576,1,226.3351,9246909816537294732
fusion8_c,1048576,1,301.9470,9246909816537294732
fusion8,1048576,2,335.2142,9246909816537294732
btree16_bl_a64,1048576,2,160.0174,9246909816537294732
btree8,1048576,2,244.4382,9246909816537294732
fusion8_bf,1048576,2,334.2056,9246909816537294732
btree8_bl,1048576,2,227.9297,9246909816537294732
btree8_bl_a64,1048576,2,211.7645,9246909816537294732
fusion8_c,1048576,2,307.3730,9246909816537294732
btree8_a64,1048576,2,249.3057,9246909816537294732
sorted_array,1048576,2,206.8848,9246909816537294732
fusion16_w,1048576,2,221.6309,9246909816537294732
fusion8_bf,1048576,3,350.9384,9246909816537294732
fusion8,1048576,3,339.4516,9246909816537294732
fusion16_w,1048576,3,220.9976,9246909816537294732
btree8,1048576,3,243.6584,9246909816537294732
fusion8_c,1048576,3,308.1390,9246909816537294732
sorted_array,1048576,3,210.8139,9246909816537294732
btree8_bl_a64,1048576,3,225.7614,9246909816537294732
btree16_bl_a64,1048576,3,159.9014,9246909816537294732
btree8_bl,1048576,3,217.6849,9246909816537294732
btree8_a64,1048576,3,251.0956,9246909816537294732
btree8_bl_a64,1048576,4,212.9562,9246909816537294732
btree8,1048576,4,246.5561,9246909816537294732
fusion8_bf,1048576,4,330.9189,9246909816537294732
btree16_bl_a64,1048576,4,152.1347,9246909816537294732
btree8_a64,1048576,4,250.2228,9246909816537294732
btree8_bl,1048576,4,223.4955,9246909816537294732
sorted_array,1048576,4,217.8680,9246909816537294732
fusion8,1048576,4,330.4123,9246909816537294732
fusion8_c,1048576,4,317.6422,9246909816537294732
fusion16_w,1048576,4,224.4949,9246909816537294732
fusion8,1048576,5,330.7800,9246909816537294732
btree8,1048576,5,250.2258,9246909816537294732
btree8_bl_a64,1048576,5,222.1008,9246909816537294732
fusion8_c,1048576,5,309.8892,9246909816537294732
sorted_array,1048576,5,210.1898,9246909816537294732
btree8_a64,1048576,5,247.1771,9246909816537294732
fusion16_w,1048576,5,225.4883,9246909816537294732
btree16_bl_a64,1048576,5,156.6040,9246909816537294732
btree8_bl,1048576,5,219.3604,9246909816537294732
fusion8_bf,1048576,5,337.5732,9246909816537294732
btree8,1048576,6,249.9435,9246909816537294732
sorted_array,1048576,6,212.7502,9246909816537294732
fusion8,1048576,6,331.7139,9246909816537294732
fusion8_c,1048576,6,317.8955,9246909816537294732
fusion8_bf,1048576,6,339.9948,9246909816537294732
fusion16_w,1048576,6,232.2098,9246909816537294732
btree8_bl_a64,1048576,6,213.6673,9246909816537294732
btree16_bl_a64,1048576,6,148.1537,9246909816537294732
btree8_bl,1048576,6,222.2626,9246909816537294732
btree8_a64,1048576,6,249.9939,9246909816537294732
fusion8,1048576,7,334.3979,9246909816537294732
btree8_bl_a64,1048576,7,213.1058,9246909816537294732
btree8,1048576,7,244.6747,9246909816537294732
fusion8_c,1048576,7,313.7939,9246909816537294732
fusion16_w,1048576,7,231.0013,9246909816537294732
fusion8_bf,1048576,7,343.7592,9246909816537294732
btree8_a64,1048576,7,262.5031,9246909816537294732
btree16_bl_a64,1048576,7,168.7180,9246909816537294732
sorted_array,1048576,7,181.0120,9246909816537294732
btree8_bl,1048576,7,228.0319,9246909816537294732
btree8,1048576,8,249.5132,9246909816537294732
fusion8_bf,1048576,8,335.3577,9246909816537294732
fusion8,1048576,8,334.9960,9246909816537294732
fusion16_w,1048576,8,224.7894,9246909816537294732
btree8_a64,1048576,8,246.3913,9246909816537294732
btree8_bl_a64,1048576,8,210.8444,9246909816537294732
fusion8_c,1048576,8,312.3276,9246909816537294732
btree8_bl,1048576,8,221.1807,9246909816537294732
sorted_array,1048576,8,217.0273,9246909816537294732
btree16_bl_a64,1048576,8,156.0318,9246909816537294732
fusion16_w,1048576,9,228.7430,9246909816537294732
btree8_a64,1048576,9,253.7415,9246909816537294732
fusion8_c,1048576,9,307.6172,9246909816537294732
fusion8,1048576,9,336.7508,9246909816537294732
sorted_array,1048576,9,213.7375,9246909816537294732
fusion8_bf,1048576,9,329.9988,9246909816537294732
btree8,1048576,9,252.2446,9246909816537294732
btree16_bl_a64,1048576,9,160.4675,9246909816537294732
btree8_bl_a64,1048576,9,213.1058,9246909816537294732
btree8_bl,1048576,9,219.8563,9246909816537294732
fusion16_w,1048576,10,224.6429,9246909816537294732
btree8_bl_a64,1048576,10,214.9353,9246909816537294732
fusion8,1048576,10,331.5460,9246909816537294732
fusion8_bf,1048576,10,346.5012,9246909816537294732
btree16_bl_a64,1048576,10,156.1417,9246909816537294732
btree8_bl,1048576,10,217.8558,9246909816537294732
btree8,1048576,10,245.1462,9246909816537294732
fusion8_c,1048576,10,300.9247,9246909816537294732
btree8_a64,1048576,10,254.9240,9246909816537294732
sorted_array,1048576,10,219.3024,9246909816537294732
btree8_bl_a64,1048576,11,232.6782,9246909816537294732
fusion8,1048576,11,331.2988,9246909816537294732
sorted_array,1048576,11,217.7872,9246909816537294732
btree8,1048576,11,242.8085,9246909816537294732
fusion8_c,1048576,11,306.1188,9246909816537294732
btree16_bl_a64,1048576,11,154.7028,9246909816537294732
btree8_bl,1048576,11,225.1801,9246909816537294732
btree8_a64,1048576,11,252.5085,9246909816537294732
fusion16_w,1048576,11,222.3724,9246909816537294732
fusion8_bf,1048576,11,328.7598,9246909816537294732
sorted_array,1048576,12,219.5633,9246909816537294732
fusion8_c,1048576,12,302.0615,9246909816537294732
btree8,1048576,12,245.4697,9246909816537294732
btree8_bl,1048576,12,223.2193,9246909816537294732
fusion8,1048576,12,327.9953,9246909816537294732
fusion16_w,1048576,12,222.2092,9246909816537294732
btree8_a64,1048576,12,249.4385,9246909816537294732
btree8_bl_a64,1048576,12,212.1124,9246909816537294732
btree16_bl_a64,1048576,12,153.4561,9246909816537294732
fusion8_bf,1048576,12,337.1719,9246909816537294732
fusion8,1048576,13,333.9142,9246909816537294732
sorted_array,1048576,13,219.7372,9246909816537294732
btree8_bl_a64,1048576,13,211.8118,9246909816537294732
btree16_bl_a64,1048576,13,150.0107,9246909816537294732
fusion8_bf,1048576,13,328.6133,9246909816537294732
btree8_a64,1048576,13,251.2939,9246909816537294732
fusion16_w,1048576,13,229.4113,9246909816537294732
fusion8_c,1048576,13,305.4947,9246909816537294732
btree8,1048576,13,247.0932,9246909816537294732
btree8_bl,1048576,13,224.6124,9246909816537294732
btree16_bl_a64,1048576,14,149.4034,9246909816537294732
btree8_bl,1048576,14,204.0543,9246909816537294732
sorted_array,1048576,14,203.2211,9246909816537294732
btree8,1048576,14,241.6367,9246909816537294732
fusion16_w,1048576,14,229.3594,9246909816537294732
fusion8_c,1048576,14,313.7726,9246909816537294732
btree8_a64,1048576,14,250.9689,9246909816537294732
fusion8_bf,1048576,14,326.9150,9246909816537294732
btree8_bl_a64,1048576,14,214.0472,9246909816537294732
fusion8,1048576,14,329.3381,9246909816537294732
btree8_a64,2097152,0,261.4639,14519592687764155675
btree8_bl_a64,2097152,0,265.3229,14519592687764155675
fusion8_c,2097152,0,326.1597,14519592687764155675
fusion16_w,2097152,0,345.8771,14519592687764155675
btree16_bl_a64,2097152,0,234.4620,14519592687764155675
fusion8,2097152,0,351.3382,14519592687764155675
fusion8_bf,2097152,0,350.2579,14519592687764155675
btree8,2097152,0,260.5194,14519592687764155675
btree8_bl,2097152,0,277.8763,14519592687764155675
sorted_array,2097152,0,347.3007,14519592687764155675
fusion8_c,2097152,1,331.8527,14519592687764155675
fusion16_w,2097152,1,344.4977,14519592687764155675
fusion8_bf,2097152,1,353.1387,14519592687764155675
btree8_a64,2097152,1,266.4246,14519592687764155675
sorted_array,2097152,1,330.1331,14519592687764155675
btree8_bl,2097152,1,281.9000,14519592687764155675
btree8,2097152,1,257.5638,14519592687764155675
btree8_bl_a64,2097152,1,263.3377,14519592687764155675
fusion8,2097152,1,345.4712,14519592687764155675
btree16_bl_a64,2097152,1,242.1158,14519592687764155675
sorted_array,2097152,2,343.7820,14519592687764155675
btree8_a64,2097152,2,269.7128,14519592687764155675
btree8_bl,2097152,2,274.8383,14519592687764155675
fusion8_c,2097152,2,316.1652,14519592687764155675
btree8,2097152,2,257.7515,14519592687764155675
fusion8,2097152,2,348.6267,14519592687764155675
btree16_bl_a64,2097152,2,229.7668,14519592687764155675
fusion16_w,2097152,2,341.4536,14519592687764155675
fusion8_bf,2097152,2,365.2924,14519592687764155675
btree8_bl_a64,2097152,2,332.4005,14519592687764155675
btree16_bl_a64,2097152,3,235.8063,14519592687764155675
btree8_bl,2097152,3,271.6797,14519592687764155675
fusion8_c,2097152,3,320.1859,14519592687764155675
btree8_a64,2097152,3,260.1440,14519592687764155675
fusion16_w,2097152,3,341.4566,14519592687764155675
btree8,2097152,3,254.9942,14519592687764155675
sorted_array,2097152,3,352.0538,14519592687764155675
fusion8,2097152,3,345.5246,14519592687764155675
fusion8_bf,2097152,3,343.6264,14519592687764155675
btree8_bl_a64,2097152,3,267.1478,14519592687764155675
btree8_bl_a64,2097152,4,166.1255,14519592687764155675
btree8_a64,2097152,4,261.4471,14519592687764155675
btree8,2097152,4,265.4037,14519592687764155675
btree16_bl_a64,2097152,4,237.2070,14519592687764155675
fusion16_w,2097152,4,340.5579,14519592687764155675
btree8_bl,2097152,4,274.2447,14519592687764155675
fusion8,2097152,4,345.0790,14519592687764155675
sorted_array,2097152,4,331.7429,14519592687764155675
fusion8_c,2097152,4,318.2739,14519592687764155675
fusion8_bf,2097152,4,352.6352,14519592687764155675
fusion16_w,2097152,5,348.3734,14519592687764155675
btree8,2097152,5,252.7802,14519592687764155675
fusion8,2097152,5,342.5522,14519592687764155675
sorted_array,2097152,5,347.9858,14519592687764155675
fusion8_c,2097152,5,332.8629,14519592687764155675
fusion8_bf,2097152,5,352.7908,14519592687764155675
btree8_bl_a64,2097152,5,266.7068,14519592687764155675
btree16_bl_a64,2097152,5,234.1400,14519592687764155675
btree8_a64,2097152,5,257.8827,14519592687764155675
btree8_bl,2097152,5,273.7854,14519592687764155675
btree8,2097152,6,255.5695,14519592687764155675
btree8_bl_a64,2097152,6,262.9547,14519592687764155675
fusion8_bf,2097152,6,350.7431,14519592687764155675
fusion8_c,2097152,6,321.4539,14519592687764155675
fusion16_w,2097152,6,332.1869,14519592687764155675
sorted_array,2097152,6,292.9779,14519592687764155675
fusion8,2097152,6,346.5393,14519592687764155675
btree8_bl,2097152,6,278.1387,14519592687764155675
btree16_bl_a64,2097152,6,229.9774,14519592687764155675
btree8_a64,2097152,6,257.3090,14519592687764155675
btree8_bl_a64,2097152,7,263.5117,14519592687764155675
fusion16_w,2097152,7,330.0049,14519592687764155675
btree16_bl_a64,2097152,7,250.9323,14519592687764155675
btree8_a64,2097152,7,261.2915,14519592687764155675
fusion8_bf,2097152,7,350.4425,14519592687764155675
fusion8_c,2097152,7,322.4976,14519592687764155675
fusion8,2097152,7,352.4796,14519592687764155675
btree8,2097152,7,255.0888,14519592687764155675
btree8_bl,2097152,7,277.8275,14519592687764155675
sorted_array,2097152,7,313.1805,14519592687764155675
fusion16_w,2097152,8,346.2906,14519592687764155675
btree8_bl,2097152,8,275.5005,14519592687764155675
sorted_array,2097152,8,311.0977,14519592687764155675
fusion8_bf,2097152,8,359.6130,14519592687764155675
btree8,2097152,8,259.2361,14519592687764155675
fusion8_c,2097152,8,323.0423,14519592687764155675
btree16_bl_a64,2097152,8,237.7182,14519592687764155675
btree8_a64,2097152,8,258.2245,14519592687764155675
fusion8,2097152,8,343.7881,14519592687764155675
btree8_bl_a64,2097152,8,263.4277,14519592687764155675
btree8_bl,2097152,9,277.4597,14519592687764155675
fusion8,2097152,9,344.9158,14519592687764155675
fusion8_c,2097152,9,321.6141,14519592687764155675
fusion8_bf,2097152,9,357.1472,14519592687764155675
fusion16_w,2097152,9,342.0959,14519592687764155675
btree8_bl_a64,2097152,9,271.9421,14519592687764155675
btree16_bl_a64,2097152,9,235.0220,14519592687764155675
sorted_array,2097152,9,318.4326,14519592687764155675
btree8,2097152,9,255.7663,14519592687764155675
btree8_a64,2097152,9,259.1003,14519592687764155675
fusion8_c,2097152,10,319.3863,14519592687764155675
fusion16_w,2097152,10,342.4469,14519592687764155675
btree8_bl_a64,2097152,10,268.2449,14519592687764155675
fusion8,2097152,10,346.8018,14519592687764155675
btree8_bl,2097152,10,272.6822,14519592687764155675
fusion8_bf,2097152,10,353.5248,14519592687764155675
btree16_bl_a64,2097152,10,237.2620,14519592687764155675
btree8,2097152,10,257.9880,14519592687764155675
btree8_a64,2097152,10,258.6334,14519592687764155675
sorted_array,2097152,10,310.9085,14519592687764155675
fusion8_bf,2097152,11,353.7766,14519592687764155675
sorted_array,2097152,11,349.8611,14519592687764155675
fusion8_c,2097152,11,319.9844,14519592687764155675
btree8_bl_a64,2097152,11,265.1718,14519592687764155675
btree8_bl,2097152,11,277.2720,14519592687764155675
btree8_a64,2097152,11,260.0372,14519592687764155675
btree8,2097152,11,259.5581,14519592687764155675
btree16_bl_a64,2097152,11,235.6186,14519592687764155675
fusion16_w,2097152,11,336.1038,14519592687764155675
fusion8,2097152,11,346.4874,14519592687764155675
btree16_bl_a64,2097152,12,231.6711,14519592687764155675
fusion8,2097152,12,346.8430,14519592687764155675
sorted_array,2097152,12,318.3441,14519592687764155675
fusion16_w,2097152,12,356.1020,14519592687764155675
fusion8_c,2097152,12,321.2296,14519592687764155675
btree8,2097152,12,252.9861,14519592687764155675
btree8_bl,2097152,12,272.2626,14519592687764155675
fusion8_bf,2097152,12,351.6586,14519592687764155675
btree8_bl_a64,2097152,12,265.3366,14519592687764155675
btree8_a64,2097152,12,257.2281,14519592687764155675
fusion8,2097152,13,346.4432,14519592687764155675
fusion8_c,2097152,13,322.2458,14519592687764155675
fusion8_bf,2097152,13,355.2322,14519592687764155675
fusion16_w,2097152,13,330.4626,14519592687764155675
sorted_array,2097152,13,289.6881,14519592687764155675
btree8,2097152,13,255.4443,14519592687764155675
btree16_bl_a64,2097152,13,233.7189,14519592687764155675
btree8_a64,2097152,13,259.4635,14519592687764155675
btree8_bl,2097152,13,276.8677,14519592687764155675
btree8_bl_a64,2097152,13,264.0472,14519592687764155675
fusion8_c,2097152,14,319.0445,14519592687764155675
btree8,2097152,14,255.5923,14519592687764155675
fusion8_bf,2097152,14,350.0870,14519592687764155675
fusion8,2097152,14,344.2398,14519592687764155675
btree8_bl,2097152,14,279.7440,14519592687764155675
btree16_bl_a64,2097152,14,232.2571,14519592687764155675
btree8_a64,2097152,14,268.1564,14519592687764155675
fusion16_w,2097152,14,335.8765,14519592687764155675
btree8_bl_a64,2097152,14,274.6246,14519592687764155675
sorted_array,2097152,14,249.9176,14519592687764155675
fusion8_bf,4194304,0,361.6043,15606720263345192253
btree8_bl_a64,4194304,0,269.1635,15606720263345192253
btree8,4194304,0,263.9374,15606720263345192253
fusion16_w,4194304,0,406.6040,15606720263345192253
fusion8_c,4194304,0,329.6616,15606720263345192253
btree8_a64,4194304,0,261.9568,15606720263345192253
sorted_array,4194304,0,465.2145,15606720263345192253
btree8_bl,4194304,0,277.3682,15606720263345192253
btree16_bl_a64,4194304,0,326.7502,15606720263345192253
fusion8,4194304,0,348.3887,15606720263345192253
btree8_bl_a64,4194304,1,276.0086,15606720263345192253
btree8_a64,4194304,1,260.6583,15606720263345192253
fusion8,4194304,1,346.6431,15606720263345192253
sorted_array,4194304,1,471.6919,15606720263345192253
fusion16_w,4194304,1,509.7534,15606720263345192253
fusion8_bf,4194304,1,359.8389,15606720263345192253
btree16_bl_a64,4194304,1,324.1348,15606720263345192253
btree8_bl,4194304,1,284.0820,15606720263345192253
fusion8_c,4194304,1,323.7778,15606720263345192253
btree8,4194304,1,263.8397,15606720263345192253
fusion16_w,4194304,2,408.5327,15606720263345192253
fusion8,4194304,2,349.4019,15606720263345192253
fusion8_bf,4194304,2,354.5395,15606720263345192253
btree8_bl,4194304,2,282.3242,15606720263345192253
fusion8_c,4194304,2,328.2974,15606720263345192253
sorted_array,4194304,2,462.6785,15606720263345192253
btree8_a64,4194304,2,268.7958,15606720263345192253
btree16_bl_a64,4194304,2,323.0057,15606720263345192253
btree8_bl_a64,4194304,2,270.4178,15606720263345192253
btree8,4194304,2,262.6297,15606720263345192253
fusion8,4194304,3,359.9518,15606720263345192253
fusion8_bf,4194304,3,358.5266,15606720263345192253
btree16_bl_a64,4194304,3,321.0236,15606720263345192253
fusion16_w,4194304,3,405.0583,15606720263345192253
btree8_bl_a64,4194304,3,275.0854,15606720263345192253
sorted_array,4194304,3,446.5973,15606720263345192253
btree8_a64,4194304,3,260.7040,15606720263345192253
fusion8_c,4194304,3,328.9383,15606720263345192253
btree8,4194304,3,259.7061,15606720263345192253
btree8_bl,4194304,3,282.9147,15606720263345192253
fusion8_bf,4194304,4,354.9622,15606720263345192253
btree8,4194304,4,264.8148,15606720263345192253
btree8_bl,4194304,4,281.3507,15606720263345192253
sorted_array,4194304,4,467.7612,15606720263345192253
fusion8_c,4194304,4,323.5672,15606720263345192253
btree16_bl_a64,4194304,4,323.1155,15606720263345192253
fusion8,4194304,4,347.5037,15606720263345192253
btree8_bl_a64,4194304,4,269.3283,15606720263345192253
fusion16_w,4194304,4,409.1660,15606720263345192253
btree8_a64,4194304,4,264.0121,15606720263345192253
fusion16_w,4194304,5,391.2506,15606720263345192253
sorted_array,4194304,5,467.8238,15606720263345192253
btree16_bl_a64,4194304,5,321.2540,15606720263345192253
btree8,4194304,5,266.0858,15606720263345192253
btree8_bl,4194304,5,280.0110,15606720263345192253
fusion8_bf,4194304,5,360.4309,15606720263345192253
btree8_bl_a64,4194304,5,273.5641,15606720263345192253
fusion8,4194304,5,350.5753,15606720263345192253
btree8_a64,4194304,5,263.5529,15606720263345192253
fusion8_c,4194304,5,324.3622,15606720263345192253
btree8_a64,4194304,6,251.5686,15606720263345192253
sorted_array,4194304,6,462.2498,15606720263345192253
btree8_bl_a64,4194304,6,272.5052,15606720263345192253
btree8,4194304,6,264.2288,15606720263345192253
fusion8_c,4194304,6,328.3844,15606720263345192253
fusion8_bf,4194304,6,362.2849,15606720263345192253
btree8_bl,4194304,6,275.5676,15606720263345192253
fusion16_w,4194304,6,407.6920,15606720263345192253
btree16_bl_a64,4194304,6,327.6169,15606720263345192253
fusion8,4194304,6,351.0330,15606720263345192253
btree8,4194304,7,260.9390,15606720263345192253
sorted_array,4194304,7,457.6508,15606720263345192253
fusion16_w,4194304,7,399.5865,15606720263345192253
fusion8,4194304,7,365.2878,15606720263345192253
fusion8_c,4194304,7,325.9033,15606720263345192253
btree8_bl_a64,4194304,7,270.5200,15606720263345192253
btree16_bl_a64,4194304,7,322.8943,15606720263345192253
btree8_bl,4194304,7,277.7267,15606720263345192253
btree8_a64,4194304,7,262.6328,15606720263345192253
fusion8_bf,4194304,7,355.3955,15606720263345192253
fusion8,4194304,8,354.7470,15606720263345192253
fusion16_w,4194304,8,410.2646,15606720263345192253
btree8,4194304,8,262.9288,15606720263345192253
btree16_bl_a64,4194304,8,327.3514,15606720263345192253
btree8_bl,4194304,8,280.1102,15606720263345192253
sorted_array,4194304,8,463.2950,15606720263345192253
fusion8_c,4194304,8,318.5471,15606720263345192253
fusion8_bf,4194304,8,362.7640,15606720263345192253
btree8_bl_a64,4194304,8,271.1929,15606720263345192253
btree8_a64,4194304,8,257.1014,15606720263345192253
btree8_bl_a64,4194304,9,260.5606,15606720263345192253
btree8,4194304,9,260.3790,15606720263345192253
fusion8_bf,4194304,9,361.2061,15606720263345192253
btree8_a64,4194304,9,262.3230,15606720263345192253
fusion8,4194304,9,346.4676,15606720263345192253
btree8_bl,4194304,9,283.2565,15606720263345192253
btree16_bl_a64,4194304,9,326.3077,15606720263345192253
fusion8_c,4194304,9,328.5278,15606720263345192253
fusion16_w,4194304,9,395.5276,15606720263345192253
sorted_array,4194304,9,461.3739,15606720263345192253
fusion8,4194304,10,349.6994,15606720263345192253
fusion16_w,4194304,10,417.1432,15606720263345192253
sorted_array,4194304,10,467.6331,15606720263345192253
fusion8_c,4194304,10,322.6639,15606720263345192253
btree8,4194304,10,258.5129,15606720263345192253
fusion8_bf,4194304,10,354.0741,15606720263345192253
btree8_bl_a64,4194304,10,273.9273,15606720263345192253
btree8_bl,4194304,10,280.1010,15606720263345192253
btree8_a64,4194304,10,259.2133,15606720263345192253
btree16_bl_a64,4194304,10,320.6924,15606720263345192253
fusion8_c,4194304,11,322.7768,15606720263345192253
btree8_bl,4194304,11,282.6416,15606720263345192253
fusion8_bf,4194304,11,358.4732,15606720263345192253
fusion8,4194304,11,348.6481,15606720263345192253
btree8,4194304,11,262.1078,15606720263345192253
btree8_a64,4194304,11,258.0566,15606720263345192253
btree8_bl_a64,4194304,11,271.0892,15606720263345192253
btree16_bl_a64,4194304,11,327.9831,15606720263345192253
sorted_array,4194304,11,460.8490,15606720263345192253
fusion16_w,4194304,11,414.2487,15606720263345192253
fusion8_bf,4194304,12,371.9650,15606720263345192253
btree8_bl_a64,4194304,12,273.4787,15606720263345192253
fusion16_w,4194304,12,406.4087,15606720263345192253
sorted_array,4194304,12,458.3359,15606720263345192253
btree8_bl,4194304,12,282.9361,15606720263345192253
btree16_bl_a64,4194304,12,321.8307,15606720263345192253
fusion8_c,4194304,12,327.8397,15606720263345192253
fusion8,4194304,12,350.0458,15606720263345192253
btree8,4194304,12,261.0367,15606720263345192253
btree8_a64,4194304,12,262.2894,15606720263345192253
sorted_array,4194304,13,473.1735,15606720263345192253
fusion8_bf,4194304,13,354.4510,15606720263345192253
btree8_a64,4194304,13,261.7081,15606720263345192253
btree16_bl_a64,4194304,13,320.3979,15606720263345192253
btree8_bl,4194304,13,283.7433,15606720263345192253
fusion8_c,4194304,13,328.5645,15606720263345192253
fusion16_w,4194304,13,413.1638,15606720263345192253
btree8_bl_a64,4194304,13,275.3708,15606720263345192253
fusion8,4194304,13,347.7936,15606720263345192253
btree8,4194304,13,264.2975,15606720263345192253
fusion8_bf,4194304,14,351.3306,15606720263345192253
fusion16_w,4194304,14,411.8790,15606720263345192253
fusion8,4194304,14,350.0473,15606720263345192253
btree16_bl_a64,4194304,14,326.7990,15606720263345192253
fusion8_c,4194304,14,329.4815,15606720263345192253
btree8,4194304,14,269.3848,15606720263345192253
btree8_bl,4194304,14,281.0089,15606720263345192253
btree8_a64,4194304,14,260.1120,15606720263345192253
btree8_bl_a64,4194304,14,272.1725,15606720263345192253
sorted_array,4194304,14,476.5411,15606720263345192253
btree16_bl_a64,8388608,0,344.1971,10131753818064663245
fusion16_w,8388608,0,421.4554,10131753818064663245
fusion8_bf,8388608,0,524.6368,10131753818064663245
btree8_a64,8388608,0,402.4353,10131753818064663245
btree8_bl,8388608,0,381.6910,10131753818064663245
fusion8_c,8388608,0,487.1338,10131753818064663245
btree8,8388608,0,399.6582,10131753818064663245
fusion8,8388608,0,508.4183,10131753818064663245
sorted_array,8388608,0,686.1771,10131753818064663245
btree8_bl_a64,8388608,0,377.2766,10131753818064663245
btree8_bl,8388608,1,397.9874,10131753818064663245
fusion8,8388608,1,512.6373,10131753818064663245
fusion8_c,8388608,1,487.4832,10131753818064663245
fusion8_bf,8388608,1,514.7766,10131753818064663245
btree16_bl_a64,8388608,1,348.8358,10131753818064663245
fusion16_w,8388608,1,415.2863,10131753818064663245
btree8,8388608,1,394.6686,10131753818064663245
sorted_array,8388608,1,743.7943,10131753818064663245
btree8_a64,8388608,1,396.7636,10131753818064663245
btree8_bl_a64,8388608,1,364.7797,10131753818064663245
btree8_a64,8388608,2,384.4223,10131753818064663245
fusion8_c,8388608,2,476.2390,10131753818064663245
btree16_bl_a64,8388608,2,343.0573,10131753818064663245
sorted_array,8388608,2,714.3127,10131753818064663245
fusion8_bf,8388608,2,513.7878,10131753818064663245
btree8_bl_a64,8388608,2,370.6421,10131753818064663245
fusion8,8388608,2,508.5739,10131753818064663245
btree8_bl,8388608,2,400.6470,10131753818064663245
btree8,8388608,2,416.1270,10131753818064663245
fusion16_w,8388608,2,428.3249,10131753818064663245
btree8_bl_a64,8388608,3,370.6940,10131753818064663245
fusion16_w,8388608,3,413.9603,10131753818064663245
btree16_bl_a64,8388608,3,342.7811,10131753818064663245
fusion8,8388608,3,507.4066,10131753818064663245
fusion8_c,8388608,3,480.5801,10131753818064663245
sorted_array,8388608,3,707.8781,10131753818064663245
btree8_bl,8388608,3,398.1277,10131753818064663245
btree8,8388608,3,398.9166,10131753818064663245
btree8_a64,8388608,3,399.9664,10131753818064663245
fusion8_bf,8388608,3,512.5931,10131753818064663245
btree8_bl,8388608,4,385.4279,10131753818064663245
btree8,8388608,4,396.8582,10131753818064663245
btree16_bl_a64,8388608,4,344.4427,10131753818064663245
fusion16_w,8388608,4,424.6262,10131753818064663245
sorted_array,8388608,4,705.9067,10131753818064663245
fusion8_bf,8388608,4,513.3133,10131753818064663245
btree8_bl_a64,8388608,4,369.5511,10131753818064663245
btree8_a64,8388608,4,396.3486,10131753818064663245
fusion8_c,8388608,4,478.5034,10131753818064663245
fusion8,8388608,4,517.3172,10131753818064663245
fusion8_c,8388608,5,466.6428,10131753818064663245
fusion16_w,8388608,5,430.9036,10131753818064663245
btree8,8388608,5,394.3405,10131753818064663245
sorted_array,8388608,5,720.5048,10131753818064663245
btree16_bl_a64,8388608,5,339.8712,10131753818064663245
btree8_bl_a64,8388608,5,365.9836,10131753818064663245
btree8_bl,8388608,5,389.0152,10131753818064663245
fusion8,8388608,5,509.7137,10131753818064663245
fusion8_bf,8388608,5,525.4364,10131753818064663245
btree8_a64,8388608,5,404.7104,10131753818064663245
fusion8,8388608,6,513.4995,10131753818064663245
btree8_bl,8388608,6,393.8446,10131753818064663245
btree8_a64,8388608,6,403.2974,10131753818064663245
fusion8_c,8388608,6,470.3827,10131753818064663245
fusion16_w,8388608,6,430.7266,10131753818064663245
sorted_array,8388608,6,695.1416,10131753818064663245
fusion8_bf,8388608,6,521.6995,10131753818064663245
btree16_bl_a64,8388608,6,342.5934,10131753818064663245
btree8_bl_a64,8388608,6,371.4859,10131753818064663245
btree8,8388608,6,400.0702,10131753818064663245
btree16_bl_a64,8388608,7,338.6658,10131753818064663245
btree8,8388608,7,394.0063,10131753818064663245
fusion8_bf,8388608,7,521.7911,10131753818064663245
fusion8,8388608,7,518.5699,10131753818064663245
btree8_bl,8388608,7,403.1204,10131753818064663245
btree8_bl_a64,8388608,7,370.2759,10131753818064663245
sorted_array,8388608,7,685.2585,10131753818064663245
fusion16_w,8388608,7,425.9491,10131753818064663245
fusion8_c,8388608,7,476.0315,10131753818064663245
btree8_a64,8388608,7,406.2576,10131753818064663245
fusion8_c,8388608,8,467.4728,10131753818064663245
fusion8_bf,8388608,8,527.8992,10131753818064663245
btree16_bl_a64,8388608,8,336.9797,10131753818064663245
btree8_a64,8388608,8,403.3463,10131753818064663245
sorted_array,8388608,8,707.5516,10131753818064663245
btree8_bl_a64,8388608,8,372.0825,10131753818064663245
btree8,8388608,8,399.8108,10131753818064663245
fusion8,8388608,8,512.3550,10131753818064663245
fusion16_w,8388608,8,426.8677,10131753818064663245
btree8_bl,8388608,8,402.6794,10131753818064663245
fusion8_c,8388608,9,477.7466,10131753818064663245
btree16_bl_a64,8388608,9,345.1935,10131753818064663245
fusion8,8388608,9,512.6404,10131753818064663245
fusion16_w,8388608,9,429.4724,10131753818064663245
btree8_bl,8388608,9,395.7031,10131753818064663245
btree8_a64,8388608,9,401.4694,10131753818064663245
fusion8_bf,8388608,9,514.2868,10131753818064663245
btree8_bl_a64,8388608,9,372.4487,10131753818064663245
btree8,8388608,9,404.1153,10131753818064663245
sorted_array,8388608,9,698.9166,10131753818064663245
fusion8,8388608,10,506.5216,10131753818064663245
sorted_array,8388608,10,699.7711,10131753818064663245
fusion8_c,8388608,10,480.1041,10131753818064663245
fusion8_bf,8388608,10,529.4891,10131753818064663245
btree8_bl_a64,8388608,10,373.7305,10131753818064663245
btree16_bl_a64,8388608,10,337.1048,10131753818064663245
btree8_bl,8388608,10,387.6877,10131753818064663245
fusion16_w,8388608,10,424.7421,10131753818064663245
btree8,8388608,10,398.7305,10131753818064663245
btree8_a64,8388608,10,401.1093,10131753818064663245
btree8,8388608,11,390.2542,10131753818064663245
sorted_array,8388608,11,711.5952,10131753818064663245
btree8_bl,8388608,11,395.8466,10131753818064663245
btree16_bl_a64,8388608,11,345.3400,10131753818064663245
btree8_a64,8388608,11,400.5661,10131753818064663245
fusion8_c,8388608,11,480.1910,10131753818064663245
fusion8_bf,8388608,11,524.7406,10131753818064663245
fusion16_w,8388608,11,427.6779,10131753818064663245
btree8_bl_a64,8388608,11,375.8118,10131753818064663245
fusion8,8388608,11,509.6954,10131753818064663245
sorted_array,8388608,12,707.5150,10131753818064663245
btree8_a64,8388608,12,399.6140,10131753818064663245
btree8,8388608,12,397.2855,10131753818064663245
fusion8_c,8388608,12,472.2504,10131753818064663245
btree8_bl,8388608,12,387.8708,10131753818064663245
fusion8_bf,8388608,12,530.5618,10131753818064663245
fusion16_w,8388608,12,424.8840,10131753818064663245
btree8_bl_a64,8388608,12,369.3085,10131753818064663245
fusion8,8388608,12,514.3738,10131753818064663245
btree16_bl_a64,8388608,12,345.3003,10131753818064663245
btree8,8388608,13,396.3058,10131753818064663245
btree16_bl_a64,8388608,13,353.6758,10131753818064663245
fusion8,8388608,13,511.5829,10131753818064663245
btree8_bl,8388608,13,394.0460,10131753818064663245
btree8_a64,8388608,13,402.4139,10131753818064663245
fusion16_w,8388608,13,426.3397,10131753818064663245
btree8_bl_a64,8388608,13,367.6697,10131753818064663245
fusion8_bf,8388608,13,527.8046,10131753818064663245
fusion8_c,8388608,13,484.0591,10131753818064663245
sorted_array,8388608,13,699.4797,10131753818064663245
fusion8_bf,8388608,14,521.3837,10131753818064663245
btree8_bl,8388608,14,386.2747,10131753818064663245
btree8_bl_a64,8388608,14,374.1119,10131753818064663245
btree8,8388608,14,393.5684,10131753818064663245
sorted_array,8388608,14,703.4042,10131753818064663245
fusion8,8388608,14,509.0652,10131753818064663245
fusion16_w,8388608,14,429.8431,10131753818064663245
fusion8_c,8388608,14,485.1715,10131753818064663245
btree8_a64,8388608,14,401.3565,10131753818064663245
btree16_bl_a64,8388608,14,346.3486,10131753818064663245
fusion8,16777216,0,547.5830,3590053196634910135
fusion16_w,16777216,0,432.7423,3590053196634910135
btree8,16777216,0,454.9454,3590053196634910135
btree16_bl_a64,16777216,0,349.0250,3590053196634910135
btree8_bl_a64,16777216,0,462.6221,3590053196634910135
btree8_bl,16777216,0,468.0130,3590053196634910135
fusion8_bf,16777216,0,583.5541,3590053196634910135
btree8_a64,16777216,0,450.3174,3590053196634910135
fusion8_c,16777216,0,536.6074,3590053196634910135
sorted_array,16777216,0,777.4277,3590053196634910135
btree8,16777216,1,451.1414,3590053196634910135
btree16_bl_a64,16777216,1,351.1276,3590053196634910135
btree8_bl,16777216,1,459.1141,3590053196634910135
fusion8_c,16777216,1,523.0286,3590053196634910135
btree8_bl_a64,16777216,1,462.4924,3590053196634910135
btree8_a64,16777216,1,440.1230,3590053196634910135
sorted_array,16777216,1,859.6710,3590053196634910135
fusion8,16777216,1,551.8692,3590053196634910135
fusion8_bf,16777216,1,552.6108,3590053196634910135
fusion16_w,16777216,1,434.0240,3590053196634910135
btree8_a64,16777216,2,440.3946,3590053196634910135
fusion8,16777216,2,560.3546,3590053196634910135
btree8_bl,16777216,2,470.1584,3590053196634910135
sorted_array,16777216,2,774.9298,3590053196634910135
fusion8_c,16777216,2,543.7546,3590053196634910135
fusion8_bf,16777216,2,563.4109,3590053196634910135
btree8_bl_a64,16777216,2,442.1265,3590053196634910135
btree16_bl_a64,16777216,2,361.3510,3590053196634910135
fusion16_w,16777216,2,446.1227,3590053196634910135
btree8,16777216,2,440.4083,3590053196634910135
btree8,16777216,3,351.6220,3590053196634910135
btree8_a64,16777216,3,436.7172,3590053196634910135
fusion8,16777216,3,552.3712,3590053196634910135
fusion8_bf,16777216,3,564.7720,3590053196634910135
sorted_array,16777216,3,900.9506,3590053196634910135
fusion16_w,16777216,3,428.2501,3590053196634910135
btree16_bl_a64,16777216,3,340.1306,3590053196634910135
btree8_bl,16777216,3,453.6530,3590053196634910135
fusion8_c,16777216,3,519.7052,3590053196634910135
btree8_bl_a64,16777216,3,440.6906,3590053196634910135
fusion8,16777216,4,556.5002,3590053196634910135
fusion8_c,16777216,4,519.3924,3590053196634910135
btree8,16777216,4,436.1267,3590053196634910135
fusion16_w,16777216,4,436.6150,3590053196634910135
btree8_a64,16777216,4,435.9726,3590053196634910135
btree8_bl,16777216,4,449.8474,3590053196634910135
sorted_array,16777216,4,918.5059,3590053196634910135
btree8_bl_a64,16777216,4,444.6899,3590053196634910135
btree16_bl_a64,16777216,4,339.5828,3590053196634910135
fusion8_bf,16777216,4,573.5245,3590053196634910135
fusion8,16777216,5,557.7652,3590053196634910135
btree8,16777216,5,444.8425,3590053196634910135
btree8_bl_a64,16777216,5,440.8875,3590053196634910135
fusion8_c,16777216,5,525.4120,3590053196634910135
btree16_bl_a64,16777216,5,356.1020,3590053196634910135
btree8_a64,16777216,5,436.5723,3590053196634910135
btree8_bl,16777216,5,463.0737,3590053196634910135
fusion16_w,16777216,5,438.4460,3590053196634910135
sorted_array,16777216,5,878.6301,3590053196634910135
fusion8_bf,16777216,5,568.1763,3590053196634910135
sorted_array,16777216,6,922.4396,3590053196634910135
fusion8_c,16777216,6,513.6765,3590053196634910135
btree8,16777216,6,434.7733,3590053196634910135
fusion8,16777216,6,560.5301,3590053196634910135
btree8_bl,16777216,6,455.5161,3590053196634910135
btree8_a64,16777216,6,446.0648,3590053196634910135
btree16_bl_a64,16777216,6,354.6036,3590053196634910135
fusion16_w,16777216,6,436.5372,3590053196634910135
btree8_bl_a64,16777216,6,443.1412,3590053196634910135
fusion8_bf,16777216,6,565.8493,3590053196634910135
btree8_bl_a64,16777216,7,448.0576,3590053196634910135
btree8,16777216,7,442.3538,3590053196634910135
btree8_a64,16777216,7,435.1120,3590053196634910135
fusion8_c,16777216,7,518.3029,3590053196634910135
btree16_bl_a64,16777216,7,341.0767,3590053196634910135
fusion8_bf,16777216,7,562.4084,3590053196634910135
fusion8,16777216,7,553.3249,3590053196634910135
sorted_array,16777216,7,931.0394,3590053196634910135
btree8_bl,16777216,7,457.4219,3590053196634910135
fusion16_w,16777216,7,434.3704,3590053196634910135
fusion8,16777216,8,552.1744,3590053196634910135
sorted_array,16777216,8,937.1887,3590053196634910135
fusion8_c,16777216,8,510.3455,3590053196634910135
btree8,16777216,8,439.6378,3590053196634910135
btree8_bl_a64,16777216,8,436.4883,3590053196634910135
btree8_bl,16777216,8,455.8517,3590053196634910135
fusion16_w,16777216,8,432.3135,3590053196634910135
fusion8_bf,16777216,8,568.7759,3590053196634910135
btree16_bl_a64,16777216,8,333.1268,3590053196634910135
btree8_a64,16777216,8,447.6028,3590053196634910135
fusion8,16777216,9,555.3070,3590053196634910135
btree8,16777216,9,436.9812,3590053196634910135
fusion8_c,16777216,9,512.4771,3590053196634910135
fusion16_w,16777216,9,436.9049,3590053196634910135
sorted_array,16777216,9,933.2779,3590053196634910135
btree8_bl_a64,16777216,9,444.4366,3590053196634910135
btree16_bl_a64,16777216,9,343.5913,3590053196634910135
btree8_bl,16777216,9,456.0089,3590053196634910135
fusion8_bf,16777216,9,547.2885,3590053196634910135
btree8_a64,16777216,9,439.0213,3590053196634910135
btree8,16777216,10,438.2309,3590053196634910135
fusion16_w,16777216,10,432.1136,3590053196634910135
fusion8_c,16777216,10,515.0177,3590053196634910135
btree8_a64,16777216,10,433.4808,3590053196634910135
fusion8,16777216,10,565.5212,3590053196634910135
btree8_bl_a64,16777216,10,455.1071,3590053196634910135
sorted_array,16777216,10,941.9250,3590053196634910135
fusion8_bf,16777216,10,552.1423,3590053196634910135
btree8_bl,16777216,10,453.9612,3590053196634910135
btree16_bl_a64,16777216,10,340.7547,3590053196634910135
btree8_a64,16777216,11,434.4666,3590053196634910135
btree8,16777216,11,434.4788,3590053196634910135
fusion8_c,16777216,11,506.4560,3590053196634910135
btree8_bl_a64,16777216,11,441.0599,3590053196634910135
fusion8_bf,16777216,11,557.8217,3590053196634910135
fusion8,16777216,11,546.1624,3590053196634910135
btree8_bl,16777216,11,460.6995,3590053196634910135
fusion16_w,16777216,11,433.9462,3590053196634910135
btree16_bl_a64,16777216,11,344.1559,3590053196634910135
sorted_array,16777216,11,922.9721,3590053196634910135
fusion8_c,16777216,12,521.3974,3590053196634910135
sorted_array,16777216,12,938.0615,3590053196634910135
btree8_bl_a64,16777216,12,444.5999,3590053196634910135
btree8_bl,16777216,12,450.4272,3590053196634910135
btree16_bl_a64,16777216,12,339.2258,3590053196634910135
fusion8_bf,16777216,12,556.9885,3590053196634910135
btree8_a64,16777216,12,437.2757,3590053196634910135
fusion16_w,16777216,12,437.4283,3590053196634910135
fusion8,16777216,12,546.3409,3590053196634910135
btree8,16777216,12,437.4329,3590053196634910135
fusion16_w,16777216,13,431.0822,3590053196634910135
btree8_bl,16777216,13,455.2246,3590053196634910135
fusion8_bf,16777216,13,550.2106,3590053196634910135
btree8_bl_a64,16777216,13,440.3336,3590053196634910135
btree8_a64,16777216,13,438.7451,3590053196634910135
fusion8,16777216,13,552.6108,3590053196634910135
btree16_bl_a64,16777216,13,337.1872,3590053196634910135
sorted_array,16777216,13,917.7612,3590053196634910135
btree8,16777216,13,436.3586,3590053196634910135
fusion8_c,16777216,13,506.0440,3590053196634910135
sorted_array,16777216,14,931.0593,3590053196634910135
btree8_a64,16777216,14,432.9636,3590053196634910135
btree8_bl_a64,16777216,14,440.7715,3590053196634910135
fusion8_c,16777216,14,518.2098,3590053196634910135
btree8_bl,16777216,14,455.5130,3590053196634910135
btree8,16777216,14,434.7656,3590053196634910135
fusion16_w,16777216,14,435.9512,3590053196634910135
btree16_bl_a64,16777216,14,346.4813,3590053196634910135
fusion8,16777216,14,557.7240,3590053196634910135
fusion8_bf,16777216,14,558.7708,3590053196634910135
fusion8_c,33554432,0,547.8104,14493871693595802041
btree8_bl,33554432,0,501.6739,14493871693595802041
btree8,33554432,0,454.7028,14493871693595802041
fusion8,33554432,0,552.3911,14493871693595802041
btree8_bl_a64,33554432,0,452.9221,14493871693595802041
fusion16_w,33554432,0,602.7618,14493871693595802041
btree16_bl_a64,33554432,0,487.1185,14493871693595802041
fusion8_bf,33554432,0,570.3766,14493871693595802041
sorted_array,33554432,0,1123.2162,14493871693595802041
btree8_a64,33554432,0,438.1363,14493871693595802041
fusion16_w,33554432,1,612.4374,14493871693595802041
sorted_array,33554432,1,1099.4781,14493871693595802041
btree8_bl_a64,33554432,1,444.0765,14493871693595802041
btree8_bl,33554432,1,470.8282,14493871693595802041
fusion8,33554432,1,556.2347,14493871693595802041
btree8,33554432,1,438.4979,14493871693595802041
fusion8_bf,33554432,1,558.3633,14493871693595802041
fusion8_c,33554432,1,522.1069,14493871693595802041
btree16_bl_a64,33554432,1,480.7159,14493871693595802041
btree8_a64,33554432,1,440.8325,14493871693595802041
sorted_array,33554432,2,1051.0513,14493871693595802041
btree8,33554432,2,440.3397,14493871693595802041
fusion8_c,33554432,2,523.2376,14493871693595802041
fusion16_w,33554432,2,620.0912,14493871693595802041
btree8_a64,33554432,2,439.3372,14493871693595802041
btree16_bl_a64,33554432,2,480.4276,14493871693595802041
btree8_bl,33554432,2,461.7523,14493871693595802041
fusion8,33554432,2,558.4671,14493871693595802041
fusion8_bf,33554432,2,569.1162,14493871693595802041
btree8_bl_a64,33554432,2,448.7808,14493871693595802041
fusion16_w,33554432,3,605.5084,14493871693595802041
sorted_array,33554432,3,1133.6960,14493871693595802041
fusion8,33554432,3,555.1712,14493871693595802041
btree8_bl_a64,33554432,3,446.3745,14493871693595802041
fusion8_c,33554432,3,525.7553,14493871693595802041
btree8_a64,33554432,3,439.0060,14493871693595802041
btree8,33554432,3,442.2241,14493871693595802041
btree8_bl,33554432,3,463.2065,14493871693595802041
fusion8_bf,33554432,3,569.8700,14493871693595802041
btree16_bl_a64,33554432,3,468.6676,14493871693595802041
fusion16_w,33554432,4,607.3257,14493871693595802041
btree8_bl_a64,33554432,4,450.4837,14493871693595802041
sorted_array,33554432,4,1135.4401,14493871693595802041
btree8_bl,33554432,4,462.9074,14493871693595802041
fusion8,33554432,4,557.1228,14493871693595802041
fusion8_bf,33554432,4,571.6476,14493871693595802041
btree8,33554432,4,442.9108,14493871693595802041
fusion8_c,33554432,4,526.7746,14493871693595802041
btree8_a64,33554432,4,444.5328,14493871693595802041
btree16_bl_a64,33554432,4,477.7985,14493871693595802041
fusion8,33554432,5,557.5516,14493871693595802041
fusion8_c,33554432,5,547.1039,14493871693595802041
btree16_bl_a64,33554432,5,474.3637,14493871693595802041
btree8_a64,33554432,5,440.2222,14493871693595802041
btree8_bl_a64,33554432,5,450.4974,14493871693595802041
btree8_bl,33554432,5,465.5746,14493871693595802041
fusion16_w,33554432,5,610.8276,14493871693595802041
fusion8_bf,33554432,5,561.0458,14493871693595802041
sorted_array,33554432,5,1122.0520,14493871693595802041
btree8,33554432,5,436.0443,14493871693595802041
fusion8_bf,33554432,6,565.0345,14493871693595802041
fusion16_w,33554432,6,606.8314,14493871693595802041
btree8,33554432,6,443.1686,14493871693595802041
btree8_bl_a64,33554432,6,450.8514,14493871693595802041
fusion8_c,33554432,6,523.5458,14493871693595802041
sorted_array,33554432,6,1111.4197,14493871693595802041
fusion8,33554432,6,551.5366,14493871693595802041
btree16_bl_a64,33554432,6,469.3909,14493871693595802041
btree8_a64,33554432,6,441.5283,14493871693595802041
btree8_bl,33554432,6,462.1124,14493871693595802041
fusion16_w,33554432,7,601.4542,14493871693595802041
btree8_bl_a64,33554432,7,450.8545,14493871693595802041
btree16_bl_a64,33554432,7,479.7867,14493871693595802041
btree8_bl,33554432,7,471.8140,14493871693595802041
fusion8_c,33554432,7,526.0544,14493871693595802041
fusion8_bf,33554432,7,569.6625,14493871693595802041
sorted_array,33554432,7,1096.2234,14493871693595802041
btree8_a64,33554432,7,438.4125,14493871693595802041
fusion8,33554432,7,566.7664,14493871693595802041
btree8,33554432,7,440.1871,14493871693595802041
btree8_bl_a64,33554432,8,447.9309,14493871693595802041
fusion8_c,33554432,8,520.9137,14493871693595802041
fusion8,33554432,8,553.9551,14493871693595802041
fusion8_bf,33554432,8,566.7236,14493871693595802041
btree16_bl_a64,33554432,8,482.2144,14493871693595802041
btree8_a64,33554432,8,438.2675,14493871693595802041
sorted_array,33554432,8,1128.9062,14493871693595802041
btree8_bl,33554432,8,461.9965,14493871693595802041
btree8,33554432,8,442.3050,14493871693595802041
fusion16_w,33554432,8,607.5378,14493871693595802041
btree8_a64,33554432,9,441.9830,14493871693595802041
btree8_bl,33554432,9,467.8833,14493871693595802041
btree8,33554432,9,438.9496,14493871693595802041
btree16_bl_a64,33554432,9,475.2213,14493871693595802041
fusion8,33554432,9,548.8586,14493871693595802041
fusion8_c,33554432,9,523.8739,14493871693595802041
fusion8_bf,33554432,9,567.9703,14493871693595802041
sorted_array,33554432,9,1142.8879,14493871693595802041
btree8_bl_a64,33554432,9,445.4727,14493871693595802041
fusion16_w,33554432,9,608.3038,14493871693595802041
btree8_a64,33554432,10,439.4241,14493871693595802041
btree16_bl_a64,33554432,10,471.7239,14493871693595802041
btree8,33554432,10,441.9846,14493871693595802041
fusion16_w,33554432,10,622.9660,14493871693595802041
sorted_array,33554432,10,1107.5760,14493871693595802041
btree8_bl,33554432,10,464.8285,14493871693595802041
fusion8_c,33554432,10,526.3474,14493871693595802041
fusion8_bf,33554432,10,568.1335,14493871693595802041
fusion8,33554432,10,556.1447,14493871693595802041
btree8_bl_a64,33554432,10,447.1146,14493871693595802041
fusion8_bf,33554432,11,558.6945,14493871693595802041
fusion8,33554432,11,557.8171,14493871693595802041
btree16_bl_a64,33554432,11,471.8735,14493871693595802041
btree8_bl,33554432,11,467.3019,14493871693595802041
fusion16_w,33554432,11,607.1182,14493871693595802041
sorted_array,33554432,11,1122.8516,14493871693595802041
fusion8_c,33554432,11,520.2332,14493871693595802041
btree8,33554432,11,442.7216,14493871693595802041
btree8_a64,33554432,11,440.6845,14493871693595802041
btree8_bl_a64,33554432,11,455.7724,14493871693595802041
btree8_bl,33554432,12,466.7236,14493871693595802041
fusion8_c,33554432,12,524.7574,14493871693595802041
fusion16_w,33554432,12,612.3215,14493871693595802041
btree8_a64,33554432,12,444.1971,14493871693595802041
fusion8_bf,33554432,12,563.0173,14493871693595802041
sorted_array,33554432,12,1142.4515,14493871693595802041
fusion8,33554432,12,556.6345,14493871693595802041
btree8,33554432,12,438.2629,14493871693595802041
btree16_bl_a64,33554432,12,473.2910,14493871693595802041
btree8_bl_a64,33554432,12,451.1658,14493871693595802041
btree8_a64,33554432,13,436.4532,14493871693595802041
fusion8,33554432,13,557.2357,14493871693595802041
fusion8_bf,33554432,13,573.0484,14493871693595802041
btree8_bl_a64,33554432,13,451.3687,14493871693595802041
btree8_bl,33554432,13,465.3931,14493871693595802041
fusion8_c,33554432,13,518.2724,14493871693595802041
btree16_bl_a64,33554432,13,473.9975,14493871693595802041
sorted_array,33554432,13,1085.0403,14493871693595802041
btree8,33554432,13,439.5676,14493871693595802041
fusion16_w,33554432,13,606.4819,14493871693595802041
fusion16_w,33554432,14,526.9333,14493871693595802041
btree8_bl_a64,33554432,14,449.7131,14493871693595802041
fusion8_c,33554432,14,517.8024,14493871693595802041
btree8_a64,33554432,14,437.4939,14493871693595802041
sorted_array,33554432,14,980.2094,14493871693595802041
fusion8,33554432,14,558.7936,14493871693595802041
btree16_bl_a64,33554432,14,480.6747,14493871693595802041
btree8_bl,33554432,14,470.4056,14493871693595802041
fusion8_bf,33554432,14,570.8267,14493871693595802041
btree8,33554432,14,443.3655,14493871693595802041
