structure,n,rep,ns_per_query,checksum
fusion8,256,0,37.4817,3802318259966007189
fusion8_c,256,0,36.8576,3802318259966007189
btree8_a64,256,0,20.3430,3802318259966007189
btree16_bl_a64,256,0,5.2872,3802318259966007189
btree8,256,0,21.2524,3802318259966007189
btree8_bl,256,0,14.7873,3802318259966007189
fusion16_w,256,0,26.4084,3802318259966007189
fusion8_bf,256,0,37.9181,3802318259966007189
btree8_bl_a64,256,0,13.3148,3802318259966007189
sorted_array,256,0,23.5977,3802318259966007189
btree8_bl,256,1,14.8010,3802318259966007189
fusion8,256,1,37.3169,3802318259966007189
btree16_bl_a64,256,1,5.5283,3802318259966007189
fusion16_w,256,1,26.8127,3802318259966007189
btree8_bl_a64,256,1,13.6292,3802318259966007189
btree8_a64,256,1,20.9259,3802318259966007189
fusion8_c,256,1,37.2772,3802318259966007189
sorted_array,256,1,23.4970,3802318259966007189
btree8,256,1,20.8481,3802318259966007189
fusion8_bf,256,1,38.0264,3802318259966007189
btree8_bl,256,2,14.6515,3802318259966007189
sorted_array,256,2,23.4222,3802318259966007189
btree16_bl_a64,256,2,5.1102,3802318259966007189
fusion8_c,256,2,36.5829,3802318259966007189
btree8_a64,256,2,19.9707,3802318259966007189
btree8,256,2,24.3896,3802318259966007189
fusion16_w,256,2,26.3611,3802318259966007189
fusion8,256,2,37.4573,3802318259966007189
fusion8_bf,256,2,38.1241,3802318259966007189
btree8_bl_a64,256,2,13.6139,3802318259966007189
fusion8_c,256,3,36.4822,3802318259966007189
fusion8_bf,256,3,37.9715,3802318259966007189
btree16_bl_a64,256,3,5.1285,3802318259966007189
btree8_bl_a64,256,3,13.6551,3802318259966007189
fusion8,256,3,38.3072,3802318259966007189
btree8,256,3,23.7869,3802318259966007189
sorted_array,256,3,28.2303,3802318259966007189
fusion16_w,256,3,27.2385,3802318259966007189
btree8_a64,256,3,21.6431,3802318259966007189
btree8_bl,256,3,14.7354,3802318259966007189
btree8_bl,256,4,14.5187,3802318259966007189
fusion16_w,256,4,26.4679,3802318259966007189
btree8_bl_a64,256,4,13.2385,3802318259966007189
btree16_bl_a64,256,4,5.0934,3802318259966007189
btree8,256,4,21.1166,3802318259966007189
fusion8,256,4,37.5214,3802318259966007189
fusion8_c,256,4,36.6409,3802318259966007189
fusion8_bf,256,4,38.1607,3802318259966007189
sorted_array,256,4,23.3658,3802318259966007189
btree8_a64,256,4,20.3293,3802318259966007189
fusion8_bf,256,5,37.8860,3802318259966007189
btree8,256,5,21.3913,3802318259966007189
btree8_a64,256,5,21.1868,3802318259966007189
btree8_bl,256,5,14.5966,3802318259966007189
btree16_bl_a64,256,5,5.1895,3802318259966007189
fusion8,256,5,37.4344,3802318259966007189
fusion16_w,256,5,26.6479,3802318259966007189
sorted_array,256,5,23.6984,3802318259966007189
btree8_bl_a64,256,5,13.2675,3802318259966007189
fusion8_c,256,5,36.5433,3802318259966007189
fusion8,256,6,37.2955,3802318259966007189
btree8_a64,256,6,19.6518,3802318259966007189
sorted_array,256,6,23.7152,3802318259966007189
btree8_bl,256,6,14.7049,3802318259966007189
btree16_bl_a64,256,6,5.1926,3802318259966007189
fusion8_bf,256,6,38.8245,3802318259966007189
fusion16_w,256,6,26.6815,3802318259966007189
btree8_bl_a64,256,6,13.6185,3802318259966007189
fusion8_c,256,6,36.5036,3802318259966007189
btree8,256,6,20.5978,3802318259966007189
fusion8_c,256,7,36.4914,3802318259966007189
fusion8_bf,256,7,37.9089,3802318259966007189
sorted_array,256,7,23.3078,3802318259966007189
btree8_bl,256,7,14.9384,3802318259966007189
btree8,256,7,21.7316,3802318259966007189
fusion16_w,256,7,26.9897,3802318259966007189
btree8_a64,256,7,21.7560,3802318259966007189
fusion8,256,7,37.4481,3802318259966007189
btree8_bl_a64,256,7,13.2507,3802318259966007189
btree16_bl_a64,256,7,5.1025,3802318259966007189
fusion8_c,256,8,36.6470,3802318259966007189
btree8_bl,256,8,14.8010,3802318259966007189
btree16_bl_a64,256,8,5.1178,3802318259966007189
fusion16_w,256,8,26.8173,3802318259966007189
btree8_bl_a64,256,8,13.5651,3802318259966007189
btree8,256,8,22.7539,3802318259966007189
btree8_a64,256,8,21.2662,3802318259966007189
fusion8_bf,256,8,38.4705,3802318259966007189
fusion8,256,8,37.3215,3802318259966007189
sorted_array,256,8,26.0056,3802318259966007189
fusion8_bf,256,9,37.9715,3802318259966007189
sorted_array,256,9,23.6465,3802318259966007189
btree8,256,9,23.4665,3802318259966007189
btree8_a64,256,9,20.0226,3802318259966007189
fusion16_w,256,9,26.8906,3802318259966007189
btree8_bl,256,9,14.7278,3802318259966007189
btree8_bl_a64,256,9,13.3514,3802318259966007189
btree16_bl_a64,256,9,5.1208,3802318259966007189
fusion8_c,256,9,36.6501,3802318259966007189
fusion8,256,9,37.4390,3802318259966007189
fusion8,256,10,36.9354,3802318259966007189
btree16_bl_a64,256,10,5.1331,3802318259966007189
btree8_bl_a64,256,10,13.3545,3802318259966007189
sorted_array,256,10,25.9613,3802318259966007189
fusion16_w,256,10,26.6403,3802318259966007189
btree8_bl,256,10,14.7705,3802318259966007189
fusion8_c,256,10,37.1948,3802318259966007189
btree8_a64,256,10,19.9875,3802318259966007189
btree8,256,10,22.5311,3802318259966007189
fusion8_bf,256,10,38.0295,3802318259966007189
fusion8,256,11,37.3215,3802318259966007189
btree8_a64,256,11,19.8837,3802318259966007189
fusion8_bf,256,11,37.9761,3802318259966007189
btree8,256,11,21.4645,3802318259966007189
btree8_bl_a64,256,11,13.5345,3802318259966007189
btree8_bl,256,11,14.7308,3802318259966007189
sorted_array,256,11,23.6847,3802318259966007189
fusion8_c,256,11,36.7752,3802318259966007189
btree16_bl_a64,256,11,5.1620,3802318259966007189
fusion16_w,256,11,26.7014,3802318259966007189
btree8_bl,256,12,14.3127,3802318259966007189
fusion16_w,256,12,26.3519,3802318259966007189
fusion8_bf,256,12,37.9730,3802318259966007189
fusion8,256,12,37.2299,3802318259966007189
sorted_array,256,12,23.3490,3802318259966007189
btree8_a64,256,12,20.7825,3802318259966007189
btree8_bl_a64,256,12,13.1516,3802318259966007189
fusion8_c,256,12,36.5417,3802318259966007189
btree16_bl_a64,256,12,5.0629,3802318259966007189
btree8,256,12,21.0876,3802318259966007189
fusion8,256,13,37.1658,3802318259966007189
fusion16_w,256,13,26.5533,3802318259966007189
btree8_a64,256,13,19.9677,3802318259966007189
fusion8_c,256,13,36.6043,3802318259966007189
btree8,256,13,21.4981,3802318259966007189
btree8_bl,256,13,14.7400,3802318259966007189
fusion8_bf,256,13,38.3102,3802318259966007189
btree16_bl_a64,256,13,5.0964,3802318259966007189
btree8_bl_a64,256,13,13.4659,3802318259966007189
sorted_array,256,13,23.2010,3802318259966007189
btree8_bl_a64,256,14,13.2553,3802318259966007189
fusion16_w,256,14,26.6434,3802318259966007189
btree8,256,14,20.9534,3802318259966007189
btree8_a64,256,14,22.2900,3802318259966007189
sorted_array,256,14,23.2559,3802318259966007189
btree8_bl,256,14,14.5554,3802318259966007189
btree16_bl_a64,256,14,5.2322,3802318259966007189
fusion8_bf,256,14,39.1068,3802318259966007189
fusion8,256,14,37.9974,3802318259966007189
fusion8_c,256,14,36.8011,3802318259966007189
fusion8_c,512,0,37.2314,18445980686323395203
btree8,512,0,23.5611,18445980686323395203
btree8_a64,512,0,23.6206,18445980686323395203
btree8_bl,512,0,9.4894,18445980686323395203
btree8_bl_a64,512,0,8.7570,18445980686323395203
fusion8,512,0,37.6434,18445980686323395203
sorted_array,512,0,30.4474,18445980686323395203
btree16_bl_a64,512,0,15.7684,18445980686323395203
fusion8_bf,512,0,38.7695,18445980686323395203
fusion16_w,512,0,40.4648,18445980686323395203
btree8_a64,512,1,21.6888,18445980686323395203
btree8,512,1,26.1017,18445980686323395203
fusion16_w,512,1,40.9256,18445980686323395203
fusion8,512,1,37.4878,18445980686323395203
btree8_bl,512,1,9.4040,18445980686323395203
btree16_bl_a64,512,1,15.5548,18445980686323395203
btree8_bl_a64,512,1,8.9508,18445980686323395203
fusion8_bf,512,1,38.5681,18445980686323395203
fusion8_c,512,1,37.2574,18445980686323395203
sorted_array,512,1,28.5690,18445980686323395203
fusion16_w,512,2,41.5695,18445980686323395203
btree8_bl_a64,512,2,8.7311,18445980686323395203
btree16_bl_a64,512,2,16.0400,18445980686323395203
fusion8_c,512,2,37.2818,18445980686323395203
fusion8_bf,512,2,38.6017,18445980686323395203
btree8_bl,512,2,9.5520,18445980686323395203
fusion8,512,2,37.0056,18445980686323395203
sorted_array,512,2,30.0888,18445980686323395203
btree8,512,2,23.7305,18445980686323395203
btree8_a64,512,2,23.5580,18445980686323395203
btree8_bl_a64,512,3,8.7585,18445980686323395203
btree8_a64,512,3,21.4905,18445980686323395203
sorted_array,512,3,28.5797,18445980686323395203
fusion8_c,512,3,37.2574,18445980686323395203
btree8,512,3,23.1323,18445980686323395203
fusion8,512,3,37.0285,18445980686323395203
fusion8_bf,512,3,38.6078,18445980686323395203
btree8_bl,512,3,9.5947,18445980686323395203
fusion16_w,512,3,40.4892,18445980686323395203
btree16_bl_a64,512,3,15.5792,18445980686323395203
fusion8_c,512,4,38.0096,18445980686323395203
btree8_bl,512,4,9.6893,18445980686323395203
btree16_bl_a64,512,4,15.8875,18445980686323395203
btree8,512,4,24.1531,18445980686323395203
btree8_bl_a64,512,4,8.6456,18445980686323395203
sorted_array,512,4,28.5309,18445980686323395203
btree8_a64,512,4,24.5529,18445980686323395203
fusion8_bf,512,4,38.5880,18445980686323395203
fusion16_w,512,4,40.4480,18445980686323395203
fusion8,512,4,37.4191,18445980686323395203
btree8_bl_a64,512,5,8.7067,18445980686323395203
btree8_bl,512,5,9.4299,18445980686323395203
fusion8_c,512,5,37.1552,18445980686323395203
btree16_bl_a64,512,5,15.5807,18445980686323395203
btree8,512,5,23.1888,18445980686323395203
btree8_a64,512,5,23.9059,18445980686323395203
fusion16_w,512,5,40.5792,18445980686323395203
sorted_array,512,5,28.7918,18445980686323395203
fusion8_bf,512,5,38.6505,18445980686323395203
fusion8,512,5,37.8769,18445980686323395203
fusion8,512,6,37.2604,18445980686323395203
btree8,512,6,23.0347,18445980686323395203
sorted_array,512,6,29.1580,18445980686323395203
btree16_bl_a64,512,6,15.6921,18445980686323395203
fusion16_w,512,6,40.7028,18445980686323395203
fusion8_c,512,6,37.1674,18445980686323395203
btree8_bl_a64,512,6,8.8242,18445980686323395203
btree8_a64,512,6,21.7896,18445980686323395203
btree8_bl,512,6,9.6344,18445980686323395203
fusion8_bf,512,6,39.6027,18445980686323395203
btree8,512,7,24.0677,18445980686323395203
btree8_a64,512,7,22.7158,18445980686323395203
fusion8_c,512,7,37.2025,18445980686323395203
fusion8_bf,512,7,38.5971,18445980686323395203
fusion8,512,7,37.0056,18445980686323395203
btree8_bl_a64,512,7,8.6731,18445980686323395203
fusion16_w,512,7,41.1179,18445980686323395203
btree16_bl_a64,512,7,15.9103,18445980686323395203
sorted_array,512,7,29.6570,18445980686323395203
btree8_bl,512,7,9.9243,18445980686323395203
sorted_array,512,8,28.5645,18445980686323395203
btree8_bl,512,8,9.4971,18445980686323395203
btree8_bl_a64,512,8,8.6716,18445980686323395203
btree16_bl_a64,512,8,15.5930,18445980686323395203
fusion8_bf,512,8,38.4079,18445980686323395203
fusion8,512,8,37.0422,18445980686323395203
fusion16_w,512,8,41.2460,18445980686323395203
fusion8_c,512,8,37.1674,18445980686323395203
btree8_a64,512,8,21.7804,18445980686323395203
btree8,512,8,25.9491,18445980686323395203
btree8_bl_a64,512,9,8.8120,18445980686323395203
btree8,512,9,26.4816,18445980686323395203
fusion16_w,512,9,40.5228,18445980686323395203
fusion8_c,512,9,37.2299,18445980686323395203
sorted_array,512,9,28.6026,18445980686323395203
btree8_a64,512,9,24.2645,18445980686323395203
btree16_bl_a64,512,9,15.7074,18445980686323395203
fusion8,512,9,37.0941,18445980686323395203
btree8_bl,512,9,9.3872,18445980686323395203
fusion8_bf,512,9,38.5941,18445980686323395203
btree8_bl,512,10,9.5383,18445980686323395203
btree8,512,10,23.8297,18445980686323395203
fusion8_c,512,10,37.1735,18445980686323395203
btree8_bl_a64,512,10,8.8257,18445980686323395203
btree8_a64,512,10,21.6583,18445980686323395203
sorted_array,512,10,28.8574,18445980686323395203
fusion16_w,512,10,40.5777,18445980686323395203
fusion8,512,10,36.9949,18445980686323395203
btree16_bl_a64,512,10,15.8066,18445980686323395203
fusion8_bf,512,10,38.5834,18445980686323395203
btree8_bl_a64,512,11,8.8303,18445980686323395203
fusion8_bf,512,11,38.4201,18445980686323395203
fusion8_c,512,11,37.1994,18445980686323395203
btree8_a64,512,11,23.0499,18445980686323395203
btree8_bl,512,11,9.4238,18445980686323395203
btree16_bl_a64,512,11,15.5472,18445980686323395203
fusion8,512,11,37.4313,18445980686323395203
fusion16_w,512,11,41.1270,18445980686323395203
sorted_array,512,11,31.0135,18445980686323395203
btree8,512,11,25.7935,18445980686323395203
btree8_bl_a64,512,12,8.7509,18445980686323395203
fusion8_bf,512,12,38.5162,18445980686323395203
fusion8_c,512,12,37.5610,18445980686323395203
btree8,512,12,23.5062,18445980686323395203
fusion8,512,12,37.4542,18445980686323395203
btree8_bl,512,12,9.4208,18445980686323395203
btree16_bl_a64,512,12,15.7227,18445980686323395203
btree8_a64,512,12,22.0108,18445980686323395203
sorted_array,512,12,29.1245,18445980686323395203
fusion16_w,512,12,40.6845,18445980686323395203
btree8,512,13,24.7177,18445980686323395203
fusion16_w,512,13,40.3427,18445980686323395203
btree8_a64,512,13,21.9055,18445980686323395203
sorted_array,512,13,29.0070,18445980686323395203
fusion8_bf,512,13,38.6093,18445980686323395203
fusion8,512,13,37.0605,18445980686323395203
btree8_bl,512,13,9.6497,18445980686323395203
btree16_bl_a64,512,13,15.6204,18445980686323395203
btree8_bl_a64,512,13,8.7753,18445980686323395203
fusion8_c,512,13,37.2070,18445980686323395203
btree8_bl_a64,512,14,8.7387,18445980686323395203
fusion8_bf,512,14,39.0137,18445980686323395203
btree8_a64,512,14,24.2065,18445980686323395203
btree8_bl,512,14,9.6069,18445980686323395203
btree16_bl_a64,512,14,16.0309,18445980686323395203
fusion16_w,512,14,41.3925,18445980686323395203
btree8,512,14,24.3408,18445980686323395203
fusion8_c,512,14,37.3138,18445980686323395203
sorted_array,512,14,28.7643,18445980686323395203
fusion8,512,14,39.3280,18445980686323395203
btree8,1024,0,28.1204,13330139387826418850
fusion16_w,1024,0,44.8303,13330139387826418850
btree8_a64,1024,0,30.0812,13330139387826418850
btree8_bl,1024,0,22.7814,13330139387826418850
fusion8_bf,1024,0,50.4227,13330139387826418850
fusion8,1024,0,47.4396,13330139387826418850
btree8_bl_a64,1024,0,21.1075,13330139387826418850
fusion8_c,1024,0,47.8500,13330139387826418850
sorted_array,1024,0,33.7601,13330139387826418850
btree16_bl_a64,1024,0,12.0377,13330139387826418850
btree8,1024,1,29.8050,13330139387826418850
fusion8,1024,1,45.7825,13330139387826418850
fusion8_bf,1024,1,50.2594,13330139387826418850
fusion8_c,1024,1,47.9340,13330139387826418850
fusion16_w,1024,1,44.8303,13330139387826418850
btree8_bl,1024,1,22.8806,13330139387826418850
sorted_array,1024,1,33.8821,13330139387826418850
btree16_bl_a64,1024,1,12.0193,13330139387826418850
btree8_bl_a64,1024,1,21.1899,13330139387826418850
btree8_a64,1024,1,26.0361,13330139387826418850
btree8,1024,2,27.2018,13330139387826418850
fusion8_bf,1024,2,49.7849,13330139387826418850
btree8_a64,1024,2,25.1083,13330139387826418850
btree8_bl,1024,2,22.8943,13330139387826418850
btree16_bl_a64,1024,2,11.6257,13330139387826418850
fusion8_c,1024,2,47.7692,13330139387826418850
fusion16_w,1024,2,45.5399,13330139387826418850
fusion8,1024,2,45.8023,13330139387826418850
sorted_array,1024,2,34.6558,13330139387826418850
btree8_bl_a64,1024,2,21.1945,13330139387826418850
sorted_array,1024,3,34.4910,13330139387826418850
fusion8_c,1024,3,48.0621,13330139387826418850
fusion16_w,1024,3,45.0089,13330139387826418850
btree16_bl_a64,1024,3,11.9537,13330139387826418850
fusion8,1024,3,45.3903,13330139387826418850
btree8_bl_a64,1024,3,21.0938,13330139387826418850
btree8_a64,1024,3,26.7166,13330139387826418850
fusion8_bf,1024,3,49.8703,13330139387826418850
btree8_bl,1024,3,22.8973,13330139387826418850
btree8,1024,3,27.0554,13330139387826418850
btree8_a64,1024,4,26.5610,13330139387826418850
btree8,1024,4,29.4037,13330139387826418850
fusion8_c,1024,4,48.1400,13330139387826418850
btree8_bl,1024,4,22.8165,13330139387826418850
sorted_array,1024,4,33.2809,13330139387826418850
fusion8_bf,1024,4,52.1027,13330139387826418850
btree8_bl_a64,1024,4,21.3303,13330139387826418850
btree16_bl_a64,1024,4,11.9354,13330139387826418850
fusion16_w,1024,4,45.0455,13330139387826418850
fusion8,1024,4,45.8221,13330139387826418850
fusion8,1024,5,45.6772,13330139387826418850
btree16_bl_a64,1024,5,11.7096,13330139387826418850
fusion16_w,1024,5,44.4580,13330139387826418850
btree8_bl,1024,5,22.8104,13330139387826418850
btree8_a64,1024,5,26.7365,13330139387826418850
fusion8_c,1024,5,48.9609,13330139387826418850
btree8,1024,5,28.3249,13330139387826418850
fusion8_bf,1024,5,50.3738,13330139387826418850
btree8_bl_a64,1024,5,21.0815,13330139387826418850
sorted_array,1024,5,34.4498,13330139387826418850
fusion16_w,1024,6,45.4025,13330139387826418850
btree8_bl,1024,6,23.6618,13330139387826418850
fusion8,1024,6,47.7966,13330139387826418850
btree8_a64,1024,6,27.8519,13330139387826418850
btree8,1024,6,29.7058,13330139387826418850
fusion8_c,1024,6,48.3475,13330139387826418850
sorted_array,1024,6,33.6884,13330139387826418850
btree8_bl_a64,1024,6,21.2372,13330139387826418850
btree16_bl_a64,1024,6,11.9476,13330139387826418850
fusion8_bf,1024,6,50.6927,13330139387826418850
sorted_array,1024,7,33.5617,13330139387826418850
fusion8_c,1024,7,48.7885,13330139387826418850
fusion8,1024,7,45.6985,13330139387826418850
btree16_bl_a64,1024,7,12.0239,13330139387826418850
fusion16_w,1024,7,44.8166,13330139387826418850
btree8,1024,7,28.4195,13330139387826418850
btree8_bl_a64,1024,7,21.1929,13330139387826418850
btree8_bl,1024,7,22.9416,13330139387826418850
btree8_a64,1024,7,26.6632,13330139387826418850
fusion8_bf,1024,7,49.8566,13330139387826418850
fusion8,1024,8,45.9564,13330139387826418850
btree8_bl,1024,8,22.9691,13330139387826418850
btree8_bl_a64,1024,8,21.1288,13330139387826418850
fusion8_c,1024,8,48.0591,13330139387826418850
fusion8_bf,1024,8,50.0412,13330139387826418850
btree16_bl_a64,1024,8,11.9110,13330139387826418850
sorted_array,1024,8,33.4885,13330139387826418850
btree8_a64,1024,8,27.4994,13330139387826418850
fusion16_w,1024,8,44.9493,13330139387826418850
btree8,1024,8,27.7344,13330139387826418850
fusion16_w,1024,9,44.7296,13330139387826418850
fusion8,1024,9,45.5917,13330139387826418850
btree8_a64,1024,9,31.5613,13330139387826418850
fusion8_bf,1024,9,50.0824,13330139387826418850
btree16_bl_a64,1024,9,11.7157,13330139387826418850
btree8_bl_a64,1024,9,21.0617,13330139387826418850
btree8_bl,1024,9,22.8683,13330139387826418850
fusion8_c,1024,9,48.1293,13330139387826418850
btree8,1024,9,28.1647,13330139387826418850
sorted_array,1024,9,33.6136,13330139387826418850
fusion8,1024,10,50.7828,13330139387826418850
btree16_bl_a64,1024,10,11.9629,13330139387826418850
fusion8_c,1024,10,47.8867,13330139387826418850
fusion8_bf,1024,10,50.0122,13330139387826418850
fusion16_w,1024,10,45.2133,13330139387826418850
btree8,1024,10,29.3808,13330139387826418850
sorted_array,1024,10,33.6227,13330139387826418850
btree8_bl,1024,10,23.3582,13330139387826418850
btree8_a64,1024,10,25.1099,13330139387826418850
btree8_bl_a64,1024,10,21.1075,13330139387826418850
btree8_bl_a64,1024,11,21.0098,13330139387826418850
sorted_array,1024,11,33.7326,13330139387826418850
btree8,1024,11,33.2336,13330139387826418850
fusion8,1024,11,45.6497,13330139387826418850
fusion8_bf,1024,11,51.0971,13330139387826418850
btree16_bl_a64,1024,11,11.9354,13330139387826418850
fusion16_w,1024,11,44.8624,13330139387826418850
btree8_a64,1024,11,26.1765,13330139387826418850
fusion8_c,1024,11,47.8577,13330139387826418850
btree8_bl,1024,11,22.9385,13330139387826418850
fusion16_w,1024,12,44.6869,13330139387826418850
fusion8,1024,12,45.8206,13330139387826418850
btree16_bl_a64,1024,12,11.7523,13330139387826418850
fusion8_bf,1024,12,49.9329,13330139387826418850
btree8_a64,1024,12,26.8829,13330139387826418850
sorted_array,1024,12,33.5464,13330139387826418850
btree8_bl_a64,1024,12,21.4325,13330139387826418850
btree8_bl,1024,12,23.2910,13330139387826418850
btree8,1024,12,29.3503,13330139387826418850
fusion8_c,1024,12,47.9141,13330139387826418850
btree8_bl,1024,13,22.6547,13330139387826418850
btree8,1024,13,28.5736,13330139387826418850
fusion16_w,1024,13,44.7296,13330139387826418850
sorted_array,1024,13,33.6380,13330139387826418850
btree8_bl_a64,1024,13,21.3165,13330139387826418850
fusion8_bf,1024,13,50.7263,13330139387826418850
btree16_bl_a64,1024,13,11.5997,13330139387826418850
fusion8_c,1024,13,48.0820,13330139387826418850
btree8_a64,1024,13,25.6653,13330139387826418850
fusion8,1024,13,45.4941,13330139387826418850
btree16_bl_a64,1024,14,11.6730,13330139387826418850
fusion8,1024,14,44.9768,13330139387826418850
sorted_array,1024,14,33.3572,13330139387826418850
fusion8_c,1024,14,49.7940,13330139387826418850
btree8,1024,14,26.8509,13330139387826418850
btree8_bl_a64,1024,14,21.1121,13330139387826418850
btree8_bl,1024,14,22.8821,13330139387826418850
fusion16_w,1024,14,45.4269,13330139387826418850
btree8_a64,1024,14,26.5274,13330139387826418850
fusion8_bf,1024,14,50.8774,13330139387826418850
fusion8,2048,0,54.5868,8649855807846794996
fusion16_w,2048,0,49.4003,8649855807846794996
btree8_bl_a64,2048,0,18.4875,8649855807846794996
btree8_bl,2048,0,20.2637,8649855807846794996
fusion8_c,2048,0,51.5549,8649855807846794996
btree16_bl_a64,2048,0,9.2926,8649855807846794996
sorted_array,2048,0,38.2797,8649855807846794996
btree8_a64,2048,0,31.4087,8649855807846794996
btree8,2048,0,31.5125,8649855807846794996
fusion8_bf,2048,0,53.9474,8649855807846794996
fusion8,2048,1,53.6499,8649855807846794996
btree16_bl_a64,2048,1,9.4849,8649855807846794996
sorted_array,2048,1,38.2446,8649855807846794996
btree8_a64,2048,1,30.6396,8649855807846794996
btree8,2048,1,31.5155,8649855807846794996
fusion16_w,2048,1,47.2900,8649855807846794996
fusion8_bf,2048,1,54.2923,8649855807846794996
fusion8_c,2048,1,51.4572,8649855807846794996
btree8_bl,2048,1,20.1553,8649855807846794996
btree8_bl_a64,2048,1,18.1732,8649855807846794996
fusion16_w,2048,2,47.1039,8649855807846794996
btree16_bl_a64,2048,2,9.4055,8649855807846794996
btree8,2048,2,32.8400,8649855807846794996
fusion8_c,2048,2,51.5411,8649855807846794996
sorted_array,2048,2,38.3865,8649855807846794996
btree8_a64,2048,2,30.0003,8649855807846794996
fusion8,2048,2,53.5995,8649855807846794996
fusion8_bf,2048,2,54.3198,8649855807846794996
btree8_bl,2048,2,20.3079,8649855807846794996
btree8_bl_a64,2048,2,18.0435,8649855807846794996
btree8_bl,2048,3,20.0134,8649855807846794996
fusion8_c,2048,3,51.5671,8649855807846794996
sorted_array,2048,3,38.2675,8649855807846794996
btree8_a64,2048,3,29.1504,8649855807846794996
fusion8_bf,2048,3,54.0421,8649855807846794996
btree16_bl_a64,2048,3,9.6085,8649855807846794996
btree8_bl_a64,2048,3,18.5654,8649855807846794996
btree8,2048,3,32.3715,8649855807846794996
fusion16_w,2048,3,47.3358,8649855807846794996
fusion8,2048,3,54.9805,8649855807846794996
btree16_bl_a64,2048,4,9.5795,8649855807846794996
sorted_array,2048,4,39.0625,8649855807846794996
fusion16_w,2048,4,48.2864,8649855807846794996
btree8_bl,2048,4,20.5460,8649855807846794996
btree8_bl_a64,2048,4,18.2617,8649855807846794996
fusion8,2048,4,53.6835,8649855807846794996
btree8_a64,2048,4,31.2775,8649855807846794996
fusion8_bf,2048,4,54.4724,8649855807846794996
btree8,2048,4,32.1640,8649855807846794996
fusion8_c,2048,4,51.6830,8649855807846794996
fusion8,2048,5,53.7674,8649855807846794996
btree8_bl,2048,5,19.9966,8649855807846794996
btree8,2048,5,33.1589,8649855807846794996
fusion8_c,2048,5,51.4954,8649855807846794996
sorted_array,2048,5,38.3286,8649855807846794996
btree8_a64,2048,5,30.7693,8649855807846794996
btree16_bl_a64,2048,5,9.4666,8649855807846794996
btree8_bl_a64,2048,5,18.2022,8649855807846794996
fusion8_bf,2048,5,54.0466,8649855807846794996
fusion16_w,2048,5,47.0993,8649855807846794996
btree8,2048,6,32.8720,8649855807846794996
sorted_array,2048,6,38.2217,8649855807846794996
fusion8,2048,6,57.7988,8649855807846794996
btree8_bl_a64,2048,6,18.5699,8649855807846794996
fusion8_c,2048,6,51.4999,8649855807846794996
fusion8_bf,2048,6,54.0466,8649855807846794996
fusion16_w,2048,6,47.0444,8649855807846794996
btree16_bl_a64,2048,6,9.3613,8649855807846794996
btree8_a64,2048,6,29.6875,8649855807846794996
btree8_bl,2048,6,20.0928,8649855807846794996
fusion8_bf,2048,7,54.1794,8649855807846794996
btree8,2048,7,32.2876,8649855807846794996
btree8_bl,2048,7,20.4254,8649855807846794996
btree16_bl_a64,2048,7,9.4818,8649855807846794996
btree8_bl_a64,2048,7,18.5791,8649855807846794996
fusion8_c,2048,7,51.7654,8649855807846794996
btree8_a64,2048,7,29.1794,8649855807846794996
sorted_array,2048,7,38.2980,8649855807846794996
fusion16_w,2048,7,47.2229,8649855807846794996
fusion8,2048,7,54.0482,8649855807846794996
fusion16_w,2048,8,46.8109,8649855807846794996
btree8,2048,8,32.9941,8649855807846794996
btree8_bl_a64,2048,8,18.4036,8649855807846794996
fusion8_c,2048,8,52.4597,8649855807846794996
btree8_bl,2048,8,20.4956,8649855807846794996
btree8_a64,2048,8,29.8660,8649855807846794996
fusion8_bf,2048,8,53.9246,8649855807846794996
btree16_bl_a64,2048,8,9.4742,8649855807846794996
sorted_array,2048,8,38.2019,8649855807846794996
fusion8,2048,8,56.4636,8649855807846794996
btree8_a64,2048,9,30.9250,8649855807846794996
fusion8,2048,9,53.1998,8649855807846794996
btree8,2048,9,31.6940,8649855807846794996
fusion16_w,2048,9,46.9894,8649855807846794996
btree16_bl_a64,2048,9,9.2575,8649855807846794996
btree8_bl,2048,9,20.2835,8649855807846794996
btree8_bl_a64,2048,9,18.2922,8649855807846794996
fusion8_bf,2048,9,55.1529,8649855807846794996
sorted_array,2048,9,38.2935,8649855807846794996
fusion8_c,2048,9,52.6459,8649855807846794996
btree16_bl_a64,2048,10,9.2712,8649855807846794996
sorted_array,2048,10,38.2202,8649855807846794996
btree8_bl,2048,10,20.3033,8649855807846794996
fusion8_c,2048,10,52.1271,8649855807846794996
fusion8,2048,10,54.4067,8649855807846794996
btree8,2048,10,33.1390,8649855807846794996
fusion16_w,2048,10,48.4665,8649855807846794996
btree8_bl_a64,2048,10,18.2541,8649855807846794996
fusion8_bf,2048,10,53.9810,8649855807846794996
btree8_a64,2048,10,29.4052,8649855807846794996
btree8,2048,11,32.9147,8649855807846794996
btree8_bl_a64,2048,11,18.1458,8649855807846794996
btree8_a64,2048,11,31.0852,8649855807846794996
fusion8_bf,2048,11,54.0634,8649855807846794996
btree8_bl,2048,11,20.0134,8649855807846794996
fusion8_c,2048,11,51.5930,8649855807846794996
fusion16_w,2048,11,47.8836,8649855807846794996
btree16_bl_a64,2048,11,9.5490,8649855807846794996
fusion8,2048,11,54.6051,8649855807846794996
sorted_array,2048,11,38.2858,8649855807846794996
sorted_array,2048,12,38.0188,8649855807846794996
btree16_bl_a64,2048,12,9.4528,8649855807846794996
btree8_bl_a64,2048,12,18.3197,8649855807846794996
fusion8_c,2048,12,51.5411,8649855807846794996
btree8_bl,2048,12,20.4636,8649855807846794996
btree8,2048,12,32.3486,8649855807846794996
fusion8_bf,2048,12,54.1611,8649855807846794996
fusion16_w,2048,12,47.0383,8649855807846794996
btree8_a64,2048,12,31.1569,8649855807846794996
fusion8,2048,12,53.9062,8649855807846794996
fusion16_w,2048,13,49.4171,8649855807846794996
btree8_bl,2048,13,20.3995,8649855807846794996
fusion8,2048,13,53.6835,8649855807846794996
btree16_bl_a64,2048,13,9.4162,8649855807846794996
fusion8_c,2048,13,51.5442,8649855807846794996
btree8_a64,2048,13,28.9520,8649855807846794996
btree8,2048,13,32.5104,8649855807846794996
sorted_array,2048,13,38.9420,8649855807846794996
btree8_bl_a64,2048,13,18.4753,8649855807846794996
fusion8_bf,2048,13,54.1687,8649855807846794996
btree8_bl,2048,14,20.0775,8649855807846794996
btree16_bl_a64,2048,14,9.4315,8649855807846794996
btree8,2048,14,31.3904,8649855807846794996
fusion8_bf,2048,14,53.9612,8649855807846794996
fusion8,2048,14,53.9795,8649855807846794996
btree8_a64,2048,14,30.8594,8649855807846794996
btree8_bl_a64,2048,14,18.1015,8649855807846794996
sorted_array,2048,14,38.2507,8649855807846794996
fusion16_w,2048,14,48.4741,8649855807846794996
fusion8_c,2048,14,52.0248,8649855807846794996
sorted_array,4096,0,42.6254,201817674810245547
btree8,4096,0,37.1140,201817674810245547
fusion8_c,4096,0,53.5202,201817674810245547
fusion8_bf,4096,0,56.3934,201817674810245547
btree8_bl,4096,0,14.7995,201817674810245547
fusion16_w,4096,0,45.5154,201817674810245547
fusion8,4096,0,55.1727,201817674810245547
btree8_bl_a64,4096,0,13.8306,201817674810245547
btree16_bl_a64,4096,0,8.0246,201817674810245547
btree8_a64,4096,0,32.2510,201817674810245547
fusion16_w,4096,1,45.4758,201817674810245547
btree16_bl_a64,4096,1,7.9681,201817674810245547
btree8_bl,4096,1,15.0803,201817674810245547
btree8_bl_a64,4096,1,13.9404,201817674810245547
btree8_a64,4096,1,32.9285,201817674810245547
fusion8_bf,4096,1,56.1295,201817674810245547
sorted_array,4096,1,42.7689,201817674810245547
fusion8_c,4096,1,55.0797,201817674810245547
fusion8,4096,1,55.0613,201817674810245547
btree8,4096,1,38.9145,201817674810245547
btree8_bl,4096,2,14.7049,201817674810245547
fusion8_bf,4096,2,56.2485,201817674810245547
btree8_bl_a64,4096,2,13.8657,201817674810245547
fusion16_w,4096,2,45.8939,201817674810245547
btree8_a64,4096,2,35.2158,201817674810245547
btree8,4096,2,36.5936,201817674810245547
btree16_bl_a64,4096,2,7.9254,201817674810245547
fusion8_c,4096,2,53.5736,201817674810245547
fusion8,4096,2,55.0491,201817674810245547
sorted_array,4096,2,43.1946,201817674810245547
fusion8_c,4096,3,54.0314,201817674810245547
fusion8_bf,4096,3,56.5414,201817674810245547
btree8,4096,3,34.2087,201817674810245547
fusion8,4096,3,55.2429,201817674810245547
btree16_bl_a64,4096,3,8.0002,201817674810245547
btree8_bl,4096,3,15.0253,201817674810245547
sorted_array,4096,3,43.2907,201817674810245547
fusion16_w,4096,3,46.5210,201817674810245547
btree8_a64,4096,3,32.7652,201817674810245547
btree8_bl_a64,4096,3,13.8626,201817674810245547
btree8_bl,4096,4,15.0238,201817674810245547
fusion8_c,4096,4,53.5065,201817674810245547
fusion8,4096,4,54.9469,201817674810245547
btree8_bl_a64,4096,4,13.9999,201817674810245547
btree8,4096,4,35.2066,201817674810245547
sorted_array,4096,4,42.9489,201817674810245547
fusion16_w,4096,4,45.7214,201817674810245547
btree16_bl_a64,4096,4,7.9605,201817674810245547
fusion8_bf,4096,4,56.1981,201817674810245547
btree8_a64,4096,4,32.4280,201817674810245547
btree8_bl_a64,4096,5,13.8504,201817674810245547
btree16_bl_a64,4096,5,8.0292,201817674810245547
fusion8_c,4096,5,54.4922,201817674810245547
btree8,4096,5,34.1827,201817674810245547
fusion16_w,4096,5,45.5566,201817674810245547
btree8_bl,4096,5,14.8773,201817674810245547
sorted_array,4096,5,42.8070,201817674810245547
btree8_a64,4096,5,32.3898,201817674810245547
fusion8,4096,5,56.0471,201817674810245547
fusion8_bf,4096,5,57.7377,201817674810245547
fusion8_bf,4096,6,57.4722,201817674810245547
btree8_bl,4096,6,14.9994,201817674810245547
sorted_array,4096,6,42.6361,201817674810245547
btree8,4096,6,35.8582,201817674810245547
fusion16_w,4096,6,45.4147,201817674810245547
btree16_bl_a64,4096,6,7.9590,201817674810245547
btree8_a64,4096,6,32.1579,201817674810245547
fusion8,4096,6,55.3970,201817674810245547
fusion8_c,4096,6,53.9490,201817674810245547
btree8_bl_a64,4096,6,13.8702,201817674810245547
btree8,4096,7,34.0881,201817674810245547
sorted_array,4096,7,42.7551,201817674810245547
fusion8_c,4096,7,53.5904,201817674810245547
fusion16_w,4096,7,45.4956,201817674810245547
btree8_bl_a64,4096,7,14.0335,201817674810245547
btree8_a64,4096,7,34.5993,201817674810245547
fusion8_bf,4096,7,56.3049,201817674810245547
btree16_bl_a64,4096,7,8.0780,201817674810245547
btree8_bl,4096,7,15.1108,201817674810245547
fusion8,4096,7,55.3635,201817674810245547
btree8,4096,8,38.0234,201817674810245547
btree8_a64,4096,8,33.3008,201817674810245547
fusion8_c,4096,8,53.4180,201817674810245547
sorted_array,4096,8,42.8604,201817674810245547
btree16_bl_a64,4096,8,8.0383,201817674810245547
btree8_bl_a64,4096,8,13.8397,201817674810245547
fusion8_bf,4096,8,56.0486,201817674810245547
fusion16_w,4096,8,45.5048,201817674810245547
btree8_bl,4096,8,14.7522,201817674810245547
fusion8,4096,8,54.9530,201817674810245547
fusion16_w,4096,9,47.9980,201817674810245547
btree8_a64,4096,9,35.7452,201817674810245547
sorted_array,4096,9,43.2129,201817674810245547
btree8_bl_a64,4096,9,13.8901,201817674810245547
btree8,4096,9,34.0988,201817674810245547
fusion8_bf,4096,9,56.2088,201817674810245547
fusion8_c,4096,9,53.9597,201817674810245547
fusion8,4096,9,56.2515,201817674810245547
btree8_bl,4096,9,15.1962,201817674810245547
btree16_bl_a64,4096,9,7.9758,201817674810245547
sorted_array,4096,10,42.7917,201817674810245547
fusion16_w,4096,10,45.6207,201817674810245547
fusion8,4096,10,54.9072,201817674810245547
btree8_bl_a64,4096,10,13.9145,201817674810245547
fusion8_c,4096,10,54.6509,201817674810245547
btree8_a64,4096,10,33.4290,201817674810245547
btree8,4096,10,35.4813,201817674810245547
btree8_bl,4096,10,15.5212,201817674810245547
btree16_bl_a64,4096,10,7.9819,201817674810245547
fusion8_bf,4096,10,56.2210,201817674810245547
btree8_bl,4096,11,14.9094,201817674810245547
btree8_a64,4096,11,34.0668,201817674810245547
fusion8,4096,11,55.9570,201817674810245547
btree8_bl_a64,4096,11,13.8519,201817674810245547
fusion8_c,4096,11,53.4836,201817674810245547
fusion8_bf,4096,11,56.1020,201817674810245547
btree16_bl_a64,4096,11,7.9956,201817674810245547
btree8,4096,11,34.7092,201817674810245547
fusion16_w,4096,11,45.4727,201817674810245547
sorted_array,4096,11,42.5674,201817674810245547
btree8_bl_a64,4096,12,13.9038,201817674810245547
fusion8_c,4096,12,54.1153,201817674810245547
btree8_a64,4096,12,33.0902,201817674810245547
btree16_bl_a64,4096,12,8.0185,201817674810245547
btree8_bl,4096,12,14.8819,201817674810245547
btree8,4096,12,34.8892,201817674810245547
fusion8_bf,4096,12,56.4255,201817674810245547
fusion8,4096,12,55.1224,201817674810245547
fusion16_w,4096,12,46.8002,201817674810245547
sorted_array,4096,12,43.2510,201817674810245547
btree8_a64,4096,13,32.0419,201817674810245547
fusion8,4096,13,55.2353,201817674810245547
btree8_bl,4096,13,14.7034,201817674810245547
sorted_array,4096,13,42.6392,201817674810245547
btree8_bl_a64,4096,13,13.8824,201817674810245547
fusion16_w,4096,13,45.5093,201817674810245547
btree8,4096,13,35.4156,201817674810245547
fusion8_bf,4096,13,56.2958,201817674810245547
btree16_bl_a64,4096,13,8.1650,201817674810245547
fusion8_c,4096,13,54.3243,201817674810245547
btree8_bl_a64,4096,14,14.0442,201817674810245547
fusion8,4096,14,54.8218,201817674810245547
fusion16_w,4096,14,47.9919,201817674810245547
fusion8_c,4096,14,53.7598,201817674810245547
btree8_bl,4096,14,14.8834,201817674810245547
fusion8_bf,4096,14,56.1142,201817674810245547
btree16_bl_a64,4096,14,7.9529,201817674810245547
btree8,4096,14,35.4843,201817674810245547
btree8_a64,4096,14,31.7368,201817674810245547
sorted_array,4096,14,42.7460,201817674810245547
fusion8_bf,8192,0,65.8600,14779494332775015852
fusion8_c,8192,0,61.9507,14779494332775015852
sorted_array,8192,0,48.1445,14779494332775015852
btree8_bl,8192,0,24.2447,14779494332775015852
btree8,8192,0,38.5406,14779494332775015852
btree16_bl_a64,8192,0,24.5071,14779494332775015852
btree8_bl_a64,8192,0,20.9915,14779494332775015852
fusion8,8192,0,61.8561,14779494332775015852
btree8_a64,8192,0,37.6648,14779494332775015852
fusion16_w,8192,0,66.0355,14779494332775015852
fusion8_bf,8192,1,66.5573,14779494332775015852
btree8_a64,8192,1,37.1292,14779494332775015852
fusion8_c,8192,1,62.2757,14779494332775015852
fusion16_w,8192,1,65.2863,14779494332775015852
sorted_array,8192,1,48.2758,14779494332775015852
btree16_bl_a64,8192,1,25.4318,14779494332775015852
btree8_bl_a64,8192,1,22.1268,14779494332775015852
btree8,8192,1,41.4932,14779494332775015852
btree8_bl,8192,1,23.1766,14779494332775015852
fusion8,8192,1,61.7722,14779494332775015852
btree16_bl_a64,8192,2,26.1276,14779494332775015852
btree8_a64,8192,2,36.7996,14779494332775015852
fusion8,8192,2,62.2498,14779494332775015852
sorted_array,8192,2,48.6206,14779494332775015852
fusion8_c,8192,2,62.1460,14779494332775015852
btree8_bl_a64,8192,2,21.1044,14779494332775015852
fusion16_w,8192,2,67.0441,14779494332775015852
fusion8_bf,8192,2,66.1636,14779494332775015852
btree8_bl,8192,2,23.0408,14779494332775015852
btree8,8192,2,40.1230,14779494332775015852
fusion8_bf,8192,3,65.4160,14779494332775015852
btree8,8192,3,38.0020,14779494332775015852
btree16_bl_a64,8192,3,24.1318,14779494332775015852
btree8_a64,8192,3,42.8680,14779494332775015852
btree8_bl,8192,3,23.3627,14779494332775015852
fusion8_c,8192,3,62.7548,14779494332775015852
sorted_array,8192,3,48.1628,14779494332775015852
fusion16_w,8192,3,72.9828,14779494332775015852
fusion8,8192,3,62.8784,14779494332775015852
btree8_bl_a64,8192,3,21.5805,14779494332775015852
btree8_bl,8192,4,23.5001,14779494332775015852
btree8,8192,4,38.5773,14779494332775015852
btree8_a64,8192,4,36.6653,14779494332775015852
sorted_array,8192,4,48.2559,14779494332775015852
btree8_bl_a64,8192,4,22.5403,14779494332775015852
fusion8_c,8192,4,62.6221,14779494332775015852
fusion8_bf,8192,4,65.4312,14779494332775015852
fusion16_w,8192,4,65.3702,14779494332775015852
btree16_bl_a64,8192,4,24.1241,14779494332775015852
fusion8,8192,4,64.1342,14779494332775015852
btree8_bl,8192,5,23.6969,14779494332775015852
btree8_bl_a64,8192,5,22.3587,14779494332775015852
btree8_a64,8192,5,36.6440,14779494332775015852
btree16_bl_a64,8192,5,24.9023,14779494332775015852
sorted_array,8192,5,48.3002,14779494332775015852
fusion16_w,8192,5,73.3475,14779494332775015852
fusion8_c,8192,5,63.8397,14779494332775015852
fusion8_bf,8192,5,65.3809,14779494332775015852
fusion8,8192,5,63.0264,14779494332775015852
btree8,8192,5,42.2546,14779494332775015852
sorted_array,8192,6,48.4238,14779494332775015852
fusion8,8192,6,65.7425,14779494332775015852
fusion8_c,8192,6,62.1399,14779494332775015852
fusion16_w,8192,6,66.5604,14779494332775015852
fusion8_bf,8192,6,67.0731,14779494332775015852
btree8_bl,8192,6,23.2651,14779494332775015852
btree8_a64,8192,6,39.8285,14779494332775015852
btree8,8192,6,37.8677,14779494332775015852
btree16_bl_a64,8192,6,24.5773,14779494332775015852
btree8_bl_a64,8192,6,21.4798,14779494332775015852
btree8_bl_a64,8192,7,21.3272,14779494332775015852
sorted_array,8192,7,48.2330,14779494332775015852
fusion8_bf,8192,7,70.0821,14779494332775015852
btree8,8192,7,40.0131,14779494332775015852
btree16_bl_a64,8192,7,24.1302,14779494332775015852
fusion8,8192,7,62.6434,14779494332775015852
btree8_bl,8192,7,23.3459,14779494332775015852
fusion8_c,8192,7,64.8346,14779494332775015852
btree8_a64,8192,7,36.4243,14779494332775015852
fusion16_w,8192,7,66.8488,14779494332775015852
fusion8,8192,8,62.6648,14779494332775015852
btree16_bl_a64,8192,8,25.0412,14779494332775015852
btree8_a64,8192,8,36.1115,14779494332775015852
fusion16_w,8192,8,67.9474,14779494332775015852
btree8_bl_a64,8192,8,21.3806,14779494332775015852
fusion8_c,8192,8,63.0844,14779494332775015852
fusion8_bf,8192,8,66.7511,14779494332775015852
btree8,8192,8,38.9526,14779494332775015852
btree8_bl,8192,8,22.9492,14779494332775015852
sorted_array,8192,8,48.1140,14779494332775015852
sorted_array,8192,9,48.1247,14779494332775015852
btree8,8192,9,39.9857,14779494332775015852
fusion8_c,8192,9,62.3032,14779494332775015852
fusion8,8192,9,61.7981,14779494332775015852
fusion16_w,8192,9,69.8395,14779494332775015852
btree8_bl,8192,9,26.2421,14779494332775015852
fusion8_bf,8192,9,72.4960,14779494332775015852
btree16_bl_a64,8192,9,24.0417,14779494332775015852
btree8_bl_a64,8192,9,21.0770,14779494332775015852
btree8_a64,8192,9,36.9431,14779494332775015852
fusion16_w,8192,10,65.1047,14779494332775015852
btree16_bl_a64,8192,10,23.9868,14779494332775015852
btree8_a64,8192,10,35.5377,14779494332775015852
fusion8_bf,8192,10,65.2298,14779494332775015852
sorted_array,8192,10,48.1247,14779494332775015852
btree8,8192,10,38.1180,14779494332775015852
fusion8,8192,10,63.5895,14779494332775015852
fusion8_c,8192,10,63.0066,14779494332775015852
btree8_bl,8192,10,23.5275,14779494332775015852
btree8_bl_a64,8192,10,21.4325,14779494332775015852
btree8,8192,11,38.1668,14779494332775015852
fusion8,8192,11,63.2690,14779494332775015852
btree8_a64,8192,11,36.6180,14779494332775015852
fusion8_c,8192,11,62.6312,14779494332775015852
btree16_bl_a64,8192,11,24.7330,14779494332775015852
btree8_bl_a64,8192,11,21.2128,14779494332775015852
btree8_bl,8192,11,23.5947,14779494332775015852
fusion8_bf,8192,11,66.9388,14779494332775015852
sorted_array,8192,11,49.1058,14779494332775015852
fusion16_w,8192,11,67.5919,14779494332775015852
fusion8_c,8192,12,62.4542,14779494332775015852
btree8_bl,8192,12,23.3261,14779494332775015852
fusion8_bf,8192,12,66.6885,14779494332775015852
btree16_bl_a64,8192,12,25.2640,14779494332775015852
sorted_array,8192,12,49.1714,14779494332775015852
fusion8,8192,12,63.0051,14779494332775015852
btree8_a64,8192,12,38.1439,14779494332775015852
fusion16_w,8192,12,65.6845,14779494332775015852
btree8_bl_a64,8192,12,21.2051,14779494332775015852
btree8,8192,12,38.9420,14779494332775015852
btree8_bl,8192,13,23.0667,14779494332775015852
btree8_bl_a64,8192,13,20.9793,14779494332775015852
btree16_bl_a64,8192,13,24.1364,14779494332775015852
btree8,8192,13,38.2843,14779494332775015852
fusion8_bf,8192,13,66.2628,14779494332775015852
fusion16_w,8192,13,65.7700,14779494332775015852
fusion8,8192,13,64.6515,14779494332775015852
sorted_array,8192,13,48.5443,14779494332775015852
btree8_a64,8192,13,36.5601,14779494332775015852
fusion8_c,8192,13,63.1439,14779494332775015852
fusion16_w,8192,14,64.7430,14779494332775015852
fusion8,8192,14,61.5829,14779494332775015852
btree16_bl_a64,8192,14,26.6144,14779494332775015852
btree8_a64,8192,14,36.8118,14779494332775015852
btree8_bl_a64,8192,14,21.2189,14779494332775015852
fusion8_bf,8192,14,65.8615,14779494332775015852
sorted_array,8192,14,48.4116,14779494332775015852
btree8,8192,14,38.0127,14779494332775015852
fusion8_c,8192,14,62.5946,14779494332775015852
btree8_bl,8192,14,23.5626,14779494332775015852
fusion8,16384,0,83.2230,5257893481483210933
btree16_bl_a64,16384,0,22.7448,5257893481483210933
btree8,16384,0,48.9090,5257893481483210933
fusion8_c,16384,0,73.3292,5257893481483210933
btree8_bl,16384,0,30.3345,5257893481483210933
sorted_array,16384,0,55.1285,5257893481483210933
btree8_a64,16384,0,46.7484,5257893481483210933
fusion16_w,16384,0,70.4483,5257893481483210933
fusion8_bf,16384,0,78.4988,5257893481483210933
btree8_bl_a64,16384,0,28.6026,5257893481483210933
fusion8_c,16384,1,72.3373,5257893481483210933
fusion8_bf,16384,1,74.8184,5257893481483210933
btree8_bl,16384,1,28.8940,5257893481483210933
btree16_bl_a64,16384,1,19.9844,5257893481483210933
fusion16_w,16384,1,71.8063,5257893481483210933
btree8_bl_a64,16384,1,26.7761,5257893481483210933
btree8,16384,1,46.0922,5257893481483210933
btree8_a64,16384,1,43.4143,5257893481483210933
sorted_array,16384,1,55.0018,5257893481483210933
fusion8,16384,1,83.1253,5257893481483210933
btree8_bl_a64,16384,2,26.8097,5257893481483210933
sorted_array,16384,2,55.1590,5257893481483210933
fusion8_bf,16384,2,75.0351,5257893481483210933
btree8,16384,2,47.9019,5257893481483210933
fusion8_c,16384,2,73.4909,5257893481483210933
btree8_bl,16384,2,28.8208,5257893481483210933
btree16_bl_a64,16384,2,20.0974,5257893481483210933
fusion16_w,16384,2,70.4788,5257893481483210933
btree8_a64,16384,2,43.4998,5257893481483210933
fusion8,16384,2,79.7241,5257893481483210933
btree16_bl_a64,16384,3,20.1462,5257893481483210933
btree8,16384,3,45.5170,5257893481483210933
fusion16_w,16384,3,70.3568,5257893481483210933
fusion8,16384,3,79.8294,5257893481483210933
btree8_bl_a64,16384,3,28.6758,5257893481483210933
fusion8_c,16384,3,72.9980,5257893481483210933
btree8_a64,16384,3,43.6035,5257893481483210933
sorted_array,16384,3,55.1834,5257893481483210933
fusion8_bf,16384,3,81.5353,5257893481483210933
btree8_bl,16384,3,29.8721,5257893481483210933
btree8_bl,16384,4,28.4317,5257893481483210933
btree8_bl_a64,16384,4,27.5406,5257893481483210933
fusion8_bf,16384,4,75.0000,5257893481483210933
fusion8,16384,4,76.1978,5257893481483210933
fusion16_w,16384,4,74.2432,5257893481483210933
btree8,16384,4,45.3110,5257893481483210933
sorted_array,16384,4,55.3009,5257893481483210933
btree8_a64,16384,4,43.8019,5257893481483210933
btree16_bl_a64,16384,4,19.9326,5257893481483210933
fusion8_c,16384,4,72.6990,5257893481483210933
btree8_bl,16384,5,28.9841,5257893481483210933
btree8_a64,16384,5,42.9489,5257893481483210933
btree8,16384,5,45.6116,5257893481483210933
btree16_bl_a64,16384,5,19.3405,5257893481483210933
fusion16_w,16384,5,71.1807,5257893481483210933
btree8_bl_a64,16384,5,26.7670,5257893481483210933
sorted_array,16384,5,54.9484,5257893481483210933
fusion8_c,16384,5,72.9813,5257893481483210933
fusion8,16384,5,78.1158,5257893481483210933
fusion8_bf,16384,5,75.2502,5257893481483210933
sorted_array,16384,6,55.0323,5257893481483210933
btree16_bl_a64,16384,6,19.8715,5257893481483210933
fusion8,16384,6,77.2049,5257893481483210933
btree8_bl_a64,16384,6,26.8509,5257893481483210933
btree8_a64,16384,6,43.3365,5257893481483210933
fusion16_w,16384,6,72.7722,5257893481483210933
btree8_bl,16384,6,29.9255,5257893481483210933
fusion8_bf,16384,6,76.9775,5257893481483210933
btree8,16384,6,45.3415,5257893481483210933
fusion8_c,16384,6,72.5510,5257893481483210933
fusion16_w,16384,7,70.8603,5257893481483210933
btree8_bl,16384,7,29.3549,5257893481483210933
fusion8_bf,16384,7,75.0000,5257893481483210933
btree16_bl_a64,16384,7,19.7220,5257893481483210933
btree8,16384,7,45.2942,5257893481483210933
btree8_bl_a64,16384,7,26.9638,5257893481483210933
btree8_a64,16384,7,44.1437,5257893481483210933
fusion8_c,16384,7,72.9721,5257893481483210933
fusion8,16384,7,79.1885,5257893481483210933
sorted_array,16384,7,55.5298,5257893481483210933
btree16_bl_a64,16384,8,21.0419,5257893481483210933
btree8_a64,16384,8,43.3319,5257893481483210933
btree8,16384,8,45.7474,5257893481483210933
sorted_array,16384,8,54.9149,5257893481483210933
btree8_bl_a64,16384,8,27.3697,5257893481483210933
fusion8_c,16384,8,73.6801,5257893481483210933
btree8_bl,16384,8,29.0848,5257893481483210933
fusion8,16384,8,76.2497,5257893481483210933
fusion8_bf,16384,8,77.7710,5257893481483210933
fusion16_w,16384,8,71.8796,5257893481483210933
sorted_array,16384,9,55.0552,5257893481483210933
btree8,16384,9,45.3659,5257893481483210933
btree16_bl_a64,16384,9,19.8700,5257893481483210933
fusion8_bf,16384,9,75.5325,5257893481483210933
fusion8,16384,9,79.4250,5257893481483210933
btree8_bl,16384,9,28.9337,5257893481483210933
fusion16_w,16384,9,70.1431,5257893481483210933
btree8_a64,16384,9,47.0047,5257893481483210933
btree8_bl_a64,16384,9,27.4704,5257893481483210933
fusion8_c,16384,9,74.1592,5257893481483210933
btree8,16384,10,45.5261,5257893481483210933
fusion8_bf,16384,10,75.3708,5257893481483210933
fusion8_c,16384,10,72.5510,5257893481483210933
btree8_a64,16384,10,43.0389,5257893481483210933
fusion16_w,16384,10,70.3796,5257893481483210933
fusion8,16384,10,79.1229,5257893481483210933
btree16_bl_a64,16384,10,20.7382,5257893481483210933
btree8_bl,16384,10,29.7134,5257893481483210933
btree8_bl_a64,16384,10,27.7588,5257893481483210933
sorted_array,16384,10,55.4657,5257893481483210933
fusion8,16384,11,77.8748,5257893481483210933
btree8_a64,16384,11,47.0139,5257893481483210933
btree8_bl_a64,16384,11,27.4551,5257893481483210933
fusion8_bf,16384,11,78.5172,5257893481483210933
fusion8_c,16384,11,74.2905,5257893481483210933
btree8,16384,11,46.1319,5257893481483210933
sorted_array,16384,11,55.7037,5257893481483210933
btree16_bl_a64,16384,11,22.0322,5257893481483210933
btree8_bl,16384,11,29.2603,5257893481483210933
fusion16_w,16384,11,73.3597,5257893481483210933
btree8_a64,16384,12,43.6859,5257893481483210933
sorted_array,16384,12,55.1834,5257893481483210933
btree8,16384,12,47.9721,5257893481483210933
btree8_bl,16384,12,28.8223,5257893481483210933
btree8_bl_a64,16384,12,27.0508,5257893481483210933
fusion8_c,16384,12,74.8703,5257893481483210933
fusion8,16384,12,76.8692,5257893481483210933
fusion16_w,16384,12,73.8235,5257893481483210933
btree16_bl_a64,16384,12,21.6019,5257893481483210933
fusion8_bf,16384,12,78.4180,5257893481483210933
btree16_bl_a64,16384,13,19.2505,5257893481483210933
btree8_bl,16384,13,28.9200,5257893481483210933
fusion8_c,16384,13,73.8098,5257893481483210933
btree8,16384,13,45.7275,5257893481483210933
fusion16_w,16384,13,71.2860,5257893481483210933
btree8_bl_a64,16384,13,27.1973,5257893481483210933
btree8_a64,16384,13,43.6172,5257893481483210933
fusion8_bf,16384,13,75.9842,5257893481483210933
fusion8,16384,13,78.7460,5257893481483210933
sorted_array,16384,13,55.7068,5257893481483210933
fusion8_c,16384,14,76.8951,5257893481483210933
sorted_array,16384,14,54.7974,5257893481483210933
btree16_bl_a64,16384,14,20.4681,5257893481483210933
fusion16_w,16384,14,71.2051,5257893481483210933
btree8_a64,16384,14,43.5257,5257893481483210933
btree8,16384,14,46.3654,5257893481483210933
btree8_bl_a64,16384,14,26.7731,5257893481483210933
fusion8,16384,14,76.8799,5257893481483210933
btree8_bl,16384,14,29.8096,5257893481483210933
fusion8_bf,16384,14,76.8570,5257893481483210933
btree8_a64,32768,0,49.0723,8916881238133207675
fusion16_w,32768,0,72.9660,8916881238133207675
sorted_array,32768,0,62.3306,8916881238133207675
btree8,32768,0,51.6556,8916881238133207675
fusion8_bf,32768,0,81.2180,8916881238133207675
fusion8,32768,0,83.5419,8916881238133207675
btree16_bl_a64,32768,0,19.1254,8916881238133207675
btree8_bl,32768,0,23.4329,8916881238133207675
btree8_bl_a64,32768,0,22.0261,8916881238133207675
fusion8_c,32768,0,76.2589,8916881238133207675
btree8_bl,32768,1,21.9666,8916881238133207675
btree8_bl_a64,32768,1,20.5017,8916881238133207675
fusion16_w,32768,1,73.0392,8916881238133207675
fusion8,32768,1,78.0991,8916881238133207675
sorted_array,32768,1,63.5468,8916881238133207675
btree16_bl_a64,32768,1,16.5329,8916881238133207675
fusion8_bf,32768,1,77.6108,8916881238133207675
fusion8_c,32768,1,75.2045,8916881238133207675
btree8_a64,32768,1,46.1609,8916881238133207675
btree8,32768,1,49.3973,8916881238133207675
btree8,32768,2,48.3307,8916881238133207675
fusion8,32768,2,77.8152,8916881238133207675
btree8_bl,32768,2,22.8928,8916881238133207675
btree16_bl_a64,32768,2,16.0034,8916881238133207675
fusion16_w,32768,2,73.0362,8916881238133207675
fusion8_bf,32768,2,78.7201,8916881238133207675
btree8_a64,32768,2,45.7809,8916881238133207675
sorted_array,32768,2,62.8113,8916881238133207675
fusion8_c,32768,2,75.7568,8916881238133207675
btree8_bl_a64,32768,2,20.6253,8916881238133207675
fusion8_c,32768,3,74.3744,8916881238133207675
btree8_bl_a64,32768,3,20.4865,8916881238133207675
btree8_bl,32768,3,22.0001,8916881238133207675
fusion8,32768,3,78.0518,8916881238133207675
sorted_array,32768,3,62.4771,8916881238133207675
btree8_a64,32768,3,46.1517,8916881238133207675
fusion8_bf,32768,3,77.7863,8916881238133207675
btree8,32768,3,48.6130,8916881238133207675
fusion16_w,32768,3,73.6420,8916881238133207675
btree16_bl_a64,32768,3,15.9149,8916881238133207675
fusion8,32768,4,77.6840,8916881238133207675
btree8_bl_a64,32768,4,20.7916,8916881238133207675
fusion8_bf,32768,4,79.4739,8916881238133207675
fusion16_w,32768,4,73.2819,8916881238133207675
btree8_bl,32768,4,21.7972,8916881238133207675
fusion8_c,32768,4,75.5203,8916881238133207675
sorted_array,32768,4,62.3978,8916881238133207675
btree8_a64,32768,4,45.7657,8916881238133207675
btree16_bl_a64,32768,4,15.8615,8916881238133207675
btree8,32768,4,48.3170,8916881238133207675
fusion8_bf,32768,5,78.7674,8916881238133207675
fusion16_w,32768,5,74.1867,8916881238133207675
btree8_bl_a64,32768,5,20.5917,8916881238133207675
btree8_a64,32768,5,45.6665,8916881238133207675
fusion8,32768,5,79.0939,8916881238133207675
fusion8_c,32768,5,75.6775,8916881238133207675
btree8,32768,5,48.8739,8916881238133207675
sorted_array,32768,5,62.2589,8916881238133207675
btree16_bl_a64,32768,5,16.6092,8916881238133207675
btree8_bl,32768,5,23.0499,8916881238133207675
btree8,32768,6,48.6237,8916881238133207675
fusion8_bf,32768,6,78.6957,8916881238133207675
fusion8,32768,6,78.8284,8916881238133207675
btree16_bl_a64,32768,6,16.5283,8916881238133207675
btree8_a64,32768,6,45.6268,8916881238133207675
fusion8_c,32768,6,75.1602,8916881238133207675
fusion16_w,32768,6,74.0097,8916881238133207675
sorted_array,32768,6,63.1226,8916881238133207675
btree8_bl_a64,32768,6,22.0901,8916881238133207675
btree8_bl,32768,6,22.4625,8916881238133207675
fusion8,32768,7,78.6865,8916881238133207675
fusion8_bf,32768,7,79.6478,8916881238133207675
fusion8_c,32768,7,75.8789,8916881238133207675
sorted_array,32768,7,63.1760,8916881238133207675
btree8_bl_a64,32768,7,21.4630,8916881238133207675
btree16_bl_a64,32768,7,16.4490,8916881238133207675
btree8,32768,7,48.3261,8916881238133207675
btree8_bl,32768,7,22.2031,8916881238133207675
fusion16_w,32768,7,73.4009,8916881238133207675
btree8_a64,32768,7,46.2250,8916881238133207675
fusion8_bf,32768,8,78.0106,8916881238133207675
btree16_bl_a64,32768,8,15.7349,8916881238133207675
btree8_bl,32768,8,22.0016,8916881238133207675
fusion8_c,32768,8,75.8942,8916881238133207675
fusion8,32768,8,78.7109,8916881238133207675
btree8,32768,8,51.4496,8916881238133207675
btree8_bl_a64,32768,8,20.5582,8916881238133207675
sorted_array,32768,8,63.5696,8916881238133207675
btree8_a64,32768,8,46.1609,8916881238133207675
fusion16_w,32768,8,73.4375,8916881238133207675
btree8_bl_a64,32768,9,20.2942,8916881238133207675
fusion8,32768,9,79.7043,8916881238133207675
fusion8_bf,32768,9,80.0003,8916881238133207675
btree8_a64,32768,9,46.1578,8916881238133207675
sorted_array,32768,9,62.2314,8916881238133207675
btree8_bl,32768,9,25.4013,8916881238133207675
btree16_bl_a64,32768,9,16.7130,8916881238133207675
fusion16_w,32768,9,74.1684,8916881238133207675
btree8,32768,9,48.9868,8916881238133207675
fusion8_c,32768,9,75.5295,8916881238133207675
fusion8_c,32768,10,75.3723,8916881238133207675
fusion16_w,32768,10,72.8470,8916881238133207675
sorted_array,32768,10,62.7518,8916881238133207675
fusion8_bf,32768,10,83.0933,8916881238133207675
btree16_bl_a64,32768,10,16.1865,8916881238133207675
btree8_bl_a64,32768,10,20.8496,8916881238133207675
fusion8,32768,10,80.2185,8916881238133207675
btree8,32768,10,51.2756,8916881238133207675
btree8_bl,32768,10,22.3877,8916881238133207675
btree8_a64,32768,10,47.3328,8916881238133207675
fusion8_bf,32768,11,78.5156,8916881238133207675
btree16_bl_a64,32768,11,16.1865,8916881238133207675
btree8,32768,11,48.5733,8916881238133207675
btree8_bl,32768,11,22.6318,8916881238133207675
fusion8,32768,11,80.8960,8916881238133207675
btree8_a64,32768,11,45.9259,8916881238133207675
btree8_bl_a64,32768,11,20.9702,8916881238133207675
fusion16_w,32768,11,75.2823,8916881238133207675
fusion8_c,32768,11,75.9705,8916881238133207675
sorted_array,32768,11,62.8113,8916881238133207675
fusion8_c,32768,12,75.1236,8916881238133207675
btree8_bl,32768,12,22.3312,8916881238133207675
btree8_a64,32768,12,45.5780,8916881238133207675
sorted_array,32768,12,62.4588,8916881238133207675
btree8_bl_a64,32768,12,21.5286,8916881238133207675
fusion8,32768,12,77.9800,8916881238133207675
btree16_bl_a64,32768,12,17.6544,8916881238133207675
fusion8_bf,32768,12,77.8091,8916881238133207675
fusion16_w,32768,12,73.4436,8916881238133207675
btree8,32768,12,50.0122,8916881238133207675
sorted_array,32768,13,62.2421,8916881238133207675
fusion8_c,32768,13,75.6866,8916881238133207675
btree8_a64,32768,13,45.9091,8916881238133207675
btree8_bl,32768,13,22.4182,8916881238133207675
fusion16_w,32768,13,75.2243,8916881238133207675
btree8,32768,13,48.1339,8916881238133207675
fusion8_bf,32768,13,77.4857,8916881238133207675
btree8_bl_a64,32768,13,21.0251,8916881238133207675
btree16_bl_a64,32768,13,16.0309,8916881238133207675
fusion8,32768,13,79.5349,8916881238133207675
btree16_bl_a64,32768,14,17.4683,8916881238133207675
fusion8_bf,32768,14,77.7267,8916881238133207675
btree8_bl_a64,32768,14,20.3354,8916881238133207675
fusion8,32768,14,77.6260,8916881238133207675
fusion16_w,32768,14,76.4160,8916881238133207675
btree8_bl,32768,14,23.2376,8916881238133207675
btree8,32768,14,48.2498,8916881238133207675
sorted_array,32768,14,63.9130,8916881238133207675
fusion8_c,32768,14,78.3813,8916881238133207675
btree8_a64,32768,14,46.0907,8916881238133207675
fusion8,65536,0,92.0044,13538052259203909017
fusion8_bf,65536,0,95.1370,13538052259203909017
fusion8_c,65536,0,86.5326,13538052259203909017
btree8_bl_a64,65536,0,25.5142,13538052259203909017
btree8_a64,65536,0,54.8355,13538052259203909017
btree16_bl_a64,65536,0,16.9434,13538052259203909017
fusion16_w,65536,0,72.6746,13538052259203909017
btree8_bl,65536,0,26.5457,13538052259203909017
sorted_array,65536,0,71.7636,13538052259203909017
btree8,65536,0,56.7841,13538052259203909017
btree8_bl_a64,65536,1,24.3896,13538052259203909017
fusion16_w,65536,1,72.1252,13538052259203909017
fusion8_c,65536,1,84.0958,13538052259203909017
fusion8,65536,1,87.1704,13538052259203909017
sorted_array,65536,1,71.9406,13538052259203909017
btree16_bl_a64,65536,1,15.5899,13538052259203909017
btree8,65536,1,53.4515,13538052259203909017
btree8_bl,65536,1,25.1358,13538052259203909017
fusion8_bf,65536,1,88.3804,13538052259203909017
btree8_a64,65536,1,51.2589,13538052259203909017
btree8_a64,65536,2,49.2096,13538052259203909017
sorted_array,65536,2,72.1008,13538052259203909017
btree16_bl_a64,65536,2,15.0299,13538052259203909017
fusion8_c,65536,2,84.0317,13538052259203909017
btree8,65536,2,52.7039,13538052259203909017
btree8_bl,65536,2,24.0829,13538052259203909017
fusion8,65536,2,95.7794,13538052259203909017
fusion16_w,65536,2,75.1663,13538052259203909017
fusion8_bf,65536,2,93.5074,13538052259203909017
btree8_bl_a64,65536,2,27.0584,13538052259203909017
btree8_a64,65536,3,54.1092,13538052259203909017
fusion16_w,65536,3,76.0330,13538052259203909017
fusion8_bf,65536,3,90.8951,13538052259203909017
btree8_bl,65536,3,25.8698,13538052259203909017
sorted_array,65536,3,71.7361,13538052259203909017
fusion8_c,65536,3,89.1479,13538052259203909017
btree8,65536,3,57.1152,13538052259203909017
fusion8,65536,3,92.9077,13538052259203909017
btree8_bl_a64,65536,3,25.4990,13538052259203909017
btree16_bl_a64,65536,3,17.0944,13538052259203909017
fusion8_bf,65536,4,86.3876,13538052259203909017
btree8_a64,65536,4,51.8387,13538052259203909017
btree16_bl_a64,65536,4,15.7883,13538052259203909017
sorted_array,65536,4,71.6415,13538052259203909017
btree8,65536,4,53.7323,13538052259203909017
btree8_bl,65536,4,25.7675,13538052259203909017
fusion8,65536,4,88.8260,13538052259203909017
fusion16_w,65536,4,74.7910,13538052259203909017
btree8_bl_a64,65536,4,24.1470,13538052259203909017
fusion8_c,65536,4,87.1170,13538052259203909017
btree8_bl_a64,65536,5,22.3053,13538052259203909017
sorted_array,65536,5,71.7789,13538052259203909017
fusion8_bf,65536,5,93.6066,13538052259203909017
fusion8_c,65536,5,86.3358,13538052259203909017
btree16_bl_a64,65536,5,17.1753,13538052259203909017
fusion16_w,65536,5,73.8480,13538052259203909017
btree8,65536,5,53.5278,13538052259203909017
btree8_bl,65536,5,24.5880,13538052259203909017
fusion8,65536,5,89.1220,13538052259203909017
btree8_a64,65536,5,53.7872,13538052259203909017
fusion8,65536,6,86.0291,13538052259203909017
fusion8_bf,65536,6,87.9791,13538052259203909017
fusion8_c,65536,6,85.4172,13538052259203909017
btree8_a64,65536,6,51.2802,13538052259203909017
btree16_bl_a64,65536,6,16.2933,13538052259203909017
btree8,65536,6,54.6814,13538052259203909017
fusion16_w,65536,6,75.1572,13538052259203909017
btree8_bl_a64,65536,6,25.3189,13538052259203909017
sorted_array,65536,6,72.5052,13538052259203909017
btree8_bl,65536,6,26.6159,13538052259203909017
btree8_bl,65536,7,23.2117,13538052259203909017
fusion8_bf,65536,7,85.4706,13538052259203909017
sorted_array,65536,7,71.8307,13538052259203909017
fusion8,65536,7,103.8712,13538052259203909017
fusion16_w,65536,7,73.7808,13538052259203909017
btree16_bl_a64,65536,7,15.7074,13538052259203909017
btree8,65536,7,54.0543,13538052259203909017
btree8_a64,65536,7,51.0849,13538052259203909017
btree8_bl_a64,65536,7,24.7894,13538052259203909017
fusion8_c,65536,7,84.6664,13538052259203909017
fusion8_bf,65536,8,84.5383,13538052259203909017
fusion16_w,65536,8,73.4756,13538052259203909017
btree8,65536,8,54.7394,13538052259203909017
btree16_bl_a64,65536,8,15.1031,13538052259203909017
fusion8_c,65536,8,82.1991,13538052259203909017
btree8_bl_a64,65536,8,23.0759,13538052259203909017
sorted_array,65536,8,71.7316,13538052259203909017
btree8_a64,65536,8,50.5310,13538052259203909017
btree8_bl,65536,8,25.7324,13538052259203909017
fusion8,65536,8,88.0981,13538052259203909017
btree8,65536,9,55.6534,13538052259203909017
btree8_bl_a64,65536,9,22.9996,13538052259203909017
btree16_bl_a64,65536,9,14.6973,13538052259203909017
fusion8_bf,65536,9,85.9802,13538052259203909017
btree8_bl,65536,9,23.9975,13538052259203909017
fusion8,65536,9,90.3534,13538052259203909017
btree8_a64,65536,9,52.1942,13538052259203909017
fusion16_w,65536,9,76.7685,13538052259203909017
sorted_array,65536,9,71.5347,13538052259203909017
fusion8_c,65536,9,92.3630,13538052259203909017
btree16_bl_a64,65536,10,16.1148,13538052259203909017
btree8_a64,65536,10,50.2213,13538052259203909017
fusion8,65536,10,88.1714,13538052259203909017
fusion8_c,65536,10,86.7432,13538052259203909017
sorted_array,65536,10,71.5424,13538052259203909017
btree8_bl_a64,65536,10,27.6688,13538052259203909017
btree8,65536,10,58.0551,13538052259203909017
fusion8_bf,65536,10,92.5781,13538052259203909017
fusion16_w,65536,10,74.2279,13538052259203909017
btree8_bl,65536,10,25.7614,13538052259203909017
fusion8,65536,11,87.5870,13538052259203909017
btree8,65536,11,54.6509,13538052259203909017
fusion16_w,65536,11,73.9777,13538052259203909017
btree8_bl,65536,11,23.2895,13538052259203909017
fusion8_c,65536,11,84.0332,13538052259203909017
btree8_bl_a64,65536,11,24.2142,13538052259203909017
btree8_a64,65536,11,50.9293,13538052259203909017
fusion8_bf,65536,11,85.5637,13538052259203909017
btree16_bl_a64,65536,11,15.3503,13538052259203909017
sorted_array,65536,11,71.7026,13538052259203909017
fusion16_w,65536,12,73.6160,13538052259203909017
fusion8_c,65536,12,83.5098,13538052259203909017
btree8_bl_a64,65536,12,23.2590,13538052259203909017
fusion8,65536,12,87.5046,13538052259203909017
fusion8_bf,65536,12,92.8818,13538052259203909017
sorted_array,65536,12,71.6660,13538052259203909017
btree8_bl,65536,12,27.0721,13538052259203909017
btree16_bl_a64,65536,12,16.2064,13538052259203909017
btree8,65536,12,54.4556,13538052259203909017
btree8_a64,65536,12,50.9567,13538052259203909017
btree8_bl_a64,65536,13,22.8882,13538052259203909017
fusion8_bf,65536,13,84.0134,13538052259203909017
btree16_bl_a64,65536,13,14.1953,13538052259203909017
btree8_a64,65536,13,50.6714,13538052259203909017
fusion16_w,65536,13,75.0076,13538052259203909017
fusion8,65536,13,87.9578,13538052259203909017
sorted_array,65536,13,71.6705,13538052259203909017
btree8,65536,13,52.1835,13538052259203909017
btree8_bl,65536,13,24.2188,13538052259203909017
fusion8_c,65536,13,83.2077,13538052259203909017
btree8_bl_a64,65536,14,23.3597,13538052259203909017
btree8_a64,65536,14,51.2207,13538052259203909017
fusion16_w,65536,14,73.9822,13538052259203909017
btree8_bl,65536,14,24.0173,13538052259203909017
fusion8_bf,65536,14,87.6602,13538052259203909017
sorted_array,65536,14,71.7651,13538052259203909017
fusion8_c,65536,14,88.5925,13538052259203909017
btree8,65536,14,52.9907,13538052259203909017
fusion8,65536,14,90.6036,13538052259203909017
btree16_bl_a64,65536,14,15.0482,13538052259203909017
btree8_bl_a64,131072,0,57.1625,18322359750267561758
btree8,131072,0,88.9008,18322359750267561758
fusion8_bf,131072,0,153.9276,18322359750267561758
fusion16_w,131072,0,140.1382,18322359750267561758
fusion8,131072,0,165.0330,18322359750267561758
btree16_bl_a64,131072,0,57.9453,18322359750267561758
btree8_a64,131072,0,90.8295,18322359750267561758
sorted_array,131072,0,82.9254,18322359750267561758
fusion8_c,131072,0,144.6716,18322359750267561758
btree8_bl,131072,0,54.9774,18322359750267561758
fusion8_c,131072,1,113.1638,18322359750267561758
fusion8,131072,1,156.1569,18322359750267561758
sorted_array,131072,1,83.7448,18322359750267561758
btree8_a64,131072,1,87.3749,18322359750267561758
fusion8_bf,131072,1,161.4914,18322359750267561758
btree8_bl,131072,1,55.9296,18322359750267561758
btree8,131072,1,88.2599,18322359750267561758
btree16_bl_a64,131072,1,57.7454,18322359750267561758
fusion16_w,131072,1,163.1134,18322359750267561758
btree8_bl_a64,131072,1,54.9393,18322359750267561758
btree8,131072,2,86.7020,18322359750267561758
sorted_array,131072,2,83.1238,18322359750267561758
fusion8_c,131072,2,143.1152,18322359750267561758
btree16_bl_a64,131072,2,63.6322,18322359750267561758
fusion8,131072,2,163.7085,18322359750267561758
fusion16_w,131072,2,133.5495,18322359750267561758
btree8_a64,131072,2,90.4205,18322359750267561758
btree8_bl_a64,131072,2,52.6840,18322359750267561758
fusion8_bf,131072,2,153.6713,18322359750267561758
btree8_bl,131072,2,56.4728,18322359750267561758
fusion8,131072,3,156.1874,18322359750267561758
btree8_bl,131072,3,48.2040,18322359750267561758
btree16_bl_a64,131072,3,58.5449,18322359750267561758
fusion8_bf,131072,3,154.6890,18322359750267561758
sorted_array,131072,3,82.6355,18322359750267561758
btree8,131072,3,86.7706,18322359750267561758
fusion8_c,131072,3,138.4506,18322359750267561758
btree8_a64,131072,3,91.2613,18322359750267561758
btree8_bl_a64,131072,3,53.0258,18322359750267561758
fusion16_w,131072,3,139.1266,18322359750267561758
btree16_bl_a64,131072,4,63.3270,18322359750267561758
fusion8_bf,131072,4,156.0455,18322359750267561758
btree8,131072,4,89.1525,18322359750267561758
fusion8_c,131072,4,140.1154,18322359750267561758
fusion8,131072,4,161.2442,18322359750267561758
btree8_bl_a64,131072,4,54.5441,18322359750267561758
sorted_array,131072,4,82.4829,18322359750267561758
btree8_bl,131072,4,56.5857,18322359750267561758
fusion16_w,131072,4,139.5889,18322359750267561758
btree8_a64,131072,4,90.2191,18322359750267561758
fusion8_bf,131072,5,156.9473,18322359750267561758
fusion8_c,131072,5,142.0105,18322359750267561758
fusion16_w,131072,5,138.4140,18322359750267561758
btree16_bl_a64,131072,5,66.8350,18322359750267561758
btree8_a64,131072,5,88.8504,18322359750267561758
btree8_bl_a64,131072,5,55.0354,18322359750267561758
fusion8,131072,5,160.7391,18322359750267561758
btree8,131072,5,89.1525,18322359750267561758
btree8_bl,131072,5,55.8289,18322359750267561758
sorted_array,131072,5,82.4310,18322359750267561758
btree16_bl_a64,131072,6,67.3477,18322359750267561758
fusion8_c,131072,6,140.6662,18322359750267561758
btree8_bl_a64,131072,6,54.9957,18322359750267561758
sorted_array,131072,6,82.5699,18322359750267561758
btree8_bl,131072,6,52.0096,18322359750267561758
btree8,131072,6,86.0779,18322359750267561758
btree8_a64,131072,6,90.0345,18322359750267561758
fusion16_w,131072,6,139.1663,18322359750267561758
fusion8_bf,131072,6,161.2381,18322359750267561758
fusion8,131072,6,161.5845,18322359750267561758
btree8_a64,131072,7,86.9751,18322359750267561758
fusion8_bf,131072,7,144.8807,18322359750267561758
fusion8,131072,7,148.2300,18322359750267561758
btree8_bl,131072,7,56.3843,18322359750267561758
btree8_bl_a64,131072,7,54.6432,18322359750267561758
btree16_bl_a64,131072,7,57.9330,18322359750267561758
fusion8_c,131072,7,140.1184,18322359750267561758
btree8,131072,7,88.9847,18322359750267561758
fusion16_w,131072,7,136.6241,18322359750267561758
sorted_array,131072,7,82.7499,18322359750267561758
fusion8_c,131072,8,133.6609,18322359750267561758
btree16_bl_a64,131072,8,61.0489,18322359750267561758
btree8_bl_a64,131072,8,53.7354,18322359750267561758
fusion8_bf,131072,8,155.3070,18322359750267561758
fusion16_w,131072,8,140.9286,18322359750267561758
btree8_bl,131072,8,55.4245,18322359750267561758
btree8_a64,131072,8,90.5563,18322359750267561758
btree8,131072,8,87.6404,18322359750267561758
fusion8,131072,8,158.3145,18322359750267561758
sorted_array,131072,8,83.3374,18322359750267561758
fusion8,131072,9,118.9667,18322359750267561758
fusion16_w,131072,9,134.3597,18322359750267561758
sorted_array,131072,9,82.8827,18322359750267561758
btree8_bl_a64,131072,9,59.6405,18322359750267561758
btree16_bl_a64,131072,9,58.4442,18322359750267561758
fusion8_bf,131072,9,153.3844,18322359750267561758
btree8_a64,131072,9,92.0578,18322359750267561758
btree8_bl,131072,9,55.2551,18322359750267561758
btree8,131072,9,88.2614,18322359750267561758
fusion8_c,131072,9,137.6251,18322359750267561758
fusion8,131072,10,162.3367,18322359750267561758
sorted_array,131072,10,83.9401,18322359750267561758
fusion8_bf,131072,10,165.6570,18322359750267561758
btree8,131072,10,83.1909,18322359750267561758
fusion8_c,131072,10,136.0001,18322359750267561758
btree16_bl_a64,131072,10,66.5665,18322359750267561758
fusion16_w,131072,10,142.0792,18322359750267561758
btree8_bl_a64,131072,10,54.3884,18322359750267561758
btree8_bl,131072,10,55.1056,18322359750267561758
btree8_a64,131072,10,89.6133,18322359750267561758
btree8_a64,131072,11,67.4988,18322359750267561758
btree8_bl_a64,131072,11,46.3440,18322359750267561758
fusion8,131072,11,166.9098,18322359750267561758
btree8_bl,131072,11,53.6407,18322359750267561758
fusion8_c,131072,11,141.6214,18322359750267561758
fusion16_w,131072,11,136.4029,18322359750267561758
sorted_array,131072,11,83.7723,18322359750267561758
btree16_bl_a64,131072,11,57.5043,18322359750267561758
fusion8_bf,131072,11,158.7952,18322359750267561758
btree8,131072,11,88.7863,18322359750267561758
fusion8_bf,131072,12,128.4332,18322359750267561758
fusion8,131072,12,156.9504,18322359750267561758
btree16_bl_a64,131072,12,60.2463,18322359750267561758
btree8_bl_a64,131072,12,54.0115,18322359750267561758
sorted_array,131072,12,82.8384,18322359750267561758
fusion16_w,131072,12,153.6407,18322359750267561758
fusion8_c,131072,12,142.9626,18322359750267561758
btree8_a64,131072,12,90.7501,18322359750267561758
btree8,131072,12,88.9252,18322359750267561758
btree8_bl,131072,12,55.2353,18322359750267561758
sorted_array,131072,13,83.4503,18322359750267561758
btree8,131072,13,71.2677,18322359750267561758
fusion8,131072,13,157.8506,18322359750267561758
btree8_a64,131072,13,84.1995,18322359750267561758
fusion8_c,131072,13,137.3795,18322359750267561758
fusion8_bf,131072,13,162.5244,18322359750267561758
btree8_bl,131072,13,55.2780,18322359750267561758
btree16_bl_a64,131072,13,57.5470,18322359750267561758
btree8_bl_a64,131072,13,53.3859,18322359750267561758
fusion16_w,131072,13,138.4537,18322359750267561758
fusion8_c,131072,14,139.7385,18322359750267561758
btree8_a64,131072,14,90.2390,18322359750267561758
btree8,131072,14,89.6637,18322359750267561758
fusion16_w,131072,14,135.5026,18322359750267561758
btree8_bl_a64,131072,14,53.7949,18322359750267561758
fusion8,131072,14,162.3566,18322359750267561758
fusion8_bf,131072,14,155.2734,18322359750267561758
btree16_bl_a64,131072,14,57.9895,18322359750267561758
btree8_bl,131072,14,55.2856,18322359750267561758
sorted_array,131072,14,82.9987,18322359750267561758
btree16_bl_a64,262144,0,61.3220,10037066851814254848
btree8_bl,262144,0,46.8155,10037066851814254848
btree8_bl_a64,262144,0,46.3058,10037066851814254848
btree8,262144,0,94.1315,10037066851814254848
fusion8_c,262144,0,147.6013,10037066851814254848
fusion8_bf,262144,0,166.6733,10037066851814254848
fusion8,262144,0,171.6141,10037066851814254848
sorted_array,262144,0,92.7078,10037066851814254848
btree8_a64,262144,0,96.4264,10037066851814254848
fusion16_w,262144,0,161.7706,10037066851814254848
sorted_array,262144,1,94.3466,10037066851814254848
fusion16_w,262144,1,129.2374,10037066851814254848
fusion8_c,262144,1,146.1853,10037066851814254848
btree8,262144,1,93.9102,10037066851814254848
btree8_a64,262144,1,94.9127,10037066851814254848
btree8_bl,262144,1,47.1039,10037066851814254848
fusion8_bf,262144,1,166.8289,10037066851814254848
btree8_bl_a64,262144,1,46.3745,10037066851814254848
btree16_bl_a64,262144,1,59.9518,10037066851814254848
fusion8,262144,1,166.5024,10037066851814254848
fusion8_c,262144,2,150.6882,10037066851814254848
fusion16_w,262144,2,190.2847,10037066851814254848
btree8,262144,2,94.7205,10037066851814254848
btree8_bl,262144,2,46.5530,10037066851814254848
sorted_array,262144,2,93.2846,10037066851814254848
btree8_a64,262144,2,95.9915,10037066851814254848
fusion8,262144,2,169.5709,10037066851814254848
btree8_bl_a64,262144,2,45.9671,10037066851814254848
btree16_bl_a64,262144,2,59.7183,10037066851814254848
fusion8_bf,262144,2,166.7313,10037066851814254848
btree8_bl_a64,262144,3,43.7057,10037066851814254848
btree8_a64,262144,3,95.4071,10037066851814254848
fusion8_bf,262144,3,145.9427,10037066851814254848
sorted_array,262144,3,92.9672,10037066851814254848
fusion8_c,262144,3,145.7367,10037066851814254848
fusion8,262144,3,169.8654,10037066851814254848
btree8,262144,3,91.5207,10037066851814254848
btree16_bl_a64,262144,3,59.9716,10037066851814254848
btree8_bl,262144,3,46.6858,10037066851814254848
fusion16_w,262144,3,161.6730,10037066851814254848
btree8,262144,4,92.9138,10037066851814254848
btree8_a64,262144,4,95.9229,10037066851814254848
btree8_bl_a64,262144,4,45.2728,10037066851814254848
btree16_bl_a64,262144,4,60.0006,10037066851814254848
fusion8_bf,262144,4,164.2807,10037066851814254848
sorted_array,262144,4,93.3441,10037066851814254848
btree8_bl,262144,4,47.7737,10037066851814254848
fusion8,262144,4,167.2165,10037066851814254848
fusion16_w,262144,4,162.3764,10037066851814254848
fusion8_c,262144,4,150.0671,10037066851814254848
fusion16_w,262144,5,138.7741,10037066851814254848
fusion8_bf,262144,5,175.7599,10037066851814254848
btree8_a64,262144,5,94.0033,10037066851814254848
fusion8_c,262144,5,148.1186,10037066851814254848
btree16_bl_a64,262144,5,59.7443,10037066851814254848
fusion8,262144,5,167.9764,10037066851814254848
btree8_bl_a64,262144,5,46.6537,10037066851814254848
btree8_bl,262144,5,47.3877,10037066851814254848
sorted_array,262144,5,93.1946,10037066851814254848
btree8,262144,5,91.1255,10037066851814254848
fusion8_c,262144,6,146.8781,10037066851814254848
btree8_bl_a64,262144,6,45.1843,10037066851814254848
btree16_bl_a64,262144,6,60.0128,10037066851814254848
btree8_bl,262144,6,45.7962,10037066851814254848
btree8,262144,6,90.2603,10037066851814254848
fusion8,262144,6,166.5085,10037066851814254848
fusion8_bf,262144,6,172.6273,10037066851814254848
fusion16_w,262144,6,191.9952,10037066851814254848
sorted_array,262144,6,92.8131,10037066851814254848
btree8_a64,262144,6,96.4355,10037066851814254848
btree8_bl_a64,262144,7,45.5627,10037066851814254848
fusion8,262144,7,166.2415,10037066851814254848
fusion8_c,262144,7,150.9430,10037066851814254848
fusion16_w,262144,7,194.0628,10037066851814254848
btree8,262144,7,93.0115,10037066851814254848
sorted_array,262144,7,92.7673,10037066851814254848
btree16_bl_a64,262144,7,63.4888,10037066851814254848
fusion8_bf,262144,7,165.6494,10037066851814254848
btree8_bl,262144,7,46.6431,10037066851814254848
btree8_a64,262144,7,95.5292,10037066851814254848
sorted_array,262144,8,92.6483,10037066851814254848
btree8_a64,262144,8,71.6507,10037066851814254848
btree16_bl_a64,262144,8,59.0698,10037066851814254848
btree8,262144,8,94.4595,10037066851814254848
fusion8,262144,8,167.4210,10037066851814254848
btree8_bl_a64,262144,8,48.9288,10037066851814254848
fusion8_c,262144,8,145.4468,10037066851814254848
fusion16_w,262144,8,175.4959,10037066851814254848
fusion8_bf,262144,8,169.3787,10037066851814254848
btree8_bl,262144,8,47.7676,10037066851814254848
btree8,262144,9,93.0954,10037066851814254848
btree8_bl,262144,9,35.3302,10037066851814254848
btree8_bl_a64,262144,9,46.1792,10037066851814254848
fusion16_w,262144,9,168.8126,10037066851814254848
fusion8_c,262144,9,149.3317,10037066851814254848
btree8_a64,262144,9,94.9570,10037066851814254848
fusion8_bf,262144,9,166.7328,10037066851814254848
sorted_array,262144,9,92.6544,10037066851814254848
fusion8,262144,9,171.4401,10037066851814254848
btree16_bl_a64,262144,9,61.1557,10037066851814254848
fusion8,262144,10,138.6414,10037066851814254848
sorted_array,262144,10,92.9474,10037066851814254848
btree8_a64,262144,10,94.6747,10037066851814254848
btree8_bl,262144,10,48.1308,10037066851814254848
btree8,262144,10,93.7439,10037066851814254848
btree8_bl_a64,262144,10,46.2418,10037066851814254848
btree16_bl_a64,262144,10,60.1181,10037066851814254848
fusion16_w,262144,10,164.0457,10037066851814254848
fusion8_c,262144,10,148.2788,10037066851814254848
fusion8_bf,262144,10,172.6929,10037066851814254848
btree8_bl,262144,11,46.9879,10037066851814254848
btree16_bl_a64,262144,11,59.8297,10037066851814254848
fusion8_bf,262144,11,153.1723,10037066851814254848
sorted_array,262144,11,92.8452,10037066851814254848
fusion16_w,262144,11,172.8531,10037066851814254848
btree8_a64,262144,11,96.1502,10037066851814254848
btree8_bl_a64,262144,11,46.3684,10037066851814254848
fusion8_c,262144,11,148.3627,10037066851814254848
btree8,262144,11,94.5053,10037066851814254848
fusion8,262144,11,167.2882,10037066851814254848
btree8_bl_a64,262144,12,48.5107,10037066851814254848
fusion8_bf,262144,12,166.0385,10037066851814254848
fusion8,262144,12,149.0494,10037066851814254848
btree16_bl_a64,262144,12,62.2543,10037066851814254848
btree8,262144,12,94.3649,10037066851814254848
fusion8_c,262144,12,151.0330,10037066851814254848
btree8_bl,262144,12,47.2000,10037066851814254848
sorted_array,262144,12,93.8110,10037066851814254848
btree8_a64,262144,12,95.5475,10037066851814254848
fusion16_w,262144,12,171.3516,10037066851814254848
fusion8,262144,13,169.8334,10037066851814254848
btree8_a64,262144,13,89.1724,10037066851814254848
btree16_bl_a64,262144,13,60.1379,10037066851814254848
fusion8_c,262144,13,145.7382,10037066851814254848
btree8_bl_a64,262144,13,49.6841,10037066851814254848
sorted_array,262144,13,94.0781,10037066851814254848
fusion16_w,262144,13,164.7507,10037066851814254848
btree8,262144,13,95.5200,10037066851814254848
btree8_bl,262144,13,45.9885,10037066851814254848
fusion8_bf,262144,13,181.2531,10037066851814254848
btree8_a64,262144,14,95.7077,10037066851814254848
sorted_array,262144,14,92.7658,10037066851814254848
fusion8_c,262144,14,152.0966,10037066851814254848
btree8_bl_a64,262144,14,48.5062,10037066851814254848
btree16_bl_a64,262144,14,59.7778,10037066851814254848
fusion16_w,262144,14,164.5569,10037066851814254848
fusion8_bf,262144,14,169.6136,10037066851814254848
btree8_bl,262144,14,46.2753,10037066851814254848
fusion8,262144,14,167.1967,10037066851814254848
btree8,262144,14,94.2902,10037066851814254848
sorted_array,524288,0,118.9804,12494368574949970434
fusion8_c,524288,0,135.4065,12494368574949970434
btree8_bl,524288,0,42.0319,12494368574949970434
btree8_a64,524288,0,98.5870,12494368574949970434
fusion8_bf,524288,0,165.9866,12494368574949970434
fusion8,524288,0,169.2368,12494368574949970434
btree8,524288,0,96.4966,12494368574949970434
btree8_bl_a64,524288,0,42.2287,12494368574949970434
btree16_bl_a64,524288,0,55.6946,12494368574949970434
fusion16_w,524288,0,175.2274,12494368574949970434
btree8,524288,1,94.7754,12494368574949970434
fusion8_bf,524288,1,167.4744,12494368574949970434
btree8_bl_a64,524288,1,42.5766,12494368574949970434
sorted_array,524288,1,119.5404,12494368574949970434
btree8_bl,524288,1,42.0792,12494368574949970434
btree8_a64,524288,1,97.5281,12494368574949970434
fusion16_w,524288,1,177.0599,12494368574949970434
fusion8_c,524288,1,148.2162,12494368574949970434
fusion8,524288,1,169.7464,12494368574949970434
btree16_bl_a64,524288,1,58.6441,12494368574949970434
btree8_bl,524288,2,41.9815,12494368574949970434
btree8,524288,2,96.3272,12494368574949970434
fusion8,524288,2,161.3190,12494368574949970434
btree8_a64,524288,2,98.3704,12494368574949970434
btree16_bl_a64,524288,2,56.4529,12494368574949970434
fusion8_c,524288,2,146.6705,12494368574949970434
btree8_bl_a64,524288,2,42.7261,12494368574949970434
fusion8_bf,524288,2,167.6849,12494368574949970434
fusion16_w,524288,2,183.0811,12494368574949970434
sorted_array,524288,2,118.2144,12494368574949970434
sorted_array,524288,3,117.0563,12494368574949970434
btree8_a64,524288,3,98.2849,12494368574949970434
btree16_bl_a64,524288,3,55.9540,12494368574949970434
fusion8_c,524288,3,147.8394,12494368574949970434
btree8,524288,3,96.5546,12494368574949970434
fusion8,524288,3,168.9468,12494368574949970434
btree8_bl_a64,524288,3,42.8940,12494368574949970434
btree8_bl,524288,3,42.0654,12494368574949970434
fusion16_w,524288,3,173.8144,12494368574949970434
fusion8_bf,524288,3,167.1387,12494368574949970434
btree8_a64,524288,4,96.8124,12494368574949970434
btree8_bl_a64,524288,4,41.8335,12494368574949970434
btree16_bl_a64,524288,4,56.8726,12494368574949970434
sorted_array,524288,4,118.6691,12494368574949970434
btree8_bl,524288,4,43.2755,12494368574949970434
fusion8,524288,4,167.7444,12494368574949970434
fusion8_bf,524288,4,164.3585,12494368574949970434
btree8,524288,4,96.5515,12494368574949970434
fusion16_w,524288,4,172.9095,12494368574949970434
fusion8_c,524288,4,150.1160,12494368574949970434
btree8_bl,524288,5,43.2358,12494368574949970434
btree8_bl_a64,524288,5,42.3477,12494368574949970434
btree16_bl_a64,524288,5,55.7098,12494368574949970434
fusion8_c,524288,5,141.7053,12494368574949970434
fusion16_w,524288,5,173.5764,12494368574949970434
btree8,524288,5,96.8796,12494368574949970434
fusion8,524288,5,165.1352,12494368574949970434
sorted_array,524288,5,120.3125,12494368574949970434
fusion8_bf,524288,5,166.6077,12494368574949970434
btree8_a64,524288,5,97.4747,12494368574949970434
btree16_bl_a64,524288,6,55.5695,12494368574949970434
sorted_array,524288,6,120.1736,12494368574949970434
btree8_bl_a64,524288,6,43.4799,12494368574949970434
fusion8,524288,6,164.3982,12494368574949970434
fusion8_bf,524288,6,170.1370,12494368574949970434
btree8,524288,6,95.8679,12494368574949970434
fusion16_w,524288,6,176.7578,12494368574949970434
btree8_a64,524288,6,98.2803,12494368574949970434
btree8_bl,524288,6,42.2287,12494368574949970434
fusion8_c,524288,6,148.1522,12494368574949970434
fusion8,524288,7,165.2725,12494368574949970434
sorted_array,524288,7,119.2719,12494368574949970434
fusion16_w,524288,7,170.4224,12494368574949970434
fusion8_bf,524288,7,167.9535,12494368574949970434
btree16_bl_a64,524288,7,57.6004,12494368574949970434
btree8_bl,524288,7,42.1112,12494368574949970434
btree8_bl_a64,524288,7,42.1738,12494368574949970434
btree8_a64,524288,7,96.2646,12494368574949970434
btree8,524288,7,98.9639,12494368574949970434
fusion8_c,524288,7,144.6045,12494368574949970434
fusion8_bf,524288,8,169.4809,12494368574949970434
fusion8_c,524288,8,121.4737,12494368574949970434
fusion16_w,524288,8,177.0386,12494368574949970434
btree16_bl_a64,524288,8,55.8899,12494368574949970434
sorted_array,524288,8,120.3293,12494368574949970434
btree8,524288,8,94.9295,12494368574949970434
btree8_bl_a64,524288,8,42.0334,12494368574949970434
btree8_bl,524288,8,42.1799,12494368574949970434
fusion8,524288,8,167.9504,12494368574949970434
btree8_a64,524288,8,97.7112,12494368574949970434
sorted_array,524288,9,118.2236,12494368574949970434
fusion8_bf,524288,9,173.8007,12494368574949970434
fusion8,524288,9,156.5842,12494368574949970434
fusion8_c,524288,9,182.3792,12494368574949970434
btree8_bl_a64,524288,9,44.6747,12494368574949970434
btree16_bl_a64,524288,9,55.9952,12494368574949970434
btree8,524288,9,96.2769,12494368574949970434
btree8_bl,524288,9,42.2623,12494368574949970434
fusion16_w,524288,9,175.2029,12494368574949970434
btree8_a64,524288,9,98.0011,12494368574949970434
btree8_a64,524288,10,71.8964,12494368574949970434
fusion16_w,524288,10,155.1697,12494368574949970434
fusion8_bf,524288,10,169.2291,12494368574949970434
fusion8,524288,10,170.2240,12494368574949970434
btree8,524288,10,93.7943,12494368574949970434
btree16_bl_a64,524288,10,55.7709,12494368574949970434
btree8_bl,524288,10,43.2785,12494368574949970434
btree8_bl_a64,524288,10,42.4820,12494368574949970434
sorted_array,524288,10,118.2251,12494368574949970434
fusion8_c,524288,10,153.7781,12494368574949970434
fusion8_bf,524288,11,167.5613,12494368574949970434
btree8,524288,11,96.5729,12494368574949970434
fusion8,524288,11,166.9830,12494368574949970434
btree8_a64,524288,11,98.2758,12494368574949970434
btree16_bl_a64,524288,11,55.3513,12494368574949970434
fusion8_c,524288,11,149.1623,12494368574949970434
btree8_bl,524288,11,42.6071,12494368574949970434
fusion16_w,524288,11,173.6588,12494368574949970434
btree8_bl_a64,524288,11,42.1387,12494368574949970434
sorted_array,524288,11,118.7912,12494368574949970434
fusion16_w,524288,12,152.0782,12494368574949970434
btree16_bl_a64,524288,12,55.3787,12494368574949970434
btree8_bl,524288,12,42.3187,12494368574949970434
sorted_array,524288,12,119.9097,12494368574949970434
fusion8_c,524288,12,145.4697,12494368574949970434
btree8,524288,12,96.6507,12494368574949970434
fusion8,524288,12,169.7174,12494368574949970434
fusion8_bf,524288,12,168.4891,12494368574949970434
btree8_bl_a64,524288,12,42.9276,12494368574949970434
btree8_a64,524288,12,97.1420,12494368574949970434
btree8_bl_a64,524288,13,30.1743,12494368574949970434
btree8,524288,13,95.4376,12494368574949970434
fusion16_w,524288,13,172.6669,12494368574949970434
btree16_bl_a64,524288,13,55.7999,12494368574949970434
btree8_bl,524288,13,42.0990,12494368574949970434
btree8_a64,524288,13,97.0139,12494368574949970434
fusion8_c,524288,13,149.2706,12494368574949970434
fusion8_bf,524288,13,167.4164,12494368574949970434
fusion8,524288,13,172.1237,12494368574949970434
sorted_array,524288,13,118.1808,12494368574949970434
fusion8_bf,524288,14,154.1504,12494368574949970434
btree16_bl_a64,524288,14,55.6824,12494368574949970434
fusion16_w,524288,14,181.1768,12494368574949970434
fusion8_c,524288,14,148.0194,12494368574949970434
sorted_array,524288,14,119.6594,12494368574949970434
fusion8,524288,14,169.7205,12494368574949970434
btree8_bl,524288,14,42.3767,12494368574949970434
btree8_a64,524288,14,96.7468,12494368574949970434
btree8,524288,14,98.2910,12494368574949970434
btree8_bl_a64,524288,14,42.2714,12494368574949970434
btree8_bl,1048576,0,108.1116,16362192324183350314
fusion16_w,1048576,0,165.0314,16362192324183350314
fusion8_bf,1048576,0,342.6697,16362192324183350314
btree16_bl_a64,1048576,0,54.7943,16362192324183350314
fusion8_c,1048576,0,297.6746,16362192324183350314
btree8,1048576,0,231.6666,16362192324183350314
btree8_a64,1048576,0,236.5952,16362192324183350314
fusion8,1048576,0,341.3834,16362192324183350314
sorted_array,1048576,0,165.4526,16362192324183350314
btree8_bl_a64,1048576,0,108.9111,16362192324183350314
sorted_array,1048576,1,163.2828,16362192324183350314
btree8_bl,1048576,1,103.0991,16362192324183350314
fusion8,1048576,1,325.8453,16362192324183350314
btree8_a64,1048576,1,237.4222,16362192324183350314
btree8,1048576,1,232.8201,16362192324183350314
btree8_bl_a64,1048576,1,96.3333,16362192324183350314
fusion8_bf,1048576,1,315.5457,16362192324183350314
btree16_bl_a64,1048576,1,53.9001,16362192324183350314
fusion16_w,1048576,1,179.8676,16362192324183350314
fusion8_c,1048576,1,308.1528,16362192324183350314
fusion8,1048576,2,334.9289,16362192324183350314
btree16_bl_a64,1048576,2,55.0323,16362192324183350314
btree8,1048576,2,231.5308,16362192324183350314
fusion8_bf,1048576,2,331.9382,16362192324183350314
btree8_bl,1048576,2,103.1387,16362192324183350314
btree8_bl_a64,1048576,2,97.9416,16362192324183350314
fusion8_c,1048576,2,304.3213,16362192324183350314
btree8_a64,1048576,2,236.4746,16362192324183350314
sorted_array,1048576,2,165.5167,16362192324183350314
fusion16_w,1048576,2,171.4859,16362192324183350314
fusion8_bf,1048576,3,345.6955,16362192324183350314
fusion8,1048576,3,334.2026,16362192324183350314
fusion16_w,1048576,3,168.2068,16362192324183350314
btree8,1048576,3,229.2236,16362192324183350314
fusion8_c,1048576,3,307.4081,16362192324183350314
sorted_array,1048576,3,163.8245,16362192324183350314
btree8_bl_a64,1048576,3,99.7513,16362192324183350314
btree16_bl_a64,1048576,3,53.7827,16362192324183350314
btree8_bl,1048576,3,102.7023,16362192324183350314
btree8_a64,1048576,3,233.3191,16362192324183350314
btree8_bl_a64,1048576,4,96.9818,16362192324183350314
btree8,1048576,4,230.8624,16362192324183350314
fusion8_bf,1048576,4,311.6852,16362192324183350314
btree16_bl_a64,1048576,4,53.5553,16362192324183350314
btree8_a64,1048576,4,233.7753,16362192324183350314
btree8_bl,1048576,4,103.1448,16362192324183350314
sorted_array,1048576,4,164.2807,16362192324183350314
fusion8,1048576,4,324.0234,16362192324183350314
fusion8_c,1048576,4,318.1381,16362192324183350314
fusion16_w,1048576,4,169.0460,16362192324183350314
fusion8,1048576,5,334.7931,16362192324183350314
btree8,1048576,5,230.7007,16362192324183350314
btree8_bl_a64,1048576,5,97.1405,16362192324183350314
fusion8_c,1048576,5,303.2745,16362192324183350314
sorted_array,1048576,5,165.2084,16362192324183350314
btree8_a64,1048576,5,234.3597,16362192324183350314
fusion16_w,1048576,5,177.6962,16362192324183350314
btree16_bl_a64,1048576,5,53.6804,16362192324183350314
btree8_bl,1048576,5,102.9114,16362192324183350314
fusion8_bf,1048576,5,330.0232,16362192324183350314
btree8,1048576,6,231.7184,16362192324183350314
sorted_array,1048576,6,163.4613,16362192324183350314
fusion8,1048576,6,324.9298,16362192324183350314
fusion8_c,1048576,6,318.2510,16362192324183350314
fusion8_bf,1048576,6,332.4265,16362192324183350314
fusion16_w,1048576,6,177.7618,16362192324183350314
btree8_bl_a64,1048576,6,102.6688,16362192324183350314
btree16_bl_a64,1048576,6,53.8544,16362192324183350314
btree8_bl,1048576,6,104.0192,16362192324183350314
btree8_a64,1048576,6,234.8846,16362192324183350314
fusion8,1048576,7,327.3727,16362192324183350314
btree8_bl_a64,1048576,7,106.7917,16362192324183350314
btree8,1048576,7,230.9631,16362192324183350314
fusion8_c,1048576,7,306.4575,16362192324183350314
fusion16_w,1048576,7,185.6995,16362192324183350314
fusion8_bf,1048576,7,315.1291,16362192324183350314
btree8_a64,1048576,7,237.5397,16362192324183350314
btree16_bl_a64,1048576,7,54.1672,16362192324183350314
sorted_array,1048576,7,163.3026,16362192324183350314
btree8_bl,1048576,7,104.3839,16362192324183350314
btree8,1048576,8,231.0455,16362192324183350314
fusion8_bf,1048576,8,317.3370,16362192324183350314
fusion8,1048576,8,332.1411,16362192324183350314
fusion16_w,1048576,8,175.3769,16362192324183350314
btree8_a64,1048576,8,236.0748,16362192324183350314
btree8_bl_a64,1048576,8,96.2875,16362192324183350314
fusion8_c,1048576,8,299.7253,16362192324183350314
btree8_bl,1048576,8,103.9795,16362192324183350314
sorted_array,1048576,8,168.0832,16362192324183350314
btree16_bl_a64,1048576,8,54.5563,16362192324183350314
fusion16_w,1048576,9,172.9202,16362192324183350314
btree8_a64,1048576,9,239.7125,16362192324183350314
fusion8_c,1048576,9,308.7067,16362192324183350314
fusion8,1048576,9,333.1497,16362192324183350314
sorted_array,1048576,9,165.9515,16362192324183350314
fusion8_bf,1048576,9,316.5497,16362192324183350314
btree8,1048576,9,232.0892,16362192324183350314
btree16_bl_a64,1048576,9,54.2801,16362192324183350314
btree8_bl_a64,1048576,9,98.0820,16362192324183350314
btree8_bl,1048576,9,103.0426,16362192324183350314
fusion16_w,1048576,10,179.9240,16362192324183350314
btree8_bl_a64,1048576,10,95.9656,16362192324183350314
fusion8,1048576,10,330.1392,16362192324183350314
fusion8_bf,1048576,10,344.1666,16362192324183350314
btree16_bl_a64,1048576,10,55.6030,16362192324183350314
btree8_bl,1048576,10,102.2171,16362192324183350314
btree8,1048576,10,236.3403,16362192324183350314
fusion8_c,1048576,10,300.2991,16362192324183350314
btree8_a64,1048576,10,234.3979,16362192324183350314
sorted_array,1048576,10,165.8646,16362192324183350314
btree8_bl_a64,1048576,11,99.7116,16362192324183350314
fusion8,1048576,11,331.0242,16362192324183350314
sorted_array,1048576,11,163.9130,16362192324183350314
btree8,1048576,11,231.3019,16362192324183350314
fusion8_c,1048576,11,306.5262,16362192324183350314
btree16_bl_a64,1048576,11,55.7434,16362192324183350314
btree8_bl,1048576,11,103.5477,16362192324183350314
btree8_a64,1048576,11,233.0582,16362192324183350314
fusion16_w,1048576,11,175.3601,16362192324183350314
fusion8_bf,1048576,11,341.2659,16362192324183350314
sorted_array,1048576,12,165.7501,16362192324183350314
fusion8_c,1048576,12,306.6483,16362192324183350314
btree8,1048576,12,233.4900,16362192324183350314
btree8_bl,1048576,12,102.9755,16362192324183350314
fusion8,1048576,12,329.6860,16362192324183350314
fusion16_w,1048576,12,183.0505,16362192324183350314
btree8_a64,1048576,12,235.8307,16362192324183350314
btree8_bl_a64,1048576,12,96.3837,16362192324183350314
btree16_bl_a64,1048576,12,53.7720,16362192324183350314
fusion8_bf,1048576,12,319.9661,16362192324183350314
fusion8,1048576,13,334.4315,16362192324183350314
sorted_array,1048576,13,164.7659,16362192324183350314
btree8_bl_a64,1048576,13,97.1268,16362192324183350314
btree16_bl_a64,1048576,13,54.6249,16362192324183350314
fusion8_bf,1048576,13,315.2832,16362192324183350314
btree8_a64,1048576,13,237.1262,16362192324183350314
fusion16_w,1048576,13,169.1360,16362192324183350314
fusion8_c,1048576,13,312.3627,16362192324183350314
btree8,1048576,13,233.6243,16362192324183350314
btree8_bl,1048576,13,102.8687,16362192324183350314
btree16_bl_a64,1048576,14,53.7750,16362192324183350314
btree8_bl,1048576,14,89.1937,16362192324183350314
sorted_array,1048576,14,165.8722,16362192324183350314
btree8,1048576,14,232.5180,16362192324183350314
fusion16_w,1048576,14,171.8323,16362192324183350314
fusion8_c,1048576,14,313.6642,16362192324183350314
btree8_a64,1048576,14,235.3836,16362192324183350314
fusion8_bf,1048576,14,321.8353,16362192324183350314
btree8_bl_a64,1048576,14,97.7310,16362192324183350314
fusion8,1048576,14,330.0201,16362192324183350314
btree8_a64,2097152,0,353.8116,6087976039063001523
btree8_bl_a64,2097152,0,116.6199,6087976039063001523
fusion8_c,2097152,0,315.2649,6087976039063001523
fusion16_w,2097152,0,332.1411,6087976039063001523
btree16_bl_a64,2097152,0,126.7548,6087976039063001523
fusion8,2097152,0,339.7263,6087976039063001523
fusion8_bf,2097152,0,352.8442,6087976039063001523
btree8,2097152,0,241.8594,6087976039063001523
btree8_bl,2097152,0,97.1222,6087976039063001523
sorted_array,2097152,0,210.5469,6087976039063001523
fusion8_c,2097152,1,317.2653,6087976039063001523
fusion16_w,2097152,1,330.5435,6087976039063001523
fusion8_bf,2097152,1,352.5009,6087976039063001523
btree8_a64,2097152,1,240.7776,6087976039063001523
sorted_array,2097152,1,210.0861,6087976039063001523
btree8_bl,2097152,1,96.5073,6087976039063001523
btree8,2097152,1,240.5060,6087976039063001523
btree8_bl_a64,2097152,1,90.1474,6087976039063001523
fusion8,2097152,1,340.8966,6087976039063001523
btree16_bl_a64,2097152,1,117.1188,6087976039063001523
sorted_array,2097152,2,207.2296,6087976039063001523
btree8_a64,2097152,2,245.1950,6087976039063001523
btree8_bl,2097152,2,96.1121,6087976039063001523
fusion8_c,2097152,2,319.2078,6087976039063001523
btree8,2097152,2,240.2740,6087976039063001523
fusion8,2097152,2,343.4479,6087976039063001523
btree16_bl_a64,2097152,2,120.0180,6087976039063001523
fusion16_w,2097152,2,323.9441,6087976039063001523
fusion8_bf,2097152,2,361.6928,6087976039063001523
btree8_bl_a64,2097152,2,89.6545,6087976039063001523
btree16_bl_a64,2097152,3,116.6840,6087976039063001523
btree8_bl,2097152,3,97.9126,6087976039063001523
fusion8_c,2097152,3,308.3923,6087976039063001523
btree8_a64,2097152,3,244.9570,6087976039063001523
fusion16_w,2097152,3,301.3641,6087976039063001523
btree8,2097152,3,243.4723,6087976039063001523
sorted_array,2097152,3,207.0526,6087976039063001523
fusion8,2097152,3,340.1413,6087976039063001523
fusion8_bf,2097152,3,352.3468,6087976039063001523
btree8_bl_a64,2097152,3,91.6626,6087976039063001523
btree8_bl_a64,2097152,4,58.4641,6087976039063001523
btree8_a64,2097152,4,244.0552,6087976039063001523
btree8,2097152,4,240.0558,6087976039063001523
btree16_bl_a64,2097152,4,115.1093,6087976039063001523
fusion16_w,2097152,4,307.1121,6087976039063001523
btree8_bl,2097152,4,97.6486,6087976039063001523
fusion8,2097152,4,340.4465,6087976039063001523
sorted_array,2097152,4,207.0099,6087976039063001523
fusion8_c,2097152,4,313.7512,6087976039063001523
fusion8_bf,2097152,4,349.1745,6087976039063001523
fusion16_w,2097152,5,335.6140,6087976039063001523
btree8,2097152,5,241.7709,6087976039063001523
fusion8,2097152,5,340.3015,6087976039063001523
sorted_array,2097152,5,206.6559,6087976039063001523
fusion8_c,2097152,5,312.4878,6087976039063001523
fusion8_bf,2097152,5,348.5214,6087976039063001523
btree8_bl_a64,2097152,5,93.1396,6087976039063001523
btree16_bl_a64,2097152,5,116.4749,6087976039063001523
btree8_a64,2097152,5,243.5349,6087976039063001523
btree8_bl,2097152,5,96.6904,6087976039063001523
btree8,2097152,6,241.4886,6087976039063001523
btree8_bl_a64,2097152,6,89.7263,6087976039063001523
fusion8_bf,2097152,6,341.0324,6087976039063001523
fusion8_c,2097152,6,324.4766,6087976039063001523
fusion16_w,2097152,6,330.3085,6087976039063001523
sorted_array,2097152,6,207.5745,6087976039063001523
fusion8,2097152,6,339.3661,6087976039063001523
btree8_bl,2097152,6,136.1908,6087976039063001523
btree16_bl_a64,2097152,6,114.4562,6087976039063001523
btree8_a64,2097152,6,243.3441,6087976039063001523
btree8_bl_a64,2097152,7,91.0950,6087976039063001523
fusion16_w,2097152,7,328.9658,6087976039063001523
btree16_bl_a64,2097152,7,114.7308,6087976039063001523
btree8_a64,2097152,7,246.8292,6087976039063001523
fusion8_bf,2097152,7,348.5977,6087976039063001523
fusion8_c,2097152,7,321.2173,6087976039063001523
fusion8,2097152,7,342.7826,6087976039063001523
btree8,2097152,7,238.5040,6087976039063001523
btree8_bl,2097152,7,97.7737,6087976039063001523
sorted_array,2097152,7,207.0160,6087976039063001523
fusion16_w,2097152,8,300.8423,6087976039063001523
btree8_bl,2097152,8,96.6553,6087976039063001523
sorted_array,2097152,8,206.7047,6087976039063001523
fusion8_bf,2097152,8,337.3978,6087976039063001523
btree8,2097152,8,241.1880,6087976039063001523
fusion8_c,2097152,8,311.6882,6087976039063001523
btree16_bl_a64,2097152,8,126.8723,6087976039063001523
btree8_a64,2097152,8,243.8431,6087976039063001523
fusion8,2097152,8,344.4122,6087976039063001523
btree8_bl_a64,2097152,8,90.9088,6087976039063001523
btree8_bl,2097152,9,96.7468,6087976039063001523
fusion8,2097152,9,337.1780,6087976039063001523
fusion8_c,2097152,9,314.8819,6087976039063001523
fusion8_bf,2097152,9,349.7406,6087976039063001523
fusion16_w,2097152,9,334.0118,6087976039063001523
btree8_bl_a64,2097152,9,109.7168,6087976039063001523
btree16_bl_a64,2097152,9,116.2766,6087976039063001523
sorted_array,2097152,9,208.0109,6087976039063001523
btree8,2097152,9,240.8844,6087976039063001523
btree8_a64,2097152,9,243.9484,6087976039063001523
fusion8_c,2097152,10,320.4300,6087976039063001523
fusion16_w,2097152,10,326.1017,6087976039063001523
btree8_bl_a64,2097152,10,124.9695,6087976039063001523
fusion8,2097152,10,340.3015,6087976039063001523
btree8_bl,2097152,10,100.0214,6087976039063001523
fusion8_bf,2097152,10,342.9764,6087976039063001523
btree16_bl_a64,2097152,10,115.0040,6087976039063001523
btree8,2097152,10,242.0059,6087976039063001523
btree8_a64,2097152,10,241.4276,6087976039063001523
sorted_array,2097152,10,208.4595,6087976039063001523
fusion8_bf,2097152,11,334.1354,6087976039063001523
sorted_array,2097152,11,206.9092,6087976039063001523
fusion8_c,2097152,11,315.8249,6087976039063001523
btree8_bl_a64,2097152,11,109.2865,6087976039063001523
btree8_bl,2097152,11,96.3501,6087976039063001523
btree8_a64,2097152,11,246.7422,6087976039063001523
btree8,2097152,11,249.2508,6087976039063001523
btree16_bl_a64,2097152,11,118.0984,6087976039063001523
fusion16_w,2097152,11,338.1042,6087976039063001523
fusion8,2097152,11,342.3874,6087976039063001523
btree16_bl_a64,2097152,12,136.6318,6087976039063001523
fusion8,2097152,12,334.1980,6087976039063001523
sorted_array,2097152,12,210.2341,6087976039063001523
fusion16_w,2097152,12,309.3536,6087976039063001523
fusion8_c,2097152,12,329.3228,6087976039063001523
btree8,2097152,12,243.9957,6087976039063001523
btree8_bl,2097152,12,96.1761,6087976039063001523
fusion8_bf,2097152,12,336.3525,6087976039063001523
btree8_bl_a64,2097152,12,90.1108,6087976039063001523
btree8_a64,2097152,12,245.9946,6087976039063001523
fusion8,2097152,13,340.8173,6087976039063001523
fusion8_c,2097152,13,328.7704,6087976039063001523
fusion8_bf,2097152,13,365.6113,6087976039063001523
fusion16_w,2097152,13,311.9263,6087976039063001523
sorted_array,2097152,13,209.7992,6087976039063001523
btree8,2097152,13,246.0815,6087976039063001523
btree16_bl_a64,2097152,13,116.0294,6087976039063001523
btree8_a64,2097152,13,246.8628,6087976039063001523
btree8_bl,2097152,13,97.3541,6087976039063001523
btree8_bl_a64,2097152,13,91.4749,6087976039063001523
fusion8_c,2097152,14,333.3771,6087976039063001523
btree8,2097152,14,244.9493,6087976039063001523
fusion8_bf,2097152,14,348.6145,6087976039063001523
fusion8,2097152,14,349.0494,6087976039063001523
btree8_bl,2097152,14,98.2956,6087976039063001523
btree16_bl_a64,2097152,14,117.2409,6087976039063001523
btree8_a64,2097152,14,248.5565,6087976039063001523
fusion16_w,2097152,14,307.4417,6087976039063001523
btree8_bl_a64,2097152,14,100.4929,6087976039063001523
sorted_array,2097152,14,233.1680,6087976039063001523
fusion8_bf,4194304,0,351.9028,14247903871160904604
btree8_bl_a64,4194304,0,88.3408,14247903871160904604
btree8,4194304,0,248.2529,14247903871160904604
fusion16_w,4194304,0,342.0242,14247903871160904604
fusion8_c,4194304,0,327.7496,14247903871160904604
btree8_a64,4194304,0,248.3337,14247903871160904604
sorted_array,4194304,0,312.7457,14247903871160904604
btree8_bl,4194304,0,92.9443,14247903871160904604
btree16_bl_a64,4194304,0,132.0206,14247903871160904604
fusion8,4194304,0,347.6135,14247903871160904604
btree8_bl_a64,4194304,1,87.4771,14247903871160904604
btree8_a64,4194304,1,253.3264,14247903871160904604
fusion8,4194304,1,351.7380,14247903871160904604
sorted_array,4194304,1,311.8515,14247903871160904604
fusion16_w,4194304,1,407.8537,14247903871160904604
fusion8_bf,4194304,1,437.1185,14247903871160904604
btree16_bl_a64,4194304,1,135.3363,14247903871160904604
btree8_bl,4194304,1,92.2928,14247903871160904604
fusion8_c,4194304,1,314.1083,14247903871160904604
btree8,4194304,1,259.3338,14247903871160904604
fusion16_w,4194304,2,364.6149,14247903871160904604
fusion8,4194304,2,345.1675,14247903871160904604
fusion8_bf,4194304,2,358.6884,14247903871160904604
btree8_bl,4194304,2,112.2467,14247903871160904604
fusion8_c,4194304,2,323.8022,14247903871160904604
sorted_array,4194304,2,317.3172,14247903871160904604
btree8_a64,4194304,2,252.5253,14247903871160904604
btree16_bl_a64,4194304,2,134.0851,14247903871160904604
btree8_bl_a64,4194304,2,86.5021,14247903871160904604
btree8,4194304,2,247.2458,14247903871160904604
fusion8,4194304,3,344.1956,14247903871160904604
fusion8_bf,4194304,3,354.1718,14247903871160904604
btree16_bl_a64,4194304,3,134.3033,14247903871160904604
fusion16_w,4194304,3,359.2499,14247903871160904604
btree8_bl_a64,4194304,3,87.4496,14247903871160904604
sorted_array,4194304,3,314.0686,14247903871160904604
btree8_a64,4194304,3,249.4965,14247903871160904604
fusion8_c,4194304,3,313.8641,14247903871160904604
btree8,4194304,3,249.4217,14247903871160904604
btree8_bl,4194304,3,91.9846,14247903871160904604
fusion8_bf,4194304,4,340.6021,14247903871160904604
btree8,4194304,4,248.9761,14247903871160904604
btree8_bl,4194304,4,90.6570,14247903871160904604
sorted_array,4194304,4,313.6505,14247903871160904604
fusion8_c,4194304,4,330.7663,14247903871160904604
btree16_bl_a64,4194304,4,133.7021,14247903871160904604
fusion8,4194304,4,358.1070,14247903871160904604
btree8_bl_a64,4194304,4,94.6915,14247903871160904604
fusion16_w,4194304,4,337.7426,14247903871160904604
btree8_a64,4194304,4,250.6363,14247903871160904604
fusion16_w,4194304,5,353.9337,14247903871160904604
sorted_array,4194304,5,313.6566,14247903871160904604
btree16_bl_a64,4194304,5,144.9371,14247903871160904604
btree8,4194304,5,249.6719,14247903871160904604
btree8_bl,4194304,5,90.9790,14247903871160904604
fusion8_bf,4194304,5,343.5486,14247903871160904604
btree8_bl_a64,4194304,5,86.2152,14247903871160904604
fusion8,4194304,5,346.5866,14247903871160904604
btree8_a64,4194304,5,256.5063,14247903871160904604
fusion8_c,4194304,5,322.4091,14247903871160904604
btree8_a64,4194304,6,223.7671,14247903871160904604
sorted_array,4194304,6,313.3804,14247903871160904604
btree8_bl_a64,4194304,6,107.3624,14247903871160904604
btree8,4194304,6,249.8123,14247903871160904604
fusion8_c,4194304,6,316.7877,14247903871160904604
fusion8_bf,4194304,6,353.3646,14247903871160904604
btree8_bl,4194304,6,96.3379,14247903871160904604
fusion16_w,4194304,6,357.4326,14247903871160904604
btree16_bl_a64,4194304,6,134.2865,14247903871160904604
fusion8,4194304,6,351.9562,14247903871160904604
btree8,4194304,7,250.7294,14247903871160904604
sorted_array,4194304,7,318.4204,14247903871160904604
fusion16_w,4194304,7,339.5996,14247903871160904604
fusion8,4194304,7,350.0351,14247903871160904604
fusion8_c,4194304,7,326.8875,14247903871160904604
btree8_bl_a64,4194304,7,92.7322,14247903871160904604
btree16_bl_a64,4194304,7,136.8301,14247903871160904604
btree8_bl,4194304,7,91.3803,14247903871160904604
btree8_a64,4194304,7,249.9542,14247903871160904604
fusion8_bf,4194304,7,350.3235,14247903871160904604
fusion8,4194304,8,350.8408,14247903871160904604
fusion16_w,4194304,8,343.0939,14247903871160904604
btree8,4194304,8,249.1104,14247903871160904604
btree16_bl_a64,4194304,8,134.0591,14247903871160904604
btree8_bl,4194304,8,91.0736,14247903871160904604
sorted_array,4194304,8,314.1479,14247903871160904604
fusion8_c,4194304,8,332.7194,14247903871160904604
fusion8_bf,4194304,8,360.5042,14247903871160904604
btree8_bl_a64,4194304,8,86.2656,14247903871160904604
btree8_a64,4194304,8,250.6531,14247903871160904604
btree8_bl_a64,4194304,9,83.0109,14247903871160904604
btree8,4194304,9,250.9811,14247903871160904604
fusion8_bf,4194304,9,336.7798,14247903871160904604
btree8_a64,4194304,9,248.1155,14247903871160904604
fusion8,4194304,9,342.5049,14247903871160904604
btree8_bl,4194304,9,104.7180,14247903871160904604
btree16_bl_a64,4194304,9,131.8787,14247903871160904604
fusion8_c,4194304,9,321.3440,14247903871160904604
fusion16_w,4194304,9,392.1173,14247903871160904604
sorted_array,4194304,9,321.1441,14247903871160904604
fusion8,4194304,10,357.0877,14247903871160904604
fusion16_w,4194304,10,342.3996,14247903871160904604
sorted_array,4194304,10,321.3882,14247903871160904604
fusion8_c,4194304,10,312.9150,14247903871160904604
btree8,4194304,10,249.6277,14247903871160904604
fusion8_bf,4194304,10,346.0526,14247903871160904604
btree8_bl_a64,4194304,10,86.1664,14247903871160904604
btree8_bl,4194304,10,92.0151,14247903871160904604
btree8_a64,4194304,10,246.4111,14247903871160904604
btree16_bl_a64,4194304,10,130.8929,14247903871160904604
fusion8_c,4194304,11,309.9411,14247903871160904604
btree8_bl,4194304,11,89.7064,14247903871160904604
fusion8_bf,4194304,11,339.0793,14247903871160904604
fusion8,4194304,11,351.7029,14247903871160904604
btree8,4194304,11,249.6048,14247903871160904604
btree8_a64,4194304,11,250.1373,14247903871160904604
btree8_bl_a64,4194304,11,87.4146,14247903871160904604
btree16_bl_a64,4194304,11,134.4940,14247903871160904604
sorted_array,4194304,11,314.1251,14247903871160904604
fusion16_w,4194304,11,408.4778,14247903871160904604
fusion8_bf,4194304,12,359.5093,14247903871160904604
btree8_bl_a64,4194304,12,89.6225,14247903871160904604
fusion16_w,4194304,12,365.7135,14247903871160904604
sorted_array,4194304,12,311.5692,14247903871160904604
btree8_bl,4194304,12,90.9897,14247903871160904604
btree16_bl_a64,4194304,12,131.0745,14247903871160904604
fusion8_c,4194304,12,314.4241,14247903871160904604
fusion8,4194304,12,338.6169,14247903871160904604
btree8,4194304,12,255.6915,14247903871160904604
btree8_a64,4194304,12,248.1918,14247903871160904604
sorted_array,4194304,13,307.3547,14247903871160904604
fusion8_bf,4194304,13,349.6994,14247903871160904604
btree8_a64,4194304,13,249.1837,14247903871160904604
btree16_bl_a64,4194304,13,130.5283,14247903871160904604
btree8_bl,4194304,13,91.3956,14247903871160904604
fusion8_c,4194304,13,324.3622,14247903871160904604
fusion16_w,4194304,13,366.7786,14247903871160904604
btree8_bl_a64,4194304,13,89.5981,14247903871160904604
fusion8,4194304,13,348.7869,14247903871160904604
btree8,4194304,13,250.2457,14247903871160904604
fusion8_bf,4194304,14,341.4398,14247903871160904604
fusion16_w,4194304,14,370.8466,14247903871160904604
fusion8,4194304,14,354.0390,14247903871160904604
btree16_bl_a64,4194304,14,132.5363,14247903871160904604
fusion8_c,4194304,14,312.9425,14247903871160904604
btree8,4194304,14,243.6432,14247903871160904604
btree8_bl,4194304,14,90.0192,14247903871160904604
btree8_a64,4194304,14,249.6796,14247903871160904604
btree8_bl_a64,4194304,14,86.5387,14247903871160904604
sorted_array,4194304,14,308.5068,14247903871160904604
btree16_bl_a64,8388608,0,128.3386,16818331115280313399
fusion16_w,8388608,0,335.1669,16818331115280313399
fusion8_bf,8388608,0,536.4853,16818331115280313399
btree8_a64,8388608,0,432.3563,16818331115280313399
btree8_bl,8388608,0,238.1271,16818331115280313399
fusion8_c,8388608,0,568.1381,16818331115280313399
btree8,8388608,0,382.3914,16818331115280313399
fusion8,8388608,0,507.0389,16818331115280313399
sorted_array,8388608,0,477.3315,16818331115280313399
btree8_bl_a64,8388608,0,166.7892,16818331115280313399
btree8_bl,8388608,1,153.1082,16818331115280313399
fusion8,8388608,1,511.1984,16818331115280313399
fusion8_c,8388608,1,463.0661,16818331115280313399
fusion8_bf,8388608,1,531.4056,16818331115280313399
btree16_bl_a64,8388608,1,125.1160,16818331115280313399
fusion16_w,8388608,1,355.1727,16818331115280313399
btree8,8388608,1,382.3364,16818331115280313399
sorted_array,8388608,1,481.1813,16818331115280313399
btree8_a64,8388608,1,385.6201,16818331115280313399
btree8_bl_a64,8388608,1,145.0653,16818331115280313399
btree8_a64,8388608,2,353.4668,16818331115280313399
fusion8_c,8388608,2,478.1799,16818331115280313399
btree16_bl_a64,8388608,2,124.5087,16818331115280313399
sorted_array,8388608,2,480.9021,16818331115280313399
fusion8_bf,8388608,2,517.9398,16818331115280313399
btree8_bl_a64,8388608,2,145.9686,16818331115280313399
fusion8,8388608,2,504.9454,16818331115280313399
btree8_bl,8388608,2,155.8304,16818331115280313399
btree8,8388608,2,378.3035,16818331115280313399
fusion16_w,8388608,2,364.1190,16818331115280313399
btree8_bl_a64,8388608,3,146.3303,16818331115280313399
fusion16_w,8388608,3,361.6043,16818331115280313399
btree16_bl_a64,8388608,3,124.6414,16818331115280313399
fusion8,8388608,3,506.0623,16818331115280313399
fusion8_c,8388608,3,468.6951,16818331115280313399
sorted_array,8388608,3,479.0878,16818331115280313399
btree8_bl,8388608,3,153.6469,16818331115280313399
btree8,8388608,3,386.2396,16818331115280313399
btree8_a64,8388608,3,383.4305,16818331115280313399
fusion8_bf,8388608,3,504.0665,16818331115280313399
btree8_bl,8388608,4,153.0899,16818331115280313399
btree8,8388608,4,382.7988,16818331115280313399
btree16_bl_a64,8388608,4,123.2132,16818331115280313399
fusion16_w,8388608,4,342.4576,16818331115280313399
sorted_array,8388608,4,479.6204,16818331115280313399
fusion8_bf,8388608,4,523.7045,16818331115280313399
btree8_bl_a64,8388608,4,145.3934,16818331115280313399
btree8_a64,8388608,4,380.6595,16818331115280313399
fusion8_c,8388608,4,475.9354,16818331115280313399
fusion8,8388608,4,504.9271,16818331115280313399
fusion8_c,8388608,5,471.5302,16818331115280313399
fusion16_w,8388608,5,360.1303,16818331115280313399
btree8,8388608,5,385.3470,16818331115280313399
sorted_array,8388608,5,480.9082,16818331115280313399
btree16_bl_a64,8388608,5,126.4313,16818331115280313399
btree8_bl_a64,8388608,5,150.6027,16818331115280313399
btree8_bl,8388608,5,154.1138,16818331115280313399
fusion8,8388608,5,526.5778,16818331115280313399
fusion8_bf,8388608,5,531.1630,16818331115280313399
btree8_a64,8388608,5,383.7509,16818331115280313399
fusion8,8388608,6,502.9388,16818331115280313399
btree8_bl,8388608,6,157.4341,16818331115280313399
btree8_a64,8388608,6,381.9504,16818331115280313399
fusion8_c,8388608,6,477.6703,16818331115280313399
fusion16_w,8388608,6,337.8555,16818331115280313399
sorted_array,8388608,6,478.9642,16818331115280313399
fusion8_bf,8388608,6,520.2148,16818331115280313399
btree16_bl_a64,8388608,6,127.5070,16818331115280313399
btree8_bl_a64,8388608,6,144.2856,16818331115280313399
btree8,8388608,6,386.1282,16818331115280313399
btree16_bl_a64,8388608,7,123.5214,16818331115280313399
btree8,8388608,7,366.6397,16818331115280313399
fusion8_bf,8388608,7,505.9708,16818331115280313399
fusion8,8388608,7,528.1113,16818331115280313399
btree8_bl,8388608,7,162.9013,16818331115280313399
btree8_bl_a64,8388608,7,149.1043,16818331115280313399
sorted_array,8388608,7,478.6606,16818331115280313399
fusion16_w,8388608,7,339.2166,16818331115280313399
fusion8_c,8388608,7,474.0906,16818331115280313399
btree8_a64,8388608,7,384.2072,16818331115280313399
fusion8_c,8388608,8,442.9123,16818331115280313399
fusion8_bf,8388608,8,523.5825,16818331115280313399
btree16_bl_a64,8388608,8,125.4639,16818331115280313399
btree8_a64,8388608,8,381.5674,16818331115280313399
sorted_array,8388608,8,477.0905,16818331115280313399
btree8_bl_a64,8388608,8,144.9677,16818331115280313399
btree8,8388608,8,384.0637,16818331115280313399
fusion8,8388608,8,506.5475,16818331115280313399
fusion16_w,8388608,8,378.5446,16818331115280313399
btree8_bl,8388608,8,174.6643,16818331115280313399
fusion8_c,8388608,9,480.5450,16818331115280313399
btree16_bl_a64,8388608,9,124.9619,16818331115280313399
fusion8,8388608,9,509.9594,16818331115280313399
fusion16_w,8388608,9,342.3904,16818331115280313399
btree8_bl,8388608,9,155.5634,16818331115280313399
btree8_a64,8388608,9,384.7809,16818331115280313399
fusion8_bf,8388608,9,504.5395,16818331115280313399
btree8_bl_a64,8388608,9,146.0861,16818331115280313399
btree8,8388608,9,384.6115,16818331115280313399
sorted_array,8388608,9,479.0359,16818331115280313399
fusion8,8388608,10,510.1120,16818331115280313399
sorted_array,8388608,10,477.0844,16818331115280313399
fusion8_c,8388608,10,481.7749,16818331115280313399
fusion8_bf,8388608,10,516.1957,16818331115280313399
btree8_bl_a64,8388608,10,145.0287,16818331115280313399
btree16_bl_a64,8388608,10,125.9155,16818331115280313399
btree8_bl,8388608,10,152.9266,16818331115280313399
fusion16_w,8388608,10,357.5394,16818331115280313399
btree8,8388608,10,387.6846,16818331115280313399
btree8_a64,8388608,10,383.2489,16818331115280313399
btree8,8388608,11,362.9303,16818331115280313399
sorted_array,8388608,11,477.6321,16818331115280313399
btree8_bl,8388608,11,153.1860,16818331115280313399
btree16_bl_a64,8388608,11,127.3239,16818331115280313399
btree8_a64,8388608,11,382.2205,16818331115280313399
fusion8_c,8388608,11,472.2183,16818331115280313399
fusion8_bf,8388608,11,523.7595,16818331115280313399
fusion16_w,8388608,11,381.2958,16818331115280313399
btree8_bl_a64,8388608,11,154.0039,16818331115280313399
fusion8,8388608,11,510.5835,16818331115280313399
sorted_array,8388608,12,480.1193,16818331115280313399
btree8_a64,8388608,12,382.4539,16818331115280313399
btree8,8388608,12,382.5378,16818331115280313399
fusion8_c,8388608,12,475.9262,16818331115280313399
btree8_bl,8388608,12,209.3704,16818331115280313399
fusion8_bf,8388608,12,512.5381,16818331115280313399
fusion16_w,8388608,12,375.6927,16818331115280313399
btree8_bl_a64,8388608,12,145.2423,16818331115280313399
fusion8,8388608,12,514.1678,16818331115280313399
btree16_bl_a64,8388608,12,124.9466,16818331115280313399
btree8,8388608,13,385.7193,16818331115280313399
btree16_bl_a64,8388608,13,121.6293,16818331115280313399
fusion8,8388608,13,502.3743,16818331115280313399
btree8_bl,8388608,13,158.8455,16818331115280313399
btree8_a64,8388608,13,381.1478,16818331115280313399
fusion16_w,8388608,13,339.5493,16818331115280313399
btree8_bl_a64,8388608,13,147.6181,16818331115280313399
fusion8_bf,8388608,13,504.9698,16818331115280313399
fusion8_c,8388608,13,481.5018,16818331115280313399
sorted_array,8388608,13,478.1250,16818331115280313399
fusion8_bf,8388608,14,526.4130,16818331115280313399
btree8_bl,8388608,14,153.2913,16818331115280313399
btree8_bl_a64,8388608,14,145.9290,16818331115280313399
btree8,8388608,14,387.0499,16818331115280313399
sorted_array,8388608,14,482.6248,16818331115280313399
fusion8,8388608,14,514.3677,16818331115280313399
fusion16_w,8388608,14,364.1846,16818331115280313399
fusion8_c,8388608,14,475.3235,16818331115280313399
btree8_a64,8388608,14,382.8064,16818331115280313399
btree16_bl_a64,8388608,14,124.3134,16818331115280313399
fusion8,16777216,0,634.3918,7378316869786178009
fusion16_w,16777216,0,373.9380,7378316869786178009
btree8,16777216,0,430.5878,7378316869786178009
btree16_bl_a64,16777216,0,124.2691,7378316869786178009
btree8_bl_a64,16777216,0,146.0190,7378316869786178009
btree8_bl,16777216,0,154.8294,7378316869786178009
fusion8_bf,16777216,0,566.4566,7378316869786178009
btree8_a64,16777216,0,427.2842,7378316869786178009
fusion8_c,16777216,0,506.4545,7378316869786178009
sorted_array,16777216,0,653.5522,7378316869786178009
btree8,16777216,1,432.2830,7378316869786178009
btree16_bl_a64,16777216,1,125.6363,7378316869786178009
btree8_bl,16777216,1,154.9713,7378316869786178009
fusion8_c,16777216,1,516.2674,7378316869786178009
btree8_bl_a64,16777216,1,146.5286,7378316869786178009
btree8_a64,16777216,1,426.8005,7378316869786178009
sorted_array,16777216,1,650.3510,7378316869786178009
fusion8,16777216,1,560.4248,7378316869786178009
fusion8_bf,16777216,1,573.7167,7378316869786178009
fusion16_w,16777216,1,384.2361,7378316869786178009
btree8_a64,16777216,2,428.8849,7378316869786178009
fusion8,16777216,2,558.7769,7378316869786178009
btree8_bl,16777216,2,173.3398,7378316869786178009
sorted_array,16777216,2,648.8571,7378316869786178009
fusion8_c,16777216,2,516.8564,7378316869786178009
fusion8_bf,16777216,2,563.2675,7378316869786178009
btree8_bl_a64,16777216,2,147.0215,7378316869786178009
btree16_bl_a64,16777216,2,127.3788,7378316869786178009
fusion16_w,16777216,2,337.0255,7378316869786178009
btree8,16777216,2,428.9307,7378316869786178009
btree8,16777216,3,326.1322,7378316869786178009
btree8_a64,16777216,3,423.5504,7378316869786178009
fusion8,16777216,3,560.7285,7378316869786178009
fusion8_bf,16777216,3,565.1855,7378316869786178009
sorted_array,16777216,3,650.8591,7378316869786178009
fusion16_w,16777216,3,342.0166,7378316869786178009
btree16_bl_a64,16777216,3,123.1491,7378316869786178009
btree8_bl,16777216,3,156.8420,7378316869786178009
fusion8_c,16777216,3,516.3177,7378316869786178009
btree8_bl_a64,16777216,3,147.0642,7378316869786178009
fusion8,16777216,4,554.6799,7378316869786178009
fusion8_c,16777216,4,524.7498,7378316869786178009
btree8,16777216,4,448.0850,7378316869786178009
fusion16_w,16777216,4,366.3635,7378316869786178009
btree8_a64,16777216,4,426.4069,7378316869786178009
btree8_bl,16777216,4,154.2572,7378316869786178009
sorted_array,16777216,4,644.8593,7378316869786178009
btree8_bl_a64,16777216,4,148.1049,7378316869786178009
btree16_bl_a64,16777216,4,125.4913,7378316869786178009
fusion8_bf,16777216,4,561.8454,7378316869786178009
fusion8,16777216,5,557.3944,7378316869786178009
btree8,16777216,5,432.6965,7378316869786178009
btree8_bl_a64,16777216,5,145.7489,7378316869786178009
fusion8_c,16777216,5,522.4655,7378316869786178009
btree16_bl_a64,16777216,5,123.6374,7378316869786178009
btree8_a64,16777216,5,423.2544,7378316869786178009
btree8_bl,16777216,5,155.5374,7378316869786178009
fusion16_w,16777216,5,366.7099,7378316869786178009
sorted_array,16777216,5,656.7688,7378316869786178009
fusion8_bf,16777216,5,539.9292,7378316869786178009
sorted_array,16777216,6,643.4738,7378316869786178009
fusion8_c,16777216,6,504.8325,7378316869786178009
btree8,16777216,6,432.9575,7378316869786178009
fusion8,16777216,6,571.4935,7378316869786178009
btree8_bl,16777216,6,168.2800,7378316869786178009
btree8_a64,16777216,6,424.2218,7378316869786178009
btree16_bl_a64,16777216,6,122.2672,7378316869786178009
fusion16_w,16777216,6,364.2990,7378316869786178009
btree8_bl_a64,16777216,6,145.7169,7378316869786178009
fusion8_bf,16777216,6,560.4187,7378316869786178009
btree8_bl_a64,16777216,7,141.1972,7378316869786178009
btree8,16777216,7,424.9023,7378316869786178009
btree8_a64,16777216,7,426.7410,7378316869786178009
fusion8_c,16777216,7,521.7972,7378316869786178009
btree16_bl_a64,16777216,7,124.3958,7378316869786178009
fusion8_bf,16777216,7,550.8057,7378316869786178009
fusion8,16777216,7,551.6296,7378316869786178009
sorted_array,16777216,7,637.7121,7378316869786178009
btree8_bl,16777216,7,151.8723,7378316869786178009
fusion16_w,16777216,7,362.5702,7378316869786178009
fusion8,16777216,8,552.7435,7378316869786178009
sorted_array,16777216,8,651.7929,7378316869786178009
fusion8_c,16777216,8,503.9093,7378316869786178009
btree8,16777216,8,422.1832,7378316869786178009
btree8_bl_a64,16777216,8,147.2397,7378316869786178009
btree8_bl,16777216,8,152.7084,7378316869786178009
fusion16_w,16777216,8,362.7029,7378316869786178009
fusion8_bf,16777216,8,558.8303,7378316869786178009
btree16_bl_a64,16777216,8,125.2975,7378316869786178009
btree8_a64,16777216,8,421.1548,7378316869786178009
fusion8,16777216,9,550.8804,7378316869786178009
btree8,16777216,9,421.0861,7378316869786178009
fusion8_c,16777216,9,512.3154,7378316869786178009
fusion16_w,16777216,9,342.8177,7378316869786178009
sorted_array,16777216,9,635.0250,7378316869786178009
btree8_bl_a64,16777216,9,165.0177,7378316869786178009
btree16_bl_a64,16777216,9,124.7757,7378316869786178009
btree8_bl,16777216,9,152.2339,7378316869786178009
fusion8_bf,16777216,9,540.6693,7378316869786178009
btree8_a64,16777216,9,421.8521,7378316869786178009
btree8,16777216,10,426.5808,7378316869786178009
fusion16_w,16777216,10,359.5535,7378316869786178009
fusion8_c,16777216,10,511.1313,7378316869786178009
btree8_a64,16777216,10,418.7820,7378316869786178009
fusion8,16777216,10,550.1175,7378316869786178009
btree8_bl_a64,16777216,10,178.5461,7378316869786178009
sorted_array,16777216,10,633.1955,7378316869786178009
fusion8_bf,16777216,10,558.8028,7378316869786178009
btree8_bl,16777216,10,151.2360,7378316869786178009
btree16_bl_a64,16777216,10,123.5352,7378316869786178009
btree8_a64,16777216,11,419.2932,7378316869786178009
btree8,16777216,11,424.8856,7378316869786178009
fusion8_c,16777216,11,499.1669,7378316869786178009
btree8_bl_a64,16777216,11,147.5754,7378316869786178009
fusion8_bf,16777216,11,548.1400,7378316869786178009
fusion8,16777216,11,550.3433,7378316869786178009
btree8_bl,16777216,11,153.6026,7378316869786178009
fusion16_w,16777216,11,365.4968,7378316869786178009
btree16_bl_a64,16777216,11,123.7961,7378316869786178009
sorted_array,16777216,11,634.2499,7378316869786178009
fusion8_c,16777216,12,501.7868,7378316869786178009
sorted_array,16777216,12,632.6141,7378316869786178009
btree8_bl_a64,16777216,12,152.3361,7378316869786178009
btree8_bl,16777216,12,151.7212,7378316869786178009
btree16_bl_a64,16777216,12,123.8403,7378316869786178009
fusion8_bf,16777216,12,539.0472,7378316869786178009
btree8_a64,16777216,12,422.4594,7378316869786178009
fusion16_w,16777216,12,341.4948,7378316869786178009
fusion8,16777216,12,571.1655,7378316869786178009
btree8,16777216,12,420.8664,7378316869786178009
fusion16_w,16777216,13,358.2565,7378316869786178009
btree8_bl,16777216,13,153.0975,7378316869786178009
fusion8_bf,16777216,13,542.0349,7378316869786178009
btree8_bl_a64,16777216,13,142.6529,7378316869786178009
btree8_a64,16777216,13,421.5027,7378316869786178009
fusion8,16777216,13,546.3715,7378316869786178009
btree16_bl_a64,16777216,13,128.9383,7378316869786178009
sorted_array,16777216,13,635.7544,7378316869786178009
btree8,16777216,13,422.3709,7378316869786178009
fusion8_c,16777216,13,510.2310,7378316869786178009
sorted_array,16777216,14,635.4050,7378316869786178009
btree8_a64,16777216,14,422.2565,7378316869786178009
btree8_bl_a64,16777216,14,145.3049,7378316869786178009
fusion8_c,16777216,14,510.2585,7378316869786178009
btree8_bl,16777216,14,167.8574,7378316869786178009
btree8,16777216,14,421.7987,7378316869786178009
fusion16_w,16777216,14,359.4711,7378316869786178009
btree16_bl_a64,16777216,14,121.2463,7378316869786178009
fusion8,16777216,14,549.2844,7378316869786178009
fusion8_bf,16777216,14,559.2682,7378316869786178009
fusion8_c,33554432,0,515.4648,14781225337507930917
btree8_bl,33554432,0,192.2516,14781225337507930917
btree8,33554432,0,448.3917,14781225337507930917
fusion8,33554432,0,578.8300,14781225337507930917
btree8_bl_a64,33554432,0,194.7128,14781225337507930917
fusion16_w,33554432,0,609.4833,14781225337507930917
btree16_bl_a64,33554432,0,203.8300,14781225337507930917
fusion8_bf,33554432,0,570.3873,14781225337507930917
sorted_array,33554432,0,759.8038,14781225337507930917
btree8_a64,33554432,0,434.7031,14781225337507930917
fusion16_w,33554432,1,586.2335,14781225337507930917
sorted_array,33554432,1,752.8336,14781225337507930917
btree8_bl_a64,33554432,1,140.9500,14781225337507930917
btree8_bl,33554432,1,146.0876,14781225337507930917
fusion8,33554432,1,566.0782,14781225337507930917
btree8,33554432,1,434.4620,14781225337507930917
fusion8_bf,33554432,1,595.3445,14781225337507930917
fusion8_c,33554432,1,526.2177,14781225337507930917
btree16_bl_a64,33554432,1,206.9275,14781225337507930917
btree8_a64,33554432,1,434.1461,14781225337507930917
sorted_array,33554432,2,756.0318,14781225337507930917
btree8,33554432,2,435.9482,14781225337507930917
fusion8_c,33554432,2,512.9074,14781225337507930917
fusion16_w,33554432,2,612.1506,14781225337507930917
btree8_a64,33554432,2,435.0037,14781225337507930917
btree16_bl_a64,33554432,2,204.6631,14781225337507930917
btree8_bl,33554432,2,146.4432,14781225337507930917
fusion8,33554432,2,576.2985,14781225337507930917
fusion8_bf,33554432,2,564.3417,14781225337507930917
btree8_bl_a64,33554432,2,138.9648,14781225337507930917
fusion16_w,33554432,3,594.5358,14781225337507930917
sorted_array,33554432,3,754.8920,14781225337507930917
fusion8,33554432,3,564.7293,14781225337507930917
btree8_bl_a64,33554432,3,194.9829,14781225337507930917
fusion8_c,33554432,3,526.3092,14781225337507930917
btree8_a64,33554432,3,450.5630,14781225337507930917
btree8,33554432,3,438.8962,14781225337507930917
btree8_bl,33554432,3,147.4747,14781225337507930917
fusion8_bf,33554432,3,572.1313,14781225337507930917
btree16_bl_a64,33554432,3,203.8101,14781225337507930917
fusion16_w,33554432,4,598.7778,14781225337507930917
btree8_bl_a64,33554432,4,142.9352,14781225337507930917
sorted_array,33554432,4,760.4858,14781225337507930917
btree8_bl,33554432,4,146.4767,14781225337507930917
fusion8,33554432,4,579.0909,14781225337507930917
fusion8_bf,33554432,4,575.7141,14781225337507930917
btree8,33554432,4,434.2728,14781225337507930917
fusion8_c,33554432,4,511.4151,14781225337507930917
btree8_a64,33554432,4,436.4670,14781225337507930917
btree16_bl_a64,33554432,4,213.6124,14781225337507930917
fusion8,33554432,5,632.8552,14781225337507930917
fusion8_c,33554432,5,521.4401,14781225337507930917
btree16_bl_a64,33554432,5,212.9898,14781225337507930917
btree8_a64,33554432,5,440.8661,14781225337507930917
btree8_bl_a64,33554432,5,138.5406,14781225337507930917
btree8_bl,33554432,5,147.3709,14781225337507930917
fusion16_w,33554432,5,590.2405,14781225337507930917
fusion8_bf,33554432,5,574.7543,14781225337507930917
sorted_array,33554432,5,755.2032,14781225337507930917
btree8,33554432,5,430.4672,14781225337507930917
fusion8_bf,33554432,6,551.0452,14781225337507930917
fusion16_w,33554432,6,606.1584,14781225337507930917
btree8,33554432,6,431.1813,14781225337507930917
btree8_bl_a64,33554432,6,203.2791,14781225337507930917
fusion8_c,33554432,6,573.6740,14781225337507930917
sorted_array,33554432,6,767.9367,14781225337507930917
fusion8,33554432,6,586.9339,14781225337507930917
btree16_bl_a64,33554432,6,208.6365,14781225337507930917
btree8_a64,33554432,6,445.4559,14781225337507930917
btree8_bl,33554432,6,150.0732,14781225337507930917
fusion16_w,33554432,7,605.0156,14781225337507930917
btree8_bl_a64,33554432,7,142.2440,14781225337507930917
btree16_bl_a64,33554432,7,205.5283,14781225337507930917
btree8_bl,33554432,7,156.8665,14781225337507930917
fusion8_c,33554432,7,531.5414,14781225337507930917
fusion8_bf,33554432,7,589.7919,14781225337507930917
sorted_array,33554432,7,765.3503,14781225337507930917
btree8_a64,33554432,7,438.2614,14781225337507930917
fusion8,33554432,7,577.8946,14781225337507930917
btree8,33554432,7,443.9789,14781225337507930917
btree8_bl_a64,33554432,8,138.8641,14781225337507930917
fusion8_c,33554432,8,534.0775,14781225337507930917
fusion8,33554432,8,575.9995,14781225337507930917
fusion8_bf,33554432,8,579.3182,14781225337507930917
btree16_bl_a64,33554432,8,206.7459,14781225337507930917
btree8_a64,33554432,8,454.8782,14781225337507930917
sorted_array,33554432,8,764.9643,14781225337507930917
btree8_bl,33554432,8,148.0667,14781225337507930917
btree8,33554432,8,443.5074,14781225337507930917
fusion16_w,33554432,8,582.8415,14781225337507930917
btree8_a64,33554432,9,452.9770,14781225337507930917
btree8_bl,33554432,9,147.3999,14781225337507930917
btree8,33554432,9,441.0645,14781225337507930917
btree16_bl_a64,33554432,9,204.2892,14781225337507930917
fusion8,33554432,9,583.9508,14781225337507930917
fusion8_c,33554432,9,538.1042,14781225337507930917
fusion8_bf,33554432,9,586.7889,14781225337507930917
sorted_array,33554432,9,764.9841,14781225337507930917
btree8_bl_a64,33554432,9,171.7926,14781225337507930917
fusion16_w,33554432,9,593.3395,14781225337507930917
btree8_a64,33554432,10,429.1763,14781225337507930917
btree16_bl_a64,33554432,10,205.8975,14781225337507930917
btree8,33554432,10,478.7033,14781225337507930917
fusion16_w,33554432,10,578.2089,14781225337507930917
sorted_array,33554432,10,762.1002,14781225337507930917
btree8_bl,33554432,10,146.0587,14781225337507930917
fusion8_c,33554432,10,510.4782,14781225337507930917
fusion8_bf,33554432,10,595.2164,14781225337507930917
fusion8,33554432,10,578.7277,14781225337507930917
btree8_bl_a64,33554432,10,143.3640,14781225337507930917
fusion8_bf,33554432,11,585.2478,14781225337507930917
fusion8,33554432,11,554.1260,14781225337507930917
btree16_bl_a64,33554432,11,218.3487,14781225337507930917
btree8_bl,33554432,11,156.1935,14781225337507930917
fusion16_w,33554432,11,600.5768,14781225337507930917
sorted_array,33554432,11,764.2639,14781225337507930917
fusion8_c,33554432,11,543.9407,14781225337507930917
btree8,33554432,11,442.2501,14781225337507930917
btree8_a64,33554432,11,434.7061,14781225337507930917
btree8_bl_a64,33554432,11,140.3763,14781225337507930917
btree8_bl,33554432,12,152.9388,14781225337507930917
fusion8_c,33554432,12,545.1401,14781225337507930917
fusion16_w,33554432,12,587.2330,14781225337507930917
btree8_a64,33554432,12,439.9170,14781225337507930917
fusion8_bf,33554432,12,582.3532,14781225337507930917
sorted_array,33554432,12,754.4189,14781225337507930917
fusion8,33554432,12,560.4507,14781225337507930917
btree8,33554432,12,426.7349,14781225337507930917
btree16_bl_a64,33554432,12,204.2099,14781225337507930917
btree8_bl_a64,33554432,12,144.4260,14781225337507930917
btree8_a64,33554432,13,426.1276,14781225337507930917
fusion8,33554432,13,555.6808,14781225337507930917
fusion8_bf,33554432,13,564.8315,14781225337507930917
btree8_bl_a64,33554432,13,174.0738,14781225337507930917
btree8_bl,33554432,13,144.6060,14781225337507930917
fusion8_c,33554432,13,514.9170,14781225337507930917
btree16_bl_a64,33554432,13,204.3472,14781225337507930917
sorted_array,33554432,13,751.8753,14781225337507930917
btree8,33554432,13,433.7723,14781225337507930917
fusion16_w,33554432,13,570.8771,14781225337507930917
fusion16_w,33554432,14,498.0255,14781225337507930917
btree8_bl_a64,33554432,14,187.8098,14781225337507930917
fusion8_c,33554432,14,524.7238,14781225337507930917
btree8_a64,33554432,14,434.1431,14781225337507930917
sorted_array,33554432,14,764.8834,14781225337507930917
fusion8,33554432,14,560.3271,14781225337507930917
btree16_bl_a64,33554432,14,210.6186,14781225337507930917
btree8_bl,33554432,14,151.9669,14781225337507930917
fusion8_bf,33554432,14,558.8715,14781225337507930917
btree8,33554432,14,426.9806,14781225337507930917
