structure,n,rep,ns_per_query,checksum
sorted_array,256,0,13.0630,3802318259966007189
sorted_array,256,1,13.1210,3802318259966007189
sorted_array,256,2,13.0630,3802318259966007189
sorted_array,256,3,13.1058,3802318259966007189
sorted_array,256,4,13.0661,3802318259966007189
sorted_array,256,5,13.1042,3802318259966007189
sorted_array,256,6,13.0646,3802318259966007189
sorted_array,256,7,13.0890,3802318259966007189
sorted_array,256,8,13.1012,3802318259966007189
sorted_array,256,9,13.1226,3802318259966007189
sorted_array,256,10,13.0646,3802318259966007189
sorted_array,256,11,13.0646,3802318259966007189
sorted_array,256,12,13.0997,3802318259966007189
sorted_array,256,13,13.0630,3802318259966007189
sorted_array,256,14,13.1027,3802318259966007189
btree8,256,0,21.3440,3802318259966007189
btree8,256,1,20.9579,3802318259966007189
btree8,256,2,20.9351,3802318259966007189
btree8,256,3,20.8557,3802318259966007189
btree8,256,4,20.8099,3802318259966007189
btree8,256,5,20.8374,3802318259966007189
btree8,256,6,20.7932,3802318259966007189
btree8,256,7,21.1075,3802318259966007189
btree8,256,8,20.6360,3802318259966007189
btree8,256,9,20.9991,3802318259966007189
btree8,256,10,21.0266,3802318259966007189
btree8,256,11,21.0266,3802318259966007189
btree8,256,12,21.0205,3802318259966007189
btree8,256,13,21.0159,3802318259966007189
btree8,256,14,20.9442,3802318259966007189
btree8_bl,256,0,22.3938,3802318259966007189
btree8_bl,256,1,22.2473,3802318259966007189
btree8_bl,256,2,22.1176,3802318259966007189
btree8_bl,256,3,21.7682,3802318259966007189
btree8_bl,256,4,21.7300,3802318259966007189
btree8_bl,256,5,21.6721,3802318259966007189
btree8_bl,256,6,21.6370,3802318259966007189
btree8_bl,256,7,21.6125,3802318259966007189
btree8_bl,256,8,21.8063,3802318259966007189
btree8_bl,256,9,21.8109,3802318259966007189
btree8_bl,256,10,21.7392,3802318259966007189
btree8_bl,256,11,21.6507,3802318259966007189
btree8_bl,256,12,21.5927,3802318259966007189
btree8_bl,256,13,21.6248,3802318259966007189
btree8_bl,256,14,22.0215,3802318259966007189
btree8_a64,256,0,20.4346,3802318259966007189
btree8_a64,256,1,20.0684,3802318259966007189
btree8_a64,256,2,20.0684,3802318259966007189
btree8_a64,256,3,20.0760,3802318259966007189
btree8_a64,256,4,20.0043,3802318259966007189
btree8_a64,256,5,19.9829,3802318259966007189
btree8_a64,256,6,20.0027,3802318259966007189
btree8_a64,256,7,19.9997,3802318259966007189
btree8_a64,256,8,19.9783,3802318259966007189
btree8_a64,256,9,19.9783,3802318259966007189
btree8_a64,256,10,20.0089,3802318259966007189
btree8_a64,256,11,19.9219,3802318259966007189
btree8_a64,256,12,19.8776,3802318259966007189
btree8_a64,256,13,19.9356,3802318259966007189
btree8_a64,256,14,19.9402,3802318259966007189
btree8_bl_a64,256,0,20.3506,3802318259966007189
btree8_bl_a64,256,1,20.2240,3802318259966007189
btree8_bl_a64,256,2,20.1340,3802318259966007189
btree8_bl_a64,256,3,20.1721,3802318259966007189
btree8_bl_a64,256,4,20.1355,3802318259966007189
btree8_bl_a64,256,5,20.0668,3802318259966007189
btree8_bl_a64,256,6,20.0943,3802318259966007189
btree8_bl_a64,256,7,20.1370,3802318259966007189
btree8_bl_a64,256,8,20.1202,3802318259966007189
btree8_bl_a64,256,9,20.2927,3802318259966007189
btree8_bl_a64,256,10,20.2515,3802318259966007189
btree8_bl_a64,256,11,20.0806,3802318259966007189
btree8_bl_a64,256,12,20.1157,3802318259966007189
btree8_bl_a64,256,13,20.1447,3802318259966007189
btree8_bl_a64,256,14,20.1523,3802318259966007189
btree16_bl_a64,256,0,14.0610,3802318259966007189
btree16_bl_a64,256,1,14.0839,3802318259966007189
btree16_bl_a64,256,2,14.0457,3802318259966007189
btree16_bl_a64,256,3,14.0701,3802318259966007189
btree16_bl_a64,256,4,14.0167,3802318259966007189
btree16_bl_a64,256,5,14.0366,3802318259966007189
btree16_bl_a64,256,6,13.9893,3802318259966007189
btree16_bl_a64,256,7,14.0259,3802318259966007189
btree16_bl_a64,256,8,13.9771,3802318259966007189
btree16_bl_a64,256,9,14.0411,3802318259966007189
btree16_bl_a64,256,10,13.9709,3802318259966007189
btree16_bl_a64,256,11,14.0167,3802318259966007189
btree16_bl_a64,256,12,13.9725,3802318259966007189
btree16_bl_a64,256,13,14.0045,3802318259966007189
btree16_bl_a64,256,14,13.9542,3802318259966007189
fusion8,256,0,39.8773,3802318259966007189
fusion8,256,1,39.6622,3802318259966007189
fusion8,256,2,39.7507,3802318259966007189
fusion8,256,3,39.7568,3802318259966007189
fusion8,256,4,39.6408,3802318259966007189
fusion8,256,5,39.4821,3802318259966007189
fusion8,256,6,39.4348,3802318259966007189
fusion8,256,7,39.4882,3802318259966007189
fusion8,256,8,39.3967,3802318259966007189
fusion8,256,9,39.4028,3802318259966007189
fusion8,256,10,39.3204,3802318259966007189
fusion8,256,11,39.3829,3802318259966007189
fusion8,256,12,39.4043,3802318259966007189
fusion8,256,13,39.3677,3802318259966007189
fusion8,256,14,39.4592,3802318259966007189
fusion8_bf,256,0,43.1747,3802318259966007189
fusion8_bf,256,1,43.2449,3802318259966007189
fusion8_bf,256,2,43.0878,3802318259966007189
fusion8_bf,256,3,43.1152,3802318259966007189
fusion8_bf,256,4,42.9718,3802318259966007189
fusion8_bf,256,5,42.9626,3802318259966007189
fusion8_bf,256,6,43.0496,3802318259966007189
fusion8_bf,256,7,43.0115,3802318259966007189
fusion8_bf,256,8,43.0771,3802318259966007189
fusion8_bf,256,9,43.0298,3802318259966007189
fusion8_bf,256,10,42.9764,3802318259966007189
fusion8_bf,256,11,43.0069,3802318259966007189
fusion8_bf,256,12,42.9535,3802318259966007189
fusion8_bf,256,13,43.0634,3802318259966007189
fusion8_bf,256,14,43.0435,3802318259966007189
fusion8_c,256,0,42.0013,3802318259966007189
fusion8_c,256,1,41.8076,3802318259966007189
fusion8_c,256,2,41.8137,3802318259966007189
fusion8_c,256,3,41.8396,3802318259966007189
fusion8_c,256,4,41.8625,3802318259966007189
fusion8_c,256,5,41.8839,3802318259966007189
fusion8_c,256,6,41.7694,3802318259966007189
fusion8_c,256,7,41.6916,3802318259966007189
fusion8_c,256,8,41.7450,3802318259966007189
fusion8_c,256,9,41.6672,3802318259966007189
fusion8_c,256,10,41.6214,3802318259966007189
fusion8_c,256,11,41.8411,3802318259966007189
fusion8_c,256,12,41.6870,3802318259966007189
fusion8_c,256,13,41.7664,3802318259966007189
fusion8_c,256,14,41.7755,3802318259966007189
fusion16_w,256,0,38.6642,3802318259966007189
fusion16_w,256,1,38.3896,3802318259966007189
fusion16_w,256,2,38.2980,3802318259966007189
fusion16_w,256,3,38.4460,3802318259966007189
fusion16_w,256,4,38.2950,3802318259966007189
fusion16_w,256,5,38.4384,3802318259966007189
fusion16_w,256,6,38.3698,3802318259966007189
fusion16_w,256,7,38.3362,3802318259966007189
fusion16_w,256,8,38.3896,3802318259966007189
fusion16_w,256,9,39.6286,3802318259966007189
fusion16_w,256,10,38.3514,3802318259966007189
fusion16_w,256,11,38.3728,3802318259966007189
fusion16_w,256,12,38.8809,3802318259966007189
fusion16_w,256,13,38.5559,3802318259966007189
fusion16_w,256,14,38.4552,3802318259966007189
sorted_array,512,0,14.3814,18445980686323395203
sorted_array,512,1,14.3341,18445980686323395203
sorted_array,512,2,14.3784,18445980686323395203
sorted_array,512,3,14.3433,18445980686323395203
sorted_array,512,4,14.3616,18445980686323395203
sorted_array,512,5,14.3448,18445980686323395203
sorted_array,512,6,14.3845,18445980686323395203
sorted_array,512,7,14.5142,18445980686323395203
sorted_array,512,8,14.3356,18445980686323395203
sorted_array,512,9,14.7507,18445980686323395203
sorted_array,512,10,16.4307,18445980686323395203
sorted_array,512,11,14.3906,18445980686323395203
sorted_array,512,12,14.3387,18445980686323395203
sorted_array,512,13,14.3768,18445980686323395203
sorted_array,512,14,14.4241,18445980686323395203
btree8,512,0,24.0906,18445980686323395203
btree8,512,1,23.8068,18445980686323395203
btree8,512,2,23.5367,18445980686323395203
btree8,512,3,23.5260,18445980686323395203
btree8,512,4,23.7427,18445980686323395203
btree8,512,5,23.5764,18445980686323395203
btree8,512,6,23.5336,18445980686323395203
btree8,512,7,23.7305,18445980686323395203
btree8,512,8,23.5580,18445980686323395203
btree8,512,9,23.4207,18445980686323395203
btree8,512,10,23.6435,18445980686323395203
btree8,512,11,23.6572,18445980686323395203
btree8,512,12,23.5336,18445980686323395203
btree8,512,13,23.7457,18445980686323395203
btree8,512,14,23.6267,18445980686323395203
btree8_bl,512,0,21.8414,18445980686323395203
btree8_bl,512,1,21.7972,18445980686323395203
btree8_bl,512,2,21.7850,18445980686323395203
btree8_bl,512,3,21.7285,18445980686323395203
btree8_bl,512,4,21.7728,18445980686323395203
btree8_bl,512,5,21.7789,18445980686323395203
btree8_bl,512,6,21.7865,18445980686323395203
btree8_bl,512,7,21.7773,18445980686323395203
btree8_bl,512,8,21.7896,18445980686323395203
btree8_bl,512,9,21.9299,18445980686323395203
btree8_bl,512,10,22.0032,18445980686323395203
btree8_bl,512,11,22.1680,18445980686323395203
btree8_bl,512,12,21.8079,18445980686323395203
btree8_bl,512,13,21.7789,18445980686323395203
btree8_bl,512,14,21.7865,18445980686323395203
btree8_a64,512,0,22.6013,18445980686323395203
btree8_a64,512,1,22.2610,18445980686323395203
btree8_a64,512,2,22.2015,18445980686323395203
btree8_a64,512,3,22.1817,18445980686323395203
btree8_a64,512,4,22.1436,18445980686323395203
btree8_a64,512,5,22.1451,18445980686323395203
btree8_a64,512,6,22.1390,18445980686323395203
btree8_a64,512,7,22.1298,18445980686323395203
btree8_a64,512,8,22.1512,18445980686323395203
btree8_a64,512,9,22.1252,18445980686323395203
btree8_a64,512,10,22.2961,18445980686323395203
btree8_a64,512,11,22.1817,18445980686323395203
btree8_a64,512,12,22.0993,18445980686323395203
btree8_a64,512,13,22.0444,18445980686323395203
btree8_a64,512,14,22.1924,18445980686323395203
btree8_bl_a64,512,0,19.5145,18445980686323395203
btree8_bl_a64,512,1,19.4717,18445980686323395203
btree8_bl_a64,512,2,19.3680,18445980686323395203
btree8_bl_a64,512,3,19.3924,18445980686323395203
btree8_bl_a64,512,4,19.3893,18445980686323395203
btree8_bl_a64,512,5,19.3359,18445980686323395203
btree8_bl_a64,512,6,19.3787,18445980686323395203
btree8_bl_a64,512,7,19.3741,18445980686323395203
btree8_bl_a64,512,8,19.3222,18445980686323395203
btree8_bl_a64,512,9,19.4046,18445980686323395203
btree8_bl_a64,512,10,19.3771,18445980686323395203
btree8_bl_a64,512,11,19.3283,18445980686323395203
btree8_bl_a64,512,12,19.3466,18445980686323395203
btree8_bl_a64,512,13,19.3527,18445980686323395203
btree8_bl_a64,512,14,19.3573,18445980686323395203
btree16_bl_a64,512,0,20.1614,18445980686323395203
btree16_bl_a64,512,1,20.0333,18445980686323395203
btree16_bl_a64,512,2,20.0150,18445980686323395203
btree16_bl_a64,512,3,19.9890,18445980686323395203
btree16_bl_a64,512,4,20.0104,18445980686323395203
btree16_bl_a64,512,5,19.9646,18445980686323395203
btree16_bl_a64,512,6,19.9570,18445980686323395203
btree16_bl_a64,512,7,19.8914,18445980686323395203
btree16_bl_a64,512,8,19.9402,18445980686323395203
btree16_bl_a64,512,9,19.9554,18445980686323395203
btree16_bl_a64,512,10,19.8944,18445980686323395203
btree16_bl_a64,512,11,19.9356,18445980686323395203
btree16_bl_a64,512,12,19.9997,18445980686323395203
btree16_bl_a64,512,13,19.9219,18445980686323395203
btree16_bl_a64,512,14,19.9570,18445980686323395203
fusion8,512,0,40.5594,18445980686323395203
fusion8,512,1,40.3214,18445980686323395203
fusion8,512,2,40.2557,18445980686323395203
fusion8,512,3,40.2679,18445980686323395203
fusion8,512,4,40.2130,18445980686323395203
fusion8,512,5,40.2817,18445980686323395203
fusion8,512,6,40.1306,18445980686323395203
fusion8,512,7,40.1932,18445980686323395203
fusion8,512,8,40.1703,18445980686323395203
fusion8,512,9,40.2115,18445980686323395203
fusion8,512,10,40.1367,18445980686323395203
fusion8,512,11,40.1871,18445980686323395203
fusion8,512,12,40.1047,18445980686323395203
fusion8,512,13,40.0787,18445980686323395203
fusion8,512,14,40.0726,18445980686323395203
fusion8_bf,512,0,45.5246,18445980686323395203
fusion8_bf,512,1,45.4086,18445980686323395203
fusion8_bf,512,2,45.2866,18445980686323395203
fusion8_bf,512,3,45.3781,18445980686323395203
fusion8_bf,512,4,45.3232,18445980686323395203
fusion8_bf,512,5,45.2805,18445980686323395203
fusion8_bf,512,6,45.2682,18445980686323395203
fusion8_bf,512,7,45.2377,18445980686323395203
fusion8_bf,512,8,45.3827,18445980686323395203
fusion8_bf,512,9,45.2225,18445980686323395203
fusion8_bf,512,10,45.2759,18445980686323395203
fusion8_bf,512,11,45.2576,18445980686323395203
fusion8_bf,512,12,45.2545,18445980686323395203
fusion8_bf,512,13,45.2271,18445980686323395203
fusion8_bf,512,14,45.3888,18445980686323395203
fusion8_c,512,0,44.2978,18445980686323395203
fusion8_c,512,1,44.2963,18445980686323395203
fusion8_c,512,2,44.2856,18445980686323395203
fusion8_c,512,3,44.2673,18445980686323395203
fusion8_c,512,4,45.1157,18445980686323395203
fusion8_c,512,5,44.2520,18445980686323395203
fusion8_c,512,6,44.2688,18445980686323395203
fusion8_c,512,7,44.2368,18445980686323395203
fusion8_c,512,8,44.2535,18445980686323395203
fusion8_c,512,9,44.2139,18445980686323395203
fusion8_c,512,10,44.2200,18445980686323395203
fusion8_c,512,11,44.2276,18445980686323395203
fusion8_c,512,12,44.2078,18445980686323395203
fusion8_c,512,13,44.2398,18445980686323395203
fusion8_c,512,14,44.2215,18445980686323395203
fusion16_w,512,0,50.8896,18445980686323395203
fusion16_w,512,1,50.6775,18445980686323395203
fusion16_w,512,2,50.7675,18445980686323395203
fusion16_w,512,3,50.6210,18445980686323395203
fusion16_w,512,4,50.5188,18445980686323395203
fusion16_w,512,5,50.5325,18445980686323395203
fusion16_w,512,6,50.4776,18445980686323395203
fusion16_w,512,7,50.5585,18445980686323395203
fusion16_w,512,8,50.5768,18445980686323395203
fusion16_w,512,9,50.5096,18445980686323395203
fusion16_w,512,10,50.5249,18445980686323395203
fusion16_w,512,11,50.5157,18445980686323395203
fusion16_w,512,12,50.6149,18445980686323395203
fusion16_w,512,13,50.5493,18445980686323395203
fusion16_w,512,14,50.5554,18445980686323395203
sorted_array,1024,0,15.7913,13330139387826418850
sorted_array,1024,1,15.7669,13330139387826418850
sorted_array,1024,2,15.7822,13330139387826418850
sorted_array,1024,3,15.7562,13330139387826418850
sorted_array,1024,4,15.7959,13330139387826418850
sorted_array,1024,5,15.7578,13330139387826418850
sorted_array,1024,6,15.7944,13330139387826418850
sorted_array,1024,7,15.7944,13330139387826418850
sorted_array,1024,8,15.7547,13330139387826418850
sorted_array,1024,9,15.7913,13330139387826418850
sorted_array,1024,10,15.7578,13330139387826418850
sorted_array,1024,11,15.8051,13330139387826418850
sorted_array,1024,12,15.7776,13330139387826418850
sorted_array,1024,13,15.7898,13330139387826418850
sorted_array,1024,14,15.7562,13330139387826418850
btree8,1024,0,27.3148,13330139387826418850
btree8,1024,1,26.9775,13330139387826418850
btree8,1024,2,26.7395,13330139387826418850
btree8,1024,3,26.8738,13330139387826418850
btree8,1024,4,26.8570,13330139387826418850
btree8,1024,5,26.8311,13330139387826418850
btree8,1024,6,26.4343,13330139387826418850
btree8,1024,7,26.7654,13330139387826418850
btree8,1024,8,26.8463,13330139387826418850
btree8,1024,9,26.6922,13330139387826418850
btree8,1024,10,26.7715,13330139387826418850
btree8,1024,11,26.6907,13330139387826418850
btree8,1024,12,26.7944,13330139387826418850
btree8,1024,13,26.7548,13330139387826418850
btree8,1024,14,26.7700,13330139387826418850
btree8_bl,1024,0,27.1652,13330139387826418850
btree8_bl,1024,1,27.0081,13330139387826418850
btree8_bl,1024,2,26.9638,13330139387826418850
btree8_bl,1024,3,26.9241,13330139387826418850
btree8_bl,1024,4,26.9043,13330139387826418850
btree8_bl,1024,5,26.8951,13330139387826418850
btree8_bl,1024,6,26.8875,13330139387826418850
btree8_bl,1024,7,26.8784,13330139387826418850
btree8_bl,1024,8,26.8936,13330139387826418850
btree8_bl,1024,9,26.8631,13330139387826418850
btree8_bl,1024,10,26.9424,13330139387826418850
btree8_bl,1024,11,26.8646,13330139387826418850
btree8_bl,1024,12,26.8555,13330139387826418850
btree8_bl,1024,13,26.8478,13330139387826418850
btree8_bl,1024,14,26.8616,13330139387826418850
btree8_a64,1024,0,26.2222,13330139387826418850
btree8_a64,1024,1,25.3479,13330139387826418850
btree8_a64,1024,2,25.4578,13330139387826418850
btree8_a64,1024,3,25.3494,13330139387826418850
btree8_a64,1024,4,25.3906,13330139387826418850
btree8_a64,1024,5,25.4654,13330139387826418850
btree8_a64,1024,6,25.3159,13330139387826418850
btree8_a64,1024,7,26.4740,13330139387826418850
btree8_a64,1024,8,38.8077,13330139387826418850
btree8_a64,1024,9,25.4135,13330139387826418850
btree8_a64,1024,10,25.3601,13330139387826418850
btree8_a64,1024,11,25.2380,13330139387826418850
btree8_a64,1024,12,25.2640,13330139387826418850
btree8_a64,1024,13,31.3110,13330139387826418850
btree8_a64,1024,14,25.3342,13330139387826418850
btree8_bl_a64,1024,0,25.2930,13330139387826418850
btree8_bl_a64,1024,1,25.0412,13330139387826418850
btree8_bl_a64,1024,2,25.0656,13330139387826418850
btree8_bl_a64,1024,3,25.0519,13330139387826418850
btree8_bl_a64,1024,4,25.0778,13330139387826418850
btree8_bl_a64,1024,5,25.0259,13330139387826418850
btree8_bl_a64,1024,6,25.0488,13330139387826418850
btree8_bl_a64,1024,7,25.0412,13330139387826418850
btree8_bl_a64,1024,8,25.0412,13330139387826418850
btree8_bl_a64,1024,9,24.9893,13330139387826418850
btree8_bl_a64,1024,10,25.0443,13330139387826418850
btree8_bl_a64,1024,11,25.0412,13330139387826418850
btree8_bl_a64,1024,12,25.0702,13330139387826418850
btree8_bl_a64,1024,13,25.0290,13330139387826418850
btree8_bl_a64,1024,14,25.0687,13330139387826418850
btree16_bl_a64,1024,0,22.2778,13330139387826418850
btree16_bl_a64,1024,1,21.8643,13330139387826418850
btree16_bl_a64,1024,2,21.7300,13330139387826418850
btree16_bl_a64,1024,3,21.7911,13330139387826418850
btree16_bl_a64,1024,4,21.9208,13330139387826418850
btree16_bl_a64,1024,5,21.7911,13330139387826418850
btree16_bl_a64,1024,6,21.7773,13330139387826418850
btree16_bl_a64,1024,7,21.7300,13330139387826418850
btree16_bl_a64,1024,8,21.7377,13330139387826418850
btree16_bl_a64,1024,9,21.7316,13330139387826418850
btree16_bl_a64,1024,10,21.7178,13330139387826418850
btree16_bl_a64,1024,11,21.7590,13330139387826418850
btree16_bl_a64,1024,12,21.7468,13330139387826418850
btree16_bl_a64,1024,13,21.7560,13330139387826418850
btree16_bl_a64,1024,14,21.7346,13330139387826418850
fusion8,1024,0,47.9462,13330139387826418850
fusion8,1024,1,47.1741,13330139387826418850
fusion8,1024,2,47.0779,13330139387826418850
fusion8,1024,3,47.1817,13330139387826418850
fusion8,1024,4,47.1390,13330139387826418850
fusion8,1024,5,47.5281,13330139387826418850
fusion8,1024,6,46.9772,13330139387826418850
fusion8,1024,7,47.1024,13330139387826418850
fusion8,1024,8,47.0886,13330139387826418850
fusion8,1024,9,47.0795,13330139387826418850
fusion8,1024,10,46.8399,13330139387826418850
fusion8,1024,11,46.7880,13330139387826418850
fusion8,1024,12,47.0947,13330139387826418850
fusion8,1024,13,47.0749,13330139387826418850
fusion8,1024,14,47.0261,13330139387826418850
fusion8_bf,1024,0,55.2277,13330139387826418850
fusion8_bf,1024,1,54.4510,13330139387826418850
fusion8_bf,1024,2,54.3655,13330139387826418850
fusion8_bf,1024,3,54.2160,13330139387826418850
fusion8_bf,1024,4,54.2679,13330139387826418850
fusion8_bf,1024,5,54.2755,13330139387826418850
fusion8_bf,1024,6,54.3152,13330139387826418850
fusion8_bf,1024,7,54.3182,13330139387826418850
fusion8_bf,1024,8,54.3289,13330139387826418850
fusion8_bf,1024,9,54.3076,13330139387826418850
fusion8_bf,1024,10,54.1901,13330139387826418850
fusion8_bf,1024,11,54.2099,13330139387826418850
fusion8_bf,1024,12,54.2038,13330139387826418850
fusion8_bf,1024,13,54.1870,13330139387826418850
fusion8_bf,1024,14,54.2862,13330139387826418850
fusion8_c,1024,0,53.5812,13330139387826418850
fusion8_c,1024,1,53.2623,13330139387826418850
fusion8_c,1024,2,53.2639,13330139387826418850
fusion8_c,1024,3,53.4225,13330139387826418850
fusion8_c,1024,4,53.2394,13330139387826418850
fusion8_c,1024,5,53.2608,13330139387826418850
fusion8_c,1024,6,53.2928,13330139387826418850
fusion8_c,1024,7,53.2578,13330139387826418850
fusion8_c,1024,8,53.2135,13330139387826418850
fusion8_c,1024,9,53.2578,13330139387826418850
fusion8_c,1024,10,53.2394,13330139387826418850
fusion8_c,1024,11,53.2181,13330139387826418850
fusion8_c,1024,12,53.4210,13330139387826418850
fusion8_c,1024,13,53.2349,13330139387826418850
fusion8_c,1024,14,53.2501,13330139387826418850
fusion16_w,1024,0,56.6956,13330139387826418850
fusion16_w,1024,1,56.4316,13330139387826418850
fusion16_w,1024,2,56.4255,13330139387826418850
fusion16_w,1024,3,56.4056,13330139387826418850
fusion16_w,1024,4,56.3614,13330139387826418850
fusion16_w,1024,5,56.4102,13330139387826418850
fusion16_w,1024,6,56.4407,13330139387826418850
fusion16_w,1024,7,56.3766,13330139387826418850
fusion16_w,1024,8,56.4041,13330139387826418850
fusion16_w,1024,9,56.3354,13330139387826418850
fusion16_w,1024,10,56.2866,13330139387826418850
fusion16_w,1024,11,56.3187,13330139387826418850
fusion16_w,1024,12,56.3095,13330139387826418850
fusion16_w,1024,13,56.3049,13330139387826418850
fusion16_w,1024,14,56.4636,13330139387826418850
sorted_array,2048,0,17.2592,8649855807846794996
sorted_array,2048,1,17.2928,8649855807846794996
sorted_array,2048,2,17.2485,8649855807846794996
sorted_array,2048,3,17.2867,8649855807846794996
sorted_array,2048,4,17.2653,8649855807846794996
sorted_array,2048,5,17.2470,8649855807846794996
sorted_array,2048,6,17.2653,8649855807846794996
sorted_array,2048,7,17.2714,8649855807846794996
sorted_array,2048,8,17.2485,8649855807846794996
sorted_array,2048,9,17.2623,8649855807846794996
sorted_array,2048,10,17.2684,8649855807846794996
sorted_array,2048,11,17.2485,8649855807846794996
sorted_array,2048,12,17.2867,8649855807846794996
sorted_array,2048,13,17.2470,8649855807846794996
sorted_array,2048,14,17.2913,8649855807846794996
btree8,2048,0,30.6564,8649855807846794996
btree8,2048,1,30.1346,8649855807846794996
btree8,2048,2,30.0949,8649855807846794996
btree8,2048,3,30.2475,8649855807846794996
btree8,2048,4,30.1331,8649855807846794996
btree8,2048,5,29.8645,8649855807846794996
btree8,2048,6,29.9088,8649855807846794996
btree8,2048,7,30.0400,8649855807846794996
btree8,2048,8,30.0354,8649855807846794996
btree8,2048,9,29.8553,8649855807846794996
btree8,2048,10,29.7668,8649855807846794996
btree8,2048,11,30.0400,8649855807846794996
btree8,2048,12,29.9805,8649855807846794996
btree8,2048,13,29.6753,8649855807846794996
btree8,2048,14,29.6570,8649855807846794996
btree8_bl,2048,0,29.3732,8649855807846794996
btree8_bl,2048,1,29.2374,8649855807846794996
btree8_bl,2048,2,29.2099,8649855807846794996
btree8_bl,2048,3,29.1748,8649855807846794996
btree8_bl,2048,4,29.1367,8649855807846794996
btree8_bl,2048,5,29.2465,8649855807846794996
btree8_bl,2048,6,29.1153,8649855807846794996
btree8_bl,2048,7,29.1122,8649855807846794996
btree8_bl,2048,8,29.1580,8649855807846794996
btree8_bl,2048,9,29.1748,8649855807846794996
btree8_bl,2048,10,29.2252,8649855807846794996
btree8_bl,2048,11,29.2282,8649855807846794996
btree8_bl,2048,12,29.1290,8649855807846794996
btree8_bl,2048,13,29.2374,8649855807846794996
btree8_bl,2048,14,29.2969,8649855807846794996
btree8_a64,2048,0,29.4983,8649855807846794996
btree8_a64,2048,1,29.1275,8649855807846794996
btree8_a64,2048,2,29.0573,8649855807846794996
btree8_a64,2048,3,29.0131,8649855807846794996
btree8_a64,2048,4,29.0848,8649855807846794996
btree8_a64,2048,5,29.0207,8649855807846794996
btree8_a64,2048,6,29.1870,8649855807846794996
btree8_a64,2048,7,29.1031,8649855807846794996
btree8_a64,2048,8,29.0649,8649855807846794996
btree8_a64,2048,9,29.0329,8649855807846794996
btree8_a64,2048,10,29.0421,8649855807846794996
btree8_a64,2048,11,29.0085,8649855807846794996
btree8_a64,2048,12,28.9841,8649855807846794996
btree8_a64,2048,13,28.9703,8649855807846794996
btree8_a64,2048,14,29.0207,8649855807846794996
btree8_bl_a64,2048,0,27.0279,8649855807846794996
btree8_bl_a64,2048,1,26.8890,8649855807846794996
btree8_bl_a64,2048,2,26.7853,8649855807846794996
btree8_bl_a64,2048,3,26.7151,8649855807846794996
btree8_bl_a64,2048,4,26.6876,8649855807846794996
btree8_bl_a64,2048,5,26.6495,8649855807846794996
btree8_bl_a64,2048,6,26.6342,8649855807846794996
btree8_bl_a64,2048,7,26.6647,8649855807846794996
btree8_bl_a64,2048,8,26.6037,8649855807846794996
btree8_bl_a64,2048,9,26.7746,8649855807846794996
btree8_bl_a64,2048,10,26.7075,8649855807846794996
btree8_bl_a64,2048,11,26.6876,8649855807846794996
btree8_bl_a64,2048,12,26.6708,8649855807846794996
btree8_bl_a64,2048,13,26.6937,8649855807846794996
btree8_bl_a64,2048,14,26.6846,8649855807846794996
btree16_bl_a64,2048,0,21.5942,8649855807846794996
btree16_bl_a64,2048,1,21.5332,8649855807846794996
btree16_bl_a64,2048,2,21.5210,8649855807846794996
btree16_bl_a64,2048,3,21.4951,8649855807846794996
btree16_bl_a64,2048,4,21.5378,8649855807846794996
btree16_bl_a64,2048,5,21.4935,8649855807846794996
btree16_bl_a64,2048,6,21.4478,8649855807846794996
btree16_bl_a64,2048,7,21.4767,8649855807846794996
btree16_bl_a64,2048,8,21.4722,8649855807846794996
btree16_bl_a64,2048,9,21.5149,8649855807846794996
btree16_bl_a64,2048,10,21.4951,8649855807846794996
btree16_bl_a64,2048,11,21.4111,8649855807846794996
btree16_bl_a64,2048,12,21.5775,8649855807846794996
btree16_bl_a64,2048,13,21.4752,8649855807846794996
btree16_bl_a64,2048,14,21.4294,8649855807846794996
fusion8,2048,0,55.6549,8649855807846794996
fusion8,2048,1,55.2780,8649855807846794996
fusion8,2048,2,55.0461,8649855807846794996
fusion8,2048,3,54.9667,8649855807846794996
fusion8,2048,4,55.6641,8649855807846794996
fusion8,2048,5,59.5062,8649855807846794996
fusion8,2048,6,54.9789,8649855807846794996
fusion8,2048,7,55.0247,8649855807846794996
fusion8,2048,8,55.0095,8649855807846794996
fusion8,2048,9,55.1804,8649855807846794996
fusion8,2048,10,55.0507,8649855807846794996
fusion8,2048,11,55.1315,8649855807846794996
fusion8,2048,12,54.9835,8649855807846794996
fusion8,2048,13,55.0430,8649855807846794996
fusion8,2048,14,54.9377,8649855807846794996
fusion8_bf,2048,0,61.2823,8649855807846794996
fusion8_bf,2048,1,60.3546,8649855807846794996
fusion8_bf,2048,2,60.4736,8649855807846794996
fusion8_bf,2048,3,60.3088,8649855807846794996
fusion8_bf,2048,4,60.2600,8649855807846794996
fusion8_bf,2048,5,60.2173,8649855807846794996
fusion8_bf,2048,6,60.3424,8649855807846794996
fusion8_bf,2048,7,60.2493,8649855807846794996
fusion8_bf,2048,8,60.2478,8649855807846794996
fusion8_bf,2048,9,60.2814,8649855807846794996
fusion8_bf,2048,10,60.3561,8649855807846794996
fusion8_bf,2048,11,60.0189,8649855807846794996
fusion8_bf,2048,12,60.2753,8649855807846794996
fusion8_bf,2048,13,60.2203,8649855807846794996
fusion8_bf,2048,14,60.0800,8649855807846794996
fusion8_c,2048,0,59.2178,8649855807846794996
fusion8_c,2048,1,58.7082,8649855807846794996
fusion8_c,2048,2,58.6990,8649855807846794996
fusion8_c,2048,3,58.7326,8649855807846794996
fusion8_c,2048,4,58.7692,8649855807846794996
fusion8_c,2048,5,58.7723,8649855807846794996
fusion8_c,2048,6,58.7036,8649855807846794996
fusion8_c,2048,7,58.8425,8649855807846794996
fusion8_c,2048,8,58.7143,8649855807846794996
fusion8_c,2048,9,58.7524,8649855807846794996
fusion8_c,2048,10,58.6990,8649855807846794996
fusion8_c,2048,11,58.7189,8649855807846794996
fusion8_c,2048,12,58.7250,8649855807846794996
fusion8_c,2048,13,58.7189,8649855807846794996
fusion8_c,2048,14,58.9645,8649855807846794996
fusion16_w,2048,0,60.0647,8649855807846794996
fusion16_w,2048,1,60.3699,8649855807846794996
fusion16_w,2048,2,59.4925,8649855807846794996
fusion16_w,2048,3,59.5032,8649855807846794996
fusion16_w,2048,4,59.5444,8649855807846794996
fusion16_w,2048,5,59.6420,8649855807846794996
fusion16_w,2048,6,59.5474,8649855807846794996
fusion16_w,2048,7,59.5856,8649855807846794996
fusion16_w,2048,8,59.5169,8649855807846794996
fusion16_w,2048,9,59.8236,8649855807846794996
fusion16_w,2048,10,59.5306,8649855807846794996
fusion16_w,2048,11,59.5856,8649855807846794996
fusion16_w,2048,12,59.5001,8649855807846794996
fusion16_w,2048,13,59.5123,8649855807846794996
fusion16_w,2048,14,59.4986,8649855807846794996
sorted_array,4096,0,18.7149,201817674810245547
sorted_array,4096,1,18.6676,201817674810245547
sorted_array,4096,2,18.6844,201817674810245547
sorted_array,4096,3,18.7042,201817674810245547
sorted_array,4096,4,18.6905,201817674810245547
sorted_array,4096,5,18.6951,201817674810245547
sorted_array,4096,6,18.6813,201817674810245547
sorted_array,4096,7,18.6523,201817674810245547
sorted_array,4096,8,18.6768,201817674810245547
sorted_array,4096,9,18.6905,201817674810245547
sorted_array,4096,10,18.7057,201817674810245547
sorted_array,4096,11,18.6676,201817674810245547
sorted_array,4096,12,18.7180,201817674810245547
sorted_array,4096,13,18.6691,201817674810245547
sorted_array,4096,14,18.7927,201817674810245547
btree8,4096,0,34.0256,201817674810245547
btree8,4096,1,33.5052,201817674810245547
btree8,4096,2,33.6411,201817674810245547
btree8,4096,3,33.4396,201817674810245547
btree8,4096,4,33.4442,201817674810245547
btree8,4096,5,33.4351,201817674810245547
btree8,4096,6,33.3893,201817674810245547
btree8,4096,7,33.2184,201817674810245547
btree8,4096,8,33.0811,201817674810245547
btree8,4096,9,33.2977,201817674810245547
btree8,4096,10,33.2458,201817674810245547
btree8,4096,11,33.3755,201817674810245547
btree8,4096,12,33.4686,201817674810245547
btree8,4096,13,33.3862,201817674810245547
btree8,4096,14,33.0933,201817674810245547
btree8_bl,4096,0,29.1809,201817674810245547
btree8_bl,4096,1,29.0329,201817674810245547
btree8_bl,4096,2,28.9413,201817674810245547
btree8_bl,4096,3,28.9200,201817674810245547
btree8_bl,4096,4,28.9337,201817674810245547
btree8_bl,4096,5,28.9261,201817674810245547
btree8_bl,4096,6,28.9856,201817674810245547
btree8_bl,4096,7,28.9032,201817674810245547
btree8_bl,4096,8,28.9032,201817674810245547
btree8_bl,4096,9,28.8910,201817674810245547
btree8_bl,4096,10,28.9322,201817674810245547
btree8_bl,4096,11,28.9444,201817674810245547
btree8_bl,4096,12,28.9352,201817674810245547
btree8_bl,4096,13,28.9215,201817674810245547
btree8_bl,4096,14,28.9108,201817674810245547
btree8_a64,4096,0,31.7688,201817674810245547
btree8_a64,4096,1,31.5201,201817674810245547
btree8_a64,4096,2,31.2668,201817674810245547
btree8_a64,4096,3,31.3034,201817674810245547
btree8_a64,4096,4,31.2683,201817674810245547
btree8_a64,4096,5,31.1615,201817674810245547
btree8_a64,4096,6,31.1676,201817674810245547
btree8_a64,4096,7,31.1234,201817674810245547
btree8_a64,4096,8,32.0694,201817674810245547
btree8_a64,4096,9,31.1340,201817674810245547
btree8_a64,4096,10,31.1264,201817674810245547
btree8_a64,4096,11,31.1600,201817674810245547
btree8_a64,4096,12,31.1340,201817674810245547
btree8_a64,4096,13,31.1172,201817674810245547
btree8_a64,4096,14,31.1417,201817674810245547
btree8_bl_a64,4096,0,26.7166,201817674810245547
btree8_bl_a64,4096,1,26.5503,201817674810245547
btree8_bl_a64,4096,2,26.4984,201817674810245547
btree8_bl_a64,4096,3,26.4801,201817674810245547
btree8_bl_a64,4096,4,26.4053,201817674810245547
btree8_bl_a64,4096,5,26.3977,201817674810245547
btree8_bl_a64,4096,6,26.4008,201817674810245547
btree8_bl_a64,4096,7,26.3931,201817674810245547
btree8_bl_a64,4096,8,26.3885,201817674810245547
btree8_bl_a64,4096,9,26.3901,201817674810245547
btree8_bl_a64,4096,10,26.5366,201817674810245547
btree8_bl_a64,4096,11,26.4389,201817674810245547
btree8_bl_a64,4096,12,26.4236,201817674810245547
btree8_bl_a64,4096,13,26.4496,201817674810245547
btree8_bl_a64,4096,14,26.4282,201817674810245547
btree16_bl_a64,4096,0,21.3684,201817674810245547
btree16_bl_a64,4096,1,21.3486,201817674810245547
btree16_bl_a64,4096,2,21.3379,201817674810245547
btree16_bl_a64,4096,3,21.3196,201817674810245547
btree16_bl_a64,4096,4,21.2830,201817674810245547
btree16_bl_a64,4096,5,21.2967,201817674810245547
btree16_bl_a64,4096,6,21.3242,201817674810245547
btree16_bl_a64,4096,7,21.3226,201817674810245547
btree16_bl_a64,4096,8,21.2753,201817674810245547
btree16_bl_a64,4096,9,21.2875,201817674810245547
btree16_bl_a64,4096,10,21.2982,201817674810245547
btree16_bl_a64,4096,11,21.3013,201817674810245547
btree16_bl_a64,4096,12,21.2708,201817674810245547
btree16_bl_a64,4096,13,21.3089,201817674810245547
btree16_bl_a64,4096,14,21.2845,201817674810245547
fusion8,4096,0,57.4188,201817674810245547
fusion8,4096,1,56.9580,201817674810245547
fusion8,4096,2,56.9275,201817674810245547
fusion8,4096,3,56.8741,201817674810245547
fusion8,4096,4,56.8008,201817674810245547
fusion8,4096,5,56.8985,201817674810245547
fusion8,4096,6,56.8634,201817674810245547
fusion8,4096,7,56.8848,201817674810245547
fusion8,4096,8,56.9427,201817674810245547
fusion8,4096,9,56.8497,201817674810245547
fusion8,4096,10,56.7978,201817674810245547
fusion8,4096,11,56.8176,201817674810245547
fusion8,4096,12,56.8298,201817674810245547
fusion8,4096,13,56.9244,201817674810245547
fusion8,4096,14,56.8741,201817674810245547
fusion8_bf,4096,0,64.0717,201817674810245547
fusion8_bf,4096,1,63.8580,201817674810245547
fusion8_bf,4096,2,63.9282,201817674810245547
fusion8_bf,4096,3,63.7512,201817674810245547
fusion8_bf,4096,4,63.7558,201817674810245547
fusion8_bf,4096,5,63.7436,201817674810245547
fusion8_bf,4096,6,63.7772,201817674810245547
fusion8_bf,4096,7,63.6719,201817674810245547
fusion8_bf,4096,8,63.7436,201817674810245547
fusion8_bf,4096,9,63.9023,201817674810245547
fusion8_bf,4096,10,64.0106,201817674810245547
fusion8_bf,4096,11,63.7970,201817674810245547
fusion8_bf,4096,12,63.9984,201817674810245547
fusion8_bf,4096,13,63.8260,201817674810245547
fusion8_bf,4096,14,63.7955,201817674810245547
fusion8_c,4096,0,61.5768,201817674810245547
fusion8_c,4096,1,61.4136,201817674810245547
fusion8_c,4096,2,61.3937,201817674810245547
fusion8_c,4096,3,61.5158,201817674810245547
fusion8_c,4096,4,61.4532,201817674810245547
fusion8_c,4096,5,61.4166,201817674810245547
fusion8_c,4096,6,61.4304,201817674810245547
fusion8_c,4096,7,61.4334,201817674810245547
fusion8_c,4096,8,61.3724,201817674810245547
fusion8_c,4096,9,61.3831,201817674810245547
fusion8_c,4096,10,61.4258,201817674810245547
fusion8_c,4096,11,61.5051,201817674810245547
fusion8_c,4096,12,61.4456,201817674810245547
fusion8_c,4096,13,61.5265,201817674810245547
fusion8_c,4096,14,61.3815,201817674810245547
fusion16_w,4096,0,59.7046,201817674810245547
fusion16_w,4096,1,59.6832,201817674810245547
fusion16_w,4096,2,59.7626,201817674810245547
fusion16_w,4096,3,59.6542,201817674810245547
fusion16_w,4096,4,59.7595,201817674810245547
fusion16_w,4096,5,59.7031,201817674810245547
fusion16_w,4096,6,59.6756,201817674810245547
fusion16_w,4096,7,59.7000,201817674810245547
fusion16_w,4096,8,59.7061,201817674810245547
fusion16_w,4096,9,59.6848,201817674810245547
fusion16_w,4096,10,59.6054,201817674810245547
fusion16_w,4096,11,59.6405,201817674810245547
fusion16_w,4096,12,59.6680,201817674810245547
fusion16_w,4096,13,59.7290,201817674810245547
fusion16_w,4096,14,59.6344,201817674810245547
sorted_array,8192,0,23.1049,14779494332775015852
sorted_array,8192,1,23.0087,14779494332775015852
sorted_array,8192,2,23.0209,14779494332775015852
sorted_array,8192,3,23.0988,14779494332775015852
sorted_array,8192,4,23.0148,14779494332775015852
sorted_array,8192,5,22.9660,14779494332775015852
sorted_array,8192,6,23.0179,14779494332775015852
sorted_array,8192,7,23.0194,14779494332775015852
sorted_array,8192,8,22.9980,14779494332775015852
sorted_array,8192,9,22.9965,14779494332775015852
sorted_array,8192,10,22.9599,14779494332775015852
sorted_array,8192,11,23.0026,14779494332775015852
sorted_array,8192,12,23.0057,14779494332775015852
sorted_array,8192,13,23.0133,14779494332775015852
sorted_array,8192,14,22.9980,14779494332775015852
btree8,8192,0,37.7777,14779494332775015852
btree8,8192,1,36.2762,14779494332775015852
btree8,8192,2,36.7599,14779494332775015852
btree8,8192,3,36.8759,14779494332775015852
btree8,8192,4,36.6425,14779494332775015852
btree8,8192,5,36.7905,14779494332775015852
btree8,8192,6,36.3724,14779494332775015852
btree8,8192,7,36.7615,14779494332775015852
btree8,8192,8,36.7722,14779494332775015852
btree8,8192,9,36.8042,14779494332775015852
btree8,8192,10,36.7920,14779494332775015852
btree8,8192,11,36.7981,14779494332775015852
btree8,8192,12,36.4883,14779494332775015852
btree8,8192,13,36.7035,14779494332775015852
btree8,8192,14,36.6470,14779494332775015852
btree8_bl,8192,0,35.7208,14779494332775015852
btree8_bl,8192,1,33.5693,14779494332775015852
btree8_bl,8192,2,33.6441,14779494332775015852
btree8_bl,8192,3,33.5098,14779494332775015852
btree8_bl,8192,4,33.6456,14779494332775015852
btree8_bl,8192,5,33.6472,14779494332775015852
btree8_bl,8192,6,33.4976,14779494332775015852
btree8_bl,8192,7,33.5175,14779494332775015852
btree8_bl,8192,8,33.5373,14779494332775015852
btree8_bl,8192,9,33.5098,14779494332775015852
btree8_bl,8192,10,33.4885,14779494332775015852
btree8_bl,8192,11,33.4961,14779494332775015852
btree8_bl,8192,12,33.4839,14779494332775015852
btree8_bl,8192,13,33.4839,14779494332775015852
btree8_bl,8192,14,33.5083,14779494332775015852
btree8_a64,8192,0,36.5860,14779494332775015852
btree8_a64,8192,1,34.8724,14779494332775015852
btree8_a64,8192,2,34.8404,14779494332775015852
btree8_a64,8192,3,34.8740,14779494332775015852
btree8_a64,8192,4,34.9075,14779494332775015852
btree8_a64,8192,5,34.8038,14779494332775015852
btree8_a64,8192,6,34.8343,14779494332775015852
btree8_a64,8192,7,34.8465,14779494332775015852
btree8_a64,8192,8,34.7977,14779494332775015852
btree8_a64,8192,9,34.8633,14779494332775015852
btree8_a64,8192,10,34.8373,14779494332775015852
btree8_a64,8192,11,34.8495,14779494332775015852
btree8_a64,8192,12,34.8587,14779494332775015852
btree8_a64,8192,13,34.8038,14779494332775015852
btree8_a64,8192,14,34.8373,14779494332775015852
btree8_bl_a64,8192,0,33.8882,14779494332775015852
btree8_bl_a64,8192,1,30.8578,14779494332775015852
btree8_bl_a64,8192,2,30.8121,14779494332775015852
btree8_bl_a64,8192,3,30.9784,14779494332775015852
btree8_bl_a64,8192,4,30.8090,14779494332775015852
btree8_bl_a64,8192,5,30.7770,14779494332775015852
btree8_bl_a64,8192,6,30.8090,14779494332775015852
btree8_bl_a64,8192,7,30.7220,14779494332775015852
btree8_bl_a64,8192,8,30.7480,14779494332775015852
btree8_bl_a64,8192,9,30.7617,14779494332775015852
btree8_bl_a64,8192,10,30.7480,14779494332775015852
btree8_bl_a64,8192,11,30.7617,14779494332775015852
btree8_bl_a64,8192,12,30.7388,14779494332775015852
btree8_bl_a64,8192,13,30.7526,14779494332775015852
btree8_bl_a64,8192,14,30.7434,14779494332775015852
btree16_bl_a64,8192,0,36.7523,14779494332775015852
btree16_bl_a64,8192,1,32.1136,14779494332775015852
btree16_bl_a64,8192,2,32.0206,14779494332775015852
btree16_bl_a64,8192,3,32.0679,14779494332775015852
btree16_bl_a64,8192,4,31.8207,14779494332775015852
btree16_bl_a64,8192,5,31.6132,14779494332775015852
btree16_bl_a64,8192,6,31.6254,14779494332775015852
btree16_bl_a64,8192,7,31.6269,14779494332775015852
btree16_bl_a64,8192,8,31.6284,14779494332775015852
btree16_bl_a64,8192,9,31.5887,14779494332775015852
btree16_bl_a64,8192,10,31.5521,14779494332775015852
btree16_bl_a64,8192,11,31.6895,14779494332775015852
btree16_bl_a64,8192,12,31.6010,14779494332775015852
btree16_bl_a64,8192,13,31.6086,14779494332775015852
btree16_bl_a64,8192,14,31.6010,14779494332775015852
fusion8,8192,0,67.8726,14779494332775015852
fusion8,8192,1,64.3341,14779494332775015852
fusion8,8192,2,64.3158,14779494332775015852
fusion8,8192,3,64.2151,14779494332775015852
fusion8,8192,4,64.2120,14779494332775015852
fusion8,8192,5,64.3509,14779494332775015852
fusion8,8192,6,64.1724,14779494332775015852
fusion8,8192,7,64.1998,14779494332775015852
fusion8,8192,8,64.2120,14779494332775015852
fusion8,8192,9,64.1937,14779494332775015852
fusion8,8192,10,64.0579,14779494332775015852
fusion8,8192,11,64.0518,14779494332775015852
fusion8,8192,12,64.2197,14779494332775015852
fusion8,8192,13,64.3311,14779494332775015852
fusion8,8192,14,64.2227,14779494332775015852
fusion8_bf,8192,0,74.3744,14779494332775015852
fusion8_bf,8192,1,72.0810,14779494332775015852
fusion8_bf,8192,2,71.9833,14779494332775015852
fusion8_bf,8192,3,71.9406,14779494332775015852
fusion8_bf,8192,4,72.0245,14779494332775015852
fusion8_bf,8192,5,72.0764,14779494332775015852
fusion8_bf,8192,6,72.0856,14779494332775015852
fusion8_bf,8192,7,72.0993,14779494332775015852
fusion8_bf,8192,8,72.0490,14779494332775015852
fusion8_bf,8192,9,71.9406,14779494332775015852
fusion8_bf,8192,10,72.0200,14779494332775015852
fusion8_bf,8192,11,72.0612,14779494332775015852
fusion8_bf,8192,12,72.1588,14779494332775015852
fusion8_bf,8192,13,72.0398,14779494332775015852
fusion8_bf,8192,14,72.0627,14779494332775015852
fusion8_c,8192,0,72.0825,14779494332775015852
fusion8_c,8192,1,70.4056,14779494332775015852
fusion8_c,8192,2,70.5292,14779494332775015852
fusion8_c,8192,3,70.1675,14779494332775015852
fusion8_c,8192,4,70.3979,14779494332775015852
fusion8_c,8192,5,70.4315,14779494332775015852
fusion8_c,8192,6,70.3781,14779494332775015852
fusion8_c,8192,7,70.4224,14779494332775015852
fusion8_c,8192,8,70.4880,14779494332775015852
fusion8_c,8192,9,70.4407,14779494332775015852
fusion8_c,8192,10,70.3842,14779494332775015852
fusion8_c,8192,11,70.4285,14779494332775015852
fusion8_c,8192,12,70.4010,14779494332775015852
fusion8_c,8192,13,70.4285,14779494332775015852
fusion8_c,8192,14,70.4041,14779494332775015852
fusion16_w,8192,0,79.3350,14779494332775015852
fusion16_w,8192,1,76.1322,14779494332775015852
fusion16_w,8192,2,76.4832,14779494332775015852
fusion16_w,8192,3,76.1246,14779494332775015852
fusion16_w,8192,4,76.0178,14779494332775015852
fusion16_w,8192,5,76.4709,14779494332775015852
fusion16_w,8192,6,76.4603,14779494332775015852
fusion16_w,8192,7,76.1276,14779494332775015852
fusion16_w,8192,8,76.1719,14779494332775015852
fusion16_w,8192,9,76.1200,14779494332775015852
fusion16_w,8192,10,76.0620,14779494332775015852
fusion16_w,8192,11,76.1383,14779494332775015852
fusion16_w,8192,12,75.9872,14779494332775015852
fusion16_w,8192,13,75.9872,14779494332775015852
fusion16_w,8192,14,75.9674,14779494332775015852
sorted_array,16384,0,29.6295,5257893481483210933
sorted_array,16384,1,29.2709,5257893481483210933
sorted_array,16384,2,29.2786,5257893481483210933
sorted_array,16384,3,29.3884,5257893481483210933
sorted_array,16384,4,29.2877,5257893481483210933
sorted_array,16384,5,29.2862,5257893481483210933
sorted_array,16384,6,29.2099,5257893481483210933
sorted_array,16384,7,29.2587,5257893481483210933
sorted_array,16384,8,29.2648,5257893481483210933
sorted_array,16384,9,29.2969,5257893481483210933
sorted_array,16384,10,29.3259,5257893481483210933
sorted_array,16384,11,29.2938,5257893481483210933
sorted_array,16384,12,29.3350,5257893481483210933
sorted_array,16384,13,29.3137,5257893481483210933
sorted_array,16384,14,29.2572,5257893481483210933
btree8,16384,0,50.5554,5257893481483210933
btree8,16384,1,46.7285,5257893481483210933
btree8,16384,2,46.7499,5257893481483210933
btree8,16384,3,46.6003,5257893481483210933
btree8,16384,4,46.6766,5257893481483210933
btree8,16384,5,46.6370,5257893481483210933
btree8,16384,6,46.5591,5257893481483210933
btree8,16384,7,46.5988,5257893481483210933
btree8,16384,8,46.6888,5257893481483210933
btree8,16384,9,46.5195,5257893481483210933
btree8,16384,10,46.5637,5257893481483210933
btree8,16384,11,47.6791,5257893481483210933
btree8,16384,12,46.5958,5257893481483210933
btree8,16384,13,46.6843,5257893481483210933
btree8,16384,14,46.5256,5257893481483210933
btree8_bl,16384,0,47.8241,5257893481483210933
btree8_bl,16384,1,40.7471,5257893481483210933
btree8_bl,16384,2,40.6250,5257893481483210933
btree8_bl,16384,3,40.6586,5257893481483210933
btree8_bl,16384,4,40.5411,5257893481483210933
btree8_bl,16384,5,40.6067,5257893481483210933
btree8_bl,16384,6,40.5762,5257893481483210933
btree8_bl,16384,7,40.7120,5257893481483210933
btree8_bl,16384,8,40.6372,5257893481483210933
btree8_bl,16384,9,40.5914,5257893481483210933
btree8_bl,16384,10,40.6174,5257893481483210933
btree8_bl,16384,11,40.5746,5257893481483210933
btree8_bl,16384,12,40.6265,5257893481483210933
btree8_bl,16384,13,40.5029,5257893481483210933
btree8_bl,16384,14,40.5411,5257893481483210933
btree8_a64,16384,0,49.4781,5257893481483210933
btree8_a64,16384,1,44.5923,5257893481483210933
btree8_a64,16384,2,44.5526,5257893481483210933
btree8_a64,16384,3,44.5114,5257893481483210933
btree8_a64,16384,4,44.6503,5257893481483210933
btree8_a64,16384,5,44.5099,5257893481483210933
btree8_a64,16384,6,44.4946,5257893481483210933
btree8_a64,16384,7,44.5328,5257893481483210933
btree8_a64,16384,8,44.4870,5257893481483210933
btree8_a64,16384,9,44.5221,5257893481483210933
btree8_a64,16384,10,44.5267,5257893481483210933
btree8_a64,16384,11,44.5969,5257893481483210933
btree8_a64,16384,12,44.6945,5257893481483210933
btree8_a64,16384,13,44.5648,5257893481483210933
btree8_a64,16384,14,44.5267,5257893481483210933
btree8_bl_a64,16384,0,44.7464,5257893481483210933
btree8_bl_a64,16384,1,38.4338,5257893481483210933
btree8_bl_a64,16384,2,38.3392,5257893481483210933
btree8_bl_a64,16384,3,38.5086,5257893481483210933
btree8_bl_a64,16384,4,38.3469,5257893481483210933
btree8_bl_a64,16384,5,38.3575,5257893481483210933
btree8_bl_a64,16384,6,38.4583,5257893481483210933
btree8_bl_a64,16384,7,38.3270,5257893481483210933
btree8_bl_a64,16384,8,38.3820,5257893481483210933
btree8_bl_a64,16384,9,38.5071,5257893481483210933
btree8_bl_a64,16384,10,38.3286,5257893481483210933
btree8_bl_a64,16384,11,38.4460,5257893481483210933
btree8_bl_a64,16384,12,38.3224,5257893481483210933
btree8_bl_a64,16384,13,38.3713,5257893481483210933
btree8_bl_a64,16384,14,38.3408,5257893481483210933
btree16_bl_a64,16384,0,47.7020,5257893481483210933
btree16_bl_a64,16384,1,35.2890,5257893481483210933
btree16_bl_a64,16384,2,34.9380,5257893481483210933
btree16_bl_a64,16384,3,34.8877,5257893481483210933
btree16_bl_a64,16384,4,34.8648,5257893481483210933
btree16_bl_a64,16384,5,34.8816,5257893481483210933
btree16_bl_a64,16384,6,35.6354,5257893481483210933
btree16_bl_a64,16384,7,34.9548,5257893481483210933
btree16_bl_a64,16384,8,34.8068,5257893481483210933
btree16_bl_a64,16384,9,34.8480,5257893481483210933
btree16_bl_a64,16384,10,34.8312,5257893481483210933
btree16_bl_a64,16384,11,34.8740,5257893481483210933
btree16_bl_a64,16384,12,34.7626,5257893481483210933
btree16_bl_a64,16384,13,34.8404,5257893481483210933
btree16_bl_a64,16384,14,34.8663,5257893481483210933
fusion8,16384,0,83.7799,5257893481483210933
fusion8,16384,1,76.7014,5257893481483210933
fusion8,16384,2,76.7288,5257893481483210933
fusion8,16384,3,76.6418,5257893481483210933
fusion8,16384,4,76.6022,5257893481483210933
fusion8,16384,5,76.5594,5257893481483210933
fusion8,16384,6,76.5869,5257893481483210933
fusion8,16384,7,76.5869,5257893481483210933
fusion8,16384,8,76.6663,5257893481483210933
fusion8,16384,9,76.5747,5257893481483210933
fusion8,16384,10,76.5869,5257893481483210933
fusion8,16384,11,76.6159,5257893481483210933
fusion8,16384,12,76.5717,5257893481483210933
fusion8,16384,13,76.5503,5257893481483210933
fusion8,16384,14,76.5625,5257893481483210933
fusion8_bf,16384,0,95.2606,5257893481483210933
fusion8_bf,16384,1,84.1934,5257893481483210933
fusion8_bf,16384,2,84.1782,5257893481483210933
fusion8_bf,16384,3,84.0988,5257893481483210933
fusion8_bf,16384,4,84.1110,5257893481483210933
fusion8_bf,16384,5,83.9966,5257893481483210933
fusion8_bf,16384,6,84.1949,5257893481483210933
fusion8_bf,16384,7,84.1599,5257893481483210933
fusion8_bf,16384,8,83.9432,5257893481483210933
fusion8_bf,16384,9,84.0500,5257893481483210933
fusion8_bf,16384,10,83.9844,5257893481483210933
fusion8_bf,16384,11,84.7198,5257893481483210933
fusion8_bf,16384,12,83.9493,5257893481483210933
fusion8_bf,16384,13,83.8211,5257893481483210933
fusion8_bf,16384,14,83.9462,5257893481483210933
fusion8_c,16384,0,91.3391,5257893481483210933
fusion8_c,16384,1,84.0591,5257893481483210933
fusion8_c,16384,2,83.3130,5257893481483210933
fusion8_c,16384,3,82.2128,5257893481483210933
fusion8_c,16384,4,82.1960,5257893481483210933
fusion8_c,16384,5,82.1671,5257893481483210933
fusion8_c,16384,6,83.0627,5257893481483210933
fusion8_c,16384,7,82.0084,5257893481483210933
fusion8_c,16384,8,81.9901,5257893481483210933
fusion8_c,16384,9,81.9962,5257893481483210933
fusion8_c,16384,10,81.9946,5257893481483210933
fusion8_c,16384,11,82.2647,5257893481483210933
fusion8_c,16384,12,82.0099,5257893481483210933
fusion8_c,16384,13,82.0663,5257893481483210933
fusion8_c,16384,14,82.0786,5257893481483210933
fusion16_w,16384,0,94.5984,5257893481483210933
fusion16_w,16384,1,83.4991,5257893481483210933
fusion16_w,16384,2,83.5541,5257893481483210933
fusion16_w,16384,3,83.4457,5257893481483210933
fusion16_w,16384,4,83.4915,5257893481483210933
fusion16_w,16384,5,83.4534,5257893481483210933
fusion16_w,16384,6,83.4488,5257893481483210933
fusion16_w,16384,7,83.6121,5257893481483210933
fusion16_w,16384,8,83.4412,5257893481483210933
fusion16_w,16384,9,83.4808,5257893481483210933
fusion16_w,16384,10,83.5373,5257893481483210933
fusion16_w,16384,11,83.5556,5257893481483210933
fusion16_w,16384,12,83.5159,5257893481483210933
fusion16_w,16384,13,83.5693,5257893481483210933
fusion16_w,16384,14,83.4244,5257893481483210933
sorted_array,32768,0,37.5885,8916881238133207675
sorted_array,32768,1,36.7340,8916881238133207675
sorted_array,32768,2,36.6592,8916881238133207675
sorted_array,32768,3,36.6623,8916881238133207675
sorted_array,32768,4,36.7035,8916881238133207675
sorted_array,32768,5,37.3917,8916881238133207675
sorted_array,32768,6,36.6974,8916881238133207675
sorted_array,32768,7,36.7142,8916881238133207675
sorted_array,32768,8,36.6714,8916881238133207675
sorted_array,32768,9,36.6562,8916881238133207675
sorted_array,32768,10,36.7264,8916881238133207675
sorted_array,32768,11,36.6394,8916881238133207675
sorted_array,32768,12,36.6516,8916881238133207675
sorted_array,32768,13,36.7340,8916881238133207675
sorted_array,32768,14,36.6638,8916881238133207675
btree8,32768,0,50.7187,8916881238133207675
btree8,32768,1,47.1176,8916881238133207675
btree8,32768,2,47.0810,8916881238133207675
btree8,32768,3,47.2107,8916881238133207675
btree8,32768,4,47.0703,8916881238133207675
btree8,32768,5,47.0642,8916881238133207675
btree8,32768,6,46.9727,8916881238133207675
btree8,32768,7,47.1527,8916881238133207675
btree8,32768,8,47.1863,8916881238133207675
btree8,32768,9,47.1985,8916881238133207675
btree8,32768,10,46.9589,8916881238133207675
btree8,32768,11,47.1405,8916881238133207675
btree8,32768,12,46.8979,8916881238133207675
btree8,32768,13,46.9681,8916881238133207675
btree8,32768,14,47.1466,8916881238133207675
btree8_bl,32768,0,48.0316,8916881238133207675
btree8_bl,32768,1,40.5945,8916881238133207675
btree8_bl,32768,2,40.5869,8916881238133207675
btree8_bl,32768,3,40.5609,8916881238133207675
btree8_bl,32768,4,40.7379,8916881238133207675
btree8_bl,32768,5,40.5670,8916881238133207675
btree8_bl,32768,6,40.4984,8916881238133207675
btree8_bl,32768,7,40.5060,8916881238133207675
btree8_bl,32768,8,40.4419,8916881238133207675
btree8_bl,32768,9,40.5548,8916881238133207675
btree8_bl,32768,10,40.4739,8916881238133207675
btree8_bl,32768,11,40.4877,8916881238133207675
btree8_bl,32768,12,40.4434,8916881238133207675
btree8_bl,32768,13,40.4739,8916881238133207675
btree8_bl,32768,14,40.4312,8916881238133207675
btree8_a64,32768,0,50.9583,8916881238133207675
btree8_a64,32768,1,45.0104,8916881238133207675
btree8_a64,32768,2,44.9020,8916881238133207675
btree8_a64,32768,3,45.0455,8916881238133207675
btree8_a64,32768,4,44.8563,8916881238133207675
btree8_a64,32768,5,44.9158,8916881238133207675
btree8_a64,32768,6,44.8593,8916881238133207675
btree8_a64,32768,7,45.0043,8916881238133207675
btree8_a64,32768,8,44.8135,8916881238133207675
btree8_a64,32768,9,44.8715,8916881238133207675
btree8_a64,32768,10,44.7296,8916881238133207675
btree8_a64,32768,11,44.5007,8916881238133207675
btree8_a64,32768,12,44.9692,8916881238133207675
btree8_a64,32768,13,44.8059,8916881238133207675
btree8_a64,32768,14,44.8730,8916881238133207675
btree8_bl_a64,32768,0,47.0795,8916881238133207675
btree8_bl_a64,32768,1,38.5208,8916881238133207675
btree8_bl_a64,32768,2,38.4460,8916881238133207675
btree8_bl_a64,32768,3,38.4979,8916881238133207675
btree8_bl_a64,32768,4,38.4674,8916881238133207675
btree8_bl_a64,32768,5,38.3957,8916881238133207675
btree8_bl_a64,32768,6,38.4064,8916881238133207675
btree8_bl_a64,32768,7,38.3835,8916881238133207675
btree8_bl_a64,32768,8,38.4247,8916881238133207675
btree8_bl_a64,32768,9,38.5422,8916881238133207675
btree8_bl_a64,32768,10,38.4430,8916881238133207675
btree8_bl_a64,32768,11,38.3652,8916881238133207675
btree8_bl_a64,32768,12,38.3835,8916881238133207675
btree8_bl_a64,32768,13,38.3881,8916881238133207675
btree8_bl_a64,32768,14,38.3530,8916881238133207675
btree16_bl_a64,32768,0,45.3934,8916881238133207675
btree16_bl_a64,32768,1,34.6695,8916881238133207675
btree16_bl_a64,32768,2,34.6420,8916881238133207675
btree16_bl_a64,32768,3,35.3439,8916881238133207675
btree16_bl_a64,32768,4,34.6375,8916881238133207675
btree16_bl_a64,32768,5,34.5856,8916881238133207675
btree16_bl_a64,32768,6,34.6176,8916881238133207675
btree16_bl_a64,32768,7,34.6146,8916881238133207675
btree16_bl_a64,32768,8,34.6344,8916881238133207675
btree16_bl_a64,32768,9,34.6283,8916881238133207675
btree16_bl_a64,32768,10,34.6130,8916881238133207675
btree16_bl_a64,32768,11,34.7321,8916881238133207675
btree16_bl_a64,32768,12,34.5947,8916881238133207675
btree16_bl_a64,32768,13,34.5963,8916881238133207675
btree16_bl_a64,32768,14,34.5963,8916881238133207675
fusion8,32768,0,91.0706,8916881238133207675
fusion8,32768,1,79.9667,8916881238133207675
fusion8,32768,2,80.1056,8916881238133207675
fusion8,32768,3,79.9545,8916881238133207675
fusion8,32768,4,79.9225,8916881238133207675
fusion8,32768,5,79.9225,8916881238133207675
fusion8,32768,6,79.8935,8916881238133207675
fusion8,32768,7,80.0171,8916881238133207675
fusion8,32768,8,79.9469,8916881238133207675
fusion8,32768,9,79.9454,8916881238133207675
fusion8,32768,10,79.9271,8916881238133207675
fusion8,32768,11,79.9179,8916881238133207675
fusion8,32768,12,79.9362,8916881238133207675
fusion8,32768,13,79.9072,8916881238133207675
fusion8,32768,14,79.9805,8916881238133207675
fusion8_bf,32768,0,95.5154,8916881238133207675
fusion8_bf,32768,1,88.0402,8916881238133207675
fusion8_bf,32768,2,88.2156,8916881238133207675
fusion8_bf,32768,3,87.8983,8916881238133207675
fusion8_bf,32768,4,87.7747,8916881238133207675
fusion8_bf,32768,5,87.8632,8916881238133207675
fusion8_bf,32768,6,87.6740,8916881238133207675
fusion8_bf,32768,7,87.8220,8916881238133207675
fusion8_bf,32768,8,87.7365,8916881238133207675
fusion8_bf,32768,9,87.8281,8916881238133207675
fusion8_bf,32768,10,87.7945,8916881238133207675
fusion8_bf,32768,11,88.0447,8916881238133207675
fusion8_bf,32768,12,87.7441,8916881238133207675
fusion8_bf,32768,13,87.8983,8916881238133207675
fusion8_bf,32768,14,87.7640,8916881238133207675
fusion8_c,32768,0,94.4672,8916881238133207675
fusion8_c,32768,1,86.8774,8916881238133207675
fusion8_c,32768,2,86.9766,8916881238133207675
fusion8_c,32768,3,86.9980,8916881238133207675
fusion8_c,32768,4,86.9278,8916881238133207675
fusion8_c,32768,5,86.8103,8916881238133207675
fusion8_c,32768,6,86.8439,8916881238133207675
fusion8_c,32768,7,86.6989,8916881238133207675
fusion8_c,32768,8,86.8866,8916881238133207675
fusion8_c,32768,9,87.0346,8916881238133207675
fusion8_c,32768,10,86.8713,8916881238133207675
fusion8_c,32768,11,86.9843,8916881238133207675
fusion8_c,32768,12,86.8576,8916881238133207675
fusion8_c,32768,13,87.0224,8916881238133207675
fusion8_c,32768,14,86.9049,8916881238133207675
fusion16_w,32768,0,99.0982,8916881238133207675
fusion16_w,32768,1,87.9364,8916881238133207675
fusion16_w,32768,2,87.8632,8916881238133207675
fusion16_w,32768,3,88.0020,8916881238133207675
fusion16_w,32768,4,87.8540,8916881238133207675
fusion16_w,32768,5,87.7335,8916881238133207675
fusion16_w,32768,6,87.7853,8916881238133207675
fusion16_w,32768,7,87.7487,8916881238133207675
fusion16_w,32768,8,87.8082,8916881238133207675
fusion16_w,32768,9,87.8128,8916881238133207675
fusion16_w,32768,10,87.8296,8916881238133207675
fusion16_w,32768,11,87.7350,8916881238133207675
fusion16_w,32768,12,87.7960,8916881238133207675
fusion16_w,32768,13,87.7762,8916881238133207675
fusion16_w,32768,14,87.7975,8916881238133207675
sorted_array,65536,0,48.9624,13538052259203909017
sorted_array,65536,1,46.6919,13538052259203909017
sorted_array,65536,2,46.7743,13538052259203909017
sorted_array,65536,3,46.7743,13538052259203909017
sorted_array,65536,4,46.8460,13538052259203909017
sorted_array,65536,5,46.8018,13538052259203909017
sorted_array,65536,6,48.8815,13538052259203909017
sorted_array,65536,7,46.7163,13538052259203909017
sorted_array,65536,8,46.7438,13538052259203909017
sorted_array,65536,9,46.8384,13538052259203909017
sorted_array,65536,10,46.7346,13538052259203909017
sorted_array,65536,11,47.3511,13538052259203909017
sorted_array,65536,12,46.7957,13538052259203909017
sorted_array,65536,13,46.7255,13538052259203909017
sorted_array,65536,14,46.7575,13538052259203909017
btree8,65536,0,58.6014,13538052259203909017
btree8,65536,1,52.9678,13538052259203909017
btree8,65536,2,52.6581,13538052259203909017
btree8,65536,3,52.7863,13538052259203909017
btree8,65536,4,52.7847,13538052259203909017
btree8,65536,5,52.6031,13538052259203909017
btree8,65536,6,52.4765,13538052259203909017
btree8,65536,7,52.5040,13538052259203909017
btree8,65536,8,52.6154,13538052259203909017
btree8,65536,9,52.6718,13538052259203909017
btree8,65536,10,52.3987,13538052259203909017
btree8,65536,11,52.4673,13538052259203909017
btree8,65536,12,52.6810,13538052259203909017
btree8,65536,13,52.6215,13538052259203909017
btree8,65536,14,52.5604,13538052259203909017
btree8_bl,65536,0,59.9915,13538052259203909017
btree8_bl,65536,1,44.1208,13538052259203909017
btree8_bl,65536,2,44.1025,13538052259203909017
btree8_bl,65536,3,44.1284,13538052259203909017
btree8_bl,65536,4,44.1010,13538052259203909017
btree8_bl,65536,5,44.1788,13538052259203909017
btree8_bl,65536,6,44.0933,13538052259203909017
btree8_bl,65536,7,44.0308,13538052259203909017
btree8_bl,65536,8,44.0048,13538052259203909017
btree8_bl,65536,9,44.0628,13538052259203909017
btree8_bl,65536,10,44.1727,13538052259203909017
btree8_bl,65536,11,44.0735,13538052259203909017
btree8_bl,65536,12,44.0781,13538052259203909017
btree8_bl,65536,13,43.9728,13538052259203909017
btree8_bl,65536,14,44.0689,13538052259203909017
btree8_a64,65536,0,61.6302,13538052259203909017
btree8_a64,65536,1,51.3977,13538052259203909017
btree8_a64,65536,2,51.3199,13538052259203909017
btree8_a64,65536,3,51.2344,13538052259203909017
btree8_a64,65536,4,51.1017,13538052259203909017
btree8_a64,65536,5,51.0941,13538052259203909017
btree8_a64,65536,6,51.1047,13538052259203909017
btree8_a64,65536,7,51.1017,13538052259203909017
btree8_a64,65536,8,51.0712,13538052259203909017
btree8_a64,65536,9,51.0178,13538052259203909017
btree8_a64,65536,10,51.0788,13538052259203909017
btree8_a64,65536,11,51.1658,13538052259203909017
btree8_a64,65536,12,51.0956,13538052259203909017
btree8_a64,65536,13,51.0651,13538052259203909017
btree8_a64,65536,14,51.0941,13538052259203909017
btree8_bl_a64,65536,0,56.9565,13538052259203909017
btree8_bl_a64,65536,1,42.6849,13538052259203909017
btree8_bl_a64,65536,2,42.5919,13538052259203909017
btree8_bl_a64,65536,3,42.6056,13538052259203909017
btree8_bl_a64,65536,4,42.6163,13538052259203909017
btree8_bl_a64,65536,5,42.5888,13538052259203909017
btree8_bl_a64,65536,6,42.5812,13538052259203909017
btree8_bl_a64,65536,7,42.5003,13538052259203909017
btree8_bl_a64,65536,8,42.5568,13538052259203909017
btree8_bl_a64,65536,9,42.5781,13538052259203909017
btree8_bl_a64,65536,10,42.6575,13538052259203909017
btree8_bl_a64,65536,11,42.6743,13538052259203909017
btree8_bl_a64,65536,12,42.5797,13538052259203909017
btree8_bl_a64,65536,13,42.5644,13538052259203909017
btree8_bl_a64,65536,14,42.5125,13538052259203909017
btree16_bl_a64,65536,0,47.5891,13538052259203909017
btree16_bl_a64,65536,1,34.6054,13538052259203909017
btree16_bl_a64,65536,2,34.4711,13538052259203909017
btree16_bl_a64,65536,3,34.4543,13538052259203909017
btree16_bl_a64,65536,4,34.4788,13538052259203909017
btree16_bl_a64,65536,5,34.4467,13538052259203909017
btree16_bl_a64,65536,6,34.4543,13538052259203909017
btree16_bl_a64,65536,7,34.4498,13538052259203909017
btree16_bl_a64,65536,8,34.5032,13538052259203909017
btree16_bl_a64,65536,9,34.4696,13538052259203909017
btree16_bl_a64,65536,10,34.4879,13538052259203909017
btree16_bl_a64,65536,11,34.4482,13538052259203909017
btree16_bl_a64,65536,12,34.4711,13538052259203909017
btree16_bl_a64,65536,13,34.4284,13538052259203909017
btree16_bl_a64,65536,14,34.4345,13538052259203909017
fusion8,65536,0,103.2471,13538052259203909017
fusion8,65536,1,86.7905,13538052259203909017
fusion8,65536,2,86.2305,13538052259203909017
fusion8,65536,3,86.2320,13538052259203909017
fusion8,65536,4,86.2152,13538052259203909017
fusion8,65536,5,86.4014,13538052259203909017
fusion8,65536,6,86.2396,13538052259203909017
fusion8,65536,7,86.1557,13538052259203909017
fusion8,65536,8,86.1267,13538052259203909017
fusion8,65536,9,86.1542,13538052259203909017
fusion8,65536,10,86.1801,13538052259203909017
fusion8,65536,11,87.4100,13538052259203909017
fusion8,65536,12,86.1542,13538052259203909017
fusion8,65536,13,86.1710,13538052259203909017
fusion8,65536,14,86.1877,13538052259203909017
fusion8_bf,65536,0,107.7225,13538052259203909017
fusion8_bf,65536,1,95.4956,13538052259203909017
fusion8_bf,65536,2,93.5623,13538052259203909017
fusion8_bf,65536,3,93.4769,13538052259203909017
fusion8_bf,65536,4,93.3304,13538052259203909017
fusion8_bf,65536,5,93.3731,13538052259203909017
fusion8_bf,65536,6,93.5532,13538052259203909017
fusion8_bf,65536,7,93.4326,13538052259203909017
fusion8_bf,65536,8,93.3304,13538052259203909017
fusion8_bf,65536,9,93.4235,13538052259203909017
fusion8_bf,65536,10,93.3685,13538052259203909017
fusion8_bf,65536,11,93.5760,13538052259203909017
fusion8_bf,65536,12,93.4158,13538052259203909017
fusion8_bf,65536,13,93.3762,13538052259203909017
fusion8_bf,65536,14,93.3380,13538052259203909017
fusion8_c,65536,0,110.6735,13538052259203909017
fusion8_c,65536,1,92.5308,13538052259203909017
fusion8_c,65536,2,92.3187,13538052259203909017
fusion8_c,65536,3,92.2668,13538052259203909017
fusion8_c,65536,4,92.1402,13538052259203909017
fusion8_c,65536,5,92.1982,13538052259203909017
fusion8_c,65536,6,92.2592,13538052259203909017
fusion8_c,65536,7,92.0685,13538052259203909017
fusion8_c,65536,8,92.0654,13538052259203909017
fusion8_c,65536,9,92.0944,13538052259203909017
fusion8_c,65536,10,92.1234,13538052259203909017
fusion8_c,65536,11,91.9373,13538052259203909017
fusion8_c,65536,12,92.4255,13538052259203909017
fusion8_c,65536,13,92.0151,13538052259203909017
fusion8_c,65536,14,92.1585,13538052259203909017
fusion16_w,65536,0,102.2781,13538052259203909017
fusion16_w,65536,1,89.5233,13538052259203909017
fusion16_w,65536,2,89.4043,13538052259203909017
fusion16_w,65536,3,89.5218,13538052259203909017
fusion16_w,65536,4,89.4928,13538052259203909017
fusion16_w,65536,5,90.5777,13538052259203909017
fusion16_w,65536,6,89.4089,13538052259203909017
fusion16_w,65536,7,89.3951,13538052259203909017
fusion16_w,65536,8,89.2456,13538052259203909017
fusion16_w,65536,9,89.3509,13538052259203909017
fusion16_w,65536,10,89.1159,13538052259203909017
fusion16_w,65536,11,89.2258,13538052259203909017
fusion16_w,65536,12,89.2334,13538052259203909017
fusion16_w,65536,13,89.1205,13538052259203909017
fusion16_w,65536,14,89.1541,13538052259203909017
sorted_array,131072,0,63.5971,18322359750267561758
sorted_array,131072,1,57.6767,18322359750267561758
sorted_array,131072,2,57.6187,18322359750267561758
sorted_array,131072,3,57.6111,18322359750267561758
sorted_array,131072,4,57.6324,18322359750267561758
sorted_array,131072,5,57.6645,18322359750267561758
sorted_array,131072,6,57.6172,18322359750267561758
sorted_array,131072,7,57.6447,18322359750267561758
sorted_array,131072,8,57.7484,18322359750267561758
sorted_array,131072,9,57.6553,18322359750267561758
sorted_array,131072,10,57.6050,18322359750267561758
sorted_array,131072,11,57.6447,18322359750267561758
sorted_array,131072,12,57.6477,18322359750267561758
sorted_array,131072,13,72.7371,18322359750267561758
sorted_array,131072,14,57.6279,18322359750267561758
btree8,131072,0,93.5028,18322359750267561758
btree8,131072,1,71.4447,18322359750267561758
btree8,131072,2,71.1685,18322359750267561758
btree8,131072,3,71.0037,18322359750267561758
btree8,131072,4,70.6345,18322359750267561758
btree8,131072,5,70.6314,18322359750267561758
btree8,131072,6,70.2927,18322359750267561758
btree8,131072,7,70.4849,18322359750267561758
btree8,131072,8,70.7199,18322359750267561758
btree8,131072,9,70.3705,18322359750267561758
btree8,131072,10,70.5292,18322359750267561758
btree8,131072,11,70.3308,18322359750267561758
btree8,131072,12,70.6299,18322359750267561758
btree8,131072,13,70.2148,18322359750267561758
btree8,131072,14,70.7413,18322359750267561758
btree8_bl,131072,0,98.1079,18322359750267561758
btree8_bl,131072,1,64.4394,18322359750267561758
btree8_bl,131072,2,63.9191,18322359750267561758
btree8_bl,131072,3,63.9023,18322359750267561758
btree8_bl,131072,4,63.9786,18322359750267561758
btree8_bl,131072,5,63.7085,18322359750267561758
btree8_bl,131072,6,63.6688,18322359750267561758
btree8_bl,131072,7,63.9175,18322359750267561758
btree8_bl,131072,8,63.8214,18322359750267561758
btree8_bl,131072,9,63.5605,18322359750267561758
btree8_bl,131072,10,63.6215,18322359750267561758
btree8_bl,131072,11,63.6948,18322359750267561758
btree8_bl,131072,12,63.6902,18322359750267561758
btree8_bl,131072,13,63.7161,18322359750267561758
btree8_bl,131072,14,63.6520,18322359750267561758
btree8_a64,131072,0,112.8387,18322359750267561758
btree8_a64,131072,1,71.3470,18322359750267561758
btree8_a64,131072,2,71.2524,18322359750267561758
btree8_a64,131072,3,71.2479,18322359750267561758
btree8_a64,131072,4,71.0220,18322359750267561758
btree8_a64,131072,5,71.2952,18322359750267561758
btree8_a64,131072,6,71.9528,18322359750267561758
btree8_a64,131072,7,70.9396,18322359750267561758
btree8_a64,131072,8,71.0831,18322359750267561758
btree8_a64,131072,9,71.0129,18322359750267561758
btree8_a64,131072,10,70.7626,18322359750267561758
btree8_a64,131072,11,70.4788,18322359750267561758
btree8_a64,131072,12,70.4239,18322359750267561758
btree8_a64,131072,13,70.3705,18322359750267561758
btree8_a64,131072,14,70.4285,18322359750267561758
btree8_bl_a64,131072,0,111.4120,18322359750267561758
btree8_bl_a64,131072,1,64.8834,18322359750267561758
btree8_bl_a64,131072,2,61.1298,18322359750267561758
btree8_bl_a64,131072,3,60.4202,18322359750267561758
btree8_bl_a64,131072,4,60.5499,18322359750267561758
btree8_bl_a64,131072,5,60.2493,18322359750267561758
btree8_bl_a64,131072,6,60.4370,18322359750267561758
btree8_bl_a64,131072,7,60.1501,18322359750267561758
btree8_bl_a64,131072,8,60.2951,18322359750267561758
btree8_bl_a64,131072,9,60.3348,18322359750267561758
btree8_bl_a64,131072,10,60.3622,18322359750267561758
btree8_bl_a64,131072,11,60.2539,18322359750267561758
btree8_bl_a64,131072,12,60.1685,18322359750267561758
btree8_bl_a64,131072,13,60.2859,18322359750267561758
btree8_bl_a64,131072,14,60.2173,18322359750267561758
btree16_bl_a64,131072,0,93.6142,18322359750267561758
btree16_bl_a64,131072,1,64.3692,18322359750267561758
btree16_bl_a64,131072,2,61.2198,18322359750267561758
btree16_bl_a64,131072,3,61.0855,18322359750267561758
btree16_bl_a64,131072,4,61.0901,18322359750267561758
btree16_bl_a64,131072,5,61.3998,18322359750267561758
btree16_bl_a64,131072,6,61.0474,18322359750267561758
btree16_bl_a64,131072,7,61.1343,18322359750267561758
btree16_bl_a64,131072,8,61.2030,18322359750267561758
btree16_bl_a64,131072,9,62.7151,18322359750267561758
btree16_bl_a64,131072,10,61.0657,18322359750267561758
btree16_bl_a64,131072,11,61.1862,18322359750267561758
btree16_bl_a64,131072,12,61.2793,18322359750267561758
btree16_bl_a64,131072,13,61.1435,18322359750267561758
btree16_bl_a64,131072,14,61.2228,18322359750267561758
fusion8,131072,0,185.8978,18322359750267561758
fusion8,131072,1,118.7271,18322359750267561758
fusion8,131072,2,117.3737,18322359750267561758
fusion8,131072,3,117.7124,18322359750267561758
fusion8,131072,4,117.8589,18322359750267561758
fusion8,131072,5,117.6468,18322359750267561758
fusion8,131072,6,117.8009,18322359750267561758
fusion8,131072,7,118.0481,18322359750267561758
fusion8,131072,8,118.2556,18322359750267561758
fusion8,131072,9,117.4377,18322359750267561758
fusion8,131072,10,117.5186,18322359750267561758
fusion8,131072,11,118.7775,18322359750267561758
fusion8,131072,12,117.4057,18322359750267561758
fusion8,131072,13,117.3019,18322359750267561758
fusion8,131072,14,117.4744,18322359750267561758
fusion8_bf,131072,0,181.1859,18322359750267561758
fusion8_bf,131072,1,125.8865,18322359750267561758
fusion8_bf,131072,2,124.5636,18322359750267561758
fusion8_bf,131072,3,125.0732,18322359750267561758
fusion8_bf,131072,4,124.7284,18322359750267561758
fusion8_bf,131072,5,125.0275,18322359750267561758
fusion8_bf,131072,6,124.7635,18322359750267561758
fusion8_bf,131072,7,125.5463,18322359750267561758
fusion8_bf,131072,8,124.4812,18322359750267561758
fusion8_bf,131072,9,125.6104,18322359750267561758
fusion8_bf,131072,10,124.7223,18322359750267561758
fusion8_bf,131072,11,124.7589,18322359750267561758
fusion8_bf,131072,12,124.2859,18322359750267561758
fusion8_bf,131072,13,124.9603,18322359750267561758
fusion8_bf,131072,14,124.5010,18322359750267561758
fusion8_c,131072,0,162.1750,18322359750267561758
fusion8_c,131072,1,116.9434,18322359750267561758
fusion8_c,131072,2,116.1163,18322359750267561758
fusion8_c,131072,3,116.4551,18322359750267561758
fusion8_c,131072,4,116.1835,18322359750267561758
fusion8_c,131072,5,116.1163,18322359750267561758
fusion8_c,131072,6,116.2109,18322359750267561758
fusion8_c,131072,7,116.2537,18322359750267561758
fusion8_c,131072,8,116.2140,18322359750267561758
fusion8_c,131072,9,116.0187,18322359750267561758
fusion8_c,131072,10,116.1545,18322359750267561758
fusion8_c,131072,11,116.2399,18322359750267561758
fusion8_c,131072,12,116.0507,18322359750267561758
fusion8_c,131072,13,116.1118,18322359750267561758
fusion8_c,131072,14,116.1667,18322359750267561758
fusion16_w,131072,0,165.3259,18322359750267561758
fusion16_w,131072,1,123.5550,18322359750267561758
fusion16_w,131072,2,121.2112,18322359750267561758
fusion16_w,131072,3,122.0947,18322359750267561758
fusion16_w,131072,4,130.3436,18322359750267561758
fusion16_w,131072,5,129.1046,18322359750267561758
fusion16_w,131072,6,132.1808,18322359750267561758
fusion16_w,131072,7,125.0214,18322359750267561758
fusion16_w,131072,8,120.9503,18322359750267561758
fusion16_w,131072,9,121.0999,18322359750267561758
fusion16_w,131072,10,120.9885,18322359750267561758
fusion16_w,131072,11,120.7169,18322359750267561758
fusion16_w,131072,12,121.1349,18322359750267561758
fusion16_w,131072,13,120.8282,18322359750267561758
fusion16_w,131072,14,121.8231,18322359750267561758
sorted_array,262144,0,78.9597,10037066851814254848
sorted_array,262144,1,67.1738,10037066851814254848
sorted_array,262144,2,67.1432,10037066851814254848
sorted_array,262144,3,67.1494,10037066851814254848
sorted_array,262144,4,67.1753,10037066851814254848
sorted_array,262144,5,67.0731,10037066851814254848
sorted_array,262144,6,67.3203,10037066851814254848
sorted_array,262144,7,67.0609,10037066851814254848
sorted_array,262144,8,67.1600,10037066851814254848
sorted_array,262144,9,67.1143,10037066851814254848
sorted_array,262144,10,67.0685,10037066851814254848
sorted_array,262144,11,67.4164,10037066851814254848
sorted_array,262144,12,67.1219,10037066851814254848
sorted_array,262144,13,67.2638,10037066851814254848
sorted_array,262144,14,67.1097,10037066851814254848
btree8,262144,0,107.9315,10037066851814254848
btree8,262144,1,74.1302,10037066851814254848
btree8,262144,2,73.6710,10037066851814254848
btree8,262144,3,73.8922,10037066851814254848
btree8,262144,4,73.9868,10037066851814254848
btree8,262144,5,73.9792,10037066851814254848
btree8,262144,6,73.8068,10037066851814254848
btree8,262144,7,74.8856,10037066851814254848
btree8,262144,8,74.2554,10037066851814254848
btree8,262144,9,73.6694,10037066851814254848
btree8,262144,10,73.9487,10037066851814254848
btree8,262144,11,73.7839,10037066851814254848
btree8,262144,12,73.7534,10037066851814254848
btree8,262144,13,73.6710,10037066851814254848
btree8,262144,14,74.0021,10037066851814254848
btree8_bl,262144,0,122.0123,10037066851814254848
btree8_bl,262144,1,67.5949,10037066851814254848
btree8_bl,262144,2,66.8518,10037066851814254848
btree8_bl,262144,3,66.7160,10037066851814254848
btree8_bl,262144,4,66.6351,10037066851814254848
btree8_bl,262144,5,66.6748,10037066851814254848
btree8_bl,262144,6,66.7175,10037066851814254848
btree8_bl,262144,7,66.5421,10037066851814254848
btree8_bl,262144,8,66.3345,10037066851814254848
btree8_bl,262144,9,66.6519,10037066851814254848
btree8_bl,262144,10,66.3589,10037066851814254848
btree8_bl,262144,11,66.2354,10037066851814254848
btree8_bl,262144,12,66.2842,10037066851814254848
btree8_bl,262144,13,66.3055,10037066851814254848
btree8_bl,262144,14,66.1926,10037066851814254848
btree8_a64,262144,0,112.1536,10037066851814254848
btree8_a64,262144,1,74.8764,10037066851814254848
btree8_a64,262144,2,74.0219,10037066851814254848
btree8_a64,262144,3,73.8754,10037066851814254848
btree8_a64,262144,4,74.1440,10037066851814254848
btree8_a64,262144,5,73.9105,10037066851814254848
btree8_a64,262144,6,74.0097,10037066851814254848
btree8_a64,262144,7,75.1617,10037066851814254848
btree8_a64,262144,8,74.0555,10037066851814254848
btree8_a64,262144,9,74.0707,10037066851814254848
btree8_a64,262144,10,75.0519,10037066851814254848
btree8_a64,262144,11,74.0921,10037066851814254848
btree8_a64,262144,12,74.0540,10037066851814254848
btree8_a64,262144,13,74.0860,10037066851814254848
btree8_a64,262144,14,74.4278,10037066851814254848
btree8_bl_a64,262144,0,128.2898,10037066851814254848
btree8_bl_a64,262144,1,64.8010,10037066851814254848
btree8_bl_a64,262144,2,63.4369,10037066851814254848
btree8_bl_a64,262144,3,63.1485,10037066851814254848
btree8_bl_a64,262144,4,63.0585,10037066851814254848
btree8_bl_a64,262144,5,63.1180,10037066851814254848
btree8_bl_a64,262144,6,63.0203,10037066851814254848
btree8_bl_a64,262144,7,63.1104,10037066851814254848
btree8_bl_a64,262144,8,63.0295,10037066851814254848
btree8_bl_a64,262144,9,63.3453,10037066851814254848
btree8_bl_a64,262144,10,63.0814,10037066851814254848
btree8_bl_a64,262144,11,63.1577,10037066851814254848
btree8_bl_a64,262144,12,63.0188,10037066851814254848
btree8_bl_a64,262144,13,62.9822,10037066851814254848
btree8_bl_a64,262144,14,62.9761,10037066851814254848
btree16_bl_a64,262144,0,156.6254,10037066851814254848
btree16_bl_a64,262144,1,86.0367,10037066851814254848
btree16_bl_a64,262144,2,76.1520,10037066851814254848
btree16_bl_a64,262144,3,76.5366,10037066851814254848
btree16_bl_a64,262144,4,76.9928,10037066851814254848
btree16_bl_a64,262144,5,76.7975,10037066851814254848
btree16_bl_a64,262144,6,77.1149,10037066851814254848
btree16_bl_a64,262144,7,78.5675,10037066851814254848
btree16_bl_a64,262144,8,77.7008,10037066851814254848
btree16_bl_a64,262144,9,76.4832,10037066851814254848
btree16_bl_a64,262144,10,77.1591,10037066851814254848
btree16_bl_a64,262144,11,76.2863,10037066851814254848
btree16_bl_a64,262144,12,76.5213,10037066851814254848
btree16_bl_a64,262144,13,79.4861,10037066851814254848
btree16_bl_a64,262144,14,77.5467,10037066851814254848
fusion8,262144,0,180.9128,10037066851814254848
fusion8,262144,1,126.0635,10037066851814254848
fusion8,262144,2,124.5529,10037066851814254848
fusion8,262144,3,123.9288,10037066851814254848
fusion8,262144,4,124.3439,10037066851814254848
fusion8,262144,5,125.3555,10037066851814254848
fusion8,262144,6,124.3332,10037066851814254848
fusion8,262144,7,124.0067,10037066851814254848
fusion8,262144,8,126.2497,10037066851814254848
fusion8,262144,9,124.1684,10037066851814254848
fusion8,262144,10,125.4013,10037066851814254848
fusion8,262144,11,124.3561,10037066851814254848
fusion8,262144,12,125.0595,10037066851814254848
fusion8,262144,13,124.1318,10037066851814254848
fusion8,262144,14,124.9481,10037066851814254848
fusion8_bf,262144,0,192.8772,10037066851814254848
fusion8_bf,262144,1,133.7296,10037066851814254848
fusion8_bf,262144,2,132.9239,10037066851814254848
fusion8_bf,262144,3,132.0541,10037066851814254848
fusion8_bf,262144,4,132.6614,10037066851814254848
fusion8_bf,262144,5,132.1640,10037066851814254848
fusion8_bf,262144,6,132.8094,10037066851814254848
fusion8_bf,262144,7,132.5516,10037066851814254848
fusion8_bf,262144,8,132.5867,10037066851814254848
fusion8_bf,262144,9,132.5470,10037066851814254848
fusion8_bf,262144,10,132.3593,10037066851814254848
fusion8_bf,262144,11,132.4661,10037066851814254848
fusion8_bf,262144,12,132.1747,10037066851814254848
fusion8_bf,262144,13,132.8629,10037066851814254848
fusion8_bf,262144,14,132.3532,10037066851814254848
fusion8_c,262144,0,176.2314,10037066851814254848
fusion8_c,262144,1,123.1628,10037066851814254848
fusion8_c,262144,2,122.4640,10037066851814254848
fusion8_c,262144,3,122.9385,10037066851814254848
fusion8_c,262144,4,122.4960,10037066851814254848
fusion8_c,262144,5,122.4701,10037066851814254848
fusion8_c,262144,6,123.4970,10037066851814254848
fusion8_c,262144,7,122.6456,10037066851814254848
fusion8_c,262144,8,122.7509,10037066851814254848
fusion8_c,262144,9,122.2565,10037066851814254848
fusion8_c,262144,10,122.2061,10037066851814254848
fusion8_c,262144,11,122.3129,10037066851814254848
fusion8_c,262144,12,122.2427,10037066851814254848
fusion8_c,262144,13,122.3114,10037066851814254848
fusion8_c,262144,14,122.2214,10037066851814254848
fusion16_w,262144,0,199.2310,10037066851814254848
fusion16_w,262144,1,146.6827,10037066851814254848
fusion16_w,262144,2,141.5375,10037066851814254848
fusion16_w,262144,3,140.6097,10037066851814254848
fusion16_w,262144,4,140.6570,10037066851814254848
fusion16_w,262144,5,145.9915,10037066851814254848
fusion16_w,262144,6,142.1219,10037066851814254848
fusion16_w,262144,7,155.6488,10037066851814254848
fusion16_w,262144,8,146.0724,10037066851814254848
fusion16_w,262144,9,142.3721,10037066851814254848
fusion16_w,262144,10,148.7564,10037066851814254848
fusion16_w,262144,11,142.1555,10037066851814254848
fusion16_w,262144,12,140.5289,10037066851814254848
fusion16_w,262144,13,142.0563,10037066851814254848
fusion16_w,262144,14,145.0119,10037066851814254848
sorted_array,524288,0,122.3343,12494368574949970434
sorted_array,524288,1,104.1321,12494368574949970434
sorted_array,524288,2,103.5431,12494368574949970434
sorted_array,524288,3,103.4882,12494368574949970434
sorted_array,524288,4,103.6926,12494368574949970434
sorted_array,524288,5,103.6911,12494368574949970434
sorted_array,524288,6,104.2511,12494368574949970434
sorted_array,524288,7,103.6697,12494368574949970434
sorted_array,524288,8,106.6177,12494368574949970434
sorted_array,524288,9,106.5536,12494368574949970434
sorted_array,524288,10,104.1306,12494368574949970434
sorted_array,524288,11,105.1956,12494368574949970434
sorted_array,524288,12,104.0924,12494368574949970434
sorted_array,524288,13,103.8956,12494368574949970434
sorted_array,524288,14,103.7537,12494368574949970434
btree8,524288,0,110.6293,12494368574949970434
btree8,524288,1,74.9115,12494368574949970434
btree8,524288,2,74.4736,12494368574949970434
btree8,524288,3,74.0738,12494368574949970434
btree8,524288,4,73.8220,12494368574949970434
btree8,524288,5,73.4909,12494368574949970434
btree8,524288,6,72.6532,12494368574949970434
btree8,524288,7,73.3505,12494368574949970434
btree8,524288,8,73.6862,12494368574949970434
btree8,524288,9,73.5718,12494368574949970434
btree8,524288,10,74.0570,12494368574949970434
btree8,524288,11,73.5046,12494368574949970434
btree8,524288,12,73.6832,12494368574949970434
btree8,524288,13,73.6679,12494368574949970434
btree8,524288,14,73.6847,12494368574949970434
btree8_bl,524288,0,126.9318,12494368574949970434
btree8_bl,524288,1,67.5552,12494368574949970434
btree8_bl,524288,2,66.7404,12494368574949970434
btree8_bl,524288,3,66.6885,12494368574949970434
btree8_bl,524288,4,66.5680,12494368574949970434
btree8_bl,524288,5,66.4536,12494368574949970434
btree8_bl,524288,6,66.6092,12494368574949970434
btree8_bl,524288,7,67.4164,12494368574949970434
btree8_bl,524288,8,66.6306,12494368574949970434
btree8_bl,524288,9,66.5878,12494368574949970434
btree8_bl,524288,10,66.5421,12494368574949970434
btree8_bl,524288,11,66.5833,12494368574949970434
btree8_bl,524288,12,66.5665,12494368574949970434
btree8_bl,524288,13,66.3956,12494368574949970434
btree8_bl,524288,14,66.7206,12494368574949970434
btree8_a64,524288,0,112.4313,12494368574949970434
btree8_a64,524288,1,74.1623,12494368574949970434
btree8_a64,524288,2,74.0891,12494368574949970434
btree8_a64,524288,3,74.2981,12494368574949970434
btree8_a64,524288,4,74.0219,12494368574949970434
btree8_a64,524288,5,74.1760,12494368574949970434
btree8_a64,524288,6,75.1083,12494368574949970434
btree8_a64,524288,7,74.3057,12494368574949970434
btree8_a64,524288,8,74.2157,12494368574949970434
btree8_a64,524288,9,74.1974,12494368574949970434
btree8_a64,524288,10,74.2340,12494368574949970434
btree8_a64,524288,11,74.2386,12494368574949970434
btree8_a64,524288,12,74.0082,12494368574949970434
btree8_a64,524288,13,74.4385,12494368574949970434
btree8_a64,524288,14,73.9624,12494368574949970434
btree8_bl_a64,524288,0,129.3030,12494368574949970434
btree8_bl_a64,524288,1,64.7232,12494368574949970434
btree8_bl_a64,524288,2,63.0493,12494368574949970434
btree8_bl_a64,524288,3,63.1439,12494368574949970434
btree8_bl_a64,524288,4,63.4445,12494368574949970434
btree8_bl_a64,524288,5,63.2355,12494368574949970434
btree8_bl_a64,524288,6,63.1622,12494368574949970434
btree8_bl_a64,524288,7,63.2446,12494368574949970434
btree8_bl_a64,524288,8,63.6780,12494368574949970434
btree8_bl_a64,524288,9,63.1561,12494368574949970434
btree8_bl_a64,524288,10,63.0600,12494368574949970434
btree8_bl_a64,524288,11,63.1638,12494368574949970434
btree8_bl_a64,524288,12,63.2919,12494368574949970434
btree8_bl_a64,524288,13,63.1607,12494368574949970434
btree8_bl_a64,524288,14,63.1088,12494368574949970434
btree16_bl_a64,524288,0,165.9042,12494368574949970434
btree16_bl_a64,524288,1,89.2212,12494368574949970434
btree16_bl_a64,524288,2,80.4031,12494368574949970434
btree16_bl_a64,524288,3,83.4290,12494368574949970434
btree16_bl_a64,524288,4,80.2902,12494368574949970434
btree16_bl_a64,524288,5,79.8630,12494368574949970434
btree16_bl_a64,524288,6,80.9372,12494368574949970434
btree16_bl_a64,524288,7,80.9097,12494368574949970434
btree16_bl_a64,524288,8,80.7602,12494368574949970434
btree16_bl_a64,524288,9,81.7703,12494368574949970434
btree16_bl_a64,524288,10,80.8701,12494368574949970434
btree16_bl_a64,524288,11,80.1300,12494368574949970434
btree16_bl_a64,524288,12,82.0404,12494368574949970434
btree16_bl_a64,524288,13,80.1605,12494368574949970434
btree16_bl_a64,524288,14,79.7073,12494368574949970434
fusion8,524288,0,183.0261,12494368574949970434
fusion8,524288,1,125.9705,12494368574949970434
fusion8,524288,2,124.3454,12494368574949970434
fusion8,524288,3,125.0229,12494368574949970434
fusion8,524288,4,124.6506,12494368574949970434
fusion8,524288,5,124.4873,12494368574949970434
fusion8,524288,6,124.3454,12494368574949970434
fusion8,524288,7,124.6338,12494368574949970434
fusion8,524288,8,124.1730,12494368574949970434
fusion8,524288,9,125.1022,12494368574949970434
fusion8,524288,10,124.0799,12494368574949970434
fusion8,524288,11,125.4135,12494368574949970434
fusion8,524288,12,124.5499,12494368574949970434
fusion8,524288,13,125.2686,12494368574949970434
fusion8,524288,14,124.2615,12494368574949970434
fusion8_bf,524288,0,200.9171,12494368574949970434
fusion8_bf,524288,1,137.0361,12494368574949970434
fusion8_bf,524288,2,135.3790,12494368574949970434
fusion8_bf,524288,3,136.0550,12494368574949970434
fusion8_bf,524288,4,134.7046,12494368574949970434
fusion8_bf,524288,5,135.0616,12494368574949970434
fusion8_bf,524288,6,135.2402,12494368574949970434
fusion8_bf,524288,7,134.8862,12494368574949970434
fusion8_bf,524288,8,135.8582,12494368574949970434
fusion8_bf,524288,9,135.9085,12494368574949970434
fusion8_bf,524288,10,136.2823,12494368574949970434
fusion8_bf,524288,11,135.0418,12494368574949970434
fusion8_bf,524288,12,135.8368,12494368574949970434
fusion8_bf,524288,13,135.3241,12494368574949970434
fusion8_bf,524288,14,157.9819,12494368574949970434
fusion8_c,524288,0,171.7850,12494368574949970434
fusion8_c,524288,1,127.3163,12494368574949970434
fusion8_c,524288,2,124.3240,12494368574949970434
fusion8_c,524288,3,123.9548,12494368574949970434
fusion8_c,524288,4,124.1959,12494368574949970434
fusion8_c,524288,5,123.2132,12494368574949970434
fusion8_c,524288,6,122.8027,12494368574949970434
fusion8_c,524288,7,122.8668,12494368574949970434
fusion8_c,524288,8,125.1465,12494368574949970434
fusion8_c,524288,9,122.9507,12494368574949970434
fusion8_c,524288,10,122.8653,12494368574949970434
fusion8_c,524288,11,122.7692,12494368574949970434
fusion8_c,524288,12,128.6591,12494368574949970434
fusion8_c,524288,13,122.8912,12494368574949970434
fusion8_c,524288,14,122.7112,12494368574949970434
fusion16_w,524288,0,241.5573,12494368574949970434
fusion16_w,524288,1,158.7280,12494368574949970434
fusion16_w,524288,2,152.3819,12494368574949970434
fusion16_w,524288,3,154.0085,12494368574949970434
fusion16_w,524288,4,152.0493,12494368574949970434
fusion16_w,524288,5,150.7141,12494368574949970434
fusion16_w,524288,6,153.9795,12494368574949970434
fusion16_w,524288,7,155.8914,12494368574949970434
fusion16_w,524288,8,153.7964,12494368574949970434
fusion16_w,524288,9,152.7878,12494368574949970434
fusion16_w,524288,10,153.0563,12494368574949970434
fusion16_w,524288,11,154.1428,12494368574949970434
fusion16_w,524288,12,152.2141,12494368574949970434
fusion16_w,524288,13,156.1111,12494368574949970434
fusion16_w,524288,14,155.3680,12494368574949970434
sorted_array,1048576,0,209.2651,16362192324183350314
sorted_array,1048576,1,166.7282,16362192324183350314
sorted_array,1048576,2,166.1346,16362192324183350314
sorted_array,1048576,3,183.7662,16362192324183350314
sorted_array,1048576,4,181.0455,16362192324183350314
sorted_array,1048576,5,178.3524,16362192324183350314
sorted_array,1048576,6,166.4261,16362192324183350314
sorted_array,1048576,7,167.5812,16362192324183350314
sorted_array,1048576,8,166.1179,16362192324183350314
sorted_array,1048576,9,165.7730,16362192324183350314
sorted_array,1048576,10,165.6448,16362192324183350314
sorted_array,1048576,11,165.5640,16362192324183350314
sorted_array,1048576,12,165.8066,16362192324183350314
sorted_array,1048576,13,165.8997,16362192324183350314
sorted_array,1048576,14,165.7547,16362192324183350314
btree8,1048576,0,273.8861,16362192324183350314
btree8,1048576,1,162.2665,16362192324183350314
btree8,1048576,2,156.6711,16362192324183350314
btree8,1048576,3,161.1603,16362192324183350314
btree8,1048576,4,173.5794,16362192324183350314
btree8,1048576,5,168.5776,16362192324183350314
btree8,1048576,6,164.7675,16362192324183350314
btree8,1048576,7,164.8956,16362192324183350314
btree8,1048576,8,161.4227,16362192324183350314
btree8,1048576,9,157.7713,16362192324183350314
btree8,1048576,10,158.4656,16362192324183350314
btree8,1048576,11,169.5801,16362192324183350314
btree8,1048576,12,173.2819,16362192324183350314
btree8,1048576,13,164.9078,16362192324183350314
btree8,1048576,14,167.2592,16362192324183350314
btree8_bl,1048576,0,239.5645,16362192324183350314
btree8_bl,1048576,1,141.5878,16362192324183350314
btree8_bl,1048576,2,133.6029,16362192324183350314
btree8_bl,1048576,3,132.1472,16362192324183350314
btree8_bl,1048576,4,132.8812,16362192324183350314
btree8_bl,1048576,5,133.8333,16362192324183350314
btree8_bl,1048576,6,131.4865,16362192324183350314
btree8_bl,1048576,7,137.4832,16362192324183350314
btree8_bl,1048576,8,135.3409,16362192324183350314
btree8_bl,1048576,9,138.0814,16362192324183350314
btree8_bl,1048576,10,143.7347,16362192324183350314
btree8_bl,1048576,11,142.8543,16362192324183350314
btree8_bl,1048576,12,147.7600,16362192324183350314
btree8_bl,1048576,13,137.4710,16362192324183350314
btree8_bl,1048576,14,137.6678,16362192324183350314
btree8_a64,1048576,0,251.2772,16362192324183350314
btree8_a64,1048576,1,162.1674,16362192324183350314
btree8_a64,1048576,2,154.5227,16362192324183350314
btree8_a64,1048576,3,159.0027,16362192324183350314
btree8_a64,1048576,4,155.0308,16362192324183350314
btree8_a64,1048576,5,155.7098,16362192324183350314
btree8_a64,1048576,6,163.1760,16362192324183350314
btree8_a64,1048576,7,161.0397,16362192324183350314
btree8_a64,1048576,8,161.8561,16362192324183350314
btree8_a64,1048576,9,156.6238,16362192324183350314
btree8_a64,1048576,10,157.6019,16362192324183350314
btree8_a64,1048576,11,165.4373,16362192324183350314
btree8_a64,1048576,12,164.6164,16362192324183350314
btree8_a64,1048576,13,161.1267,16362192324183350314
btree8_a64,1048576,14,165.4984,16362192324183350314
btree8_bl_a64,1048576,0,216.9449,16362192324183350314
btree8_bl_a64,1048576,1,127.8702,16362192324183350314
btree8_bl_a64,1048576,2,115.7349,16362192324183350314
btree8_bl_a64,1048576,3,114.8544,16362192324183350314
btree8_bl_a64,1048576,4,116.2445,16362192324183350314
btree8_bl_a64,1048576,5,114.6042,16362192324183350314
btree8_bl_a64,1048576,6,117.2272,16362192324183350314
btree8_bl_a64,1048576,7,117.7383,16362192324183350314
btree8_bl_a64,1048576,8,126.0406,16362192324183350314
btree8_bl_a64,1048576,9,120.4285,16362192324183350314
btree8_bl_a64,1048576,10,124.0753,16362192324183350314
btree8_bl_a64,1048576,11,118.2205,16362192324183350314
btree8_bl_a64,1048576,12,118.2373,16362192324183350314
btree8_bl_a64,1048576,13,117.4530,16362192324183350314
btree8_bl_a64,1048576,14,122.3022,16362192324183350314
btree16_bl_a64,1048576,0,167.7094,16362192324183350314
btree16_bl_a64,1048576,1,91.2842,16362192324183350314
btree16_bl_a64,1048576,2,78.7079,16362192324183350314
btree16_bl_a64,1048576,3,81.9901,16362192324183350314
btree16_bl_a64,1048576,4,79.9316,16362192324183350314
btree16_bl_a64,1048576,5,78.8818,16362192324183350314
btree16_bl_a64,1048576,6,80.8533,16362192324183350314
btree16_bl_a64,1048576,7,79.8157,16362192324183350314
btree16_bl_a64,1048576,8,78.9276,16362192324183350314
btree16_bl_a64,1048576,9,81.0806,16362192324183350314
btree16_bl_a64,1048576,10,79.9652,16362192324183350314
btree16_bl_a64,1048576,11,78.9658,16362192324183350314
btree16_bl_a64,1048576,12,79.4540,16362192324183350314
btree16_bl_a64,1048576,13,78.9825,16362192324183350314
btree16_bl_a64,1048576,14,78.5004,16362192324183350314
fusion8,1048576,0,333.7921,16362192324183350314
fusion8,1048576,1,244.6136,16362192324183350314
fusion8,1048576,2,242.6712,16362192324183350314
fusion8,1048576,3,244.6030,16362192324183350314
fusion8,1048576,4,254.1275,16362192324183350314
fusion8,1048576,5,265.9546,16362192324183350314
fusion8,1048576,6,248.9746,16362192324183350314
fusion8,1048576,7,240.4831,16362192324183350314
fusion8,1048576,8,258.2123,16362192324183350314
fusion8,1048576,9,262.6114,16362192324183350314
fusion8,1048576,10,249.5560,16362192324183350314
fusion8,1048576,11,271.9162,16362192324183350314
fusion8,1048576,12,277.9526,16362192324183350314
fusion8,1048576,13,290.4800,16362192324183350314
fusion8,1048576,14,259.7137,16362192324183350314
fusion8_bf,1048576,0,343.9087,16362192324183350314
fusion8_bf,1048576,1,268.1763,16362192324183350314
fusion8_bf,1048576,2,264.1708,16362192324183350314
fusion8_bf,1048576,3,250.6622,16362192324183350314
fusion8_bf,1048576,4,264.4501,16362192324183350314
fusion8_bf,1048576,5,252.2812,16362192324183350314
fusion8_bf,1048576,6,260.5087,16362192324183350314
fusion8_bf,1048576,7,266.1423,16362192324183350314
fusion8_bf,1048576,8,264.5874,16362192324183350314
fusion8_bf,1048576,9,251.8188,16362192324183350314
fusion8_bf,1048576,10,253.4393,16362192324183350314
fusion8_bf,1048576,11,260.9756,16362192324183350314
fusion8_bf,1048576,12,256.7520,16362192324183350314
fusion8_bf,1048576,13,259.1660,16362192324183350314
fusion8_bf,1048576,14,266.0385,16362192324183350314
fusion8_c,1048576,0,315.7883,16362192324183350314
fusion8_c,1048576,1,213.6856,16362192324183350314
fusion8_c,1048576,2,195.2057,16362192324183350314
fusion8_c,1048576,3,195.8893,16362192324183350314
fusion8_c,1048576,4,201.4023,16362192324183350314
fusion8_c,1048576,5,211.8088,16362192324183350314
fusion8_c,1048576,6,208.0276,16362192324183350314
fusion8_c,1048576,7,201.1734,16362192324183350314
fusion8_c,1048576,8,199.9283,16362192324183350314
fusion8_c,1048576,9,205.5267,16362192324183350314
fusion8_c,1048576,10,210.0174,16362192324183350314
fusion8_c,1048576,11,217.0868,16362192324183350314
fusion8_c,1048576,12,204.6539,16362192324183350314
fusion8_c,1048576,13,210.5667,16362192324183350314
fusion8_c,1048576,14,208.1207,16362192324183350314
fusion16_w,1048576,0,232.6508,16362192324183350314
fusion16_w,1048576,1,166.2064,16362192324183350314
fusion16_w,1048576,2,156.4880,16362192324183350314
fusion16_w,1048576,3,159.7687,16362192324183350314
fusion16_w,1048576,4,161.2579,16362192324183350314
fusion16_w,1048576,5,160.6262,16362192324183350314
fusion16_w,1048576,6,159.5596,16362192324183350314
fusion16_w,1048576,7,160.5698,16362192324183350314
fusion16_w,1048576,8,159.7855,16362192324183350314
fusion16_w,1048576,9,156.4087,16362192324183350314
fusion16_w,1048576,10,157.4127,16362192324183350314
fusion16_w,1048576,11,157.5806,16362192324183350314
fusion16_w,1048576,12,166.9632,16362192324183350314
fusion16_w,1048576,13,162.4405,16362192324183350314
fusion16_w,1048576,14,162.0041,16362192324183350314
sorted_array,2097152,0,298.9883,6087976039063001523
sorted_array,2097152,1,222.3755,6087976039063001523
sorted_array,2097152,2,221.4188,6087976039063001523
sorted_array,2097152,3,222.2504,6087976039063001523
sorted_array,2097152,4,220.6207,6087976039063001523
sorted_array,2097152,5,222.5296,6087976039063001523
sorted_array,2097152,6,221.7010,6087976039063001523
sorted_array,2097152,7,222.5861,6087976039063001523
sorted_array,2097152,8,222.6578,6087976039063001523
sorted_array,2097152,9,224.1531,6087976039063001523
sorted_array,2097152,10,221.5454,6087976039063001523
sorted_array,2097152,11,222.4640,6087976039063001523
sorted_array,2097152,12,233.3099,6087976039063001523
sorted_array,2097152,13,229.0192,6087976039063001523
sorted_array,2097152,14,227.1042,6087976039063001523
btree8,2097152,0,258.6761,6087976039063001523
btree8,2097152,1,182.7133,6087976039063001523
btree8,2097152,2,173.3276,6087976039063001523
btree8,2097152,3,172.9523,6087976039063001523
btree8,2097152,4,170.7458,6087976039063001523
btree8,2097152,5,195.9717,6087976039063001523
btree8,2097152,6,278.5782,6087976039063001523
btree8,2097152,7,241.0141,6087976039063001523
btree8,2097152,8,181.6757,6087976039063001523
btree8,2097152,9,179.3411,6087976039063001523
btree8,2097152,10,184.7687,6087976039063001523
btree8,2097152,11,170.1996,6087976039063001523
btree8,2097152,12,170.6543,6087976039063001523
btree8,2097152,13,170.7932,6087976039063001523
btree8,2097152,14,182.8583,6087976039063001523
btree8_bl,2097152,0,283.3008,6087976039063001523
btree8_bl,2097152,1,168.2312,6087976039063001523
btree8_bl,2097152,2,144.1650,6087976039063001523
btree8_bl,2097152,3,152.2049,6087976039063001523
btree8_bl,2097152,4,157.9941,6087976039063001523
btree8_bl,2097152,5,156.6833,6087976039063001523
btree8_bl,2097152,6,149.6277,6087976039063001523
btree8_bl,2097152,7,152.6733,6087976039063001523
btree8_bl,2097152,8,156.6101,6087976039063001523
btree8_bl,2097152,9,160.8475,6087976039063001523
btree8_bl,2097152,10,165.3931,6087976039063001523
btree8_bl,2097152,11,200.1358,6087976039063001523
btree8_bl,2097152,12,166.3589,6087976039063001523
btree8_bl,2097152,13,158.6746,6087976039063001523
btree8_bl,2097152,14,160.3470,6087976039063001523
btree8_a64,2097152,0,259.3170,6087976039063001523
btree8_a64,2097152,1,172.4640,6087976039063001523
btree8_a64,2097152,2,171.4966,6087976039063001523
btree8_a64,2097152,3,165.9973,6087976039063001523
btree8_a64,2097152,4,166.5512,6087976039063001523
btree8_a64,2097152,5,177.7054,6087976039063001523
btree8_a64,2097152,6,171.7850,6087976039063001523
btree8_a64,2097152,7,170.8115,6087976039063001523
btree8_a64,2097152,8,167.2653,6087976039063001523
btree8_a64,2097152,9,168.1473,6087976039063001523
btree8_a64,2097152,10,170.2927,6087976039063001523
btree8_a64,2097152,11,169.3085,6087976039063001523
btree8_a64,2097152,12,168.1534,6087976039063001523
btree8_a64,2097152,13,167.3294,6087976039063001523
btree8_a64,2097152,14,167.9825,6087976039063001523
btree8_bl_a64,2097152,0,265.4144,6087976039063001523
btree8_bl_a64,2097152,1,138.7070,6087976039063001523
btree8_bl_a64,2097152,2,120.7153,6087976039063001523
btree8_bl_a64,2097152,3,123.3948,6087976039063001523
btree8_bl_a64,2097152,4,125.9628,6087976039063001523
btree8_bl_a64,2097152,5,146.5027,6087976039063001523
btree8_bl_a64,2097152,6,137.6068,6087976039063001523
btree8_bl_a64,2097152,7,128.4927,6087976039063001523
btree8_bl_a64,2097152,8,134.5993,6087976039063001523
btree8_bl_a64,2097152,9,128.4668,6087976039063001523
btree8_bl_a64,2097152,10,136.2396,6087976039063001523
btree8_bl_a64,2097152,11,128.8513,6087976039063001523
btree8_bl_a64,2097152,12,128.0823,6087976039063001523
btree8_bl_a64,2097152,13,128.1342,6087976039063001523
btree8_bl_a64,2097152,14,132.3120,6087976039063001523
btree16_bl_a64,2097152,0,243.9972,6087976039063001523
btree16_bl_a64,2097152,1,177.7100,6087976039063001523
btree16_bl_a64,2097152,2,167.3096,6087976039063001523
btree16_bl_a64,2097152,3,167.3187,6087976039063001523
btree16_bl_a64,2097152,4,168.2922,6087976039063001523
btree16_bl_a64,2097152,5,168.6951,6087976039063001523
btree16_bl_a64,2097152,6,176.1398,6087976039063001523
btree16_bl_a64,2097152,7,171.7285,6087976039063001523
btree16_bl_a64,2097152,8,169.5877,6087976039063001523
btree16_bl_a64,2097152,9,169.1162,6087976039063001523
btree16_bl_a64,2097152,10,168.4921,6087976039063001523
btree16_bl_a64,2097152,11,173.5168,6087976039063001523
btree16_bl_a64,2097152,12,174.9649,6087976039063001523
btree16_bl_a64,2097152,13,176.4099,6087976039063001523
btree16_bl_a64,2097152,14,198.4894,6087976039063001523
fusion8,2097152,0,353.8666,6087976039063001523
fusion8,2097152,1,279.8431,6087976039063001523
fusion8,2097152,2,271.0861,6087976039063001523
fusion8,2097152,3,267.1722,6087976039063001523
fusion8,2097152,4,275.7721,6087976039063001523
fusion8,2097152,5,280.6732,6087976039063001523
fusion8,2097152,6,284.2941,6087976039063001523
fusion8,2097152,7,278.9154,6087976039063001523
fusion8,2097152,8,288.4659,6087976039063001523
fusion8,2097152,9,276.4450,6087976039063001523
fusion8,2097152,10,273.6542,6087976039063001523
fusion8,2097152,11,268.2648,6087976039063001523
fusion8,2097152,12,266.1667,6087976039063001523
fusion8,2097152,13,292.6651,6087976039063001523
fusion8,2097152,14,313.0035,6087976039063001523
fusion8_bf,2097152,0,361.5540,6087976039063001523
fusion8_bf,2097152,1,292.1738,6087976039063001523
fusion8_bf,2097152,2,280.9113,6087976039063001523
fusion8_bf,2097152,3,279.6524,6087976039063001523
fusion8_bf,2097152,4,284.2606,6087976039063001523
fusion8_bf,2097152,5,274.6613,6087976039063001523
fusion8_bf,2097152,6,285.5362,6087976039063001523
fusion8_bf,2097152,7,288.4872,6087976039063001523
fusion8_bf,2097152,8,285.8566,6087976039063001523
fusion8_bf,2097152,9,285.7193,6087976039063001523
fusion8_bf,2097152,10,283.5312,6087976039063001523
fusion8_bf,2097152,11,281.0287,6087976039063001523
fusion8_bf,2097152,12,287.3993,6087976039063001523
fusion8_bf,2097152,13,283.7387,6087976039063001523
fusion8_bf,2097152,14,279.6646,6087976039063001523
fusion8_c,2097152,0,337.2238,6087976039063001523
fusion8_c,2097152,1,225.2151,6087976039063001523
fusion8_c,2097152,2,215.6479,6087976039063001523
fusion8_c,2097152,3,214.7781,6087976039063001523
fusion8_c,2097152,4,215.8722,6087976039063001523
fusion8_c,2097152,5,212.9333,6087976039063001523
fusion8_c,2097152,6,214.6149,6087976039063001523
fusion8_c,2097152,7,214.8270,6087976039063001523
fusion8_c,2097152,8,218.7531,6087976039063001523
fusion8_c,2097152,9,217.2699,6087976039063001523
fusion8_c,2097152,10,215.5365,6087976039063001523
fusion8_c,2097152,11,218.7256,6087976039063001523
fusion8_c,2097152,12,235.5530,6087976039063001523
fusion8_c,2097152,13,234.0576,6087976039063001523
fusion8_c,2097152,14,219.8303,6087976039063001523
fusion16_w,2097152,0,326.2833,6087976039063001523
fusion16_w,2097152,1,259.3460,6087976039063001523
fusion16_w,2097152,2,245.9564,6087976039063001523
fusion16_w,2097152,3,252.5650,6087976039063001523
fusion16_w,2097152,4,258.3694,6087976039063001523
fusion16_w,2097152,5,259.1095,6087976039063001523
fusion16_w,2097152,6,268.7500,6087976039063001523
fusion16_w,2097152,7,262.2238,6087976039063001523
fusion16_w,2097152,8,272.8897,6087976039063001523
fusion16_w,2097152,9,262.1429,6087976039063001523
fusion16_w,2097152,10,256.1752,6087976039063001523
fusion16_w,2097152,11,260.2402,6087976039063001523
fusion16_w,2097152,12,257.6508,6087976039063001523
fusion16_w,2097152,13,264.5386,6087976039063001523
fusion16_w,2097152,14,258.9676,6087976039063001523
sorted_array,4194304,0,495.5307,14247903871160904604
sorted_array,4194304,1,397.9950,14247903871160904604
sorted_array,4194304,2,397.1909,14247903871160904604
sorted_array,4194304,3,409.4910,14247903871160904604
sorted_array,4194304,4,410.8505,14247903871160904604
sorted_array,4194304,5,408.5312,14247903871160904604
sorted_array,4194304,6,413.0951,14247903871160904604
sorted_array,4194304,7,414.7217,14247903871160904604
sorted_array,4194304,8,401.4130,14247903871160904604
sorted_array,4194304,9,406.9733,14247903871160904604
sorted_array,4194304,10,408.2611,14247903871160904604
sorted_array,4194304,11,404.1397,14247903871160904604
sorted_array,4194304,12,407.0358,14247903871160904604
sorted_array,4194304,13,407.4417,14247903871160904604
sorted_array,4194304,14,404.0863,14247903871160904604
btree8,4194304,0,266.4307,14247903871160904604
btree8,4194304,1,191.3864,14247903871160904604
btree8,4194304,2,178.8391,14247903871160904604
btree8,4194304,3,180.2292,14247903871160904604
btree8,4194304,4,183.9005,14247903871160904604
btree8,4194304,5,183.9493,14247903871160904604
btree8,4194304,6,189.1022,14247903871160904604
btree8,4194304,7,185.7773,14247903871160904604
btree8,4194304,8,185.9650,14247903871160904604
btree8,4194304,9,186.7447,14247903871160904604
btree8,4194304,10,182.5211,14247903871160904604
btree8,4194304,11,189.8666,14247903871160904604
btree8,4194304,12,193.2220,14247903871160904604
btree8,4194304,13,192.2058,14247903871160904604
btree8,4194304,14,182.3227,14247903871160904604
btree8_bl,4194304,0,284.6085,14247903871160904604
btree8_bl,4194304,1,242.2150,14247903871160904604
btree8_bl,4194304,2,247.3083,14247903871160904604
btree8_bl,4194304,3,183.7784,14247903871160904604
btree8_bl,4194304,4,162.5809,14247903871160904604
btree8_bl,4194304,5,159.9197,14247903871160904604
btree8_bl,4194304,6,147.5800,14247903871160904604
btree8_bl,4194304,7,174.5911,14247903871160904604
btree8_bl,4194304,8,162.8983,14247903871160904604
btree8_bl,4194304,9,166.1682,14247903871160904604
btree8_bl,4194304,10,184.9075,14247903871160904604
btree8_bl,4194304,11,163.4445,14247903871160904604
btree8_bl,4194304,12,156.8161,14247903871160904604
btree8_bl,4194304,13,163.3026,14247903871160904604
btree8_bl,4194304,14,186.3647,14247903871160904604
btree8_a64,4194304,0,265.9485,14247903871160904604
btree8_a64,4194304,1,177.0874,14247903871160904604
btree8_a64,4194304,2,170.5826,14247903871160904604
btree8_a64,4194304,3,176.6495,14247903871160904604
btree8_a64,4194304,4,176.3153,14247903871160904604
btree8_a64,4194304,5,176.8600,14247903871160904604
btree8_a64,4194304,6,191.3391,14247903871160904604
btree8_a64,4194304,7,176.9409,14247903871160904604
btree8_a64,4194304,8,177.1973,14247903871160904604
btree8_a64,4194304,9,181.8863,14247903871160904604
btree8_a64,4194304,10,178.6057,14247903871160904604
btree8_a64,4194304,11,185.4095,14247903871160904604
btree8_a64,4194304,12,178.0594,14247903871160904604
btree8_a64,4194304,13,176.9730,14247903871160904604
btree8_a64,4194304,14,182.6584,14247903871160904604
btree8_bl_a64,4194304,0,271.2051,14247903871160904604
btree8_bl_a64,4194304,1,149.6567,14247903871160904604
btree8_bl_a64,4194304,2,125.0137,14247903871160904604
btree8_bl_a64,4194304,3,137.5824,14247903871160904604
btree8_bl_a64,4194304,4,127.0432,14247903871160904604
btree8_bl_a64,4194304,5,126.4252,14247903871160904604
btree8_bl_a64,4194304,6,125.2075,14247903871160904604
btree8_bl_a64,4194304,7,128.1815,14247903871160904604
btree8_bl_a64,4194304,8,129.8920,14247903871160904604
btree8_bl_a64,4194304,9,130.5084,14247903871160904604
btree8_bl_a64,4194304,10,133.3313,14247903871160904604
btree8_bl_a64,4194304,11,135.4446,14247903871160904604
btree8_bl_a64,4194304,12,132.8949,14247903871160904604
btree8_bl_a64,4194304,13,129.4098,14247903871160904604
btree8_bl_a64,4194304,14,139.6301,14247903871160904604
btree16_bl_a64,4194304,0,329.7424,14247903871160904604
btree16_bl_a64,4194304,1,264.2181,14247903871160904604
btree16_bl_a64,4194304,2,246.9254,14247903871160904604
btree16_bl_a64,4194304,3,237.3413,14247903871160904604
btree16_bl_a64,4194304,4,248.3551,14247903871160904604
btree16_bl_a64,4194304,5,292.1188,14247903871160904604
btree16_bl_a64,4194304,6,277.6733,14247903871160904604
btree16_bl_a64,4194304,7,256.1646,14247903871160904604
btree16_bl_a64,4194304,8,236.8851,14247903871160904604
btree16_bl_a64,4194304,9,236.7249,14247903871160904604
btree16_bl_a64,4194304,10,245.5994,14247903871160904604
btree16_bl_a64,4194304,11,250.1053,14247903871160904604
btree16_bl_a64,4194304,12,247.8958,14247903871160904604
btree16_bl_a64,4194304,13,250.4456,14247903871160904604
btree16_bl_a64,4194304,14,240.8707,14247903871160904604
fusion8,4194304,0,361.8088,14247903871160904604
fusion8,4194304,1,276.9089,14247903871160904604
fusion8,4194304,2,270.1355,14247903871160904604
fusion8,4194304,3,283.9523,14247903871160904604
fusion8,4194304,4,291.9724,14247903871160904604
fusion8,4194304,5,285.0555,14247903871160904604
fusion8,4194304,6,282.2174,14247903871160904604
fusion8,4194304,7,278.3127,14247903871160904604
fusion8,4194304,8,279.1656,14247903871160904604
fusion8,4194304,9,326.5915,14247903871160904604
fusion8,4194304,10,304.3610,14247903871160904604
fusion8,4194304,11,284.8862,14247903871160904604
fusion8,4194304,12,273.7106,14247903871160904604
fusion8,4194304,13,289.7491,14247903871160904604
fusion8,4194304,14,297.9523,14247903871160904604
fusion8_bf,4194304,0,370.5948,14247903871160904604
fusion8_bf,4194304,1,284.9518,14247903871160904604
fusion8_bf,4194304,2,280.0003,14247903871160904604
fusion8_bf,4194304,3,286.4853,14247903871160904604
fusion8_bf,4194304,4,310.9711,14247903871160904604
fusion8_bf,4194304,5,288.2339,14247903871160904604
fusion8_bf,4194304,6,283.0521,14247903871160904604
fusion8_bf,4194304,7,331.5262,14247903871160904604
fusion8_bf,4194304,8,294.8166,14247903871160904604
fusion8_bf,4194304,9,297.2092,14247903871160904604
fusion8_bf,4194304,10,296.1197,14247903871160904604
fusion8_bf,4194304,11,295.9564,14247903871160904604
fusion8_bf,4194304,12,302.5986,14247903871160904604
fusion8_bf,4194304,13,306.9244,14247903871160904604
fusion8_bf,4194304,14,298.6572,14247903871160904604
fusion8_c,4194304,0,339.4470,14247903871160904604
fusion8_c,4194304,1,234.8206,14247903871160904604
fusion8_c,4194304,2,231.2424,14247903871160904604
fusion8_c,4194304,3,226.6312,14247903871160904604
fusion8_c,4194304,4,228.6652,14247903871160904604
fusion8_c,4194304,5,220.9869,14247903871160904604
fusion8_c,4194304,6,226.3062,14247903871160904604
fusion8_c,4194304,7,222.2748,14247903871160904604
fusion8_c,4194304,8,232.7454,14247903871160904604
fusion8_c,4194304,9,227.8397,14247903871160904604
fusion8_c,4194304,10,221.7560,14247903871160904604
fusion8_c,4194304,11,232.1930,14247903871160904604
fusion8_c,4194304,12,234.5520,14247903871160904604
fusion8_c,4194304,13,233.0933,14247903871160904604
fusion8_c,4194304,14,232.2144,14247903871160904604
fusion16_w,4194304,0,378.1570,14247903871160904604
fusion16_w,4194304,1,310.4034,14247903871160904604
fusion16_w,4194304,2,303.3768,14247903871160904604
fusion16_w,4194304,3,305.8319,14247903871160904604
fusion16_w,4194304,4,301.0406,14247903871160904604
fusion16_w,4194304,5,299.0265,14247903871160904604
fusion16_w,4194304,6,305.5725,14247903871160904604
fusion16_w,4194304,7,318.7637,14247903871160904604
fusion16_w,4194304,8,308.7418,14247903871160904604
fusion16_w,4194304,9,300.5951,14247903871160904604
fusion16_w,4194304,10,301.6953,14247903871160904604
fusion16_w,4194304,11,299.1074,14247903871160904604
fusion16_w,4194304,12,313.0402,14247903871160904604
fusion16_w,4194304,13,325.1984,14247903871160904604
fusion16_w,4194304,14,313.2309,14247903871160904604
sorted_array,8388608,0,865.9668,16818331115280313399
sorted_array,8388608,1,789.0549,16818331115280313399
sorted_array,8388608,2,787.9852,16818331115280313399
sorted_array,8388608,3,802.6535,16818331115280313399
sorted_array,8388608,4,818.9087,16818331115280313399
sorted_array,8388608,5,844.5831,16818331115280313399
sorted_array,8388608,6,1012.7502,16818331115280313399
sorted_array,8388608,7,823.4955,16818331115280313399
sorted_array,8388608,8,853.5492,16818331115280313399
sorted_array,8388608,9,834.6909,16818331115280313399
sorted_array,8388608,10,842.6025,16818331115280313399
sorted_array,8388608,11,830.5328,16818331115280313399
sorted_array,8388608,12,825.7034,16818331115280313399
sorted_array,8388608,13,823.9731,16818331115280313399
sorted_array,8388608,14,817.2882,16818331115280313399
btree8,8388608,0,397.8531,16818331115280313399
btree8,8388608,1,309.4345,16818331115280313399
btree8,8388608,2,304.6677,16818331115280313399
btree8,8388608,3,300.5051,16818331115280313399
btree8,8388608,4,297.9340,16818331115280313399
btree8,8388608,5,296.9467,16818331115280313399
btree8,8388608,6,298.4955,16818331115280313399
btree8,8388608,7,343.2343,16818331115280313399
btree8,8388608,8,324.2401,16818331115280313399
btree8,8388608,9,307.0999,16818331115280313399
btree8,8388608,10,307.4463,16818331115280313399
btree8,8388608,11,303.1357,16818331115280313399
btree8,8388608,12,303.6316,16818331115280313399
btree8,8388608,13,293.8721,16818331115280313399
btree8,8388608,14,308.6166,16818331115280313399
btree8_bl,8388608,0,380.9814,16818331115280313399
btree8_bl,8388608,1,285.5515,16818331115280313399
btree8_bl,8388608,2,270.2362,16818331115280313399
btree8_bl,8388608,3,266.6351,16818331115280313399
btree8_bl,8388608,4,257.0267,16818331115280313399
btree8_bl,8388608,5,259.4284,16818331115280313399
btree8_bl,8388608,6,284.2178,16818331115280313399
btree8_bl,8388608,7,288.7131,16818331115280313399
btree8_bl,8388608,8,295.4468,16818331115280313399
btree8_bl,8388608,9,276.1993,16818331115280313399
btree8_bl,8388608,10,270.0378,16818331115280313399
btree8_bl,8388608,11,290.5823,16818331115280313399
btree8_bl,8388608,12,278.0106,16818331115280313399
btree8_bl,8388608,13,265.0406,16818331115280313399
btree8_bl,8388608,14,260.7590,16818331115280313399
btree8_a64,8388608,0,392.4500,16818331115280313399
btree8_a64,8388608,1,293.4036,16818331115280313399
btree8_a64,8388608,2,302.7084,16818331115280313399
btree8_a64,8388608,3,309.6512,16818331115280313399
btree8_a64,8388608,4,284.4162,16818331115280313399
btree8_a64,8388608,5,282.1243,16818331115280313399
btree8_a64,8388608,6,290.7486,16818331115280313399
btree8_a64,8388608,7,329.3411,16818331115280313399
btree8_a64,8388608,8,322.2641,16818331115280313399
btree8_a64,8388608,9,314.2059,16818331115280313399
btree8_a64,8388608,10,317.2119,16818331115280313399
btree8_a64,8388608,11,329.5364,16818331115280313399
btree8_a64,8388608,12,318.1946,16818331115280313399
btree8_a64,8388608,13,315.7486,16818331115280313399
btree8_a64,8388608,14,316.5512,16818331115280313399
btree8_bl_a64,8388608,0,373.8235,16818331115280313399
btree8_bl_a64,8388608,1,276.4740,16818331115280313399
btree8_bl_a64,8388608,2,266.2094,16818331115280313399
btree8_bl_a64,8388608,3,254.1107,16818331115280313399
btree8_bl_a64,8388608,4,248.4375,16818331115280313399
btree8_bl_a64,8388608,5,246.0266,16818331115280313399
btree8_bl_a64,8388608,6,241.1499,16818331115280313399
btree8_bl_a64,8388608,7,241.1865,16818331115280313399
btree8_bl_a64,8388608,8,249.9496,16818331115280313399
btree8_bl_a64,8388608,9,246.4432,16818331115280313399
btree8_bl_a64,8388608,10,246.1060,16818331115280313399
btree8_bl_a64,8388608,11,243.7592,16818331115280313399
btree8_bl_a64,8388608,12,241.7603,16818331115280313399
btree8_bl_a64,8388608,13,266.4108,16818331115280313399
btree8_bl_a64,8388608,14,292.6239,16818331115280313399
btree16_bl_a64,8388608,0,344.5496,16818331115280313399
btree16_bl_a64,8388608,1,281.2119,16818331115280313399
btree16_bl_a64,8388608,2,271.7651,16818331115280313399
btree16_bl_a64,8388608,3,263.6383,16818331115280313399
btree16_bl_a64,8388608,4,267.5354,16818331115280313399
btree16_bl_a64,8388608,5,281.1096,16818331115280313399
btree16_bl_a64,8388608,6,267.7231,16818331115280313399
btree16_bl_a64,8388608,7,261.2595,16818331115280313399
btree16_bl_a64,8388608,8,254.7821,16818331115280313399
btree16_bl_a64,8388608,9,263.1821,16818331115280313399
btree16_bl_a64,8388608,10,260.0189,16818331115280313399
btree16_bl_a64,8388608,11,265.3091,16818331115280313399
btree16_bl_a64,8388608,12,263.9557,16818331115280313399
btree16_bl_a64,8388608,13,267.4728,16818331115280313399
btree16_bl_a64,8388608,14,282.2083,16818331115280313399
fusion8,8388608,0,513.6887,16818331115280313399
fusion8,8388608,1,444.8044,16818331115280313399
fusion8,8388608,2,430.5008,16818331115280313399
fusion8,8388608,3,434.0729,16818331115280313399
fusion8,8388608,4,418.9484,16818331115280313399
fusion8,8388608,5,411.2228,16818331115280313399
fusion8,8388608,6,415.4282,16818331115280313399
fusion8,8388608,7,424.4141,16818331115280313399
fusion8,8388608,8,450.4623,16818331115280313399
fusion8,8388608,9,428.5522,16818331115280313399
fusion8,8388608,10,419.3924,16818331115280313399
fusion8,8388608,11,417.9169,16818331115280313399
fusion8,8388608,12,417.9764,16818331115280313399
fusion8,8388608,13,424.9283,16818331115280313399
fusion8,8388608,14,423.8266,16818331115280313399
fusion8_bf,8388608,0,531.4362,16818331115280313399
fusion8_bf,8388608,1,460.5850,16818331115280313399
fusion8_bf,8388608,2,439.5996,16818331115280313399
fusion8_bf,8388608,3,429.6082,16818331115280313399
fusion8_bf,8388608,4,427.2293,16818331115280313399
fusion8_bf,8388608,5,452.2430,16818331115280313399
fusion8_bf,8388608,6,444.7586,16818331115280313399
fusion8_bf,8388608,7,427.4017,16818331115280313399
fusion8_bf,8388608,8,426.3062,16818331115280313399
fusion8_bf,8388608,9,426.2268,16818331115280313399
fusion8_bf,8388608,10,433.6136,16818331115280313399
fusion8_bf,8388608,11,428.9963,16818331115280313399
fusion8_bf,8388608,12,452.4078,16818331115280313399
fusion8_bf,8388608,13,439.6042,16818331115280313399
fusion8_bf,8388608,14,438.2736,16818331115280313399
fusion8_c,8388608,0,476.2985,16818331115280313399
fusion8_c,8388608,1,379.0039,16818331115280313399
fusion8_c,8388608,2,359.2850,16818331115280313399
fusion8_c,8388608,3,380.5481,16818331115280313399
fusion8_c,8388608,4,415.3519,16818331115280313399
fusion8_c,8388608,5,389.8804,16818331115280313399
fusion8_c,8388608,6,355.8533,16818331115280313399
fusion8_c,8388608,7,435.3348,16818331115280313399
fusion8_c,8388608,8,436.4349,16818331115280313399
fusion8_c,8388608,9,392.7551,16818331115280313399
fusion8_c,8388608,10,361.1282,16818331115280313399
fusion8_c,8388608,11,352.1652,16818331115280313399
fusion8_c,8388608,12,358.0261,16818331115280313399
fusion8_c,8388608,13,347.9477,16818331115280313399
fusion8_c,8388608,14,388.9175,16818331115280313399
fusion16_w,8388608,0,400.8209,16818331115280313399
fusion16_w,8388608,1,332.8690,16818331115280313399
fusion16_w,8388608,2,326.5182,16818331115280313399
fusion16_w,8388608,3,338.5544,16818331115280313399
fusion16_w,8388608,4,328.8330,16818331115280313399
fusion16_w,8388608,5,331.5140,16818331115280313399
fusion16_w,8388608,6,320.9991,16818331115280313399
fusion16_w,8388608,7,322.2610,16818331115280313399
fusion16_w,8388608,8,334.7687,16818331115280313399
fusion16_w,8388608,9,332.8003,16818331115280313399
fusion16_w,8388608,10,328.7659,16818331115280313399
fusion16_w,8388608,11,333.0887,16818331115280313399
fusion16_w,8388608,12,325.4272,16818331115280313399
fusion16_w,8388608,13,326.2268,16818331115280313399
fusion16_w,8388608,14,328.6682,16818331115280313399
sorted_array,16777216,0,1166.5436,7378316869786178009
sorted_array,16777216,1,1133.5800,7378316869786178009
sorted_array,16777216,2,1128.2654,7378316869786178009
sorted_array,16777216,3,1117.6163,7378316869786178009
sorted_array,16777216,4,1099.8901,7378316869786178009
sorted_array,16777216,5,1094.9860,7378316869786178009
sorted_array,16777216,6,1108.7250,7378316869786178009
sorted_array,16777216,7,1142.5598,7378316869786178009
sorted_array,16777216,8,1135.4492,7378316869786178009
sorted_array,16777216,9,1119.0094,7378316869786178009
sorted_array,16777216,10,1111.3205,7378316869786178009
sorted_array,16777216,11,1103.6392,7378316869786178009
sorted_array,16777216,12,1122.5723,7378316869786178009
sorted_array,16777216,13,1109.9274,7378316869786178009
sorted_array,16777216,14,1104.9576,7378316869786178009
btree8,16777216,0,433.7250,7378316869786178009
btree8,16777216,1,331.0593,7378316869786178009
btree8,16777216,2,320.9595,7378316869786178009
btree8,16777216,3,316.8121,7378316869786178009
btree8,16777216,4,321.0342,7378316869786178009
btree8,16777216,5,328.7704,7378316869786178009
btree8,16777216,6,324.5712,7378316869786178009
btree8,16777216,7,319.5953,7378316869786178009
btree8,16777216,8,320.1157,7378316869786178009
btree8,16777216,9,322.0154,7378316869786178009
btree8,16777216,10,324.9008,7378316869786178009
btree8,16777216,11,319.3954,7378316869786178009
btree8,16777216,12,317.5339,7378316869786178009
btree8,16777216,13,318.6447,7378316869786178009
btree8,16777216,14,322.4396,7378316869786178009
btree8_bl,16777216,0,454.7119,7378316869786178009
btree8_bl,16777216,1,340.7684,7378316869786178009
btree8_bl,16777216,2,319.4885,7378316869786178009
btree8_bl,16777216,3,315.6921,7378316869786178009
btree8_bl,16777216,4,316.0248,7378316869786178009
btree8_bl,16777216,5,313.1348,7378316869786178009
btree8_bl,16777216,6,315.7684,7378316869786178009
btree8_bl,16777216,7,316.9693,7378316869786178009
btree8_bl,16777216,8,326.3535,7378316869786178009
btree8_bl,16777216,9,350.4593,7378316869786178009
btree8_bl,16777216,10,334.8923,7378316869786178009
btree8_bl,16777216,11,335.6216,7378316869786178009
btree8_bl,16777216,12,353.4515,7378316869786178009
btree8_bl,16777216,13,348.0453,7378316869786178009
btree8_bl,16777216,14,323.0103,7378316869786178009
btree8_a64,16777216,0,436.0413,7378316869786178009
btree8_a64,16777216,1,334.8801,7378316869786178009
btree8_a64,16777216,2,316.9205,7378316869786178009
btree8_a64,16777216,3,306.5430,7378316869786178009
btree8_a64,16777216,4,308.9584,7378316869786178009
btree8_a64,16777216,5,311.9095,7378316869786178009
btree8_a64,16777216,6,322.1619,7378316869786178009
btree8_a64,16777216,7,349.9298,7378316869786178009
btree8_a64,16777216,8,328.7354,7378316869786178009
btree8_a64,16777216,9,314.6393,7378316869786178009
btree8_a64,16777216,10,316.0538,7378316869786178009
btree8_a64,16777216,11,319.2535,7378316869786178009
btree8_a64,16777216,12,311.8301,7378316869786178009
btree8_a64,16777216,13,329.0558,7378316869786178009
btree8_a64,16777216,14,319.4244,7378316869786178009
btree8_bl_a64,16777216,0,427.1912,7378316869786178009
btree8_bl_a64,16777216,1,300.4059,7378316869786178009
btree8_bl_a64,16777216,2,279.1000,7378316869786178009
btree8_bl_a64,16777216,3,264.9307,7378316869786178009
btree8_bl_a64,16777216,4,261.9904,7378316869786178009
btree8_bl_a64,16777216,5,269.8990,7378316869786178009
btree8_bl_a64,16777216,6,270.0577,7378316869786178009
btree8_bl_a64,16777216,7,280.3925,7378316869786178009
btree8_bl_a64,16777216,8,287.6114,7378316869786178009
btree8_bl_a64,16777216,9,281.3309,7378316869786178009
btree8_bl_a64,16777216,10,274.7009,7378316869786178009
btree8_bl_a64,16777216,11,276.6525,7378316869786178009
btree8_bl_a64,16777216,12,277.5574,7378316869786178009
btree8_bl_a64,16777216,13,281.0898,7378316869786178009
btree8_bl_a64,16777216,14,276.1429,7378316869786178009
btree16_bl_a64,16777216,0,345.2713,7378316869786178009
btree16_bl_a64,16777216,1,277.6154,7378316869786178009
btree16_bl_a64,16777216,2,252.5391,7378316869786178009
btree16_bl_a64,16777216,3,246.3394,7378316869786178009
btree16_bl_a64,16777216,4,255.5038,7378316869786178009
btree16_bl_a64,16777216,5,247.8394,7378316869786178009
btree16_bl_a64,16777216,6,243.7454,7378316869786178009
btree16_bl_a64,16777216,7,244.8380,7378316869786178009
btree16_bl_a64,16777216,8,250.8926,7378316869786178009
btree16_bl_a64,16777216,9,263.8275,7378316869786178009
btree16_bl_a64,16777216,10,263.5391,7378316869786178009
btree16_bl_a64,16777216,11,254.1061,7378316869786178009
btree16_bl_a64,16777216,12,242.1463,7378316869786178009
btree16_bl_a64,16777216,13,248.4436,7378316869786178009
btree16_bl_a64,16777216,14,255.6534,7378316869786178009
fusion8,16777216,0,556.6162,7378316869786178009
fusion8,16777216,1,469.9188,7378316869786178009
fusion8,16777216,2,466.7938,7378316869786178009
fusion8,16777216,3,471.3654,7378316869786178009
fusion8,16777216,4,458.4824,7378316869786178009
fusion8,16777216,5,459.4757,7378316869786178009
fusion8,16777216,6,453.8040,7378316869786178009
fusion8,16777216,7,455.4932,7378316869786178009
fusion8,16777216,8,467.1936,7378316869786178009
fusion8,16777216,9,454.7989,7378316869786178009
fusion8,16777216,10,487.3215,7378316869786178009
fusion8,16777216,11,463.8702,7378316869786178009
fusion8,16777216,12,463.9114,7378316869786178009
fusion8,16777216,13,456.0654,7378316869786178009
fusion8,16777216,14,453.8605,7378316869786178009
fusion8_bf,16777216,0,574.4202,7378316869786178009
fusion8_bf,16777216,1,481.3843,7378316869786178009
fusion8_bf,16777216,2,477.9648,7378316869786178009
fusion8_bf,16777216,3,466.8564,7378316869786178009
fusion8_bf,16777216,4,466.2949,7378316869786178009
fusion8_bf,16777216,5,465.1596,7378316869786178009
fusion8_bf,16777216,6,472.1786,7378316869786178009
fusion8_bf,16777216,7,470.2820,7378316869786178009
fusion8_bf,16777216,8,472.9813,7378316869786178009
fusion8_bf,16777216,9,472.2443,7378316869786178009
fusion8_bf,16777216,10,463.0066,7378316869786178009
fusion8_bf,16777216,11,467.6575,7378316869786178009
fusion8_bf,16777216,12,466.6946,7378316869786178009
fusion8_bf,16777216,13,463.9023,7378316869786178009
fusion8_bf,16777216,14,466.8015,7378316869786178009
fusion8_c,16777216,0,515.3519,7378316869786178009
fusion8_c,16777216,1,401.7349,7378316869786178009
fusion8_c,16777216,2,382.3242,7378316869786178009
fusion8_c,16777216,3,389.1449,7378316869786178009
fusion8_c,16777216,4,394.6213,7378316869786178009
fusion8_c,16777216,5,397.8638,7378316869786178009
fusion8_c,16777216,6,416.3513,7378316869786178009
fusion8_c,16777216,7,395.9595,7378316869786178009
fusion8_c,16777216,8,481.9214,7378316869786178009
fusion8_c,16777216,9,454.2679,7378316869786178009
fusion8_c,16777216,10,417.7338,7378316869786178009
fusion8_c,16777216,11,401.8692,7378316869786178009
fusion8_c,16777216,12,399.7864,7378316869786178009
fusion8_c,16777216,13,395.4819,7378316869786178009
fusion8_c,16777216,14,408.4244,7378316869786178009
fusion16_w,16777216,0,425.1236,7378316869786178009
fusion16_w,16777216,1,356.9305,7378316869786178009
fusion16_w,16777216,2,343.2327,7378316869786178009
fusion16_w,16777216,3,339.5569,7378316869786178009
fusion16_w,16777216,4,341.3300,7378316869786178009
fusion16_w,16777216,5,338.7497,7378316869786178009
fusion16_w,16777216,6,350.2182,7378316869786178009
fusion16_w,16777216,7,351.0361,7378316869786178009
fusion16_w,16777216,8,345.9656,7378316869786178009
fusion16_w,16777216,9,352.0599,7378316869786178009
fusion16_w,16777216,10,346.0342,7378316869786178009
fusion16_w,16777216,11,335.7040,7378316869786178009
fusion16_w,16777216,12,339.3463,7378316869786178009
fusion16_w,16777216,13,343.6234,7378316869786178009
fusion16_w,16777216,14,340.1688,7378316869786178009
sorted_array,33554432,0,1418.5074,14781225337507930917
sorted_array,33554432,1,1391.9571,14781225337507930917
sorted_array,33554432,2,1387.3444,14781225337507930917
sorted_array,33554432,3,1378.6407,14781225337507930917
sorted_array,33554432,4,1374.9008,14781225337507930917
sorted_array,33554432,5,1388.9221,14781225337507930917
sorted_array,33554432,6,1374.5880,14781225337507930917
sorted_array,33554432,7,1377.1301,14781225337507930917
sorted_array,33554432,8,1380.9586,14781225337507930917
sorted_array,33554432,9,1368.3701,14781225337507930917
sorted_array,33554432,10,1361.9324,14781225337507930917
sorted_array,33554432,11,1377.5986,14781225337507930917
sorted_array,33554432,12,1371.4539,14781225337507930917
sorted_array,33554432,13,1376.3977,14781225337507930917
sorted_array,33554432,14,1369.4275,14781225337507930917
btree8,33554432,0,438.8962,14781225337507930917
btree8,33554432,1,337.2757,14781225337507930917
btree8,33554432,2,326.9104,14781225337507930917
btree8,33554432,3,354.8035,14781225337507930917
btree8,33554432,4,349.1913,14781225337507930917
btree8,33554432,5,356.8924,14781225337507930917
btree8,33554432,6,364.0869,14781225337507930917
btree8,33554432,7,359.4284,14781225337507930917
btree8,33554432,8,350.5173,14781225337507930917
btree8,33554432,9,356.6467,14781225337507930917
btree8,33554432,10,345.9290,14781225337507930917
btree8,33554432,11,357.8720,14781225337507930917
btree8,33554432,12,356.5048,14781225337507930917
btree8,33554432,13,350.3510,14781225337507930917
btree8,33554432,14,344.7922,14781225337507930917
btree8_bl,33554432,0,463.1165,14781225337507930917
btree8_bl,33554432,1,375.7889,14781225337507930917
btree8_bl,33554432,2,361.6333,14781225337507930917
btree8_bl,33554432,3,327.1057,14781225337507930917
btree8_bl,33554432,4,325.1068,14781225337507930917
btree8_bl,33554432,5,324.2538,14781225337507930917
btree8_bl,33554432,6,349.5972,14781225337507930917
btree8_bl,33554432,7,346.9833,14781225337507930917
btree8_bl,33554432,8,335.6277,14781225337507930917
btree8_bl,33554432,9,352.1240,14781225337507930917
btree8_bl,33554432,10,359.5963,14781225337507930917
btree8_bl,33554432,11,346.0999,14781225337507930917
btree8_bl,33554432,12,353.7796,14781225337507930917
btree8_bl,33554432,13,361.9537,14781225337507930917
btree8_bl,33554432,14,365.2649,14781225337507930917
btree8_a64,33554432,0,450.7858,14781225337507930917
btree8_a64,33554432,1,360.6461,14781225337507930917
btree8_a64,33554432,2,346.0297,14781225337507930917
btree8_a64,33554432,3,336.7477,14781225337507930917
btree8_a64,33554432,4,340.5182,14781225337507930917
btree8_a64,33554432,5,338.7512,14781225337507930917
btree8_a64,33554432,6,332.1167,14781225337507930917
btree8_a64,33554432,7,337.6175,14781225337507930917
btree8_a64,33554432,8,336.1069,14781225337507930917
btree8_a64,33554432,9,333.0231,14781225337507930917
btree8_a64,33554432,10,328.3661,14781225337507930917
btree8_a64,33554432,11,331.8756,14781225337507930917
btree8_a64,33554432,12,349.1699,14781225337507930917
btree8_a64,33554432,13,334.2911,14781225337507930917
btree8_a64,33554432,14,329.9072,14781225337507930917
btree8_bl_a64,33554432,0,440.7089,14781225337507930917
btree8_bl_a64,33554432,1,302.2934,14781225337507930917
btree8_bl_a64,33554432,2,287.7838,14781225337507930917
btree8_bl_a64,33554432,3,290.8127,14781225337507930917
btree8_bl_a64,33554432,4,300.1053,14781225337507930917
btree8_bl_a64,33554432,5,286.3693,14781225337507930917
btree8_bl_a64,33554432,6,283.8623,14781225337507930917
btree8_bl_a64,33554432,7,309.1324,14781225337507930917
btree8_bl_a64,33554432,8,294.9509,14781225337507930917
btree8_bl_a64,33554432,9,285.9772,14781225337507930917
btree8_bl_a64,33554432,10,281.0837,14781225337507930917
btree8_bl_a64,33554432,11,286.7523,14781225337507930917
btree8_bl_a64,33554432,12,293.0435,14781225337507930917
btree8_bl_a64,33554432,13,307.1777,14781225337507930917
btree8_bl_a64,33554432,14,349.1196,14781225337507930917
btree16_bl_a64,33554432,0,484.8389,14781225337507930917
btree16_bl_a64,33554432,1,410.5789,14781225337507930917
btree16_bl_a64,33554432,2,404.2526,14781225337507930917
btree16_bl_a64,33554432,3,380.2277,14781225337507930917
btree16_bl_a64,33554432,4,368.1671,14781225337507930917
btree16_bl_a64,33554432,5,362.2543,14781225337507930917
btree16_bl_a64,33554432,6,363.3148,14781225337507930917
btree16_bl_a64,33554432,7,364.1571,14781225337507930917
btree16_bl_a64,33554432,8,362.9227,14781225337507930917
btree16_bl_a64,33554432,9,361.4456,14781225337507930917
btree16_bl_a64,33554432,10,358.6014,14781225337507930917
btree16_bl_a64,33554432,11,363.8000,14781225337507930917
btree16_bl_a64,33554432,12,363.9267,14781225337507930917
btree16_bl_a64,33554432,13,395.0455,14781225337507930917
btree16_bl_a64,33554432,14,392.4057,14781225337507930917
fusion8,33554432,0,556.0577,14781225337507930917
fusion8,33554432,1,467.5354,14781225337507930917
fusion8,33554432,2,457.2571,14781225337507930917
fusion8,33554432,3,457.3730,14781225337507930917
fusion8,33554432,4,468.5043,14781225337507930917
fusion8,33554432,5,472.0764,14781225337507930917
fusion8,33554432,6,459.4925,14781225337507930917
fusion8,33554432,7,460.0998,14781225337507930917
fusion8,33554432,8,489.2136,14781225337507930917
fusion8,33554432,9,472.8149,14781225337507930917
fusion8,33554432,10,461.7722,14781225337507930917
fusion8,33554432,11,462.3383,14781225337507930917
fusion8,33554432,12,458.7891,14781225337507930917
fusion8,33554432,13,530.5023,14781225337507930917
fusion8,33554432,14,499.6094,14781225337507930917
fusion8_bf,33554432,0,580.2917,14781225337507930917
fusion8_bf,33554432,1,500.9888,14781225337507930917
fusion8_bf,33554432,2,508.6716,14781225337507930917
fusion8_bf,33554432,3,486.4182,14781225337507930917
fusion8_bf,33554432,4,472.2977,14781225337507930917
fusion8_bf,33554432,5,480.8762,14781225337507930917
fusion8_bf,33554432,6,509.7549,14781225337507930917
fusion8_bf,33554432,7,486.7126,14781225337507930917
fusion8_bf,33554432,8,473.9868,14781225337507930917
fusion8_bf,33554432,9,472.6105,14781225337507930917
fusion8_bf,33554432,10,481.6284,14781225337507930917
fusion8_bf,33554432,11,473.9471,14781225337507930917
fusion8_bf,33554432,12,471.0419,14781225337507930917
fusion8_bf,33554432,13,470.9915,14781225337507930917
fusion8_bf,33554432,14,472.0444,14781225337507930917
fusion8_c,33554432,0,520.1996,14781225337507930917
fusion8_c,33554432,1,412.8601,14781225337507930917
fusion8_c,33554432,2,395.4895,14781225337507930917
fusion8_c,33554432,3,384.4498,14781225337507930917
fusion8_c,33554432,4,387.2055,14781225337507930917
fusion8_c,33554432,5,386.0718,14781225337507930917
fusion8_c,33554432,6,405.0369,14781225337507930917
fusion8_c,33554432,7,392.1799,14781225337507930917
fusion8_c,33554432,8,405.5481,14781225337507930917
fusion8_c,33554432,9,395.2087,14781225337507930917
fusion8_c,33554432,10,391.2918,14781225337507930917
fusion8_c,33554432,11,415.4465,14781225337507930917
fusion8_c,33554432,12,428.6255,14781225337507930917
fusion8_c,33554432,13,400.0610,14781225337507930917
fusion8_c,33554432,14,396.9910,14781225337507930917
fusion16_w,33554432,0,581.5475,14781225337507930917
fusion16_w,33554432,1,484.7656,14781225337507930917
fusion16_w,33554432,2,488.1165,14781225337507930917
fusion16_w,33554432,3,483.3603,14781225337507930917
fusion16_w,33554432,4,484.9503,14781225337507930917
fusion16_w,33554432,5,475.3113,14781225337507930917
fusion16_w,33554432,6,473.0148,14781225337507930917
fusion16_w,33554432,7,469.8349,14781225337507930917
fusion16_w,33554432,8,461.9110,14781225337507930917
fusion16_w,33554432,9,471.8170,14781225337507930917
fusion16_w,33554432,10,492.7139,14781225337507930917
fusion16_w,33554432,11,490.6219,14781225337507930917
fusion16_w,33554432,12,470.1508,14781225337507930917
fusion16_w,33554432,13,469.9707,14781225337507930917
fusion16_w,33554432,14,469.3207,14781225337507930917
