structure,n,rep,ns_per_query,checksum
fusion8,256,0,33.7601,4651152958151299108
fusion8_c,256,0,35.4385,4651152958151299108
btree8_a64,256,0,19.1772,4651152958151299108
btree16_bl_a64,256,0,4.8798,4651152958151299108
btree8,256,0,22.7203,4651152958151299108
btree8_bl,256,0,12.3276,4651152958151299108
fusion16_w,256,0,27.0248,4651152958151299108
fusion8_bf,256,0,35.5499,4651152958151299108
btree8_bl_a64,256,0,10.8780,4651152958151299108
sorted_array,256,0,4.3579,4651152958151299108
btree8_bl,256,1,12.3550,4651152958151299108
fusion8,256,1,33.7067,4651152958151299108
btree16_bl_a64,256,1,4.6692,4651152958151299108
fusion16_w,256,1,28.2745,4651152958151299108
btree8_bl_a64,256,1,11.0260,4651152958151299108
btree8_a64,256,1,19.3497,4651152958151299108
fusion8_c,256,1,36.4578,4651152958151299108
sorted_array,256,1,4.4815,4651152958151299108
btree8,256,1,20.3445,4651152958151299108
fusion8_bf,256,1,36.5219,4651152958151299108
btree8_bl,256,2,12.2208,4651152958151299108
sorted_array,256,2,4.2542,4651152958151299108
btree16_bl_a64,256,2,4.6387,4651152958151299108
fusion8_c,256,2,34.9777,4651152958151299108
btree8_a64,256,2,19.0735,4651152958151299108
btree8,256,2,22.3831,4651152958151299108
fusion16_w,256,2,27.1957,4651152958151299108
fusion8,256,2,34.4208,4651152958151299108
fusion8_bf,256,2,36.0275,4651152958151299108
btree8_bl_a64,256,2,10.8368,4651152958151299108
fusion8_c,256,3,35.0143,4651152958151299108
fusion8_bf,256,3,35.7727,4651152958151299108
btree16_bl_a64,256,3,4.6158,4651152958151299108
btree8_bl_a64,256,3,10.8536,4651152958151299108
fusion8,256,3,33.5968,4651152958151299108
btree8,256,3,20.6360,4651152958151299108
sorted_array,256,3,4.4159,4651152958151299108
fusion16_w,256,3,27.3941,4651152958151299108
btree8_a64,256,3,18.9682,4651152958151299108
btree8_bl,256,3,12.1811,4651152958151299108
btree8_bl,256,4,12.0422,4651152958151299108
fusion16_w,256,4,27.1942,4651152958151299108
btree8_bl_a64,256,4,10.8170,4651152958151299108
btree16_bl_a64,256,4,4.3915,4651152958151299108
btree8,256,4,20.3247,4651152958151299108
fusion8,256,4,35.0098,4651152958151299108
fusion8_c,256,4,36.5128,4651152958151299108
fusion8_bf,256,4,35.6125,4651152958151299108
sorted_array,256,4,4.2587,4651152958151299108
btree8_a64,256,4,18.8553,4651152958151299108
fusion8_bf,256,5,36.9934,4651152958151299108
btree8,256,5,20.4437,4651152958151299108
btree8_a64,256,5,20.8084,4651152958151299108
btree8_bl,256,5,12.1033,4651152958151299108
btree16_bl_a64,256,5,4.6692,4651152958151299108
fusion8,256,5,33.8120,4651152958151299108
fusion16_w,256,5,26.8524,4651152958151299108
sorted_array,256,5,4.2526,4651152958151299108
btree8_bl_a64,256,5,11.0092,4651152958151299108
fusion8_c,256,5,34.9503,4651152958151299108
fusion8,256,6,33.5388,4651152958151299108
btree8_a64,256,6,20.3278,4651152958151299108
sorted_array,256,6,4.5013,4651152958151299108
btree8_bl,256,6,12.2772,4651152958151299108
btree16_bl_a64,256,6,4.4724,4651152958151299108
fusion8_bf,256,6,35.6522,4651152958151299108
fusion16_w,256,6,27.0294,4651152958151299108
btree8_bl_a64,256,6,10.8887,4651152958151299108
fusion8_c,256,6,34.8984,4651152958151299108
btree8,256,6,20.2499,4651152958151299108
fusion8_c,256,7,35.6964,4651152958151299108
fusion8_bf,256,7,35.5881,4651152958151299108
sorted_array,256,7,4.2557,4651152958151299108
btree8_bl,256,7,12.1674,4651152958151299108
btree8,256,7,20.3369,4651152958151299108
fusion16_w,256,7,27.1042,4651152958151299108
btree8_a64,256,7,19.0659,4651152958151299108
fusion8,256,7,35.8078,4651152958151299108
btree8_bl_a64,256,7,11.0565,4651152958151299108
btree16_bl_a64,256,7,4.5670,4651152958151299108
fusion8_c,256,8,35.0342,4651152958151299108
btree8_bl,256,8,12.1552,4651152958151299108
btree16_bl_a64,256,8,4.5685,4651152958151299108
fusion16_w,256,8,27.1561,4651152958151299108
btree8_bl_a64,256,8,10.9573,4651152958151299108
btree8,256,8,20.5032,4651152958151299108
btree8_a64,256,8,21.5546,4651152958151299108
fusion8_bf,256,8,36.7355,4651152958151299108
fusion8,256,8,34.1537,4651152958151299108
sorted_array,256,8,4.2709,4651152958151299108
fusion8_bf,256,9,35.2844,4651152958151299108
sorted_array,256,9,4.3015,4651152958151299108
btree8,256,9,20.2118,4651152958151299108
btree8_a64,256,9,20.7687,4651152958151299108
fusion16_w,256,9,27.0569,4651152958151299108
btree8_bl,256,9,12.1750,4651152958151299108
btree8_bl_a64,256,9,10.9924,4651152958151299108
btree16_bl_a64,256,9,4.5624,4651152958151299108
fusion8_c,256,9,35.0769,4651152958151299108
fusion8,256,9,34.2361,4651152958151299108
fusion8,256,10,33.5632,4651152958151299108
btree16_bl_a64,256,10,4.6783,4651152958151299108
btree8_bl_a64,256,10,11.1160,4651152958151299108
sorted_array,256,10,4.2679,4651152958151299108
fusion16_w,256,10,27.0645,4651152958151299108
btree8_bl,256,10,12.2345,4651152958151299108
fusion8_c,256,10,34.9319,4651152958151299108
btree8_a64,256,10,18.9865,4651152958151299108
btree8,256,10,21.5042,4651152958151299108
fusion8_bf,256,10,37.3947,4651152958151299108
fusion8,256,11,34.8541,4651152958151299108
btree8_a64,256,11,19.0628,4651152958151299108
fusion8_bf,256,11,36.4090,4651152958151299108
btree8,256,11,20.3857,4651152958151299108
btree8_bl_a64,256,11,11.8423,4651152958151299108
btree8_bl,256,11,12.1735,4651152958151299108
sorted_array,256,11,4.2633,4651152958151299108
fusion8_c,256,11,34.9991,4651152958151299108
btree16_bl_a64,256,11,4.6066,4651152958151299108
fusion16_w,256,11,27.1835,4651152958151299108
btree8_bl,256,12,12.0682,4651152958151299108
fusion16_w,256,12,26.9714,4651152958151299108
fusion8_bf,256,12,35.5576,4651152958151299108
fusion8,256,12,34.8312,4651152958151299108
sorted_array,256,12,4.3182,4651152958151299108
btree8_a64,256,12,19.0414,4651152958151299108
btree8_bl_a64,256,12,10.8871,4651152958151299108
fusion8_c,256,12,35.2051,4651152958151299108
btree16_bl_a64,256,12,4.6646,4651152958151299108
btree8,256,12,20.5261,4651152958151299108
fusion8,256,13,34.7626,4651152958151299108
fusion16_w,256,13,27.1469,4651152958151299108
btree8_a64,256,13,18.8721,4651152958151299108
fusion8_c,256,13,35.6934,4651152958151299108
btree8,256,13,20.4071,4651152958151299108
btree8_bl,256,13,12.2437,4651152958151299108
fusion8_bf,256,13,35.6033,4651152958151299108
btree16_bl_a64,256,13,4.6478,4651152958151299108
btree8_bl_a64,256,13,10.8658,4651152958151299108
sorted_array,256,13,4.2648,4651152958151299108
btree8_bl_a64,256,14,10.8658,4651152958151299108
fusion16_w,256,14,27.0676,4651152958151299108
btree8,256,14,20.2103,4651152958151299108
btree8_a64,256,14,20.1935,4651152958151299108
sorted_array,256,14,4.4144,4651152958151299108
btree8_bl,256,14,12.1155,4651152958151299108
btree16_bl_a64,256,14,4.6677,4651152958151299108
fusion8_bf,256,14,36.2076,4651152958151299108
fusion8,256,14,33.7479,4651152958151299108
fusion8_c,256,14,36.1023,4651152958151299108
fusion8_c,512,0,36.3724,5099789511540172029
btree8,512,0,23.8129,5099789511540172029
btree8_a64,512,0,24.2172,5099789511540172029
btree8_bl,512,0,9.0607,5099789511540172029
btree8_bl_a64,512,0,8.0994,5099789511540172029
fusion8,512,0,34.0881,5099789511540172029
sorted_array,512,0,5.0140,5099789511540172029
btree16_bl_a64,512,0,15.3198,5099789511540172029
fusion8_bf,512,0,37.3779,5099789511540172029
fusion16_w,512,0,42.0303,5099789511540172029
btree8_a64,512,1,21.8689,5099789511540172029
btree8,512,1,26.2024,5099789511540172029
fusion16_w,512,1,41.5268,5099789511540172029
fusion8,512,1,34.2270,5099789511540172029
btree8_bl,512,1,9.0363,5099789511540172029
btree16_bl_a64,512,1,14.5020,5099789511540172029
btree8_bl_a64,512,1,8.1482,5099789511540172029
fusion8_bf,512,1,36.6592,5099789511540172029
fusion8_c,512,1,36.2762,5099789511540172029
sorted_array,512,1,4.9774,5099789511540172029
fusion16_w,512,2,41.4566,5099789511540172029
btree8_bl_a64,512,2,8.0200,5099789511540172029
btree16_bl_a64,512,2,14.5645,5099789511540172029
fusion8_c,512,2,36.1526,5099789511540172029
fusion8_bf,512,2,36.5356,5099789511540172029
btree8_bl,512,2,8.9401,5099789511540172029
fusion8,512,2,34.8511,5099789511540172029
sorted_array,512,2,5.0095,5099789511540172029
btree8,512,2,23.3231,5099789511540172029
btree8_a64,512,2,24.0097,5099789511540172029
btree8_bl_a64,512,3,8.1528,5099789511540172029
btree8_a64,512,3,22.2412,5099789511540172029
sorted_array,512,3,4.9698,5099789511540172029
fusion8_c,512,3,37.7365,5099789511540172029
btree8,512,3,23.1750,5099789511540172029
fusion8,512,3,35.4080,5099789511540172029
fusion8_bf,512,3,36.6226,5099789511540172029
btree8_bl,512,3,8.9859,5099789511540172029
fusion16_w,512,3,41.4108,5099789511540172029
btree16_bl_a64,512,3,14.6210,5099789511540172029
fusion8_c,512,4,36.2305,5099789511540172029
btree8_bl,512,4,8.8623,5099789511540172029
btree16_bl_a64,512,4,14.4958,5099789511540172029
btree8,512,4,23.3276,5099789511540172029
btree8_bl_a64,512,4,8.2428,5099789511540172029
sorted_array,512,4,4.9744,5099789511540172029
btree8_a64,512,4,22.2168,5099789511540172029
fusion8_bf,512,4,38.2538,5099789511540172029
fusion16_w,512,4,41.2537,5099789511540172029
fusion8,512,4,34.1415,5099789511540172029
btree8_bl_a64,512,5,8.0734,5099789511540172029
btree8_bl,512,5,9.0927,5099789511540172029
fusion8_c,512,5,36.2289,5099789511540172029
btree16_bl_a64,512,5,14.6606,5099789511540172029
btree8,512,5,23.7457,5099789511540172029
btree8_a64,512,5,24.1501,5099789511540172029
fusion16_w,512,5,41.1514,5099789511540172029
sorted_array,512,5,4.9683,5099789511540172029
fusion8_bf,512,5,36.5997,5099789511540172029
fusion8,512,5,34.1583,5099789511540172029
fusion8,512,6,33.8821,5099789511540172029
btree8,512,6,23.4528,5099789511540172029
sorted_array,512,6,4.9759,5099789511540172029
btree16_bl_a64,512,6,14.7369,5099789511540172029
fusion16_w,512,6,41.5024,5099789511540172029
fusion8_c,512,6,37.7625,5099789511540172029
btree8_bl_a64,512,6,8.1177,5099789511540172029
btree8_a64,512,6,22.1725,5099789511540172029
btree8_bl,512,6,9.1003,5099789511540172029
fusion8_bf,512,6,37.2787,5099789511540172029
btree8,512,7,24.0997,5099789511540172029
btree8_a64,512,7,24.3637,5099789511540172029
fusion8_c,512,7,37.3917,5099789511540172029
fusion8_bf,512,7,36.4883,5099789511540172029
fusion8,512,7,34.3018,5099789511540172029
btree8_bl_a64,512,7,8.0765,5099789511540172029
fusion16_w,512,7,41.4932,5099789511540172029
btree16_bl_a64,512,7,14.5645,5099789511540172029
sorted_array,512,7,5.0919,5099789511540172029
btree8_bl,512,7,9.3033,5099789511540172029
sorted_array,512,8,5.0766,5099789511540172029
btree8_bl,512,8,9.1614,5099789511540172029
btree8_bl_a64,512,8,8.3618,5099789511540172029
btree16_bl_a64,512,8,15.0681,5099789511540172029
fusion8_bf,512,8,37.4359,5099789511540172029
fusion8,512,8,34.8801,5099789511540172029
fusion16_w,512,8,42.4561,5099789511540172029
fusion8_c,512,8,36.8423,5099789511540172029
btree8_a64,512,8,22.0871,5099789511540172029
btree8,512,8,27.0004,5099789511540172029
btree8_bl_a64,512,9,8.1497,5099789511540172029
btree8,512,9,22.9752,5099789511540172029
fusion16_w,512,9,41.4963,5099789511540172029
fusion8_c,512,9,36.7706,5099789511540172029
sorted_array,512,9,4.9759,5099789511540172029
btree8_a64,512,9,21.8903,5099789511540172029
btree16_bl_a64,512,9,14.6576,5099789511540172029
fusion8,512,9,34.5703,5099789511540172029
btree8_bl,512,9,8.9935,5099789511540172029
fusion8_bf,512,9,36.6592,5099789511540172029
btree8_bl,512,10,9.0286,5099789511540172029
btree8,512,10,23.7396,5099789511540172029
fusion8_c,512,10,37.9669,5099789511540172029
btree8_bl_a64,512,10,8.1329,5099789511540172029
btree8_a64,512,10,21.6614,5099789511540172029
sorted_array,512,10,4.9957,5099789511540172029
fusion16_w,512,10,41.4047,5099789511540172029
fusion8,512,10,34.4971,5099789511540172029
btree16_bl_a64,512,10,14.5248,5099789511540172029
fusion8_bf,512,10,36.6302,5099789511540172029
btree8_bl_a64,512,11,8.1696,5099789511540172029
fusion8_bf,512,11,37.5076,5099789511540172029
fusion8_c,512,11,36.9064,5099789511540172029
btree8_a64,512,11,22.1512,5099789511540172029
btree8_bl,512,11,9.1187,5099789511540172029
btree16_bl_a64,512,11,14.6133,5099789511540172029
fusion8,512,11,34.0973,5099789511540172029
fusion16_w,512,11,41.4551,5099789511540172029
sorted_array,512,11,4.9927,5099789511540172029
btree8,512,11,23.7671,5099789511540172029
btree8_bl_a64,512,12,8.1421,5099789511540172029
fusion8_bf,512,12,37.2269,5099789511540172029
fusion8_c,512,12,36.8500,5099789511540172029
btree8,512,12,23.7762,5099789511540172029
fusion8,512,12,35.0723,5099789511540172029
btree8_bl,512,12,9.0195,5099789511540172029
btree16_bl_a64,512,12,14.6423,5099789511540172029
btree8_a64,512,12,21.8521,5099789511540172029
sorted_array,512,12,4.9774,5099789511540172029
fusion16_w,512,12,41.2491,5099789511540172029
btree8,512,13,23.4528,5099789511540172029
fusion16_w,512,13,42.7765,5099789511540172029
btree8_a64,512,13,22.6715,5099789511540172029
sorted_array,512,13,5.1117,5099789511540172029
fusion8_bf,512,13,37.8830,5099789511540172029
fusion8,512,13,34.2102,5099789511540172029
btree8_bl,512,13,8.9844,5099789511540172029
btree16_bl_a64,512,13,14.6011,5099789511540172029
btree8_bl_a64,512,13,8.1818,5099789511540172029
fusion8_c,512,13,36.2656,5099789511540172029
btree8_bl_a64,512,14,8.1100,5099789511540172029
fusion8_bf,512,14,37.2772,5099789511540172029
btree8_a64,512,14,22.3007,5099789511540172029
btree8_bl,512,14,9.0607,5099789511540172029
btree16_bl_a64,512,14,14.5584,5099789511540172029
fusion16_w,512,14,41.3467,5099789511540172029
btree8,512,14,23.8037,5099789511540172029
fusion8_c,512,14,37.9318,5099789511540172029
sorted_array,512,14,4.9744,5099789511540172029
fusion8,512,14,34.3430,5099789511540172029
btree8,1024,0,27.0065,16675351655752164294
fusion16_w,1024,0,46.1609,16675351655752164294
btree8_a64,1024,0,25.0504,16675351655752164294
btree8_bl,1024,0,20.6009,16675351655752164294
fusion8_bf,1024,0,48.4833,16675351655752164294
fusion8,1024,0,46.4722,16675351655752164294
btree8_bl_a64,1024,0,19.2795,16675351655752164294
fusion8_c,1024,0,49.1745,16675351655752164294
sorted_array,1024,0,5.7419,16675351655752164294
btree16_bl_a64,1024,0,11.1786,16675351655752164294
btree8,1024,1,26.9928,16675351655752164294
fusion8,1024,1,44.9326,16675351655752164294
fusion8_bf,1024,1,51.2512,16675351655752164294
fusion8_c,1024,1,51.4725,16675351655752164294
fusion16_w,1024,1,46.1533,16675351655752164294
btree8_bl,1024,1,20.6436,16675351655752164294
sorted_array,1024,1,5.6870,16675351655752164294
btree16_bl_a64,1024,1,11.0672,16675351655752164294
btree8_bl_a64,1024,1,18.8431,16675351655752164294
btree8_a64,1024,1,25.0885,16675351655752164294
btree8,1024,2,31.2561,16675351655752164294
fusion8_bf,1024,2,51.6968,16675351655752164294
btree8_a64,1024,2,26.4343,16675351655752164294
btree8_bl,1024,2,20.4651,16675351655752164294
btree16_bl_a64,1024,2,11.0504,16675351655752164294
fusion8_c,1024,2,48.0728,16675351655752164294
fusion16_w,1024,2,46.1975,16675351655752164294
fusion8,1024,2,44.4687,16675351655752164294
sorted_array,1024,2,5.6961,16675351655752164294
btree8_bl_a64,1024,2,18.8934,16675351655752164294
sorted_array,1024,3,5.6900,16675351655752164294
fusion8_c,1024,3,48.7915,16675351655752164294
fusion16_w,1024,3,45.8191,16675351655752164294
btree16_bl_a64,1024,3,11.1328,16675351655752164294
fusion8,1024,3,42.6178,16675351655752164294
btree8_bl_a64,1024,3,18.7698,16675351655752164294
btree8_a64,1024,3,25.1907,16675351655752164294
fusion8_bf,1024,3,53.3600,16675351655752164294
btree8_bl,1024,3,20.6039,16675351655752164294
btree8,1024,3,27.0218,16675351655752164294
btree8_a64,1024,4,29.5227,16675351655752164294
btree8,1024,4,26.2772,16675351655752164294
fusion8_c,1024,4,50.3815,16675351655752164294
btree8_bl,1024,4,20.6467,16675351655752164294
sorted_array,1024,4,5.6976,16675351655752164294
fusion8_bf,1024,4,49.9634,16675351655752164294
btree8_bl_a64,1024,4,18.9316,16675351655752164294
btree16_bl_a64,1024,4,11.0229,16675351655752164294
fusion16_w,1024,4,47.1024,16675351655752164294
fusion8,1024,4,42.6636,16675351655752164294
fusion8,1024,5,42.4103,16675351655752164294
btree16_bl_a64,1024,5,11.0718,16675351655752164294
fusion16_w,1024,5,45.6375,16675351655752164294
btree8_bl,1024,5,20.8649,16675351655752164294
btree8_a64,1024,5,25.0656,16675351655752164294
fusion8_c,1024,5,51.7578,16675351655752164294
btree8,1024,5,26.7654,16675351655752164294
fusion8_bf,1024,5,52.6932,16675351655752164294
btree8_bl_a64,1024,5,18.9453,16675351655752164294
sorted_array,1024,5,5.6915,16675351655752164294
fusion16_w,1024,6,46.7972,16675351655752164294
btree8_bl,1024,6,20.7458,16675351655752164294
fusion8,1024,6,42.9932,16675351655752164294
btree8_a64,1024,6,25.5829,16675351655752164294
btree8,1024,6,31.5918,16675351655752164294
fusion8_c,1024,6,51.6418,16675351655752164294
sorted_array,1024,6,5.6870,16675351655752164294
btree8_bl_a64,1024,6,18.8400,16675351655752164294
btree16_bl_a64,1024,6,11.0596,16675351655752164294
fusion8_bf,1024,6,48.7640,16675351655752164294
sorted_array,1024,7,5.7083,16675351655752164294
fusion8_c,1024,7,49.8306,16675351655752164294
fusion8,1024,7,43.6401,16675351655752164294
btree16_bl_a64,1024,7,11.3922,16675351655752164294
fusion16_w,1024,7,45.7962,16675351655752164294
btree8,1024,7,26.9485,16675351655752164294
btree8_bl_a64,1024,7,18.9026,16675351655752164294
btree8_bl,1024,7,21.5302,16675351655752164294
btree8_a64,1024,7,24.9802,16675351655752164294
fusion8_bf,1024,7,52.9236,16675351655752164294
fusion8,1024,8,44.7998,16675351655752164294
btree8_bl,1024,8,20.6619,16675351655752164294
btree8_bl_a64,1024,8,19.0201,16675351655752164294
fusion8_c,1024,8,48.2910,16675351655752164294
fusion8_bf,1024,8,49.5163,16675351655752164294
btree16_bl_a64,1024,8,11.1099,16675351655752164294
sorted_array,1024,8,5.7434,16675351655752164294
btree8_a64,1024,8,25.1434,16675351655752164294
fusion16_w,1024,8,46.3196,16675351655752164294
btree8,1024,8,26.5656,16675351655752164294
fusion16_w,1024,9,45.8664,16675351655752164294
fusion8,1024,9,42.8177,16675351655752164294
btree8_a64,1024,9,25.4440,16675351655752164294
fusion8_bf,1024,9,53.6926,16675351655752164294
btree16_bl_a64,1024,9,11.1115,16675351655752164294
btree8_bl_a64,1024,9,19.6777,16675351655752164294
btree8_bl,1024,9,20.7611,16675351655752164294
fusion8_c,1024,9,49.5361,16675351655752164294
btree8,1024,9,26.8524,16675351655752164294
sorted_array,1024,9,5.6915,16675351655752164294
fusion8,1024,10,44.6121,16675351655752164294
btree16_bl_a64,1024,10,11.0336,16675351655752164294
fusion8_c,1024,10,48.3154,16675351655752164294
fusion8_bf,1024,10,50.6546,16675351655752164294
fusion16_w,1024,10,47.6456,16675351655752164294
btree8,1024,10,27.1576,16675351655752164294
sorted_array,1024,10,5.7144,16675351655752164294
btree8_bl,1024,10,20.7809,16675351655752164294
btree8_a64,1024,10,24.9298,16675351655752164294
btree8_bl_a64,1024,10,18.9972,16675351655752164294
btree8_bl_a64,1024,11,18.8400,16675351655752164294
sorted_array,1024,11,5.7480,16675351655752164294
btree8,1024,11,26.9470,16675351655752164294
fusion8,1024,11,44.9005,16675351655752164294
fusion8_bf,1024,11,51.4893,16675351655752164294
btree16_bl_a64,1024,11,11.0733,16675351655752164294
fusion16_w,1024,11,46.2830,16675351655752164294
btree8_a64,1024,11,25.1465,16675351655752164294
fusion8_c,1024,11,51.9547,16675351655752164294
btree8_bl,1024,11,20.7169,16675351655752164294
fusion16_w,1024,12,47.9218,16675351655752164294
fusion8,1024,12,42.9688,16675351655752164294
btree16_bl_a64,1024,12,11.2701,16675351655752164294
fusion8_bf,1024,12,48.6145,16675351655752164294
btree8_a64,1024,12,25.8392,16675351655752164294
sorted_array,1024,12,5.6976,16675351655752164294
btree8_bl_a64,1024,12,18.8782,16675351655752164294
btree8_bl,1024,12,21.0876,16675351655752164294
btree8,1024,12,27.0706,16675351655752164294
fusion8_c,1024,12,51.6647,16675351655752164294
btree8_bl,1024,13,20.8694,16675351655752164294
btree8,1024,13,26.3931,16675351655752164294
fusion16_w,1024,13,46.1029,16675351655752164294
sorted_array,1024,13,5.7037,16675351655752164294
btree8_bl_a64,1024,13,18.5989,16675351655752164294
fusion8_bf,1024,13,48.7442,16675351655752164294
btree16_bl_a64,1024,13,11.1496,16675351655752164294
fusion8_c,1024,13,48.4940,16675351655752164294
btree8_a64,1024,13,25.2655,16675351655752164294
fusion8,1024,13,45.1859,16675351655752164294
btree16_bl_a64,1024,14,11.0275,16675351655752164294
fusion8,1024,14,42.2699,16675351655752164294
sorted_array,1024,14,5.6946,16675351655752164294
fusion8_c,1024,14,48.2346,16675351655752164294
btree8,1024,14,27.0599,16675351655752164294
btree8_bl_a64,1024,14,18.9697,16675351655752164294
btree8_bl,1024,14,20.7626,16675351655752164294
fusion16_w,1024,14,46.1182,16675351655752164294
btree8_a64,1024,14,24.8230,16675351655752164294
fusion8_bf,1024,14,52.3041,16675351655752164294
fusion8,2048,0,51.8356,12960468969644381222
fusion16_w,2048,0,48.1995,12960468969644381222
btree8_bl_a64,2048,0,15.8920,12960468969644381222
btree8_bl,2048,0,17.5247,12960468969644381222
fusion8_c,2048,0,52.3666,12960468969644381222
btree16_bl_a64,2048,0,9.3338,12960468969644381222
sorted_array,2048,0,6.3034,12960468969644381222
btree8_a64,2048,0,28.5004,12960468969644381222
btree8,2048,0,34.9487,12960468969644381222
fusion8_bf,2048,0,54.7836,12960468969644381222
fusion8,2048,1,52.8778,12960468969644381222
btree16_bl_a64,2048,1,9.2682,12960468969644381222
sorted_array,2048,1,6.3034,12960468969644381222
btree8_a64,2048,1,28.5690,12960468969644381222
btree8,2048,1,34.6191,12960468969644381222
fusion16_w,2048,1,48.3597,12960468969644381222
fusion8_bf,2048,1,53.4927,12960468969644381222
fusion8_c,2048,1,53.7827,12960468969644381222
btree8_bl,2048,1,18.4174,12960468969644381222
btree8_bl_a64,2048,1,16.0294,12960468969644381222
fusion16_w,2048,2,48.0820,12960468969644381222
btree16_bl_a64,2048,2,9.3002,12960468969644381222
btree8,2048,2,30.7388,12960468969644381222
fusion8_c,2048,2,56.0898,12960468969644381222
sorted_array,2048,2,6.3263,12960468969644381222
btree8_a64,2048,2,28.3981,12960468969644381222
fusion8,2048,2,52.8076,12960468969644381222
fusion8_bf,2048,2,55.5603,12960468969644381222
btree8_bl,2048,2,17.4149,12960468969644381222
btree8_bl_a64,2048,2,15.8401,12960468969644381222
btree8_bl,2048,3,17.5430,12960468969644381222
fusion8_c,2048,3,52.1927,12960468969644381222
sorted_array,2048,3,6.2973,12960468969644381222
btree8_a64,2048,3,28.6758,12960468969644381222
fusion8_bf,2048,3,56.2134,12960468969644381222
btree16_bl_a64,2048,3,9.3445,12960468969644381222
btree8_bl_a64,2048,3,15.7669,12960468969644381222
btree8,2048,3,30.3802,12960468969644381222
fusion16_w,2048,3,49.0128,12960468969644381222
fusion8,2048,3,51.3641,12960468969644381222
btree16_bl_a64,2048,4,9.2911,12960468969644381222
sorted_array,2048,4,6.3385,12960468969644381222
fusion16_w,2048,4,48.0484,12960468969644381222
btree8_bl,2048,4,17.6758,12960468969644381222
btree8_bl_a64,2048,4,15.7547,12960468969644381222
fusion8,2048,4,50.6378,12960468969644381222
btree8_a64,2048,4,28.7964,12960468969644381222
fusion8_bf,2048,4,56.0684,12960468969644381222
btree8,2048,4,30.5527,12960468969644381222
fusion8_c,2048,4,55.4092,12960468969644381222
fusion8,2048,5,51.5823,12960468969644381222
btree8_bl,2048,5,17.3584,12960468969644381222
btree8,2048,5,30.2872,12960468969644381222
fusion8_c,2048,5,55.5328,12960468969644381222
sorted_array,2048,5,6.2744,12960468969644381222
btree8_a64,2048,5,28.2974,12960468969644381222
btree16_bl_a64,2048,5,9.3735,12960468969644381222
btree8_bl_a64,2048,5,15.8676,12960468969644381222
fusion8_bf,2048,5,53.5416,12960468969644381222
fusion16_w,2048,5,48.5580,12960468969644381222
btree8,2048,6,30.1025,12960468969644381222
sorted_array,2048,6,6.2790,12960468969644381222
fusion8,2048,6,53.8467,12960468969644381222
btree8_bl_a64,2048,6,15.7455,12960468969644381222
fusion8_c,2048,6,52.2873,12960468969644381222
fusion8_bf,2048,6,54.8981,12960468969644381222
fusion16_w,2048,6,48.4695,12960468969644381222
btree16_bl_a64,2048,6,9.3292,12960468969644381222
btree8_a64,2048,6,28.6362,12960468969644381222
btree8_bl,2048,6,17.5705,12960468969644381222
fusion8_bf,2048,7,53.3524,12960468969644381222
btree8,2048,7,30.6900,12960468969644381222
btree8_bl,2048,7,17.4774,12960468969644381222
btree16_bl_a64,2048,7,9.3674,12960468969644381222
btree8_bl_a64,2048,7,15.8493,12960468969644381222
fusion8_c,2048,7,52.1622,12960468969644381222
btree8_a64,2048,7,28.5355,12960468969644381222
sorted_array,2048,7,6.2927,12960468969644381222
fusion16_w,2048,7,47.7936,12960468969644381222
fusion8,2048,7,50.7019,12960468969644381222
fusion16_w,2048,8,48.0118,12960468969644381222
btree8,2048,8,30.2750,12960468969644381222
btree8_bl_a64,2048,8,15.8295,12960468969644381222
fusion8_c,2048,8,54.5898,12960468969644381222
btree8_bl,2048,8,17.6971,12960468969644381222
btree8_a64,2048,8,29.1977,12960468969644381222
fusion8_bf,2048,8,56.7078,12960468969644381222
btree16_bl_a64,2048,8,9.5581,12960468969644381222
sorted_array,2048,8,6.4590,12960468969644381222
fusion8,2048,8,51.5778,12960468969644381222
btree8_a64,2048,9,29.1885,12960468969644381222
fusion8,2048,9,54.1458,12960468969644381222
btree8,2048,9,31.0593,12960468969644381222
fusion16_w,2048,9,49.0372,12960468969644381222
btree16_bl_a64,2048,9,9.2621,12960468969644381222
btree8_bl,2048,9,17.5644,12960468969644381222
btree8_bl_a64,2048,9,15.9180,12960468969644381222
fusion8_bf,2048,9,53.2684,12960468969644381222
sorted_array,2048,9,6.2866,12960468969644381222
fusion8_c,2048,9,54.9210,12960468969644381222
btree16_bl_a64,2048,10,9.3887,12960468969644381222
sorted_array,2048,10,6.3293,12960468969644381222
btree8_bl,2048,10,17.6956,12960468969644381222
fusion8_c,2048,10,52.2522,12960468969644381222
fusion8,2048,10,50.8865,12960468969644381222
btree8,2048,10,30.7037,12960468969644381222
fusion16_w,2048,10,48.0164,12960468969644381222
btree8_bl_a64,2048,10,15.8401,12960468969644381222
fusion8_bf,2048,10,54.3106,12960468969644381222
btree8_a64,2048,10,28.6682,12960468969644381222
btree8,2048,11,34.9167,12960468969644381222
btree8_bl_a64,2048,11,15.8737,12960468969644381222
btree8_a64,2048,11,28.5950,12960468969644381222
fusion8_bf,2048,11,56.6162,12960468969644381222
btree8_bl,2048,11,17.3096,12960468969644381222
fusion8_c,2048,11,53.4790,12960468969644381222
fusion16_w,2048,11,48.0240,12960468969644381222
btree16_bl_a64,2048,11,9.3338,12960468969644381222
fusion8,2048,11,51.1597,12960468969644381222
sorted_array,2048,11,6.2775,12960468969644381222
sorted_array,2048,12,6.3049,12960468969644381222
btree16_bl_a64,2048,12,9.1934,12960468969644381222
btree8_bl_a64,2048,12,15.8096,12960468969644381222
fusion8_c,2048,12,52.3972,12960468969644381222
btree8_bl,2048,12,17.4759,12960468969644381222
btree8,2048,12,30.7861,12960468969644381222
fusion8_bf,2048,12,55.2399,12960468969644381222
fusion16_w,2048,12,48.1628,12960468969644381222
btree8_a64,2048,12,28.8422,12960468969644381222
fusion8,2048,12,53.0319,12960468969644381222
fusion16_w,2048,13,49.9710,12960468969644381222
btree8_bl,2048,13,17.4805,12960468969644381222
fusion8,2048,13,50.6042,12960468969644381222
btree16_bl_a64,2048,13,9.3460,12960468969644381222
fusion8_c,2048,13,52.3743,12960468969644381222
btree8_a64,2048,13,28.3920,12960468969644381222
btree8,2048,13,34.7992,12960468969644381222
sorted_array,2048,13,6.4285,12960468969644381222
btree8_bl_a64,2048,13,16.2704,12960468969644381222
fusion8_bf,2048,13,54.5044,12960468969644381222
btree8_bl,2048,14,17.3599,12960468969644381222
btree16_bl_a64,2048,14,9.3323,12960468969644381222
btree8,2048,14,30.1376,12960468969644381222
fusion8_bf,2048,14,55.2475,12960468969644381222
fusion8,2048,14,53.1067,12960468969644381222
btree8_a64,2048,14,29.2099,12960468969644381222
btree8_bl_a64,2048,14,16.2033,12960468969644381222
sorted_array,2048,14,6.4468,12960468969644381222
fusion16_w,2048,14,48.8113,12960468969644381222
fusion8_c,2048,14,52.7328,12960468969644381222
sorted_array,4096,0,7.9620,4803135936880507992
btree8,4096,0,34.0057,4803135936880507992
fusion8_c,4096,0,56.7490,4803135936880507992
fusion8_bf,4096,0,55.0568,4803135936880507992
btree8_bl,4096,0,13.4369,4803135936880507992
fusion16_w,4096,0,46.4111,4803135936880507992
fusion8,4096,0,51.4420,4803135936880507992
btree8_bl_a64,4096,0,12.3276,4803135936880507992
btree16_bl_a64,4096,0,8.1238,4803135936880507992
btree8_a64,4096,0,31.9611,4803135936880507992
fusion16_w,4096,1,46.6797,4803135936880507992
btree16_bl_a64,4096,1,8.0750,4803135936880507992
btree8_bl,4096,1,13.6765,4803135936880507992
btree8_bl_a64,4096,1,12.2711,4803135936880507992
btree8_a64,4096,1,31.2042,4803135936880507992
fusion8_bf,4096,1,57.7133,4803135936880507992
sorted_array,4096,1,8.2504,4803135936880507992
fusion8_c,4096,1,55.7510,4803135936880507992
fusion8,4096,1,53.3707,4803135936880507992
btree8,4096,1,33.4015,4803135936880507992
btree8_bl,4096,2,13.6200,4803135936880507992
fusion8_bf,4096,2,55.2155,4803135936880507992
btree8_bl_a64,4096,2,12.2787,4803135936880507992
fusion16_w,4096,2,47.6242,4803135936880507992
btree8_a64,4096,2,32.3898,4803135936880507992
btree8,4096,2,36.7386,4803135936880507992
btree16_bl_a64,4096,2,8.1223,4803135936880507992
fusion8_c,4096,2,55.7602,4803135936880507992
fusion8,4096,2,51.7715,4803135936880507992
sorted_array,4096,2,7.1396,4803135936880507992
fusion8_c,4096,3,53.3112,4803135936880507992
fusion8_bf,4096,3,54.7165,4803135936880507992
btree8,4096,3,33.4778,4803135936880507992
fusion8,4096,3,54.5090,4803135936880507992
btree16_bl_a64,4096,3,8.0978,4803135936880507992
btree8_bl,4096,3,13.5040,4803135936880507992
sorted_array,4096,3,7.1411,4803135936880507992
fusion16_w,4096,3,46.6263,4803135936880507992
btree8_a64,4096,3,31.3980,4803135936880507992
btree8_bl_a64,4096,3,13.5086,4803135936880507992
btree8_bl,4096,4,13.8947,4803135936880507992
fusion8_c,4096,4,55.2139,4803135936880507992
fusion8,4096,4,52.0386,4803135936880507992
btree8_bl_a64,4096,4,12.4420,4803135936880507992
btree8,4096,4,33.6548,4803135936880507992
sorted_array,4096,4,7.1594,4803135936880507992
fusion16_w,4096,4,46.3364,4803135936880507992
btree16_bl_a64,4096,4,8.2306,4803135936880507992
fusion8_bf,4096,4,54.6783,4803135936880507992
btree8_a64,4096,4,31.6757,4803135936880507992
btree8_bl_a64,4096,5,12.4237,4803135936880507992
btree16_bl_a64,4096,5,8.0627,4803135936880507992
fusion8_c,4096,5,53.5172,4803135936880507992
btree8,4096,5,33.5037,4803135936880507992
fusion16_w,4096,5,47.4091,4803135936880507992
btree8_bl,4096,5,14.0625,4803135936880507992
sorted_array,4096,5,7.1579,4803135936880507992
btree8_a64,4096,5,31.6589,4803135936880507992
fusion8,4096,5,53.0029,4803135936880507992
fusion8_bf,4096,5,56.4941,4803135936880507992
fusion8_bf,4096,6,56.5872,4803135936880507992
btree8_bl,4096,6,13.7848,4803135936880507992
sorted_array,4096,6,7.3349,4803135936880507992
btree8,4096,6,34.5764,4803135936880507992
fusion16_w,4096,6,46.6965,4803135936880507992
btree16_bl_a64,4096,6,8.1787,4803135936880507992
btree8_a64,4096,6,31.9122,4803135936880507992
fusion8,4096,6,53.6606,4803135936880507992
fusion8_c,4096,6,56.4514,4803135936880507992
btree8_bl_a64,4096,6,12.7090,4803135936880507992
btree8,4096,7,34.5596,4803135936880507992
sorted_array,4096,7,7.1442,4803135936880507992
fusion8_c,4096,7,56.2408,4803135936880507992
fusion16_w,4096,7,46.3623,4803135936880507992
btree8_bl_a64,4096,7,12.1658,4803135936880507992
btree8_a64,4096,7,31.7032,4803135936880507992
fusion8_bf,4096,7,58.2245,4803135936880507992
btree16_bl_a64,4096,7,8.1696,4803135936880507992
btree8_bl,4096,7,13.4460,4803135936880507992
fusion8,4096,7,51.0773,4803135936880507992
btree8,4096,8,34.1003,4803135936880507992
btree8_a64,4096,8,34.4910,4803135936880507992
fusion8_c,4096,8,56.1142,4803135936880507992
sorted_array,4096,8,7.1869,4803135936880507992
btree16_bl_a64,4096,8,8.2779,4803135936880507992
btree8_bl_a64,4096,8,12.2696,4803135936880507992
fusion8_bf,4096,8,54.7195,4803135936880507992
fusion16_w,4096,8,46.5607,4803135936880507992
btree8_bl,4096,8,13.4811,4803135936880507992
fusion8,4096,8,51.1871,4803135936880507992
fusion16_w,4096,9,46.6293,4803135936880507992
btree8_a64,4096,9,32.1533,4803135936880507992
sorted_array,4096,9,7.1884,4803135936880507992
btree8_bl_a64,4096,9,12.4786,4803135936880507992
btree8,4096,9,34.0179,4803135936880507992
fusion8_bf,4096,9,58.8776,4803135936880507992
fusion8_c,4096,9,55.4443,4803135936880507992
fusion8,4096,9,53.5126,4803135936880507992
btree8_bl,4096,9,13.7665,4803135936880507992
btree16_bl_a64,4096,9,8.1100,4803135936880507992
sorted_array,4096,10,7.1594,4803135936880507992
fusion16_w,4096,10,46.3669,4803135936880507992
fusion8,4096,10,50.9323,4803135936880507992
btree8_bl_a64,4096,10,12.3596,4803135936880507992
fusion8_c,4096,10,53.3463,4803135936880507992
btree8_a64,4096,10,31.8085,4803135936880507992
btree8,4096,10,36.5936,4803135936880507992
btree8_bl,4096,10,14.0579,4803135936880507992
btree16_bl_a64,4096,10,8.3160,4803135936880507992
fusion8_bf,4096,10,55.1407,4803135936880507992
btree8_bl,4096,11,13.3469,4803135936880507992
btree8_a64,4096,11,31.5903,4803135936880507992
fusion8,4096,11,53.2700,4803135936880507992
btree8_bl_a64,4096,11,12.4069,4803135936880507992
fusion8_c,4096,11,54.1473,4803135936880507992
fusion8_bf,4096,11,55.0415,4803135936880507992
btree16_bl_a64,4096,11,8.1345,4803135936880507992
btree8,4096,11,33.7799,4803135936880507992
fusion16_w,4096,11,46.8582,4803135936880507992
sorted_array,4096,11,7.1396,4803135936880507992
btree8_bl_a64,4096,12,12.4527,4803135936880507992
fusion8_c,4096,12,53.5416,4803135936880507992
btree8_a64,4096,12,31.5079,4803135936880507992
btree16_bl_a64,4096,12,8.1421,4803135936880507992
btree8_bl,4096,12,13.6215,4803135936880507992
btree8,4096,12,33.9279,4803135936880507992
fusion8_bf,4096,12,59.2728,4803135936880507992
fusion8,4096,12,52.4750,4803135936880507992
fusion16_w,4096,12,46.6599,4803135936880507992
sorted_array,4096,12,7.1350,4803135936880507992
btree8_a64,4096,13,31.4240,4803135936880507992
fusion8,4096,13,53.5919,4803135936880507992
btree8_bl,4096,13,13.4872,4803135936880507992
sorted_array,4096,13,7.1304,4803135936880507992
btree8_bl_a64,4096,13,12.4725,4803135936880507992
fusion16_w,4096,13,46.3318,4803135936880507992
btree8,4096,13,33.3771,4803135936880507992
fusion8_bf,4096,13,58.8379,4803135936880507992
btree16_bl_a64,4096,13,8.1543,4803135936880507992
fusion8_c,4096,13,54.8187,4803135936880507992
btree8_bl_a64,4096,14,12.3413,4803135936880507992
fusion8,4096,14,51.2238,4803135936880507992
fusion16_w,4096,14,46.5866,4803135936880507992
fusion8_c,4096,14,54.7684,4803135936880507992
btree8_bl,4096,14,14.5203,4803135936880507992
fusion8_bf,4096,14,55.5038,4803135936880507992
btree16_bl_a64,4096,14,8.1085,4803135936880507992
btree8,4096,14,33.6121,4803135936880507992
btree8_a64,4096,14,34.4788,4803135936880507992
sorted_array,4096,14,7.1442,4803135936880507992
fusion8_bf,8192,0,67.8848,159033305566865313
fusion8_c,8192,0,65.7440,159033305566865313
sorted_array,8192,0,8.9584,159033305566865313
btree8_bl,8192,0,22.6364,159033305566865313
btree8,8192,0,37.5214,159033305566865313
btree16_bl_a64,8192,0,23.7213,159033305566865313
btree8_bl_a64,8192,0,20.1950,159033305566865313
fusion8,8192,0,59.3292,159033305566865313
btree8_a64,8192,0,34.9289,159033305566865313
fusion16_w,8192,0,67.5476,159033305566865313
fusion8_bf,8192,1,65.8035,159033305566865313
btree8_a64,8192,1,34.8862,159033305566865313
fusion8_c,8192,1,69.4977,159033305566865313
fusion16_w,8192,1,67.8345,159033305566865313
sorted_array,8192,1,9.0393,159033305566865313
btree16_bl_a64,8192,1,23.0606,159033305566865313
btree8_bl_a64,8192,1,19.2001,159033305566865313
btree8,8192,1,36.9125,159033305566865313
btree8_bl,8192,1,22.7859,159033305566865313
fusion8,8192,1,57.7499,159033305566865313
btree16_bl_a64,8192,2,22.6807,159033305566865313
btree8_a64,8192,2,34.4910,159033305566865313
fusion8,8192,2,62.0255,159033305566865313
sorted_array,8192,2,9.0118,159033305566865313
fusion8_c,8192,2,67.2699,159033305566865313
btree8_bl_a64,8192,2,19.6625,159033305566865313
fusion16_w,8192,2,67.3859,159033305566865313
fusion8_bf,8192,2,69.5877,159033305566865313
btree8_bl,8192,2,22.1848,159033305566865313
btree8,8192,2,37.1231,159033305566865313
fusion8_bf,8192,3,73.2193,159033305566865313
btree8,8192,3,36.7462,159033305566865313
btree16_bl_a64,8192,3,22.8546,159033305566865313
btree8_a64,8192,3,34.6909,159033305566865313
btree8_bl,8192,3,22.7844,159033305566865313
fusion8_c,8192,3,64.6103,159033305566865313
sorted_array,8192,3,9.0164,159033305566865313
fusion16_w,8192,3,66.6138,159033305566865313
fusion8,8192,3,62.7579,159033305566865313
btree8_bl_a64,8192,3,19.3192,159033305566865313
btree8_bl,8192,4,21.4874,159033305566865313
btree8,8192,4,37.0682,159033305566865313
btree8_a64,8192,4,37.4374,159033305566865313
sorted_array,8192,4,8.9874,159033305566865313
btree8_bl_a64,8192,4,20.1859,159033305566865313
fusion8_c,8192,4,64.7629,159033305566865313
fusion8_bf,8192,4,68.5242,159033305566865313
fusion16_w,8192,4,67.2470,159033305566865313
btree16_bl_a64,8192,4,22.6898,159033305566865313
fusion8,8192,4,59.3262,159033305566865313
btree8_bl,8192,5,22.1436,159033305566865313
btree8_bl_a64,8192,5,19.6213,159033305566865313
btree8_a64,8192,5,34.8419,159033305566865313
btree16_bl_a64,8192,5,22.9324,159033305566865313
sorted_array,8192,5,8.9905,159033305566865313
fusion16_w,8192,5,67.1814,159033305566865313
fusion8_c,8192,5,65.3671,159033305566865313
fusion8_bf,8192,5,65.9286,159033305566865313
fusion8,8192,5,59.5749,159033305566865313
btree8,8192,5,37.2223,159033305566865313
sorted_array,8192,6,8.9661,159033305566865313
fusion8,8192,6,62.6968,159033305566865313
fusion8_c,8192,6,68.0847,159033305566865313
fusion16_w,8192,6,69.0430,159033305566865313
fusion8_bf,8192,6,65.9195,159033305566865313
btree8_bl,8192,6,21.9650,159033305566865313
btree8_a64,8192,6,34.7580,159033305566865313
btree8,8192,6,39.9811,159033305566865313
btree16_bl_a64,8192,6,22.8943,159033305566865313
btree8_bl_a64,8192,6,19.6671,159033305566865313
btree8_bl_a64,8192,7,18.8828,159033305566865313
sorted_array,8192,7,8.9615,159033305566865313
fusion8_bf,8192,7,67.1906,159033305566865313
btree8,8192,7,36.9965,159033305566865313
btree16_bl_a64,8192,7,22.7478,159033305566865313
fusion8,8192,7,58.7784,159033305566865313
btree8_bl,8192,7,22.1375,159033305566865313
fusion8_c,8192,7,64.8315,159033305566865313
btree8_a64,8192,7,34.5703,159033305566865313
fusion16_w,8192,7,67.3523,159033305566865313
fusion8,8192,8,58.6884,159033305566865313
btree16_bl_a64,8192,8,23.1354,159033305566865313
btree8_a64,8192,8,34.7946,159033305566865313
fusion16_w,8192,8,67.2241,159033305566865313
btree8_bl_a64,8192,8,20.2667,159033305566865313
fusion8_c,8192,8,65.4022,159033305566865313
fusion8_bf,8192,8,70.2927,159033305566865313
btree8,8192,8,37.0224,159033305566865313
btree8_bl,8192,8,22.8561,159033305566865313
sorted_array,8192,8,9.0515,159033305566865313
sorted_array,8192,9,8.9661,159033305566865313
btree8,8192,9,36.5112,159033305566865313
fusion8_c,8192,9,70.2301,159033305566865313
fusion8,8192,9,59.6939,159033305566865313
fusion16_w,8192,9,70.0897,159033305566865313
btree8_bl,8192,9,22.6852,159033305566865313
fusion8_bf,8192,9,67.3737,159033305566865313
btree16_bl_a64,8192,9,23.6359,159033305566865313
btree8_bl_a64,8192,9,19.8792,159033305566865313
btree8_a64,8192,9,35.2890,159033305566865313
fusion16_w,8192,10,67.8116,159033305566865313
btree16_bl_a64,8192,10,22.8607,159033305566865313
btree8_a64,8192,10,34.1690,159033305566865313
fusion8_bf,8192,10,75.1099,159033305566865313
sorted_array,8192,10,8.9920,159033305566865313
btree8,8192,10,37.1597,159033305566865313
fusion8,8192,10,62.0087,159033305566865313
fusion8_c,8192,10,67.8574,159033305566865313
btree8_bl,8192,10,22.5052,159033305566865313
btree8_bl_a64,8192,10,19.2719,159033305566865313
btree8,8192,11,36.9797,159033305566865313
fusion8,8192,11,62.6434,159033305566865313
btree8_a64,8192,11,34.7565,159033305566865313
fusion8_c,8192,11,69.3756,159033305566865313
btree16_bl_a64,8192,11,24.1989,159033305566865313
btree8_bl_a64,8192,11,19.5267,159033305566865313
btree8_bl,8192,11,22.0566,159033305566865313
fusion8_bf,8192,11,68.3029,159033305566865313
sorted_array,8192,11,9.0103,159033305566865313
fusion16_w,8192,11,66.7191,159033305566865313
fusion8_c,8192,12,65.9622,159033305566865313
btree8_bl,8192,12,22.8333,159033305566865313
fusion8_bf,8192,12,66.3010,159033305566865313
btree16_bl_a64,8192,12,22.8836,159033305566865313
sorted_array,8192,12,8.9996,159033305566865313
fusion8,8192,12,57.8140,159033305566865313
btree8_a64,8192,12,34.6252,159033305566865313
fusion16_w,8192,12,68.3182,159033305566865313
btree8_bl_a64,8192,12,19.6976,159033305566865313
btree8,8192,12,37.3459,159033305566865313
btree8_bl,8192,13,22.8531,159033305566865313
btree8_bl_a64,8192,13,20.6573,159033305566865313
btree16_bl_a64,8192,13,22.7570,159033305566865313
btree8,8192,13,36.7615,159033305566865313
fusion8_bf,8192,13,73.4253,159033305566865313
fusion16_w,8192,13,67.8925,159033305566865313
fusion8,8192,13,59.6588,159033305566865313
sorted_array,8192,13,8.9340,159033305566865313
btree8_a64,8192,13,34.5978,159033305566865313
fusion8_c,8192,13,70.3644,159033305566865313
fusion16_w,8192,14,67.6926,159033305566865313
fusion8,8192,14,57.7103,159033305566865313
btree16_bl_a64,8192,14,22.7417,159033305566865313
btree8_a64,8192,14,34.6115,159033305566865313
btree8_bl_a64,8192,14,20.3125,159033305566865313
fusion8_bf,8192,14,66.0370,159033305566865313
sorted_array,8192,14,8.9661,159033305566865313
btree8,8192,14,37.1140,159033305566865313
fusion8_c,8192,14,69.4519,159033305566865313
btree8_bl,8192,14,22.9630,159033305566865313
fusion8,16384,0,75.5234,9658500957361859441
btree16_bl_a64,16384,0,21.1502,9658500957361859441
btree8,16384,0,46.8124,9658500957361859441
fusion8_c,16384,0,79.9759,9658500957361859441
btree8_bl,16384,0,28.9078,9658500957361859441
sorted_array,16384,0,11.4105,9658500957361859441
btree8_a64,16384,0,45.2942,9658500957361859441
fusion16_w,16384,0,73.5825,9658500957361859441
fusion8_bf,16384,0,77.7145,9658500957361859441
btree8_bl_a64,16384,0,27.1835,9658500957361859441
fusion8_c,16384,1,73.9227,9658500957361859441
fusion8_bf,16384,1,75.9628,9658500957361859441
btree8_bl,16384,1,27.6428,9658500957361859441
btree16_bl_a64,16384,1,19.8685,9658500957361859441
fusion16_w,16384,1,72.1069,9658500957361859441
btree8_bl_a64,16384,1,24.6368,9658500957361859441
btree8,16384,1,46.6171,9658500957361859441
btree8_a64,16384,1,46.0159,9658500957361859441
sorted_array,16384,1,11.3968,9658500957361859441
fusion8,16384,1,77.0065,9658500957361859441
btree8_bl_a64,16384,2,25.2747,9658500957361859441
sorted_array,16384,2,11.3068,9658500957361859441
fusion8_bf,16384,2,76.6647,9658500957361859441
btree8,16384,2,46.5134,9658500957361859441
fusion8_c,16384,2,84.1812,9658500957361859441
btree8_bl,16384,2,28.9734,9658500957361859441
btree16_bl_a64,16384,2,21.3333,9658500957361859441
fusion16_w,16384,2,75.3616,9658500957361859441
btree8_a64,16384,2,45.3461,9658500957361859441
fusion8,16384,2,79.4189,9658500957361859441
btree16_bl_a64,16384,3,20.7001,9658500957361859441
btree8,16384,3,47.5449,9658500957361859441
fusion16_w,16384,3,74.8428,9658500957361859441
fusion8,16384,3,73.1964,9658500957361859441
btree8_bl_a64,16384,3,26.2085,9658500957361859441
fusion8_c,16384,3,75.4333,9658500957361859441
btree8_a64,16384,3,44.2093,9658500957361859441
sorted_array,16384,3,11.5616,9658500957361859441
fusion8_bf,16384,3,83.8287,9658500957361859441
btree8_bl,16384,3,28.8162,9658500957361859441
btree8_bl,16384,4,26.6251,9658500957361859441
btree8_bl_a64,16384,4,24.2706,9658500957361859441
fusion8_bf,16384,4,74.6033,9658500957361859441
fusion8,16384,4,76.1353,9658500957361859441
fusion16_w,16384,4,73.3795,9658500957361859441
btree8,16384,4,46.6156,9658500957361859441
sorted_array,16384,4,11.6653,9658500957361859441
btree8_a64,16384,4,46.5118,9658500957361859441
btree16_bl_a64,16384,4,21.7285,9658500957361859441
fusion8_c,16384,4,75.3738,9658500957361859441
btree8_bl,16384,5,27.2995,9658500957361859441
btree8_a64,16384,5,44.3085,9658500957361859441
btree8,16384,5,49.0875,9658500957361859441
btree16_bl_a64,16384,5,19.1956,9658500957361859441
fusion16_w,16384,5,73.3978,9658500957361859441
btree8_bl_a64,16384,5,24.9878,9658500957361859441
sorted_array,16384,5,11.6364,9658500957361859441
fusion8_c,16384,5,73.6389,9658500957361859441
fusion8,16384,5,74.2462,9658500957361859441
fusion8_bf,16384,5,76.6403,9658500957361859441
sorted_array,16384,6,11.8210,9658500957361859441
btree16_bl_a64,16384,6,19.7876,9658500957361859441
fusion8,16384,6,71.4874,9658500957361859441
btree8_bl_a64,16384,6,25.3510,9658500957361859441
btree8_a64,16384,6,44.6365,9658500957361859441
fusion16_w,16384,6,75.0366,9658500957361859441
btree8_bl,16384,6,28.7888,9658500957361859441
fusion8_bf,16384,6,75.1312,9658500957361859441
btree8,16384,6,46.8704,9658500957361859441
fusion8_c,16384,6,81.5308,9658500957361859441
fusion16_w,16384,7,72.3053,9658500957361859441
btree8_bl,16384,7,27.7283,9658500957361859441
fusion8_bf,16384,7,75.2884,9658500957361859441
btree16_bl_a64,16384,7,20.7932,9658500957361859441
btree8,16384,7,46.6232,9658500957361859441
btree8_bl_a64,16384,7,25.2075,9658500957361859441
btree8_a64,16384,7,44.5251,9658500957361859441
fusion8_c,16384,7,80.3772,9658500957361859441
fusion8,16384,7,73.8510,9658500957361859441
sorted_array,16384,7,11.6638,9658500957361859441
btree16_bl_a64,16384,8,19.1483,9658500957361859441
btree8_a64,16384,8,44.4351,9658500957361859441
btree8,16384,8,48.4497,9658500957361859441
sorted_array,16384,8,11.5875,9658500957361859441
btree8_bl_a64,16384,8,25.1205,9658500957361859441
fusion8_c,16384,8,74.9146,9658500957361859441
btree8_bl,16384,8,27.4918,9658500957361859441
fusion8,16384,8,71.6080,9658500957361859441
fusion8_bf,16384,8,75.2182,9658500957361859441
fusion16_w,16384,8,73.6786,9658500957361859441
sorted_array,16384,9,11.7889,9658500957361859441
btree8,16384,9,46.1212,9658500957361859441
btree16_bl_a64,16384,9,19.2886,9658500957361859441
fusion8_bf,16384,9,76.3046,9658500957361859441
fusion8,16384,9,76.5808,9658500957361859441
btree8_bl,16384,9,28.3279,9658500957361859441
fusion16_w,16384,9,73.7305,9658500957361859441
btree8_a64,16384,9,44.6945,9658500957361859441
btree8_bl_a64,16384,9,25.8774,9658500957361859441
fusion8_c,16384,9,75.0443,9658500957361859441
btree8,16384,10,46.4050,9658500957361859441
fusion8_bf,16384,10,83.3496,9658500957361859441
fusion8_c,16384,10,77.6108,9658500957361859441
btree8_a64,16384,10,45.5185,9658500957361859441
fusion16_w,16384,10,74.5682,9658500957361859441
fusion8,16384,10,71.6827,9658500957361859441
btree16_bl_a64,16384,10,20.0653,9658500957361859441
btree8_bl,16384,10,27.4033,9658500957361859441
btree8_bl_a64,16384,10,24.5270,9658500957361859441
sorted_array,16384,10,11.7264,9658500957361859441
fusion8,16384,11,71.5561,9658500957361859441
btree8_a64,16384,11,43.8995,9658500957361859441
btree8_bl_a64,16384,11,24.9130,9658500957361859441
fusion8_bf,16384,11,76.1169,9658500957361859441
fusion8_c,16384,11,79.7638,9658500957361859441
btree8,16384,11,46.7377,9658500957361859441
sorted_array,16384,11,11.6547,9658500957361859441
btree16_bl_a64,16384,11,19.8547,9658500957361859441
btree8_bl,16384,11,27.3315,9658500957361859441
fusion16_w,16384,11,73.4528,9658500957361859441
btree8_a64,16384,12,43.6676,9658500957361859441
sorted_array,16384,12,11.5784,9658500957361859441
btree8,16384,12,48.4436,9658500957361859441
btree8_bl,16384,12,27.9099,9658500957361859441
btree8_bl_a64,16384,12,24.3866,9658500957361859441
fusion8_c,16384,12,74.1165,9658500957361859441
fusion8,16384,12,74.5972,9658500957361859441
fusion16_w,16384,12,73.4879,9658500957361859441
btree16_bl_a64,16384,12,19.4641,9658500957361859441
fusion8_bf,16384,12,76.3046,9658500957361859441
btree16_bl_a64,16384,13,19.0948,9658500957361859441
btree8_bl,16384,13,26.9836,9658500957361859441
fusion8_c,16384,13,73.9349,9658500957361859441
btree8,16384,13,46.4478,9658500957361859441
fusion16_w,16384,13,72.9019,9658500957361859441
btree8_bl_a64,16384,13,27.0721,9658500957361859441
btree8_a64,16384,13,45.3354,9658500957361859441
fusion8_bf,16384,13,82.9559,9658500957361859441
fusion8,16384,13,78.2120,9658500957361859441
sorted_array,16384,13,12.7304,9658500957361859441
fusion8_c,16384,14,74.5514,9658500957361859441
sorted_array,16384,14,11.5738,9658500957361859441
btree16_bl_a64,16384,14,20.2164,9658500957361859441
fusion16_w,16384,14,72.5464,9658500957361859441
btree8_a64,16384,14,44.2551,9658500957361859441
btree8,16384,14,50.5692,9658500957361859441
btree8_bl_a64,16384,14,26.4145,9658500957361859441
fusion8,16384,14,73.3856,9658500957361859441
btree8_bl,16384,14,27.8931,9658500957361859441
fusion8_bf,16384,14,75.5890,9658500957361859441
btree8_a64,32768,0,46.3394,11629335647243425761
fusion16_w,32768,0,74.8810,11629335647243425761
sorted_array,32768,0,15.7501,11629335647243425761
btree8,32768,0,47.7722,11629335647243425761
fusion8_bf,32768,0,86.7691,11629335647243425761
fusion8,32768,0,79.0039,11629335647243425761
btree16_bl_a64,32768,0,17.8619,11629335647243425761
btree8_bl,32768,0,22.3282,11629335647243425761
btree8_bl_a64,32768,0,20.2515,11629335647243425761
fusion8_c,32768,0,78.1570,11629335647243425761
btree8_bl,32768,1,20.9122,11629335647243425761
btree8_bl_a64,32768,1,18.7851,11629335647243425761
fusion16_w,32768,1,74.6597,11629335647243425761
fusion8,32768,1,76.3168,11629335647243425761
sorted_array,32768,1,15.4556,11629335647243425761
btree16_bl_a64,32768,1,16.1346,11629335647243425761
fusion8_bf,32768,1,78.8513,11629335647243425761
fusion8_c,32768,1,81.4896,11629335647243425761
btree8_a64,32768,1,45.6528,11629335647243425761
btree8,32768,1,48.0453,11629335647243425761
btree8,32768,2,47.6318,11629335647243425761
fusion8,32768,2,76.6678,11629335647243425761
btree8_bl,32768,2,21.9467,11629335647243425761
btree16_bl_a64,32768,2,15.7791,11629335647243425761
fusion16_w,32768,2,76.0101,11629335647243425761
fusion8_bf,32768,2,78.4256,11629335647243425761
btree8_a64,32768,2,44.9326,11629335647243425761
sorted_array,32768,2,14.8422,11629335647243425761
fusion8_c,32768,2,82.0938,11629335647243425761
btree8_bl_a64,32768,2,20.4987,11629335647243425761
fusion8_c,32768,3,76.5457,11629335647243425761
btree8_bl_a64,32768,3,18.4372,11629335647243425761
btree8_bl,32768,3,21.0617,11629335647243425761
fusion8,32768,3,75.8377,11629335647243425761
sorted_array,32768,3,14.8346,11629335647243425761
btree8_a64,32768,3,44.9036,11629335647243425761
fusion8_bf,32768,3,84.0225,11629335647243425761
btree8,32768,3,47.4396,11629335647243425761
fusion16_w,32768,3,76.1749,11629335647243425761
btree16_bl_a64,32768,3,17.4316,11629335647243425761
fusion8,32768,4,74.5270,11629335647243425761
btree8_bl_a64,32768,4,19.6854,11629335647243425761
fusion8_bf,32768,4,79.0863,11629335647243425761
fusion16_w,32768,4,75.6561,11629335647243425761
btree8_bl,32768,4,21.7117,11629335647243425761
fusion8_c,32768,4,77.9984,11629335647243425761
sorted_array,32768,4,15.2664,11629335647243425761
btree8_a64,32768,4,45.3659,11629335647243425761
btree16_bl_a64,32768,4,16.9724,11629335647243425761
btree8,32768,4,47.2916,11629335647243425761
fusion8_bf,32768,5,84.9579,11629335647243425761
fusion16_w,32768,5,75.8774,11629335647243425761
btree8_bl_a64,32768,5,19.1208,11629335647243425761
btree8_a64,32768,5,44.8242,11629335647243425761
fusion8,32768,5,76.8265,11629335647243425761
fusion8_c,32768,5,80.2933,11629335647243425761
btree8,32768,5,46.9360,11629335647243425761
sorted_array,32768,5,15.2481,11629335647243425761
btree16_bl_a64,32768,5,15.8936,11629335647243425761
btree8_bl,32768,5,21.5149,11629335647243425761
btree8,32768,6,47.0032,11629335647243425761
fusion8_bf,32768,6,81.6360,11629335647243425761
fusion8,32768,6,76.5854,11629335647243425761
btree16_bl_a64,32768,6,15.7791,11629335647243425761
btree8_a64,32768,6,44.8029,11629335647243425761
fusion8_c,32768,6,82.1411,11629335647243425761
fusion16_w,32768,6,75.6592,11629335647243425761
sorted_array,32768,6,15.1840,11629335647243425761
btree8_bl_a64,32768,6,19.8318,11629335647243425761
btree8_bl,32768,6,20.8298,11629335647243425761
fusion8,32768,7,74.4354,11629335647243425761
fusion8_bf,32768,7,78.2196,11629335647243425761
fusion8_c,32768,7,82.2617,11629335647243425761
sorted_array,32768,7,15.1642,11629335647243425761
btree8_bl_a64,32768,7,19.7571,11629335647243425761
btree16_bl_a64,32768,7,15.9225,11629335647243425761
btree8,32768,7,46.8338,11629335647243425761
btree8_bl,32768,7,21.7041,11629335647243425761
fusion16_w,32768,7,75.3021,11629335647243425761
btree8_a64,32768,7,44.9188,11629335647243425761
fusion8_bf,32768,8,84.1675,11629335647243425761
btree16_bl_a64,32768,8,15.9164,11629335647243425761
btree8_bl,32768,8,20.9534,11629335647243425761
fusion8_c,32768,8,77.8961,11629335647243425761
fusion8,32768,8,76.3245,11629335647243425761
btree8,32768,8,46.7560,11629335647243425761
btree8_bl_a64,32768,8,19.8502,11629335647243425761
sorted_array,32768,8,15.2695,11629335647243425761
btree8_a64,32768,8,44.6884,11629335647243425761
fusion16_w,32768,8,76.1520,11629335647243425761
btree8_bl_a64,32768,9,21.3486,11629335647243425761
fusion8,32768,9,76.7303,11629335647243425761
fusion8_bf,32768,9,81.3965,11629335647243425761
btree8_a64,32768,9,45.6238,11629335647243425761
sorted_array,32768,9,15.7654,11629335647243425761
btree8_bl,32768,9,23.1903,11629335647243425761
btree16_bl_a64,32768,9,18.2983,11629335647243425761
fusion16_w,32768,9,74.9115,11629335647243425761
btree8,32768,9,47.5891,11629335647243425761
fusion8_c,32768,9,83.2382,11629335647243425761
fusion8_c,32768,10,80.2750,11629335647243425761
fusion16_w,32768,10,74.6185,11629335647243425761
sorted_array,32768,10,15.5319,11629335647243425761
fusion8_bf,32768,10,83.6075,11629335647243425761
btree16_bl_a64,32768,10,16.9312,11629335647243425761
btree8_bl_a64,32768,10,19.2230,11629335647243425761
fusion8,32768,10,75.6775,11629335647243425761
btree8,32768,10,47.6318,11629335647243425761
btree8_bl,32768,10,23.2376,11629335647243425761
btree8_a64,32768,10,46.6110,11629335647243425761
fusion8_bf,32768,11,83.7585,11629335647243425761
btree16_bl_a64,32768,11,15.7959,11629335647243425761
btree8,32768,11,47.2656,11629335647243425761
btree8_bl,32768,11,21.4951,11629335647243425761
fusion8,32768,11,75.3769,11629335647243425761
btree8_a64,32768,11,45.4269,11629335647243425761
btree8_bl_a64,32768,11,19.4336,11629335647243425761
fusion16_w,32768,11,75.0336,11629335647243425761
fusion8_c,32768,11,79.5456,11629335647243425761
sorted_array,32768,11,15.3748,11629335647243425761
fusion8_c,32768,12,77.3254,11629335647243425761
btree8_bl,32768,12,20.9885,11629335647243425761
btree8_a64,32768,12,44.6548,11629335647243425761
sorted_array,32768,12,15.2420,11629335647243425761
btree8_bl_a64,32768,12,19.8151,11629335647243425761
fusion8,32768,12,75.5997,11629335647243425761
btree16_bl_a64,32768,12,16.4978,11629335647243425761
fusion8_bf,32768,12,78.7750,11629335647243425761
fusion16_w,32768,12,74.7879,11629335647243425761
btree8,32768,12,47.9630,11629335647243425761
sorted_array,32768,13,15.4648,11629335647243425761
fusion8_c,32768,13,83.9523,11629335647243425761
btree8_a64,32768,13,45.1904,11629335647243425761
btree8_bl,32768,13,21.6873,11629335647243425761
fusion16_w,32768,13,74.5499,11629335647243425761
btree8,32768,13,46.6705,11629335647243425761
fusion8_bf,32768,13,84.8495,11629335647243425761
btree8_bl_a64,32768,13,20.1950,11629335647243425761
btree16_bl_a64,32768,13,16.0522,11629335647243425761
fusion8,32768,13,75.8850,11629335647243425761
btree16_bl_a64,32768,14,15.7303,11629335647243425761
fusion8_bf,32768,14,78.1128,11629335647243425761
btree8_bl_a64,32768,14,19.0491,11629335647243425761
fusion8,32768,14,74.4537,11629335647243425761
fusion16_w,32768,14,76.9409,11629335647243425761
btree8_bl,32768,14,22.2473,11629335647243425761
btree8,32768,14,47.1985,11629335647243425761
sorted_array,32768,14,15.1932,11629335647243425761
fusion8_c,32768,14,79.3777,11629335647243425761
btree8_a64,32768,14,45.4071,11629335647243425761
fusion8,65536,0,84.5688,5722582458615733357
fusion8_bf,65536,0,88.4674,5722582458615733357
fusion8_c,65536,0,93.8599,5722582458615733357
btree8_bl_a64,65536,0,23.6206,5722582458615733357
btree8_a64,65536,0,52.3651,5722582458615733357
btree16_bl_a64,65536,0,16.1362,5722582458615733357
fusion16_w,65536,0,74.2142,5722582458615733357
btree8_bl,65536,0,25.0290,5722582458615733357
sorted_array,65536,0,21.5714,5722582458615733357
btree8,65536,0,54.6219,5722582458615733357
btree8_bl_a64,65536,1,24.7086,5722582458615733357
fusion16_w,65536,1,75.2884,5722582458615733357
fusion8_c,65536,1,93.0466,5722582458615733357
fusion8,65536,1,92.1906,5722582458615733357
sorted_array,65536,1,20.7932,5722582458615733357
btree16_bl_a64,65536,1,16.3193,5722582458615733357
btree8,65536,1,54.2465,5722582458615733357
btree8_bl,65536,1,27.7237,5722582458615733357
fusion8_bf,65536,1,90.0131,5722582458615733357
btree8_a64,65536,1,53.4103,5722582458615733357
btree8_a64,65536,2,50.2655,5722582458615733357
sorted_array,65536,2,20.4315,5722582458615733357
btree16_bl_a64,65536,2,14.6027,5722582458615733357
fusion8_c,65536,2,96.6934,5722582458615733357
btree8,65536,2,55.6763,5722582458615733357
btree8_bl,65536,2,27.7100,5722582458615733357
fusion8,65536,2,87.1323,5722582458615733357
fusion16_w,65536,2,79.0405,5722582458615733357
fusion8_bf,65536,2,90.1672,5722582458615733357
btree8_bl_a64,65536,2,25.4929,5722582458615733357
btree8_a64,65536,3,52.9846,5722582458615733357
fusion16_w,65536,3,75.1663,5722582458615733357
fusion8_bf,65536,3,86.0580,5722582458615733357
btree8_bl,65536,3,24.8550,5722582458615733357
sorted_array,65536,3,21.0159,5722582458615733357
fusion8_c,65536,3,93.5013,5722582458615733357
btree8,65536,3,54.9591,5722582458615733357
fusion8,65536,3,88.1531,5722582458615733357
btree8_bl_a64,65536,3,24.6521,5722582458615733357
btree16_bl_a64,65536,3,16.4841,5722582458615733357
fusion8_bf,65536,4,87.4924,5722582458615733357
btree8_a64,65536,4,52.2858,5722582458615733357
btree16_bl_a64,65536,4,16.0736,5722582458615733357
sorted_array,65536,4,21.0159,5722582458615733357
btree8,65536,4,54.1245,5722582458615733357
btree8_bl,65536,4,25.5005,5722582458615733357
fusion8,65536,4,80.4825,5722582458615733357
fusion16_w,65536,4,76.6388,5722582458615733357
btree8_bl_a64,65536,4,24.7635,5722582458615733357
fusion8_c,65536,4,88.5590,5722582458615733357
btree8_bl_a64,65536,5,22.4045,5722582458615733357
sorted_array,65536,5,20.8069,5722582458615733357
fusion8_bf,65536,5,87.5549,5722582458615733357
fusion8_c,65536,5,92.3935,5722582458615733357
btree16_bl_a64,65536,5,16.5176,5722582458615733357
fusion16_w,65536,5,74.7391,5722582458615733357
btree8,65536,5,53.5187,5722582458615733357
btree8_bl,65536,5,26.4023,5722582458615733357
fusion8,65536,5,81.1920,5722582458615733357
btree8_a64,65536,5,53.2959,5722582458615733357
fusion8,65536,6,82.1732,5722582458615733357
fusion8_bf,65536,6,89.5477,5722582458615733357
fusion8_c,65536,6,91.9724,5722582458615733357
btree8_a64,65536,6,51.1993,5722582458615733357
btree16_bl_a64,65536,6,15.4633,5722582458615733357
btree8,65536,6,52.9526,5722582458615733357
fusion16_w,65536,6,74.8917,5722582458615733357
btree8_bl_a64,65536,6,25.1068,5722582458615733357
sorted_array,65536,6,20.8710,5722582458615733357
btree8_bl,65536,6,23.4497,5722582458615733357
btree8_bl,65536,7,22.1207,5722582458615733357
fusion8_bf,65536,7,86.5555,5722582458615733357
sorted_array,65536,7,20.7596,5722582458615733357
fusion8,65536,7,86.1618,5722582458615733357
fusion16_w,65536,7,73.5519,5722582458615733357
btree16_bl_a64,65536,7,15.2786,5722582458615733357
btree8,65536,7,54.1382,5722582458615733357
btree8_a64,65536,7,56.6788,5722582458615733357
btree8_bl_a64,65536,7,26.1078,5722582458615733357
fusion8_c,65536,7,89.1724,5722582458615733357
fusion8_bf,65536,8,90.9073,5722582458615733357
fusion16_w,65536,8,75.6073,5722582458615733357
btree8,65536,8,52.8412,5722582458615733357
btree16_bl_a64,65536,8,15.2710,5722582458615733357
fusion8_c,65536,8,95.1340,5722582458615733357
btree8_bl_a64,65536,8,23.1857,5722582458615733357
sorted_array,65536,8,21.0983,5722582458615733357
btree8_a64,65536,8,52.4933,5722582458615733357
btree8_bl,65536,8,26.9608,5722582458615733357
fusion8,65536,8,83.3954,5722582458615733357
btree8,65536,9,51.9348,5722582458615733357
btree8_bl_a64,65536,9,23.5626,5722582458615733357
btree16_bl_a64,65536,9,14.7568,5722582458615733357
fusion8_bf,65536,9,87.1552,5722582458615733357
btree8_bl,65536,9,25.7172,5722582458615733357
fusion8,65536,9,83.2901,5722582458615733357
btree8_a64,65536,9,51.8112,5722582458615733357
fusion16_w,65536,9,74.9619,5722582458615733357
sorted_array,65536,9,20.7230,5722582458615733357
fusion8_c,65536,9,88.5559,5722582458615733357
btree16_bl_a64,65536,10,15.7257,5722582458615733357
btree8_a64,65536,10,51.2024,5722582458615733357
fusion8,65536,10,86.3724,5722582458615733357
fusion8_c,65536,10,93.2159,5722582458615733357
sorted_array,65536,10,20.5124,5722582458615733357
btree8_bl_a64,65536,10,23.5062,5722582458615733357
btree8,65536,10,53.9047,5722582458615733357
fusion8_bf,65536,10,98.1232,5722582458615733357
fusion16_w,65536,10,75.3815,5722582458615733357
btree8_bl,65536,10,28.0609,5722582458615733357
fusion8,65536,11,83.3206,5722582458615733357
btree8,65536,11,54.0833,5722582458615733357
fusion16_w,65536,11,74.5209,5722582458615733357
btree8_bl,65536,11,26.6953,5722582458615733357
fusion8_c,65536,11,88.2141,5722582458615733357
btree8_bl_a64,65536,11,25.5432,5722582458615733357
btree8_a64,65536,11,52.2797,5722582458615733357
fusion8_bf,65536,11,96.5118,5722582458615733357
btree16_bl_a64,65536,11,15.7623,5722582458615733357
sorted_array,65536,11,20.7062,5722582458615733357
fusion16_w,65536,12,73.7946,5722582458615733357
fusion8_c,65536,12,92.0746,5722582458615733357
btree8_bl_a64,65536,12,23.3414,5722582458615733357
fusion8,65536,12,81.4224,5722582458615733357
fusion8_bf,65536,12,85.0800,5722582458615733357
sorted_array,65536,12,20.7047,5722582458615733357
btree8_bl,65536,12,26.5930,5722582458615733357
btree16_bl_a64,65536,12,15.2145,5722582458615733357
btree8,65536,12,53.1235,5722582458615733357
btree8_a64,65536,12,52.6520,5722582458615733357
btree8_bl_a64,65536,13,24.2172,5722582458615733357
fusion8_bf,65536,13,85.1257,5722582458615733357
btree16_bl_a64,65536,13,14.7919,5722582458615733357
btree8_a64,65536,13,51.0468,5722582458615733357
fusion16_w,65536,13,74.8642,5722582458615733357
fusion8,65536,13,82.5699,5722582458615733357
sorted_array,65536,13,20.6100,5722582458615733357
btree8,65536,13,52.8397,5722582458615733357
btree8_bl,65536,13,25.8957,5722582458615733357
fusion8_c,65536,13,88.3072,5722582458615733357
btree8_bl_a64,65536,14,23.1293,5722582458615733357
btree8_a64,65536,14,52.8748,5722582458615733357
fusion16_w,65536,14,75.0671,5722582458615733357
btree8_bl,65536,14,27.0279,5722582458615733357
fusion8_bf,65536,14,88.9145,5722582458615733357
sorted_array,65536,14,20.5643,5722582458615733357
fusion8_c,65536,14,92.8833,5722582458615733357
btree8,65536,14,53.0228,5722582458615733357
fusion8,65536,14,89.4287,5722582458615733357
btree16_bl_a64,65536,14,15.4846,5722582458615733357
btree8_bl_a64,131072,0,55.2094,15368517120400912463
btree8,131072,0,82.3151,15368517120400912463
fusion8_bf,131072,0,156.4117,15368517120400912463
fusion16_w,131072,0,137.5931,15368517120400912463
fusion8,131072,0,136.0352,15368517120400912463
btree16_bl_a64,131072,0,58.6349,15368517120400912463
btree8_a64,131072,0,89.5737,15368517120400912463
sorted_array,131072,0,27.8275,15368517120400912463
fusion8_c,131072,0,143.5501,15368517120400912463
btree8_bl,131072,0,52.2766,15368517120400912463
fusion8_c,131072,1,108.4671,15368517120400912463
fusion8,131072,1,152.9007,15368517120400912463
sorted_array,131072,1,27.8381,15368517120400912463
btree8_a64,131072,1,83.8776,15368517120400912463
fusion8_bf,131072,1,148.6694,15368517120400912463
btree8_bl,131072,1,54.8508,15368517120400912463
btree8,131072,1,83.5815,15368517120400912463
btree16_bl_a64,131072,1,61.4166,15368517120400912463
fusion16_w,131072,1,131.8787,15368517120400912463
btree8_bl_a64,131072,1,65.6677,15368517120400912463
btree8,131072,2,92.2394,15368517120400912463
sorted_array,131072,2,29.1077,15368517120400912463
fusion8_c,131072,2,147.0871,15368517120400912463
btree16_bl_a64,131072,2,59.2056,15368517120400912463
fusion8,131072,2,135.2997,15368517120400912463
fusion16_w,131072,2,132.5333,15368517120400912463
btree8_a64,131072,2,85.8780,15368517120400912463
btree8_bl_a64,131072,2,61.9354,15368517120400912463
fusion8_bf,131072,2,138.0737,15368517120400912463
btree8_bl,131072,2,53.4973,15368517120400912463
fusion8,131072,3,133.0490,15368517120400912463
btree8_bl,131072,3,48.1995,15368517120400912463
btree16_bl_a64,131072,3,57.2372,15368517120400912463
fusion8_bf,131072,3,144.0430,15368517120400912463
sorted_array,131072,3,27.8473,15368517120400912463
btree8,131072,3,84.1583,15368517120400912463
fusion8_c,131072,3,147.3389,15368517120400912463
btree8_a64,131072,3,86.4624,15368517120400912463
btree8_bl_a64,131072,3,62.5351,15368517120400912463
fusion16_w,131072,3,132.2006,15368517120400912463
btree16_bl_a64,131072,4,57.2128,15368517120400912463
fusion8_bf,131072,4,145.0119,15368517120400912463
btree8,131072,4,82.6630,15368517120400912463
fusion8_c,131072,4,141.4825,15368517120400912463
fusion8,131072,4,136.4853,15368517120400912463
btree8_bl_a64,131072,4,57.4341,15368517120400912463
sorted_array,131072,4,27.8549,15368517120400912463
btree8_bl,131072,4,50.6256,15368517120400912463
fusion16_w,131072,4,132.3959,15368517120400912463
btree8_a64,131072,4,86.3831,15368517120400912463
fusion8_bf,131072,5,152.3331,15368517120400912463
fusion8_c,131072,5,137.7121,15368517120400912463
fusion16_w,131072,5,130.0095,15368517120400912463
btree16_bl_a64,131072,5,58.0215,15368517120400912463
btree8_a64,131072,5,86.5356,15368517120400912463
btree8_bl_a64,131072,5,54.4434,15368517120400912463
fusion8,131072,5,137.0300,15368517120400912463
btree8,131072,5,82.1152,15368517120400912463
btree8_bl,131072,5,58.0032,15368517120400912463
sorted_array,131072,5,27.8976,15368517120400912463
btree16_bl_a64,131072,6,57.3334,15368517120400912463
fusion8_c,131072,6,131.5948,15368517120400912463
btree8_bl_a64,131072,6,57.2296,15368517120400912463
sorted_array,131072,6,27.5787,15368517120400912463
btree8_bl,131072,6,51.2787,15368517120400912463
btree8,131072,6,82.4097,15368517120400912463
btree8_a64,131072,6,92.4713,15368517120400912463
fusion16_w,131072,6,152.4689,15368517120400912463
fusion8_bf,131072,6,149.6948,15368517120400912463
fusion8,131072,6,141.4474,15368517120400912463
btree8_a64,131072,7,87.7060,15368517120400912463
fusion8_bf,131072,7,139.5004,15368517120400912463
fusion8,131072,7,132.3608,15368517120400912463
btree8_bl,131072,7,60.7391,15368517120400912463
btree8_bl_a64,131072,7,54.5868,15368517120400912463
btree16_bl_a64,131072,7,57.6324,15368517120400912463
fusion8_c,131072,7,132.3807,15368517120400912463
btree8,131072,7,83.6578,15368517120400912463
fusion16_w,131072,7,156.4804,15368517120400912463
sorted_array,131072,7,28.5507,15368517120400912463
fusion8_c,131072,8,128.5309,15368517120400912463
btree16_bl_a64,131072,8,61.1938,15368517120400912463
btree8_bl_a64,131072,8,53.8040,15368517120400912463
fusion8_bf,131072,8,143.7088,15368517120400912463
fusion16_w,131072,8,145.8054,15368517120400912463
btree8_bl,131072,8,57.1457,15368517120400912463
btree8_a64,131072,8,85.8063,15368517120400912463
btree8,131072,8,85.3638,15368517120400912463
fusion8,131072,8,163.8367,15368517120400912463
sorted_array,131072,8,29.8645,15368517120400912463
fusion8,131072,9,113.1119,15368517120400912463
fusion16_w,131072,9,136.3220,15368517120400912463
sorted_array,131072,9,29.2419,15368517120400912463
btree8_bl_a64,131072,9,62.4069,15368517120400912463
btree16_bl_a64,131072,9,61.5753,15368517120400912463
fusion8_bf,131072,9,158.9432,15368517120400912463
btree8_a64,131072,9,91.8045,15368517120400912463
btree8_bl,131072,9,59.6817,15368517120400912463
btree8,131072,9,88.4674,15368517120400912463
fusion8_c,131072,9,171.7850,15368517120400912463
fusion8,131072,10,152.6382,15368517120400912463
sorted_array,131072,10,29.7089,15368517120400912463
fusion8_bf,131072,10,157.3227,15368517120400912463
btree8,131072,10,88.5162,15368517120400912463
fusion8_c,131072,10,157.6828,15368517120400912463
btree16_bl_a64,131072,10,62.3169,15368517120400912463
fusion16_w,131072,10,140.6860,15368517120400912463
btree8_bl_a64,131072,10,58.7357,15368517120400912463
btree8_bl,131072,10,56.6833,15368517120400912463
btree8_a64,131072,10,91.7435,15368517120400912463
btree8_a64,131072,11,69.3497,15368517120400912463
btree8_bl_a64,131072,11,53.7018,15368517120400912463
fusion8,131072,11,150.3479,15368517120400912463
btree8_bl,131072,11,55.1514,15368517120400912463
fusion8_c,131072,11,153.3585,15368517120400912463
fusion16_w,131072,11,148.7198,15368517120400912463
sorted_array,131072,11,29.5044,15368517120400912463
btree16_bl_a64,131072,11,64.6301,15368517120400912463
fusion8_bf,131072,11,155.7877,15368517120400912463
btree8,131072,11,88.0096,15368517120400912463
fusion8_bf,131072,12,137.0865,15368517120400912463
fusion8,131072,12,159.2468,15368517120400912463
btree16_bl_a64,131072,12,63.1027,15368517120400912463
btree8_bl_a64,131072,12,58.6517,15368517120400912463
sorted_array,131072,12,28.9551,15368517120400912463
fusion16_w,131072,12,136.3022,15368517120400912463
fusion8_c,131072,12,151.2146,15368517120400912463
btree8_a64,131072,12,90.8813,15368517120400912463
btree8,131072,12,90.4236,15368517120400912463
btree8_bl,131072,12,62.7853,15368517120400912463
sorted_array,131072,13,29.5105,15368517120400912463
btree8,131072,13,74.2645,15368517120400912463
fusion8,131072,13,162.7502,15368517120400912463
btree8_a64,131072,13,91.7908,15368517120400912463
fusion8_c,131072,13,157.0938,15368517120400912463
fusion8_bf,131072,13,157.7866,15368517120400912463
btree8_bl,131072,13,61.2839,15368517120400912463
btree16_bl_a64,131072,13,62.2742,15368517120400912463
btree8_bl_a64,131072,13,57.9498,15368517120400912463
fusion16_w,131072,13,136.3251,15368517120400912463
fusion8_c,131072,14,148.1857,15368517120400912463
btree8_a64,131072,14,93.1793,15368517120400912463
btree8,131072,14,88.6032,15368517120400912463
fusion16_w,131072,14,157.3090,15368517120400912463
btree8_bl_a64,131072,14,66.5207,15368517120400912463
fusion8,131072,14,146.3959,15368517120400912463
fusion8_bf,131072,14,155.3772,15368517120400912463
btree16_bl_a64,131072,14,62.4573,15368517120400912463
btree8_bl,131072,14,57.1533,15368517120400912463
sorted_array,131072,14,28.8559,15368517120400912463
btree16_bl_a64,262144,0,67.5629,13725275285989217998
btree8_bl,262144,0,51.0254,13725275285989217998
btree8_bl_a64,262144,0,52.6535,13725275285989217998
btree8,262144,0,100.5295,13725275285989217998
fusion8_c,262144,0,191.3651,13725275285989217998
fusion8_bf,262144,0,165.2634,13725275285989217998
fusion8,262144,0,168.2968,13725275285989217998
sorted_array,262144,0,37.6068,13725275285989217998
btree8_a64,262144,0,96.6766,13725275285989217998
fusion16_w,262144,0,175.0885,13725275285989217998
sorted_array,262144,1,37.0422,13725275285989217998
fusion16_w,262144,1,125.4364,13725275285989217998
fusion8_c,262144,1,153.2440,13725275285989217998
btree8,262144,1,94.1147,13725275285989217998
btree8_a64,262144,1,95.8725,13725275285989217998
btree8_bl,262144,1,53.4912,13725275285989217998
fusion8_bf,262144,1,163.0096,13725275285989217998
btree8_bl_a64,262144,1,54.7668,13725275285989217998
btree16_bl_a64,262144,1,68.9774,13725275285989217998
fusion8,262144,1,162.5076,13725275285989217998
fusion8_c,262144,2,149.4583,13725275285989217998
fusion16_w,262144,2,175.3448,13725275285989217998
btree8,262144,2,93.6218,13725275285989217998
btree8_bl,262144,2,52.9572,13725275285989217998
sorted_array,262144,2,37.7777,13725275285989217998
btree8_a64,262144,2,96.0693,13725275285989217998
fusion8,262144,2,167.5751,13725275285989217998
btree8_bl_a64,262144,2,54.9515,13725275285989217998
btree16_bl_a64,262144,2,67.7933,13725275285989217998
fusion8_bf,262144,2,163.1882,13725275285989217998
btree8_bl_a64,262144,3,53.8727,13725275285989217998
btree8_a64,262144,3,95.5811,13725275285989217998
fusion8_bf,262144,3,142.8162,13725275285989217998
sorted_array,262144,3,37.5092,13725275285989217998
fusion8_c,262144,3,157.2174,13725275285989217998
fusion8,262144,3,162.4191,13725275285989217998
btree8,262144,3,94.7021,13725275285989217998
btree16_bl_a64,262144,3,68.3334,13725275285989217998
btree8_bl,262144,3,50.8377,13725275285989217998
fusion16_w,262144,3,160.2127,13725275285989217998
btree8,262144,4,90.3748,13725275285989217998
btree8_a64,262144,4,101.6251,13725275285989217998
btree8_bl_a64,262144,4,53.5477,13725275285989217998
btree16_bl_a64,262144,4,68.7759,13725275285989217998
fusion8_bf,262144,4,172.7142,13725275285989217998
sorted_array,262144,4,38.8382,13725275285989217998
btree8_bl,262144,4,51.5015,13725275285989217998
fusion8,262144,4,163.6139,13725275285989217998
fusion16_w,262144,4,164.4272,13725275285989217998
fusion8_c,262144,4,151.6327,13725275285989217998
fusion16_w,262144,5,135.7208,13725275285989217998
fusion8_bf,262144,5,164.8956,13725275285989217998
btree8_a64,262144,5,97.6654,13725275285989217998
fusion8_c,262144,5,156.0562,13725275285989217998
btree16_bl_a64,262144,5,68.5791,13725275285989217998
fusion8,262144,5,163.2370,13725275285989217998
btree8_bl_a64,262144,5,54.5380,13725275285989217998
btree8_bl,262144,5,50.3738,13725275285989217998
sorted_array,262144,5,36.9751,13725275285989217998
btree8,262144,5,92.2516,13725275285989217998
fusion8_c,262144,6,161.1832,13725275285989217998
btree8_bl_a64,262144,6,52.7908,13725275285989217998
btree16_bl_a64,262144,6,69.6198,13725275285989217998
btree8_bl,262144,6,50.6546,13725275285989217998
btree8,262144,6,90.7501,13725275285989217998
fusion8,262144,6,167.5247,13725275285989217998
fusion8_bf,262144,6,164.7583,13725275285989217998
fusion16_w,262144,6,175.2792,13725275285989217998
sorted_array,262144,6,37.3718,13725275285989217998
btree8_a64,262144,6,97.2473,13725275285989217998
btree8_bl_a64,262144,7,60.3012,13725275285989217998
fusion8,262144,7,165.1886,13725275285989217998
fusion8_c,262144,7,150.6775,13725275285989217998
fusion16_w,262144,7,170.8008,13725275285989217998
btree8,262144,7,93.7897,13725275285989217998
sorted_array,262144,7,38.0386,13725275285989217998
btree16_bl_a64,262144,7,67.7597,13725275285989217998
fusion8_bf,262144,7,163.8321,13725275285989217998
btree8_bl,262144,7,54.8294,13725275285989217998
btree8_a64,262144,7,96.3013,13725275285989217998
sorted_array,262144,8,37.2101,13725275285989217998
btree8_a64,262144,8,73.9670,13725275285989217998
btree16_bl_a64,262144,8,66.7084,13725275285989217998
btree8,262144,8,92.6453,13725275285989217998
fusion8,262144,8,166.9769,13725275285989217998
btree8_bl_a64,262144,8,55.3726,13725275285989217998
fusion8_c,262144,8,150.9872,13725275285989217998
fusion16_w,262144,8,161.0504,13725275285989217998
fusion8_bf,262144,8,167.1707,13725275285989217998
btree8_bl,262144,8,58.1818,13725275285989217998
btree8,262144,9,94.5297,13725275285989217998
btree8_bl,262144,9,42.8116,13725275285989217998
btree8_bl_a64,262144,9,52.3788,13725275285989217998
fusion16_w,262144,9,158.7845,13725275285989217998
fusion8_c,262144,9,150.4883,13725275285989217998
btree8_a64,262144,9,95.7047,13725275285989217998
fusion8_bf,262144,9,172.5693,13725275285989217998
sorted_array,262144,9,37.3230,13725275285989217998
fusion8,262144,9,166.2170,13725275285989217998
btree16_bl_a64,262144,9,67.7368,13725275285989217998
fusion8,262144,10,133.9706,13725275285989217998
sorted_array,262144,10,36.4777,13725275285989217998
btree8_a64,262144,10,95.9244,13725275285989217998
btree8_bl,262144,10,53.8010,13725275285989217998
btree8,262144,10,93.5974,13725275285989217998
btree8_bl_a64,262144,10,55.3406,13725275285989217998
btree16_bl_a64,262144,10,68.5852,13725275285989217998
fusion16_w,262144,10,157.5485,13725275285989217998
fusion8_c,262144,10,150.1389,13725275285989217998
fusion8_bf,262144,10,174.1058,13725275285989217998
btree8_bl,262144,11,51.0941,13725275285989217998
btree16_bl_a64,262144,11,67.3080,13725275285989217998
fusion8_bf,262144,11,151.2741,13725275285989217998
sorted_array,262144,11,37.1277,13725275285989217998
fusion16_w,262144,11,171.1090,13725275285989217998
btree8_a64,262144,11,97.6547,13725275285989217998
btree8_bl_a64,262144,11,56.9931,13725275285989217998
fusion8_c,262144,11,148.1232,13725275285989217998
btree8,262144,11,94.8029,13725275285989217998
fusion8,262144,11,167.4850,13725275285989217998
btree8_bl_a64,262144,12,53.6301,13725275285989217998
fusion8_bf,262144,12,162.5900,13725275285989217998
fusion8,262144,12,150.4303,13725275285989217998
btree16_bl_a64,262144,12,68.0939,13725275285989217998
btree8,262144,12,93.2205,13725275285989217998
fusion8_c,262144,12,160.2127,13725275285989217998
btree8_bl,262144,12,52.5925,13725275285989217998
sorted_array,262144,12,37.0819,13725275285989217998
btree8_a64,262144,12,96.6751,13725275285989217998
fusion16_w,262144,12,179.6356,13725275285989217998
fusion8,262144,13,165.4022,13725275285989217998
btree8_a64,262144,13,90.8646,13725275285989217998
btree16_bl_a64,262144,13,68.2037,13725275285989217998
fusion8_c,262144,13,150.7126,13725275285989217998
btree8_bl_a64,262144,13,52.8427,13725275285989217998
sorted_array,262144,13,36.9171,13725275285989217998
fusion16_w,262144,13,158.3649,13725275285989217998
btree8,262144,13,94.4946,13725275285989217998
btree8_bl,262144,13,51.4282,13725275285989217998
fusion8_bf,262144,13,163.7817,13725275285989217998
btree8_a64,262144,14,96.6217,13725275285989217998
sorted_array,262144,14,37.2375,13725275285989217998
fusion8_c,262144,14,161.5646,13725275285989217998
btree8_bl_a64,262144,14,63.7833,13725275285989217998
btree16_bl_a64,262144,14,67.8787,13725275285989217998
fusion16_w,262144,14,158.8242,13725275285989217998
fusion8_bf,262144,14,169.5435,13725275285989217998
btree8_bl,262144,14,52.2644,13725275285989217998
fusion8,262144,14,165.0040,13725275285989217998
btree8,262144,14,93.4280,13725275285989217998
sorted_array,524288,0,61.4716,8525115047326029414
fusion8_c,524288,0,138.7772,8525115047326029414
btree8_bl,524288,0,51.9547,8525115047326029414
btree8_a64,524288,0,98.6618,8525115047326029414
fusion8_bf,524288,0,175.9720,8525115047326029414
fusion8,524288,0,160.6476,8525115047326029414
btree8,524288,0,94.2062,8525115047326029414
btree8_bl_a64,524288,0,58.7677,8525115047326029414
btree16_bl_a64,524288,0,65.0497,8525115047326029414
fusion16_w,524288,0,166.6183,8525115047326029414
btree8,524288,1,94.1086,8525115047326029414
fusion8_bf,524288,1,179.8141,8525115047326029414
btree8_bl_a64,524288,1,60.6995,8525115047326029414
sorted_array,524288,1,61.1099,8525115047326029414
btree8_bl,524288,1,46.6202,8525115047326029414
btree8_a64,524288,1,99.7055,8525115047326029414
fusion16_w,524288,1,188.0127,8525115047326029414
fusion8_c,524288,1,148.6282,8525115047326029414
fusion8,524288,1,166.7313,8525115047326029414
btree16_bl_a64,524288,1,65.4312,8525115047326029414
btree8_bl,524288,2,47.1161,8525115047326029414
btree8,524288,2,93.7668,8525115047326029414
fusion8,524288,2,156.2256,8525115047326029414
btree8_a64,524288,2,98.0103,8525115047326029414
btree16_bl_a64,524288,2,64.2929,8525115047326029414
fusion8_c,524288,2,156.1768,8525115047326029414
btree8_bl_a64,524288,2,50.9354,8525115047326029414
fusion8_bf,524288,2,165.9836,8525115047326029414
fusion16_w,524288,2,180.0171,8525115047326029414
sorted_array,524288,2,60.4996,8525115047326029414
sorted_array,524288,3,51.8875,8525115047326029414
btree8_a64,524288,3,98.4390,8525115047326029414
btree16_bl_a64,524288,3,66.5665,8525115047326029414
fusion8_c,524288,3,158.3954,8525115047326029414
btree8,524288,3,94.0262,8525115047326029414
fusion8,524288,3,163.0753,8525115047326029414
btree8_bl_a64,524288,3,63.3591,8525115047326029414
btree8_bl,524288,3,46.9696,8525115047326029414
fusion16_w,524288,3,163.8535,8525115047326029414
fusion8_bf,524288,3,169.4183,8525115047326029414
btree8_a64,524288,4,100.3784,8525115047326029414
btree8_bl_a64,524288,4,56.5552,8525115047326029414
btree16_bl_a64,524288,4,65.1581,8525115047326029414
sorted_array,524288,4,60.3607,8525115047326029414
btree8_bl,524288,4,47.0978,8525115047326029414
fusion8,524288,4,160.2859,8525115047326029414
fusion8_bf,524288,4,163.6475,8525115047326029414
btree8,524288,4,94.2337,8525115047326029414
fusion16_w,524288,4,190.1505,8525115047326029414
fusion8_c,524288,4,146.5302,8525115047326029414
btree8_bl,524288,5,48.7808,8525115047326029414
btree8_bl_a64,524288,5,50.4959,8525115047326029414
btree16_bl_a64,524288,5,65.0589,8525115047326029414
fusion8_c,524288,5,140.5609,8525115047326029414
fusion16_w,524288,5,176.0757,8525115047326029414
btree8,524288,5,94.0002,8525115047326029414
fusion8,524288,5,165.8936,8525115047326029414
sorted_array,524288,5,60.2463,8525115047326029414
fusion8_bf,524288,5,164.6713,8525115047326029414
btree8_a64,524288,5,100.2197,8525115047326029414
btree16_bl_a64,524288,6,65.3000,8525115047326029414
sorted_array,524288,6,61.5448,8525115047326029414
btree8_bl_a64,524288,6,53.0563,8525115047326029414
fusion8,524288,6,160.3256,8525115047326029414
fusion8_bf,524288,6,169.7342,8525115047326029414
btree8,524288,6,93.6844,8525115047326029414
fusion16_w,524288,6,187.7991,8525115047326029414
btree8_a64,524288,6,98.8235,8525115047326029414
btree8_bl,524288,6,52.8717,8525115047326029414
fusion8_c,524288,6,149.9283,8525115047326029414
fusion8,524288,7,165.8020,8525115047326029414
sorted_array,524288,7,60.9970,8525115047326029414
fusion16_w,524288,7,167.7948,8525115047326029414
fusion8_bf,524288,7,168.7729,8525115047326029414
btree16_bl_a64,524288,7,65.1627,8525115047326029414
btree8_bl,524288,7,47.1939,8525115047326029414
btree8_bl_a64,524288,7,50.2151,8525115047326029414
btree8_a64,524288,7,98.7396,8525115047326029414
btree8,524288,7,95.0485,8525115047326029414
fusion8_c,524288,7,162.2040,8525115047326029414
fusion8_bf,524288,8,169.2123,8525115047326029414
fusion8_c,524288,8,122.0627,8525115047326029414
fusion16_w,524288,8,167.5690,8525115047326029414
btree16_bl_a64,524288,8,64.8300,8525115047326029414
sorted_array,524288,8,61.1389,8525115047326029414
btree8,524288,8,95.0821,8525115047326029414
btree8_bl_a64,524288,8,53.6163,8525115047326029414
btree8_bl,524288,8,47.1909,8525115047326029414
fusion8,524288,8,160.0616,8525115047326029414
btree8_a64,524288,8,98.1567,8525115047326029414
sorted_array,524288,9,60.3592,8525115047326029414
fusion8_bf,524288,9,172.6318,8525115047326029414
fusion8,524288,9,159.7946,8525115047326029414
fusion8_c,524288,9,149.1592,8525115047326029414
btree8_bl_a64,524288,9,51.8677,8525115047326029414
btree16_bl_a64,524288,9,65.4724,8525115047326029414
btree8,524288,9,94.0643,8525115047326029414
btree8_bl,524288,9,50.3387,8525115047326029414
fusion16_w,524288,9,166.2399,8525115047326029414
btree8_a64,524288,9,99.3912,8525115047326029414
btree8_a64,524288,10,72.0383,8525115047326029414
fusion16_w,524288,10,154.7745,8525115047326029414
fusion8_bf,524288,10,168.3670,8525115047326029414
fusion8,524288,10,165.3732,8525115047326029414
btree8,524288,10,93.1412,8525115047326029414
btree16_bl_a64,524288,10,65.6235,8525115047326029414
btree8_bl,524288,10,47.3434,8525115047326029414
btree8_bl_a64,524288,10,50.0839,8525115047326029414
sorted_array,524288,10,60.8566,8525115047326029414
fusion8_c,524288,10,150.9979,8525115047326029414
fusion8_bf,524288,11,169.8502,8525115047326029414
btree8,524288,11,108.1604,8525115047326029414
fusion8,524288,11,172.2748,8525115047326029414
btree8_a64,524288,11,99.7849,8525115047326029414
btree16_bl_a64,524288,11,65.2161,8525115047326029414
fusion8_c,524288,11,154.9255,8525115047326029414
btree8_bl,524288,11,49.6674,8525115047326029414
fusion16_w,524288,11,163.2614,8525115047326029414
btree8_bl_a64,524288,11,52.2415,8525115047326029414
sorted_array,524288,11,60.4675,8525115047326029414
fusion16_w,524288,12,144.5007,8525115047326029414
btree16_bl_a64,524288,12,65.0879,8525115047326029414
btree8_bl,524288,12,46.3867,8525115047326029414
sorted_array,524288,12,60.1334,8525115047326029414
fusion8_c,524288,12,148.1842,8525115047326029414
btree8,524288,12,94.1391,8525115047326029414
fusion8,524288,12,163.6932,8525115047326029414
fusion8_bf,524288,12,166.9800,8525115047326029414
btree8_bl_a64,524288,12,53.6758,8525115047326029414
btree8_a64,524288,12,99.2905,8525115047326029414
btree8_bl_a64,524288,13,37.3474,8525115047326029414
btree8,524288,13,93.7500,8525115047326029414
fusion16_w,524288,13,188.0615,8525115047326029414
btree16_bl_a64,524288,13,65.1077,8525115047326029414
btree8_bl,524288,13,46.8750,8525115047326029414
btree8_a64,524288,13,98.7930,8525115047326029414
fusion8_c,524288,13,159.3414,8525115047326029414
fusion8_bf,524288,13,165.2817,8525115047326029414
fusion8,524288,13,165.1688,8525115047326029414
sorted_array,524288,13,61.5021,8525115047326029414
fusion8_bf,524288,14,140.1840,8525115047326029414
btree16_bl_a64,524288,14,65.5167,8525115047326029414
fusion16_w,524288,14,165.6525,8525115047326029414
fusion8_c,524288,14,153.2272,8525115047326029414
sorted_array,524288,14,59.9792,8525115047326029414
fusion8,524288,14,160.5789,8525115047326029414
btree8_bl,524288,14,57.5226,8525115047326029414
btree8_a64,524288,14,98.5107,8525115047326029414
btree8,524288,14,93.9499,8525115047326029414
btree8_bl_a64,524288,14,53.4149,8525115047326029414
btree8_bl,1048576,0,136.6989,9971055575563239174
fusion16_w,1048576,0,155.8868,9971055575563239174
fusion8_bf,1048576,0,327.2705,9971055575563239174
btree16_bl_a64,1048576,0,64.1876,9971055575563239174
fusion8_c,1048576,0,294.5755,9971055575563239174
btree8,1048576,0,221.3989,9971055575563239174
btree8_a64,1048576,0,259.7382,9971055575563239174
fusion8,1048576,0,449.8306,9971055575563239174
sorted_array,1048576,0,101.3763,9971055575563239174
btree8_bl_a64,1048576,0,127.6794,9971055575563239174
sorted_array,1048576,1,89.1785,9971055575563239174
btree8_bl,1048576,1,116.9571,9971055575563239174
fusion8,1048576,1,315.5731,9971055575563239174
btree8_a64,1048576,1,223.8388,9971055575563239174
btree8,1048576,1,228.2928,9971055575563239174
btree8_bl_a64,1048576,1,132.0923,9971055575563239174
fusion8_bf,1048576,1,320.2240,9971055575563239174
btree16_bl_a64,1048576,1,65.9348,9971055575563239174
fusion16_w,1048576,1,165.4785,9971055575563239174
fusion8_c,1048576,1,307.5302,9971055575563239174
fusion8,1048576,2,311.5616,9971055575563239174
btree16_bl_a64,1048576,2,65.7227,9971055575563239174
btree8,1048576,2,219.2749,9971055575563239174
fusion8_bf,1048576,2,342.5125,9971055575563239174
btree8_bl,1048576,2,134.5169,9971055575563239174
btree8_bl_a64,1048576,2,111.4243,9971055575563239174
fusion8_c,1048576,2,296.0480,9971055575563239174
btree8_a64,1048576,2,221.8018,9971055575563239174
sorted_array,1048576,2,100.2136,9971055575563239174
fusion16_w,1048576,2,185.0418,9971055575563239174
fusion8_bf,1048576,3,316.1392,9971055575563239174
fusion8,1048576,3,311.0138,9971055575563239174
fusion16_w,1048576,3,168.3334,9971055575563239174
btree8,1048576,3,221.5256,9971055575563239174
fusion8_c,1048576,3,318.9240,9971055575563239174
sorted_array,1048576,3,101.4938,9971055575563239174
btree8_bl_a64,1048576,3,117.2043,9971055575563239174
btree16_bl_a64,1048576,3,63.7680,9971055575563239174
btree8_bl,1048576,3,118.6432,9971055575563239174
btree8_a64,1048576,3,224.1852,9971055575563239174
btree8_bl_a64,1048576,4,126.8250,9971055575563239174
btree8,1048576,4,221.7911,9971055575563239174
fusion8_bf,1048576,4,332.5912,9971055575563239174
btree16_bl_a64,1048576,4,64.7888,9971055575563239174
btree8_a64,1048576,4,223.0377,9971055575563239174
btree8_bl,1048576,4,135.2371,9971055575563239174
sorted_array,1048576,4,100.9430,9971055575563239174
fusion8,1048576,4,309.2438,9971055575563239174
fusion8_c,1048576,4,299.7406,9971055575563239174
fusion16_w,1048576,4,180.5099,9971055575563239174
fusion8,1048576,5,308.2565,9971055575563239174
btree8,1048576,5,221.7911,9971055575563239174
btree8_bl_a64,1048576,5,122.7631,9971055575563239174
fusion8_c,1048576,5,300.1709,9971055575563239174
sorted_array,1048576,5,100.4044,9971055575563239174
btree8_a64,1048576,5,221.7529,9971055575563239174
fusion16_w,1048576,5,186.8423,9971055575563239174
btree16_bl_a64,1048576,5,64.1800,9971055575563239174
btree8_bl,1048576,5,117.8040,9971055575563239174
fusion8_bf,1048576,5,315.5457,9971055575563239174
btree8,1048576,6,222.7798,9971055575563239174
sorted_array,1048576,6,99.7986,9971055575563239174
fusion8,1048576,6,312.0621,9971055575563239174
fusion8_c,1048576,6,297.9370,9971055575563239174
fusion8_bf,1048576,6,334.9380,9971055575563239174
fusion16_w,1048576,6,167.1982,9971055575563239174
btree8_bl_a64,1048576,6,140.6097,9971055575563239174
btree16_bl_a64,1048576,6,64.3784,9971055575563239174
btree8_bl,1048576,6,117.4362,9971055575563239174
btree8_a64,1048576,6,223.4543,9971055575563239174
fusion8,1048576,7,316.9342,9971055575563239174
btree8_bl_a64,1048576,7,127.0416,9971055575563239174
btree8,1048576,7,221.5805,9971055575563239174
fusion8_c,1048576,7,319.0384,9971055575563239174
fusion16_w,1048576,7,167.4927,9971055575563239174
fusion8_bf,1048576,7,325.2350,9971055575563239174
btree8_a64,1048576,7,221.8613,9971055575563239174
btree16_bl_a64,1048576,7,64.5187,9971055575563239174
sorted_array,1048576,7,100.5554,9971055575563239174
btree8_bl,1048576,7,118.3456,9971055575563239174
btree8,1048576,8,222.0245,9971055575563239174
fusion8_bf,1048576,8,319.1528,9971055575563239174
fusion8,1048576,8,306.7001,9971055575563239174
fusion16_w,1048576,8,169.7906,9971055575563239174
btree8_a64,1048576,8,225.7401,9971055575563239174
btree8_bl_a64,1048576,8,136.7966,9971055575563239174
fusion8_c,1048576,8,294.8898,9971055575563239174
btree8_bl,1048576,8,130.3833,9971055575563239174
sorted_array,1048576,8,102.3438,9971055575563239174
btree16_bl_a64,1048576,8,63.7451,9971055575563239174
fusion16_w,1048576,9,163.1317,9971055575563239174
btree8_a64,1048576,9,223.9044,9971055575563239174
fusion8_c,1048576,9,318.8065,9971055575563239174
fusion8,1048576,9,306.1188,9971055575563239174
sorted_array,1048576,9,101.0895,9971055575563239174
fusion8_bf,1048576,9,317.7460,9971055575563239174
btree8,1048576,9,221.4676,9971055575563239174
btree16_bl_a64,1048576,9,66.1743,9971055575563239174
btree8_bl_a64,1048576,9,116.4062,9971055575563239174
btree8_bl,1048576,9,117.2241,9971055575563239174
fusion16_w,1048576,10,164.3311,9971055575563239174
btree8_bl_a64,1048576,10,109.7595,9971055575563239174
fusion8,1048576,10,310.1974,9971055575563239174
fusion8_bf,1048576,10,318.9209,9971055575563239174
btree16_bl_a64,1048576,10,63.5132,9971055575563239174
btree8_bl,1048576,10,120.5261,9971055575563239174
btree8,1048576,10,222.5632,9971055575563239174
fusion8_c,1048576,10,319.6274,9971055575563239174
btree8_a64,1048576,10,224.7177,9971055575563239174
sorted_array,1048576,10,102.2171,9971055575563239174
btree8_bl_a64,1048576,11,121.9284,9971055575563239174
fusion8,1048576,11,307.8369,9971055575563239174
sorted_array,1048576,11,99.7818,9971055575563239174
btree8,1048576,11,218.9407,9971055575563239174
fusion8_c,1048576,11,309.4574,9971055575563239174
btree16_bl_a64,1048576,11,64.0244,9971055575563239174
btree8_bl,1048576,11,117.3157,9971055575563239174
btree8_a64,1048576,11,223.9288,9971055575563239174
fusion16_w,1048576,11,185.3317,9971055575563239174
fusion8_bf,1048576,11,315.5579,9971055575563239174
sorted_array,1048576,12,102.2247,9971055575563239174
fusion8_c,1048576,12,313.3118,9971055575563239174
btree8,1048576,12,223.1781,9971055575563239174
btree8_bl,1048576,12,125.9827,9971055575563239174
fusion8,1048576,12,304.7867,9971055575563239174
fusion16_w,1048576,12,166.4612,9971055575563239174
btree8_a64,1048576,12,223.2452,9971055575563239174
btree8_bl_a64,1048576,12,116.9006,9971055575563239174
btree16_bl_a64,1048576,12,63.5422,9971055575563239174
fusion8_bf,1048576,12,316.5588,9971055575563239174
fusion8,1048576,13,304.9225,9971055575563239174
sorted_array,1048576,13,102.4124,9971055575563239174
btree8_bl_a64,1048576,13,135.8749,9971055575563239174
btree16_bl_a64,1048576,13,64.3097,9971055575563239174
fusion8_bf,1048576,13,317.3218,9971055575563239174
btree8_a64,1048576,13,224.1776,9971055575563239174
fusion16_w,1048576,13,184.1934,9971055575563239174
fusion8_c,1048576,13,295.8344,9971055575563239174
btree8,1048576,13,222.7020,9971055575563239174
btree8_bl,1048576,13,129.0863,9971055575563239174
btree16_bl_a64,1048576,14,64.3799,9971055575563239174
btree8_bl,1048576,14,101.1780,9971055575563239174
sorted_array,1048576,14,102.3453,9971055575563239174
btree8,1048576,14,221.2189,9971055575563239174
fusion16_w,1048576,14,180.3772,9971055575563239174
fusion8_c,1048576,14,297.4625,9971055575563239174
btree8_a64,1048576,14,222.7219,9971055575563239174
fusion8_bf,1048576,14,342.2073,9971055575563239174
btree8_bl_a64,1048576,14,122.0245,9971055575563239174
fusion8,1048576,14,309.3414,9971055575563239174
btree8_a64,2097152,0,235.2188,360150140800640134
btree8_bl_a64,2097152,0,109.9838,360150140800640134
fusion8_c,2097152,0,306.8695,360150140800640134
fusion16_w,2097152,0,311.3266,360150140800640134
btree16_bl_a64,2097152,0,120.2072,360150140800640134
fusion8,2097152,0,335.2417,360150140800640134
fusion8_bf,2097152,0,329.6295,360150140800640134
btree8,2097152,0,234.0210,360150140800640134
btree8_bl,2097152,0,120.1111,360150140800640134
sorted_array,2097152,0,140.4175,360150140800640134
fusion8_c,2097152,1,318.6646,360150140800640134
fusion16_w,2097152,1,468.9713,360150140800640134
fusion8_bf,2097152,1,362.8677,360150140800640134
btree8_a64,2097152,1,238.9603,360150140800640134
sorted_array,2097152,1,140.6479,360150140800640134
btree8_bl,2097152,1,137.8647,360150140800640134
btree8,2097152,1,235.5087,360150140800640134
btree8_bl_a64,2097152,1,105.6732,360150140800640134
fusion8,2097152,1,336.0382,360150140800640134
btree16_bl_a64,2097152,1,128.9169,360150140800640134
sorted_array,2097152,2,138.4689,360150140800640134
btree8_a64,2097152,2,233.0276,360150140800640134
btree8_bl,2097152,2,125.2975,360150140800640134
fusion8_c,2097152,2,306.8863,360150140800640134
btree8,2097152,2,233.4045,360150140800640134
fusion8,2097152,2,339.3677,360150140800640134
btree16_bl_a64,2097152,2,121.0892,360150140800640134
fusion16_w,2097152,2,284.1721,360150140800640134
fusion8_bf,2097152,2,348.9777,360150140800640134
btree8_bl_a64,2097152,2,130.1285,360150140800640134
btree16_bl_a64,2097152,3,120.8710,360150140800640134
btree8_bl,2097152,3,112.6068,360150140800640134
fusion8_c,2097152,3,307.4738,360150140800640134
btree8_a64,2097152,3,233.4076,360150140800640134
fusion16_w,2097152,3,334.3887,360150140800640134
btree8,2097152,3,234.2926,360150140800640134
sorted_array,2097152,3,141.2231,360150140800640134
fusion8,2097152,3,341.4413,360150140800640134
fusion8_bf,2097152,3,327.8015,360150140800640134
btree8_bl_a64,2097152,3,118.5104,360150140800640134
btree8_bl_a64,2097152,4,60.5377,360150140800640134
btree8_a64,2097152,4,236.5036,360150140800640134
btree8,2097152,4,234.3369,360150140800640134
btree16_bl_a64,2097152,4,122.8745,360150140800640134
fusion16_w,2097152,4,275.1633,360150140800640134
btree8_bl,2097152,4,125.1266,360150140800640134
fusion8,2097152,4,339.2548,360150140800640134
sorted_array,2097152,4,140.3290,360150140800640134
fusion8_c,2097152,4,309.0057,360150140800640134
fusion8_bf,2097152,4,346.2067,360150140800640134
fusion16_w,2097152,5,274.1898,360150140800640134
btree8,2097152,5,235.5927,360150140800640134
fusion8,2097152,5,339.0228,360150140800640134
sorted_array,2097152,5,140.8798,360150140800640134
fusion8_c,2097152,5,318.8751,360150140800640134
fusion8_bf,2097152,5,328.0899,360150140800640134
btree8_bl_a64,2097152,5,119.0750,360150140800640134
btree16_bl_a64,2097152,5,122.3099,360150140800640134
btree8_a64,2097152,5,232.2006,360150140800640134
btree8_bl,2097152,5,125.3525,360150140800640134
btree8,2097152,6,231.9885,360150140800640134
btree8_bl_a64,2097152,6,122.5616,360150140800640134
fusion8_bf,2097152,6,328.6987,360150140800640134
fusion8_c,2097152,6,324.6307,360150140800640134
fusion16_w,2097152,6,281.0257,360150140800640134
sorted_array,2097152,6,141.9067,360150140800640134
fusion8,2097152,6,343.7027,360150140800640134
btree8_bl,2097152,6,113.8245,360150140800640134
btree16_bl_a64,2097152,6,121.1655,360150140800640134
btree8_a64,2097152,6,235.7544,360150140800640134
btree8_bl_a64,2097152,7,131.4606,360150140800640134
fusion16_w,2097152,7,280.5405,360150140800640134
btree16_bl_a64,2097152,7,121.4630,360150140800640134
btree8_a64,2097152,7,233.1818,360150140800640134
fusion8_bf,2097152,7,330.7587,360150140800640134
fusion8_c,2097152,7,325.0168,360150140800640134
fusion8,2097152,7,335.5240,360150140800640134
btree8,2097152,7,234.1660,360150140800640134
btree8_bl,2097152,7,129.7577,360150140800640134
sorted_array,2097152,7,140.6464,360150140800640134
fusion16_w,2097152,8,283.3908,360150140800640134
btree8_bl,2097152,8,111.0107,360150140800640134
sorted_array,2097152,8,141.8335,360150140800640134
fusion8_bf,2097152,8,328.9536,360150140800640134
btree8,2097152,8,234.6649,360150140800640134
fusion8_c,2097152,8,310.4370,360150140800640134
btree16_bl_a64,2097152,8,126.7883,360150140800640134
btree8_a64,2097152,8,234.4498,360150140800640134
fusion8,2097152,8,340.0818,360150140800640134
btree8_bl_a64,2097152,8,123.3932,360150140800640134
btree8_bl,2097152,9,111.7126,360150140800640134
fusion8,2097152,9,333.6777,360150140800640134
fusion8_c,2097152,9,307.1411,360150140800640134
fusion8_bf,2097152,9,342.0929,360150140800640134
fusion16_w,2097152,9,274.8032,360150140800640134
btree8_bl_a64,2097152,9,125.6256,360150140800640134
btree16_bl_a64,2097152,9,123.3414,360150140800640134
sorted_array,2097152,9,142.5293,360150140800640134
btree8,2097152,9,235.2402,360150140800640134
btree8_a64,2097152,9,238.8260,360150140800640134
fusion8_c,2097152,10,323.9059,360150140800640134
fusion16_w,2097152,10,317.1921,360150140800640134
btree8_bl_a64,2097152,10,116.4200,360150140800640134
fusion8,2097152,10,334.4437,360150140800640134
btree8_bl,2097152,10,131.1829,360150140800640134
fusion8_bf,2097152,10,330.7877,360150140800640134
btree16_bl_a64,2097152,10,123.1918,360150140800640134
btree8,2097152,10,233.7585,360150140800640134
btree8_a64,2097152,10,233.4335,360150140800640134
sorted_array,2097152,10,140.9058,360150140800640134
fusion8_bf,2097152,11,344.3542,360150140800640134
sorted_array,2097152,11,134.9091,360150140800640134
fusion8_c,2097152,11,326.3443,360150140800640134
btree8_bl_a64,2097152,11,126.7487,360150140800640134
btree8_bl,2097152,11,113.2523,360150140800640134
btree8_a64,2097152,11,233.5632,360150140800640134
btree8,2097152,11,234.8740,360150140800640134
btree16_bl_a64,2097152,11,133.8821,360150140800640134
fusion16_w,2097152,11,278.5889,360150140800640134
fusion8,2097152,11,344.8853,360150140800640134
btree16_bl_a64,2097152,12,124.2050,360150140800640134
fusion8,2097152,12,320.2744,360150140800640134
sorted_array,2097152,12,140.2740,360150140800640134
fusion16_w,2097152,12,301.7746,360150140800640134
fusion8_c,2097152,12,318.7531,360150140800640134
btree8,2097152,12,234.7214,360150140800640134
btree8_bl,2097152,12,114.5416,360150140800640134
fusion8_bf,2097152,12,329.9606,360150140800640134
btree8_bl_a64,2097152,12,118.7424,360150140800640134
btree8_a64,2097152,12,233.2443,360150140800640134
fusion8,2097152,13,346.9833,360150140800640134
fusion8_c,2097152,13,371.1609,360150140800640134
fusion8_bf,2097152,13,368.5745,360150140800640134
fusion16_w,2097152,13,366.3193,360150140800640134
sorted_array,2097152,13,148.8159,360150140800640134
btree8,2097152,13,243.9011,360150140800640134
btree16_bl_a64,2097152,13,142.2440,360150140800640134
btree8_a64,2097152,13,246.9604,360150140800640134
btree8_bl,2097152,13,123.6984,360150140800640134
btree8_bl_a64,2097152,13,109.7733,360150140800640134
fusion8_c,2097152,14,339.2593,360150140800640134
btree8,2097152,14,249.6506,360150140800640134
fusion8_bf,2097152,14,374.6170,360150140800640134
fusion8,2097152,14,371.3165,360150140800640134
btree8_bl,2097152,14,131.8176,360150140800640134
btree16_bl_a64,2097152,14,125.3525,360150140800640134
btree8_a64,2097152,14,251.3611,360150140800640134
fusion16_w,2097152,14,356.7184,360150140800640134
btree8_bl_a64,2097152,14,132.6828,360150140800640134
sorted_array,2097152,14,140.6296,360150140800640134
fusion8_bf,4194304,0,352.3224,13987696726093534327
btree8_bl_a64,4194304,0,117.5797,13987696726093534327
btree8,4194304,0,244.0063,13987696726093534327
fusion16_w,4194304,0,362.9211,13987696726093534327
fusion8_c,4194304,0,314.9292,13987696726093534327
btree8_a64,4194304,0,247.9721,13987696726093534327
sorted_array,4194304,0,248.7442,13987696726093534327
btree8_bl,4194304,0,137.1246,13987696726093534327
btree16_bl_a64,4194304,0,137.0361,13987696726093534327
fusion8,4194304,0,343.7576,13987696726093534327
btree8_bl_a64,4194304,1,115.3793,13987696726093534327
btree8_a64,4194304,1,247.9782,13987696726093534327
fusion8,4194304,1,340.7166,13987696726093534327
sorted_array,4194304,1,251.7960,13987696726093534327
fusion16_w,4194304,1,319.6976,13987696726093534327
fusion8_bf,4194304,1,350.3372,13987696726093534327
btree16_bl_a64,4194304,1,147.5876,13987696726093534327
btree8_bl,4194304,1,109.3231,13987696726093534327
fusion8_c,4194304,1,311.3449,13987696726093534327
btree8,4194304,1,243.2068,13987696726093534327
fusion16_w,4194304,2,394.9768,13987696726093534327
fusion8,4194304,2,347.5952,13987696726093534327
fusion8_bf,4194304,2,338.6108,13987696726093534327
btree8_bl,4194304,2,120.6619,13987696726093534327
fusion8_c,4194304,2,313.0768,13987696726093534327
sorted_array,4194304,2,247.1664,13987696726093534327
btree8_a64,4194304,2,245.6451,13987696726093534327
btree16_bl_a64,4194304,2,135.3226,13987696726093534327
btree8_bl_a64,4194304,2,161.1130,13987696726093534327
btree8,4194304,2,290.3183,13987696726093534327
fusion8,4194304,3,345.9991,13987696726093534327
fusion8_bf,4194304,3,342.8040,13987696726093534327
btree16_bl_a64,4194304,3,136.8988,13987696726093534327
fusion16_w,4194304,3,317.9230,13987696726093534327
btree8_bl_a64,4194304,3,107.6843,13987696726093534327
sorted_array,4194304,3,247.3969,13987696726093534327
btree8_a64,4194304,3,247.2488,13987696726093534327
fusion8_c,4194304,3,335.5270,13987696726093534327
btree8,4194304,3,246.3547,13987696726093534327
btree8_bl,4194304,3,135.8475,13987696726093534327
fusion8_bf,4194304,4,339.5691,13987696726093534327
btree8,4194304,4,246.8140,13987696726093534327
btree8_bl,4194304,4,129.3777,13987696726093534327
sorted_array,4194304,4,250.9644,13987696726093534327
fusion8_c,4194304,4,320.2209,13987696726093534327
btree16_bl_a64,4194304,4,140.3580,13987696726093534327
fusion8,4194304,4,344.7266,13987696726093534327
btree8_bl_a64,4194304,4,115.1733,13987696726093534327
fusion16_w,4194304,4,320.9030,13987696726093534327
btree8_a64,4194304,4,246.3348,13987696726093534327
fusion16_w,4194304,5,395.9747,13987696726093534327
sorted_array,4194304,5,248.4756,13987696726093534327
btree16_bl_a64,4194304,5,146.7407,13987696726093534327
btree8,4194304,5,244.8074,13987696726093534327
btree8_bl,4194304,5,133.0719,13987696726093534327
fusion8_bf,4194304,5,341.5848,13987696726093534327
btree8_bl_a64,4194304,5,106.8695,13987696726093534327
fusion8,4194304,5,340.9103,13987696726093534327
btree8_a64,4194304,5,249.8520,13987696726093534327
fusion8_c,4194304,5,332.8110,13987696726093534327
btree8_a64,4194304,6,240.3442,13987696726093534327
sorted_array,4194304,6,251.5335,13987696726093534327
btree8_bl_a64,4194304,6,125.6485,13987696726093534327
btree8,4194304,6,255.0232,13987696726093534327
fusion8_c,4194304,6,326.1078,13987696726093534327
fusion8_bf,4194304,6,351.0727,13987696726093534327
btree8_bl,4194304,6,116.3605,13987696726093534327
fusion16_w,4194304,6,319.9951,13987696726093534327
btree16_bl_a64,4194304,6,146.5500,13987696726093534327
fusion8,4194304,6,341.5985,13987696726093534327
btree8,4194304,7,246.2479,13987696726093534327
sorted_array,4194304,7,250.3555,13987696726093534327
fusion16_w,4194304,7,383.8364,13987696726093534327
fusion8,4194304,7,338.9679,13987696726093534327
fusion8_c,4194304,7,313.1195,13987696726093534327
btree8_bl_a64,4194304,7,128.8544,13987696726093534327
btree16_bl_a64,4194304,7,134.3292,13987696726093534327
btree8_bl,4194304,7,108.8058,13987696726093534327
btree8_a64,4194304,7,247.4655,13987696726093534327
fusion8_bf,4194304,7,365.6418,13987696726093534327
fusion8,4194304,8,343.7668,13987696726093534327
fusion16_w,4194304,8,320.3369,13987696726093534327
btree8,4194304,8,246.6064,13987696726093534327
btree16_bl_a64,4194304,8,138.4262,13987696726093534327
btree8_bl,4194304,8,108.6288,13987696726093534327
sorted_array,4194304,8,249.0829,13987696726093534327
fusion8_c,4194304,8,316.5680,13987696726093534327
fusion8_bf,4194304,8,353.5263,13987696726093534327
btree8_bl_a64,4194304,8,125.0412,13987696726093534327
btree8_a64,4194304,8,248.0179,13987696726093534327
btree8_bl_a64,4194304,9,106.6025,13987696726093534327
btree8,4194304,9,244.1422,13987696726093534327
fusion8_bf,4194304,9,356.4255,13987696726093534327
btree8_a64,4194304,9,247.6776,13987696726093534327
fusion8,4194304,9,340.4724,13987696726093534327
btree8_bl,4194304,9,130.4993,13987696726093534327
btree16_bl_a64,4194304,9,135.0403,13987696726093534327
fusion8_c,4194304,9,307.9346,13987696726093534327
fusion16_w,4194304,9,360.3577,13987696726093534327
sorted_array,4194304,9,242.8299,13987696726093534327
fusion8,4194304,10,333.2382,13987696726093534327
fusion16_w,4194304,10,317.1906,13987696726093534327
sorted_array,4194304,10,245.0241,13987696726093534327
fusion8_c,4194304,10,324.3362,13987696726093534327
btree8,4194304,10,244.1605,13987696726093534327
fusion8_bf,4194304,10,358.8257,13987696726093534327
btree8_bl_a64,4194304,10,124.7543,13987696726093534327
btree8_bl,4194304,10,108.7082,13987696726093534327
btree8_a64,4194304,10,244.1025,13987696726093534327
btree16_bl_a64,4194304,10,137.2040,13987696726093534327
fusion8_c,4194304,11,314.2593,13987696726093534327
btree8_bl,4194304,11,127.4170,13987696726093534327
fusion8_bf,4194304,11,332.9010,13987696726093534327
fusion8,4194304,11,336.1420,13987696726093534327
btree8,4194304,11,239.3250,13987696726093534327
btree8_a64,4194304,11,251.0025,13987696726093534327
btree8_bl_a64,4194304,11,129.4632,13987696726093534327
btree16_bl_a64,4194304,11,135.8643,13987696726093534327
sorted_array,4194304,11,252.9465,13987696726093534327
fusion16_w,4194304,11,316.8442,13987696726093534327
fusion8_bf,4194304,12,350.1160,13987696726093534327
btree8_bl_a64,4194304,12,108.7036,13987696726093534327
fusion16_w,4194304,12,318.0634,13987696726093534327
sorted_array,4194304,12,247.9538,13987696726093534327
btree8_bl,4194304,12,113.5345,13987696726093534327
btree16_bl_a64,4194304,12,135.5240,13987696726093534327
fusion8_c,4194304,12,313.5513,13987696726093534327
fusion8,4194304,12,350.3387,13987696726093534327
btree8,4194304,12,245.8252,13987696726093534327
btree8_a64,4194304,12,247.7219,13987696726093534327
sorted_array,4194304,13,252.0447,13987696726093534327
fusion8_bf,4194304,13,343.2144,13987696726093534327
btree8_a64,4194304,13,248.3017,13987696726093534327
btree16_bl_a64,4194304,13,147.3755,13987696726093534327
btree8_bl,4194304,13,109.5428,13987696726093534327
fusion8_c,4194304,13,311.4639,13987696726093534327
fusion16_w,4194304,13,366.0568,13987696726093534327
btree8_bl_a64,4194304,13,119.9905,13987696726093534327
fusion8,4194304,13,342.3996,13987696726093534327
btree8,4194304,13,247.2092,13987696726093534327
fusion8_bf,4194304,14,355.1041,13987696726093534327
fusion16_w,4194304,14,395.9244,13987696726093534327
fusion8,4194304,14,343.9865,13987696726093534327
btree16_bl_a64,4194304,14,135.0250,13987696726093534327
fusion8_c,4194304,14,310.1273,13987696726093534327
btree8,4194304,14,246.0968,13987696726093534327
btree8_bl,4194304,14,132.2220,13987696726093534327
btree8_a64,4194304,14,247.3053,13987696726093534327
btree8_bl_a64,4194304,14,128.2227,13987696726093534327
sorted_array,4194304,14,248.3582,13987696726093534327
btree16_bl_a64,8388608,0,131.9809,14571906064232911788
fusion16_w,8388608,0,314.2883,14571906064232911788
fusion8_bf,8388608,0,550.8133,14571906064232911788
btree8_a64,8388608,0,372.5388,14571906064232911788
btree8_bl,8388608,0,227.6367,14571906064232911788
fusion8_c,8388608,0,473.1796,14571906064232911788
btree8,8388608,0,376.3199,14571906064232911788
fusion8,8388608,0,504.1870,14571906064232911788
sorted_array,8388608,0,478.2700,14571906064232911788
btree8_bl_a64,8388608,0,326.2512,14571906064232911788
btree8_bl,8388608,1,195.8603,14571906064232911788
fusion8,8388608,1,503.8391,14571906064232911788
fusion8_c,8388608,1,480.5801,14571906064232911788
fusion8_bf,8388608,1,539.9261,14571906064232911788
btree16_bl_a64,8388608,1,131.7291,14571906064232911788
fusion16_w,8388608,1,332.3639,14571906064232911788
btree8,8388608,1,379.9332,14571906064232911788
sorted_array,8388608,1,445.5994,14571906064232911788
btree8_a64,8388608,1,394.0430,14571906064232911788
btree8_bl_a64,8388608,1,211.1588,14571906064232911788
btree8_a64,8388608,2,374.6979,14571906064232911788
fusion8_c,8388608,2,499.6094,14571906064232911788
btree16_bl_a64,8388608,2,132.7133,14571906064232911788
sorted_array,8388608,2,445.3735,14571906064232911788
fusion8_bf,8388608,2,529.1412,14571906064232911788
btree8_bl_a64,8388608,2,168.3914,14571906064232911788
fusion8,8388608,2,517.4591,14571906064232911788
btree8_bl,8388608,2,244.5908,14571906064232911788
btree8,8388608,2,379.4083,14571906064232911788
fusion16_w,8388608,2,405.0339,14571906064232911788
btree8_bl_a64,8388608,3,207.1747,14571906064232911788
fusion16_w,8388608,3,338.8397,14571906064232911788
btree16_bl_a64,8388608,3,133.1512,14571906064232911788
fusion8,8388608,3,508.0490,14571906064232911788
fusion8_c,8388608,3,481.9748,14571906064232911788
sorted_array,8388608,3,445.1401,14571906064232911788
btree8_bl,8388608,3,225.5814,14571906064232911788
btree8,8388608,3,381.9931,14571906064232911788
btree8_a64,8388608,3,383.6548,14571906064232911788
fusion8_bf,8388608,3,525.8560,14571906064232911788
btree8_bl,8388608,4,230.2933,14571906064232911788
btree8,8388608,4,372.9233,14571906064232911788
btree16_bl_a64,8388608,4,132.4265,14571906064232911788
fusion16_w,8388608,4,324.3347,14571906064232911788
sorted_array,8388608,4,442.6315,14571906064232911788
fusion8_bf,8388608,4,529.2786,14571906064232911788
btree8_bl_a64,8388608,4,167.0074,14571906064232911788
btree8_a64,8388608,4,375.8286,14571906064232911788
fusion8_c,8388608,4,489.8071,14571906064232911788
fusion8,8388608,4,496.8277,14571906064232911788
fusion8_c,8388608,5,472.0901,14571906064232911788
fusion16_w,8388608,5,383.3771,14571906064232911788
btree8,8388608,5,370.6894,14571906064232911788
sorted_array,8388608,5,440.4327,14571906064232911788
btree16_bl_a64,8388608,5,134.2438,14571906064232911788
btree8_bl_a64,8388608,5,168.7653,14571906064232911788
btree8_bl,8388608,5,176.3275,14571906064232911788
fusion8,8388608,5,499.0784,14571906064232911788
fusion8_bf,8388608,5,533.2504,14571906064232911788
btree8_a64,8388608,5,392.6025,14571906064232911788
fusion8,8388608,6,512.5305,14571906064232911788
btree8_bl,8388608,6,257.2128,14571906064232911788
btree8_a64,8388608,6,383.1757,14571906064232911788
fusion8_c,8388608,6,497.5952,14571906064232911788
fusion16_w,8388608,6,389.5187,14571906064232911788
sorted_array,8388608,6,446.4401,14571906064232911788
fusion8_bf,8388608,6,531.9397,14571906064232911788
btree16_bl_a64,8388608,6,136.1130,14571906064232911788
btree8_bl_a64,8388608,6,167.1814,14571906064232911788
btree8,8388608,6,375.7309,14571906064232911788
btree16_bl_a64,8388608,7,134.3002,14571906064232911788
btree8,8388608,7,372.9233,14571906064232911788
fusion8_bf,8388608,7,552.0294,14571906064232911788
fusion8,8388608,7,511.5387,14571906064232911788
btree8_bl,8388608,7,248.9456,14571906064232911788
btree8_bl_a64,8388608,7,175.4715,14571906064232911788
sorted_array,8388608,7,445.3156,14571906064232911788
fusion16_w,8388608,7,344.1315,14571906064232911788
fusion8_c,8388608,7,479.7470,14571906064232911788
btree8_a64,8388608,7,381.9321,14571906064232911788
fusion8_c,8388608,8,480.1666,14571906064232911788
fusion8_bf,8388608,8,534.1476,14571906064232911788
btree16_bl_a64,8388608,8,131.7780,14571906064232911788
btree8_a64,8388608,8,373.8480,14571906064232911788
sorted_array,8388608,8,446.7178,14571906064232911788
btree8_bl_a64,8388608,8,221.6019,14571906064232911788
btree8,8388608,8,379.9667,14571906064232911788
fusion8,8388608,8,520.5399,14571906064232911788
fusion16_w,8388608,8,363.5101,14571906064232911788
btree8_bl,8388608,8,226.0284,14571906064232911788
fusion8_c,8388608,9,480.0995,14571906064232911788
btree16_bl_a64,8388608,9,135.0540,14571906064232911788
fusion8,8388608,9,511.8484,14571906064232911788
fusion16_w,8388608,9,332.7316,14571906064232911788
btree8_bl,8388608,9,255.7053,14571906064232911788
btree8_a64,8388608,9,379.4815,14571906064232911788
fusion8_bf,8388608,9,549.6948,14571906064232911788
btree8_bl_a64,8388608,9,177.5421,14571906064232911788
btree8,8388608,9,377.0935,14571906064232911788
sorted_array,8388608,9,446.4035,14571906064232911788
fusion8,8388608,10,515.2710,14571906064232911788
sorted_array,8388608,10,447.1375,14571906064232911788
fusion8_c,8388608,10,484.2148,14571906064232911788
fusion8_bf,8388608,10,542.5507,14571906064232911788
btree8_bl_a64,8388608,10,208.3862,14571906064232911788
btree16_bl_a64,8388608,10,132.2495,14571906064232911788
btree8_bl,8388608,10,177.9526,14571906064232911788
fusion16_w,8388608,10,329.2496,14571906064232911788
btree8,8388608,10,381.5125,14571906064232911788
btree8_a64,8388608,10,387.7853,14571906064232911788
btree8,8388608,11,378.4637,14571906064232911788
sorted_array,8388608,11,445.6375,14571906064232911788
btree8_bl,8388608,11,251.1749,14571906064232911788
btree16_bl_a64,8388608,11,131.5567,14571906064232911788
btree8_a64,8388608,11,382.7087,14571906064232911788
fusion8_c,8388608,11,492.4942,14571906064232911788
fusion8_bf,8388608,11,532.0877,14571906064232911788
fusion16_w,8388608,11,405.4733,14571906064232911788
btree8_bl_a64,8388608,11,203.5721,14571906064232911788
fusion8,8388608,11,511.6684,14571906064232911788
sorted_array,8388608,12,446.9284,14571906064232911788
btree8_a64,8388608,12,379.9026,14571906064232911788
btree8,8388608,12,383.8043,14571906064232911788
fusion8_c,8388608,12,495.8145,14571906064232911788
btree8_bl,8388608,12,240.0009,14571906064232911788
fusion8_bf,8388608,12,531.2363,14571906064232911788
fusion16_w,8388608,12,331.6040,14571906064232911788
btree8_bl_a64,8388608,12,185.6491,14571906064232911788
fusion8,8388608,12,513.6978,14571906064232911788
btree16_bl_a64,8388608,12,134.5825,14571906064232911788
btree8,8388608,13,380.0888,14571906064232911788
btree16_bl_a64,8388608,13,132.3639,14571906064232911788
fusion8,8388608,13,517.5537,14571906064232911788
btree8_bl,8388608,13,240.4434,14571906064232911788
btree8_a64,8388608,13,374.6689,14571906064232911788
fusion16_w,8388608,13,395.1355,14571906064232911788
btree8_bl_a64,8388608,13,216.1118,14571906064232911788
fusion8_bf,8388608,13,532.4234,14571906064232911788
fusion8_c,8388608,13,504.3777,14571906064232911788
sorted_array,8388608,13,448.8739,14571906064232911788
fusion8_bf,8388608,14,526.3153,14571906064232911788
btree8_bl,8388608,14,212.5305,14571906064232911788
btree8_bl_a64,8388608,14,174.4034,14571906064232911788
btree8,8388608,14,379.1138,14571906064232911788
sorted_array,8388608,14,448.3124,14571906064232911788
fusion8,8388608,14,525.3983,14571906064232911788
fusion16_w,8388608,14,362.9578,14571906064232911788
fusion8_c,8388608,14,492.3111,14571906064232911788
btree8_a64,8388608,14,375.4822,14571906064232911788
btree16_bl_a64,8388608,14,133.7646,14571906064232911788
fusion8,16777216,0,566.2552,762412688173254828
fusion16_w,16777216,0,322.6715,762412688173254828
btree8,16777216,0,397.3160,762412688173254828
btree16_bl_a64,16777216,0,131.6315,762412688173254828
btree8_bl_a64,16777216,0,177.5635,762412688173254828
btree8_bl,16777216,0,181.1890,762412688173254828
fusion8_bf,16777216,0,558.3832,762412688173254828
btree8_a64,16777216,0,401.6602,762412688173254828
fusion8_c,16777216,0,532.4509,762412688173254828
sorted_array,16777216,0,598.8831,762412688173254828
btree8,16777216,1,395.9869,762412688173254828
btree16_bl_a64,16777216,1,131.2759,762412688173254828
btree8_bl,16777216,1,187.2437,762412688173254828
fusion8_c,16777216,1,514.7781,762412688173254828
btree8_bl_a64,16777216,1,198.0133,762412688173254828
btree8_a64,16777216,1,399.5575,762412688173254828
sorted_array,16777216,1,597.1375,762412688173254828
fusion8,16777216,1,553.5675,762412688173254828
fusion8_bf,16777216,1,564.6515,762412688173254828
fusion16_w,16777216,1,337.1918,762412688173254828
btree8_a64,16777216,2,392.6422,762412688173254828
fusion8,16777216,2,563.3392,762412688173254828
btree8_bl,16777216,2,222.9645,762412688173254828
sorted_array,16777216,2,599.3790,762412688173254828
fusion8_c,16777216,2,514.5248,762412688173254828
fusion8_bf,16777216,2,560.6323,762412688173254828
btree8_bl_a64,16777216,2,217.4011,762412688173254828
btree16_bl_a64,16777216,2,129.0207,762412688173254828
fusion16_w,16777216,2,327.6138,762412688173254828
btree8,16777216,2,397.7310,762412688173254828
btree8,16777216,3,307.7194,762412688173254828
btree8_a64,16777216,3,401.4832,762412688173254828
fusion8,16777216,3,548.6252,762412688173254828
fusion8_bf,16777216,3,562.9913,762412688173254828
sorted_array,16777216,3,598.7274,762412688173254828
fusion16_w,16777216,3,401.7014,762412688173254828
btree16_bl_a64,16777216,3,132.5012,762412688173254828
btree8_bl,16777216,3,179.4113,762412688173254828
fusion8_c,16777216,3,498.2834,762412688173254828
btree8_bl_a64,16777216,3,192.1432,762412688173254828
fusion8,16777216,4,548.5123,762412688173254828
fusion8_c,16777216,4,502.5375,762412688173254828
btree8,16777216,4,397.4167,762412688173254828
fusion16_w,16777216,4,390.7471,762412688173254828
btree8_a64,16777216,4,400.1877,762412688173254828
btree8_bl,16777216,4,212.2513,762412688173254828
sorted_array,16777216,4,601.3306,762412688173254828
btree8_bl_a64,16777216,4,179.1428,762412688173254828
btree16_bl_a64,16777216,4,129.4540,762412688173254828
fusion8_bf,16777216,4,559.2072,762412688173254828
fusion8,16777216,5,563.6169,762412688173254828
btree8,16777216,5,405.5573,762412688173254828
btree8_bl_a64,16777216,5,215.7074,762412688173254828
fusion8_c,16777216,5,516.9144,762412688173254828
btree16_bl_a64,16777216,5,130.1147,762412688173254828
btree8_a64,16777216,5,397.6212,762412688173254828
btree8_bl,16777216,5,204.5990,762412688173254828
fusion16_w,16777216,5,335.9161,762412688173254828
sorted_array,16777216,5,599.8276,762412688173254828
fusion8_bf,16777216,5,563.0768,762412688173254828
sorted_array,16777216,6,598.5641,762412688173254828
fusion8_c,16777216,6,529.9789,762412688173254828
btree8,16777216,6,414.6851,762412688173254828
fusion8,16777216,6,564.4958,762412688173254828
btree8_bl,16777216,6,226.4511,762412688173254828
btree8_a64,16777216,6,395.9671,762412688173254828
btree16_bl_a64,16777216,6,132.6019,762412688173254828
fusion16_w,16777216,6,327.9892,762412688173254828
btree8_bl_a64,16777216,6,175.4684,762412688173254828
fusion8_bf,16777216,6,557.9178,762412688173254828
btree8_bl_a64,16777216,7,167.1143,762412688173254828
btree8,16777216,7,407.6569,762412688173254828
btree8_a64,16777216,7,409.9274,762412688173254828
fusion8_c,16777216,7,530.2307,762412688173254828
btree16_bl_a64,16777216,7,130.1941,762412688173254828
fusion8_bf,16777216,7,545.3369,762412688173254828
fusion8,16777216,7,564.2426,762412688173254828
sorted_array,16777216,7,597.9279,762412688173254828
btree8_bl,16777216,7,223.0331,762412688173254828
fusion16_w,16777216,7,332.3288,762412688173254828
fusion8,16777216,8,565.5655,762412688173254828
sorted_array,16777216,8,600.7446,762412688173254828
fusion8_c,16777216,8,513.6520,762412688173254828
btree8,16777216,8,395.9320,762412688173254828
btree8_bl_a64,16777216,8,204.0176,762412688173254828
btree8_bl,16777216,8,183.1848,762412688173254828
fusion16_w,16777216,8,328.2593,762412688173254828
fusion8_bf,16777216,8,549.1577,762412688173254828
btree16_bl_a64,16777216,8,130.2872,762412688173254828
btree8_a64,16777216,8,392.9016,762412688173254828
fusion8,16777216,9,552.9587,762412688173254828
btree8,16777216,9,398.7274,762412688173254828
fusion8_c,16777216,9,522.6593,762412688173254828
fusion16_w,16777216,9,345.1035,762412688173254828
sorted_array,16777216,9,596.8063,762412688173254828
btree8_bl_a64,16777216,9,172.2214,762412688173254828
btree16_bl_a64,16777216,9,129.5944,762412688173254828
btree8_bl,16777216,9,178.3813,762412688173254828
fusion8_bf,16777216,9,549.5132,762412688173254828
btree8_a64,16777216,9,397.8867,762412688173254828
btree8,16777216,10,406.9931,762412688173254828
fusion16_w,16777216,10,340.6998,762412688173254828
fusion8_c,16777216,10,524.1043,762412688173254828
btree8_a64,16777216,10,401.6418,762412688173254828
fusion8,16777216,10,561.2839,762412688173254828
btree8_bl_a64,16777216,10,196.0526,762412688173254828
sorted_array,16777216,10,599.8947,762412688173254828
fusion8_bf,16777216,10,559.8969,762412688173254828
btree8_bl,16777216,10,184.3323,762412688173254828
btree16_bl_a64,16777216,10,129.8233,762412688173254828
btree8_a64,16777216,11,395.9274,762412688173254828
btree8,16777216,11,407.7347,762412688173254828
fusion8_c,16777216,11,519.7845,762412688173254828
btree8_bl_a64,16777216,11,199.8535,762412688173254828
fusion8_bf,16777216,11,556.2225,762412688173254828
fusion8,16777216,11,566.4612,762412688173254828
btree8_bl,16777216,11,216.4215,762412688173254828
fusion16_w,16777216,11,332.3090,762412688173254828
btree16_bl_a64,16777216,11,130.4962,762412688173254828
sorted_array,16777216,11,602.7618,762412688173254828
fusion8_c,16777216,12,519.4473,762412688173254828
sorted_array,16777216,12,598.0423,762412688173254828
btree8_bl_a64,16777216,12,180.2490,762412688173254828
btree8_bl,16777216,12,180.5161,762412688173254828
btree16_bl_a64,16777216,12,131.1035,762412688173254828
fusion8_bf,16777216,12,560.3210,762412688173254828
btree8_a64,16777216,12,401.9165,762412688173254828
fusion16_w,16777216,12,365.6128,762412688173254828
fusion8,16777216,12,553.1570,762412688173254828
btree8,16777216,12,397.0612,762412688173254828
fusion16_w,16777216,13,382.0145,762412688173254828
btree8_bl,16777216,13,229.4174,762412688173254828
fusion8_bf,16777216,13,562.1735,762412688173254828
btree8_bl_a64,16777216,13,188.6307,762412688173254828
btree8_a64,16777216,13,403.2684,762412688173254828
fusion8,16777216,13,565.5991,762412688173254828
btree16_bl_a64,16777216,13,134.2575,762412688173254828
sorted_array,16777216,13,599.1165,762412688173254828
btree8,16777216,13,408.3984,762412688173254828
fusion8_c,16777216,13,515.1352,762412688173254828
sorted_array,16777216,14,597.5906,762412688173254828
btree8_a64,16777216,14,401.9836,762412688173254828
btree8_bl_a64,16777216,14,221.1868,762412688173254828
fusion8_c,16777216,14,520.8023,762412688173254828
btree8_bl,16777216,14,192.9474,762412688173254828
btree8,16777216,14,407.0358,762412688173254828
fusion16_w,16777216,14,396.6049,762412688173254828
btree16_bl_a64,16777216,14,144.1223,762412688173254828
fusion8,16777216,14,543.9865,762412688173254828
fusion8_bf,16777216,14,562.9562,762412688173254828
fusion8_c,33554432,0,561.9446,11029033927968932563
btree8_bl,33554432,0,198.4634,11029033927968932563
btree8,33554432,0,432.2906,11029033927968932563
fusion8,33554432,0,567.9428,11029033927968932563
btree8_bl_a64,33554432,0,185.0952,11029033927968932563
fusion16_w,33554432,0,534.8541,11029033927968932563
btree16_bl_a64,33554432,0,222.6074,11029033927968932563
fusion8_bf,33554432,0,576.1063,11029033927968932563
sorted_array,33554432,0,711.4685,11029033927968932563
btree8_a64,33554432,0,445.0531,11029033927968932563
fusion16_w,33554432,1,612.7991,11029033927968932563
sorted_array,33554432,1,718.9178,11029033927968932563
btree8_bl_a64,33554432,1,201.4771,11029033927968932563
btree8_bl,33554432,1,175.8011,11029033927968932563
fusion8,33554432,1,562.1399,11029033927968932563
btree8,33554432,1,433.1940,11029033927968932563
fusion8_bf,33554432,1,583.5785,11029033927968932563
fusion8_c,33554432,1,520.1248,11029033927968932563
btree16_bl_a64,33554432,1,230.5923,11029033927968932563
btree8_a64,33554432,1,430.8929,11029033927968932563
sorted_array,33554432,2,710.6979,11029033927968932563
btree8,33554432,2,428.1479,11029033927968932563
fusion8_c,33554432,2,520.4315,11029033927968932563
fusion16_w,33554432,2,519.6777,11029033927968932563
btree8_a64,33554432,2,425.7874,11029033927968932563
btree16_bl_a64,33554432,2,275.6729,11029033927968932563
btree8_bl,33554432,2,175.5905,11029033927968932563
fusion8,33554432,2,560.0449,11029033927968932563
fusion8_bf,33554432,2,564.8071,11029033927968932563
btree8_bl_a64,33554432,2,190.7791,11029033927968932563
fusion16_w,33554432,3,517.3935,11029033927968932563
sorted_array,33554432,3,711.7142,11029033927968932563
fusion8,33554432,3,558.0109,11029033927968932563
btree8_bl_a64,33554432,3,210.4782,11029033927968932563
fusion8_c,33554432,3,508.9432,11029033927968932563
btree8_a64,33554432,3,439.8651,11029033927968932563
btree8,33554432,3,425.5478,11029033927968932563
btree8_bl,33554432,3,206.3065,11029033927968932563
fusion8_bf,33554432,3,555.8746,11029033927968932563
btree16_bl_a64,33554432,3,232.9895,11029033927968932563
fusion16_w,33554432,4,528.4409,11029033927968932563
btree8_bl_a64,33554432,4,166.7496,11029033927968932563
sorted_array,33554432,4,713.6612,11029033927968932563
btree8_bl,33554432,4,175.3708,11029033927968932563
fusion8,33554432,4,548.9441,11029033927968932563
fusion8_bf,33554432,4,573.6740,11029033927968932563
btree8,33554432,4,424.8047,11029033927968932563
fusion8_c,33554432,4,515.9393,11029033927968932563
btree8_a64,33554432,4,423.1308,11029033927968932563
btree16_bl_a64,33554432,4,261.2549,11029033927968932563
fusion8,33554432,5,556.3965,11029033927968932563
fusion8_c,33554432,5,506.3263,11029033927968932563
btree16_bl_a64,33554432,5,240.7440,11029033927968932563
btree8_a64,33554432,5,422.2488,11029033927968932563
btree8_bl_a64,33554432,5,193.1290,11029033927968932563
btree8_bl,33554432,5,177.0508,11029033927968932563
fusion16_w,33554432,5,518.4006,11029033927968932563
fusion8_bf,33554432,5,585.2768,11029033927968932563
sorted_array,33554432,5,709.6786,11029033927968932563
btree8,33554432,5,431.9717,11029033927968932563
fusion8_bf,33554432,6,549.5697,11029033927968932563
fusion16_w,33554432,6,596.7010,11029033927968932563
btree8,33554432,6,429.0619,11029033927968932563
btree8_bl_a64,33554432,6,202.8824,11029033927968932563
fusion8_c,33554432,6,505.4138,11029033927968932563
sorted_array,33554432,6,710.9482,11029033927968932563
fusion8,33554432,6,548.0530,11029033927968932563
btree16_bl_a64,33554432,6,278.7888,11029033927968932563
btree8_a64,33554432,6,427.7527,11029033927968932563
btree8_bl,33554432,6,215.2191,11029033927968932563
fusion16_w,33554432,7,523.9365,11029033927968932563
btree8_bl_a64,33554432,7,177.1423,11029033927968932563
btree16_bl_a64,33554432,7,227.9816,11029033927968932563
btree8_bl,33554432,7,184.3201,11029033927968932563
fusion8_c,33554432,7,531.2897,11029033927968932563
fusion8_bf,33554432,7,577.7908,11029033927968932563
sorted_array,33554432,7,711.2823,11029033927968932563
btree8_a64,33554432,7,432.2678,11029033927968932563
fusion8,33554432,7,552.4200,11029033927968932563
btree8,33554432,7,437.9089,11029033927968932563
btree8_bl_a64,33554432,8,205.9891,11029033927968932563
fusion8_c,33554432,8,509.5840,11029033927968932563
fusion8,33554432,8,548.2574,11029033927968932563
fusion8_bf,33554432,8,554.2419,11029033927968932563
btree16_bl_a64,33554432,8,255.0369,11029033927968932563
btree8_a64,33554432,8,424.4186,11029033927968932563
sorted_array,33554432,8,713.2477,11029033927968932563
btree8_bl,33554432,8,199.5148,11029033927968932563
btree8,33554432,8,423.0835,11029033927968932563
fusion16_w,33554432,8,598.5886,11029033927968932563
btree8_a64,33554432,9,423.5046,11029033927968932563
btree8_bl,33554432,9,186.2885,11029033927968932563
btree8,33554432,9,427.6947,11029033927968932563
btree16_bl_a64,33554432,9,240.3717,11029033927968932563
fusion8,33554432,9,542.8131,11029033927968932563
fusion8_c,33554432,9,504.5258,11029033927968932563
fusion8_bf,33554432,9,564.6667,11029033927968932563
sorted_array,33554432,9,709.9976,11029033927968932563
btree8_bl_a64,33554432,9,191.2796,11029033927968932563
fusion16_w,33554432,9,518.2709,11029033927968932563
btree8_a64,33554432,10,425.3159,11029033927968932563
btree16_bl_a64,33554432,10,263.3514,11029033927968932563
btree8,33554432,10,421.6980,11029033927968932563
fusion16_w,33554432,10,600.4028,11029033927968932563
sorted_array,33554432,10,709.1583,11029033927968932563
btree8_bl,33554432,10,204.0192,11029033927968932563
fusion8_c,33554432,10,506.7276,11029033927968932563
fusion8_bf,33554432,10,556.5460,11029033927968932563
fusion8,33554432,10,551.1673,11029033927968932563
btree8_bl_a64,33554432,10,177.9541,11029033927968932563
fusion8_bf,33554432,11,552.4231,11029033927968932563
fusion8,33554432,11,563.2462,11029033927968932563
btree16_bl_a64,33554432,11,259.1080,11029033927968932563
btree8_bl,33554432,11,174.2493,11029033927968932563
fusion16_w,33554432,11,518.1000,11029033927968932563
sorted_array,33554432,11,708.2504,11029033927968932563
fusion8_c,33554432,11,517.1860,11029033927968932563
btree8,33554432,11,424.3790,11029033927968932563
btree8_a64,33554432,11,436.4777,11029033927968932563
btree8_bl_a64,33554432,11,207.4310,11029033927968932563
btree8_bl,33554432,12,183.9676,11029033927968932563
fusion8_c,33554432,12,511.7081,11029033927968932563
fusion16_w,33554432,12,567.2195,11029033927968932563
btree8_a64,33554432,12,427.5711,11029033927968932563
fusion8_bf,33554432,12,551.0101,11029033927968932563
sorted_array,33554432,12,709.5139,11029033927968932563
fusion8,33554432,12,550.4547,11029033927968932563
btree8,33554432,12,430.6046,11029033927968932563
btree16_bl_a64,33554432,12,270.5383,11029033927968932563
btree8_bl_a64,33554432,12,164.5782,11029033927968932563
btree8_a64,33554432,13,420.6802,11029033927968932563
fusion8,33554432,13,550.1160,11029033927968932563
fusion8_bf,33554432,13,573.5611,11029033927968932563
btree8_bl_a64,33554432,13,170.1904,11029033927968932563
btree8_bl,33554432,13,173.8846,11029033927968932563
fusion8_c,33554432,13,504.7607,11029033927968932563
btree16_bl_a64,33554432,13,231.3843,11029033927968932563
sorted_array,33554432,13,707.3563,11029033927968932563
btree8,33554432,13,427.4277,11029033927968932563
fusion16_w,33554432,13,597.8333,11029033927968932563
fusion16_w,33554432,14,426.9821,11029033927968932563
btree8_bl_a64,33554432,14,198.4039,11029033927968932563
fusion8_c,33554432,14,512.6526,11029033927968932563
btree8_a64,33554432,14,424.0860,11029033927968932563
sorted_array,33554432,14,708.7662,11029033927968932563
fusion8,33554432,14,552.0813,11029033927968932563
btree16_bl_a64,33554432,14,274.9954,11029033927968932563
btree8_bl,33554432,14,174.3454,11029033927968932563
fusion8_bf,33554432,14,585.7910,11029033927968932563
btree8,33554432,14,444.7403,11029033927968932563
