structure,n,rep,ns_per_query,checksum
sorted_array,256,0,4.4205,4651152958151299108
sorted_array,256,1,4.4113,4651152958151299108
sorted_array,256,2,4.3198,4651152958151299108
sorted_array,256,3,4.3274,4651152958151299108
sorted_array,256,4,4.3137,4651152958151299108
sorted_array,256,5,4.2953,4651152958151299108
sorted_array,256,6,4.2587,4651152958151299108
sorted_array,256,7,4.2633,4651152958151299108
sorted_array,256,8,4.2892,4651152958151299108
sorted_array,256,9,4.2511,4651152958151299108
sorted_array,256,10,4.2618,4651152958151299108
sorted_array,256,11,4.3365,4651152958151299108
sorted_array,256,12,4.3488,4651152958151299108
sorted_array,256,13,4.3365,4651152958151299108
sorted_array,256,14,4.3335,4651152958151299108
btree8,256,0,20.4346,4651152958151299108
btree8,256,1,20.2255,4651152958151299108
btree8,256,2,20.2103,4651152958151299108
btree8,256,3,20.1752,4651152958151299108
btree8,256,4,20.1248,4651152958151299108
btree8,256,5,20.0089,4651152958151299108
btree8,256,6,19.8151,4651152958151299108
btree8,256,7,20.1416,4651152958151299108
btree8,256,8,19.7495,4651152958151299108
btree8,256,9,19.7525,4651152958151299108
btree8,256,10,20.0424,4651152958151299108
btree8,256,11,19.9326,4651152958151299108
btree8,256,12,19.9234,4651152958151299108
btree8,256,13,20.0241,4651152958151299108
btree8,256,14,20.0409,4651152958151299108
btree8_bl,256,0,12.2711,4651152958151299108
btree8_bl,256,1,12.1368,4651152958151299108
btree8_bl,256,2,11.9949,4651152958151299108
btree8_bl,256,3,12.0377,4651152958151299108
btree8_bl,256,4,11.9232,4651152958151299108
btree8_bl,256,5,11.9217,4651152958151299108
btree8_bl,256,6,11.8469,4651152958151299108
btree8_bl,256,7,11.8820,4651152958151299108
btree8_bl,256,8,12.0468,4651152958151299108
btree8_bl,256,9,12.0331,4651152958151299108
btree8_bl,256,10,12.0270,4651152958151299108
btree8_bl,256,11,11.9354,4651152958151299108
btree8_bl,256,12,11.8378,4651152958151299108
btree8_bl,256,13,11.7645,4651152958151299108
btree8_bl,256,14,12.0132,4651152958151299108
btree8_a64,256,0,19.3741,4651152958151299108
btree8_a64,256,1,19.1254,4651152958151299108
btree8_a64,256,2,19.0796,4651152958151299108
btree8_a64,256,3,18.9865,4651152958151299108
btree8_a64,256,4,18.9377,4651152958151299108
btree8_a64,256,5,18.6234,4651152958151299108
btree8_a64,256,6,18.7286,4651152958151299108
btree8_a64,256,7,19.0643,4651152958151299108
btree8_a64,256,8,18.7759,4651152958151299108
btree8_a64,256,9,18.6920,4651152958151299108
btree8_a64,256,10,18.5989,4651152958151299108
btree8_a64,256,11,18.6096,4651152958151299108
btree8_a64,256,12,18.9026,4651152958151299108
btree8_a64,256,13,19.0216,4651152958151299108
btree8_a64,256,14,19.0155,4651152958151299108
btree8_bl_a64,256,0,11.0199,4651152958151299108
btree8_bl_a64,256,1,10.7727,4651152958151299108
btree8_bl_a64,256,2,10.9451,4651152958151299108
btree8_bl_a64,256,3,10.7635,4651152958151299108
btree8_bl_a64,256,4,10.7086,4651152958151299108
btree8_bl_a64,256,5,10.6705,4651152958151299108
btree8_bl_a64,256,6,10.6323,4651152958151299108
btree8_bl_a64,256,7,10.6262,4651152958151299108
btree8_bl_a64,256,8,10.6094,4651152958151299108
btree8_bl_a64,256,9,10.5621,4651152958151299108
btree8_bl_a64,256,10,10.5576,4651152958151299108
btree8_bl_a64,256,11,10.5011,4651152958151299108
btree8_bl_a64,256,12,10.5927,4651152958151299108
btree8_bl_a64,256,13,10.5270,4651152958151299108
btree8_bl_a64,256,14,10.4919,4651152958151299108
btree16_bl_a64,256,0,4.6417,4651152958151299108
btree16_bl_a64,256,1,4.3823,4651152958151299108
btree16_bl_a64,256,2,4.3457,4651152958151299108
btree16_bl_a64,256,3,4.3259,4651152958151299108
btree16_bl_a64,256,4,4.3121,4651152958151299108
btree16_bl_a64,256,5,4.3182,4651152958151299108
btree16_bl_a64,256,6,4.4205,4651152958151299108
btree16_bl_a64,256,7,4.3594,4651152958151299108
btree16_bl_a64,256,8,4.3564,4651152958151299108
btree16_bl_a64,256,9,4.3365,4651152958151299108
btree16_bl_a64,256,10,4.3335,4651152958151299108
btree16_bl_a64,256,11,4.3472,4651152958151299108
btree16_bl_a64,256,12,4.3304,4651152958151299108
btree16_bl_a64,256,13,4.3640,4651152958151299108
btree16_bl_a64,256,14,4.3625,4651152958151299108
fusion8,256,0,34.5535,4651152958151299108
fusion8,256,1,33.9554,4651152958151299108
fusion8,256,2,33.8058,4651152958151299108
fusion8,256,3,33.3755,4651152958151299108
fusion8,256,4,33.3054,4651152958151299108
fusion8,256,5,34.2804,4651152958151299108
fusion8,256,6,33.3572,4651152958151299108
fusion8,256,7,33.2901,4651152958151299108
fusion8,256,8,33.3099,4651152958151299108
fusion8,256,9,33.3572,4651152958151299108
fusion8,256,10,33.3389,4651152958151299108
fusion8,256,11,33.2794,4651152958151299108
fusion8,256,12,33.2581,4651152958151299108
fusion8,256,13,33.3618,4651152958151299108
fusion8,256,14,33.2550,4651152958151299108
fusion8_bf,256,0,35.6476,4651152958151299108
fusion8_bf,256,1,35.5835,4651152958151299108
fusion8_bf,256,2,35.6308,4651152958151299108
fusion8_bf,256,3,35.8398,4651152958151299108
fusion8_bf,256,4,35.9970,4651152958151299108
fusion8_bf,256,5,36.0138,4651152958151299108
fusion8_bf,256,6,35.5530,4651152958151299108
fusion8_bf,256,7,35.5240,4651152958151299108
fusion8_bf,256,8,35.5209,4651152958151299108
fusion8_bf,256,9,35.5453,4651152958151299108
fusion8_bf,256,10,35.5637,4651152958151299108
fusion8_bf,256,11,35.6232,4651152958151299108
fusion8_bf,256,12,35.4797,4651152958151299108
fusion8_bf,256,13,35.3561,4651152958151299108
fusion8_bf,256,14,36.4487,4651152958151299108
fusion8_c,256,0,35.5026,4651152958151299108
fusion8_c,256,1,35.4156,4651152958151299108
fusion8_c,256,2,35.4156,4651152958151299108
fusion8_c,256,3,35.3989,4651152958151299108
fusion8_c,256,4,35.3500,4651152958151299108
fusion8_c,256,5,35.3241,4651152958151299108
fusion8_c,256,6,35.3638,4651152958151299108
fusion8_c,256,7,35.3409,4651152958151299108
fusion8_c,256,8,35.3607,4651152958151299108
fusion8_c,256,9,35.3882,4651152958151299108
fusion8_c,256,10,35.8398,4651152958151299108
fusion8_c,256,11,36.0580,4651152958151299108
fusion8_c,256,12,35.7147,4651152958151299108
fusion8_c,256,13,35.4034,4651152958151299108
fusion8_c,256,14,35.4126,4651152958151299108
fusion16_w,256,0,26.8692,4651152958151299108
fusion16_w,256,1,26.9592,4651152958151299108
fusion16_w,256,2,27.6230,4651152958151299108
fusion16_w,256,3,26.7059,4651152958151299108
fusion16_w,256,4,26.7807,4651152958151299108
fusion16_w,256,5,26.5457,4651152958151299108
fusion16_w,256,6,26.5366,4651152958151299108
fusion16_w,256,7,26.6418,4651152958151299108
fusion16_w,256,8,26.5289,4651152958151299108
fusion16_w,256,9,26.4694,4651152958151299108
fusion16_w,256,10,26.4572,4651152958151299108
fusion16_w,256,11,26.5335,4651152958151299108
fusion16_w,256,12,26.6815,4651152958151299108
fusion16_w,256,13,26.6006,4651152958151299108
fusion16_w,256,14,26.4923,4651152958151299108
sorted_array,512,0,5.0156,5099789511540172029
sorted_array,512,1,4.9744,5099789511540172029
sorted_array,512,2,4.9713,5099789511540172029
sorted_array,512,3,4.9835,5099789511540172029
sorted_array,512,4,4.9927,5099789511540172029
sorted_array,512,5,5.0751,5099789511540172029
sorted_array,512,6,5.1086,5099789511540172029
sorted_array,512,7,4.9759,5099789511540172029
sorted_array,512,8,4.9774,5099789511540172029
sorted_array,512,9,4.9728,5099789511540172029
sorted_array,512,10,4.9896,5099789511540172029
sorted_array,512,11,5.1331,5099789511540172029
sorted_array,512,12,5.0735,5099789511540172029
sorted_array,512,13,5.0735,5099789511540172029
sorted_array,512,14,5.0720,5099789511540172029
btree8,512,0,23.8007,5099789511540172029
btree8,512,1,23.1964,5099789511540172029
btree8,512,2,23.1186,5099789511540172029
btree8,512,3,23.9029,5099789511540172029
btree8,512,4,23.0667,5099789511540172029
btree8,512,5,22.9614,5099789511540172029
btree8,512,6,22.8821,5099789511540172029
btree8,512,7,22.8668,5099789511540172029
btree8,512,8,22.9218,5099789511540172029
btree8,512,9,23.1323,5099789511540172029
btree8,512,10,22.9080,5099789511540172029
btree8,512,11,22.8149,5099789511540172029
btree8,512,12,22.8333,5099789511540172029
btree8,512,13,23.0637,5099789511540172029
btree8,512,14,23.2101,5099789511540172029
btree8_bl,512,0,9.1217,5099789511540172029
btree8_bl,512,1,8.9386,5099789511540172029
btree8_bl,512,2,8.7677,5099789511540172029
btree8_bl,512,3,8.7723,5099789511540172029
btree8_bl,512,4,8.7494,5099789511540172029
btree8_bl,512,5,8.7418,5099789511540172029
btree8_bl,512,6,8.7524,5099789511540172029
btree8_bl,512,7,8.7051,5099789511540172029
btree8_bl,512,8,8.6899,5099789511540172029
btree8_bl,512,9,8.6914,5099789511540172029
btree8_bl,512,10,8.7280,5099789511540172029
btree8_bl,512,11,8.6807,5099789511540172029
btree8_bl,512,12,8.6792,5099789511540172029
btree8_bl,512,13,8.8608,5099789511540172029
btree8_bl,512,14,8.8150,5099789511540172029
btree8_a64,512,0,21.9406,5099789511540172029
btree8_a64,512,1,21.6614,5099789511540172029
btree8_a64,512,2,21.8460,5099789511540172029
btree8_a64,512,3,21.8643,5099789511540172029
btree8_a64,512,4,22.9553,5099789511540172029
btree8_a64,512,5,22.2458,5099789511540172029
btree8_a64,512,6,22.2549,5099789511540172029
btree8_a64,512,7,21.7865,5099789511540172029
btree8_a64,512,8,21.8018,5099789511540172029
btree8_a64,512,9,21.7896,5099789511540172029
btree8_a64,512,10,21.7621,5099789511540172029
btree8_a64,512,11,21.7865,5099789511540172029
btree8_a64,512,12,21.7743,5099789511540172029
btree8_a64,512,13,21.7224,5099789511540172029
btree8_a64,512,14,21.8384,5099789511540172029
btree8_bl_a64,512,0,8.1650,5099789511540172029
btree8_bl_a64,512,1,8.0490,5099789511540172029
btree8_bl_a64,512,2,8.0215,5099789511540172029
btree8_bl_a64,512,3,8.1207,5099789511540172029
btree8_bl_a64,512,4,8.1863,5099789511540172029
btree8_bl_a64,512,5,8.1604,5099789511540172029
btree8_bl_a64,512,6,8.1284,5099789511540172029
btree8_bl_a64,512,7,8.1543,5099789511540172029
btree8_bl_a64,512,8,8.0719,5099789511540172029
btree8_bl_a64,512,9,8.0460,5099789511540172029
btree8_bl_a64,512,10,8.0048,5099789511540172029
btree8_bl_a64,512,11,7.9224,5099789511540172029
btree8_bl_a64,512,12,7.8842,5099789511540172029
btree8_bl_a64,512,13,7.8735,5099789511540172029
btree8_bl_a64,512,14,7.8644,5099789511540172029
btree16_bl_a64,512,0,14.7263,5099789511540172029
btree16_bl_a64,512,1,14.2914,5099789511540172029
btree16_bl_a64,512,2,14.2471,5099789511540172029
btree16_bl_a64,512,3,14.1113,5099789511540172029
btree16_bl_a64,512,4,14.1174,5099789511540172029
btree16_bl_a64,512,5,14.0259,5099789511540172029
btree16_bl_a64,512,6,14.0472,5099789511540172029
btree16_bl_a64,512,7,13.9999,5099789511540172029
btree16_bl_a64,512,8,13.9877,5099789511540172029
btree16_bl_a64,512,9,15.2039,5099789511540172029
btree16_bl_a64,512,10,14.0869,5099789511540172029
btree16_bl_a64,512,11,14.1846,5099789511540172029
btree16_bl_a64,512,12,14.3005,5099789511540172029
btree16_bl_a64,512,13,14.2014,5099789511540172029
btree16_bl_a64,512,14,14.0106,5099789511540172029
fusion8,512,0,34.3201,5099789511540172029
fusion8,512,1,33.8867,5099789511540172029
fusion8,512,2,33.7387,5099789511540172029
fusion8,512,3,33.7448,5099789511540172029
fusion8,512,4,33.7631,5099789511540172029
fusion8,512,5,33.7753,5099789511540172029
fusion8,512,6,33.6945,5099789511540172029
fusion8,512,7,33.6868,5099789511540172029
fusion8,512,8,33.6594,5099789511540172029
fusion8,512,9,33.6258,5099789511540172029
fusion8,512,10,33.5938,5099789511540172029
fusion8,512,11,34.3918,5099789511540172029
fusion8,512,12,33.9020,5099789511540172029
fusion8,512,13,33.6563,5099789511540172029
fusion8,512,14,33.6136,5099789511540172029
fusion8_bf,512,0,36.5662,5099789511540172029
fusion8_bf,512,1,36.5295,5099789511540172029
fusion8_bf,512,2,36.4914,5099789511540172029
fusion8_bf,512,3,36.5234,5099789511540172029
fusion8_bf,512,4,37.3962,5099789511540172029
fusion8_bf,512,5,37.1582,5099789511540172029
fusion8_bf,512,6,36.5616,5099789511540172029
fusion8_bf,512,7,36.5860,5099789511540172029
fusion8_bf,512,8,36.5723,5099789511540172029
fusion8_bf,512,9,36.5097,5099789511540172029
fusion8_bf,512,10,37.4680,5099789511540172029
fusion8_bf,512,11,37.2009,5099789511540172029
fusion8_bf,512,12,36.5601,5099789511540172029
fusion8_bf,512,13,36.5387,5099789511540172029
fusion8_bf,512,14,36.6592,5099789511540172029
fusion8_c,512,0,37.5732,5099789511540172029
fusion8_c,512,1,36.9644,5099789511540172029
fusion8_c,512,2,36.4487,5099789511540172029
fusion8_c,512,3,36.0077,5099789511540172029
fusion8_c,512,4,35.9833,5099789511540172029
fusion8_c,512,5,35.9543,5099789511540172029
fusion8_c,512,6,35.9467,5099789511540172029
fusion8_c,512,7,35.9283,5099789511540172029
fusion8_c,512,8,36.0153,5099789511540172029
fusion8_c,512,9,36.6196,5099789511540172029
fusion8_c,512,10,36.5982,5099789511540172029
fusion8_c,512,11,35.9024,5099789511540172029
fusion8_c,512,12,35.9604,5099789511540172029
fusion8_c,512,13,35.8963,5099789511540172029
fusion8_c,512,14,35.8704,5099789511540172029
fusion16_w,512,0,41.6336,5099789511540172029
fusion16_w,512,1,41.1484,5099789511540172029
fusion16_w,512,2,41.1179,5099789511540172029
fusion16_w,512,3,41.1240,5099789511540172029
fusion16_w,512,4,41.0950,5099789511540172029
fusion16_w,512,5,41.1499,5099789511540172029
fusion16_w,512,6,42.1844,5099789511540172029
fusion16_w,512,7,41.9861,5099789511540172029
fusion16_w,512,8,41.9769,5099789511540172029
fusion16_w,512,9,41.1667,5099789511540172029
fusion16_w,512,10,41.2170,5099789511540172029
fusion16_w,512,11,41.4185,5099789511540172029
fusion16_w,512,12,42.0578,5099789511540172029
fusion16_w,512,13,41.2338,5099789511540172029
fusion16_w,512,14,41.0034,5099789511540172029
sorted_array,1024,0,5.6976,16675351655752164294
sorted_array,1024,1,5.6885,16675351655752164294
sorted_array,1024,2,5.7419,16675351655752164294
sorted_array,1024,3,5.7068,16675351655752164294
sorted_array,1024,4,5.7022,16675351655752164294
sorted_array,1024,5,5.6946,16675351655752164294
sorted_array,1024,6,5.7053,16675351655752164294
sorted_array,1024,7,5.6870,16675351655752164294
sorted_array,1024,8,5.7281,16675351655752164294
sorted_array,1024,9,5.6900,16675351655752164294
sorted_array,1024,10,5.6885,16675351655752164294
sorted_array,1024,11,6.5201,16675351655752164294
sorted_array,1024,12,5.8365,16675351655752164294
sorted_array,1024,13,5.7465,16675351655752164294
sorted_array,1024,14,5.7068,16675351655752164294
btree8,1024,0,26.8280,16675351655752164294
btree8,1024,1,26.2497,16675351655752164294
btree8,1024,2,25.9491,16675351655752164294
btree8,1024,3,26.2131,16675351655752164294
btree8,1024,4,26.3000,16675351655752164294
btree8,1024,5,26.3306,16675351655752164294
btree8,1024,6,25.6653,16675351655752164294
btree8,1024,7,26.1658,16675351655752164294
btree8,1024,8,26.1932,16675351655752164294
btree8,1024,9,26.1459,16675351655752164294
btree8,1024,10,26.2039,16675351655752164294
btree8,1024,11,26.2665,16675351655752164294
btree8,1024,12,26.2909,16675351655752164294
btree8,1024,13,26.2161,16675351655752164294
btree8,1024,14,26.0635,16675351655752164294
btree8_bl,1024,0,20.6467,16675351655752164294
btree8_bl,1024,1,20.5017,16675351655752164294
btree8_bl,1024,2,20.4712,16675351655752164294
btree8_bl,1024,3,21.4081,16675351655752164294
btree8_bl,1024,4,21.0312,16675351655752164294
btree8_bl,1024,5,20.7520,16675351655752164294
btree8_bl,1024,6,20.9015,16675351655752164294
btree8_bl,1024,7,20.5353,16675351655752164294
btree8_bl,1024,8,20.4590,16675351655752164294
btree8_bl,1024,9,20.4910,16675351655752164294
btree8_bl,1024,10,20.4819,16675351655752164294
btree8_bl,1024,11,20.4376,16675351655752164294
btree8_bl,1024,12,20.4483,16675351655752164294
btree8_bl,1024,13,20.4468,16675351655752164294
btree8_bl,1024,14,20.4681,16675351655752164294
btree8_a64,1024,0,25.4868,16675351655752164294
btree8_a64,1024,1,24.7787,16675351655752164294
btree8_a64,1024,2,24.6368,16675351655752164294
btree8_a64,1024,3,24.5544,16675351655752164294
btree8_a64,1024,4,24.5544,16675351655752164294
btree8_a64,1024,5,24.5743,16675351655752164294
btree8_a64,1024,6,24.6109,16675351655752164294
btree8_a64,1024,7,24.5667,16675351655752164294
btree8_a64,1024,8,24.5941,16675351655752164294
btree8_a64,1024,9,24.5575,16675351655752164294
btree8_a64,1024,10,25.3357,16675351655752164294
btree8_a64,1024,11,24.7101,16675351655752164294
btree8_a64,1024,12,24.7482,16675351655752164294
btree8_a64,1024,13,24.6262,16675351655752164294
btree8_a64,1024,14,24.5804,16675351655752164294
btree8_bl_a64,1024,0,18.8004,16675351655752164294
btree8_bl_a64,1024,1,18.7515,16675351655752164294
btree8_bl_a64,1024,2,18.6905,16675351655752164294
btree8_bl_a64,1024,3,18.7088,16675351655752164294
btree8_bl_a64,1024,4,18.7469,16675351655752164294
btree8_bl_a64,1024,5,18.6691,16675351655752164294
btree8_bl_a64,1024,6,18.8416,16675351655752164294
btree8_bl_a64,1024,7,18.7485,16675351655752164294
btree8_bl_a64,1024,8,18.6279,16675351655752164294
btree8_bl_a64,1024,9,18.7744,16675351655752164294
btree8_bl_a64,1024,10,18.6966,16675351655752164294
btree8_bl_a64,1024,11,18.7286,16675351655752164294
btree8_bl_a64,1024,12,18.7515,16675351655752164294
btree8_bl_a64,1024,13,18.7347,16675351655752164294
btree8_bl_a64,1024,14,18.7149,16675351655752164294
btree16_bl_a64,1024,0,11.2213,16675351655752164294
btree16_bl_a64,1024,1,11.0306,16675351655752164294
btree16_bl_a64,1024,2,11.0123,16675351655752164294
btree16_bl_a64,1024,3,10.9589,16675351655752164294
btree16_bl_a64,1024,4,10.9146,16675351655752164294
btree16_bl_a64,1024,5,10.9177,16675351655752164294
btree16_bl_a64,1024,6,10.8475,16675351655752164294
btree16_bl_a64,1024,7,11.4594,16675351655752164294
btree16_bl_a64,1024,8,11.0718,16675351655752164294
btree16_bl_a64,1024,9,10.8887,16675351655752164294
btree16_bl_a64,1024,10,10.8597,16675351655752164294
btree16_bl_a64,1024,11,10.8246,16675351655752164294
btree16_bl_a64,1024,12,10.8185,16675351655752164294
btree16_bl_a64,1024,13,10.8124,16675351655752164294
btree16_bl_a64,1024,14,10.7635,16675351655752164294
fusion8,1024,0,42.8543,16675351655752164294
fusion8,1024,1,42.1921,16675351655752164294
fusion8,1024,2,42.1585,16675351655752164294
fusion8,1024,3,42.1799,16675351655752164294
fusion8,1024,4,42.1539,16675351655752164294
fusion8,1024,5,42.1295,16675351655752164294
fusion8,1024,6,42.0486,16675351655752164294
fusion8,1024,7,41.9983,16675351655752164294
fusion8,1024,8,41.9754,16675351655752164294
fusion8,1024,9,42.8986,16675351655752164294
fusion8,1024,10,42.8543,16675351655752164294
fusion8,1024,11,41.9464,16675351655752164294
fusion8,1024,12,42.0334,16675351655752164294
fusion8,1024,13,41.9830,16675351655752164294
fusion8,1024,14,41.9540,16675351655752164294
fusion8_bf,1024,0,49.3805,16675351655752164294
fusion8_bf,1024,1,48.3139,16675351655752164294
fusion8_bf,1024,2,48.2483,16675351655752164294
fusion8_bf,1024,3,48.2513,16675351655752164294
fusion8_bf,1024,4,49.0494,16675351655752164294
fusion8_bf,1024,5,48.5718,16675351655752164294
fusion8_bf,1024,6,48.2101,16675351655752164294
fusion8_bf,1024,7,48.1110,16675351655752164294
fusion8_bf,1024,8,48.2025,16675351655752164294
fusion8_bf,1024,9,48.2224,16675351655752164294
fusion8_bf,1024,10,48.2224,16675351655752164294
fusion8_bf,1024,11,48.1537,16675351655752164294
fusion8_bf,1024,12,48.1049,16675351655752164294
fusion8_bf,1024,13,48.0942,16675351655752164294
fusion8_bf,1024,14,48.2040,16675351655752164294
fusion8_c,1024,0,51.8845,16675351655752164294
fusion8_c,1024,1,51.1383,16675351655752164294
fusion8_c,1024,2,50.2701,16675351655752164294
fusion8_c,1024,3,49.6735,16675351655752164294
fusion8_c,1024,4,47.9919,16675351655752164294
fusion8_c,1024,5,48.2285,16675351655752164294
fusion8_c,1024,6,47.8409,16675351655752164294
fusion8_c,1024,7,47.6868,16675351655752164294
fusion8_c,1024,8,47.8210,16675351655752164294
fusion8_c,1024,9,47.7798,16675351655752164294
fusion8_c,1024,10,47.9843,16675351655752164294
fusion8_c,1024,11,47.8302,16675351655752164294
fusion8_c,1024,12,47.6685,16675351655752164294
fusion8_c,1024,13,47.7814,16675351655752164294
fusion8_c,1024,14,47.7585,16675351655752164294
fusion16_w,1024,0,47.0596,16675351655752164294
fusion16_w,1024,1,45.8771,16675351655752164294
fusion16_w,1024,2,45.9854,16675351655752164294
fusion16_w,1024,3,45.8466,16675351655752164294
fusion16_w,1024,4,45.8603,16675351655752164294
fusion16_w,1024,5,45.9137,16675351655752164294
fusion16_w,1024,6,46.6278,16675351655752164294
fusion16_w,1024,7,45.8847,16675351655752164294
fusion16_w,1024,8,45.8481,16675351655752164294
fusion16_w,1024,9,45.9702,16675351655752164294
fusion16_w,1024,10,45.8618,16675351655752164294
fusion16_w,1024,11,47.0856,16675351655752164294
fusion16_w,1024,12,46.4218,16675351655752164294
fusion16_w,1024,13,45.9335,16675351655752164294
fusion16_w,1024,14,45.8893,16675351655752164294
sorted_array,2048,0,6.2851,12960468969644381222
sorted_array,2048,1,6.2881,12960468969644381222
sorted_array,2048,2,6.2866,12960468969644381222
sorted_array,2048,3,6.3126,12960468969644381222
sorted_array,2048,4,6.2744,12960468969644381222
sorted_array,2048,5,6.2668,12960468969644381222
sorted_array,2048,6,6.2775,12960468969644381222
sorted_array,2048,7,6.2714,12960468969644381222
sorted_array,2048,8,6.3034,12960468969644381222
sorted_array,2048,9,6.2759,12960468969644381222
sorted_array,2048,10,6.2698,12960468969644381222
sorted_array,2048,11,6.2820,12960468969644381222
sorted_array,2048,12,6.2729,12960468969644381222
sorted_array,2048,13,6.3202,12960468969644381222
sorted_array,2048,14,6.2744,12960468969644381222
btree8,2048,0,30.6244,12960468969644381222
btree8,2048,1,29.9332,12960468969644381222
btree8,2048,2,29.9347,12960468969644381222
btree8,2048,3,30.1315,12960468969644381222
btree8,2048,4,30.0613,12960468969644381222
btree8,2048,5,29.8508,12960468969644381222
btree8,2048,6,30.1239,12960468969644381222
btree8,2048,7,30.2277,12960468969644381222
btree8,2048,8,29.7165,12960468969644381222
btree8,2048,9,29.7287,12960468969644381222
btree8,2048,10,29.8264,12960468969644381222
btree8,2048,11,29.8737,12960468969644381222
btree8,2048,12,31.0242,12960468969644381222
btree8,2048,13,29.9667,12960468969644381222
btree8,2048,14,30.0278,12960468969644381222
btree8_bl,2048,0,17.4500,12960468969644381222
btree8_bl,2048,1,17.3187,12960468969644381222
btree8_bl,2048,2,17.2806,12960468969644381222
btree8_bl,2048,3,17.0959,12960468969644381222
btree8_bl,2048,4,16.9937,12960468969644381222
btree8_bl,2048,5,16.9693,12960468969644381222
btree8_bl,2048,6,17.0441,12960468969644381222
btree8_bl,2048,7,16.9342,12960468969644381222
btree8_bl,2048,8,17.0258,12960468969644381222
btree8_bl,2048,9,17.0319,12960468969644381222
btree8_bl,2048,10,16.9418,12960468969644381222
btree8_bl,2048,11,16.9174,12960468969644381222
btree8_bl,2048,12,16.9128,12960468969644381222
btree8_bl,2048,13,16.9159,12960468969644381222
btree8_bl,2048,14,16.8732,12960468969644381222
btree8_a64,2048,0,28.8651,12960468969644381222
btree8_a64,2048,1,29.0253,12960468969644381222
btree8_a64,2048,2,28.3066,12960468969644381222
btree8_a64,2048,3,28.4012,12960468969644381222
btree8_a64,2048,4,28.3524,12960468969644381222
btree8_a64,2048,5,28.3615,12960468969644381222
btree8_a64,2048,6,28.3340,12960468969644381222
btree8_a64,2048,7,28.3691,12960468969644381222
btree8_a64,2048,8,28.3234,12960468969644381222
btree8_a64,2048,9,28.3585,12960468969644381222
btree8_a64,2048,10,28.3279,12960468969644381222
btree8_a64,2048,11,28.3264,12960468969644381222
btree8_a64,2048,12,28.3218,12960468969644381222
btree8_a64,2048,13,28.3356,12960468969644381222
btree8_a64,2048,14,28.3859,12960468969644381222
btree8_bl_a64,2048,0,16.0065,12960468969644381222
btree8_bl_a64,2048,1,15.8707,12960468969644381222
btree8_bl_a64,2048,2,15.6952,12960468969644381222
btree8_bl_a64,2048,3,15.5029,12960468969644381222
btree8_bl_a64,2048,4,15.4205,12960468969644381222
btree8_bl_a64,2048,5,15.4022,12960468969644381222
btree8_bl_a64,2048,6,15.3564,12960468969644381222
btree8_bl_a64,2048,7,15.3976,12960468969644381222
btree8_bl_a64,2048,8,15.3381,12960468969644381222
btree8_bl_a64,2048,9,15.3549,12960468969644381222
btree8_bl_a64,2048,10,15.3168,12960468969644381222
btree8_bl_a64,2048,11,15.3290,12960468969644381222
btree8_bl_a64,2048,12,15.3152,12960468969644381222
btree8_bl_a64,2048,13,16.2674,12960468969644381222
btree8_bl_a64,2048,14,15.3076,12960468969644381222
btree16_bl_a64,2048,0,9.4727,12960468969644381222
btree16_bl_a64,2048,1,9.2743,12960468969644381222
btree16_bl_a64,2048,2,9.2209,12960468969644381222
btree16_bl_a64,2048,3,9.2636,12960468969644381222
btree16_bl_a64,2048,4,9.1705,12960468969644381222
btree16_bl_a64,2048,5,9.1751,12960468969644381222
btree16_bl_a64,2048,6,9.1629,12960468969644381222
btree16_bl_a64,2048,7,9.1400,12960468969644381222
btree16_bl_a64,2048,8,9.1370,12960468969644381222
btree16_bl_a64,2048,9,9.1583,12960468969644381222
btree16_bl_a64,2048,10,9.1080,12960468969644381222
btree16_bl_a64,2048,11,9.1110,12960468969644381222
btree16_bl_a64,2048,12,9.1354,12960468969644381222
btree16_bl_a64,2048,13,9.1080,12960468969644381222
btree16_bl_a64,2048,14,9.1049,12960468969644381222
fusion8,2048,0,51.3123,12960468969644381222
fusion8,2048,1,51.0773,12960468969644381222
fusion8,2048,2,51.2665,12960468969644381222
fusion8,2048,3,50.2609,12960468969644381222
fusion8,2048,4,50.2090,12960468969644381222
fusion8,2048,5,50.2426,12960468969644381222
fusion8,2048,6,51.7563,12960468969644381222
fusion8,2048,7,51.1917,12960468969644381222
fusion8,2048,8,50.6134,12960468969644381222
fusion8,2048,9,50.2625,12960468969644381222
fusion8,2048,10,50.1083,12960468969644381222
fusion8,2048,11,50.2945,12960468969644381222
fusion8,2048,12,50.1190,12960468969644381222
fusion8,2048,13,50.1495,12960468969644381222
fusion8,2048,14,50.9216,12960468969644381222
fusion8_bf,2048,0,53.6850,12960468969644381222
fusion8_bf,2048,1,53.0853,12960468969644381222
fusion8_bf,2048,2,53.0334,12960468969644381222
fusion8_bf,2048,3,52.8915,12960468969644381222
fusion8_bf,2048,4,52.9221,12960468969644381222
fusion8_bf,2048,5,52.8976,12960468969644381222
fusion8_bf,2048,6,52.9007,12960468969644381222
fusion8_bf,2048,7,52.8793,12960468969644381222
fusion8_bf,2048,8,52.8290,12960468969644381222
fusion8_bf,2048,9,52.9495,12960468969644381222
fusion8_bf,2048,10,54.6463,12960468969644381222
fusion8_bf,2048,11,53.4241,12960468969644381222
fusion8_bf,2048,12,52.9419,12960468969644381222
fusion8_bf,2048,13,53.3325,12960468969644381222
fusion8_bf,2048,14,53.9551,12960468969644381222
fusion8_c,2048,0,55.1346,12960468969644381222
fusion8_c,2048,1,54.1260,12960468969644381222
fusion8_c,2048,2,54.1901,12960468969644381222
fusion8_c,2048,3,53.9841,12960468969644381222
fusion8_c,2048,4,54.8126,12960468969644381222
fusion8_c,2048,5,54.0512,12960468969644381222
fusion8_c,2048,6,53.9917,12960468969644381222
fusion8_c,2048,7,53.9520,12960468969644381222
fusion8_c,2048,8,54.8157,12960468969644381222
fusion8_c,2048,9,54.0009,12960468969644381222
fusion8_c,2048,10,54.0497,12960468969644381222
fusion8_c,2048,11,53.9703,12960468969644381222
fusion8_c,2048,12,53.9780,12960468969644381222
fusion8_c,2048,13,53.9688,12960468969644381222
fusion8_c,2048,14,53.9612,12960468969644381222
fusion16_w,2048,0,48.6130,12960468969644381222
fusion16_w,2048,1,48.1262,12960468969644381222
fusion16_w,2048,2,48.8190,12960468969644381222
fusion16_w,2048,3,49.2538,12960468969644381222
fusion16_w,2048,4,48.2559,12960468969644381222
fusion16_w,2048,5,47.9706,12960468969644381222
fusion16_w,2048,6,47.9660,12960468969644381222
fusion16_w,2048,7,47.9233,12960468969644381222
fusion16_w,2048,8,49.0799,12960468969644381222
fusion16_w,2048,9,48.6679,12960468969644381222
fusion16_w,2048,10,48.1201,12960468969644381222
fusion16_w,2048,11,47.9080,12960468969644381222
fusion16_w,2048,12,48.9334,12960468969644381222
fusion16_w,2048,13,48.9044,12960468969644381222
fusion16_w,2048,14,48.1339,12960468969644381222
sorted_array,4096,0,7.1365,4803135936880507992
sorted_array,4096,1,7.1548,4803135936880507992
sorted_array,4096,2,7.1304,4803135936880507992
sorted_array,4096,3,7.1304,4803135936880507992
sorted_array,4096,4,7.1548,4803135936880507992
sorted_array,4096,5,7.1335,4803135936880507992
sorted_array,4096,6,7.1533,4803135936880507992
sorted_array,4096,7,7.1503,4803135936880507992
sorted_array,4096,8,7.8110,4803135936880507992
sorted_array,4096,9,7.3242,4803135936880507992
sorted_array,4096,10,7.1274,4803135936880507992
sorted_array,4096,11,7.1304,4803135936880507992
sorted_array,4096,12,7.1915,4803135936880507992
sorted_array,4096,13,7.1625,4803135936880507992
sorted_array,4096,14,7.1259,4803135936880507992
btree8,4096,0,33.4305,4803135936880507992
btree8,4096,1,33.1604,4803135936880507992
btree8,4096,2,32.7682,4803135936880507992
btree8,4096,3,33.1497,4803135936880507992
btree8,4096,4,33.0780,4803135936880507992
btree8,4096,5,33.0948,4803135936880507992
btree8,4096,6,33.3069,4803135936880507992
btree8,4096,7,33.0994,4803135936880507992
btree8,4096,8,33.8821,4803135936880507992
btree8,4096,9,32.7911,4803135936880507992
btree8,4096,10,33.0658,4803135936880507992
btree8,4096,11,33.0841,4803135936880507992
btree8,4096,12,32.9117,4803135936880507992
btree8,4096,13,32.9865,4803135936880507992
btree8,4096,14,33.2062,4803135936880507992
btree8_bl,4096,0,13.7253,4803135936880507992
btree8_bl,4096,1,13.4445,4803135936880507992
btree8_bl,4096,2,13.4232,4803135936880507992
btree8_bl,4096,3,13.3682,4803135936880507992
btree8_bl,4096,4,13.3560,4803135936880507992
btree8_bl,4096,5,13.2797,4803135936880507992
btree8_bl,4096,6,13.2843,4803135936880507992
btree8_bl,4096,7,13.2584,4803135936880507992
btree8_bl,4096,8,13.2660,4803135936880507992
btree8_bl,4096,9,13.2172,4803135936880507992
btree8_bl,4096,10,13.2462,4803135936880507992
btree8_bl,4096,11,13.1912,4803135936880507992
btree8_bl,4096,12,13.2446,4803135936880507992
btree8_bl,4096,13,13.2233,4803135936880507992
btree8_bl,4096,14,13.3575,4803135936880507992
btree8_a64,4096,0,32.0282,4803135936880507992
btree8_a64,4096,1,31.1615,4803135936880507992
btree8_a64,4096,2,30.7266,4803135936880507992
btree8_a64,4096,3,30.6717,4803135936880507992
btree8_a64,4096,4,30.6839,4803135936880507992
btree8_a64,4096,5,30.7053,4803135936880507992
btree8_a64,4096,6,30.7434,4803135936880507992
btree8_a64,4096,7,31.3766,4803135936880507992
btree8_a64,4096,8,30.7175,4803135936880507992
btree8_a64,4096,9,30.6625,4803135936880507992
btree8_a64,4096,10,30.6931,4803135936880507992
btree8_a64,4096,11,30.6503,4803135936880507992
btree8_a64,4096,12,30.6549,4803135936880507992
btree8_a64,4096,13,30.6595,4803135936880507992
btree8_a64,4096,14,30.7007,4803135936880507992
btree8_bl_a64,4096,0,12.4954,4803135936880507992
btree8_bl_a64,4096,1,12.2223,4803135936880507992
btree8_bl_a64,4096,2,12.2757,4803135936880507992
btree8_bl_a64,4096,3,12.2055,4803135936880507992
btree8_bl_a64,4096,4,12.1933,4803135936880507992
btree8_bl_a64,4096,5,12.1063,4803135936880507992
btree8_bl_a64,4096,6,12.1033,4803135936880507992
btree8_bl_a64,4096,7,12.0850,4803135936880507992
btree8_bl_a64,4096,8,12.1216,4803135936880507992
btree8_bl_a64,4096,9,12.0438,4803135936880507992
btree8_bl_a64,4096,10,12.0377,4803135936880507992
btree8_bl_a64,4096,11,12.0819,4803135936880507992
btree8_bl_a64,4096,12,12.0453,4803135936880507992
btree8_bl_a64,4096,13,12.0956,4803135936880507992
btree8_bl_a64,4096,14,12.0361,4803135936880507992
btree16_bl_a64,4096,0,8.1955,4803135936880507992
btree16_bl_a64,4096,1,8.0246,4803135936880507992
btree16_bl_a64,4096,2,8.0460,4803135936880507992
btree16_bl_a64,4096,3,8.0643,4803135936880507992
btree16_bl_a64,4096,4,8.0460,4803135936880507992
btree16_bl_a64,4096,5,8.0002,4803135936880507992
btree16_bl_a64,4096,6,7.9865,4803135936880507992
btree16_bl_a64,4096,7,8.0002,4803135936880507992
btree16_bl_a64,4096,8,7.9712,4803135936880507992
btree16_bl_a64,4096,9,8.7479,4803135936880507992
btree16_bl_a64,4096,10,7.9529,4803135936880507992
btree16_bl_a64,4096,11,7.9758,4803135936880507992
btree16_bl_a64,4096,12,7.9468,4803135936880507992
btree16_bl_a64,4096,13,7.9346,4803135936880507992
btree16_bl_a64,4096,14,7.9666,4803135936880507992
fusion8,4096,0,51.5182,4803135936880507992
fusion8,4096,1,50.8347,4803135936880507992
fusion8,4096,2,50.5432,4803135936880507992
fusion8,4096,3,51.3611,4803135936880507992
fusion8,4096,4,50.3647,4803135936880507992
fusion8,4096,5,50.3052,4803135936880507992
fusion8,4096,6,50.3159,4803135936880507992
fusion8,4096,7,50.3937,4803135936880507992
fusion8,4096,8,50.7019,4803135936880507992
fusion8,4096,9,51.1353,4803135936880507992
fusion8,4096,10,50.3235,4803135936880507992
fusion8,4096,11,50.3220,4803135936880507992
fusion8,4096,12,50.8331,4803135936880507992
fusion8,4096,13,50.9232,4803135936880507992
fusion8,4096,14,50.5630,4803135936880507992
fusion8_bf,4096,0,55.1300,4803135936880507992
fusion8_bf,4096,1,54.4006,4803135936880507992
fusion8_bf,4096,2,54.3900,4803135936880507992
fusion8_bf,4096,3,55.1758,4803135936880507992
fusion8_bf,4096,4,54.6753,4803135936880507992
fusion8_bf,4096,5,54.2679,4803135936880507992
fusion8_bf,4096,6,54.2664,4803135936880507992
fusion8_bf,4096,7,55.2856,4803135936880507992
fusion8_bf,4096,8,54.4098,4803135936880507992
fusion8_bf,4096,9,54.6844,4803135936880507992
fusion8_bf,4096,10,54.3030,4803135936880507992
fusion8_bf,4096,11,54.4724,4803135936880507992
fusion8_bf,4096,12,55.3177,4803135936880507992
fusion8_bf,4096,13,54.6234,4803135936880507992
fusion8_bf,4096,14,54.4052,4803135936880507992
fusion8_c,4096,0,55.4123,4803135936880507992
fusion8_c,4096,1,56.3461,4803135936880507992
fusion8_c,4096,2,55.0842,4803135936880507992
fusion8_c,4096,3,55.0140,4803135936880507992
fusion8_c,4096,4,54.9789,4803135936880507992
fusion8_c,4096,5,55.2521,4803135936880507992
fusion8_c,4096,6,55.0415,4803135936880507992
fusion8_c,4096,7,54.9454,4803135936880507992
fusion8_c,4096,8,55.0308,4803135936880507992
fusion8_c,4096,9,55.5267,4803135936880507992
fusion8_c,4096,10,56.0593,4803135936880507992
fusion8_c,4096,11,55.1620,4803135936880507992
fusion8_c,4096,12,54.8798,4803135936880507992
fusion8_c,4096,13,54.9042,4803135936880507992
fusion8_c,4096,14,55.3207,4803135936880507992
fusion16_w,4096,0,48.1537,4803135936880507992
fusion16_w,4096,1,46.9299,4803135936880507992
fusion16_w,4096,2,46.8719,4803135936880507992
fusion16_w,4096,3,46.8460,4803135936880507992
fusion16_w,4096,4,47.8989,4803135936880507992
fusion16_w,4096,5,47.7951,4803135936880507992
fusion16_w,4096,6,46.9620,4803135936880507992
fusion16_w,4096,7,46.8567,4803135936880507992
fusion16_w,4096,8,46.7957,4803135936880507992
fusion16_w,4096,9,46.8903,4803135936880507992
fusion16_w,4096,10,47.7310,4803135936880507992
fusion16_w,4096,11,46.8536,4803135936880507992
fusion16_w,4096,12,46.8521,4803135936880507992
fusion16_w,4096,13,46.8719,4803135936880507992
fusion16_w,4096,14,46.9330,4803135936880507992
sorted_array,8192,0,8.9157,159033305566865313
sorted_array,8192,1,8.9600,159033305566865313
sorted_array,8192,2,9.0942,159033305566865313
sorted_array,8192,3,8.9905,159033305566865313
sorted_array,8192,4,8.9935,159033305566865313
sorted_array,8192,5,8.9462,159033305566865313
sorted_array,8192,6,8.9447,159033305566865313
sorted_array,8192,7,9.0302,159033305566865313
sorted_array,8192,8,8.9447,159033305566865313
sorted_array,8192,9,8.9355,159033305566865313
sorted_array,8192,10,8.9706,159033305566865313
sorted_array,8192,11,8.9432,159033305566865313
sorted_array,8192,12,8.9432,159033305566865313
sorted_array,8192,13,8.9325,159033305566865313
sorted_array,8192,14,8.9722,159033305566865313
btree8,8192,0,36.6745,159033305566865313
btree8,8192,1,35.6766,159033305566865313
btree8,8192,2,36.1908,159033305566865313
btree8,8192,3,36.3403,159033305566865313
btree8,8192,4,36.1298,159033305566865313
btree8,8192,5,36.2167,159033305566865313
btree8,8192,6,36.1816,159033305566865313
btree8,8192,7,36.1130,159033305566865313
btree8,8192,8,36.1664,159033305566865313
btree8,8192,9,36.0977,159033305566865313
btree8,8192,10,37.6694,159033305566865313
btree8,8192,11,36.4014,159033305566865313
btree8,8192,12,35.9665,159033305566865313
btree8,8192,13,35.2966,159033305566865313
btree8,8192,14,35.9772,159033305566865313
btree8_bl,8192,0,22.5327,159033305566865313
btree8_bl,8192,1,21.5378,159033305566865313
btree8_bl,8192,2,21.4584,159033305566865313
btree8_bl,8192,3,21.3242,159033305566865313
btree8_bl,8192,4,21.2784,159033305566865313
btree8_bl,8192,5,21.2799,159033305566865313
btree8_bl,8192,6,21.2860,159033305566865313
btree8_bl,8192,7,21.2250,159033305566865313
btree8_bl,8192,8,21.2234,159033305566865313
btree8_bl,8192,9,21.2463,159033305566865313
btree8_bl,8192,10,21.1792,159033305566865313
btree8_bl,8192,11,21.1700,159033305566865313
btree8_bl,8192,12,21.1395,159033305566865313
btree8_bl,8192,13,21.1487,159033305566865313
btree8_bl,8192,14,21.9482,159033305566865313
btree8_a64,8192,0,35.4401,159033305566865313
btree8_a64,8192,1,34.0134,159033305566865313
btree8_a64,8192,2,33.6945,159033305566865313
btree8_a64,8192,3,33.7280,159033305566865313
btree8_a64,8192,4,33.7204,159033305566865313
btree8_a64,8192,5,33.7509,159033305566865313
btree8_a64,8192,6,33.8272,159033305566865313
btree8_a64,8192,7,34.4116,159033305566865313
btree8_a64,8192,8,34.3216,159033305566865313
btree8_a64,8192,9,34.0439,159033305566865313
btree8_a64,8192,10,33.6014,159033305566865313
btree8_a64,8192,11,33.6426,159033305566865313
btree8_a64,8192,12,34.3033,159033305566865313
btree8_a64,8192,13,33.6685,159033305566865313
btree8_a64,8192,14,34.2972,159033305566865313
btree8_bl_a64,8192,0,20.4712,159033305566865313
btree8_bl_a64,8192,1,18.8156,159033305566865313
btree8_bl_a64,8192,2,18.7927,159033305566865313
btree8_bl_a64,8192,3,18.7469,159033305566865313
btree8_bl_a64,8192,4,18.7027,159033305566865313
btree8_bl_a64,8192,5,18.7531,159033305566865313
btree8_bl_a64,8192,6,18.6646,159033305566865313
btree8_bl_a64,8192,7,18.7500,159033305566865313
btree8_bl_a64,8192,8,18.7042,159033305566865313
btree8_bl_a64,8192,9,18.8202,159033305566865313
btree8_bl_a64,8192,10,18.7180,159033305566865313
btree8_bl_a64,8192,11,19.0155,159033305566865313
btree8_bl_a64,8192,12,19.0445,159033305566865313
btree8_bl_a64,8192,13,18.6981,159033305566865313
btree8_bl_a64,8192,14,18.7012,159033305566865313
btree16_bl_a64,8192,0,24.5422,159033305566865313
btree16_bl_a64,8192,1,22.3221,159033305566865313
btree16_bl_a64,8192,2,22.2580,159033305566865313
btree16_bl_a64,8192,3,22.3541,159033305566865313
btree16_bl_a64,8192,4,22.1924,159033305566865313
btree16_bl_a64,8192,5,22.0551,159033305566865313
btree16_bl_a64,8192,6,21.9177,159033305566865313
btree16_bl_a64,8192,7,22.7631,159033305566865313
btree16_bl_a64,8192,8,22.0016,159033305566865313
btree16_bl_a64,8192,9,21.9315,159033305566865313
btree16_bl_a64,8192,10,21.8750,159033305566865313
btree16_bl_a64,8192,11,21.8536,159033305566865313
btree16_bl_a64,8192,12,21.8964,159033305566865313
btree16_bl_a64,8192,13,21.8765,159033305566865313
btree16_bl_a64,8192,14,21.7957,159033305566865313
fusion8,8192,0,59.0378,159033305566865313
fusion8,8192,1,57.3410,159033305566865313
fusion8,8192,2,57.0496,159033305566865313
fusion8,8192,3,56.7764,159033305566865313
fusion8,8192,4,56.5903,159033305566865313
fusion8,8192,5,57.5500,159033305566865313
fusion8,8192,6,56.6483,159033305566865313
fusion8,8192,7,56.6299,159033305566865313
fusion8,8192,8,56.7047,159033305566865313
fusion8,8192,9,56.7108,159033305566865313
fusion8,8192,10,56.7139,159033305566865313
fusion8,8192,11,56.6360,159033305566865313
fusion8,8192,12,56.6650,159033305566865313
fusion8,8192,13,57.4234,159033305566865313
fusion8,8192,14,56.6254,159033305566865313
fusion8_bf,8192,0,68.4052,159033305566865313
fusion8_bf,8192,1,65.2344,159033305566865313
fusion8_bf,8192,2,65.1459,159033305566865313
fusion8_bf,8192,3,65.7410,159033305566865313
fusion8_bf,8192,4,65.4648,159033305566865313
fusion8_bf,8192,5,65.0574,159033305566865313
fusion8_bf,8192,6,65.1657,159033305566865313
fusion8_bf,8192,7,65.0574,159033305566865313
fusion8_bf,8192,8,65.0421,159033305566865313
fusion8_bf,8192,9,65.0909,159033305566865313
fusion8_bf,8192,10,65.7135,159033305566865313
fusion8_bf,8192,11,65.3824,159033305566865313
fusion8_bf,8192,12,65.0146,159033305566865313
fusion8_bf,8192,13,65.1062,159033305566865313
fusion8_bf,8192,14,66.5771,159033305566865313
fusion8_c,8192,0,66.6779,159033305566865313
fusion8_c,8192,1,64.2731,159033305566865313
fusion8_c,8192,2,64.4577,159033305566865313
fusion8_c,8192,3,64.1861,159033305566865313
fusion8_c,8192,4,64.1815,159033305566865313
fusion8_c,8192,5,64.1403,159033305566865313
fusion8_c,8192,6,65.0421,159033305566865313
fusion8_c,8192,7,64.1388,159033305566865313
fusion8_c,8192,8,64.1220,159033305566865313
fusion8_c,8192,9,64.1434,159033305566865313
fusion8_c,8192,10,64.4150,159033305566865313
fusion8_c,8192,11,64.1937,159033305566865313
fusion8_c,8192,12,64.1312,159033305566865313
fusion8_c,8192,13,64.1357,159033305566865313
fusion8_c,8192,14,65.4144,159033305566865313
fusion16_w,8192,0,68.0038,159033305566865313
fusion16_w,8192,1,66.7618,159033305566865313
fusion16_w,8192,2,66.9006,159033305566865313
fusion16_w,8192,3,68.2846,159033305566865313
fusion16_w,8192,4,66.9983,159033305566865313
fusion16_w,8192,5,66.9159,159033305566865313
fusion16_w,8192,6,67.7689,159033305566865313
fusion16_w,8192,7,66.8152,159033305566865313
fusion16_w,8192,8,66.6901,159033305566865313
fusion16_w,8192,9,66.8350,159033305566865313
fusion16_w,8192,10,66.7801,159033305566865313
fusion16_w,8192,11,66.8198,159033305566865313
fusion16_w,8192,12,66.8396,159033305566865313
fusion16_w,8192,13,67.6147,159033305566865313
fusion16_w,8192,14,66.6763,159033305566865313
sorted_array,16384,0,11.7218,9658500957361859441
sorted_array,16384,1,11.5768,9658500957361859441
sorted_array,16384,2,11.5234,9658500957361859441
sorted_array,16384,3,11.5936,9658500957361859441
sorted_array,16384,4,11.5936,9658500957361859441
sorted_array,16384,5,11.5356,9658500957361859441
sorted_array,16384,6,11.5692,9658500957361859441
sorted_array,16384,7,11.5494,9658500957361859441
sorted_array,16384,8,11.5707,9658500957361859441
sorted_array,16384,9,11.5433,9658500957361859441
sorted_array,16384,10,11.5555,9658500957361859441
sorted_array,16384,11,11.5387,9658500957361859441
sorted_array,16384,12,11.5433,9658500957361859441
sorted_array,16384,13,11.5723,9658500957361859441
sorted_array,16384,14,11.5295,9658500957361859441
btree8,16384,0,47.6288,9658500957361859441
btree8,16384,1,45.4880,9658500957361859441
btree8,16384,2,46.4737,9658500957361859441
btree8,16384,3,45.6039,9658500957361859441
btree8,16384,4,45.6467,9658500957361859441
btree8,16384,5,45.3781,9658500957361859441
btree8,16384,6,45.3384,9658500957361859441
btree8,16384,7,45.7840,9658500957361859441
btree8,16384,8,46.3333,9658500957361859441
btree8,16384,9,45.2972,9658500957361859441
btree8,16384,10,45.5521,9658500957361859441
btree8,16384,11,45.2301,9658500957361859441
btree8,16384,12,45.4803,9658500957361859441
btree8,16384,13,46.2326,9658500957361859441
btree8,16384,14,45.5017,9658500957361859441
btree8_bl,16384,0,30.0018,9658500957361859441
btree8_bl,16384,1,26.5213,9658500957361859441
btree8_bl,16384,2,26.2924,9658500957361859441
btree8_bl,16384,3,26.1917,9658500957361859441
btree8_bl,16384,4,26.1536,9658500957361859441
btree8_bl,16384,5,26.1948,9658500957361859441
btree8_bl,16384,6,26.6525,9658500957361859441
btree8_bl,16384,7,27.2003,9658500957361859441
btree8_bl,16384,8,25.8118,9658500957361859441
btree8_bl,16384,9,25.8881,9658500957361859441
btree8_bl,16384,10,25.8804,9658500957361859441
btree8_bl,16384,11,25.8865,9658500957361859441
btree8_bl,16384,12,25.9293,9658500957361859441
btree8_bl,16384,13,25.9140,9658500957361859441
btree8_bl,16384,14,25.9048,9658500957361859441
btree8_a64,16384,0,48.2498,9658500957361859441
btree8_a64,16384,1,43.9682,9658500957361859441
btree8_a64,16384,2,43.9651,9658500957361859441
btree8_a64,16384,3,44.0964,9658500957361859441
btree8_a64,16384,4,44.0735,9658500957361859441
btree8_a64,16384,5,44.2535,9658500957361859441
btree8_a64,16384,6,44.3832,9658500957361859441
btree8_a64,16384,7,44.2352,9658500957361859441
btree8_a64,16384,8,44.4931,9658500957361859441
btree8_a64,16384,9,44.5251,9658500957361859441
btree8_a64,16384,10,44.1544,9658500957361859441
btree8_a64,16384,11,44.3054,9658500957361859441
btree8_a64,16384,12,44.0323,9658500957361859441
btree8_a64,16384,13,43.4097,9658500957361859441
btree8_a64,16384,14,43.4464,9658500957361859441
btree8_bl_a64,16384,0,27.6016,9658500957361859441
btree8_bl_a64,16384,1,23.7488,9658500957361859441
btree8_bl_a64,16384,2,24.2416,9658500957361859441
btree8_bl_a64,16384,3,23.5062,9658500957361859441
btree8_bl_a64,16384,4,23.3414,9658500957361859441
btree8_bl_a64,16384,5,23.2681,9658500957361859441
btree8_bl_a64,16384,6,23.2758,9658500957361859441
btree8_bl_a64,16384,7,23.2376,9658500957361859441
btree8_bl_a64,16384,8,23.2391,9658500957361859441
btree8_bl_a64,16384,9,23.3139,9658500957361859441
btree8_bl_a64,16384,10,23.2025,9658500957361859441
btree8_bl_a64,16384,11,23.1842,9658500957361859441
btree8_bl_a64,16384,12,23.2986,9658500957361859441
btree8_bl_a64,16384,13,23.6542,9658500957361859441
btree8_bl_a64,16384,14,23.5184,9658500957361859441
btree16_bl_a64,16384,0,22.3969,9658500957361859441
btree16_bl_a64,16384,1,18.8797,9658500957361859441
btree16_bl_a64,16384,2,18.7729,9658500957361859441
btree16_bl_a64,16384,3,18.6752,9658500957361859441
btree16_bl_a64,16384,4,18.8980,9658500957361859441
btree16_bl_a64,16384,5,18.8538,9658500957361859441
btree16_bl_a64,16384,6,18.5608,9658500957361859441
btree16_bl_a64,16384,7,18.5349,9658500957361859441
btree16_bl_a64,16384,8,18.5013,9658500957361859441
btree16_bl_a64,16384,9,18.4204,9658500957361859441
btree16_bl_a64,16384,10,18.9316,9658500957361859441
btree16_bl_a64,16384,11,18.9713,9658500957361859441
btree16_bl_a64,16384,12,18.6661,9658500957361859441
btree16_bl_a64,16384,13,18.4296,9658500957361859441
btree16_bl_a64,16384,14,18.4586,9658500957361859441
fusion8,16384,0,81.4362,9658500957361859441
fusion8,16384,1,70.6360,9658500957361859441
fusion8,16384,2,70.6299,9658500957361859441
fusion8,16384,3,70.5734,9658500957361859441
fusion8,16384,4,70.6696,9658500957361859441
fusion8,16384,5,72.0047,9658500957361859441
fusion8,16384,6,71.3135,9658500957361859441
fusion8,16384,7,70.9503,9658500957361859441
fusion8,16384,8,70.7047,9658500957361859441
fusion8,16384,9,70.5795,9658500957361859441
fusion8,16384,10,70.5826,9658500957361859441
fusion8,16384,11,70.5704,9658500957361859441
fusion8,16384,12,71.6309,9658500957361859441
fusion8,16384,13,70.4361,9658500957361859441
fusion8,16384,14,70.5460,9658500957361859441
fusion8_bf,16384,0,84.5825,9658500957361859441
fusion8_bf,16384,1,74.8962,9658500957361859441
fusion8_bf,16384,2,74.3393,9658500957361859441
fusion8_bf,16384,3,75.0320,9658500957361859441
fusion8_bf,16384,4,74.7253,9658500957361859441
fusion8_bf,16384,5,74.4293,9658500957361859441
fusion8_bf,16384,6,74.2737,9658500957361859441
fusion8_bf,16384,7,74.4461,9658500957361859441
fusion8_bf,16384,8,75.7614,9658500957361859441
fusion8_bf,16384,9,74.3088,9658500957361859441
fusion8_bf,16384,10,74.6002,9658500957361859441
fusion8_bf,16384,11,74.3073,9658500957361859441
fusion8_bf,16384,12,74.1730,9658500957361859441
fusion8_bf,16384,13,74.2386,9658500957361859441
fusion8_bf,16384,14,75.1938,9658500957361859441
fusion8_c,16384,0,80.0705,9658500957361859441
fusion8_c,16384,1,73.0637,9658500957361859441
fusion8_c,16384,2,73.8632,9658500957361859441
fusion8_c,16384,3,72.9034,9658500957361859441
fusion8_c,16384,4,73.0133,9658500957361859441
fusion8_c,16384,5,73.0484,9658500957361859441
fusion8_c,16384,6,72.9080,9658500957361859441
fusion8_c,16384,7,73.0042,9658500957361859441
fusion8_c,16384,8,74.1684,9658500957361859441
fusion8_c,16384,9,74.0616,9658500957361859441
fusion8_c,16384,10,73.0164,9658500957361859441
fusion8_c,16384,11,72.9935,9658500957361859441
fusion8_c,16384,12,73.9441,9658500957361859441
fusion8_c,16384,13,72.9385,9658500957361859441
fusion8_c,16384,14,72.9752,9658500957361859441
fusion16_w,16384,0,80.2078,9658500957361859441
fusion16_w,16384,1,72.3587,9658500957361859441
fusion16_w,16384,2,71.5958,9658500957361859441
fusion16_w,16384,3,72.9691,9658500957361859441
fusion16_w,16384,4,72.0123,9658500957361859441
fusion16_w,16384,5,71.6293,9658500957361859441
fusion16_w,16384,6,71.5805,9658500957361859441
fusion16_w,16384,7,71.7087,9658500957361859441
fusion16_w,16384,8,71.7697,9658500957361859441
fusion16_w,16384,9,71.5393,9658500957361859441
fusion16_w,16384,10,73.1949,9658500957361859441
fusion16_w,16384,11,71.5271,9658500957361859441
fusion16_w,16384,12,71.4920,9658500957361859441
fusion16_w,16384,13,71.7911,9658500957361859441
fusion16_w,16384,14,72.6547,9658500957361859441
sorted_array,32768,0,15.5457,11629335647243425761
sorted_array,32768,1,15.9470,11629335647243425761
sorted_array,32768,2,15.1932,11629335647243425761
sorted_array,32768,3,15.1733,11629335647243425761
sorted_array,32768,4,15.1276,11629335647243425761
sorted_array,32768,5,15.1642,11629335647243425761
sorted_array,32768,6,15.1749,11629335647243425761
sorted_array,32768,7,15.1596,11629335647243425761
sorted_array,32768,8,15.2237,11629335647243425761
sorted_array,32768,9,15.1947,11629335647243425761
sorted_array,32768,10,15.1901,11629335647243425761
sorted_array,32768,11,15.2222,11629335647243425761
sorted_array,32768,12,15.1520,11629335647243425761
sorted_array,32768,13,15.2039,11629335647243425761
sorted_array,32768,14,15.1459,11629335647243425761
btree8,32768,0,48.1476,11629335647243425761
btree8,32768,1,46.8781,11629335647243425761
btree8,32768,2,46.0815,11629335647243425761
btree8,32768,3,45.9320,11629335647243425761
btree8,32768,4,46.0022,11629335647243425761
btree8,32768,5,45.5353,11629335647243425761
btree8,32768,6,47.2382,11629335647243425761
btree8,32768,7,46.2555,11629335647243425761
btree8,32768,8,45.5124,11629335647243425761
btree8,32768,9,45.6421,11629335647243425761
btree8,32768,10,45.8603,11629335647243425761
btree8,32768,11,45.9320,11629335647243425761
btree8,32768,12,45.8603,11629335647243425761
btree8,32768,13,46.9849,11629335647243425761
btree8,32768,14,46.4828,11629335647243425761
btree8_bl,32768,0,23.5077,11629335647243425761
btree8_bl,32768,1,21.0709,11629335647243425761
btree8_bl,32768,2,20.7443,11629335647243425761
btree8_bl,32768,3,20.5490,11629335647243425761
btree8_bl,32768,4,20.8191,11629335647243425761
btree8_bl,32768,5,20.7153,11629335647243425761
btree8_bl,32768,6,20.6360,11629335647243425761
btree8_bl,32768,7,20.2103,11629335647243425761
btree8_bl,32768,8,20.2179,11629335647243425761
btree8_bl,32768,9,20.1813,11629335647243425761
btree8_bl,32768,10,20.1584,11629335647243425761
btree8_bl,32768,11,20.1645,11629335647243425761
btree8_bl,32768,12,20.1462,11629335647243425761
btree8_bl,32768,13,20.1889,11629335647243425761
btree8_bl,32768,14,20.1294,11629335647243425761
btree8_a64,32768,0,48.6771,11629335647243425761
btree8_a64,32768,1,45.0348,11629335647243425761
btree8_a64,32768,2,44.0125,11629335647243425761
btree8_a64,32768,3,44.1788,11629335647243425761
btree8_a64,32768,4,43.9087,11629335647243425761
btree8_a64,32768,5,44.1467,11629335647243425761
btree8_a64,32768,6,44.3970,11629335647243425761
btree8_a64,32768,7,43.8477,11629335647243425761
btree8_a64,32768,8,43.8049,11629335647243425761
btree8_a64,32768,9,43.8492,11629335647243425761
btree8_a64,32768,10,43.7637,11629335647243425761
btree8_a64,32768,11,45.1233,11629335647243425761
btree8_a64,32768,12,43.8690,11629335647243425761
btree8_a64,32768,13,43.7576,11629335647243425761
btree8_a64,32768,14,43.7912,11629335647243425761
btree8_bl_a64,32768,0,24.8795,11629335647243425761
btree8_bl_a64,32768,1,18.4998,11629335647243425761
btree8_bl_a64,32768,2,18.3670,11629335647243425761
btree8_bl_a64,32768,3,18.3197,11629335647243425761
btree8_bl_a64,32768,4,18.4402,11629335647243425761
btree8_bl_a64,32768,5,18.2175,11629335647243425761
btree8_bl_a64,32768,6,18.2693,11629335647243425761
btree8_bl_a64,32768,7,18.2175,11629335647243425761
btree8_bl_a64,32768,8,18.2449,11629335647243425761
btree8_bl_a64,32768,9,18.2068,11629335647243425761
btree8_bl_a64,32768,10,18.1442,11629335647243425761
btree8_bl_a64,32768,11,18.1900,11629335647243425761
btree8_bl_a64,32768,12,18.1671,11629335647243425761
btree8_bl_a64,32768,13,18.1656,11629335647243425761
btree8_bl_a64,32768,14,18.1274,11629335647243425761
btree16_bl_a64,32768,0,17.6590,11629335647243425761
btree16_bl_a64,32768,1,15.3580,11629335647243425761
btree16_bl_a64,32768,2,16.1499,11629335647243425761
btree16_bl_a64,32768,3,15.3625,11629335647243425761
btree16_bl_a64,32768,4,15.5106,11629335647243425761
btree16_bl_a64,32768,5,15.3198,11629335647243425761
btree16_bl_a64,32768,6,15.2420,11629335647243425761
btree16_bl_a64,32768,7,15.2374,11629335647243425761
btree16_bl_a64,32768,8,15.2100,11629335647243425761
btree16_bl_a64,32768,9,15.2374,11629335647243425761
btree16_bl_a64,32768,10,15.2496,11629335647243425761
btree16_bl_a64,32768,11,15.1947,11629335647243425761
btree16_bl_a64,32768,12,15.1886,11629335647243425761
btree16_bl_a64,32768,13,15.1535,11629335647243425761
btree16_bl_a64,32768,14,15.1962,11629335647243425761
fusion8,32768,0,79.1718,11629335647243425761
fusion8,32768,1,73.0148,11629335647243425761
fusion8,32768,2,73.1293,11629335647243425761
fusion8,32768,3,73.8373,11629335647243425761
fusion8,32768,4,74.1669,11629335647243425761
fusion8,32768,5,72.9767,11629335647243425761
fusion8,32768,6,72.9462,11629335647243425761
fusion8,32768,7,74.0433,11629335647243425761
fusion8,32768,8,73.2590,11629335647243425761
fusion8,32768,9,72.9538,11629335647243425761
fusion8,32768,10,74.6490,11629335647243425761
fusion8,32768,11,73.4589,11629335647243425761
fusion8,32768,12,72.9874,11629335647243425761
fusion8,32768,13,73.0728,11629335647243425761
fusion8,32768,14,72.9340,11629335647243425761
fusion8_bf,32768,0,88.4186,11629335647243425761
fusion8_bf,32768,1,78.2578,11629335647243425761
fusion8_bf,32768,2,78.0807,11629335647243425761
fusion8_bf,32768,3,77.2095,11629335647243425761
fusion8_bf,32768,4,77.3010,11629335647243425761
fusion8_bf,32768,5,77.3941,11629335647243425761
fusion8_bf,32768,6,77.3727,11629335647243425761
fusion8_bf,32768,7,78.2150,11629335647243425761
fusion8_bf,32768,8,77.2049,11629335647243425761
fusion8_bf,32768,9,77.0691,11629335647243425761
fusion8_bf,32768,10,77.0248,11629335647243425761
fusion8_bf,32768,11,77.1133,11629335647243425761
fusion8_bf,32768,12,77.0676,11629335647243425761
fusion8_bf,32768,13,77.0966,11629335647243425761
fusion8_bf,32768,14,78.0319,11629335647243425761
fusion8_c,32768,0,83.9096,11629335647243425761
fusion8_c,32768,1,79.4022,11629335647243425761
fusion8_c,32768,2,76.4923,11629335647243425761
fusion8_c,32768,3,76.1566,11629335647243425761
fusion8_c,32768,4,76.1230,11629335647243425761
fusion8_c,32768,5,77.5284,11629335647243425761
fusion8_c,32768,6,76.9882,11629335647243425761
fusion8_c,32768,7,76.0239,11629335647243425761
fusion8_c,32768,8,76.6907,11629335647243425761
fusion8_c,32768,9,77.1896,11629335647243425761
fusion8_c,32768,10,75.9933,11629335647243425761
fusion8_c,32768,11,75.9262,11629335647243425761
fusion8_c,32768,12,76.1230,11629335647243425761
fusion8_c,32768,13,75.9521,11629335647243425761
fusion8_c,32768,14,75.9277,11629335647243425761
fusion16_w,32768,0,82.5195,11629335647243425761
fusion16_w,32768,1,74.1547,11629335647243425761
fusion16_w,32768,2,74.1409,11629335647243425761
fusion16_w,32768,3,74.7223,11629335647243425761
fusion16_w,32768,4,74.0616,11629335647243425761
fusion16_w,32768,5,74.3958,11629335647243425761
fusion16_w,32768,6,74.7223,11629335647243425761
fusion16_w,32768,7,74.0128,11629335647243425761
fusion16_w,32768,8,74.0921,11629335647243425761
fusion16_w,32768,9,74.2035,11629335647243425761
fusion16_w,32768,10,75.3326,11629335647243425761
fusion16_w,32768,11,74.0265,11629335647243425761
fusion16_w,32768,12,74.0250,11629335647243425761
fusion16_w,32768,13,76.0590,11629335647243425761
fusion16_w,32768,14,73.9609,11629335647243425761
sorted_array,65536,0,20.9946,5722582458615733357
sorted_array,65536,1,20.2026,5722582458615733357
sorted_array,65536,2,20.2560,5722582458615733357
sorted_array,65536,3,21.1548,5722582458615733357
sorted_array,65536,4,20.3751,5722582458615733357
sorted_array,65536,5,20.4529,5722582458615733357
sorted_array,65536,6,20.0226,5722582458615733357
sorted_array,65536,7,19.9753,5722582458615733357
sorted_array,65536,8,20.2408,5722582458615733357
sorted_array,65536,9,19.9295,5722582458615733357
sorted_array,65536,10,19.9356,5722582458615733357
sorted_array,65536,11,19.9783,5722582458615733357
sorted_array,65536,12,19.9326,5722582458615733357
sorted_array,65536,13,20.0058,5722582458615733357
sorted_array,65536,14,19.9554,5722582458615733357
btree8,65536,0,57.1304,5722582458615733357
btree8,65536,1,52.8336,5722582458615733357
btree8,65536,2,52.3727,5722582458615733357
btree8,65536,3,52.4734,5722582458615733357
btree8,65536,4,53.3646,5722582458615733357
btree8,65536,5,53.0640,5722582458615733357
btree8,65536,6,52.4246,5722582458615733357
btree8,65536,7,51.9119,5722582458615733357
btree8,65536,8,52.5314,5722582458615733357
btree8,65536,9,52.9526,5722582458615733357
btree8,65536,10,52.9953,5722582458615733357
btree8,65536,11,52.4063,5722582458615733357
btree8,65536,12,52.6688,5722582458615733357
btree8,65536,13,52.2446,5722582458615733357
btree8,65536,14,52.5314,5722582458615733357
btree8_bl,65536,0,28.7140,5722582458615733357
btree8_bl,65536,1,22.2092,5722582458615733357
btree8_bl,65536,2,22.1069,5722582458615733357
btree8_bl,65536,3,22.0764,5722582458615733357
btree8_bl,65536,4,22.0703,5722582458615733357
btree8_bl,65536,5,22.0383,5722582458615733357
btree8_bl,65536,6,21.9818,5722582458615733357
btree8_bl,65536,7,21.9849,5722582458615733357
btree8_bl,65536,8,22.6822,5722582458615733357
btree8_bl,65536,9,22.3358,5722582458615733357
btree8_bl,65536,10,21.9376,5722582458615733357
btree8_bl,65536,11,21.9803,5722582458615733357
btree8_bl,65536,12,21.9772,5722582458615733357
btree8_bl,65536,13,21.9620,5722582458615733357
btree8_bl,65536,14,21.9681,5722582458615733357
btree8_a64,65536,0,56.5887,5722582458615733357
btree8_a64,65536,1,49.9008,5722582458615733357
btree8_a64,65536,2,49.9786,5722582458615733357
btree8_a64,65536,3,49.7528,5722582458615733357
btree8_a64,65536,4,49.7147,5722582458615733357
btree8_a64,65536,5,49.7192,5722582458615733357
btree8_a64,65536,6,50.6912,5722582458615733357
btree8_a64,65536,7,49.6933,5722582458615733357
btree8_a64,65536,8,49.6841,5722582458615733357
btree8_a64,65536,9,49.6719,5722582458615733357
btree8_a64,65536,10,49.6582,5722582458615733357
btree8_a64,65536,11,49.8077,5722582458615733357
btree8_a64,65536,12,50.2182,5722582458615733357
btree8_a64,65536,13,49.6765,5722582458615733357
btree8_a64,65536,14,49.6307,5722582458615733357
btree8_bl_a64,65536,0,25.6058,5722582458615733357
btree8_bl_a64,65536,1,20.8771,5722582458615733357
btree8_bl_a64,65536,2,20.7657,5722582458615733357
btree8_bl_a64,65536,3,21.3852,5722582458615733357
btree8_bl_a64,65536,4,21.3043,5722582458615733357
btree8_bl_a64,65536,5,21.0327,5722582458615733357
btree8_bl_a64,65536,6,20.8572,5722582458615733357
btree8_bl_a64,65536,7,20.6650,5722582458615733357
btree8_bl_a64,65536,8,20.7031,5722582458615733357
btree8_bl_a64,65536,9,20.6757,5722582458615733357
btree8_bl_a64,65536,10,20.7550,5722582458615733357
btree8_bl_a64,65536,11,20.6879,5722582458615733357
btree8_bl_a64,65536,12,20.6161,5722582458615733357
btree8_bl_a64,65536,13,20.5429,5722582458615733357
btree8_bl_a64,65536,14,20.5704,5722582458615733357
btree16_bl_a64,65536,0,18.7668,5722582458615733357
btree16_bl_a64,65536,1,14.2700,5722582458615733357
btree16_bl_a64,65536,2,14.2807,5722582458615733357
btree16_bl_a64,65536,3,14.3890,5722582458615733357
btree16_bl_a64,65536,4,14.1907,5722582458615733357
btree16_bl_a64,65536,5,14.0335,5722582458615733357
btree16_bl_a64,65536,6,14.0976,5722582458615733357
btree16_bl_a64,65536,7,13.9984,5722582458615733357
btree16_bl_a64,65536,8,14.0015,5722582458615733357
btree16_bl_a64,65536,9,14.0335,5722582458615733357
btree16_bl_a64,65536,10,14.0060,5722582458615733357
btree16_bl_a64,65536,11,14.0121,5722582458615733357
btree16_bl_a64,65536,12,13.9481,5722582458615733357
btree16_bl_a64,65536,13,13.9786,5722582458615733357
btree16_bl_a64,65536,14,13.9511,5722582458615733357
fusion8,65536,0,90.7959,5722582458615733357
fusion8,65536,1,77.7145,5722582458615733357
fusion8,65536,2,77.3804,5722582458615733357
fusion8,65536,3,77.3651,5722582458615733357
fusion8,65536,4,77.4033,5722582458615733357
fusion8,65536,5,78.2898,5722582458615733357
fusion8,65536,6,77.8870,5722582458615733357
fusion8,65536,7,77.9755,5722582458615733357
fusion8,65536,8,77.1851,5722582458615733357
fusion8,65536,9,77.0767,5722582458615733357
fusion8,65536,10,77.2415,5722582458615733357
fusion8,65536,11,77.1103,5722582458615733357
fusion8,65536,12,78.2578,5722582458615733357
fusion8,65536,13,77.2720,5722582458615733357
fusion8,65536,14,77.1912,5722582458615733357
fusion8_bf,65536,0,102.5330,5722582458615733357
fusion8_bf,65536,1,84.8557,5722582458615733357
fusion8_bf,65536,2,83.8333,5722582458615733357
fusion8_bf,65536,3,83.8425,5722582458615733357
fusion8_bf,65536,4,83.7860,5722582458615733357
fusion8_bf,65536,5,83.9920,5722582458615733357
fusion8_bf,65536,6,83.9752,5722582458615733357
fusion8_bf,65536,7,83.7067,5722582458615733357
fusion8_bf,65536,8,83.6365,5722582458615733357
fusion8_bf,65536,9,86.2976,5722582458615733357
fusion8_bf,65536,10,83.7982,5722582458615733357
fusion8_bf,65536,11,83.6746,5722582458615733357
fusion8_bf,65536,12,83.8348,5722582458615733357
fusion8_bf,65536,13,83.6761,5722582458615733357
fusion8_bf,65536,14,83.6563,5722582458615733357
fusion8_c,65536,0,102.1194,5722582458615733357
fusion8_c,65536,1,85.1776,5722582458615733357
fusion8_c,65536,2,86.2350,5722582458615733357
fusion8_c,65536,3,85.1288,5722582458615733357
fusion8_c,65536,4,85.1730,5722582458615733357
fusion8_c,65536,5,85.2173,5722582458615733357
fusion8_c,65536,6,85.0952,5722582458615733357
fusion8_c,65536,7,85.0525,5722582458615733357
fusion8_c,65536,8,85.9528,5722582458615733357
fusion8_c,65536,9,85.0586,5722582458615733357
fusion8_c,65536,10,85.0311,5722582458615733357
fusion8_c,65536,11,86.0504,5722582458615733357
fusion8_c,65536,12,85.0632,5722582458615733357
fusion8_c,65536,13,84.9915,5722582458615733357
fusion8_c,65536,14,86.2717,5722582458615733357
fusion16_w,65536,0,77.9205,5722582458615733357
fusion16_w,65536,1,72.7676,5722582458615733357
fusion16_w,65536,2,72.7432,5722582458615733357
fusion16_w,65536,3,72.7478,5722582458615733357
fusion16_w,65536,4,72.6471,5722582458615733357
fusion16_w,65536,5,73.7549,5722582458615733357
fusion16_w,65536,6,72.8500,5722582458615733357
fusion16_w,65536,7,72.7768,5722582458615733357
fusion16_w,65536,8,72.8424,5722582458615733357
fusion16_w,65536,9,73.9502,5722582458615733357
fusion16_w,65536,10,73.1003,5722582458615733357
fusion16_w,65536,11,73.5840,5722582458615733357
fusion16_w,65536,12,73.3093,5722582458615733357
fusion16_w,65536,13,73.0988,5722582458615733357
fusion16_w,65536,14,72.7325,5722582458615733357
sorted_array,131072,0,28.4546,15368517120400912463
sorted_array,131072,1,26.3138,15368517120400912463
sorted_array,131072,2,26.2634,15368517120400912463
sorted_array,131072,3,26.2558,15368517120400912463
sorted_array,131072,4,26.2863,15368517120400912463
sorted_array,131072,5,26.3504,15368517120400912463
sorted_array,131072,6,26.4053,15368517120400912463
sorted_array,131072,7,26.2894,15368517120400912463
sorted_array,131072,8,26.5045,15368517120400912463
sorted_array,131072,9,26.2695,15368517120400912463
sorted_array,131072,10,26.0345,15368517120400912463
sorted_array,131072,11,26.3870,15368517120400912463
sorted_array,131072,12,26.1398,15368517120400912463
sorted_array,131072,13,26.2680,15368517120400912463
sorted_array,131072,14,27.9724,15368517120400912463
btree8,131072,0,92.3416,15368517120400912463
btree8,131072,1,69.8273,15368517120400912463
btree8,131072,2,69.5297,15368517120400912463
btree8,131072,3,69.6289,15368517120400912463
btree8,131072,4,69.7983,15368517120400912463
btree8,131072,5,70.9015,15368517120400912463
btree8,131072,6,70.6177,15368517120400912463
btree8,131072,7,70.6970,15368517120400912463
btree8,131072,8,69.6106,15368517120400912463
btree8,131072,9,69.8380,15368517120400912463
btree8,131072,10,69.8807,15368517120400912463
btree8,131072,11,69.7235,15368517120400912463
btree8,131072,12,69.8364,15368517120400912463
btree8,131072,13,71.1899,15368517120400912463
btree8,131072,14,69.9036,15368517120400912463
btree8_bl,131072,0,63.7924,15368517120400912463
btree8_bl,131072,1,39.4760,15368517120400912463
btree8_bl,131072,2,39.5142,15368517120400912463
btree8_bl,131072,3,38.9359,15368517120400912463
btree8_bl,131072,4,38.8855,15368517120400912463
btree8_bl,131072,5,38.7772,15368517120400912463
btree8_bl,131072,6,38.9450,15368517120400912463
btree8_bl,131072,7,38.6932,15368517120400912463
btree8_bl,131072,8,39.4882,15368517120400912463
btree8_bl,131072,9,39.0152,15368517120400912463
btree8_bl,131072,10,38.6841,15368517120400912463
btree8_bl,131072,11,38.6536,15368517120400912463
btree8_bl,131072,12,38.6993,15368517120400912463
btree8_bl,131072,13,39.2548,15368517120400912463
btree8_bl,131072,14,39.3112,15368517120400912463
btree8_a64,131072,0,98.2346,15368517120400912463
btree8_a64,131072,1,68.7119,15368517120400912463
btree8_a64,131072,2,69.9615,15368517120400912463
btree8_a64,131072,3,68.5226,15368517120400912463
btree8_a64,131072,4,68.6356,15368517120400912463
btree8_a64,131072,5,68.7439,15368517120400912463
btree8_a64,131072,6,68.8934,15368517120400912463
btree8_a64,131072,7,68.8644,15368517120400912463
btree8_a64,131072,8,68.7378,15368517120400912463
btree8_a64,131072,9,68.8049,15368517120400912463
btree8_a64,131072,10,70.1370,15368517120400912463
btree8_a64,131072,11,68.8217,15368517120400912463
btree8_a64,131072,12,68.6691,15368517120400912463
btree8_a64,131072,13,68.6981,15368517120400912463
btree8_a64,131072,14,69.6228,15368517120400912463
btree8_bl_a64,131072,0,63.8657,15368517120400912463
btree8_bl_a64,131072,1,36.3083,15368517120400912463
btree8_bl_a64,131072,2,36.1130,15368517120400912463
btree8_bl_a64,131072,3,36.3831,15368517120400912463
btree8_bl_a64,131072,4,36.2473,15368517120400912463
btree8_bl_a64,131072,5,35.8643,15368517120400912463
btree8_bl_a64,131072,6,35.8994,15368517120400912463
btree8_bl_a64,131072,7,35.8368,15368517120400912463
btree8_bl_a64,131072,8,35.9482,15368517120400912463
btree8_bl_a64,131072,9,36.0489,15368517120400912463
btree8_bl_a64,131072,10,37.1826,15368517120400912463
btree8_bl_a64,131072,11,35.8582,15368517120400912463
btree8_bl_a64,131072,12,35.6277,15368517120400912463
btree8_bl_a64,131072,13,36.1588,15368517120400912463
btree8_bl_a64,131072,14,36.1313,15368517120400912463
btree16_bl_a64,131072,0,65.3793,15368517120400912463
btree16_bl_a64,131072,1,41.5329,15368517120400912463
btree16_bl_a64,131072,2,39.3311,15368517120400912463
btree16_bl_a64,131072,3,38.7299,15368517120400912463
btree16_bl_a64,131072,4,38.4369,15368517120400912463
btree16_bl_a64,131072,5,38.4933,15368517120400912463
btree16_bl_a64,131072,6,38.8657,15368517120400912463
btree16_bl_a64,131072,7,39.6454,15368517120400912463
btree16_bl_a64,131072,8,38.7024,15368517120400912463
btree16_bl_a64,131072,9,38.7955,15368517120400912463
btree16_bl_a64,131072,10,38.8763,15368517120400912463
btree16_bl_a64,131072,11,38.8687,15368517120400912463
btree16_bl_a64,131072,12,38.9053,15368517120400912463
btree16_bl_a64,131072,13,39.4165,15368517120400912463
btree16_bl_a64,131072,14,38.9053,15368517120400912463
fusion8,131072,0,132.5897,15368517120400912463
fusion8,131072,1,107.0602,15368517120400912463
fusion8,131072,2,105.9250,15368517120400912463
fusion8,131072,3,106.4957,15368517120400912463
fusion8,131072,4,106.5536,15368517120400912463
fusion8,131072,5,105.8975,15368517120400912463
fusion8,131072,6,107.2479,15368517120400912463
fusion8,131072,7,105.4642,15368517120400912463
fusion8,131072,8,106.5842,15368517120400912463
fusion8,131072,9,106.8771,15368517120400912463
fusion8,131072,10,106.1722,15368517120400912463
fusion8,131072,11,106.1279,15368517120400912463
fusion8,131072,12,106.0394,15368517120400912463
fusion8,131072,13,105.6702,15368517120400912463
fusion8,131072,14,105.9418,15368517120400912463
fusion8_bf,131072,0,160.2661,15368517120400912463
fusion8_bf,131072,1,111.9156,15368517120400912463
fusion8_bf,131072,2,111.5631,15368517120400912463
fusion8_bf,131072,3,111.4655,15368517120400912463
fusion8_bf,131072,4,112.5031,15368517120400912463
fusion8_bf,131072,5,111.3358,15368517120400912463
fusion8_bf,131072,6,113.4628,15368517120400912463
fusion8_bf,131072,7,111.2457,15368517120400912463
fusion8_bf,131072,8,111.9873,15368517120400912463
fusion8_bf,131072,9,111.6745,15368517120400912463
fusion8_bf,131072,10,112.9944,15368517120400912463
fusion8_bf,131072,11,111.5768,15368517120400912463
fusion8_bf,131072,12,111.2076,15368517120400912463
fusion8_bf,131072,13,111.3205,15368517120400912463
fusion8_bf,131072,14,112.4207,15368517120400912463
fusion8_c,131072,0,148.9014,15368517120400912463
fusion8_c,131072,1,104.9011,15368517120400912463
fusion8_c,131072,2,104.7699,15368517120400912463
fusion8_c,131072,3,103.9764,15368517120400912463
fusion8_c,131072,4,106.0806,15368517120400912463
fusion8_c,131072,5,103.8727,15368517120400912463
fusion8_c,131072,6,104.9179,15368517120400912463
fusion8_c,131072,7,104.1901,15368517120400912463
fusion8_c,131072,8,105.3650,15368517120400912463
fusion8_c,131072,9,105.0293,15368517120400912463
fusion8_c,131072,10,104.0146,15368517120400912463
fusion8_c,131072,11,107.0847,15368517120400912463
fusion8_c,131072,12,104.6982,15368517120400912463
fusion8_c,131072,13,105.3879,15368517120400912463
fusion8_c,131072,14,104.0237,15368517120400912463
fusion16_w,131072,0,154.2511,15368517120400912463
fusion16_w,131072,1,116.4383,15368517120400912463
fusion16_w,131072,2,116.9830,15368517120400912463
fusion16_w,131072,3,117.3538,15368517120400912463
fusion16_w,131072,4,117.9169,15368517120400912463
fusion16_w,131072,5,119.2398,15368517120400912463
fusion16_w,131072,6,116.6840,15368517120400912463
fusion16_w,131072,7,116.3177,15368517120400912463
fusion16_w,131072,8,117.2409,15368517120400912463
fusion16_w,131072,9,116.2140,15368517120400912463
fusion16_w,131072,10,118.0725,15368517120400912463
fusion16_w,131072,11,117.6590,15368517120400912463
fusion16_w,131072,12,116.9556,15368517120400912463
fusion16_w,131072,13,118.3640,15368517120400912463
fusion16_w,131072,14,118.2465,15368517120400912463
sorted_array,262144,0,35.5316,13725275285989217998
sorted_array,262144,1,31.0501,13725275285989217998
sorted_array,262144,2,31.0013,13725275285989217998
sorted_array,262144,3,32.2723,13725275285989217998
sorted_array,262144,4,31.8405,13725275285989217998
sorted_array,262144,5,31.0562,13725275285989217998
sorted_array,262144,6,31.0623,13725275285989217998
sorted_array,262144,7,31.4072,13725275285989217998
sorted_array,262144,8,31.3995,13725275285989217998
sorted_array,262144,9,31.3156,13725275285989217998
sorted_array,262144,10,31.1081,13725275285989217998
sorted_array,262144,11,31.2408,13725275285989217998
sorted_array,262144,12,31.8253,13725275285989217998
sorted_array,262144,13,31.7749,13725275285989217998
sorted_array,262144,14,31.4453,13725275285989217998
btree8,262144,0,86.6516,13725275285989217998
btree8,262144,1,74.2508,13725275285989217998
btree8,262144,2,73.3643,13725275285989217998
btree8,262144,3,72.4640,13725275285989217998
btree8,262144,4,72.9355,13725275285989217998
btree8,262144,5,73.6923,13725275285989217998
btree8,262144,6,72.9355,13725275285989217998
btree8,262144,7,73.0850,13725275285989217998
btree8,262144,8,73.9914,13725275285989217998
btree8,262144,9,73.5626,13725275285989217998
btree8,262144,10,73.2605,13725275285989217998
btree8,262144,11,74.1470,13725275285989217998
btree8,262144,12,73.6923,13725275285989217998
btree8,262144,13,73.4299,13725275285989217998
btree8,262144,14,73.1537,13725275285989217998
btree8_bl,262144,0,60.9756,13725275285989217998
btree8_bl,262144,1,32.0099,13725275285989217998
btree8_bl,262144,2,31.5857,13725275285989217998
btree8_bl,262144,3,31.6162,13725275285989217998
btree8_bl,262144,4,31.4911,13725275285989217998
btree8_bl,262144,5,31.4819,13725275285989217998
btree8_bl,262144,6,31.5079,13725275285989217998
btree8_bl,262144,7,32.3654,13725275285989217998
btree8_bl,262144,8,31.1768,13725275285989217998
btree8_bl,262144,9,31.4133,13725275285989217998
btree8_bl,262144,10,31.2668,13725275285989217998
btree8_bl,262144,11,31.3141,13725275285989217998
btree8_bl,262144,12,31.2469,13725275285989217998
btree8_bl,262144,13,31.3019,13725275285989217998
btree8_bl,262144,14,31.2988,13725275285989217998
btree8_a64,262144,0,105.0827,13725275285989217998
btree8_a64,262144,1,72.2977,13725275285989217998
btree8_a64,262144,2,73.8556,13725275285989217998
btree8_a64,262144,3,72.0383,13725275285989217998
btree8_a64,262144,4,72.0200,13725275285989217998
btree8_a64,262144,5,72.0383,13725275285989217998
btree8_a64,262144,6,71.9345,13725275285989217998
btree8_a64,262144,7,71.9940,13725275285989217998
btree8_a64,262144,8,72.8378,13725275285989217998
btree8_a64,262144,9,72.3572,13725275285989217998
btree8_a64,262144,10,72.2214,13725275285989217998
btree8_a64,262144,11,72.0337,13725275285989217998
btree8_a64,262144,12,71.6095,13725275285989217998
btree8_a64,262144,13,71.4371,13725275285989217998
btree8_a64,262144,14,71.6003,13725275285989217998
btree8_bl_a64,262144,0,60.6262,13725275285989217998
btree8_bl_a64,262144,1,29.8355,13725275285989217998
btree8_bl_a64,262144,2,30.6702,13725275285989217998
btree8_bl_a64,262144,3,29.1595,13725275285989217998
btree8_bl_a64,262144,4,29.0405,13725275285989217998
btree8_bl_a64,262144,5,29.1626,13725275285989217998
btree8_bl_a64,262144,6,29.3091,13725275285989217998
btree8_bl_a64,262144,7,29.0741,13725275285989217998
btree8_bl_a64,262144,8,28.9703,13725275285989217998
btree8_bl_a64,262144,9,29.0024,13725275285989217998
btree8_bl_a64,262144,10,29.1061,13725275285989217998
btree8_bl_a64,262144,11,29.0146,13725275285989217998
btree8_bl_a64,262144,12,28.9581,13725275285989217998
btree8_bl_a64,262144,13,29.1611,13725275285989217998
btree8_bl_a64,262144,14,29.1046,13725275285989217998
btree16_bl_a64,262144,0,75.5081,13725275285989217998
btree16_bl_a64,262144,1,41.6779,13725275285989217998
btree16_bl_a64,262144,2,39.0030,13725275285989217998
btree16_bl_a64,262144,3,38.3881,13725275285989217998
btree16_bl_a64,262144,4,38.4186,13725275285989217998
btree16_bl_a64,262144,5,38.5284,13725275285989217998
btree16_bl_a64,262144,6,38.6581,13725275285989217998
btree16_bl_a64,262144,7,39.0518,13725275285989217998
btree16_bl_a64,262144,8,39.6896,13725275285989217998
btree16_bl_a64,262144,9,38.9816,13725275285989217998
btree16_bl_a64,262144,10,38.7054,13725275285989217998
btree16_bl_a64,262144,11,38.3423,13725275285989217998
btree16_bl_a64,262144,12,38.3759,13725275285989217998
btree16_bl_a64,262144,13,38.4308,13725275285989217998
btree16_bl_a64,262144,14,40.3717,13725275285989217998
fusion8,262144,0,147.3343,13725275285989217998
fusion8,262144,1,116.9601,13725275285989217998
fusion8,262144,2,116.3254,13725275285989217998
fusion8,262144,3,118.1442,13725275285989217998
fusion8,262144,4,116.4520,13725275285989217998
fusion8,262144,5,116.5085,13725275285989217998
fusion8,262144,6,116.2796,13725275285989217998
fusion8,262144,7,117.2501,13725275285989217998
fusion8,262144,8,117.3111,13725275285989217998
fusion8,262144,9,116.8167,13725275285989217998
fusion8,262144,10,117.4026,13725275285989217998
fusion8,262144,11,116.2796,13725275285989217998
fusion8,262144,12,123.7473,13725275285989217998
fusion8,262144,13,116.3712,13725275285989217998
fusion8,262144,14,116.1575,13725275285989217998
fusion8_bf,262144,0,151.6708,13725275285989217998
fusion8_bf,262144,1,117.1600,13725275285989217998
fusion8_bf,262144,2,116.5207,13725275285989217998
fusion8_bf,262144,3,116.8411,13725275285989217998
fusion8_bf,262144,4,116.5588,13725275285989217998
fusion8_bf,262144,5,119.3817,13725275285989217998
fusion8_bf,262144,6,116.4841,13725275285989217998
fusion8_bf,262144,7,117.3279,13725275285989217998
fusion8_bf,262144,8,117.6132,13725275285989217998
fusion8_bf,262144,9,116.8793,13725275285989217998
fusion8_bf,262144,10,117.0166,13725275285989217998
fusion8_bf,262144,11,116.7053,13725275285989217998
fusion8_bf,262144,12,116.4948,13725275285989217998
fusion8_bf,262144,13,118.2785,13725275285989217998
fusion8_bf,262144,14,116.6580,13725275285989217998
fusion8_c,262144,0,159.2010,13725275285989217998
fusion8_c,262144,1,109.5413,13725275285989217998
fusion8_c,262144,2,110.1669,13725275285989217998
fusion8_c,262144,3,109.0347,13725275285989217998
fusion8_c,262144,4,110.3287,13725275285989217998
fusion8_c,262144,5,110.0861,13725275285989217998
fusion8_c,262144,6,109.3842,13725275285989217998
fusion8_c,262144,7,109.2728,13725275285989217998
fusion8_c,262144,8,109.9808,13725275285989217998
fusion8_c,262144,9,111.1526,13725275285989217998
fusion8_c,262144,10,108.6197,13725275285989217998
fusion8_c,262144,11,109.3475,13725275285989217998
fusion8_c,262144,12,107.9636,13725275285989217998
fusion8_c,262144,13,108.8776,13725275285989217998
fusion8_c,262144,14,108.0048,13725275285989217998
fusion16_w,262144,0,181.7612,13725275285989217998
fusion16_w,262144,1,132.6157,13725275285989217998
fusion16_w,262144,2,131.5414,13725275285989217998
fusion16_w,262144,3,130.7785,13725275285989217998
fusion16_w,262144,4,132.5089,13725275285989217998
fusion16_w,262144,5,137.8235,13725275285989217998
fusion16_w,262144,6,145.2576,13725275285989217998
fusion16_w,262144,7,155.5298,13725275285989217998
fusion16_w,262144,8,152.1347,13725275285989217998
fusion16_w,262144,9,132.1518,13725275285989217998
fusion16_w,262144,10,129.7150,13725275285989217998
fusion16_w,262144,11,129.5120,13725275285989217998
fusion16_w,262144,12,129.0237,13725275285989217998
fusion16_w,262144,13,121.6278,13725275285989217998
fusion16_w,262144,14,121.5607,13725275285989217998
sorted_array,524288,0,58.7692,8525115047326029414
sorted_array,524288,1,51.0086,8525115047326029414
sorted_array,524288,2,51.2665,8525115047326029414
sorted_array,524288,3,51.3565,8525115047326029414
sorted_array,524288,4,51.4389,8525115047326029414
sorted_array,524288,5,51.1139,8525115047326029414
sorted_array,524288,6,51.4343,8525115047326029414
sorted_array,524288,7,52.7100,8525115047326029414
sorted_array,524288,8,51.3855,8525115047326029414
sorted_array,524288,9,51.8295,8525115047326029414
sorted_array,524288,10,51.8509,8525115047326029414
sorted_array,524288,11,51.4420,8525115047326029414
sorted_array,524288,12,51.3702,8525115047326029414
sorted_array,524288,13,51.3290,8525115047326029414
sorted_array,524288,14,51.4175,8525115047326029414
btree8,524288,0,90.0848,8525115047326029414
btree8,524288,1,73.6130,8525115047326029414
btree8,524288,2,74.3866,8525115047326029414
btree8,524288,3,73.8647,8525115047326029414
btree8,524288,4,74.2355,8525115047326029414
btree8,524288,5,74.6979,8525115047326029414
btree8,524288,6,73.6298,8525115047326029414
btree8,524288,7,73.3597,8525115047326029414
btree8,524288,8,74.6765,8525115047326029414
btree8,524288,9,74.9710,8525115047326029414
btree8,524288,10,73.6160,8525115047326029414
btree8,524288,11,73.5611,8525115047326029414
btree8,524288,12,74.7513,8525115047326029414
btree8,524288,13,74.5163,8525115047326029414
btree8,524288,14,73.2529,8525115047326029414
btree8_bl,524288,0,63.0081,8525115047326029414
btree8_bl,524288,1,27.8931,8525115047326029414
btree8_bl,524288,2,27.6611,8525115047326029414
btree8_bl,524288,3,27.5589,8525115047326029414
btree8_bl,524288,4,27.4826,8525115047326029414
btree8_bl,524288,5,27.5192,8525115047326029414
btree8_bl,524288,6,27.5681,8525115047326029414
btree8_bl,524288,7,27.5070,8525115047326029414
btree8_bl,524288,8,27.5452,8525115047326029414
btree8_bl,524288,9,28.5614,8525115047326029414
btree8_bl,524288,10,27.8732,8525115047326029414
btree8_bl,524288,11,27.5375,8525115047326029414
btree8_bl,524288,12,27.4292,8525115047326029414
btree8_bl,524288,13,27.4078,8525115047326029414
btree8_bl,524288,14,27.4185,8525115047326029414
btree8_a64,524288,0,103.5019,8525115047326029414
btree8_a64,524288,1,72.9172,8525115047326029414
btree8_a64,524288,2,71.9131,8525115047326029414
btree8_a64,524288,3,72.0505,8525115047326029414
btree8_a64,524288,4,73.1674,8525115047326029414
btree8_a64,524288,5,72.0581,8525115047326029414
btree8_a64,524288,6,72.1069,8525115047326029414
btree8_a64,524288,7,72.3465,8525115047326029414
btree8_a64,524288,8,71.9482,8525115047326029414
btree8_a64,524288,9,72.0337,8525115047326029414
btree8_a64,524288,10,73.2285,8525115047326029414
btree8_a64,524288,11,72.6074,8525115047326029414
btree8_a64,524288,12,71.8765,8525115047326029414
btree8_a64,524288,13,71.7163,8525115047326029414
btree8_a64,524288,14,71.8109,8525115047326029414
btree8_bl_a64,524288,0,54.4907,8525115047326029414
btree8_bl_a64,524288,1,26.6006,8525115047326029414
btree8_bl_a64,524288,2,26.3535,8525115047326029414
btree8_bl_a64,524288,3,26.3702,8525115047326029414
btree8_bl_a64,524288,4,25.8194,8525115047326029414
btree8_bl_a64,524288,5,26.5457,8525115047326029414
btree8_bl_a64,524288,6,26.0101,8525115047326029414
btree8_bl_a64,524288,7,25.8606,8525115047326029414
btree8_bl_a64,524288,8,25.3113,8525115047326029414
btree8_bl_a64,524288,9,25.3708,8525115047326029414
btree8_bl_a64,524288,10,25.4852,8525115047326029414
btree8_bl_a64,524288,11,25.3555,8525115047326029414
btree8_bl_a64,524288,12,25.4593,8525115047326029414
btree8_bl_a64,524288,13,25.3876,8525115047326029414
btree8_bl_a64,524288,14,25.3937,8525115047326029414
btree16_bl_a64,524288,0,76.3702,8525115047326029414
btree16_bl_a64,524288,1,36.9553,8525115047326029414
btree16_bl_a64,524288,2,33.8623,8525115047326029414
btree16_bl_a64,524288,3,34.0240,8525115047326029414
btree16_bl_a64,524288,4,34.4147,8525115047326029414
btree16_bl_a64,524288,5,35.5621,8525115047326029414
btree16_bl_a64,524288,6,36.0031,8525115047326029414
btree16_bl_a64,524288,7,34.4162,8525115047326029414
btree16_bl_a64,524288,8,34.1202,8525115047326029414
btree16_bl_a64,524288,9,34.6069,8525115047326029414
btree16_bl_a64,524288,10,34.4604,8525115047326029414
btree16_bl_a64,524288,11,34.5123,8525115047326029414
btree16_bl_a64,524288,12,34.9136,8525115047326029414
btree16_bl_a64,524288,13,35.3607,8525115047326029414
btree16_bl_a64,524288,14,34.3079,8525115047326029414
fusion8,524288,0,143.4845,8525115047326029414
fusion8,524288,1,116.1224,8525115047326029414
fusion8,524288,2,113.3789,8525115047326029414
fusion8,524288,3,112.9135,8525115047326029414
fusion8,524288,4,113.7955,8525115047326029414
fusion8,524288,5,113.1485,8525115047326029414
fusion8,524288,6,113.1866,8525115047326029414
fusion8,524288,7,114.5233,8525115047326029414
fusion8,524288,8,113.0005,8525115047326029414
fusion8,524288,9,114.0732,8525115047326029414
fusion8,524288,10,112.8662,8525115047326029414
fusion8,524288,11,112.4863,8525115047326029414
fusion8,524288,12,113.1363,8525115047326029414
fusion8,524288,13,113.0020,8525115047326029414
fusion8,524288,14,114.8926,8525115047326029414
fusion8_bf,524288,0,154.6661,8525115047326029414
fusion8_bf,524288,1,117.6025,8525115047326029414
fusion8_bf,524288,2,117.4652,8525115047326029414
fusion8_bf,524288,3,117.5629,8525115047326029414
fusion8_bf,524288,4,117.3508,8525115047326029414
fusion8_bf,524288,5,117.2684,8525115047326029414
fusion8_bf,524288,6,115.9744,8525115047326029414
fusion8_bf,524288,7,117.6849,8525115047326029414
fusion8_bf,524288,8,116.1514,8525115047326029414
fusion8_bf,524288,9,117.6727,8525115047326029414
fusion8_bf,524288,10,116.2857,8525115047326029414
fusion8_bf,524288,11,116.7175,8525115047326029414
fusion8_bf,524288,12,117.2363,8525115047326029414
fusion8_bf,524288,13,117.7612,8525115047326029414
fusion8_bf,524288,14,116.0889,8525115047326029414
fusion8_c,524288,0,137.8174,8525115047326029414
fusion8_c,524288,1,109.1873,8525115047326029414
fusion8_c,524288,2,110.5927,8525115047326029414
fusion8_c,524288,3,108.7769,8525115047326029414
fusion8_c,524288,4,108.7158,8525115047326029414
fusion8_c,524288,5,108.8120,8525115047326029414
fusion8_c,524288,6,109.6970,8525115047326029414
fusion8_c,524288,7,108.4213,8525115047326029414
fusion8_c,524288,8,108.4061,8525115047326029414
fusion8_c,524288,9,108.6945,8525115047326029414
fusion8_c,524288,10,108.4930,8525115047326029414
fusion8_c,524288,11,109.4162,8525115047326029414
fusion8_c,524288,12,108.6014,8525115047326029414
fusion8_c,524288,13,108.4808,8525115047326029414
fusion8_c,524288,14,109.4696,8525115047326029414
fusion16_w,524288,0,173.0179,8525115047326029414
fusion16_w,524288,1,136.9675,8525115047326029414
fusion16_w,524288,2,134.6085,8525115047326029414
fusion16_w,524288,3,135.8047,8525115047326029414
fusion16_w,524288,4,137.5717,8525115047326029414
fusion16_w,524288,5,135.4919,8525115047326029414
fusion16_w,524288,6,132.5516,8525115047326029414
fusion16_w,524288,7,130.2612,8525115047326029414
fusion16_w,524288,8,130.4901,8525115047326029414
fusion16_w,524288,9,132.1869,8525115047326029414
fusion16_w,524288,10,129.5898,8525115047326029414
fusion16_w,524288,11,130.5145,8525115047326029414
fusion16_w,524288,12,128.2227,8525115047326029414
fusion16_w,524288,13,145.7993,8525115047326029414
fusion16_w,524288,14,137.7579,8525115047326029414
sorted_array,1048576,0,99.7650,9971055575563239174
sorted_array,1048576,1,85.6049,9971055575563239174
sorted_array,1048576,2,86.7203,9971055575563239174
sorted_array,1048576,3,93.2220,9971055575563239174
sorted_array,1048576,4,88.6429,9971055575563239174
sorted_array,1048576,5,88.1943,9971055575563239174
sorted_array,1048576,6,88.9389,9971055575563239174
sorted_array,1048576,7,88.5147,9971055575563239174
sorted_array,1048576,8,85.8734,9971055575563239174
sorted_array,1048576,9,85.3775,9971055575563239174
sorted_array,1048576,10,85.7162,9971055575563239174
sorted_array,1048576,11,86.9308,9971055575563239174
sorted_array,1048576,12,85.6537,9971055575563239174
sorted_array,1048576,13,86.6425,9971055575563239174
sorted_array,1048576,14,86.8134,9971055575563239174
btree8,1048576,0,217.8574,9971055575563239174
btree8,1048576,1,157.5073,9971055575563239174
btree8,1048576,2,145.0699,9971055575563239174
btree8,1048576,3,150.6119,9971055575563239174
btree8,1048576,4,145.7870,9971055575563239174
btree8,1048576,5,145.3674,9971055575563239174
btree8,1048576,6,152.5940,9971055575563239174
btree8,1048576,7,149.3362,9971055575563239174
btree8,1048576,8,147.1878,9971055575563239174
btree8,1048576,9,152.7496,9971055575563239174
btree8,1048576,10,148.7289,9971055575563239174
btree8,1048576,11,157.7026,9971055575563239174
btree8,1048576,12,147.9935,9971055575563239174
btree8,1048576,13,146.8552,9971055575563239174
btree8,1048576,14,158.1741,9971055575563239174
btree8_bl,1048576,0,137.7823,9971055575563239174
btree8_bl,1048576,1,84.4940,9971055575563239174
btree8_bl,1048576,2,83.6853,9971055575563239174
btree8_bl,1048576,3,83.6075,9971055575563239174
btree8_bl,1048576,4,83.4930,9971055575563239174
btree8_bl,1048576,5,83.6853,9971055575563239174
btree8_bl,1048576,6,87.2574,9971055575563239174
btree8_bl,1048576,7,84.1629,9971055575563239174
btree8_bl,1048576,8,85.8414,9971055575563239174
btree8_bl,1048576,9,85.2768,9971055575563239174
btree8_bl,1048576,10,84.8679,9971055575563239174
btree8_bl,1048576,11,86.7294,9971055575563239174
btree8_bl,1048576,12,86.4182,9971055575563239174
btree8_bl,1048576,13,83.2184,9971055575563239174
btree8_bl,1048576,14,88.9099,9971055575563239174
btree8_a64,1048576,0,220.0760,9971055575563239174
btree8_a64,1048576,1,147.5540,9971055575563239174
btree8_a64,1048576,2,145.9259,9971055575563239174
btree8_a64,1048576,3,156.5353,9971055575563239174
btree8_a64,1048576,4,156.1920,9971055575563239174
btree8_a64,1048576,5,140.9668,9971055575563239174
btree8_a64,1048576,6,147.4762,9971055575563239174
btree8_a64,1048576,7,141.0248,9971055575563239174
btree8_a64,1048576,8,144.9860,9971055575563239174
btree8_a64,1048576,9,151.1765,9971055575563239174
btree8_a64,1048576,10,144.1330,9971055575563239174
btree8_a64,1048576,11,156.5765,9971055575563239174
btree8_a64,1048576,12,143.5516,9971055575563239174
btree8_a64,1048576,13,144.2719,9971055575563239174
btree8_a64,1048576,14,142.8162,9971055575563239174
btree8_bl_a64,1048576,0,129.9332,9971055575563239174
btree8_bl_a64,1048576,1,72.2290,9971055575563239174
btree8_bl_a64,1048576,2,72.0383,9971055575563239174
btree8_bl_a64,1048576,3,74.0738,9971055575563239174
btree8_bl_a64,1048576,4,78.4454,9971055575563239174
btree8_bl_a64,1048576,5,75.4257,9971055575563239174
btree8_bl_a64,1048576,6,77.3315,9971055575563239174
btree8_bl_a64,1048576,7,76.5366,9971055575563239174
btree8_bl_a64,1048576,8,74.7025,9971055575563239174
btree8_bl_a64,1048576,9,74.5682,9971055575563239174
btree8_bl_a64,1048576,10,76.9577,9971055575563239174
btree8_bl_a64,1048576,11,78.2043,9971055575563239174
btree8_bl_a64,1048576,12,68.1580,9971055575563239174
btree8_bl_a64,1048576,13,72.6990,9971055575563239174
btree8_bl_a64,1048576,14,77.7863,9971055575563239174
btree16_bl_a64,1048576,0,62.8098,9971055575563239174
btree16_bl_a64,1048576,1,34.4330,9971055575563239174
btree16_bl_a64,1048576,2,31.2790,9971055575563239174
btree16_bl_a64,1048576,3,31.3660,9971055575563239174
btree16_bl_a64,1048576,4,33.4457,9971055575563239174
btree16_bl_a64,1048576,5,32.0541,9971055575563239174
btree16_bl_a64,1048576,6,31.8512,9971055575563239174
btree16_bl_a64,1048576,7,31.9901,9971055575563239174
btree16_bl_a64,1048576,8,31.9733,9971055575563239174
btree16_bl_a64,1048576,9,31.9626,9971055575563239174
btree16_bl_a64,1048576,10,32.2678,9971055575563239174
btree16_bl_a64,1048576,11,33.1131,9971055575563239174
btree16_bl_a64,1048576,12,33.7936,9971055575563239174
btree16_bl_a64,1048576,13,32.0770,9971055575563239174
btree16_bl_a64,1048576,14,32.0572,9971055575563239174
fusion8,1048576,0,308.3099,9971055575563239174
fusion8,1048576,1,248.7167,9971055575563239174
fusion8,1048576,2,232.0435,9971055575563239174
fusion8,1048576,3,234.5612,9971055575563239174
fusion8,1048576,4,245.8740,9971055575563239174
fusion8,1048576,5,250.0656,9971055575563239174
fusion8,1048576,6,233.9066,9971055575563239174
fusion8,1048576,7,235.7452,9971055575563239174
fusion8,1048576,8,233.9478,9971055575563239174
fusion8,1048576,9,246.3287,9971055575563239174
fusion8,1048576,10,244.1238,9971055575563239174
fusion8,1048576,11,239.5569,9971055575563239174
fusion8,1048576,12,234.1110,9971055575563239174
fusion8,1048576,13,239.4150,9971055575563239174
fusion8,1048576,14,241.6290,9971055575563239174
fusion8_bf,1048576,0,315.3625,9971055575563239174
fusion8_bf,1048576,1,243.0588,9971055575563239174
fusion8_bf,1048576,2,248.3505,9971055575563239174
fusion8_bf,1048576,3,296.4218,9971055575563239174
fusion8_bf,1048576,4,318.9392,9971055575563239174
fusion8_bf,1048576,5,301.9867,9971055575563239174
fusion8_bf,1048576,6,287.3978,9971055575563239174
fusion8_bf,1048576,7,273.9349,9971055575563239174
fusion8_bf,1048576,8,282.6904,9971055575563239174
fusion8_bf,1048576,9,283.6655,9971055575563239174
fusion8_bf,1048576,10,280.4459,9971055575563239174
fusion8_bf,1048576,11,281.1844,9971055575563239174
fusion8_bf,1048576,12,289.7705,9971055575563239174
fusion8_bf,1048576,13,279.5776,9971055575563239174
fusion8_bf,1048576,14,282.3883,9971055575563239174
fusion8_c,1048576,0,303.4454,9971055575563239174
fusion8_c,1048576,1,238.5681,9971055575563239174
fusion8_c,1048576,2,244.9677,9971055575563239174
fusion8_c,1048576,3,240.0452,9971055575563239174
fusion8_c,1048576,4,244.2261,9971055575563239174
fusion8_c,1048576,5,204.5822,9971055575563239174
fusion8_c,1048576,6,251.6891,9971055575563239174
fusion8_c,1048576,7,267.8696,9971055575563239174
fusion8_c,1048576,8,233.7708,9971055575563239174
fusion8_c,1048576,9,206.7078,9971055575563239174
fusion8_c,1048576,10,201.9653,9971055575563239174
fusion8_c,1048576,11,222.8363,9971055575563239174
fusion8_c,1048576,12,218.4753,9971055575563239174
fusion8_c,1048576,13,217.1707,9971055575563239174
fusion8_c,1048576,14,212.7136,9971055575563239174
fusion16_w,1048576,0,168.1946,9971055575563239174
fusion16_w,1048576,1,132.5012,9971055575563239174
fusion16_w,1048576,2,133.4305,9971055575563239174
fusion16_w,1048576,3,133.2779,9971055575563239174
fusion16_w,1048576,4,128.1784,9971055575563239174
fusion16_w,1048576,5,126.4008,9971055575563239174
fusion16_w,1048576,6,130.7632,9971055575563239174
fusion16_w,1048576,7,129.6722,9971055575563239174
fusion16_w,1048576,8,128.7445,9971055575563239174
fusion16_w,1048576,9,128.0457,9971055575563239174
fusion16_w,1048576,10,127.4689,9971055575563239174
fusion16_w,1048576,11,128.1647,9971055575563239174
fusion16_w,1048576,12,127.7695,9971055575563239174
fusion16_w,1048576,13,127.4582,9971055575563239174
fusion16_w,1048576,14,126.0071,9971055575563239174
sorted_array,2097152,0,142.3187,360150140800640134
sorted_array,2097152,1,118.1885,360150140800640134
sorted_array,2097152,2,117.9581,360150140800640134
sorted_array,2097152,3,116.5314,360150140800640134
sorted_array,2097152,4,119.9112,360150140800640134
sorted_array,2097152,5,116.2811,360150140800640134
sorted_array,2097152,6,118.7286,360150140800640134
sorted_array,2097152,7,115.1230,360150140800640134
sorted_array,2097152,8,118.3670,360150140800640134
sorted_array,2097152,9,117.0074,360150140800640134
sorted_array,2097152,10,117.4088,360150140800640134
sorted_array,2097152,11,116.9189,360150140800640134
sorted_array,2097152,12,118.8538,360150140800640134
sorted_array,2097152,13,118.7164,360150140800640134
sorted_array,2097152,14,117.8024,360150140800640134
btree8,2097152,0,226.4938,360150140800640134
btree8,2097152,1,165.3793,360150140800640134
btree8,2097152,2,160.4614,360150140800640134
btree8,2097152,3,162.1094,360150140800640134
btree8,2097152,4,170.1157,360150140800640134
btree8,2097152,5,160.5743,360150140800640134
btree8,2097152,6,160.4187,360150140800640134
btree8,2097152,7,167.8467,360150140800640134
btree8,2097152,8,174.7955,360150140800640134
btree8,2097152,9,174.8840,360150140800640134
btree8,2097152,10,155.6915,360150140800640134
btree8,2097152,11,164.7476,360150140800640134
btree8,2097152,12,163.3194,360150140800640134
btree8,2097152,13,168.8950,360150140800640134
btree8,2097152,14,163.9679,360150140800640134
btree8_bl,2097152,0,118.8141,360150140800640134
btree8_bl,2097152,1,72.2870,360150140800640134
btree8_bl,2097152,2,70.6345,360150140800640134
btree8_bl,2097152,3,70.8038,360150140800640134
btree8_bl,2097152,4,76.0834,360150140800640134
btree8_bl,2097152,5,77.3544,360150140800640134
btree8_bl,2097152,6,77.0721,360150140800640134
btree8_bl,2097152,7,71.8201,360150140800640134
btree8_bl,2097152,8,76.0605,360150140800640134
btree8_bl,2097152,9,77.8046,360150140800640134
btree8_bl,2097152,10,70.9274,360150140800640134
btree8_bl,2097152,11,73.6862,360150140800640134
btree8_bl,2097152,12,76.3626,360150140800640134
btree8_bl,2097152,13,72.4686,360150140800640134
btree8_bl,2097152,14,72.9935,360150140800640134
btree8_a64,2097152,0,230.5496,360150140800640134
btree8_a64,2097152,1,154.1977,360150140800640134
btree8_a64,2097152,2,146.5759,360150140800640134
btree8_a64,2097152,3,150.4288,360150140800640134
btree8_a64,2097152,4,168.3289,360150140800640134
btree8_a64,2097152,5,157.2433,360150140800640134
btree8_a64,2097152,6,150.0183,360150140800640134
btree8_a64,2097152,7,159.8160,360150140800640134
btree8_a64,2097152,8,153.7521,360150140800640134
btree8_a64,2097152,9,163.5818,360150140800640134
btree8_a64,2097152,10,164.2807,360150140800640134
btree8_a64,2097152,11,162.5687,360150140800640134
btree8_a64,2097152,12,196.7438,360150140800640134
btree8_a64,2097152,13,188.2111,360150140800640134
btree8_a64,2097152,14,191.3605,360150140800640134
btree8_bl_a64,2097152,0,109.5856,360150140800640134
btree8_bl_a64,2097152,1,64.4104,360150140800640134
btree8_bl_a64,2097152,2,62.4954,360150140800640134
btree8_bl_a64,2097152,3,65.7501,360150140800640134
btree8_bl_a64,2097152,4,78.9429,360150140800640134
btree8_bl_a64,2097152,5,74.4202,360150140800640134
btree8_bl_a64,2097152,6,75.9918,360150140800640134
btree8_bl_a64,2097152,7,70.8725,360150140800640134
btree8_bl_a64,2097152,8,68.6569,360150140800640134
btree8_bl_a64,2097152,9,69.6472,360150140800640134
btree8_bl_a64,2097152,10,71.0785,360150140800640134
btree8_bl_a64,2097152,11,95.0638,360150140800640134
btree8_bl_a64,2097152,12,107.2861,360150140800640134
btree8_bl_a64,2097152,13,81.6025,360150140800640134
btree8_bl_a64,2097152,14,66.7511,360150140800640134
btree16_bl_a64,2097152,0,123.8266,360150140800640134
btree16_bl_a64,2097152,1,109.7321,360150140800640134
btree16_bl_a64,2097152,2,101.0803,360150140800640134
btree16_bl_a64,2097152,3,104.5563,360150140800640134
btree16_bl_a64,2097152,4,104.9805,360150140800640134
btree16_bl_a64,2097152,5,103.0746,360150140800640134
btree16_bl_a64,2097152,6,103.7827,360150140800640134
btree16_bl_a64,2097152,7,104.1977,360150140800640134
btree16_bl_a64,2097152,8,107.0770,360150140800640134
btree16_bl_a64,2097152,9,105.2597,360150140800640134
btree16_bl_a64,2097152,10,101.9043,360150140800640134
btree16_bl_a64,2097152,11,100.9476,360150140800640134
btree16_bl_a64,2097152,12,103.3203,360150140800640134
btree16_bl_a64,2097152,13,103.2669,360150140800640134
btree16_bl_a64,2097152,14,100.8484,360150140800640134
fusion8,2097152,0,348.1216,360150140800640134
fusion8,2097152,1,305.4703,360150140800640134
fusion8,2097152,2,304.5807,360150140800640134
fusion8,2097152,3,284.2377,360150140800640134
fusion8,2097152,4,278.1433,360150140800640134
fusion8,2097152,5,279.7607,360150140800640134
fusion8,2097152,6,273.4024,360150140800640134
fusion8,2097152,7,271.4142,360150140800640134
fusion8,2097152,8,268.9545,360150140800640134
fusion8,2097152,9,268.4235,360150140800640134
fusion8,2097152,10,296.9101,360150140800640134
fusion8,2097152,11,326.3962,360150140800640134
fusion8,2097152,12,299.5667,360150140800640134
fusion8,2097152,13,260.3867,360150140800640134
fusion8,2097152,14,254.4739,360150140800640134
fusion8_bf,2097152,0,331.3095,360150140800640134
fusion8_bf,2097152,1,265.7104,360150140800640134
fusion8_bf,2097152,2,261.5936,360150140800640134
fusion8_bf,2097152,3,266.1148,360150140800640134
fusion8_bf,2097152,4,265.8798,360150140800640134
fusion8_bf,2097152,5,276.4404,360150140800640134
fusion8_bf,2097152,6,266.3712,360150140800640134
fusion8_bf,2097152,7,260.6522,360150140800640134
fusion8_bf,2097152,8,260.2936,360150140800640134
fusion8_bf,2097152,9,267.6865,360150140800640134
fusion8_bf,2097152,10,256.3492,360150140800640134
fusion8_bf,2097152,11,243.3517,360150140800640134
fusion8_bf,2097152,12,243.9209,360150140800640134
fusion8_bf,2097152,13,284.3994,360150140800640134
fusion8_bf,2097152,14,252.2064,360150140800640134
fusion8_c,2097152,0,311.5082,360150140800640134
fusion8_c,2097152,1,206.8436,360150140800640134
fusion8_c,2097152,2,196.1670,360150140800640134
fusion8_c,2097152,3,188.7131,360150140800640134
fusion8_c,2097152,4,196.6339,360150140800640134
fusion8_c,2097152,5,194.2551,360150140800640134
fusion8_c,2097152,6,195.2332,360150140800640134
fusion8_c,2097152,7,200.4776,360150140800640134
fusion8_c,2097152,8,213.2629,360150140800640134
fusion8_c,2097152,9,199.8322,360150140800640134
fusion8_c,2097152,10,197.1344,360150140800640134
fusion8_c,2097152,11,197.9553,360150140800640134
fusion8_c,2097152,12,203.2501,360150140800640134
fusion8_c,2097152,13,199.8398,360150140800640134
fusion8_c,2097152,14,195.7306,360150140800640134
fusion16_w,2097152,0,274.8184,360150140800640134
fusion16_w,2097152,1,219.2474,360150140800640134
fusion16_w,2097152,2,218.3563,360150140800640134
fusion16_w,2097152,3,213.3438,360150140800640134
fusion16_w,2097152,4,217.4591,360150140800640134
fusion16_w,2097152,5,219.1788,360150140800640134
fusion16_w,2097152,6,213.9587,360150140800640134
fusion16_w,2097152,7,212.3001,360150140800640134
fusion16_w,2097152,8,214.3585,360150140800640134
fusion16_w,2097152,9,217.1555,360150140800640134
fusion16_w,2097152,10,217.0029,360150140800640134
fusion16_w,2097152,11,218.2037,360150140800640134
fusion16_w,2097152,12,217.2043,360150140800640134
fusion16_w,2097152,13,219.0567,360150140800640134
fusion16_w,2097152,14,219.5084,360150140800640134
sorted_array,4194304,0,241.2582,13987696726093534327
sorted_array,4194304,1,210.8734,13987696726093534327
sorted_array,4194304,2,214.6851,13987696726093534327
sorted_array,4194304,3,203.8437,13987696726093534327
sorted_array,4194304,4,201.5747,13987696726093534327
sorted_array,4194304,5,202.1622,13987696726093534327
sorted_array,4194304,6,211.5799,13987696726093534327
sorted_array,4194304,7,199.8291,13987696726093534327
sorted_array,4194304,8,202.1561,13987696726093534327
sorted_array,4194304,9,201.0635,13987696726093534327
sorted_array,4194304,10,200.3448,13987696726093534327
sorted_array,4194304,11,200.4181,13987696726093534327
sorted_array,4194304,12,198.0774,13987696726093534327
sorted_array,4194304,13,203.3859,13987696726093534327
sorted_array,4194304,14,214.6561,13987696726093534327
btree8,4194304,0,234.5078,13987696726093534327
btree8,4194304,1,169.6793,13987696726093534327
btree8,4194304,2,164.5599,13987696726093534327
btree8,4194304,3,171.3211,13987696726093534327
btree8,4194304,4,166.5482,13987696726093534327
btree8,4194304,5,171.8323,13987696726093534327
btree8,4194304,6,167.7765,13987696726093534327
btree8,4194304,7,171.3043,13987696726093534327
btree8,4194304,8,173.0164,13987696726093534327
btree8,4194304,9,173.1857,13987696726093534327
btree8,4194304,10,171.8689,13987696726093534327
btree8,4194304,11,161.1115,13987696726093534327
btree8,4194304,12,163.9801,13987696726093534327
btree8,4194304,13,167.5049,13987696726093534327
btree8,4194304,14,165.0101,13987696726093534327
btree8_bl,4194304,0,121.5302,13987696726093534327
btree8_bl,4194304,1,70.2148,13987696726093534327
btree8_bl,4194304,2,65.4037,13987696726093534327
btree8_bl,4194304,3,74.7910,13987696726093534327
btree8_bl,4194304,4,70.8160,13987696726093534327
btree8_bl,4194304,5,67.2501,13987696726093534327
btree8_bl,4194304,6,69.9417,13987696726093534327
btree8_bl,4194304,7,63.7787,13987696726093534327
btree8_bl,4194304,8,74.4202,13987696726093534327
btree8_bl,4194304,9,80.7907,13987696726093534327
btree8_bl,4194304,10,67.9382,13987696726093534327
btree8_bl,4194304,11,62.5595,13987696726093534327
btree8_bl,4194304,12,67.0425,13987696726093534327
btree8_bl,4194304,13,73.0652,13987696726093534327
btree8_bl,4194304,14,63.6215,13987696726093534327
btree8_a64,4194304,0,241.6107,13987696726093534327
btree8_a64,4194304,1,162.4802,13987696726093534327
btree8_a64,4194304,2,170.8145,13987696726093534327
btree8_a64,4194304,3,211.2305,13987696726093534327
btree8_a64,4194304,4,156.5460,13987696726093534327
btree8_a64,4194304,5,164.4608,13987696726093534327
btree8_a64,4194304,6,156.5155,13987696726093534327
btree8_a64,4194304,7,160.6827,13987696726093534327
btree8_a64,4194304,8,158.1039,13987696726093534327
btree8_a64,4194304,9,158.3420,13987696726093534327
btree8_a64,4194304,10,167.6727,13987696726093534327
btree8_a64,4194304,11,156.2424,13987696726093534327
btree8_a64,4194304,12,155.8029,13987696726093534327
btree8_a64,4194304,13,170.6360,13987696726093534327
btree8_a64,4194304,14,161.2885,13987696726093534327
btree8_bl_a64,4194304,0,110.4614,13987696726093534327
btree8_bl_a64,4194304,1,61.0229,13987696726093534327
btree8_bl_a64,4194304,2,60.5453,13987696726093534327
btree8_bl_a64,4194304,3,59.8465,13987696726093534327
btree8_bl_a64,4194304,4,55.2200,13987696726093534327
btree8_bl_a64,4194304,5,58.7662,13987696726093534327
btree8_bl_a64,4194304,6,63.1302,13987696726093534327
btree8_bl_a64,4194304,7,60.2753,13987696726093534327
btree8_bl_a64,4194304,8,57.4814,13987696726093534327
btree8_bl_a64,4194304,9,58.8776,13987696726093534327
btree8_bl_a64,4194304,10,70.8740,13987696726093534327
btree8_bl_a64,4194304,11,66.0995,13987696726093534327
btree8_bl_a64,4194304,12,56.5933,13987696726093534327
btree8_bl_a64,4194304,13,59.1660,13987696726093534327
btree8_bl_a64,4194304,14,64.9673,13987696726093534327
btree16_bl_a64,4194304,0,136.8576,13987696726093534327
btree16_bl_a64,4194304,1,123.0133,13987696726093534327
btree16_bl_a64,4194304,2,116.4795,13987696726093534327
btree16_bl_a64,4194304,3,121.7667,13987696726093534327
btree16_bl_a64,4194304,4,123.5321,13987696726093534327
btree16_bl_a64,4194304,5,119.2307,13987696726093534327
btree16_bl_a64,4194304,6,118.3517,13987696726093534327
btree16_bl_a64,4194304,7,113.5178,13987696726093534327
btree16_bl_a64,4194304,8,114.1083,13987696726093534327
btree16_bl_a64,4194304,9,111.6196,13987696726093534327
btree16_bl_a64,4194304,10,108.0475,13987696726093534327
btree16_bl_a64,4194304,11,108.2932,13987696726093534327
btree16_bl_a64,4194304,12,108.4900,13987696726093534327
btree16_bl_a64,4194304,13,106.1737,13987696726093534327
btree16_bl_a64,4194304,14,120.8160,13987696726093534327
fusion8,4194304,0,323.7854,13987696726093534327
fusion8,4194304,1,269.5908,13987696726093534327
fusion8,4194304,2,288.4674,13987696726093534327
fusion8,4194304,3,270.8771,13987696726093534327
fusion8,4194304,4,257.3380,13987696726093534327
fusion8,4194304,5,256.4758,13987696726093534327
fusion8,4194304,6,250.1999,13987696726093534327
fusion8,4194304,7,265.0879,13987696726093534327
fusion8,4194304,8,261.5051,13987696726093534327
fusion8,4194304,9,268.1686,13987696726093534327
fusion8,4194304,10,261.8774,13987696726093534327
fusion8,4194304,11,271.4005,13987696726093534327
fusion8,4194304,12,261.1237,13987696726093534327
fusion8,4194304,13,270.7458,13987696726093534327
fusion8,4194304,14,262.6816,13987696726093534327
fusion8_bf,4194304,0,327.0889,13987696726093534327
fusion8_bf,4194304,1,258.5312,13987696726093534327
fusion8_bf,4194304,2,278.2410,13987696726093534327
fusion8_bf,4194304,3,271.1288,13987696726093534327
fusion8_bf,4194304,4,263.5895,13987696726093534327
fusion8_bf,4194304,5,258.1818,13987696726093534327
fusion8_bf,4194304,6,264.5355,13987696726093534327
fusion8_bf,4194304,7,250.1038,13987696726093534327
fusion8_bf,4194304,8,271.2036,13987696726093534327
fusion8_bf,4194304,9,277.7344,13987696726093534327
fusion8_bf,4194304,10,266.0294,13987696726093534327
fusion8_bf,4194304,11,247.1069,13987696726093534327
fusion8_bf,4194304,12,277.1118,13987696726093534327
fusion8_bf,4194304,13,277.1347,13987696726093534327
fusion8_bf,4194304,14,275.0748,13987696726093534327
fusion8_c,4194304,0,305.6198,13987696726093534327
fusion8_c,4194304,1,224.7162,13987696726093534327
fusion8_c,4194304,2,228.3524,13987696726093534327
fusion8_c,4194304,3,237.2726,13987696726093534327
fusion8_c,4194304,4,231.1417,13987696726093534327
fusion8_c,4194304,5,227.0172,13987696726093534327
fusion8_c,4194304,6,236.6760,13987696726093534327
fusion8_c,4194304,7,225.5264,13987696726093534327
fusion8_c,4194304,8,224.7482,13987696726093534327
fusion8_c,4194304,9,228.9963,13987696726093534327
fusion8_c,4194304,10,231.0181,13987696726093534327
fusion8_c,4194304,11,229.1824,13987696726093534327
fusion8_c,4194304,12,223.1857,13987696726093534327
fusion8_c,4194304,13,230.3101,13987696726093534327
fusion8_c,4194304,14,227.7817,13987696726093534327
fusion16_w,4194304,0,313.5422,13987696726093534327
fusion16_w,4194304,1,258.7418,13987696726093534327
fusion16_w,4194304,2,253.2303,13987696726093534327
fusion16_w,4194304,3,257.0404,13987696726093534327
fusion16_w,4194304,4,261.0916,13987696726093534327
fusion16_w,4194304,5,263.4033,13987696726093534327
fusion16_w,4194304,6,256.4682,13987696726093534327
fusion16_w,4194304,7,258.0643,13987696726093534327
fusion16_w,4194304,8,255.1285,13987696726093534327
fusion16_w,4194304,9,260.5881,13987696726093534327
fusion16_w,4194304,10,267.1036,13987696726093534327
fusion16_w,4194304,11,269.3207,13987696726093534327
fusion16_w,4194304,12,265.9378,13987696726093534327
fusion16_w,4194304,13,268.1702,13987696726093534327
fusion16_w,4194304,14,267.4286,13987696726093534327
sorted_array,8388608,0,594.5786,14571906064232911788
sorted_array,8388608,1,626.3931,14571906064232911788
sorted_array,8388608,2,423.4009,14571906064232911788
sorted_array,8388608,3,420.5002,14571906064232911788
sorted_array,8388608,4,411.4288,14571906064232911788
sorted_array,8388608,5,412.6038,14571906064232911788
sorted_array,8388608,6,414.2227,14571906064232911788
sorted_array,8388608,7,410.8963,14571906064232911788
sorted_array,8388608,8,410.8948,14571906064232911788
sorted_array,8388608,9,411.9644,14571906064232911788
sorted_array,8388608,10,415.1489,14571906064232911788
sorted_array,8388608,11,417.8482,14571906064232911788
sorted_array,8388608,12,415.9439,14571906064232911788
sorted_array,8388608,13,416.5680,14571906064232911788
sorted_array,8388608,14,425.7782,14571906064232911788
btree8,8388608,0,374.9420,14571906064232911788
btree8,8388608,1,294.0460,14571906064232911788
btree8,8388608,2,285.5026,14571906064232911788
btree8,8388608,3,302.1347,14571906064232911788
btree8,8388608,4,296.9376,14571906064232911788
btree8,8388608,5,307.6935,14571906064232911788
btree8,8388608,6,313.5223,14571906064232911788
btree8,8388608,7,305.9952,14571906064232911788
btree8,8388608,8,373.2101,14571906064232911788
btree8,8388608,9,343.2617,14571906064232911788
btree8,8388608,10,311.0123,14571906064232911788
btree8,8388608,11,295.3064,14571906064232911788
btree8,8388608,12,310.5835,14571906064232911788
btree8,8388608,13,340.1077,14571906064232911788
btree8,8388608,14,309.6390,14571906064232911788
btree8_bl,8388608,0,223.1949,14571906064232911788
btree8_bl,8388608,1,144.7998,14571906064232911788
btree8_bl,8388608,2,138.3514,14571906064232911788
btree8_bl,8388608,3,138.6215,14571906064232911788
btree8_bl,8388608,4,133.5632,14571906064232911788
btree8_bl,8388608,5,141.7267,14571906064232911788
btree8_bl,8388608,6,136.0138,14571906064232911788
btree8_bl,8388608,7,144.4382,14571906064232911788
btree8_bl,8388608,8,152.8915,14571906064232911788
btree8_bl,8388608,9,142.9550,14571906064232911788
btree8_bl,8388608,10,145.0516,14571906064232911788
btree8_bl,8388608,11,141.2796,14571906064232911788
btree8_bl,8388608,12,144.4733,14571906064232911788
btree8_bl,8388608,13,141.8854,14571906064232911788
btree8_bl,8388608,14,138.6398,14571906064232911788
btree8_a64,8388608,0,372.2229,14571906064232911788
btree8_a64,8388608,1,305.3543,14571906064232911788
btree8_a64,8388608,2,282.3669,14571906064232911788
btree8_a64,8388608,3,277.2263,14571906064232911788
btree8_a64,8388608,4,272.1985,14571906064232911788
btree8_a64,8388608,5,261.9003,14571906064232911788
btree8_a64,8388608,6,291.6733,14571906064232911788
btree8_a64,8388608,7,275.7401,14571906064232911788
btree8_a64,8388608,8,266.5970,14571906064232911788
btree8_a64,8388608,9,266.4841,14571906064232911788
btree8_a64,8388608,10,265.6616,14571906064232911788
btree8_a64,8388608,11,268.1320,14571906064232911788
btree8_a64,8388608,12,276.9852,14571906064232911788
btree8_a64,8388608,13,277.1378,14571906064232911788
btree8_a64,8388608,14,275.5508,14571906064232911788
btree8_bl_a64,8388608,0,205.3757,14571906064232911788
btree8_bl_a64,8388608,1,126.1139,14571906064232911788
btree8_bl_a64,8388608,2,117.4240,14571906064232911788
btree8_bl_a64,8388608,3,113.6398,14571906064232911788
btree8_bl_a64,8388608,4,114.1174,14571906064232911788
btree8_bl_a64,8388608,5,118.9774,14571906064232911788
btree8_bl_a64,8388608,6,118.3044,14571906064232911788
btree8_bl_a64,8388608,7,117.2333,14571906064232911788
btree8_bl_a64,8388608,8,117.4698,14571906064232911788
btree8_bl_a64,8388608,9,117.5888,14571906064232911788
btree8_bl_a64,8388608,10,115.9607,14571906064232911788
btree8_bl_a64,8388608,11,118.0618,14571906064232911788
btree8_bl_a64,8388608,12,120.4437,14571906064232911788
btree8_bl_a64,8388608,13,126.1642,14571906064232911788
btree8_bl_a64,8388608,14,125.8102,14571906064232911788
btree16_bl_a64,8388608,0,129.5792,14571906064232911788
btree16_bl_a64,8388608,1,109.4604,14571906064232911788
btree16_bl_a64,8388608,2,109.6039,14571906064232911788
btree16_bl_a64,8388608,3,114.4196,14571906064232911788
btree16_bl_a64,8388608,4,121.2280,14571906064232911788
btree16_bl_a64,8388608,5,119.9493,14571906064232911788
btree16_bl_a64,8388608,6,116.0004,14571906064232911788
btree16_bl_a64,8388608,7,118.5440,14571906064232911788
btree16_bl_a64,8388608,8,116.4612,14571906064232911788
btree16_bl_a64,8388608,9,117.6376,14571906064232911788
btree16_bl_a64,8388608,10,112.5504,14571906064232911788
btree16_bl_a64,8388608,11,108.6685,14571906064232911788
btree16_bl_a64,8388608,12,108.0429,14571906064232911788
btree16_bl_a64,8388608,13,106.9138,14571906064232911788
btree16_bl_a64,8388608,14,108.9584,14571906064232911788
fusion8,8388608,0,517.8070,14571906064232911788
fusion8,8388608,1,440.1550,14571906064232911788
fusion8,8388608,2,425.8667,14571906064232911788
fusion8,8388608,3,430.7999,14571906064232911788
fusion8,8388608,4,430.2216,14571906064232911788
fusion8,8388608,5,433.8089,14571906064232911788
fusion8,8388608,6,444.5221,14571906064232911788
fusion8,8388608,7,452.8030,14571906064232911788
fusion8,8388608,8,438.1470,14571906064232911788
fusion8,8388608,9,440.2481,14571906064232911788
fusion8,8388608,10,441.7328,14571906064232911788
fusion8,8388608,11,429.7592,14571906064232911788
fusion8,8388608,12,433.1940,14571906064232911788
fusion8,8388608,13,424.5895,14571906064232911788
fusion8,8388608,14,448.4375,14571906064232911788
fusion8_bf,8388608,0,511.2534,14571906064232911788
fusion8_bf,8388608,1,446.9070,14571906064232911788
fusion8_bf,8388608,2,449.6017,14571906064232911788
fusion8_bf,8388608,3,449.6277,14571906064232911788
fusion8_bf,8388608,4,449.0204,14571906064232911788
fusion8_bf,8388608,5,438.9801,14571906064232911788
fusion8_bf,8388608,6,448.0133,14571906064232911788
fusion8_bf,8388608,7,449.9176,14571906064232911788
fusion8_bf,8388608,8,440.6052,14571906064232911788
fusion8_bf,8388608,9,438.4109,14571906064232911788
fusion8_bf,8388608,10,443.6386,14571906064232911788
fusion8_bf,8388608,11,439.3738,14571906064232911788
fusion8_bf,8388608,12,434.7137,14571906064232911788
fusion8_bf,8388608,13,426.6037,14571906064232911788
fusion8_bf,8388608,14,432.0694,14571906064232911788
fusion8_c,8388608,0,470.0119,14571906064232911788
fusion8_c,8388608,1,389.2517,14571906064232911788
fusion8_c,8388608,2,392.3676,14571906064232911788
fusion8_c,8388608,3,393.6234,14571906064232911788
fusion8_c,8388608,4,382.3013,14571906064232911788
fusion8_c,8388608,5,391.4459,14571906064232911788
fusion8_c,8388608,6,412.8281,14571906064232911788
fusion8_c,8388608,7,383.3572,14571906064232911788
fusion8_c,8388608,8,406.8207,14571906064232911788
fusion8_c,8388608,9,397.0612,14571906064232911788
fusion8_c,8388608,10,397.2641,14571906064232911788
fusion8_c,8388608,11,391.7511,14571906064232911788
fusion8_c,8388608,12,388.1851,14571906064232911788
fusion8_c,8388608,13,392.8680,14571906064232911788
fusion8_c,8388608,14,357.9514,14571906064232911788
fusion16_w,8388608,0,317.9871,14571906064232911788
fusion16_w,8388608,1,277.9861,14571906064232911788
fusion16_w,8388608,2,273.2193,14571906064232911788
fusion16_w,8388608,3,273.3566,14571906064232911788
fusion16_w,8388608,4,279.9469,14571906064232911788
fusion16_w,8388608,5,274.7650,14571906064232911788
fusion16_w,8388608,6,270.7062,14571906064232911788
fusion16_w,8388608,7,271.7941,14571906064232911788
fusion16_w,8388608,8,269.0643,14571906064232911788
fusion16_w,8388608,9,268.3655,14571906064232911788
fusion16_w,8388608,10,263.7070,14571906064232911788
fusion16_w,8388608,11,257.5485,14571906064232911788
fusion16_w,8388608,12,264.4821,14571906064232911788
fusion16_w,8388608,13,276.1917,14571906064232911788
fusion16_w,8388608,14,281.2515,14571906064232911788
sorted_array,16777216,0,594.7266,762412688173254828
sorted_array,16777216,1,573.5916,762412688173254828
sorted_array,16777216,2,574.2813,762412688173254828
sorted_array,16777216,3,571.6064,762412688173254828
sorted_array,16777216,4,572.7890,762412688173254828
sorted_array,16777216,5,572.6318,762412688173254828
sorted_array,16777216,6,571.2326,762412688173254828
sorted_array,16777216,7,571.0358,762412688173254828
sorted_array,16777216,8,572.4976,762412688173254828
sorted_array,16777216,9,572.4182,762412688173254828
sorted_array,16777216,10,650.6470,762412688173254828
sorted_array,16777216,11,600.1404,762412688173254828
sorted_array,16777216,12,575.6226,762412688173254828
sorted_array,16777216,13,574.3652,762412688173254828
sorted_array,16777216,14,570.3949,762412688173254828
btree8,16777216,0,387.6526,762412688173254828
btree8,16777216,1,329.1931,762412688173254828
btree8,16777216,2,316.2827,762412688173254828
btree8,16777216,3,305.4138,762412688173254828
btree8,16777216,4,305.9601,762412688173254828
btree8,16777216,5,314.2181,762412688173254828
btree8,16777216,6,310.0174,762412688173254828
btree8,16777216,7,310.5316,762412688173254828
btree8,16777216,8,312.2711,762412688173254828
btree8,16777216,9,322.7341,762412688173254828
btree8,16777216,10,325.4654,762412688173254828
btree8,16777216,11,328.2822,762412688173254828
btree8,16777216,12,317.1402,762412688173254828
btree8,16777216,13,320.2591,762412688173254828
btree8,16777216,14,308.1589,762412688173254828
btree8_bl,16777216,0,197.3572,762412688173254828
btree8_bl,16777216,1,156.2347,762412688173254828
btree8_bl,16777216,2,147.6791,762412688173254828
btree8_bl,16777216,3,144.9539,762412688173254828
btree8_bl,16777216,4,139.4547,762412688173254828
btree8_bl,16777216,5,144.3802,762412688173254828
btree8_bl,16777216,6,140.8920,762412688173254828
btree8_bl,16777216,7,139.4699,762412688173254828
btree8_bl,16777216,8,131.6650,762412688173254828
btree8_bl,16777216,9,144.1696,762412688173254828
btree8_bl,16777216,10,153.0746,762412688173254828
btree8_bl,16777216,11,151.6937,762412688173254828
btree8_bl,16777216,12,144.9631,762412688173254828
btree8_bl,16777216,13,135.2951,762412688173254828
btree8_bl,16777216,14,132.8430,762412688173254828
btree8_a64,16777216,0,387.5992,762412688173254828
btree8_a64,16777216,1,312.2818,762412688173254828
btree8_a64,16777216,2,302.6627,762412688173254828
btree8_a64,16777216,3,298.4573,762412688173254828
btree8_a64,16777216,4,294.5587,762412688173254828
btree8_a64,16777216,5,296.6812,762412688173254828
btree8_a64,16777216,6,292.1021,762412688173254828
btree8_a64,16777216,7,289.2883,762412688173254828
btree8_a64,16777216,8,303.1525,762412688173254828
btree8_a64,16777216,9,303.2333,762412688173254828
btree8_a64,16777216,10,295.8145,762412688173254828
btree8_a64,16777216,11,286.5936,762412688173254828
btree8_a64,16777216,12,290.9760,762412688173254828
btree8_a64,16777216,13,304.8050,762412688173254828
btree8_a64,16777216,14,290.8005,762412688173254828
btree8_bl_a64,16777216,0,197.0535,762412688173254828
btree8_bl_a64,16777216,1,125.8469,762412688173254828
btree8_bl_a64,16777216,2,122.9935,762412688173254828
btree8_bl_a64,16777216,3,118.4845,762412688173254828
btree8_bl_a64,16777216,4,122.5510,762412688173254828
btree8_bl_a64,16777216,5,120.2576,762412688173254828
btree8_bl_a64,16777216,6,126.2665,762412688173254828
btree8_bl_a64,16777216,7,132.6599,762412688173254828
btree8_bl_a64,16777216,8,130.0919,762412688173254828
btree8_bl_a64,16777216,9,126.1703,762412688173254828
btree8_bl_a64,16777216,10,130.5084,762412688173254828
btree8_bl_a64,16777216,11,124.8520,762412688173254828
btree8_bl_a64,16777216,12,128.0319,762412688173254828
btree8_bl_a64,16777216,13,125.6409,762412688173254828
btree8_bl_a64,16777216,14,123.4375,762412688173254828
btree16_bl_a64,16777216,0,132.1045,762412688173254828
btree16_bl_a64,16777216,1,117.8452,762412688173254828
btree16_bl_a64,16777216,2,116.2598,762412688173254828
btree16_bl_a64,16777216,3,113.3789,762412688173254828
btree16_bl_a64,16777216,4,108.2901,762412688173254828
btree16_bl_a64,16777216,5,110.0327,762412688173254828
btree16_bl_a64,16777216,6,109.2896,762412688173254828
btree16_bl_a64,16777216,7,111.2976,762412688173254828
btree16_bl_a64,16777216,8,105.6534,762412688173254828
btree16_bl_a64,16777216,9,110.1929,762412688173254828
btree16_bl_a64,16777216,10,104.2435,762412688173254828
btree16_bl_a64,16777216,11,106.8527,762412688173254828
btree16_bl_a64,16777216,12,102.5787,762412688173254828
btree16_bl_a64,16777216,13,101.8814,762412688173254828
btree16_bl_a64,16777216,14,108.9523,762412688173254828
fusion8,16777216,0,542.0319,762412688173254828
fusion8,16777216,1,474.9863,762412688173254828
fusion8,16777216,2,463.5223,762412688173254828
fusion8,16777216,3,463.8809,762412688173254828
fusion8,16777216,4,462.8296,762412688173254828
fusion8,16777216,5,460.9619,762412688173254828
fusion8,16777216,6,471.6110,762412688173254828
fusion8,16777216,7,468.5623,762412688173254828
fusion8,16777216,8,476.5976,762412688173254828
fusion8,16777216,9,461.6898,762412688173254828
fusion8,16777216,10,474.8062,762412688173254828
fusion8,16777216,11,496.2540,762412688173254828
fusion8,16777216,12,474.2630,762412688173254828
fusion8,16777216,13,482.1381,762412688173254828
fusion8,16777216,14,481.2973,762412688173254828
fusion8_bf,16777216,0,551.7349,762412688173254828
fusion8_bf,16777216,1,483.2047,762412688173254828
fusion8_bf,16777216,2,482.3090,762412688173254828
fusion8_bf,16777216,3,475.8026,762412688173254828
fusion8_bf,16777216,4,463.7497,762412688173254828
fusion8_bf,16777216,5,472.1344,762412688173254828
fusion8_bf,16777216,6,477.7985,762412688173254828
fusion8_bf,16777216,7,471.9452,762412688173254828
fusion8_bf,16777216,8,471.5454,762412688173254828
fusion8_bf,16777216,9,463.0585,762412688173254828
fusion8_bf,16777216,10,464.9109,762412688173254828
fusion8_bf,16777216,11,463.2187,762412688173254828
fusion8_bf,16777216,12,482.0786,762412688173254828
fusion8_bf,16777216,13,475.2808,762412688173254828
fusion8_bf,16777216,14,463.9267,762412688173254828
fusion8_c,16777216,0,503.1738,762412688173254828
fusion8_c,16777216,1,413.4567,762412688173254828
fusion8_c,16777216,2,397.3282,762412688173254828
fusion8_c,16777216,3,395.9732,762412688173254828
fusion8_c,16777216,4,409.6268,762412688173254828
fusion8_c,16777216,5,409.3521,762412688173254828
fusion8_c,16777216,6,411.0977,762412688173254828
fusion8_c,16777216,7,398.3887,762412688173254828
fusion8_c,16777216,8,401.3901,762412688173254828
fusion8_c,16777216,9,409.1125,762412688173254828
fusion8_c,16777216,10,474.8322,762412688173254828
fusion8_c,16777216,11,436.6669,762412688173254828
fusion8_c,16777216,12,415.5930,762412688173254828
fusion8_c,16777216,13,395.8664,762412688173254828
fusion8_c,16777216,14,408.4015,762412688173254828
fusion16_w,16777216,0,335.4691,762412688173254828
fusion16_w,16777216,1,294.6228,762412688173254828
fusion16_w,16777216,2,277.7954,762412688173254828
fusion16_w,16777216,3,282.9178,762412688173254828
fusion16_w,16777216,4,277.1347,762412688173254828
fusion16_w,16777216,5,279.7607,762412688173254828
fusion16_w,16777216,6,270.1920,762412688173254828
fusion16_w,16777216,7,268.8843,762412688173254828
fusion16_w,16777216,8,269.8242,762412688173254828
fusion16_w,16777216,9,272.5082,762412688173254828
fusion16_w,16777216,10,276.2009,762412688173254828
fusion16_w,16777216,11,284.2575,762412688173254828
fusion16_w,16777216,12,274.9847,762412688173254828
fusion16_w,16777216,13,271.9040,762412688173254828
fusion16_w,16777216,14,271.0861,762412688173254828
sorted_array,33554432,0,706.4209,11029033927968932563
sorted_array,33554432,1,705.4504,11029033927968932563
sorted_array,33554432,2,691.6931,11029033927968932563
sorted_array,33554432,3,690.2237,11029033927968932563
sorted_array,33554432,4,687.8601,11029033927968932563
sorted_array,33554432,5,683.2870,11029033927968932563
sorted_array,33554432,6,679.8615,11029033927968932563
sorted_array,33554432,7,679.9896,11029033927968932563
sorted_array,33554432,8,676.8585,11029033927968932563
sorted_array,33554432,9,676.6159,11029033927968932563
sorted_array,33554432,10,677.8870,11029033927968932563
sorted_array,33554432,11,677.4048,11029033927968932563
sorted_array,33554432,12,680.5984,11029033927968932563
sorted_array,33554432,13,690.2084,11029033927968932563
sorted_array,33554432,14,682.7606,11029033927968932563
btree8,33554432,0,437.4634,11029033927968932563
btree8,33554432,1,371.8796,11029033927968932563
btree8,33554432,2,354.8050,11029033927968932563
btree8,33554432,3,340.0131,11029033927968932563
btree8,33554432,4,327.4475,11029033927968932563
btree8,33554432,5,327.4200,11029033927968932563
btree8,33554432,6,325.5524,11029033927968932563
btree8,33554432,7,328.8010,11029033927968932563
btree8,33554432,8,347.2748,11029033927968932563
btree8,33554432,9,336.3251,11029033927968932563
btree8,33554432,10,334.2987,11029033927968932563
btree8,33554432,11,329.5197,11029033927968932563
btree8,33554432,12,336.1404,11029033927968932563
btree8,33554432,13,330.7587,11029033927968932563
btree8,33554432,14,320.5414,11029033927968932563
btree8_bl,33554432,0,183.8547,11029033927968932563
btree8_bl,33554432,1,138.5025,11029033927968932563
btree8_bl,33554432,2,134.3704,11029033927968932563
btree8_bl,33554432,3,134.4589,11029033927968932563
btree8_bl,33554432,4,174.4522,11029033927968932563
btree8_bl,33554432,5,157.9971,11029033927968932563
btree8_bl,33554432,6,149.0860,11029033927968932563
btree8_bl,33554432,7,138.7726,11029033927968932563
btree8_bl,33554432,8,134.9487,11029033927968932563
btree8_bl,33554432,9,142.7505,11029033927968932563
btree8_bl,33554432,10,146.9528,11029033927968932563
btree8_bl,33554432,11,143.0496,11029033927968932563
btree8_bl,33554432,12,136.1771,11029033927968932563
btree8_bl,33554432,13,128.6697,11029033927968932563
btree8_bl,33554432,14,126.2497,11029033927968932563
btree8_a64,33554432,0,420.0729,11029033927968932563
btree8_a64,33554432,1,329.0985,11029033927968932563
btree8_a64,33554432,2,317.9993,11029033927968932563
btree8_a64,33554432,3,314.8483,11029033927968932563
btree8_a64,33554432,4,307.5851,11029033927968932563
btree8_a64,33554432,5,313.1714,11029033927968932563
btree8_a64,33554432,6,323.0530,11029033927968932563
btree8_a64,33554432,7,319.6869,11029033927968932563
btree8_a64,33554432,8,322.8607,11029033927968932563
btree8_a64,33554432,9,319.6915,11029033927968932563
btree8_a64,33554432,10,313.4827,11029033927968932563
btree8_a64,33554432,11,323.1766,11029033927968932563
btree8_a64,33554432,12,323.0347,11029033927968932563
btree8_a64,33554432,13,307.5577,11029033927968932563
btree8_a64,33554432,14,320.2454,11029033927968932563
btree8_bl_a64,33554432,0,167.3309,11029033927968932563
btree8_bl_a64,33554432,1,138.8489,11029033927968932563
btree8_bl_a64,33554432,2,134.1553,11029033927968932563
btree8_bl_a64,33554432,3,125.8438,11029033927968932563
btree8_bl_a64,33554432,4,121.7209,11029033927968932563
btree8_bl_a64,33554432,5,117.5980,11029033927968932563
btree8_bl_a64,33554432,6,115.9210,11029033927968932563
btree8_bl_a64,33554432,7,117.4530,11029033927968932563
btree8_bl_a64,33554432,8,117.4194,11029033927968932563
btree8_bl_a64,33554432,9,121.7667,11029033927968932563
btree8_bl_a64,33554432,10,123.2498,11029033927968932563
btree8_bl_a64,33554432,11,119.0552,11029033927968932563
btree8_bl_a64,33554432,12,123.5107,11029033927968932563
btree8_bl_a64,33554432,13,121.8384,11029033927968932563
btree8_bl_a64,33554432,14,119.8044,11029033927968932563
btree16_bl_a64,33554432,0,217.0654,11029033927968932563
btree16_bl_a64,33554432,1,187.8433,11029033927968932563
btree16_bl_a64,33554432,2,185.8902,11029033927968932563
btree16_bl_a64,33554432,3,181.6711,11029033927968932563
btree16_bl_a64,33554432,4,181.1371,11029033927968932563
btree16_bl_a64,33554432,5,182.0557,11029033927968932563
btree16_bl_a64,33554432,6,182.8766,11029033927968932563
btree16_bl_a64,33554432,7,184.9060,11029033927968932563
btree16_bl_a64,33554432,8,187.3337,11029033927968932563
btree16_bl_a64,33554432,9,183.6761,11029033927968932563
btree16_bl_a64,33554432,10,178.7064,11029033927968932563
btree16_bl_a64,33554432,11,183.8226,11029033927968932563
btree16_bl_a64,33554432,12,179.2862,11029033927968932563
btree16_bl_a64,33554432,13,178.4775,11029033927968932563
btree16_bl_a64,33554432,14,182.1472,11029033927968932563
fusion8,33554432,0,549.9756,11029033927968932563
fusion8,33554432,1,470.7657,11029033927968932563
fusion8,33554432,2,472.3068,11029033927968932563
fusion8,33554432,3,483.1329,11029033927968932563
fusion8,33554432,4,472.4503,11029033927968932563
fusion8,33554432,5,472.5494,11029033927968932563
fusion8,33554432,6,468.0389,11029033927968932563
fusion8,33554432,7,486.2274,11029033927968932563
fusion8,33554432,8,469.6320,11029033927968932563
fusion8,33554432,9,503.3203,11029033927968932563
fusion8,33554432,10,474.2615,11029033927968932563
fusion8,33554432,11,507.4448,11029033927968932563
fusion8,33554432,12,488.3804,11029033927968932563
fusion8,33554432,13,483.2870,11029033927968932563
fusion8,33554432,14,479.0283,11029033927968932563
fusion8_bf,33554432,0,544.9951,11029033927968932563
fusion8_bf,33554432,1,488.2324,11029033927968932563
fusion8_bf,33554432,2,476.9180,11029033927968932563
fusion8_bf,33554432,3,469.1071,11029033927968932563
fusion8_bf,33554432,4,472.8424,11029033927968932563
fusion8_bf,33554432,5,473.1689,11029033927968932563
fusion8_bf,33554432,6,472.9843,11029033927968932563
fusion8_bf,33554432,7,484.4208,11029033927968932563
fusion8_bf,33554432,8,476.6693,11029033927968932563
fusion8_bf,33554432,9,486.9644,11029033927968932563
fusion8_bf,33554432,10,481.5460,11029033927968932563
fusion8_bf,33554432,11,479.1321,11029033927968932563
fusion8_bf,33554432,12,476.5091,11029033927968932563
fusion8_bf,33554432,13,473.9563,11029033927968932563
fusion8_bf,33554432,14,477.8412,11029033927968932563
fusion8_c,33554432,0,504.7073,11029033927968932563
fusion8_c,33554432,1,416.0309,11029033927968932563
fusion8_c,33554432,2,404.9423,11029033927968932563
fusion8_c,33554432,3,400.1343,11029033927968932563
fusion8_c,33554432,4,405.0720,11029033927968932563
fusion8_c,33554432,5,416.0431,11029033927968932563
fusion8_c,33554432,6,405.7343,11029033927968932563
fusion8_c,33554432,7,411.4334,11029033927968932563
fusion8_c,33554432,8,419.1208,11029033927968932563
fusion8_c,33554432,9,414.0106,11029033927968932563
fusion8_c,33554432,10,436.4807,11029033927968932563
fusion8_c,33554432,11,401.1002,11029033927968932563
fusion8_c,33554432,12,434.2804,11029033927968932563
fusion8_c,33554432,13,444.8624,11029033927968932563
fusion8_c,33554432,14,421.3959,11029033927968932563
fusion16_w,33554432,0,507.7896,11029033927968932563
fusion16_w,33554432,1,436.2686,11029033927968932563
fusion16_w,33554432,2,429.7882,11029033927968932563
fusion16_w,33554432,3,428.7247,11029033927968932563
fusion16_w,33554432,4,424.0631,11029033927968932563
fusion16_w,33554432,5,434.7900,11029033927968932563
fusion16_w,33554432,6,431.2515,11029033927968932563
fusion16_w,33554432,7,422.4701,11029033927968932563
fusion16_w,33554432,8,421.1121,11029033927968932563
fusion16_w,33554432,9,424.3835,11029033927968932563
fusion16_w,33554432,10,426.1108,11029033927968932563
fusion16_w,33554432,11,425.8438,11029033927968932563
fusion16_w,33554432,12,425.0214,11029033927968932563
fusion16_w,33554432,13,423.2101,11029033927968932563
fusion16_w,33554432,14,428.8834,11029033927968932563
