structure,n,rep,ns_per_query,checksum
sorted_array,256,0,4.5151,3802318259966007189
sorted_array,256,1,4.4678,3802318259966007189
sorted_array,256,2,4.4662,3802318259966007189
sorted_array,256,3,4.4617,3802318259966007189
sorted_array,256,4,4.4800,3802318259966007189
sorted_array,256,5,4.4769,3802318259966007189
sorted_array,256,6,4.4846,3802318259966007189
sorted_array,256,7,4.5120,3802318259966007189
sorted_array,256,8,4.4662,3802318259966007189
sorted_array,256,9,4.4662,3802318259966007189
sorted_array,256,10,4.4724,3802318259966007189
sorted_array,256,11,4.4739,3802318259966007189
sorted_array,256,12,4.4769,3802318259966007189
sorted_array,256,13,4.5029,3802318259966007189
sorted_array,256,14,4.4601,3802318259966007189
btree8,256,0,21.6705,3802318259966007189
btree8,256,1,21.0281,3802318259966007189
btree8,256,2,20.9641,3802318259966007189
btree8,256,3,21.0373,3802318259966007189
btree8,256,4,20.9900,3802318259966007189
btree8,256,5,21.0342,3802318259966007189
btree8,256,6,21.2204,3802318259966007189
btree8,256,7,21.3806,3802318259966007189
btree8,256,8,21.3135,3802318259966007189
btree8,256,9,21.3058,3802318259966007189
btree8,256,10,21.3379,3802318259966007189
btree8,256,11,21.4066,3802318259966007189
btree8,256,12,21.2936,3802318259966007189
btree8,256,13,21.2967,3802318259966007189
btree8,256,14,21.2936,3802318259966007189
btree8_bl,256,0,13.2950,3802318259966007189
btree8_bl,256,1,13.4323,3802318259966007189
btree8_bl,256,2,13.2172,3802318259966007189
btree8_bl,256,3,13.0127,3802318259966007189
btree8_bl,256,4,13.2675,3802318259966007189
btree8_bl,256,5,12.9288,3802318259966007189
btree8_bl,256,6,13.0569,3802318259966007189
btree8_bl,256,7,12.9501,3802318259966007189
btree8_bl,256,8,12.9837,3802318259966007189
btree8_bl,256,9,13.0096,3802318259966007189
btree8_bl,256,10,12.9807,3802318259966007189
btree8_bl,256,11,12.9578,3802318259966007189
btree8_bl,256,12,12.8983,3802318259966007189
btree8_bl,256,13,12.9242,3802318259966007189
btree8_bl,256,14,12.9318,3802318259966007189
btree8_a64,256,0,19.6014,3802318259966007189
btree8_a64,256,1,19.3085,3802318259966007189
btree8_a64,256,2,19.6991,3802318259966007189
btree8_a64,256,3,19.5877,3802318259966007189
btree8_a64,256,4,19.6503,3802318259966007189
btree8_a64,256,5,19.6823,3802318259966007189
btree8_a64,256,6,19.5938,3802318259966007189
btree8_a64,256,7,19.6091,3802318259966007189
btree8_a64,256,8,19.6014,3802318259966007189
btree8_a64,256,9,19.6472,3802318259966007189
btree8_a64,256,10,19.5679,3802318259966007189
btree8_a64,256,11,19.6182,3802318259966007189
btree8_a64,256,12,19.6259,3802318259966007189
btree8_a64,256,13,19.6014,3802318259966007189
btree8_a64,256,14,19.6259,3802318259966007189
btree8_bl_a64,256,0,11.8149,3802318259966007189
btree8_bl_a64,256,1,11.5845,3802318259966007189
btree8_bl_a64,256,2,11.3754,3802318259966007189
btree8_bl_a64,256,3,11.5479,3802318259966007189
btree8_bl_a64,256,4,11.7828,3802318259966007189
btree8_bl_a64,256,5,11.7752,3802318259966007189
btree8_bl_a64,256,6,11.6684,3802318259966007189
btree8_bl_a64,256,7,11.6684,3802318259966007189
btree8_bl_a64,256,8,11.6699,3802318259966007189
btree8_bl_a64,256,9,11.5829,3802318259966007189
btree8_bl_a64,256,10,11.6623,3802318259966007189
btree8_bl_a64,256,11,11.6028,3802318259966007189
btree8_bl_a64,256,12,11.6730,3802318259966007189
btree8_bl_a64,256,13,11.5784,3802318259966007189
btree8_bl_a64,256,14,11.5494,3802318259966007189
btree16_bl_a64,256,0,5.0262,3802318259966007189
btree16_bl_a64,256,1,4.7668,3802318259966007189
btree16_bl_a64,256,2,4.6448,3802318259966007189
btree16_bl_a64,256,3,4.6341,3802318259966007189
btree16_bl_a64,256,4,4.6051,3802318259966007189
btree16_bl_a64,256,5,4.5898,3802318259966007189
btree16_bl_a64,256,6,4.5792,3802318259966007189
btree16_bl_a64,256,7,4.6082,3802318259966007189
btree16_bl_a64,256,8,4.5517,3802318259966007189
btree16_bl_a64,256,9,4.5578,3802318259966007189
btree16_bl_a64,256,10,4.5700,3802318259966007189
btree16_bl_a64,256,11,4.5471,3802318259966007189
btree16_bl_a64,256,12,4.5288,3802318259966007189
btree16_bl_a64,256,13,4.5715,3802318259966007189
btree16_bl_a64,256,14,4.7867,3802318259966007189
fusion8,256,0,36.0947,3802318259966007189
fusion8,256,1,35.5637,3802318259966007189
fusion8,256,2,35.6110,3802318259966007189
fusion8,256,3,35.6003,3802318259966007189
fusion8,256,4,35.5179,3802318259966007189
fusion8,256,5,35.4904,3802318259966007189
fusion8,256,6,35.5164,3802318259966007189
fusion8,256,7,35.5042,3802318259966007189
fusion8,256,8,36.7935,3802318259966007189
fusion8,256,9,35.7712,3802318259966007189
fusion8,256,10,35.5362,3802318259966007189
fusion8,256,11,35.6247,3802318259966007189
fusion8,256,12,35.5377,3802318259966007189
fusion8,256,13,35.5042,3802318259966007189
fusion8,256,14,35.6049,3802318259966007189
fusion8_bf,256,0,37.5626,3802318259966007189
fusion8_bf,256,1,37.5198,3802318259966007189
fusion8_bf,256,2,37.4680,3802318259966007189
fusion8_bf,256,3,37.5290,3802318259966007189
fusion8_bf,256,4,37.5839,3802318259966007189
fusion8_bf,256,5,37.5076,3802318259966007189
fusion8_bf,256,6,37.4847,3802318259966007189
fusion8_bf,256,7,37.4344,3802318259966007189
fusion8_bf,256,8,37.4924,3802318259966007189
fusion8_bf,256,9,37.6419,3802318259966007189
fusion8_bf,256,10,37.5412,3802318259966007189
fusion8_bf,256,11,37.4680,3802318259966007189
fusion8_bf,256,12,37.6022,3802318259966007189
fusion8_bf,256,13,37.5366,3802318259966007189
fusion8_bf,256,14,37.4573,3802318259966007189
fusion8_c,256,0,37.5198,3802318259966007189
fusion8_c,256,1,36.9690,3802318259966007189
fusion8_c,256,2,37.0865,3802318259966007189
fusion8_c,256,3,36.9629,3802318259966007189
fusion8_c,256,4,36.8835,3802318259966007189
fusion8_c,256,5,36.9431,3802318259966007189
fusion8_c,256,6,37.0865,3802318259966007189
fusion8_c,256,7,36.8607,3802318259966007189
fusion8_c,256,8,36.8637,3802318259966007189
fusion8_c,256,9,36.8286,3802318259966007189
fusion8_c,256,10,37.1429,3802318259966007189
fusion8_c,256,11,36.9186,3802318259966007189
fusion8_c,256,12,36.8393,3802318259966007189
fusion8_c,256,13,36.8225,3802318259966007189
fusion8_c,256,14,37.0071,3802318259966007189
fusion16_w,256,0,27.6855,3802318259966007189
fusion16_w,256,1,27.8793,3802318259966007189
fusion16_w,256,2,27.5787,3802318259966007189
fusion16_w,256,3,27.5421,3802318259966007189
fusion16_w,256,4,27.5711,3802318259966007189
fusion16_w,256,5,27.7267,3802318259966007189
fusion16_w,256,6,27.4704,3802318259966007189
fusion16_w,256,7,27.4750,3802318259966007189
fusion16_w,256,8,27.4918,3802318259966007189
fusion16_w,256,9,27.4536,3802318259966007189
fusion16_w,256,10,27.4933,3802318259966007189
fusion16_w,256,11,27.8534,3802318259966007189
fusion16_w,256,12,27.4902,3802318259966007189
fusion16_w,256,13,27.7725,3802318259966007189
fusion16_w,256,14,27.4597,3802318259966007189
sorted_array,512,0,5.0674,18445980686323395203
sorted_array,512,1,5.0659,18445980686323395203
sorted_array,512,2,5.0888,18445980686323395203
sorted_array,512,3,5.0629,18445980686323395203
sorted_array,512,4,5.0552,18445980686323395203
sorted_array,512,5,5.0583,18445980686323395203
sorted_array,512,6,5.0507,18445980686323395203
sorted_array,512,7,5.0812,18445980686323395203
sorted_array,512,8,5.0507,18445980686323395203
sorted_array,512,9,5.0491,18445980686323395203
sorted_array,512,10,5.0537,18445980686323395203
sorted_array,512,11,5.0537,18445980686323395203
sorted_array,512,12,5.0888,18445980686323395203
sorted_array,512,13,5.0522,18445980686323395203
sorted_array,512,14,5.0537,18445980686323395203
btree8,512,0,24.1241,18445980686323395203
btree8,512,1,23.7076,18445980686323395203
btree8,512,2,23.9990,18445980686323395203
btree8,512,3,23.8525,18445980686323395203
btree8,512,4,23.4711,18445980686323395203
btree8,512,5,23.7488,18445980686323395203
btree8,512,6,23.7762,18445980686323395203
btree8,512,7,23.8068,18445980686323395203
btree8,512,8,23.7961,18445980686323395203
btree8,512,9,23.4543,18445980686323395203
btree8,512,10,23.1934,18445980686323395203
btree8,512,11,23.1110,18445980686323395203
btree8,512,12,23.1827,18445980686323395203
btree8,512,13,23.3139,18445980686323395203
btree8,512,14,22.9996,18445980686323395203
btree8_bl,512,0,8.6914,18445980686323395203
btree8_bl,512,1,8.4930,18445980686323395203
btree8_bl,512,2,8.4335,18445980686323395203
btree8_bl,512,3,8.4503,18445980686323395203
btree8_bl,512,4,8.3923,18445980686323395203
btree8_bl,512,5,8.3557,18445980686323395203
btree8_bl,512,6,8.3832,18445980686323395203
btree8_bl,512,7,8.3481,18445980686323395203
btree8_bl,512,8,8.3374,18445980686323395203
btree8_bl,512,9,8.3282,18445980686323395203
btree8_bl,512,10,8.3710,18445980686323395203
btree8_bl,512,11,8.5297,18445980686323395203
btree8_bl,512,12,8.3313,18445980686323395203
btree8_bl,512,13,8.3527,18445980686323395203
btree8_bl,512,14,8.3237,18445980686323395203
btree8_a64,512,0,21.9269,18445980686323395203
btree8_a64,512,1,21.6248,18445980686323395203
btree8_a64,512,2,21.5408,18445980686323395203
btree8_a64,512,3,21.7117,18445980686323395203
btree8_a64,512,4,21.6461,18445980686323395203
btree8_a64,512,5,22.2183,18445980686323395203
btree8_a64,512,6,21.9894,18445980686323395203
btree8_a64,512,7,22.0200,18445980686323395203
btree8_a64,512,8,21.9833,18445980686323395203
btree8_a64,512,9,21.9406,18445980686323395203
btree8_a64,512,10,21.9208,18445980686323395203
btree8_a64,512,11,22.1298,18445980686323395203
btree8_a64,512,12,21.8735,18445980686323395203
btree8_a64,512,13,21.5561,18445980686323395203
btree8_a64,512,14,21.5881,18445980686323395203
btree8_bl_a64,512,0,7.9666,18445980686323395203
btree8_bl_a64,512,1,7.8247,18445980686323395203
btree8_bl_a64,512,2,7.8476,18445980686323395203
btree8_bl_a64,512,3,7.7484,18445980686323395203
btree8_bl_a64,512,4,7.7255,18445980686323395203
btree8_bl_a64,512,5,7.7194,18445980686323395203
btree8_bl_a64,512,6,7.7515,18445980686323395203
btree8_bl_a64,512,7,7.7240,18445980686323395203
btree8_bl_a64,512,8,7.7072,18445980686323395203
btree8_bl_a64,512,9,7.9437,18445980686323395203
btree8_bl_a64,512,10,7.7454,18445980686323395203
btree8_bl_a64,512,11,7.6981,18445980686323395203
btree8_bl_a64,512,12,7.6889,18445980686323395203
btree8_bl_a64,512,13,7.6950,18445980686323395203
btree8_bl_a64,512,14,7.7164,18445980686323395203
btree16_bl_a64,512,0,14.7034,18445980686323395203
btree16_bl_a64,512,1,14.2349,18445980686323395203
btree16_bl_a64,512,2,14.0671,18445980686323395203
btree16_bl_a64,512,3,14.0533,18445980686323395203
btree16_bl_a64,512,4,13.9984,18445980686323395203
btree16_bl_a64,512,5,13.9694,18445980686323395203
btree16_bl_a64,512,6,13.9099,18445980686323395203
btree16_bl_a64,512,7,14.1876,18445980686323395203
btree16_bl_a64,512,8,14.0472,18445980686323395203
btree16_bl_a64,512,9,14.1907,18445980686323395203
btree16_bl_a64,512,10,14.2151,18445980686323395203
btree16_bl_a64,512,11,14.1876,18445980686323395203
btree16_bl_a64,512,12,14.1525,18445980686323395203
btree16_bl_a64,512,13,21.1533,18445980686323395203
btree16_bl_a64,512,14,36.7264,18445980686323395203
fusion8,512,0,35.6995,18445980686323395203
fusion8,512,1,35.1974,18445980686323395203
fusion8,512,2,35.3165,18445980686323395203
fusion8,512,3,35.2097,18445980686323395203
fusion8,512,4,36.3205,18445980686323395203
fusion8,512,5,35.0235,18445980686323395203
fusion8,512,6,35.0006,18445980686323395203
fusion8,512,7,35.0464,18445980686323395203
fusion8,512,8,35.1105,18445980686323395203
fusion8,512,9,41.2430,18445980686323395203
fusion8,512,10,35.1517,18445980686323395203
fusion8,512,11,34.9243,18445980686323395203
fusion8,512,12,35.0098,18445980686323395203
fusion8,512,13,34.9564,18445980686323395203
fusion8,512,14,35.0174,18445980686323395203
fusion8_bf,512,0,38.3194,18445980686323395203
fusion8_bf,512,1,38.0203,18445980686323395203
fusion8_bf,512,2,37.9257,18445980686323395203
fusion8_bf,512,3,37.9089,18445980686323395203
fusion8_bf,512,4,38.0539,18445980686323395203
fusion8_bf,512,5,37.3566,18445980686323395203
fusion8_bf,512,6,37.1460,18445980686323395203
fusion8_bf,512,7,37.2772,18445980686323395203
fusion8_bf,512,8,37.7380,18445980686323395203
fusion8_bf,512,9,37.8952,18445980686323395203
fusion8_bf,512,10,37.8281,18445980686323395203
fusion8_bf,512,11,37.8387,18445980686323395203
fusion8_bf,512,12,37.2208,18445980686323395203
fusion8_bf,512,13,37.2498,18445980686323395203
fusion8_bf,512,14,37.0682,18445980686323395203
fusion8_c,512,0,38.2736,18445980686323395203
fusion8_c,512,1,38.6108,18445980686323395203
fusion8_c,512,2,38.6002,18445980686323395203
fusion8_c,512,3,38.3835,18445980686323395203
fusion8_c,512,4,37.8845,18445980686323395203
fusion8_c,512,5,37.8235,18445980686323395203
fusion8_c,512,6,38.2416,18445980686323395203
fusion8_c,512,7,38.5742,18445980686323395203
fusion8_c,512,8,38.6414,18445980686323395203
fusion8_c,512,9,38.5818,18445980686323395203
fusion8_c,512,10,38.1439,18445980686323395203
fusion8_c,512,11,37.8479,18445980686323395203
fusion8_c,512,12,38.1973,18445980686323395203
fusion8_c,512,13,38.6154,18445980686323395203
fusion8_c,512,14,38.6063,18445980686323395203
fusion16_w,512,0,42.2394,18445980686323395203
fusion16_w,512,1,41.9342,18445980686323395203
fusion16_w,512,2,41.3086,18445980686323395203
fusion16_w,512,3,41.9083,18445980686323395203
fusion16_w,512,4,42.0654,18445980686323395203
fusion16_w,512,5,41.8808,18445980686323395203
fusion16_w,512,6,41.8869,18445980686323395203
fusion16_w,512,7,41.1789,18445980686323395203
fusion16_w,512,8,41.1316,18445980686323395203
fusion16_w,512,9,41.6779,18445980686323395203
fusion16_w,512,10,42.0990,18445980686323395203
fusion16_w,512,11,41.8839,18445980686323395203
fusion16_w,512,12,41.8747,18445980686323395203
fusion16_w,512,13,41.8365,18445980686323395203
fusion16_w,512,14,42.1188,18445980686323395203
sorted_array,1024,0,5.8441,13330139387826418850
sorted_array,1024,1,5.8060,13330139387826418850
sorted_array,1024,2,5.8151,13330139387826418850
sorted_array,1024,3,5.8090,13330139387826418850
sorted_array,1024,4,5.8105,13330139387826418850
sorted_array,1024,5,5.8380,13330139387826418850
sorted_array,1024,6,5.8121,13330139387826418850
sorted_array,1024,7,5.8319,13330139387826418850
sorted_array,1024,8,5.8090,13330139387826418850
sorted_array,1024,9,5.8563,13330139387826418850
sorted_array,1024,10,5.8105,13330139387826418850
sorted_array,1024,11,5.8060,13330139387826418850
sorted_array,1024,12,5.8060,13330139387826418850
sorted_array,1024,13,5.8075,13330139387826418850
sorted_array,1024,14,5.8411,13330139387826418850
btree8,1024,0,27.4521,13330139387826418850
btree8,1024,1,26.4816,13330139387826418850
btree8,1024,2,26.6373,13330139387826418850
btree8,1024,3,26.8280,13330139387826418850
btree8,1024,4,27.1851,13330139387826418850
btree8,1024,5,26.7914,13330139387826418850
btree8,1024,6,26.8631,13330139387826418850
btree8,1024,7,27.1774,13330139387826418850
btree8,1024,8,26.9791,13330139387826418850
btree8,1024,9,26.6327,13330139387826418850
btree8,1024,10,26.9165,13330139387826418850
btree8,1024,11,26.5381,13330139387826418850
btree8,1024,12,26.4389,13330139387826418850
btree8,1024,13,26.6388,13330139387826418850
btree8,1024,14,27.0401,13330139387826418850
btree8_bl,1024,0,21.2646,13330139387826418850
btree8_bl,1024,1,21.2067,13330139387826418850
btree8_bl,1024,2,21.1197,13330139387826418850
btree8_bl,1024,3,21.1166,13330139387826418850
btree8_bl,1024,4,20.9412,13330139387826418850
btree8_bl,1024,5,20.9778,13330139387826418850
btree8_bl,1024,6,21.0526,13330139387826418850
btree8_bl,1024,7,20.9503,13330139387826418850
btree8_bl,1024,8,20.9747,13330139387826418850
btree8_bl,1024,9,20.9366,13330139387826418850
btree8_bl,1024,10,20.8939,13330139387826418850
btree8_bl,1024,11,20.9412,13330139387826418850
btree8_bl,1024,12,20.9152,13330139387826418850
btree8_bl,1024,13,20.9503,13330139387826418850
btree8_bl,1024,14,20.9091,13330139387826418850
btree8_a64,1024,0,25.5035,13330139387826418850
btree8_a64,1024,1,24.9237,13330139387826418850
btree8_a64,1024,2,24.7040,13330139387826418850
btree8_a64,1024,3,24.3820,13330139387826418850
btree8_a64,1024,4,24.8672,13330139387826418850
btree8_a64,1024,5,24.8779,13330139387826418850
btree8_a64,1024,6,24.8779,13330139387826418850
btree8_a64,1024,7,25.0107,13330139387826418850
btree8_a64,1024,8,24.9908,13330139387826418850
btree8_a64,1024,9,24.8489,13330139387826418850
btree8_a64,1024,10,24.8001,13330139387826418850
btree8_a64,1024,11,24.7787,13330139387826418850
btree8_a64,1024,12,24.8764,13330139387826418850
btree8_a64,1024,13,24.8154,13330139387826418850
btree8_a64,1024,14,24.8535,13330139387826418850
btree8_bl_a64,1024,0,18.9896,13330139387826418850
btree8_bl_a64,1024,1,19.1513,13330139387826418850
btree8_bl_a64,1024,2,19.0979,13330139387826418850
btree8_bl_a64,1024,3,19.0140,13330139387826418850
btree8_bl_a64,1024,4,19.1330,13330139387826418850
btree8_bl_a64,1024,5,19.1788,13330139387826418850
btree8_bl_a64,1024,6,19.1940,13330139387826418850
btree8_bl_a64,1024,7,19.2352,13330139387826418850
btree8_bl_a64,1024,8,18.8431,13330139387826418850
btree8_bl_a64,1024,9,18.7347,13330139387826418850
btree8_bl_a64,1024,10,18.7866,13330139387826418850
btree8_bl_a64,1024,11,19.1147,13330139387826418850
btree8_bl_a64,1024,12,19.1193,13330139387826418850
btree8_bl_a64,1024,13,19.1437,13330139387826418850
btree8_bl_a64,1024,14,19.2642,13330139387826418850
btree16_bl_a64,1024,0,11.5875,13330139387826418850
btree16_bl_a64,1024,1,11.4227,13330139387826418850
btree16_bl_a64,1024,2,11.3968,13330139387826418850
btree16_bl_a64,1024,3,11.3892,13330139387826418850
btree16_bl_a64,1024,4,11.2915,13330139387826418850
btree16_bl_a64,1024,5,11.2961,13330139387826418850
btree16_bl_a64,1024,6,11.2289,13330139387826418850
btree16_bl_a64,1024,7,11.2762,13330139387826418850
btree16_bl_a64,1024,8,11.1938,13330139387826418850
btree16_bl_a64,1024,9,11.0794,13330139387826418850
btree16_bl_a64,1024,10,10.9909,13330139387826418850
btree16_bl_a64,1024,11,10.9665,13330139387826418850
btree16_bl_a64,1024,12,10.9589,13330139387826418850
btree16_bl_a64,1024,13,11.0046,13330139387826418850
btree16_bl_a64,1024,14,11.0138,13330139387826418850
fusion8,1024,0,45.4712,13330139387826418850
fusion8,1024,1,44.6335,13330139387826418850
fusion8,1024,2,44.5923,13330139387826418850
fusion8,1024,3,44.3817,13330139387826418850
fusion8,1024,4,44.5389,13330139387826418850
fusion8,1024,5,44.6411,13330139387826418850
fusion8,1024,6,44.5480,13330139387826418850
fusion8,1024,7,44.6487,13330139387826418850
fusion8,1024,8,44.5526,13330139387826418850
fusion8,1024,9,44.6854,13330139387826418850
fusion8,1024,10,44.6701,13330139387826418850
fusion8,1024,11,44.5297,13330139387826418850
fusion8,1024,12,44.6854,13330139387826418850
fusion8,1024,13,44.6732,13330139387826418850
fusion8,1024,14,44.7586,13330139387826418850
fusion8_bf,1024,0,52.2629,13330139387826418850
fusion8_bf,1024,1,50.2121,13330139387826418850
fusion8_bf,1024,2,49.6841,13330139387826418850
fusion8_bf,1024,3,49.6490,13330139387826418850
fusion8_bf,1024,4,49.6124,13330139387826418850
fusion8_bf,1024,5,48.8708,13330139387826418850
fusion8_bf,1024,6,48.7747,13330139387826418850
fusion8_bf,1024,7,49.1150,13330139387826418850
fusion8_bf,1024,8,49.6307,13330139387826418850
fusion8_bf,1024,9,49.6185,13330139387826418850
fusion8_bf,1024,10,48.9578,13330139387826418850
fusion8_bf,1024,11,49.5316,13330139387826418850
fusion8_bf,1024,12,49.6109,13330139387826418850
fusion8_bf,1024,13,49.6124,13330139387826418850
fusion8_bf,1024,14,49.5956,13330139387826418850
fusion8_c,1024,0,51.3962,13330139387826418850
fusion8_c,1024,1,51.2100,13330139387826418850
fusion8_c,1024,2,51.1444,13330139387826418850
fusion8_c,1024,3,51.1673,13330139387826418850
fusion8_c,1024,4,51.1322,13330139387826418850
fusion8_c,1024,5,51.1673,13330139387826418850
fusion8_c,1024,6,51.1856,13330139387826418850
fusion8_c,1024,7,51.1444,13330139387826418850
fusion8_c,1024,8,50.3098,13330139387826418850
fusion8_c,1024,9,50.1953,13330139387826418850
fusion8_c,1024,10,50.9827,13330139387826418850
fusion8_c,1024,11,51.2161,13330139387826418850
fusion8_c,1024,12,51.2863,13330139387826418850
fusion8_c,1024,13,50.9552,13330139387826418850
fusion8_c,1024,14,50.1633,13330139387826418850
fusion16_w,1024,0,47.6028,13330139387826418850
fusion16_w,1024,1,47.6288,13330139387826418850
fusion16_w,1024,2,47.6486,13330139387826418850
fusion16_w,1024,3,47.5586,13330139387826418850
fusion16_w,1024,4,47.6074,13330139387826418850
fusion16_w,1024,5,47.8226,13330139387826418850
fusion16_w,1024,6,47.7783,13330139387826418850
fusion16_w,1024,7,47.7158,13330139387826418850
fusion16_w,1024,8,47.2153,13330139387826418850
fusion16_w,1024,9,46.7346,13330139387826418850
fusion16_w,1024,10,47.3572,13330139387826418850
fusion16_w,1024,11,47.5510,13330139387826418850
fusion16_w,1024,12,47.5067,13330139387826418850
fusion16_w,1024,13,46.6461,13330139387826418850
fusion16_w,1024,14,46.7926,13330139387826418850
sorted_array,2048,0,6.4087,8649855807846794996
sorted_array,2048,1,6.3904,8649855807846794996
sorted_array,2048,2,6.3995,8649855807846794996
sorted_array,2048,3,6.4377,8649855807846794996
sorted_array,2048,4,6.3950,8649855807846794996
sorted_array,2048,5,6.3904,8649855807846794996
sorted_array,2048,6,6.3965,8649855807846794996
sorted_array,2048,7,6.4240,8649855807846794996
sorted_array,2048,8,6.3919,8649855807846794996
sorted_array,2048,9,6.3873,8649855807846794996
sorted_array,2048,10,6.3919,8649855807846794996
sorted_array,2048,11,6.3858,8649855807846794996
sorted_array,2048,12,6.4331,8649855807846794996
sorted_array,2048,13,6.3812,8649855807846794996
sorted_array,2048,14,6.3522,8649855807846794996
btree8,2048,0,31.1203,8649855807846794996
btree8,2048,1,30.8762,8649855807846794996
btree8,2048,2,30.7129,8649855807846794996
btree8,2048,3,30.8136,8649855807846794996
btree8,2048,4,30.7327,8649855807846794996
btree8,2048,5,30.7709,8649855807846794996
btree8,2048,6,30.3711,8649855807846794996
btree8,2048,7,30.2200,8649855807846794996
btree8,2048,8,30.0079,8649855807846794996
btree8,2048,9,29.8431,8649855807846794996
btree8,2048,10,30.1239,8649855807846794996
btree8,2048,11,29.9210,8649855807846794996
btree8,2048,12,30.0201,8649855807846794996
btree8,2048,13,29.6921,8649855807846794996
btree8,2048,14,29.6738,8649855807846794996
btree8_bl,2048,0,17.7139,8649855807846794996
btree8_bl,2048,1,17.5919,8649855807846794996
btree8_bl,2048,2,17.6437,8649855807846794996
btree8_bl,2048,3,17.5171,8649855807846794996
btree8_bl,2048,4,17.2897,8649855807846794996
btree8_bl,2048,5,17.3904,8649855807846794996
btree8_bl,2048,6,17.6697,8649855807846794996
btree8_bl,2048,7,17.5415,8649855807846794996
btree8_bl,2048,8,17.4545,8649855807846794996
btree8_bl,2048,9,17.5247,8649855807846794996
btree8_bl,2048,10,17.4438,8649855807846794996
btree8_bl,2048,11,17.5171,8649855807846794996
btree8_bl,2048,12,17.4942,8649855807846794996
btree8_bl,2048,13,17.4698,8649855807846794996
btree8_bl,2048,14,17.1204,8649855807846794996
btree8_a64,2048,0,28.8040,8649855807846794996
btree8_a64,2048,1,28.4836,8649855807846794996
btree8_a64,2048,2,28.6942,8649855807846794996
btree8_a64,2048,3,29.0054,8649855807846794996
btree8_a64,2048,4,28.9948,8649855807846794996
btree8_a64,2048,5,28.9581,8649855807846794996
btree8_a64,2048,6,28.9612,8649855807846794996
btree8_a64,2048,7,29.0268,8649855807846794996
btree8_a64,2048,8,28.3615,8649855807846794996
btree8_a64,2048,9,28.3981,8649855807846794996
btree8_a64,2048,10,28.4821,8649855807846794996
btree8_a64,2048,11,28.4058,8649855807846794996
btree8_a64,2048,12,28.3676,8649855807846794996
btree8_a64,2048,13,28.3905,8649855807846794996
btree8_a64,2048,14,28.3875,8649855807846794996
btree8_bl_a64,2048,0,16.1591,8649855807846794996
btree8_bl_a64,2048,1,16.0141,8649855807846794996
btree8_bl_a64,2048,2,15.8340,8649855807846794996
btree8_bl_a64,2048,3,15.8722,8649855807846794996
btree8_bl_a64,2048,4,15.8401,8649855807846794996
btree8_bl_a64,2048,5,15.7196,8649855807846794996
btree8_bl_a64,2048,6,15.7532,8649855807846794996
btree8_bl_a64,2048,7,15.7272,8649855807846794996
btree8_bl_a64,2048,8,16.0324,8649855807846794996
btree8_bl_a64,2048,9,16.0294,8649855807846794996
btree8_bl_a64,2048,10,16.0156,8649855807846794996
btree8_bl_a64,2048,11,15.9882,8649855807846794996
btree8_bl_a64,2048,12,15.8859,8649855807846794996
btree8_bl_a64,2048,13,15.9531,8649855807846794996
btree8_bl_a64,2048,14,15.9302,8649855807846794996
btree16_bl_a64,2048,0,9.4421,8649855807846794996
btree16_bl_a64,2048,1,9.2682,8649855807846794996
btree16_bl_a64,2048,2,9.1370,8649855807846794996
btree16_bl_a64,2048,3,9.1003,8649855807846794996
btree16_bl_a64,2048,4,9.0897,8649855807846794996
btree16_bl_a64,2048,5,9.0347,8649855807846794996
btree16_bl_a64,2048,6,9.0057,8649855807846794996
btree16_bl_a64,2048,7,9.0134,8649855807846794996
btree16_bl_a64,2048,8,9.0302,8649855807846794996
btree16_bl_a64,2048,9,8.9951,8649855807846794996
btree16_bl_a64,2048,10,8.9706,8649855807846794996
btree16_bl_a64,2048,11,9.0134,8649855807846794996
btree16_bl_a64,2048,12,8.9569,8649855807846794996
btree16_bl_a64,2048,13,9.0576,8649855807846794996
btree16_bl_a64,2048,14,9.1324,8649855807846794996
fusion8,2048,0,52.0615,8649855807846794996
fusion8,2048,1,51.5610,8649855807846794996
fusion8,2048,2,51.3306,8649855807846794996
fusion8,2048,3,51.2650,8649855807846794996
fusion8,2048,4,51.3504,8649855807846794996
fusion8,2048,5,51.2299,8649855807846794996
fusion8,2048,6,51.1719,8649855807846794996
fusion8,2048,7,50.8957,8649855807846794996
fusion8,2048,8,50.6516,8649855807846794996
fusion8,2048,9,51.3321,8649855807846794996
fusion8,2048,10,51.1795,8649855807846794996
fusion8,2048,11,51.2390,8649855807846794996
fusion8,2048,12,51.3794,8649855807846794996
fusion8,2048,13,51.5747,8649855807846794996
fusion8,2048,14,52.3193,8649855807846794996
fusion8_bf,2048,0,54.5792,8649855807846794996
fusion8_bf,2048,1,54.7791,8649855807846794996
fusion8_bf,2048,2,59.9152,8649855807846794996
fusion8_bf,2048,3,54.6829,8649855807846794996
fusion8_bf,2048,4,58.0246,8649855807846794996
fusion8_bf,2048,5,56.5887,8649855807846794996
fusion8_bf,2048,6,66.5970,8649855807846794996
fusion8_bf,2048,7,54.2984,8649855807846794996
fusion8_bf,2048,8,57.7026,8649855807846794996
fusion8_bf,2048,9,54.2969,8649855807846794996
fusion8_bf,2048,10,54.3213,8649855807846794996
fusion8_bf,2048,11,54.0405,8649855807846794996
fusion8_bf,2048,12,54.1626,8649855807846794996
fusion8_bf,2048,13,54.1809,8649855807846794996
fusion8_bf,2048,14,54.1199,8649855807846794996
fusion8_c,2048,0,53.6087,8649855807846794996
fusion8_c,2048,1,52.6230,8649855807846794996
fusion8_c,2048,2,52.6199,8649855807846794996
fusion8_c,2048,3,52.5360,8649855807846794996
fusion8_c,2048,4,52.4765,8649855807846794996
fusion8_c,2048,5,53.4088,8649855807846794996
fusion8_c,2048,6,52.7893,8649855807846794996
fusion8_c,2048,7,52.6810,8649855807846794996
fusion8_c,2048,8,52.6001,8649855807846794996
fusion8_c,2048,9,58.1436,8649855807846794996
fusion8_c,2048,10,52.4612,8649855807846794996
fusion8_c,2048,11,52.4033,8649855807846794996
fusion8_c,2048,12,52.4796,8649855807846794996
fusion8_c,2048,13,52.4460,8649855807846794996
fusion8_c,2048,14,52.3132,8649855807846794996
fusion16_w,2048,0,49.5819,8649855807846794996
fusion16_w,2048,1,49.3011,8649855807846794996
fusion16_w,2048,2,49.2126,8649855807846794996
fusion16_w,2048,3,49.4354,8649855807846794996
fusion16_w,2048,4,49.2798,8649855807846794996
fusion16_w,2048,5,49.2599,8649855807846794996
fusion16_w,2048,6,53.7292,8649855807846794996
fusion16_w,2048,7,49.6170,8649855807846794996
fusion16_w,2048,8,49.1577,8649855807846794996
fusion16_w,2048,9,49.2798,8649855807846794996
fusion16_w,2048,10,49.2188,8649855807846794996
fusion16_w,2048,11,49.1852,8649855807846794996
fusion16_w,2048,12,49.1348,8649855807846794996
fusion16_w,2048,13,49.3469,8649855807846794996
fusion16_w,2048,14,49.3088,8649855807846794996
sorted_array,4096,0,7.2800,201817674810245547
sorted_array,4096,1,7.3135,201817674810245547
sorted_array,4096,2,7.2754,201817674810245547
sorted_array,4096,3,7.2708,201817674810245547
sorted_array,4096,4,7.2769,201817674810245547
sorted_array,4096,5,7.2784,201817674810245547
sorted_array,4096,6,7.3090,201817674810245547
sorted_array,4096,7,7.2769,201817674810245547
sorted_array,4096,8,7.2754,201817674810245547
sorted_array,4096,9,7.2739,201817674810245547
sorted_array,4096,10,7.3181,201817674810245547
sorted_array,4096,11,7.2693,201817674810245547
sorted_array,4096,12,7.2754,201817674810245547
sorted_array,4096,13,7.3044,201817674810245547
sorted_array,4096,14,7.2723,201817674810245547
btree8,4096,0,33.7143,201817674810245547
btree8,4096,1,33.4808,201817674810245547
btree8,4096,2,33.3694,201817674810245547
btree8,4096,3,33.2413,201817674810245547
btree8,4096,4,33.2626,201817674810245547
btree8,4096,5,33.1268,201817674810245547
btree8,4096,6,32.9697,201817674810245547
btree8,4096,7,33.0704,201817674810245547
btree8,4096,8,32.8018,201817674810245547
btree8,4096,9,33.2047,201817674810245547
btree8,4096,10,32.8018,201817674810245547
btree8,4096,11,32.7332,201817674810245547
btree8,4096,12,32.9391,201817674810245547
btree8,4096,13,33.1757,201817674810245547
btree8,4096,14,33.1406,201817674810245547
btree8_bl,4096,0,13.9511,201817674810245547
btree8_bl,4096,1,13.8321,201817674810245547
btree8_bl,4096,2,13.8107,201817674810245547
btree8_bl,4096,3,13.7787,201817674810245547
btree8_bl,4096,4,13.6658,201817674810245547
btree8_bl,4096,5,13.6353,201817674810245547
btree8_bl,4096,6,13.6368,201817674810245547
btree8_bl,4096,7,13.6017,201817674810245547
btree8_bl,4096,8,13.6353,201817674810245547
btree8_bl,4096,9,13.5590,201817674810245547
btree8_bl,4096,10,13.6322,201817674810245547
btree8_bl,4096,11,13.5895,201817674810245547
btree8_bl,4096,12,13.6093,201817674810245547
btree8_bl,4096,13,13.5300,201817674810245547
btree8_bl,4096,14,13.5498,201817674810245547
btree8_a64,4096,0,32.0175,201817674810245547
btree8_a64,4096,1,31.2881,201817674810245547
btree8_a64,4096,2,31.4102,201817674810245547
btree8_a64,4096,3,31.1935,201817674810245547
btree8_a64,4096,4,31.1813,201817674810245547
btree8_a64,4096,5,31.1417,201817674810245547
btree8_a64,4096,6,31.0867,201817674810245547
btree8_a64,4096,7,31.1157,201817674810245547
btree8_a64,4096,8,31.1920,201817674810245547
btree8_a64,4096,9,31.0730,201817674810245547
btree8_a64,4096,10,31.6559,201817674810245547
btree8_a64,4096,11,31.0791,201817674810245547
btree8_a64,4096,12,31.1630,201817674810245547
btree8_a64,4096,13,31.0165,201817674810245547
btree8_a64,4096,14,31.1157,201817674810245547
btree8_bl_a64,4096,0,13.3072,201817674810245547
btree8_bl_a64,4096,1,12.6877,201817674810245547
btree8_bl_a64,4096,2,12.5702,201817674810245547
btree8_bl_a64,4096,3,12.4786,201817674810245547
btree8_bl_a64,4096,4,12.4802,201817674810245547
btree8_bl_a64,4096,5,12.4435,201817674810245547
btree8_bl_a64,4096,6,12.4802,201817674810245547
btree8_bl_a64,4096,7,12.4069,201817674810245547
btree8_bl_a64,4096,8,12.6053,201817674810245547
btree8_bl_a64,4096,9,12.4329,201817674810245547
btree8_bl_a64,4096,10,12.3932,201817674810245547
btree8_bl_a64,4096,11,12.4466,201817674810245547
btree8_bl_a64,4096,12,12.4054,201817674810245547
btree8_bl_a64,4096,13,12.4283,201817674810245547
btree8_bl_a64,4096,14,12.3840,201817674810245547
btree16_bl_a64,4096,0,8.2367,201817674810245547
btree16_bl_a64,4096,1,8.1711,201817674810245547
btree16_bl_a64,4096,2,8.1772,201817674810245547
btree16_bl_a64,4096,3,8.1604,201817674810245547
btree16_bl_a64,4096,4,8.1390,201817674810245547
btree16_bl_a64,4096,5,8.1116,201817674810245547
btree16_bl_a64,4096,6,8.0780,201817674810245547
btree16_bl_a64,4096,7,8.1314,201817674810245547
btree16_bl_a64,4096,8,8.0444,201817674810245547
btree16_bl_a64,4096,9,8.0597,201817674810245547
btree16_bl_a64,4096,10,8.0383,201817674810245547
btree16_bl_a64,4096,11,8.0643,201817674810245547
btree16_bl_a64,4096,12,8.0460,201817674810245547
btree16_bl_a64,4096,13,8.0215,201817674810245547
btree16_bl_a64,4096,14,8.0536,201817674810245547
fusion8,4096,0,52.4948,201817674810245547
fusion8,4096,1,51.8723,201817674810245547
fusion8,4096,2,51.9165,201817674810245547
fusion8,4096,3,51.0056,201817674810245547
fusion8,4096,4,50.9964,201817674810245547
fusion8,4096,5,51.4496,201817674810245547
fusion8,4096,6,51.6449,201817674810245547
fusion8,4096,7,51.7410,201817674810245547
fusion8,4096,8,51.7075,201817674810245547
fusion8,4096,9,51.6586,201817674810245547
fusion8,4096,10,51.6327,201817674810245547
fusion8,4096,11,51.5579,201817674810245547
fusion8,4096,12,50.6836,201817674810245547
fusion8,4096,13,50.7446,201817674810245547
fusion8,4096,14,50.7751,201817674810245547
fusion8_bf,4096,0,56.6956,201817674810245547
fusion8_bf,4096,1,56.0303,201817674810245547
fusion8_bf,4096,2,55.7251,201817674810245547
fusion8_bf,4096,3,54.9759,201817674810245547
fusion8_bf,4096,4,55.7602,201817674810245547
fusion8_bf,4096,5,55.9128,201817674810245547
fusion8_bf,4096,6,55.3223,201817674810245547
fusion8_bf,4096,7,54.8691,201817674810245547
fusion8_bf,4096,8,55.7220,201817674810245547
fusion8_bf,4096,9,55.9433,201817674810245547
fusion8_bf,4096,10,55.8395,201817674810245547
fusion8_bf,4096,11,56.0104,201817674810245547
fusion8_bf,4096,12,55.8411,201817674810245547
fusion8_bf,4096,13,55.9326,201817674810245547
fusion8_bf,4096,14,55.7892,201817674810245547
fusion8_c,4096,0,55.5298,201817674810245547
fusion8_c,4096,1,55.3253,201817674810245547
fusion8_c,4096,2,56.3934,201817674810245547
fusion8_c,4096,3,56.4346,201817674810245547
fusion8_c,4096,4,55.6992,201817674810245547
fusion8_c,4096,5,55.2597,201817674810245547
fusion8_c,4096,6,55.3940,201817674810245547
fusion8_c,4096,7,55.3635,201817674810245547
fusion8_c,4096,8,55.9113,201817674810245547
fusion8_c,4096,9,56.3522,201817674810245547
fusion8_c,4096,10,56.4590,201817674810245547
fusion8_c,4096,11,56.3065,201817674810245547
fusion8_c,4096,12,56.3171,201817674810245547
fusion8_c,4096,13,55.5969,201817674810245547
fusion8_c,4096,14,55.1682,201817674810245547
fusion16_w,4096,0,47.5174,201817674810245547
fusion16_w,4096,1,47.5372,201817674810245547
fusion16_w,4096,2,47.5235,201817674810245547
fusion16_w,4096,3,47.4274,201817674810245547
fusion16_w,4096,4,47.3557,201817674810245547
fusion16_w,4096,5,47.3633,201817674810245547
fusion16_w,4096,6,47.2366,201817674810245547
fusion16_w,4096,7,47.4930,201817674810245547
fusion16_w,4096,8,47.3648,201817674810245547
fusion16_w,4096,9,47.3969,201817674810245547
fusion16_w,4096,10,47.9599,201817674810245547
fusion16_w,4096,11,48.2437,201817674810245547
fusion16_w,4096,12,48.2697,201817674810245547
fusion16_w,4096,13,48.2056,201817674810245547
fusion16_w,4096,14,48.1552,201817674810245547
sorted_array,8192,0,8.9966,14779494332775015852
sorted_array,8192,1,9.0378,14779494332775015852
sorted_array,8192,2,8.9340,14779494332775015852
sorted_array,8192,3,8.9355,14779494332775015852
sorted_array,8192,4,8.9417,14779494332775015852
sorted_array,8192,5,8.9828,14779494332775015852
sorted_array,8192,6,8.9523,14779494332775015852
sorted_array,8192,7,8.9371,14779494332775015852
sorted_array,8192,8,8.9752,14779494332775015852
sorted_array,8192,9,8.9218,14779494332775015852
sorted_array,8192,10,8.9310,14779494332775015852
sorted_array,8192,11,8.9752,14779494332775015852
sorted_array,8192,12,8.9523,14779494332775015852
sorted_array,8192,13,8.9523,14779494332775015852
sorted_array,8192,14,8.9417,14779494332775015852
btree8,8192,0,37.3535,14779494332775015852
btree8,8192,1,37.1078,14779494332775015852
btree8,8192,2,37.1597,14779494332775015852
btree8,8192,3,37.2269,14779494332775015852
btree8,8192,4,37.0987,14779494332775015852
btree8,8192,5,36.3159,14779494332775015852
btree8,8192,6,37.0453,14779494332775015852
btree8,8192,7,37.0438,14779494332775015852
btree8,8192,8,37.0132,14779494332775015852
btree8,8192,9,36.4517,14779494332775015852
btree8,8192,10,36.8881,14779494332775015852
btree8,8192,11,36.8530,14779494332775015852
btree8,8192,12,36.8729,14779494332775015852
btree8,8192,13,36.9797,14779494332775015852
btree8,8192,14,36.6241,14779494332775015852
btree8_bl,8192,0,22.9645,14779494332775015852
btree8_bl,8192,1,21.5546,14779494332775015852
btree8_bl,8192,2,21.7270,14779494332775015852
btree8_bl,8192,3,21.8048,14779494332775015852
btree8_bl,8192,4,21.7224,14779494332775015852
btree8_bl,8192,5,21.6843,14779494332775015852
btree8_bl,8192,6,21.5927,14779494332775015852
btree8_bl,8192,7,21.6110,14779494332775015852
btree8_bl,8192,8,21.5454,14779494332775015852
btree8_bl,8192,9,21.2509,14779494332775015852
btree8_bl,8192,10,21.2128,14779494332775015852
btree8_bl,8192,11,21.2463,14779494332775015852
btree8_bl,8192,12,21.2494,14779494332775015852
btree8_bl,8192,13,21.3501,14779494332775015852
btree8_bl,8192,14,21.5302,14779494332775015852
btree8_a64,8192,0,36.1053,14779494332775015852
btree8_a64,8192,1,34.8785,14779494332775015852
btree8_a64,8192,2,34.7137,14779494332775015852
btree8_a64,8192,3,34.6985,14779494332775015852
btree8_a64,8192,4,34.6710,14779494332775015852
btree8_a64,8192,5,34.6466,14779494332775015852
btree8_a64,8192,6,34.8618,14779494332775015852
btree8_a64,8192,7,34.5963,14779494332775015852
btree8_a64,8192,8,34.6893,14779494332775015852
btree8_a64,8192,9,34.5139,14779494332775015852
btree8_a64,8192,10,34.5627,14779494332775015852
btree8_a64,8192,11,34.6115,14779494332775015852
btree8_a64,8192,12,34.5703,14779494332775015852
btree8_a64,8192,13,34.6985,14779494332775015852
btree8_a64,8192,14,34.8618,14779494332775015852
btree8_bl_a64,8192,0,21.9406,14779494332775015852
btree8_bl_a64,8192,1,19.5328,14779494332775015852
btree8_bl_a64,8192,2,19.1498,14779494332775015852
btree8_bl_a64,8192,3,19.0613,14779494332775015852
btree8_bl_a64,8192,4,19.0155,14779494332775015852
btree8_bl_a64,8192,5,18.9789,14779494332775015852
btree8_bl_a64,8192,6,19.0704,14779494332775015852
btree8_bl_a64,8192,7,19.2398,14779494332775015852
btree8_bl_a64,8192,8,18.9209,14779494332775015852
btree8_bl_a64,8192,9,18.9026,14779494332775015852
btree8_bl_a64,8192,10,19.0094,14779494332775015852
btree8_bl_a64,8192,11,18.8965,14779494332775015852
btree8_bl_a64,8192,12,18.9957,14779494332775015852
btree8_bl_a64,8192,13,19.0384,14779494332775015852
btree8_bl_a64,8192,14,18.9651,14779494332775015852
btree16_bl_a64,8192,0,25.3662,14779494332775015852
btree16_bl_a64,8192,1,23.1094,14779494332775015852
btree16_bl_a64,8192,2,22.5311,14779494332775015852
btree16_bl_a64,8192,3,22.7280,14779494332775015852
btree16_bl_a64,8192,4,22.7417,14779494332775015852
btree16_bl_a64,8192,5,22.7997,14779494332775015852
btree16_bl_a64,8192,6,23.0042,14779494332775015852
btree16_bl_a64,8192,7,22.7356,14779494332775015852
btree16_bl_a64,8192,8,22.6410,14779494332775015852
btree16_bl_a64,8192,9,22.4182,14779494332775015852
btree16_bl_a64,8192,10,22.8302,14779494332775015852
btree16_bl_a64,8192,11,22.6501,14779494332775015852
btree16_bl_a64,8192,12,22.5128,14779494332775015852
btree16_bl_a64,8192,13,22.6013,14779494332775015852
btree16_bl_a64,8192,14,22.5021,14779494332775015852
fusion8,8192,0,61.8744,14779494332775015852
fusion8,8192,1,58.1955,14779494332775015852
fusion8,8192,2,57.9468,14779494332775015852
fusion8,8192,3,57.8674,14779494332775015852
fusion8,8192,4,57.9041,14779494332775015852
fusion8,8192,5,58.0902,14779494332775015852
fusion8,8192,6,57.8613,14779494332775015852
fusion8,8192,7,57.8354,14779494332775015852
fusion8,8192,8,57.9941,14779494332775015852
fusion8,8192,9,57.8430,14779494332775015852
fusion8,8192,10,57.8354,14779494332775015852
fusion8,8192,11,57.9727,14779494332775015852
fusion8,8192,12,57.7301,14779494332775015852
fusion8,8192,13,57.7515,14779494332775015852
fusion8,8192,14,58.0597,14779494332775015852
fusion8_bf,8192,0,68.6630,14779494332775015852
fusion8_bf,8192,1,66.7801,14779494332775015852
fusion8_bf,8192,2,66.4581,14779494332775015852
fusion8_bf,8192,3,66.4383,14779494332775015852
fusion8_bf,8192,4,66.5314,14779494332775015852
fusion8_bf,8192,5,66.6016,14779494332775015852
fusion8_bf,8192,6,66.5588,14779494332775015852
fusion8_bf,8192,7,66.3818,14779494332775015852
fusion8_bf,8192,8,66.3528,14779494332775015852
fusion8_bf,8192,9,66.4749,14779494332775015852
fusion8_bf,8192,10,66.2796,14779494332775015852
fusion8_bf,8192,11,66.3696,14779494332775015852
fusion8_bf,8192,12,66.3147,14779494332775015852
fusion8_bf,8192,13,66.6641,14779494332775015852
fusion8_bf,8192,14,66.3315,14779494332775015852
fusion8_c,8192,0,69.7937,14779494332775015852
fusion8_c,8192,1,65.5823,14779494332775015852
fusion8_c,8192,2,65.3305,14779494332775015852
fusion8_c,8192,3,65.2969,14779494332775015852
fusion8_c,8192,4,65.4083,14779494332775015852
fusion8_c,8192,5,65.3778,14779494332775015852
fusion8_c,8192,6,65.2496,14779494332775015852
fusion8_c,8192,7,65.3275,14779494332775015852
fusion8_c,8192,8,65.2206,14779494332775015852
fusion8_c,8192,9,65.3122,14779494332775015852
fusion8_c,8192,10,65.1947,14779494332775015852
fusion8_c,8192,11,65.3152,14779494332775015852
fusion8_c,8192,12,65.4785,14779494332775015852
fusion8_c,8192,13,65.3046,14779494332775015852
fusion8_c,8192,14,65.4526,14779494332775015852
fusion16_w,8192,0,75.0519,14779494332775015852
fusion16_w,8192,1,67.7872,14779494332775015852
fusion16_w,8192,2,67.8162,14779494332775015852
fusion16_w,8192,3,67.6926,14779494332775015852
fusion16_w,8192,4,67.6025,14779494332775015852
fusion16_w,8192,5,67.6361,14779494332775015852
fusion16_w,8192,6,67.6086,14779494332775015852
fusion16_w,8192,7,67.7719,14779494332775015852
fusion16_w,8192,8,67.7490,14779494332775015852
fusion16_w,8192,9,67.5751,14779494332775015852
fusion16_w,8192,10,67.5446,14779494332775015852
fusion16_w,8192,11,67.5995,14779494332775015852
fusion16_w,8192,12,67.7597,14779494332775015852
fusion16_w,8192,13,67.7536,14779494332775015852
fusion16_w,8192,14,67.6422,14779494332775015852
sorted_array,16384,0,12.1246,5257893481483210933
sorted_array,16384,1,11.6608,5257893481483210933
sorted_array,16384,2,11.7767,5257893481483210933
sorted_array,16384,3,11.4700,5257893481483210933
sorted_array,16384,4,11.8118,5257893481483210933
sorted_array,16384,5,11.7615,5257893481483210933
sorted_array,16384,6,11.8118,5257893481483210933
sorted_array,16384,7,11.7706,5257893481483210933
sorted_array,16384,8,11.8134,5257893481483210933
sorted_array,16384,9,11.7630,5257893481483210933
sorted_array,16384,10,11.7935,5257893481483210933
sorted_array,16384,11,11.8164,5257893481483210933
sorted_array,16384,12,11.7584,5257893481483210933
sorted_array,16384,13,11.7950,5257893481483210933
sorted_array,16384,14,11.7432,5257893481483210933
btree8,16384,0,49.7498,5257893481483210933
btree8,16384,1,47.3236,5257893481483210933
btree8,16384,2,47.3206,5257893481483210933
btree8,16384,3,47.2900,5257893481483210933
btree8,16384,4,47.4060,5257893481483210933
btree8,16384,5,47.2458,5257893481483210933
btree8,16384,6,47.1436,5257893481483210933
btree8,16384,7,47.3373,5257893481483210933
btree8,16384,8,47.3419,5257893481483210933
btree8,16384,9,48.9044,5257893481483210933
btree8,16384,10,48.6526,5257893481483210933
btree8,16384,11,48.7076,5257893481483210933
btree8,16384,12,48.5916,5257893481483210933
btree8,16384,13,48.7152,5257893481483210933
btree8,16384,14,48.8876,5257893481483210933
btree8_bl,16384,0,31.0577,5257893481483210933
btree8_bl,16384,1,27.8992,5257893481483210933
btree8_bl,16384,2,27.8610,5257893481483210933
btree8_bl,16384,3,27.5146,5257893481483210933
btree8_bl,16384,4,27.4109,5257893481483210933
btree8_bl,16384,5,27.5558,5257893481483210933
btree8_bl,16384,6,27.4857,5257893481483210933
btree8_bl,16384,7,27.5543,5257893481483210933
btree8_bl,16384,8,27.4506,5257893481483210933
btree8_bl,16384,9,27.4094,5257893481483210933
btree8_bl,16384,10,27.2842,5257893481483210933
btree8_bl,16384,11,27.3956,5257893481483210933
btree8_bl,16384,12,27.2858,5257893481483210933
btree8_bl,16384,13,27.0905,5257893481483210933
btree8_bl,16384,14,26.4252,5257893481483210933
btree8_a64,16384,0,47.7982,5257893481483210933
btree8_a64,16384,1,44.8334,5257893481483210933
btree8_a64,16384,2,44.7342,5257893481483210933
btree8_a64,16384,3,44.6823,5257893481483210933
btree8_a64,16384,4,44.7571,5257893481483210933
btree8_a64,16384,5,44.6167,5257893481483210933
btree8_a64,16384,6,44.6411,5257893481483210933
btree8_a64,16384,7,44.6991,5257893481483210933
btree8_a64,16384,8,44.6518,5257893481483210933
btree8_a64,16384,9,44.4290,5257893481483210933
btree8_a64,16384,10,43.9819,5257893481483210933
btree8_a64,16384,11,44.7754,5257893481483210933
btree8_a64,16384,12,43.9926,5257893481483210933
btree8_a64,16384,13,43.9240,5257893481483210933
btree8_a64,16384,14,43.8904,5257893481483210933
btree8_bl_a64,16384,0,29.3259,5257893481483210933
btree8_bl_a64,16384,1,24.1104,5257893481483210933
btree8_bl_a64,16384,2,23.9456,5257893481483210933
btree8_bl_a64,16384,3,23.8159,5257893481483210933
btree8_bl_a64,16384,4,23.7640,5257893481483210933
btree8_bl_a64,16384,5,23.8525,5257893481483210933
btree8_bl_a64,16384,6,23.7717,5257893481483210933
btree8_bl_a64,16384,7,23.7259,5257893481483210933
btree8_bl_a64,16384,8,23.7762,5257893481483210933
btree8_bl_a64,16384,9,23.6893,5257893481483210933
btree8_bl_a64,16384,10,23.6816,5257893481483210933
btree8_bl_a64,16384,11,23.6526,5257893481483210933
btree8_bl_a64,16384,12,23.7503,5257893481483210933
btree8_bl_a64,16384,13,23.7991,5257893481483210933
btree8_bl_a64,16384,14,23.6511,5257893481483210933
btree16_bl_a64,16384,0,23.3765,5257893481483210933
btree16_bl_a64,16384,1,19.1483,5257893481483210933
btree16_bl_a64,16384,2,19.0704,5257893481483210933
btree16_bl_a64,16384,3,18.9590,5257893481483210933
btree16_bl_a64,16384,4,18.9346,5257893481483210933
btree16_bl_a64,16384,5,18.8431,5257893481483210933
btree16_bl_a64,16384,6,18.8110,5257893481483210933
btree16_bl_a64,16384,7,18.8034,5257893481483210933
btree16_bl_a64,16384,8,18.7714,5257893481483210933
btree16_bl_a64,16384,9,18.8828,5257893481483210933
btree16_bl_a64,16384,10,18.7866,5257893481483210933
btree16_bl_a64,16384,11,18.8477,5257893481483210933
btree16_bl_a64,16384,12,18.7805,5257893481483210933
btree16_bl_a64,16384,13,18.7424,5257893481483210933
btree16_bl_a64,16384,14,18.7210,5257893481483210933
fusion8,16384,0,78.6926,5257893481483210933
fusion8,16384,1,71.5607,5257893481483210933
fusion8,16384,2,71.6370,5257893481483210933
fusion8,16384,3,71.7926,5257893481483210933
fusion8,16384,4,71.7865,5257893481483210933
fusion8,16384,5,71.4813,5257893481483210933
fusion8,16384,6,72.0215,5257893481483210933
fusion8,16384,7,72.0215,5257893481483210933
fusion8,16384,8,71.8735,5257893481483210933
fusion8,16384,9,71.8460,5257893481483210933
fusion8,16384,10,71.8201,5257893481483210933
fusion8,16384,11,71.7575,5257893481483210933
fusion8,16384,12,71.8262,5257893481483210933
fusion8,16384,13,71.7438,5257893481483210933
fusion8,16384,14,70.6970,5257893481483210933
fusion8_bf,16384,0,86.0626,5257893481483210933
fusion8_bf,16384,1,75.8362,5257893481483210933
fusion8_bf,16384,2,74.9649,5257893481483210933
fusion8_bf,16384,3,75.7095,5257893481483210933
fusion8_bf,16384,4,75.7248,5257893481483210933
fusion8_bf,16384,5,75.7172,5257893481483210933
fusion8_bf,16384,6,75.7599,5257893481483210933
fusion8_bf,16384,7,75.6210,5257893481483210933
fusion8_bf,16384,8,75.5951,5257893481483210933
fusion8_bf,16384,9,74.6964,5257893481483210933
fusion8_bf,16384,10,74.7589,5257893481483210933
fusion8_bf,16384,11,75.6073,5257893481483210933
fusion8_bf,16384,12,74.7635,5257893481483210933
fusion8_bf,16384,13,74.7345,5257893481483210933
fusion8_bf,16384,14,75.5569,5257893481483210933
fusion8_c,16384,0,82.7499,5257893481483210933
fusion8_c,16384,1,78.6728,5257893481483210933
fusion8_c,16384,2,79.5425,5257893481483210933
fusion8_c,16384,3,78.3295,5257893481483210933
fusion8_c,16384,4,78.2028,5257893481483210933
fusion8_c,16384,5,78.1616,5257893481483210933
fusion8_c,16384,6,78.0579,5257893481483210933
fusion8_c,16384,7,79.3976,5257893481483210933
fusion8_c,16384,8,78.5507,5257893481483210933
fusion8_c,16384,9,78.0548,5257893481483210933
fusion8_c,16384,10,78.2440,5257893481483210933
fusion8_c,16384,11,78.1708,5257893481483210933
fusion8_c,16384,12,78.0441,5257893481483210933
fusion8_c,16384,13,78.1082,5257893481483210933
fusion8_c,16384,14,78.0762,5257893481483210933
fusion16_w,16384,0,83.1741,5257893481483210933
fusion16_w,16384,1,72.2046,5257893481483210933
fusion16_w,16384,2,73.1171,5257893481483210933
fusion16_w,16384,3,73.3643,5257893481483210933
fusion16_w,16384,4,72.7280,5257893481483210933
fusion16_w,16384,5,72.1649,5257893481483210933
fusion16_w,16384,6,71.9681,5257893481483210933
fusion16_w,16384,7,72.9492,5257893481483210933
fusion16_w,16384,8,73.4894,5257893481483210933
fusion16_w,16384,9,73.5596,5257893481483210933
fusion16_w,16384,10,73.3749,5257893481483210933
fusion16_w,16384,11,73.5519,5257893481483210933
fusion16_w,16384,12,73.4512,5257893481483210933
fusion16_w,16384,13,73.4512,5257893481483210933
fusion16_w,16384,14,72.3587,5257893481483210933
sorted_array,32768,0,16.5741,8916881238133207675
sorted_array,32768,1,15.2420,8916881238133207675
sorted_array,32768,2,15.1718,8916881238133207675
sorted_array,32768,3,15.1901,8916881238133207675
sorted_array,32768,4,15.1566,8916881238133207675
sorted_array,32768,5,15.1688,8916881238133207675
sorted_array,32768,6,15.1703,8916881238133207675
sorted_array,32768,7,15.2374,8916881238133207675
sorted_array,32768,8,15.4892,8916881238133207675
sorted_array,32768,9,15.4465,8916881238133207675
sorted_array,32768,10,15.4800,8916881238133207675
sorted_array,32768,11,15.4587,8916881238133207675
sorted_array,32768,12,15.4800,8916881238133207675
sorted_array,32768,13,15.4541,8916881238133207675
sorted_array,32768,14,15.4846,8916881238133207675
btree8,32768,0,50.9811,8916881238133207675
btree8,32768,1,46.1823,8916881238133207675
btree8,32768,2,46.2540,8916881238133207675
btree8,32768,3,45.9732,8916881238133207675
btree8,32768,4,46.1029,8916881238133207675
btree8,32768,5,46.0495,8916881238133207675
btree8,32768,6,45.9961,8916881238133207675
btree8,32768,7,46.0892,8916881238133207675
btree8,32768,8,46.0403,8916881238133207675
btree8,32768,9,45.9488,8916881238133207675
btree8,32768,10,46.1075,8916881238133207675
btree8,32768,11,46.0220,8916881238133207675
btree8,32768,12,45.9381,8916881238133207675
btree8,32768,13,47.0779,8916881238133207675
btree8,32768,14,46.9528,8916881238133207675
btree8_bl,32768,0,24.1776,8916881238133207675
btree8_bl,32768,1,21.0114,8916881238133207675
btree8_bl,32768,2,20.5566,8916881238133207675
btree8_bl,32768,3,20.4880,8916881238133207675
btree8_bl,32768,4,20.3445,8916881238133207675
btree8_bl,32768,5,20.3476,8916881238133207675
btree8_bl,32768,6,20.3384,8916881238133207675
btree8_bl,32768,7,20.3156,8916881238133207675
btree8_bl,32768,8,20.4651,8916881238133207675
btree8_bl,32768,9,20.4071,8916881238133207675
btree8_bl,32768,10,20.2606,8916881238133207675
btree8_bl,32768,11,20.2927,8916881238133207675
btree8_bl,32768,12,20.2545,8916881238133207675
btree8_bl,32768,13,20.4102,8916881238133207675
btree8_bl,32768,14,20.7397,8916881238133207675
btree8_a64,32768,0,49.9557,8916881238133207675
btree8_a64,32768,1,45.1599,8916881238133207675
btree8_a64,32768,2,45.1874,8916881238133207675
btree8_a64,32768,3,44.9081,8916881238133207675
btree8_a64,32768,4,44.2001,8916881238133207675
btree8_a64,32768,5,44.1620,8916881238133207675
btree8_a64,32768,6,44.2184,8916881238133207675
btree8_a64,32768,7,44.8929,8916881238133207675
btree8_a64,32768,8,44.8898,8916881238133207675
btree8_a64,32768,9,44.9173,8916881238133207675
btree8_a64,32768,10,44.3298,8916881238133207675
btree8_a64,32768,11,44.0506,8916881238133207675
btree8_a64,32768,12,44.4778,8916881238133207675
btree8_a64,32768,13,44.8959,8916881238133207675
btree8_a64,32768,14,44.8944,8916881238133207675
btree8_bl_a64,32768,0,22.8760,8916881238133207675
btree8_bl_a64,32768,1,18.9407,8916881238133207675
btree8_bl_a64,32768,2,18.8431,8916881238133207675
btree8_bl_a64,32768,3,18.7714,8916881238133207675
btree8_bl_a64,32768,4,18.4769,8916881238133207675
btree8_bl_a64,32768,5,18.3594,8916881238133207675
btree8_bl_a64,32768,6,18.3121,8916881238133207675
btree8_bl_a64,32768,7,18.5440,8916881238133207675
btree8_bl_a64,32768,8,18.6371,8916881238133207675
btree8_bl_a64,32768,9,18.6615,8916881238133207675
btree8_bl_a64,32768,10,18.7622,8916881238133207675
btree8_bl_a64,32768,11,18.6401,8916881238133207675
btree8_bl_a64,32768,12,18.6279,8916881238133207675
btree8_bl_a64,32768,13,18.5913,8916881238133207675
btree8_bl_a64,32768,14,18.6035,8916881238133207675
btree16_bl_a64,32768,0,19.5724,8916881238133207675
btree16_bl_a64,32768,1,15.8279,8916881238133207675
btree16_bl_a64,32768,2,15.5563,8916881238133207675
btree16_bl_a64,32768,3,15.6769,8916881238133207675
btree16_bl_a64,32768,4,15.4953,8916881238133207675
btree16_bl_a64,32768,5,15.4861,8916881238133207675
btree16_bl_a64,32768,6,15.6982,8916881238133207675
btree16_bl_a64,32768,7,15.7761,8916881238133207675
btree16_bl_a64,32768,8,15.7135,8916881238133207675
btree16_bl_a64,32768,9,15.7074,8916881238133207675
btree16_bl_a64,32768,10,15.6601,8916881238133207675
btree16_bl_a64,32768,11,15.8585,8916881238133207675
btree16_bl_a64,32768,12,15.7043,8916881238133207675
btree16_bl_a64,32768,13,15.6891,8916881238133207675
btree16_bl_a64,32768,14,15.6876,8916881238133207675
fusion8,32768,0,81.5857,8916881238133207675
fusion8,32768,1,74.7742,8916881238133207675
fusion8,32768,2,74.7528,8916881238133207675
fusion8,32768,3,73.9166,8916881238133207675
fusion8,32768,4,74.9069,8916881238133207675
fusion8,32768,5,74.7162,8916881238133207675
fusion8,32768,6,74.8260,8916881238133207675
fusion8,32768,7,73.7015,8916881238133207675
fusion8,32768,8,74.8459,8916881238133207675
fusion8,32768,9,74.7101,8916881238133207675
fusion8,32768,10,73.4955,8916881238133207675
fusion8,32768,11,73.2727,8916881238133207675
fusion8,32768,12,73.2651,8916881238133207675
fusion8,32768,13,73.2422,8916881238133207675
fusion8,32768,14,74.0219,8916881238133207675
fusion8_bf,32768,0,85.0952,8916881238133207675
fusion8_bf,32768,1,78.9505,8916881238133207675
fusion8_bf,32768,2,79.0253,8916881238133207675
fusion8_bf,32768,3,78.8116,8916881238133207675
fusion8_bf,32768,4,78.4424,8916881238133207675
fusion8_bf,32768,5,79.2923,8916881238133207675
fusion8_bf,32768,6,78.7872,8916881238133207675
fusion8_bf,32768,7,78.4668,8916881238133207675
fusion8_bf,32768,8,77.5620,8916881238133207675
fusion8_bf,32768,9,77.3346,8916881238133207675
fusion8_bf,32768,10,77.3819,8916881238133207675
fusion8_bf,32768,11,77.7237,8916881238133207675
fusion8_bf,32768,12,78.8071,8916881238133207675
fusion8_bf,32768,13,77.3682,8916881238133207675
fusion8_bf,32768,14,77.5589,8916881238133207675
fusion8_c,32768,0,85.3760,8916881238133207675
fusion8_c,32768,1,80.4504,8916881238133207675
fusion8_c,32768,2,80.4337,8916881238133207675
fusion8_c,32768,3,81.2897,8916881238133207675
fusion8_c,32768,4,81.4819,8916881238133207675
fusion8_c,32768,5,80.7663,8916881238133207675
fusion8_c,32768,6,81.2622,8916881238133207675
fusion8_c,32768,7,79.9576,8916881238133207675
fusion8_c,32768,8,80.2338,8916881238133207675
fusion8_c,32768,9,81.3095,8916881238133207675
fusion8_c,32768,10,80.7770,8916881238133207675
fusion8_c,32768,11,80.0812,8916881238133207675
fusion8_c,32768,12,79.8752,8916881238133207675
fusion8_c,32768,13,79.9286,8916881238133207675
fusion8_c,32768,14,77.5314,8916881238133207675
fusion16_w,32768,0,87.3245,8916881238133207675
fusion16_w,32768,1,75.2487,8916881238133207675
fusion16_w,32768,2,74.0814,8916881238133207675
fusion16_w,32768,3,75.4822,8916881238133207675
fusion16_w,32768,4,74.5926,8916881238133207675
fusion16_w,32768,5,74.1516,8916881238133207675
fusion16_w,32768,6,75.0717,8916881238133207675
fusion16_w,32768,7,75.5661,8916881238133207675
fusion16_w,32768,8,75.6561,8916881238133207675
fusion16_w,32768,9,75.2258,8916881238133207675
fusion16_w,32768,10,75.5508,8916881238133207675
fusion16_w,32768,11,75.6042,8916881238133207675
fusion16_w,32768,12,74.8108,8916881238133207675
fusion16_w,32768,13,75.5112,8916881238133207675
fusion16_w,32768,14,75.2014,8916881238133207675
sorted_array,65536,0,21.0892,13538052259203909017
sorted_array,65536,1,19.8990,13538052259203909017
sorted_array,65536,2,20.1813,13538052259203909017
sorted_array,65536,3,19.5221,13538052259203909017
sorted_array,65536,4,19.9585,13538052259203909017
sorted_array,65536,5,19.7357,13538052259203909017
sorted_array,65536,6,19.5114,13538052259203909017
sorted_array,65536,7,19.8975,13538052259203909017
sorted_array,65536,8,19.5572,13538052259203909017
sorted_array,65536,9,19.5419,13538052259203909017
sorted_array,65536,10,19.5480,13538052259203909017
sorted_array,65536,11,19.5541,13538052259203909017
sorted_array,65536,12,19.5251,13538052259203909017
sorted_array,65536,13,20.4178,13538052259203909017
sorted_array,65536,14,20.2499,13538052259203909017
btree8,65536,0,59.4360,13538052259203909017
btree8,65536,1,52.0889,13538052259203909017
btree8,65536,2,51.7746,13538052259203909017
btree8,65536,3,52.2812,13538052259203909017
btree8,65536,4,52.1194,13538052259203909017
btree8,65536,5,52.6428,13538052259203909017
btree8,65536,6,52.3331,13538052259203909017
btree8,65536,7,51.3794,13538052259203909017
btree8,65536,8,52.7039,13538052259203909017
btree8,65536,9,52.9556,13538052259203909017
btree8,65536,10,52.6550,13538052259203909017
btree8,65536,11,51.9989,13538052259203909017
btree8,65536,12,51.7502,13538052259203909017
btree8,65536,13,52.6321,13538052259203909017
btree8,65536,14,52.6993,13538052259203909017
btree8_bl,65536,0,29.3808,13538052259203909017
btree8_bl,65536,1,23.3444,13538052259203909017
btree8_bl,65536,2,22.1649,13538052259203909017
btree8_bl,65536,3,22.0688,13538052259203909017
btree8_bl,65536,4,21.9925,13538052259203909017
btree8_bl,65536,5,22.1710,13538052259203909017
btree8_bl,65536,6,22.0276,13538052259203909017
btree8_bl,65536,7,21.9955,13538052259203909017
btree8_bl,65536,8,21.9452,13538052259203909017
btree8_bl,65536,9,22.3022,13538052259203909017
btree8_bl,65536,10,22.4716,13538052259203909017
btree8_bl,65536,11,22.3602,13538052259203909017
btree8_bl,65536,12,22.3694,13538052259203909017
btree8_bl,65536,13,22.3267,13538052259203909017
btree8_bl,65536,14,22.1786,13538052259203909017
btree8_a64,65536,0,58.2596,13538052259203909017
btree8_a64,65536,1,49.7665,13538052259203909017
btree8_a64,65536,2,50.8347,13538052259203909017
btree8_a64,65536,3,50.7233,13538052259203909017
btree8_a64,65536,4,50.6683,13538052259203909017
btree8_a64,65536,5,50.7095,13538052259203909017
btree8_a64,65536,6,50.6256,13538052259203909017
btree8_a64,65536,7,50.5814,13538052259203909017
btree8_a64,65536,8,50.0244,13538052259203909017
btree8_a64,65536,9,49.5972,13538052259203909017
btree8_a64,65536,10,50.4288,13538052259203909017
btree8_a64,65536,11,50.5249,13538052259203909017
btree8_a64,65536,12,50.6470,13538052259203909017
btree8_a64,65536,13,50.2502,13538052259203909017
btree8_a64,65536,14,49.5529,13538052259203909017
btree8_bl_a64,65536,0,28.4286,13538052259203909017
btree8_bl_a64,65536,1,20.9976,13538052259203909017
btree8_bl_a64,65536,2,20.8023,13538052259203909017
btree8_bl_a64,65536,3,20.6726,13538052259203909017
btree8_bl_a64,65536,4,21.1121,13538052259203909017
btree8_bl_a64,65536,5,21.1029,13538052259203909017
btree8_bl_a64,65536,6,21.1166,13538052259203909017
btree8_bl_a64,65536,7,21.0434,13538052259203909017
btree8_bl_a64,65536,8,21.0312,13538052259203909017
btree8_bl_a64,65536,9,20.7077,13538052259203909017
btree8_bl_a64,65536,10,20.6482,13538052259203909017
btree8_bl_a64,65536,11,20.7687,13538052259203909017
btree8_bl_a64,65536,12,21.0068,13538052259203909017
btree8_bl_a64,65536,13,21.0251,13538052259203909017
btree8_bl_a64,65536,14,21.0052,13538052259203909017
btree16_bl_a64,65536,0,18.1198,13538052259203909017
btree16_bl_a64,65536,1,14.3707,13538052259203909017
btree16_bl_a64,65536,2,14.3097,13538052259203909017
btree16_bl_a64,65536,3,14.3234,13538052259203909017
btree16_bl_a64,65536,4,14.2578,13538052259203909017
btree16_bl_a64,65536,5,14.3433,13538052259203909017
btree16_bl_a64,65536,6,14.3738,13538052259203909017
btree16_bl_a64,65536,7,14.4791,13538052259203909017
btree16_bl_a64,65536,8,14.3539,13538052259203909017
btree16_bl_a64,65536,9,14.3265,13538052259203909017
btree16_bl_a64,65536,10,14.3875,13538052259203909017
btree16_bl_a64,65536,11,14.3738,13538052259203909017
btree16_bl_a64,65536,12,14.2502,13538052259203909017
btree16_bl_a64,65536,13,14.4119,13538052259203909017
btree16_bl_a64,65536,14,14.2990,13538052259203909017
fusion8,65536,0,99.4705,13538052259203909017
fusion8,65536,1,77.9770,13538052259203909017
fusion8,65536,2,78.3386,13538052259203909017
fusion8,65536,3,77.9755,13538052259203909017
fusion8,65536,4,77.2507,13538052259203909017
fusion8,65536,5,77.7756,13538052259203909017
fusion8,65536,6,78.4470,13538052259203909017
fusion8,65536,7,78.4760,13538052259203909017
fusion8,65536,8,78.4576,13538052259203909017
fusion8,65536,9,77.8931,13538052259203909017
fusion8,65536,10,77.0767,13538052259203909017
fusion8,65536,11,77.4963,13538052259203909017
fusion8,65536,12,78.5324,13538052259203909017
fusion8,65536,13,77.4551,13538052259203909017
fusion8,65536,14,77.0737,13538052259203909017
fusion8_bf,65536,0,108.4671,13538052259203909017
fusion8_bf,65536,1,85.3592,13538052259203909017
fusion8_bf,65536,2,85.1196,13538052259203909017
fusion8_bf,65536,3,85.5484,13538052259203909017
fusion8_bf,65536,4,85.4721,13538052259203909017
fusion8_bf,65536,5,85.6140,13538052259203909017
fusion8_bf,65536,6,85.1013,13538052259203909017
fusion8_bf,65536,7,84.0607,13538052259203909017
fusion8_bf,65536,8,85.3714,13538052259203909017
fusion8_bf,65536,9,85.3867,13538052259203909017
fusion8_bf,65536,10,84.1980,13538052259203909017
fusion8_bf,65536,11,85.5515,13538052259203909017
fusion8_bf,65536,12,85.1730,13538052259203909017
fusion8_bf,65536,13,83.9783,13538052259203909017
fusion8_bf,65536,14,83.9203,13538052259203909017
fusion8_c,65536,0,100.9003,13538052259203909017
fusion8_c,65536,1,85.8673,13538052259203909017
fusion8_c,65536,2,85.6567,13538052259203909017
fusion8_c,65536,3,85.6140,13538052259203909017
fusion8_c,65536,4,88.3682,13538052259203909017
fusion8_c,65536,5,90.0909,13538052259203909017
fusion8_c,65536,6,89.9063,13538052259203909017
fusion8_c,65536,7,89.6515,13538052259203909017
fusion8_c,65536,8,90.3625,13538052259203909017
fusion8_c,65536,9,90.2435,13538052259203909017
fusion8_c,65536,10,90.2695,13538052259203909017
fusion8_c,65536,11,90.3931,13538052259203909017
fusion8_c,65536,12,87.3627,13538052259203909017
fusion8_c,65536,13,87.0544,13538052259203909017
fusion8_c,65536,14,85.9421,13538052259203909017
fusion16_w,65536,0,82.7438,13538052259203909017
fusion16_w,65536,1,73.3063,13538052259203909017
fusion16_w,65536,2,73.1262,13538052259203909017
fusion16_w,65536,3,74.3179,13538052259203909017
fusion16_w,65536,4,74.8718,13538052259203909017
fusion16_w,65536,5,74.6597,13538052259203909017
fusion16_w,65536,6,73.6771,13538052259203909017
fusion16_w,65536,7,73.1766,13538052259203909017
fusion16_w,65536,8,73.3978,13538052259203909017
fusion16_w,65536,9,73.2437,13538052259203909017
fusion16_w,65536,10,74.7665,13538052259203909017
fusion16_w,65536,11,74.7833,13538052259203909017
fusion16_w,65536,12,74.7086,13538052259203909017
fusion16_w,65536,13,74.0433,13538052259203909017
fusion16_w,65536,14,74.7787,13538052259203909017
sorted_array,131072,0,29.9408,18322359750267561758
sorted_array,131072,1,26.6449,18322359750267561758
sorted_array,131072,2,26.2924,18322359750267561758
sorted_array,131072,3,26.1292,18322359750267561758
sorted_array,131072,4,26.4832,18322359750267561758
sorted_array,131072,5,26.6205,18322359750267561758
sorted_array,131072,6,26.6281,18322359750267561758
sorted_array,131072,7,26.6113,18322359750267561758
sorted_array,131072,8,26.6449,18322359750267561758
sorted_array,131072,9,26.5884,18322359750267561758
sorted_array,131072,10,26.1200,18322359750267561758
sorted_array,131072,11,26.1063,18322359750267561758
sorted_array,131072,12,26.1383,18322359750267561758
sorted_array,131072,13,26.2756,18322359750267561758
sorted_array,131072,14,26.5930,18322359750267561758
btree8,131072,0,90.1566,18322359750267561758
btree8,131072,1,70.6100,18322359750267561758
btree8,131072,2,69.8380,18322359750267561758
btree8,131072,3,70.5017,18322359750267561758
btree8,131072,4,70.1569,18322359750267561758
btree8,131072,5,69.1971,18322359750267561758
btree8,131072,6,69.7540,18322359750267561758
btree8,131072,7,70.1141,18322359750267561758
btree8,131072,8,69.7906,18322359750267561758
btree8,131072,9,69.8624,18322359750267561758
btree8,131072,10,70.5719,18322359750267561758
btree8,131072,11,70.3735,18322359750267561758
btree8,131072,12,69.5770,18322359750267561758
btree8,131072,13,69.0857,18322359750267561758
btree8,131072,14,69.2368,18322359750267561758
btree8_bl,131072,0,59.3811,18322359750267561758
btree8_bl,131072,1,39.6652,18322359750267561758
btree8_bl,131072,2,39.6454,18322359750267561758
btree8_bl,131072,3,39.4501,18322359750267561758
btree8_bl,131072,4,39.5660,18322359750267561758
btree8_bl,131072,5,39.4958,18322359750267561758
btree8_bl,131072,6,39.1922,18322359750267561758
btree8_bl,131072,7,38.8580,18322359750267561758
btree8_bl,131072,8,39.0945,18322359750267561758
btree8_bl,131072,9,39.4882,18322359750267561758
btree8_bl,131072,10,39.3356,18322359750267561758
btree8_bl,131072,11,39.3326,18322359750267561758
btree8_bl,131072,12,39.3524,18322359750267561758
btree8_bl,131072,13,39.0656,18322359750267561758
btree8_bl,131072,14,38.6993,18322359750267561758
btree8_a64,131072,0,101.3672,18322359750267561758
btree8_a64,131072,1,70.2744,18322359750267561758
btree8_a64,131072,2,69.3146,18322359750267561758
btree8_a64,131072,3,68.7042,18322359750267561758
btree8_a64,131072,4,68.8507,18322359750267561758
btree8_a64,131072,5,68.6600,18322359750267561758
btree8_a64,131072,6,69.2108,18322359750267561758
btree8_a64,131072,7,69.6350,18322359750267561758
btree8_a64,131072,8,68.4784,18322359750267561758
btree8_a64,131072,9,69.8730,18322359750267561758
btree8_a64,131072,10,69.4000,18322359750267561758
btree8_a64,131072,11,69.5404,18322359750267561758
btree8_a64,131072,12,69.3604,18322359750267561758
btree8_a64,131072,13,69.2871,18322359750267561758
btree8_a64,131072,14,70.0485,18322359750267561758
btree8_bl_a64,131072,0,77.4414,18322359750267561758
btree8_bl_a64,131072,1,37.0026,18322359750267561758
btree8_bl_a64,131072,2,36.6898,18322359750267561758
btree8_bl_a64,131072,3,36.6211,18322359750267561758
btree8_bl_a64,131072,4,36.6928,18322359750267561758
btree8_bl_a64,131072,5,36.7126,18322359750267561758
btree8_bl_a64,131072,6,36.1420,18322359750267561758
btree8_bl_a64,131072,7,36.4288,18322359750267561758
btree8_bl_a64,131072,8,36.5662,18322359750267561758
btree8_bl_a64,131072,9,36.3831,18322359750267561758
btree8_bl_a64,131072,10,36.2427,18322359750267561758
btree8_bl_a64,131072,11,36.4822,18322359750267561758
btree8_bl_a64,131072,12,36.0016,18322359750267561758
btree8_bl_a64,131072,13,36.0550,18322359750267561758
btree8_bl_a64,131072,14,35.8978,18322359750267561758
btree16_bl_a64,131072,0,74.1425,18322359750267561758
btree16_bl_a64,131072,1,41.0568,18322359750267561758
btree16_bl_a64,131072,2,39.3845,18322359750267561758
btree16_bl_a64,131072,3,39.3967,18322359750267561758
btree16_bl_a64,131072,4,38.7070,18322359750267561758
btree16_bl_a64,131072,5,39.2807,18322359750267561758
btree16_bl_a64,131072,6,40.0345,18322359750267561758
btree16_bl_a64,131072,7,39.5676,18322359750267561758
btree16_bl_a64,131072,8,39.4760,18322359750267561758
btree16_bl_a64,131072,9,39.4211,18322359750267561758
btree16_bl_a64,131072,10,39.3372,18322359750267561758
btree16_bl_a64,131072,11,40.3137,18322359750267561758
btree16_bl_a64,131072,12,39.6545,18322359750267561758
btree16_bl_a64,131072,13,39.4196,18322359750267561758
btree16_bl_a64,131072,14,39.5081,18322359750267561758
fusion8,131072,0,149.8398,18322359750267561758
fusion8,131072,1,109.5825,18322359750267561758
fusion8,131072,2,106.8085,18322359750267561758
fusion8,131072,3,110.8658,18322359750267561758
fusion8,131072,4,107.0312,18322359750267561758
fusion8,131072,5,108.6365,18322359750267561758
fusion8,131072,6,107.7530,18322359750267561758
fusion8,131072,7,107.1671,18322359750267561758
fusion8,131072,8,108.7463,18322359750267561758
fusion8,131072,9,108.8501,18322359750267561758
fusion8,131072,10,109.3018,18322359750267561758
fusion8,131072,11,108.4213,18322359750267561758
fusion8,131072,12,109.5062,18322359750267561758
fusion8,131072,13,107.3990,18322359750267561758
fusion8,131072,14,108.6365,18322359750267561758
fusion8_bf,131072,0,156.9382,18322359750267561758
fusion8_bf,131072,1,112.9623,18322359750267561758
fusion8_bf,131072,2,111.6074,18322359750267561758
fusion8_bf,131072,3,115.2008,18322359750267561758
fusion8_bf,131072,4,112.7365,18322359750267561758
fusion8_bf,131072,5,117.6346,18322359750267561758
fusion8_bf,131072,6,115.2023,18322359750267561758
fusion8_bf,131072,7,116.2521,18322359750267561758
fusion8_bf,131072,8,116.8076,18322359750267561758
fusion8_bf,131072,9,113.1119,18322359750267561758
fusion8_bf,131072,10,112.6740,18322359750267561758
fusion8_bf,131072,11,111.2045,18322359750267561758
fusion8_bf,131072,12,112.9074,18322359750267561758
fusion8_bf,131072,13,112.1429,18322359750267561758
fusion8_bf,131072,14,113.6337,18322359750267561758
fusion8_c,131072,0,145.6421,18322359750267561758
fusion8_c,131072,1,107.1762,18322359750267561758
fusion8_c,131072,2,106.0501,18322359750267561758
fusion8_c,131072,3,106.0669,18322359750267561758
fusion8_c,131072,4,106.0898,18322359750267561758
fusion8_c,131072,5,106.0959,18322359750267561758
fusion8_c,131072,6,104.6371,18322359750267561758
fusion8_c,131072,7,105.1987,18322359750267561758
fusion8_c,131072,8,105.9830,18322359750267561758
fusion8_c,131072,9,104.2526,18322359750267561758
fusion8_c,131072,10,104.0054,18322359750267561758
fusion8_c,131072,11,104.1977,18322359750267561758
fusion8_c,131072,12,105.7632,18322359750267561758
fusion8_c,131072,13,104.1275,18322359750267561758
fusion8_c,131072,14,106.6696,18322359750267561758
fusion16_w,131072,0,150.3265,18322359750267561758
fusion16_w,131072,1,118.4128,18322359750267561758
fusion16_w,131072,2,115.5273,18322359750267561758
fusion16_w,131072,3,118.3197,18322359750267561758
fusion16_w,131072,4,115.6540,18322359750267561758
fusion16_w,131072,5,117.5964,18322359750267561758
fusion16_w,131072,6,117.3447,18322359750267561758
fusion16_w,131072,7,115.4114,18322359750267561758
fusion16_w,131072,8,114.8987,18322359750267561758
fusion16_w,131072,9,118.4158,18322359750267561758
fusion16_w,131072,10,116.6473,18322359750267561758
fusion16_w,131072,11,116.3986,18322359750267561758
fusion16_w,131072,12,117.0288,18322359750267561758
fusion16_w,131072,13,116.8854,18322359750267561758
fusion16_w,131072,14,117.1463,18322359750267561758
sorted_array,262144,0,39.0030,10037066851814254848
sorted_array,262144,1,31.8298,10037066851814254848
sorted_array,262144,2,33.5419,10037066851814254848
sorted_array,262144,3,31.5323,10037066851814254848
sorted_array,262144,4,31.5826,10037066851814254848
sorted_array,262144,5,31.4697,10037066851814254848
sorted_array,262144,6,30.9708,10037066851814254848
sorted_array,262144,7,30.9525,10037066851814254848
sorted_array,262144,8,30.9357,10037066851814254848
sorted_array,262144,9,31.0532,10037066851814254848
sorted_array,262144,10,31.0471,10037066851814254848
sorted_array,262144,11,30.9402,10037066851814254848
sorted_array,262144,12,30.9372,10037066851814254848
sorted_array,262144,13,31.4423,10037066851814254848
sorted_array,262144,14,30.9799,10037066851814254848
btree8,262144,0,92.0425,10037066851814254848
btree8,262144,1,73.6130,10037066851814254848
btree8,262144,2,73.5352,10037066851814254848
btree8,262144,3,73.6984,10037066851814254848
btree8,262144,4,74.4385,10037066851814254848
btree8,262144,5,73.9182,10037066851814254848
btree8,262144,6,73.6649,10037066851814254848
btree8,262144,7,73.1079,10037066851814254848
btree8,262144,8,73.8708,10037066851814254848
btree8,262144,9,73.7305,10037066851814254848
btree8,262144,10,73.1201,10037066851814254848
btree8,262144,11,73.3398,10037066851814254848
btree8,262144,12,73.3566,10037066851814254848
btree8,262144,13,72.2855,10037066851814254848
btree8,262144,14,72.4579,10037066851814254848
btree8_bl,262144,0,53.9139,10037066851814254848
btree8_bl,262144,1,32.6111,10037066851814254848
btree8_bl,262144,2,31.8802,10037066851814254848
btree8_bl,262144,3,31.8207,10037066851814254848
btree8_bl,262144,4,31.8100,10037066851814254848
btree8_bl,262144,5,32.1442,10037066851814254848
btree8_bl,262144,6,32.0847,10037066851814254848
btree8_bl,262144,7,32.0419,10037066851814254848
btree8_bl,262144,8,31.9778,10037066851814254848
btree8_bl,262144,9,31.7520,10037066851814254848
btree8_bl,262144,10,31.5735,10037066851814254848
btree8_bl,262144,11,31.4957,10037066851814254848
btree8_bl,262144,12,31.5674,10037066851814254848
btree8_bl,262144,13,31.9885,10037066851814254848
btree8_bl,262144,14,32.0221,10037066851814254848
btree8_a64,262144,0,98.4177,10037066851814254848
btree8_a64,262144,1,71.6110,10037066851814254848
btree8_a64,262144,2,72.3007,10037066851814254848
btree8_a64,262144,3,72.4487,10037066851814254848
btree8_a64,262144,4,71.5714,10037066851814254848
btree8_a64,262144,5,72.3267,10037066851814254848
btree8_a64,262144,6,72.7722,10037066851814254848
btree8_a64,262144,7,72.9752,10037066851814254848
btree8_a64,262144,8,73.3887,10037066851814254848
btree8_a64,262144,9,73.4695,10037066851814254848
btree8_a64,262144,10,71.5439,10037066851814254848
btree8_a64,262144,11,71.3028,10037066851814254848
btree8_a64,262144,12,71.2341,10037066851814254848
btree8_a64,262144,13,71.3531,10037066851814254848
btree8_a64,262144,14,70.1752,10037066851814254848
btree8_bl_a64,262144,0,60.4004,10037066851814254848
btree8_bl_a64,262144,1,30.8319,10037066851814254848
btree8_bl_a64,262144,2,29.2130,10037066851814254848
btree8_bl_a64,262144,3,29.4800,10037066851814254848
btree8_bl_a64,262144,4,29.6371,10037066851814254848
btree8_bl_a64,262144,5,29.5715,10037066851814254848
btree8_bl_a64,262144,6,29.5731,10037066851814254848
btree8_bl_a64,262144,7,29.0283,10037066851814254848
btree8_bl_a64,262144,8,29.0756,10037066851814254848
btree8_bl_a64,262144,9,29.3549,10037066851814254848
btree8_bl_a64,262144,10,29.5776,10037066851814254848
btree8_bl_a64,262144,11,29.5319,10037066851814254848
btree8_bl_a64,262144,12,29.4693,10037066851814254848
btree8_bl_a64,262144,13,29.6417,10037066851814254848
btree8_bl_a64,262144,14,29.6066,10037066851814254848
btree16_bl_a64,262144,0,69.0628,10037066851814254848
btree16_bl_a64,262144,1,46.1731,10037066851814254848
btree16_bl_a64,262144,2,38.8824,10037066851814254848
btree16_bl_a64,262144,3,37.7213,10037066851814254848
btree16_bl_a64,262144,4,38.9526,10037066851814254848
btree16_bl_a64,262144,5,38.2538,10037066851814254848
btree16_bl_a64,262144,6,38.1851,10037066851814254848
btree16_bl_a64,262144,7,38.9130,10037066851814254848
btree16_bl_a64,262144,8,38.2385,10037066851814254848
btree16_bl_a64,262144,9,37.6038,10037066851814254848
btree16_bl_a64,262144,10,37.4207,10037066851814254848
btree16_bl_a64,262144,11,37.3322,10037066851814254848
btree16_bl_a64,262144,12,37.7823,10037066851814254848
btree16_bl_a64,262144,13,38.4659,10037066851814254848
btree16_bl_a64,262144,14,38.6398,10037066851814254848
fusion8,262144,0,165.3992,10037066851814254848
fusion8,262144,1,120.9793,10037066851814254848
fusion8,262144,2,118.1427,10037066851814254848
fusion8,262144,3,117.7399,10037066851814254848
fusion8,262144,4,116.8884,10037066851814254848
fusion8,262144,5,118.9209,10037066851814254848
fusion8,262144,6,118.4082,10037066851814254848
fusion8,262144,7,119.0247,10037066851814254848
fusion8,262144,8,118.1656,10037066851814254848
fusion8,262144,9,117.5735,10037066851814254848
fusion8,262144,10,116.5512,10037066851814254848
fusion8,262144,11,122.0627,10037066851814254848
fusion8,262144,12,118.9697,10037066851814254848
fusion8,262144,13,118.0832,10037066851814254848
fusion8,262144,14,117.4606,10037066851814254848
fusion8_bf,262144,0,179.1977,10037066851814254848
fusion8_bf,262144,1,118.1702,10037066851814254848
fusion8_bf,262144,2,117.8528,10037066851814254848
fusion8_bf,262144,3,117.0654,10037066851814254848
fusion8_bf,262144,4,117.4286,10037066851814254848
fusion8_bf,262144,5,116.2888,10037066851814254848
fusion8_bf,262144,6,118.1534,10037066851814254848
fusion8_bf,262144,7,116.5436,10037066851814254848
fusion8_bf,262144,8,116.1102,10037066851814254848
fusion8_bf,262144,9,115.5594,10037066851814254848
fusion8_bf,262144,10,118.7454,10037066851814254848
fusion8_bf,262144,11,117.8223,10037066851814254848
fusion8_bf,262144,12,118.0267,10037066851814254848
fusion8_bf,262144,13,117.8833,10037066851814254848
fusion8_bf,262144,14,118.9606,10037066851814254848
fusion8_c,262144,0,154.7104,10037066851814254848
fusion8_c,262144,1,112.0483,10037066851814254848
fusion8_c,262144,2,110.9360,10037066851814254848
fusion8_c,262144,3,111.7828,10037066851814254848
fusion8_c,262144,4,111.5494,10037066851814254848
fusion8_c,262144,5,110.7742,10037066851814254848
fusion8_c,262144,6,110.9833,10037066851814254848
fusion8_c,262144,7,109.9457,10037066851814254848
fusion8_c,262144,8,111.3953,10037066851814254848
fusion8_c,262144,9,109.6008,10037066851814254848
fusion8_c,262144,10,111.2900,10037066851814254848
fusion8_c,262144,11,109.4925,10037066851814254848
fusion8_c,262144,12,111.1877,10037066851814254848
fusion8_c,262144,13,111.2274,10037066851814254848
fusion8_c,262144,14,111.6364,10037066851814254848
fusion16_w,262144,0,179.2007,10037066851814254848
fusion16_w,262144,1,135.9619,10037066851814254848
fusion16_w,262144,2,131.9550,10037066851814254848
fusion16_w,262144,3,133.2916,10037066851814254848
fusion16_w,262144,4,133.0185,10037066851814254848
fusion16_w,262144,5,142.7780,10037066851814254848
fusion16_w,262144,6,138.2370,10037066851814254848
fusion16_w,262144,7,135.7758,10037066851814254848
fusion16_w,262144,8,137.4680,10037066851814254848
fusion16_w,262144,9,137.1857,10037066851814254848
fusion16_w,262144,10,137.2147,10037066851814254848
fusion16_w,262144,11,131.8512,10037066851814254848
fusion16_w,262144,12,132.7713,10037066851814254848
fusion16_w,262144,13,132.0343,10037066851814254848
fusion16_w,262144,14,140.8585,10037066851814254848
sorted_array,524288,0,58.9096,12494368574949970434
sorted_array,524288,1,49.8505,12494368574949970434
sorted_array,524288,2,49.3393,12494368574949970434
sorted_array,524288,3,48.7473,12494368574949970434
sorted_array,524288,4,49.0738,12494368574949970434
sorted_array,524288,5,49.5117,12494368574949970434
sorted_array,524288,6,49.7314,12494368574949970434
sorted_array,524288,7,49.6552,12494368574949970434
sorted_array,524288,8,49.4995,12494368574949970434
sorted_array,524288,9,49.1104,12494368574949970434
sorted_array,524288,10,49.6841,12494368574949970434
sorted_array,524288,11,49.4537,12494368574949970434
sorted_array,524288,12,48.9334,12494368574949970434
sorted_array,524288,13,48.8525,12494368574949970434
sorted_array,524288,14,49.1562,12494368574949970434
btree8,524288,0,105.0842,12494368574949970434
btree8,524288,1,74.3851,12494368574949970434
btree8,524288,2,74.5819,12494368574949970434
btree8,524288,3,75.0656,12494368574949970434
btree8,524288,4,74.0295,12494368574949970434
btree8,524288,5,73.8754,12494368574949970434
btree8,524288,6,74.7818,12494368574949970434
btree8,524288,7,74.7223,12494368574949970434
btree8,524288,8,75.2533,12494368574949970434
btree8,524288,9,75.1862,12494368574949970434
btree8,524288,10,74.6445,12494368574949970434
btree8,524288,11,73.6038,12494368574949970434
btree8,524288,12,75.6516,12494368574949970434
btree8,524288,13,75.1282,12494368574949970434
btree8,524288,14,74.5224,12494368574949970434
btree8_bl,524288,0,66.3345,12494368574949970434
btree8_bl,524288,1,29.0192,12494368574949970434
btree8_bl,524288,2,28.3539,12494368574949970434
btree8_bl,524288,3,28.2303,12494368574949970434
btree8_bl,524288,4,27.9648,12494368574949970434
btree8_bl,524288,5,28.0472,12494368574949970434
btree8_bl,524288,6,28.0853,12494368574949970434
btree8_bl,524288,7,27.6566,12494368574949970434
btree8_bl,524288,8,27.7100,12494368574949970434
btree8_bl,524288,9,27.8732,12494368574949970434
btree8_bl,524288,10,27.8381,12494368574949970434
btree8_bl,524288,11,27.9449,12494368574949970434
btree8_bl,524288,12,28.0319,12494368574949970434
btree8_bl,524288,13,27.9327,12494368574949970434
btree8_bl,524288,14,27.8885,12494368574949970434
btree8_a64,524288,0,113.1058,12494368574949970434
btree8_a64,524288,1,73.2727,12494368574949970434
btree8_a64,524288,2,72.9462,12494368574949970434
btree8_a64,524288,3,72.1771,12494368574949970434
btree8_a64,524288,4,72.7951,12494368574949970434
btree8_a64,524288,5,72.4854,12494368574949970434
btree8_a64,524288,6,72.0184,12494368574949970434
btree8_a64,524288,7,72.5891,12494368574949970434
btree8_a64,524288,8,73.0621,12494368574949970434
btree8_a64,524288,9,72.4487,12494368574949970434
btree8_a64,524288,10,72.6791,12494368574949970434
btree8_a64,524288,11,72.9141,12494368574949970434
btree8_a64,524288,12,72.6257,12494368574949970434
btree8_a64,524288,13,72.1756,12494368574949970434
btree8_a64,524288,14,71.7392,12494368574949970434
btree8_bl_a64,524288,0,51.6006,12494368574949970434
btree8_bl_a64,524288,1,26.2146,12494368574949970434
btree8_bl_a64,524288,2,25.7812,12494368574949970434
btree8_bl_a64,524288,3,25.4883,12494368574949970434
btree8_bl_a64,524288,4,25.3540,12494368574949970434
btree8_bl_a64,524288,5,25.6851,12494368574949970434
btree8_bl_a64,524288,6,25.7812,12494368574949970434
btree8_bl_a64,524288,7,25.6561,12494368574949970434
btree8_bl_a64,524288,8,25.6897,12494368574949970434
btree8_bl_a64,524288,9,25.4105,12494368574949970434
btree8_bl_a64,524288,10,25.3372,12494368574949970434
btree8_bl_a64,524288,11,25.3677,12494368574949970434
btree8_bl_a64,524288,12,25.4501,12494368574949970434
btree8_bl_a64,524288,13,25.5035,12494368574949970434
btree8_bl_a64,524288,14,25.5051,12494368574949970434
btree16_bl_a64,524288,0,67.4042,12494368574949970434
btree16_bl_a64,524288,1,38.5941,12494368574949970434
btree16_bl_a64,524288,2,33.5159,12494368574949970434
btree16_bl_a64,524288,3,33.1024,12494368574949970434
btree16_bl_a64,524288,4,32.9865,12494368574949970434
btree16_bl_a64,524288,5,32.8339,12494368574949970434
btree16_bl_a64,524288,6,35.2646,12494368574949970434
btree16_bl_a64,524288,7,35.1410,12494368574949970434
btree16_bl_a64,524288,8,34.0347,12494368574949970434
btree16_bl_a64,524288,9,33.2733,12494368574949970434
btree16_bl_a64,524288,10,33.6304,12494368574949970434
btree16_bl_a64,524288,11,33.2108,12494368574949970434
btree16_bl_a64,524288,12,32.8613,12494368574949970434
btree16_bl_a64,524288,13,34.1248,12494368574949970434
btree16_bl_a64,524288,14,33.5876,12494368574949970434
fusion8,524288,0,159.7382,12494368574949970434
fusion8,524288,1,115.0482,12494368574949970434
fusion8,524288,2,113.8519,12494368574949970434
fusion8,524288,3,114.2899,12494368574949970434
fusion8,524288,4,114.9597,12494368574949970434
fusion8,524288,5,115.8203,12494368574949970434
fusion8,524288,6,116.9159,12494368574949970434
fusion8,524288,7,115.4099,12494368574949970434
fusion8,524288,8,115.4633,12494368574949970434
fusion8,524288,9,113.9664,12494368574949970434
fusion8,524288,10,114.6561,12494368574949970434
fusion8,524288,11,114.7720,12494368574949970434
fusion8,524288,12,115.0177,12494368574949970434
fusion8,524288,13,112.9166,12494368574949970434
fusion8,524288,14,114.6530,12494368574949970434
fusion8_bf,524288,0,164.8819,12494368574949970434
fusion8_bf,524288,1,120.0317,12494368574949970434
fusion8_bf,524288,2,120.0012,12494368574949970434
fusion8_bf,524288,3,117.9932,12494368574949970434
fusion8_bf,524288,4,117.0105,12494368574949970434
fusion8_bf,524288,5,118.5715,12494368574949970434
fusion8_bf,524288,6,118.3578,12494368574949970434
fusion8_bf,524288,7,117.4255,12494368574949970434
fusion8_bf,524288,8,116.9525,12494368574949970434
fusion8_bf,524288,9,118.5959,12494368574949970434
fusion8_bf,524288,10,116.8991,12494368574949970434
fusion8_bf,524288,11,119.1895,12494368574949970434
fusion8_bf,524288,12,116.8365,12494368574949970434
fusion8_bf,524288,13,120.0958,12494368574949970434
fusion8_bf,524288,14,119.0918,12494368574949970434
fusion8_c,524288,0,155.5267,12494368574949970434
fusion8_c,524288,1,109.9121,12494368574949970434
fusion8_c,524288,2,110.6110,12494368574949970434
fusion8_c,524288,3,109.8373,12494368574949970434
fusion8_c,524288,4,110.5484,12494368574949970434
fusion8_c,524288,5,109.8648,12494368574949970434
fusion8_c,524288,6,114.5126,12494368574949970434
fusion8_c,524288,7,117.9184,12494368574949970434
fusion8_c,524288,8,114.0350,12494368574949970434
fusion8_c,524288,9,114.8102,12494368574949970434
fusion8_c,524288,10,114.8315,12494368574949970434
fusion8_c,524288,11,113.7497,12494368574949970434
fusion8_c,524288,12,112.9272,12494368574949970434
fusion8_c,524288,13,109.3597,12494368574949970434
fusion8_c,524288,14,108.1772,12494368574949970434
fusion16_w,524288,0,191.4825,12494368574949970434
fusion16_w,524288,1,131.9305,12494368574949970434
fusion16_w,524288,2,126.9455,12494368574949970434
fusion16_w,524288,3,128.5156,12494368574949970434
fusion16_w,524288,4,127.1652,12494368574949970434
fusion16_w,524288,5,130.4291,12494368574949970434
fusion16_w,524288,6,127.6001,12494368574949970434
fusion16_w,524288,7,128.7170,12494368574949970434
fusion16_w,524288,8,127.6306,12494368574949970434
fusion16_w,524288,9,130.8350,12494368574949970434
fusion16_w,524288,10,126.3351,12494368574949970434
fusion16_w,524288,11,131.7993,12494368574949970434
fusion16_w,524288,12,127.1744,12494368574949970434
fusion16_w,524288,13,128.3417,12494368574949970434
fusion16_w,524288,14,128.4546,12494368574949970434
sorted_array,1048576,0,102.2293,16362192324183350314
sorted_array,1048576,1,84.6161,16362192324183350314
sorted_array,1048576,2,84.5520,16362192324183350314
sorted_array,1048576,3,85.5026,16362192324183350314
sorted_array,1048576,4,84.6329,16362192324183350314
sorted_array,1048576,5,82.1655,16362192324183350314
sorted_array,1048576,6,81.4575,16362192324183350314
sorted_array,1048576,7,80.8990,16362192324183350314
sorted_array,1048576,8,81.2485,16362192324183350314
sorted_array,1048576,9,80.5222,16362192324183350314
sorted_array,1048576,10,80.4886,16362192324183350314
sorted_array,1048576,11,79.7958,16362192324183350314
sorted_array,1048576,12,79.2374,16362192324183350314
sorted_array,1048576,13,79.2145,16362192324183350314
sorted_array,1048576,14,79.4312,16362192324183350314
btree8,1048576,0,244.6899,16362192324183350314
btree8,1048576,1,148.7076,16362192324183350314
btree8,1048576,2,143.2632,16362192324183350314
btree8,1048576,3,154.6310,16362192324183350314
btree8,1048576,4,152.6337,16362192324183350314
btree8,1048576,5,148.7244,16362192324183350314
btree8,1048576,6,165.0391,16362192324183350314
btree8,1048576,7,151.9714,16362192324183350314
btree8,1048576,8,150.7538,16362192324183350314
btree8,1048576,9,152.4246,16362192324183350314
btree8,1048576,10,145.5978,16362192324183350314
btree8,1048576,11,147.8104,16362192324183350314
btree8,1048576,12,143.9423,16362192324183350314
btree8,1048576,13,145.9152,16362192324183350314
btree8,1048576,14,155.8258,16362192324183350314
btree8_bl,1048576,0,134.0668,16362192324183350314
btree8_bl,1048576,1,81.6422,16362192324183350314
btree8_bl,1048576,2,72.7081,16362192324183350314
btree8_bl,1048576,3,73.2285,16362192324183350314
btree8_bl,1048576,4,76.7471,16362192324183350314
btree8_bl,1048576,5,73.4283,16362192324183350314
btree8_bl,1048576,6,72.9568,16362192324183350314
btree8_bl,1048576,7,85.4019,16362192324183350314
btree8_bl,1048576,8,78.3432,16362192324183350314
btree8_bl,1048576,9,75.6012,16362192324183350314
btree8_bl,1048576,10,78.8879,16362192324183350314
btree8_bl,1048576,11,78.0457,16362192324183350314
btree8_bl,1048576,12,76.4481,16362192324183350314
btree8_bl,1048576,13,78.3676,16362192324183350314
btree8_bl,1048576,14,74.7604,16362192324183350314
btree8_a64,1048576,0,227.3010,16362192324183350314
btree8_a64,1048576,1,138.7299,16362192324183350314
btree8_a64,1048576,2,134.8953,16362192324183350314
btree8_a64,1048576,3,135.6888,16362192324183350314
btree8_a64,1048576,4,135.6903,16362192324183350314
btree8_a64,1048576,5,134.8618,16362192324183350314
btree8_a64,1048576,6,138.6566,16362192324183350314
btree8_a64,1048576,7,143.9545,16362192324183350314
btree8_a64,1048576,8,139.2853,16362192324183350314
btree8_a64,1048576,9,144.2978,16362192324183350314
btree8_a64,1048576,10,135.8185,16362192324183350314
btree8_a64,1048576,11,138.5681,16362192324183350314
btree8_a64,1048576,12,137.0453,16362192324183350314
btree8_a64,1048576,13,144.0674,16362192324183350314
btree8_a64,1048576,14,146.4905,16362192324183350314
btree8_bl_a64,1048576,0,134.5612,16362192324183350314
btree8_bl_a64,1048576,1,72.9218,16362192324183350314
btree8_bl_a64,1048576,2,64.6423,16362192324183350314
btree8_bl_a64,1048576,3,61.8042,16362192324183350314
btree8_bl_a64,1048576,4,61.7432,16362192324183350314
btree8_bl_a64,1048576,5,61.4517,16362192324183350314
btree8_bl_a64,1048576,6,61.5082,16362192324183350314
btree8_bl_a64,1048576,7,61.6501,16362192324183350314
btree8_bl_a64,1048576,8,74.4247,16362192324183350314
btree8_bl_a64,1048576,9,71.8277,16362192324183350314
btree8_bl_a64,1048576,10,74.7803,16362192324183350314
btree8_bl_a64,1048576,11,76.4725,16362192324183350314
btree8_bl_a64,1048576,12,72.2153,16362192324183350314
btree8_bl_a64,1048576,13,63.8763,16362192324183350314
btree8_bl_a64,1048576,14,62.8464,16362192324183350314
btree16_bl_a64,1048576,0,65.2328,16362192324183350314
btree16_bl_a64,1048576,1,36.2396,16362192324183350314
btree16_bl_a64,1048576,2,31.4240,16362192324183350314
btree16_bl_a64,1048576,3,30.6808,16362192324183350314
btree16_bl_a64,1048576,4,30.8228,16362192324183350314
btree16_bl_a64,1048576,5,30.7495,16362192324183350314
btree16_bl_a64,1048576,6,32.2952,16362192324183350314
btree16_bl_a64,1048576,7,32.6996,16362192324183350314
btree16_bl_a64,1048576,8,31.6696,16362192324183350314
btree16_bl_a64,1048576,9,30.8823,16362192324183350314
btree16_bl_a64,1048576,10,30.7480,16362192324183350314
btree16_bl_a64,1048576,11,30.9540,16362192324183350314
btree16_bl_a64,1048576,12,30.7846,16362192324183350314
btree16_bl_a64,1048576,13,31.0638,16362192324183350314
btree16_bl_a64,1048576,14,33.9035,16362192324183350314
fusion8,1048576,0,308.2733,16362192324183350314
fusion8,1048576,1,240.6082,16362192324183350314
fusion8,1048576,2,232.1121,16362192324183350314
fusion8,1048576,3,229.1855,16362192324183350314
fusion8,1048576,4,251.5579,16362192324183350314
fusion8,1048576,5,253.6163,16362192324183350314
fusion8,1048576,6,236.2991,16362192324183350314
fusion8,1048576,7,246.1105,16362192324183350314
fusion8,1048576,8,243.0923,16362192324183350314
fusion8,1048576,9,254.5319,16362192324183350314
fusion8,1048576,10,232.1854,16362192324183350314
fusion8,1048576,11,228.8177,16362192324183350314
fusion8,1048576,12,224.9008,16362192324183350314
fusion8,1048576,13,221.3684,16362192324183350314
fusion8,1048576,14,251.7944,16362192324183350314
fusion8_bf,1048576,0,319.0048,16362192324183350314
fusion8_bf,1048576,1,239.6637,16362192324183350314
fusion8_bf,1048576,2,233.7418,16362192324183350314
fusion8_bf,1048576,3,234.7733,16362192324183350314
fusion8_bf,1048576,4,243.6584,16362192324183350314
fusion8_bf,1048576,5,246.8140,16362192324183350314
fusion8_bf,1048576,6,243.3777,16362192324183350314
fusion8_bf,1048576,7,244.8975,16362192324183350314
fusion8_bf,1048576,8,249.9817,16362192324183350314
fusion8_bf,1048576,9,237.1872,16362192324183350314
fusion8_bf,1048576,10,233.8531,16362192324183350314
fusion8_bf,1048576,11,235.5743,16362192324183350314
fusion8_bf,1048576,12,247.7341,16362192324183350314
fusion8_bf,1048576,13,252.4841,16362192324183350314
fusion8_bf,1048576,14,251.2085,16362192324183350314
fusion8_c,1048576,0,294.7205,16362192324183350314
fusion8_c,1048576,1,193.2251,16362192324183350314
fusion8_c,1048576,2,181.9458,16362192324183350314
fusion8_c,1048576,3,184.1217,16362192324183350314
fusion8_c,1048576,4,197.0871,16362192324183350314
fusion8_c,1048576,5,199.2630,16362192324183350314
fusion8_c,1048576,6,198.7015,16362192324183350314
fusion8_c,1048576,7,208.4366,16362192324183350314
fusion8_c,1048576,8,215.3473,16362192324183350314
fusion8_c,1048576,9,204.6371,16362192324183350314
fusion8_c,1048576,10,200.2914,16362192324183350314
fusion8_c,1048576,11,194.4702,16362192324183350314
fusion8_c,1048576,12,191.0385,16362192324183350314
fusion8_c,1048576,13,186.1588,16362192324183350314
fusion8_c,1048576,14,197.1832,16362192324183350314
fusion16_w,1048576,0,168.6691,16362192324183350314
fusion16_w,1048576,1,129.3137,16362192324183350314
fusion16_w,1048576,2,126.2436,16362192324183350314
fusion16_w,1048576,3,124.9908,16362192324183350314
fusion16_w,1048576,4,127.9404,16362192324183350314
fusion16_w,1048576,5,127.3804,16362192324183350314
fusion16_w,1048576,6,127.3773,16362192324183350314
fusion16_w,1048576,7,129.9484,16362192324183350314
fusion16_w,1048576,8,130.2795,16362192324183350314
fusion16_w,1048576,9,126.2100,16362192324183350314
fusion16_w,1048576,10,123.4116,16362192324183350314
fusion16_w,1048576,11,126.1505,16362192324183350314
fusion16_w,1048576,12,126.0605,16362192324183350314
fusion16_w,1048576,13,126.5060,16362192324183350314
fusion16_w,1048576,14,124.6674,16362192324183350314
sorted_array,2097152,0,134.3689,6087976039063001523
sorted_array,2097152,1,106.4941,6087976039063001523
sorted_array,2097152,2,106.3828,6087976039063001523
sorted_array,2097152,3,107.9819,6087976039063001523
sorted_array,2097152,4,106.7841,6087976039063001523
sorted_array,2097152,5,108.7540,6087976039063001523
sorted_array,2097152,6,107.5745,6087976039063001523
sorted_array,2097152,7,109.1446,6087976039063001523
sorted_array,2097152,8,107.9788,6087976039063001523
sorted_array,2097152,9,110.0525,6087976039063001523
sorted_array,2097152,10,108.6105,6087976039063001523
sorted_array,2097152,11,107.9926,6087976039063001523
sorted_array,2097152,12,108.3862,6087976039063001523
sorted_array,2097152,13,109.2438,6087976039063001523
sorted_array,2097152,14,108.7158,6087976039063001523
btree8,2097152,0,232.6172,6087976039063001523
btree8,2097152,1,165.4480,6087976039063001523
btree8,2097152,2,165.2863,6087976039063001523
btree8,2097152,3,162.2925,6087976039063001523
btree8,2097152,4,161.7874,6087976039063001523
btree8,2097152,5,161.0565,6087976039063001523
btree8,2097152,6,160.0937,6087976039063001523
btree8,2097152,7,158.9706,6087976039063001523
btree8,2097152,8,164.5660,6087976039063001523
btree8,2097152,9,162.6556,6087976039063001523
btree8,2097152,10,157.8217,6087976039063001523
btree8,2097152,11,157.7881,6087976039063001523
btree8,2097152,12,164.8605,6087976039063001523
btree8,2097152,13,156.8192,6087976039063001523
btree8,2097152,14,159.7305,6087976039063001523
btree8_bl,2097152,0,144.1742,6087976039063001523
btree8_bl,2097152,1,116.7114,6087976039063001523
btree8_bl,2097152,2,117.1570,6087976039063001523
btree8_bl,2097152,3,112.4908,6087976039063001523
btree8_bl,2097152,4,114.1052,6087976039063001523
btree8_bl,2097152,5,115.1031,6087976039063001523
btree8_bl,2097152,6,115.0543,6087976039063001523
btree8_bl,2097152,7,108.2199,6087976039063001523
btree8_bl,2097152,8,101.2314,6087976039063001523
btree8_bl,2097152,9,94.0292,6087976039063001523
btree8_bl,2097152,10,103.9612,6087976039063001523
btree8_bl,2097152,11,99.7162,6087976039063001523
btree8_bl,2097152,12,77.9938,6087976039063001523
btree8_bl,2097152,13,69.7495,6087976039063001523
btree8_bl,2097152,14,73.9914,6087976039063001523
btree8_a64,2097152,0,232.9865,6087976039063001523
btree8_a64,2097152,1,160.1181,6087976039063001523
btree8_a64,2097152,2,152.7390,6087976039063001523
btree8_a64,2097152,3,158.3542,6087976039063001523
btree8_a64,2097152,4,164.6820,6087976039063001523
btree8_a64,2097152,5,188.8123,6087976039063001523
btree8_a64,2097152,6,184.7351,6087976039063001523
btree8_a64,2097152,7,154.3961,6087976039063001523
btree8_a64,2097152,8,157.3929,6087976039063001523
btree8_a64,2097152,9,159.9594,6087976039063001523
btree8_a64,2097152,10,159.5291,6087976039063001523
btree8_a64,2097152,11,164.2303,6087976039063001523
btree8_a64,2097152,12,151.6327,6087976039063001523
btree8_a64,2097152,13,149.4080,6087976039063001523
btree8_a64,2097152,14,162.3566,6087976039063001523
btree8_bl_a64,2097152,0,108.2520,6087976039063001523
btree8_bl_a64,2097152,1,72.0520,6087976039063001523
btree8_bl_a64,2097152,2,58.2809,6087976039063001523
btree8_bl_a64,2097152,3,55.6488,6087976039063001523
btree8_bl_a64,2097152,4,55.4977,6087976039063001523
btree8_bl_a64,2097152,5,57.9239,6087976039063001523
btree8_bl_a64,2097152,6,57.0267,6087976039063001523
btree8_bl_a64,2097152,7,56.6696,6087976039063001523
btree8_bl_a64,2097152,8,57.9819,6087976039063001523
btree8_bl_a64,2097152,9,59.5993,6087976039063001523
btree8_bl_a64,2097152,10,62.0316,6087976039063001523
btree8_bl_a64,2097152,11,62.9013,6087976039063001523
btree8_bl_a64,2097152,12,59.9701,6087976039063001523
btree8_bl_a64,2097152,13,64.1190,6087976039063001523
btree8_bl_a64,2097152,14,63.8199,6087976039063001523
btree16_bl_a64,2097152,0,122.7264,6087976039063001523
btree16_bl_a64,2097152,1,100.6210,6087976039063001523
btree16_bl_a64,2097152,2,91.5604,6087976039063001523
btree16_bl_a64,2097152,3,105.8472,6087976039063001523
btree16_bl_a64,2097152,4,126.6525,6087976039063001523
btree16_bl_a64,2097152,5,97.1420,6087976039063001523
btree16_bl_a64,2097152,6,95.5826,6087976039063001523
btree16_bl_a64,2097152,7,96.9620,6087976039063001523
btree16_bl_a64,2097152,8,101.5793,6087976039063001523
btree16_bl_a64,2097152,9,98.9243,6087976039063001523
btree16_bl_a64,2097152,10,98.9227,6087976039063001523
btree16_bl_a64,2097152,11,102.7267,6087976039063001523
btree16_bl_a64,2097152,12,105.2902,6087976039063001523
btree16_bl_a64,2097152,13,100.1770,6087976039063001523
btree16_bl_a64,2097152,14,95.8649,6087976039063001523
fusion8,2097152,0,337.3840,6087976039063001523
fusion8,2097152,1,278.3386,6087976039063001523
fusion8,2097152,2,276.1276,6087976039063001523
fusion8,2097152,3,322.9111,6087976039063001523
fusion8,2097152,4,334.8816,6087976039063001523
fusion8,2097152,5,291.5375,6087976039063001523
fusion8,2097152,6,280.0537,6087976039063001523
fusion8,2097152,7,270.5353,6087976039063001523
fusion8,2097152,8,262.3245,6087976039063001523
fusion8,2097152,9,252.3483,6087976039063001523
fusion8,2097152,10,257.1838,6087976039063001523
fusion8,2097152,11,276.0086,6087976039063001523
fusion8,2097152,12,282.2556,6087976039063001523
fusion8,2097152,13,262.0895,6087976039063001523
fusion8,2097152,14,267.6346,6087976039063001523
fusion8_bf,2097152,0,332.9544,6087976039063001523
fusion8_bf,2097152,1,251.2482,6087976039063001523
fusion8_bf,2097152,2,239.0030,6087976039063001523
fusion8_bf,2097152,3,248.5657,6087976039063001523
fusion8_bf,2097152,4,251.4679,6087976039063001523
fusion8_bf,2097152,5,248.5580,6087976039063001523
fusion8_bf,2097152,6,259.0714,6087976039063001523
fusion8_bf,2097152,7,254.0726,6087976039063001523
fusion8_bf,2097152,8,259.6130,6087976039063001523
fusion8_bf,2097152,9,254.4006,6087976039063001523
fusion8_bf,2097152,10,264.6729,6087976039063001523
fusion8_bf,2097152,11,259.5169,6087976039063001523
fusion8_bf,2097152,12,263.0569,6087976039063001523
fusion8_bf,2097152,13,275.3662,6087976039063001523
fusion8_bf,2097152,14,270.9641,6087976039063001523
fusion8_c,2097152,0,311.4944,6087976039063001523
fusion8_c,2097152,1,210.9009,6087976039063001523
fusion8_c,2097152,2,210.4904,6087976039063001523
fusion8_c,2097152,3,213.6765,6087976039063001523
fusion8_c,2097152,4,232.5577,6087976039063001523
fusion8_c,2097152,5,260.6247,6087976039063001523
fusion8_c,2097152,6,294.7006,6087976039063001523
fusion8_c,2097152,7,261.0870,6087976039063001523
fusion8_c,2097152,8,221.7010,6087976039063001523
fusion8_c,2097152,9,203.6484,6087976039063001523
fusion8_c,2097152,10,202.6505,6087976039063001523
fusion8_c,2097152,11,201.9592,6087976039063001523
fusion8_c,2097152,12,212.0926,6087976039063001523
fusion8_c,2097152,13,229.6402,6087976039063001523
fusion8_c,2097152,14,245.5978,6087976039063001523
fusion16_w,2097152,0,290.6067,6087976039063001523
fusion16_w,2097152,1,242.8726,6087976039063001523
fusion16_w,2097152,2,221.7285,6087976039063001523
fusion16_w,2097152,3,220.4636,6087976039063001523
fusion16_w,2097152,4,223.9975,6087976039063001523
fusion16_w,2097152,5,221.9162,6087976039063001523
fusion16_w,2097152,6,227.2430,6087976039063001523
fusion16_w,2097152,7,221.2723,6087976039063001523
fusion16_w,2097152,8,218.5593,6087976039063001523
fusion16_w,2097152,9,235.7056,6087976039063001523
fusion16_w,2097152,10,237.2635,6087976039063001523
fusion16_w,2097152,11,223.8541,6087976039063001523
fusion16_w,2097152,12,230.9235,6087976039063001523
fusion16_w,2097152,13,233.3206,6087976039063001523
fusion16_w,2097152,14,225.5844,6087976039063001523
sorted_array,4194304,0,255.4214,14247903871160904604
sorted_array,4194304,1,220.1370,14247903871160904604
sorted_array,4194304,2,211.7477,14247903871160904604
sorted_array,4194304,3,214.7629,14247903871160904604
sorted_array,4194304,4,209.7183,14247903871160904604
sorted_array,4194304,5,205.2780,14247903871160904604
sorted_array,4194304,6,205.3101,14247903871160904604
sorted_array,4194304,7,205.7724,14247903871160904604
sorted_array,4194304,8,206.1783,14247903871160904604
sorted_array,4194304,9,204.3381,14247903871160904604
sorted_array,4194304,10,205.8914,14247903871160904604
sorted_array,4194304,11,208.4900,14247903871160904604
sorted_array,4194304,12,210.3104,14247903871160904604
sorted_array,4194304,13,210.5453,14247903871160904604
sorted_array,4194304,14,215.9683,14247903871160904604
btree8,4194304,0,238.2065,14247903871160904604
btree8,4194304,1,165.8585,14247903871160904604
btree8,4194304,2,162.9288,14247903871160904604
btree8,4194304,3,161.9080,14247903871160904604
btree8,4194304,4,168.1854,14247903871160904604
btree8,4194304,5,170.3156,14247903871160904604
btree8,4194304,6,163.7283,14247903871160904604
btree8,4194304,7,167.3172,14247903871160904604
btree8,4194304,8,172.3114,14247903871160904604
btree8,4194304,9,170.9167,14247903871160904604
btree8,4194304,10,165.7486,14247903871160904604
btree8,4194304,11,164.5355,14247903871160904604
btree8,4194304,12,175.9949,14247903871160904604
btree8,4194304,13,181.6833,14247903871160904604
btree8,4194304,14,169.3771,14247903871160904604
btree8_bl,4194304,0,126.2573,14247903871160904604
btree8_bl,4194304,1,68.1229,14247903871160904604
btree8_bl,4194304,2,61.1588,14247903871160904604
btree8_bl,4194304,3,75.7874,14247903871160904604
btree8_bl,4194304,4,79.4968,14247903871160904604
btree8_bl,4194304,5,70.9198,14247903871160904604
btree8_bl,4194304,6,80.8502,14247903871160904604
btree8_bl,4194304,7,74.7849,14247903871160904604
btree8_bl,4194304,8,70.9351,14247903871160904604
btree8_bl,4194304,9,71.3730,14247903871160904604
btree8_bl,4194304,10,74.8947,14247903871160904604
btree8_bl,4194304,11,66.8411,14247903871160904604
btree8_bl,4194304,12,65.6448,14247903871160904604
btree8_bl,4194304,13,87.0193,14247903871160904604
btree8_bl,4194304,14,86.2457,14247903871160904604
btree8_a64,4194304,0,293.7225,14247903871160904604
btree8_a64,4194304,1,167.7521,14247903871160904604
btree8_a64,4194304,2,157.5851,14247903871160904604
btree8_a64,4194304,3,158.0200,14247903871160904604
btree8_a64,4194304,4,178.8208,14247903871160904604
btree8_a64,4194304,5,164.7614,14247903871160904604
btree8_a64,4194304,6,157.4295,14247903871160904604
btree8_a64,4194304,7,171.6873,14247903871160904604
btree8_a64,4194304,8,155.3192,14247903871160904604
btree8_a64,4194304,9,155.6122,14247903871160904604
btree8_a64,4194304,10,162.5458,14247903871160904604
btree8_a64,4194304,11,160.8322,14247903871160904604
btree8_a64,4194304,12,165.8951,14247903871160904604
btree8_a64,4194304,13,179.0909,14247903871160904604
btree8_a64,4194304,14,161.4838,14247903871160904604
btree8_bl_a64,4194304,0,118.2281,14247903871160904604
btree8_bl_a64,4194304,1,59.8709,14247903871160904604
btree8_bl_a64,4194304,2,53.9200,14247903871160904604
btree8_bl_a64,4194304,3,52.3392,14247903871160904604
btree8_bl_a64,4194304,4,51.7120,14247903871160904604
btree8_bl_a64,4194304,5,52.1118,14247903871160904604
btree8_bl_a64,4194304,6,58.8501,14247903871160904604
btree8_bl_a64,4194304,7,56.0944,14247903871160904604
btree8_bl_a64,4194304,8,53.2578,14247903871160904604
btree8_bl_a64,4194304,9,53.7384,14247903871160904604
btree8_bl_a64,4194304,10,53.5675,14247903871160904604
btree8_bl_a64,4194304,11,56.0883,14247903871160904604
btree8_bl_a64,4194304,12,54.2618,14247903871160904604
btree8_bl_a64,4194304,13,54.0359,14247903871160904604
btree8_bl_a64,4194304,14,55.5923,14247903871160904604
btree16_bl_a64,4194304,0,136.1923,14247903871160904604
btree16_bl_a64,4194304,1,110.6277,14247903871160904604
btree16_bl_a64,4194304,2,106.1157,14247903871160904604
btree16_bl_a64,4194304,3,106.2042,14247903871160904604
btree16_bl_a64,4194304,4,107.8995,14247903871160904604
btree16_bl_a64,4194304,5,109.4391,14247903871160904604
btree16_bl_a64,4194304,6,106.6330,14247903871160904604
btree16_bl_a64,4194304,7,106.7261,14247903871160904604
btree16_bl_a64,4194304,8,105.2032,14247903871160904604
btree16_bl_a64,4194304,9,106.6818,14247903871160904604
btree16_bl_a64,4194304,10,104.6890,14247903871160904604
btree16_bl_a64,4194304,11,110.3088,14247903871160904604
btree16_bl_a64,4194304,12,107.9681,14247903871160904604
btree16_bl_a64,4194304,13,110.3638,14247903871160904604
btree16_bl_a64,4194304,14,109.3689,14247903871160904604
fusion8,4194304,0,334.1995,14247903871160904604
fusion8,4194304,1,261.0947,14247903871160904604
fusion8,4194304,2,279.4464,14247903871160904604
fusion8,4194304,3,266.3025,14247903871160904604
fusion8,4194304,4,258.2703,14247903871160904604
fusion8,4194304,5,251.0834,14247903871160904604
fusion8,4194304,6,251.8646,14247903871160904604
fusion8,4194304,7,254.4434,14247903871160904604
fusion8,4194304,8,249.2416,14247903871160904604
fusion8,4194304,9,247.8928,14247903871160904604
fusion8,4194304,10,249.6338,14247903871160904604
fusion8,4194304,11,260.9238,14247903871160904604
fusion8,4194304,12,259.7992,14247903871160904604
fusion8,4194304,13,253.5263,14247903871160904604
fusion8,4194304,14,254.0024,14247903871160904604
fusion8_bf,4194304,0,339.0549,14247903871160904604
fusion8_bf,4194304,1,286.5982,14247903871160904604
fusion8_bf,4194304,2,252.8198,14247903871160904604
fusion8_bf,4194304,3,265.5655,14247903871160904604
fusion8_bf,4194304,4,263.5437,14247903871160904604
fusion8_bf,4194304,5,257.2922,14247903871160904604
fusion8_bf,4194304,6,254.1290,14247903871160904604
fusion8_bf,4194304,7,278.4653,14247903871160904604
fusion8_bf,4194304,8,274.3469,14247903871160904604
fusion8_bf,4194304,9,283.2611,14247903871160904604
fusion8_bf,4194304,10,263.1912,14247903871160904604
fusion8_bf,4194304,11,255.1880,14247903871160904604
fusion8_bf,4194304,12,256.0303,14247903871160904604
fusion8_bf,4194304,13,253.5782,14247903871160904604
fusion8_bf,4194304,14,249.9924,14247903871160904604
fusion8_c,4194304,0,313.2462,14247903871160904604
fusion8_c,4194304,1,220.2454,14247903871160904604
fusion8_c,4194304,2,203.8528,14247903871160904604
fusion8_c,4194304,3,207.5302,14247903871160904604
fusion8_c,4194304,4,221.8231,14247903871160904604
fusion8_c,4194304,5,216.1377,14247903871160904604
fusion8_c,4194304,6,209.4162,14247903871160904604
fusion8_c,4194304,7,214.9796,14247903871160904604
fusion8_c,4194304,8,203.2135,14247903871160904604
fusion8_c,4194304,9,214.8209,14247903871160904604
fusion8_c,4194304,10,222.6456,14247903871160904604
fusion8_c,4194304,11,228.3371,14247903871160904604
fusion8_c,4194304,12,212.9166,14247903871160904604
fusion8_c,4194304,13,208.6319,14247903871160904604
fusion8_c,4194304,14,219.4824,14247903871160904604
fusion16_w,4194304,0,316.2659,14247903871160904604
fusion16_w,4194304,1,261.2305,14247903871160904604
fusion16_w,4194304,2,251.4267,14247903871160904604
fusion16_w,4194304,3,256.3568,14247903871160904604
fusion16_w,4194304,4,267.2531,14247903871160904604
fusion16_w,4194304,5,257.4448,14247903871160904604
fusion16_w,4194304,6,249.6414,14247903871160904604
fusion16_w,4194304,7,258.8531,14247903871160904604
fusion16_w,4194304,8,254.2679,14247903871160904604
fusion16_w,4194304,9,257.1136,14247903871160904604
fusion16_w,4194304,10,254.4998,14247903871160904604
fusion16_w,4194304,11,257.5821,14247903871160904604
fusion16_w,4194304,12,258.2642,14247903871160904604
fusion16_w,4194304,13,264.1678,14247903871160904604
fusion16_w,4194304,14,285.9238,14247903871160904604
sorted_array,8388608,0,422.7219,16818331115280313399
sorted_array,8388608,1,397.8485,16818331115280313399
sorted_array,8388608,2,395.8878,16818331115280313399
sorted_array,8388608,3,392.3553,16818331115280313399
sorted_array,8388608,4,392.7338,16818331115280313399
sorted_array,8388608,5,391.8625,16818331115280313399
sorted_array,8388608,6,391.3864,16818331115280313399
sorted_array,8388608,7,397.8394,16818331115280313399
sorted_array,8388608,8,395.5124,16818331115280313399
sorted_array,8388608,9,395.3995,16818331115280313399
sorted_array,8388608,10,397.8546,16818331115280313399
sorted_array,8388608,11,400.0290,16818331115280313399
sorted_array,8388608,12,397.8729,16818331115280313399
sorted_array,8388608,13,395.5338,16818331115280313399
sorted_array,8388608,14,393.9865,16818331115280313399
btree8,8388608,0,378.1204,16818331115280313399
btree8,8388608,1,282.2403,16818331115280313399
btree8,8388608,2,266.8152,16818331115280313399
btree8,8388608,3,266.7572,16818331115280313399
btree8,8388608,4,267.9550,16818331115280313399
btree8,8388608,5,267.4194,16818331115280313399
btree8,8388608,6,269.9432,16818331115280313399
btree8,8388608,7,275.3281,16818331115280313399
btree8,8388608,8,286.7645,16818331115280313399
btree8,8388608,9,308.4061,16818331115280313399
btree8,8388608,10,321.1319,16818331115280313399
btree8,8388608,11,301.4511,16818331115280313399
btree8,8388608,12,309.7595,16818331115280313399
btree8,8388608,13,297.7570,16818331115280313399
btree8,8388608,14,274.1989,16818331115280313399
btree8_bl,8388608,0,228.1891,16818331115280313399
btree8_bl,8388608,1,139.6973,16818331115280313399
btree8_bl,8388608,2,133.9294,16818331115280313399
btree8_bl,8388608,3,138.0554,16818331115280313399
btree8_bl,8388608,4,135.0449,16818331115280313399
btree8_bl,8388608,5,136.2671,16818331115280313399
btree8_bl,8388608,6,135.7193,16818331115280313399
btree8_bl,8388608,7,135.3592,16818331115280313399
btree8_bl,8388608,8,137.6923,16818331115280313399
btree8_bl,8388608,9,134.8297,16818331115280313399
btree8_bl,8388608,10,141.1194,16818331115280313399
btree8_bl,8388608,11,135.6873,16818331115280313399
btree8_bl,8388608,12,137.2543,16818331115280313399
btree8_bl,8388608,13,141.0004,16818331115280313399
btree8_bl,8388608,14,142.2318,16818331115280313399
btree8_a64,8388608,0,371.1288,16818331115280313399
btree8_a64,8388608,1,271.2708,16818331115280313399
btree8_a64,8388608,2,272.1191,16818331115280313399
btree8_a64,8388608,3,273.5367,16818331115280313399
btree8_a64,8388608,4,271.8033,16818331115280313399
btree8_a64,8388608,5,260.7239,16818331115280313399
btree8_a64,8388608,6,262.6877,16818331115280313399
btree8_a64,8388608,7,268.6111,16818331115280313399
btree8_a64,8388608,8,287.2910,16818331115280313399
btree8_a64,8388608,9,276.5045,16818331115280313399
btree8_a64,8388608,10,305.6854,16818331115280313399
btree8_a64,8388608,11,303.7354,16818331115280313399
btree8_a64,8388608,12,290.0467,16818331115280313399
btree8_a64,8388608,13,270.2637,16818331115280313399
btree8_a64,8388608,14,272.3129,16818331115280313399
btree8_bl_a64,8388608,0,227.5574,16818331115280313399
btree8_bl_a64,8388608,1,128.2425,16818331115280313399
btree8_bl_a64,8388608,2,118.5898,16818331115280313399
btree8_bl_a64,8388608,3,111.1786,16818331115280313399
btree8_bl_a64,8388608,4,114.1235,16818331115280313399
btree8_bl_a64,8388608,5,114.7507,16818331115280313399
btree8_bl_a64,8388608,6,115.7227,16818331115280313399
btree8_bl_a64,8388608,7,112.8922,16818331115280313399
btree8_bl_a64,8388608,8,113.2690,16818331115280313399
btree8_bl_a64,8388608,9,114.3539,16818331115280313399
btree8_bl_a64,8388608,10,115.0223,16818331115280313399
btree8_bl_a64,8388608,11,120.3979,16818331115280313399
btree8_bl_a64,8388608,12,118.0496,16818331115280313399
btree8_bl_a64,8388608,13,122.0367,16818331115280313399
btree8_bl_a64,8388608,14,119.3985,16818331115280313399
btree16_bl_a64,8388608,0,131.1020,16818331115280313399
btree16_bl_a64,8388608,1,105.8548,16818331115280313399
btree16_bl_a64,8388608,2,118.3060,16818331115280313399
btree16_bl_a64,8388608,3,108.2474,16818331115280313399
btree16_bl_a64,8388608,4,104.6112,16818331115280313399
btree16_bl_a64,8388608,5,101.6968,16818331115280313399
btree16_bl_a64,8388608,6,99.6796,16818331115280313399
btree16_bl_a64,8388608,7,100.3876,16818331115280313399
btree16_bl_a64,8388608,8,99.5667,16818331115280313399
btree16_bl_a64,8388608,9,99.3652,16818331115280313399
btree16_bl_a64,8388608,10,99.7269,16818331115280313399
btree16_bl_a64,8388608,11,102.3132,16818331115280313399
btree16_bl_a64,8388608,12,102.3727,16818331115280313399
btree16_bl_a64,8388608,13,103.1677,16818331115280313399
btree16_bl_a64,8388608,14,102.6428,16818331115280313399
fusion8,8388608,0,502.8336,16818331115280313399
fusion8,8388608,1,427.7298,16818331115280313399
fusion8,8388608,2,414.6164,16818331115280313399
fusion8,8388608,3,417.2165,16818331115280313399
fusion8,8388608,4,417.0822,16818331115280313399
fusion8,8388608,5,419.6335,16818331115280313399
fusion8,8388608,6,422.7478,16818331115280313399
fusion8,8388608,7,442.0120,16818331115280313399
fusion8,8388608,8,450.6287,16818331115280313399
fusion8,8388608,9,496.2204,16818331115280313399
fusion8,8388608,10,486.1389,16818331115280313399
fusion8,8388608,11,453.4988,16818331115280313399
fusion8,8388608,12,429.8813,16818331115280313399
fusion8,8388608,13,426.7395,16818331115280313399
fusion8,8388608,14,423.3261,16818331115280313399
fusion8_bf,8388608,0,512.5259,16818331115280313399
fusion8_bf,8388608,1,429.1656,16818331115280313399
fusion8_bf,8388608,2,432.0511,16818331115280313399
fusion8_bf,8388608,3,442.2104,16818331115280313399
fusion8_bf,8388608,4,449.2416,16818331115280313399
fusion8_bf,8388608,5,443.9072,16818331115280313399
fusion8_bf,8388608,6,447.1283,16818331115280313399
fusion8_bf,8388608,7,451.7426,16818331115280313399
fusion8_bf,8388608,8,437.1857,16818331115280313399
fusion8_bf,8388608,9,435.7681,16818331115280313399
fusion8_bf,8388608,10,439.5370,16818331115280313399
fusion8_bf,8388608,11,444.9265,16818331115280313399
fusion8_bf,8388608,12,440.0192,16818331115280313399
fusion8_bf,8388608,13,433.2474,16818331115280313399
fusion8_bf,8388608,14,426.4572,16818331115280313399
fusion8_c,8388608,0,472.9370,16818331115280313399
fusion8_c,8388608,1,392.6331,16818331115280313399
fusion8_c,8388608,2,392.4072,16818331115280313399
fusion8_c,8388608,3,401.7944,16818331115280313399
fusion8_c,8388608,4,373.1705,16818331115280313399
fusion8_c,8388608,5,373.8144,16818331115280313399
fusion8_c,8388608,6,378.6606,16818331115280313399
fusion8_c,8388608,7,374.3149,16818331115280313399
fusion8_c,8388608,8,365.7867,16818331115280313399
fusion8_c,8388608,9,360.6628,16818331115280313399
fusion8_c,8388608,10,361.3129,16818331115280313399
fusion8_c,8388608,11,382.3685,16818331115280313399
fusion8_c,8388608,12,383.7296,16818331115280313399
fusion8_c,8388608,13,375.3448,16818331115280313399
fusion8_c,8388608,14,364.6835,16818331115280313399
fusion16_w,8388608,0,323.6694,16818331115280313399
fusion16_w,8388608,1,283.7860,16818331115280313399
fusion16_w,8388608,2,279.6082,16818331115280313399
fusion16_w,8388608,3,285.0525,16818331115280313399
fusion16_w,8388608,4,264.7430,16818331115280313399
fusion16_w,8388608,5,264.2014,16818331115280313399
fusion16_w,8388608,6,264.1052,16818331115280313399
fusion16_w,8388608,7,259.3765,16818331115280313399
fusion16_w,8388608,8,265.7944,16818331115280313399
fusion16_w,8388608,9,263.6917,16818331115280313399
fusion16_w,8388608,10,267.8635,16818331115280313399
fusion16_w,8388608,11,262.8464,16818331115280313399
fusion16_w,8388608,12,267.9764,16818331115280313399
fusion16_w,8388608,13,266.6336,16818331115280313399
fusion16_w,8388608,14,268.1244,16818331115280313399
sorted_array,16777216,0,571.9894,7378316869786178009
sorted_array,16777216,1,561.6776,7378316869786178009
sorted_array,16777216,2,583.6197,7378316869786178009
sorted_array,16777216,3,552.5406,7378316869786178009
sorted_array,16777216,4,558.9371,7378316869786178009
sorted_array,16777216,5,711.2122,7378316869786178009
sorted_array,16777216,6,545.8664,7378316869786178009
sorted_array,16777216,7,547.8409,7378316869786178009
sorted_array,16777216,8,548.3398,7378316869786178009
sorted_array,16777216,9,547.6990,7378316869786178009
sorted_array,16777216,10,549.1287,7378316869786178009
sorted_array,16777216,11,549.2798,7378316869786178009
sorted_array,16777216,12,550.2197,7378316869786178009
sorted_array,16777216,13,552.6398,7378316869786178009
sorted_array,16777216,14,547.5418,7378316869786178009
btree8,16777216,0,394.8105,7378316869786178009
btree8,16777216,1,314.3570,7378316869786178009
btree8,16777216,2,308.5571,7378316869786178009
btree8,16777216,3,314.1373,7378316869786178009
btree8,16777216,4,308.8425,7378316869786178009
btree8,16777216,5,300.5341,7378316869786178009
btree8,16777216,6,297.8333,7378316869786178009
btree8,16777216,7,303.8437,7378316869786178009
btree8,16777216,8,314.6317,7378316869786178009
btree8,16777216,9,304.9438,7378316869786178009
btree8,16777216,10,310.9940,7378316869786178009
btree8,16777216,11,309.6817,7378316869786178009
btree8,16777216,12,310.7452,7378316869786178009
btree8,16777216,13,310.8780,7378316869786178009
btree8,16777216,14,310.7574,7378316869786178009
btree8_bl,16777216,0,187.4176,7378316869786178009
btree8_bl,16777216,1,145.6055,7378316869786178009
btree8_bl,16777216,2,138.5254,7378316869786178009
btree8_bl,16777216,3,136.9476,7378316869786178009
btree8_bl,16777216,4,136.3419,7378316869786178009
btree8_bl,16777216,5,139.9933,7378316869786178009
btree8_bl,16777216,6,138.6093,7378316869786178009
btree8_bl,16777216,7,137.7136,7378316869786178009
btree8_bl,16777216,8,138.4247,7378316869786178009
btree8_bl,16777216,9,138.3377,7378316869786178009
btree8_bl,16777216,10,151.1780,7378316869786178009
btree8_bl,16777216,11,149.0814,7378316869786178009
btree8_bl,16777216,12,145.1065,7378316869786178009
btree8_bl,16777216,13,142.1326,7378316869786178009
btree8_bl,16777216,14,143.8385,7378316869786178009
btree8_a64,16777216,0,393.1641,7378316869786178009
btree8_a64,16777216,1,317.8574,7378316869786178009
btree8_a64,16777216,2,297.2900,7378316869786178009
btree8_a64,16777216,3,293.5440,7378316869786178009
btree8_a64,16777216,4,303.4790,7378316869786178009
btree8_a64,16777216,5,315.2679,7378316869786178009
btree8_a64,16777216,6,322.4777,7378316869786178009
btree8_a64,16777216,7,305.5344,7378316869786178009
btree8_a64,16777216,8,301.3824,7378316869786178009
btree8_a64,16777216,9,296.4401,7378316869786178009
btree8_a64,16777216,10,289.5294,7378316869786178009
btree8_a64,16777216,11,286.0184,7378316869786178009
btree8_a64,16777216,12,285.2142,7378316869786178009
btree8_a64,16777216,13,299.4339,7378316869786178009
btree8_a64,16777216,14,311.3678,7378316869786178009
btree8_bl_a64,16777216,0,211.7828,7378316869786178009
btree8_bl_a64,16777216,1,127.2430,7378316869786178009
btree8_bl_a64,16777216,2,121.1288,7378316869786178009
btree8_bl_a64,16777216,3,118.3777,7378316869786178009
btree8_bl_a64,16777216,4,117.9688,7378316869786178009
btree8_bl_a64,16777216,5,120.5627,7378316869786178009
btree8_bl_a64,16777216,6,122.3297,7378316869786178009
btree8_bl_a64,16777216,7,120.5399,7378316869786178009
btree8_bl_a64,16777216,8,120.4880,7378316869786178009
btree8_bl_a64,16777216,9,120.9900,7378316869786178009
btree8_bl_a64,16777216,10,124.7452,7378316869786178009
btree8_bl_a64,16777216,11,126.4267,7378316869786178009
btree8_bl_a64,16777216,12,129.1763,7378316869786178009
btree8_bl_a64,16777216,13,123.8510,7378316869786178009
btree8_bl_a64,16777216,14,121.8246,7378316869786178009
btree16_bl_a64,16777216,0,134.3628,7378316869786178009
btree16_bl_a64,16777216,1,113.5651,7378316869786178009
btree16_bl_a64,16777216,2,115.1428,7378316869786178009
btree16_bl_a64,16777216,3,111.1710,7378316869786178009
btree16_bl_a64,16777216,4,110.1700,7378316869786178009
btree16_bl_a64,16777216,5,110.1807,7378316869786178009
btree16_bl_a64,16777216,6,105.5389,7378316869786178009
btree16_bl_a64,16777216,7,102.7924,7378316869786178009
btree16_bl_a64,16777216,8,102.8595,7378316869786178009
btree16_bl_a64,16777216,9,104.0527,7378316869786178009
btree16_bl_a64,16777216,10,100.3006,7378316869786178009
btree16_bl_a64,16777216,11,100.4105,7378316869786178009
btree16_bl_a64,16777216,12,100.8194,7378316869786178009
btree16_bl_a64,16777216,13,99.5361,7378316869786178009
btree16_bl_a64,16777216,14,99.8077,7378316869786178009
fusion8,16777216,0,554.8859,7378316869786178009
fusion8,16777216,1,468.5165,7378316869786178009
fusion8,16777216,2,464.6729,7378316869786178009
fusion8,16777216,3,465.1062,7378316869786178009
fusion8,16777216,4,469.3924,7378316869786178009
fusion8,16777216,5,455.3162,7378316869786178009
fusion8,16777216,6,469.1513,7378316869786178009
fusion8,16777216,7,467.0059,7378316869786178009
fusion8,16777216,8,455.9479,7378316869786178009
fusion8,16777216,9,475.9750,7378316869786178009
fusion8,16777216,10,467.7017,7378316869786178009
fusion8,16777216,11,462.1750,7378316869786178009
fusion8,16777216,12,457.2403,7378316869786178009
fusion8,16777216,13,469.8318,7378316869786178009
fusion8,16777216,14,483.6716,7378316869786178009
fusion8_bf,16777216,0,555.1743,7378316869786178009
fusion8_bf,16777216,1,482.2174,7378316869786178009
fusion8_bf,16777216,2,460.2112,7378316869786178009
fusion8_bf,16777216,3,462.9562,7378316869786178009
fusion8_bf,16777216,4,460.6003,7378316869786178009
fusion8_bf,16777216,5,473.9136,7378316869786178009
fusion8_bf,16777216,6,467.4591,7378316869786178009
fusion8_bf,16777216,7,457.9453,7378316869786178009
fusion8_bf,16777216,8,463.4094,7378316869786178009
fusion8_bf,16777216,9,477.0111,7378316869786178009
fusion8_bf,16777216,10,462.3734,7378316869786178009
fusion8_bf,16777216,11,464.6210,7378316869786178009
fusion8_bf,16777216,12,461.1908,7378316869786178009
fusion8_bf,16777216,13,475.7080,7378316869786178009
fusion8_bf,16777216,14,497.0520,7378316869786178009
fusion8_c,16777216,0,499.1791,7378316869786178009
fusion8_c,16777216,1,401.6068,7378316869786178009
fusion8_c,16777216,2,386.7615,7378316869786178009
fusion8_c,16777216,3,389.0259,7378316869786178009
fusion8_c,16777216,4,400.0092,7378316869786178009
fusion8_c,16777216,5,396.9803,7378316869786178009
fusion8_c,16777216,6,392.1082,7378316869786178009
fusion8_c,16777216,7,398.4268,7378316869786178009
fusion8_c,16777216,8,390.9927,7378316869786178009
fusion8_c,16777216,9,382.3395,7378316869786178009
fusion8_c,16777216,10,388.3499,7378316869786178009
fusion8_c,16777216,11,394.3863,7378316869786178009
fusion8_c,16777216,12,422.1481,7378316869786178009
fusion8_c,16777216,13,426.9211,7378316869786178009
fusion8_c,16777216,14,414.6591,7378316869786178009
fusion16_w,16777216,0,315.2466,7378316869786178009
fusion16_w,16777216,1,275.9201,7378316869786178009
fusion16_w,16777216,2,280.8273,7378316869786178009
fusion16_w,16777216,3,308.3984,7378316869786178009
fusion16_w,16777216,4,296.3028,7378316869786178009
fusion16_w,16777216,5,287.5992,7378316869786178009
fusion16_w,16777216,6,274.8978,7378316869786178009
fusion16_w,16777216,7,269.0735,7378316869786178009
fusion16_w,16777216,8,269.8318,7378316869786178009
fusion16_w,16777216,9,279.1626,7378316869786178009
fusion16_w,16777216,10,274.8856,7378316869786178009
fusion16_w,16777216,11,266.5619,7378316869786178009
fusion16_w,16777216,12,259.9487,7378316869786178009
fusion16_w,16777216,13,261.9751,7378316869786178009
fusion16_w,16777216,14,262.1017,7378316869786178009
sorted_array,33554432,0,679.3411,14781225337507930917
sorted_array,33554432,1,668.2983,14781225337507930917
sorted_array,33554432,2,658.2550,14781225337507930917
sorted_array,33554432,3,653.1296,14781225337507930917
sorted_array,33554432,4,652.5635,14781225337507930917
sorted_array,33554432,5,647.7982,14781225337507930917
sorted_array,33554432,6,651.2543,14781225337507930917
sorted_array,33554432,7,645.9610,14781225337507930917
sorted_array,33554432,8,644.6381,14781225337507930917
sorted_array,33554432,9,645.8832,14781225337507930917
sorted_array,33554432,10,646.5393,14781225337507930917
sorted_array,33554432,11,646.0037,14781225337507930917
sorted_array,33554432,12,645.4941,14781225337507930917
sorted_array,33554432,13,643.6798,14781225337507930917
sorted_array,33554432,14,649.6643,14781225337507930917
btree8,33554432,0,440.7196,14781225337507930917
btree8,33554432,1,353.2791,14781225337507930917
btree8,33554432,2,333.7891,14781225337507930917
btree8,33554432,3,320.7764,14781225337507930917
btree8,33554432,4,318.0099,14781225337507930917
btree8,33554432,5,321.3013,14781225337507930917
btree8,33554432,6,320.3751,14781225337507930917
btree8,33554432,7,319.0887,14781225337507930917
btree8,33554432,8,330.7205,14781225337507930917
btree8,33554432,9,368.7683,14781225337507930917
btree8,33554432,10,385.4935,14781225337507930917
btree8,33554432,11,353.2990,14781225337507930917
btree8,33554432,12,326.0376,14781225337507930917
btree8,33554432,13,330.1056,14781225337507930917
btree8,33554432,14,338.9114,14781225337507930917
btree8_bl,33554432,0,203.6285,14781225337507930917
btree8_bl,33554432,1,144.5267,14781225337507930917
btree8_bl,33554432,2,133.8638,14781225337507930917
btree8_bl,33554432,3,132.5775,14781225337507930917
btree8_bl,33554432,4,132.0740,14781225337507930917
btree8_bl,33554432,5,133.5999,14781225337507930917
btree8_bl,33554432,6,131.7261,14781225337507930917
btree8_bl,33554432,7,131.7596,14781225337507930917
btree8_bl,33554432,8,136.5845,14781225337507930917
btree8_bl,33554432,9,137.0071,14781225337507930917
btree8_bl,33554432,10,142.1997,14781225337507930917
btree8_bl,33554432,11,146.2173,14781225337507930917
btree8_bl,33554432,12,140.6204,14781225337507930917
btree8_bl,33554432,13,135.7147,14781225337507930917
btree8_bl,33554432,14,134.8221,14781225337507930917
btree8_a64,33554432,0,435.0235,14781225337507930917
btree8_a64,33554432,1,327.2766,14781225337507930917
btree8_a64,33554432,2,309.6207,14781225337507930917
btree8_a64,33554432,3,318.0603,14781225337507930917
btree8_a64,33554432,4,325.6241,14781225337507930917
btree8_a64,33554432,5,321.2494,14781225337507930917
btree8_a64,33554432,6,313.3057,14781225337507930917
btree8_a64,33554432,7,305.3833,14781225337507930917
btree8_a64,33554432,8,303.0502,14781225337507930917
btree8_a64,33554432,9,309.5245,14781225337507930917
btree8_a64,33554432,10,315.9958,14781225337507930917
btree8_a64,33554432,11,312.5244,14781225337507930917
btree8_a64,33554432,12,321.9574,14781225337507930917
btree8_a64,33554432,13,323.6801,14781225337507930917
btree8_a64,33554432,14,319.0735,14781225337507930917
btree8_bl_a64,33554432,0,185.2280,14781225337507930917
btree8_bl_a64,33554432,1,123.5657,14781225337507930917
btree8_bl_a64,33554432,2,117.3355,14781225337507930917
btree8_bl_a64,33554432,3,113.9114,14781225337507930917
btree8_bl_a64,33554432,4,112.7716,14781225337507930917
btree8_bl_a64,33554432,5,109.8663,14781225337507930917
btree8_bl_a64,33554432,6,111.0870,14781225337507930917
btree8_bl_a64,33554432,7,116.5131,14781225337507930917
btree8_bl_a64,33554432,8,112.2528,14781225337507930917
btree8_bl_a64,33554432,9,113.0585,14781225337507930917
btree8_bl_a64,33554432,10,112.6450,14781225337507930917
btree8_bl_a64,33554432,11,112.7930,14781225337507930917
btree8_bl_a64,33554432,12,121.8704,14781225337507930917
btree8_bl_a64,33554432,13,133.8684,14781225337507930917
btree8_bl_a64,33554432,14,126.0025,14781225337507930917
btree16_bl_a64,33554432,0,221.1594,14781225337507930917
btree16_bl_a64,33554432,1,180.8075,14781225337507930917
btree16_bl_a64,33554432,2,179.4312,14781225337507930917
btree16_bl_a64,33554432,3,175.6058,14781225337507930917
btree16_bl_a64,33554432,4,174.8016,14781225337507930917
btree16_bl_a64,33554432,5,175.9491,14781225337507930917
btree16_bl_a64,33554432,6,175.2472,14781225337507930917
btree16_bl_a64,33554432,7,177.6642,14781225337507930917
btree16_bl_a64,33554432,8,177.9633,14781225337507930917
btree16_bl_a64,33554432,9,174.2813,14781225337507930917
btree16_bl_a64,33554432,10,174.9466,14781225337507930917
btree16_bl_a64,33554432,11,175.3922,14781225337507930917
btree16_bl_a64,33554432,12,183.9706,14781225337507930917
btree16_bl_a64,33554432,13,178.8284,14781225337507930917
btree16_bl_a64,33554432,14,173.4818,14781225337507930917
fusion8,33554432,0,554.1870,14781225337507930917
fusion8,33554432,1,462.8860,14781225337507930917
fusion8,33554432,2,455.6915,14781225337507930917
fusion8,33554432,3,452.8976,14781225337507930917
fusion8,33554432,4,454.0024,14781225337507930917
fusion8,33554432,5,453.9764,14781225337507930917
fusion8,33554432,6,447.5159,14781225337507930917
fusion8,33554432,7,477.5940,14781225337507930917
fusion8,33554432,8,470.1355,14781225337507930917
fusion8,33554432,9,471.3882,14781225337507930917
fusion8,33554432,10,457.4982,14781225337507930917
fusion8,33554432,11,490.7272,14781225337507930917
fusion8,33554432,12,478.2028,14781225337507930917
fusion8,33554432,13,464.5660,14781225337507930917
fusion8,33554432,14,461.0687,14781225337507930917
fusion8_bf,33554432,0,561.8881,14781225337507930917
fusion8_bf,33554432,1,487.0148,14781225337507930917
fusion8_bf,33554432,2,489.2365,14781225337507930917
fusion8_bf,33554432,3,466.7816,14781225337507930917
fusion8_bf,33554432,4,481.4255,14781225337507930917
fusion8_bf,33554432,5,541.1758,14781225337507930917
fusion8_bf,33554432,6,479.3228,14781225337507930917
fusion8_bf,33554432,7,472.8378,14781225337507930917
fusion8_bf,33554432,8,462.4008,14781225337507930917
fusion8_bf,33554432,9,467.9382,14781225337507930917
fusion8_bf,33554432,10,461.4212,14781225337507930917
fusion8_bf,33554432,11,456.7505,14781225337507930917
fusion8_bf,33554432,12,465.0223,14781225337507930917
fusion8_bf,33554432,13,458.5693,14781225337507930917
fusion8_bf,33554432,14,460.8627,14781225337507930917
fusion8_c,33554432,0,511.4304,14781225337507930917
fusion8_c,33554432,1,410.4675,14781225337507930917
fusion8_c,33554432,2,394.6106,14781225337507930917
fusion8_c,33554432,3,395.4071,14781225337507930917
fusion8_c,33554432,4,400.1648,14781225337507930917
fusion8_c,33554432,5,435.7941,14781225337507930917
fusion8_c,33554432,6,406.1401,14781225337507930917
fusion8_c,33554432,7,394.6854,14781225337507930917
fusion8_c,33554432,8,388.6154,14781225337507930917
fusion8_c,33554432,9,380.9402,14781225337507930917
fusion8_c,33554432,10,389.3433,14781225337507930917
fusion8_c,33554432,11,396.6644,14781225337507930917
fusion8_c,33554432,12,416.2231,14781225337507930917
fusion8_c,33554432,13,424.7467,14781225337507930917
fusion8_c,33554432,14,402.5681,14781225337507930917
fusion16_w,33554432,0,526.6418,14781225337507930917
fusion16_w,33554432,1,447.3953,14781225337507930917
fusion16_w,33554432,2,432.6080,14781225337507930917
fusion16_w,33554432,3,428.1387,14781225337507930917
fusion16_w,33554432,4,431.4423,14781225337507930917
fusion16_w,33554432,5,424.2264,14781225337507930917
fusion16_w,33554432,6,420.0134,14781225337507930917
fusion16_w,33554432,7,431.3370,14781225337507930917
fusion16_w,33554432,8,422.0703,14781225337507930917
fusion16_w,33554432,9,423.9426,14781225337507930917
fusion16_w,33554432,10,426.2085,14781225337507930917
fusion16_w,33554432,11,418.8904,14781225337507930917
fusion16_w,33554432,12,418.4586,14781225337507930917
fusion16_w,33554432,13,425.9430,14781225337507930917
fusion16_w,33554432,14,423.7595,14781225337507930917
