structure,n,rep,ns_per_query,checksum
sorted_array,256,0,4.3732,11530405409878601149
sorted_array,256,1,4.4159,11530405409878601149
sorted_array,256,2,4.3655,11530405409878601149
sorted_array,256,3,4.3671,11530405409878601149
sorted_array,256,4,4.3503,11530405409878601149
sorted_array,256,5,4.2953,11530405409878601149
sorted_array,256,6,4.2862,11530405409878601149
sorted_array,256,7,4.5731,11530405409878601149
sorted_array,256,8,4.3274,11530405409878601149
sorted_array,256,9,4.2831,11530405409878601149
sorted_array,256,10,4.2862,11530405409878601149
sorted_array,256,11,4.2786,11530405409878601149
sorted_array,256,12,4.2816,11530405409878601149
sorted_array,256,13,4.2892,11530405409878601149
sorted_array,256,14,4.2847,11530405409878601149
btree8,256,0,20.9473,11530405409878601149
btree8,256,1,20.5856,11530405409878601149
btree8,256,2,20.6268,11530405409878601149
btree8,256,3,20.5017,11530405409878601149
btree8,256,4,20.3934,11530405409878601149
btree8,256,5,20.9579,11530405409878601149
btree8,256,6,20.5475,11530405409878601149
btree8,256,7,20.5475,11530405409878601149
btree8,256,8,20.5368,11530405409878601149
btree8,256,9,20.4453,11530405409878601149
btree8,256,10,20.2499,11530405409878601149
btree8,256,11,20.4544,11530405409878601149
btree8,256,12,20.5032,11530405409878601149
btree8,256,13,20.6558,11530405409878601149
btree8,256,14,20.8206,11530405409878601149
btree8_bl,256,0,13.1683,11530405409878601149
btree8_bl,256,1,13.0447,11530405409878601149
btree8_bl,256,2,13.0707,11530405409878601149
btree8_bl,256,3,12.9929,11530405409878601149
btree8_bl,256,4,12.9456,11530405409878601149
btree8_bl,256,5,12.9623,11530405409878601149
btree8_bl,256,6,12.9745,11530405409878601149
btree8_bl,256,7,12.9761,11530405409878601149
btree8_bl,256,8,12.7319,11530405409878601149
btree8_bl,256,9,12.6633,11530405409878601149
btree8_bl,256,10,12.5931,11530405409878601149
btree8_bl,256,11,12.6129,11530405409878601149
btree8_bl,256,12,12.6053,11530405409878601149
btree8_bl,256,13,12.5458,11530405409878601149
btree8_bl,256,14,12.5687,11530405409878601149
btree8_a64,256,0,19.0994,11530405409878601149
btree8_a64,256,1,18.8965,11530405409878601149
btree8_a64,256,2,18.9697,11530405409878601149
btree8_a64,256,3,18.9041,11530405409878601149
btree8_a64,256,4,19.9356,11530405409878601149
btree8_a64,256,5,18.8660,11530405409878601149
btree8_a64,256,6,18.8950,11530405409878601149
btree8_a64,256,7,18.8248,11530405409878601149
btree8_a64,256,8,18.9438,11530405409878601149
btree8_a64,256,9,18.8492,11530405409878601149
btree8_a64,256,10,18.8736,11530405409878601149
btree8_a64,256,11,18.9148,11530405409878601149
btree8_a64,256,12,18.8446,11530405409878601149
btree8_a64,256,13,18.8568,11530405409878601149
btree8_a64,256,14,18.8660,11530405409878601149
btree8_bl_a64,256,0,11.5341,11530405409878601149
btree8_bl_a64,256,1,11.7844,11530405409878601149
btree8_bl_a64,256,2,11.2442,11530405409878601149
btree8_bl_a64,256,3,11.5860,11530405409878601149
btree8_bl_a64,256,4,11.4944,11530405409878601149
btree8_bl_a64,256,5,11.2946,11530405409878601149
btree8_bl_a64,256,6,11.3205,11530405409878601149
btree8_bl_a64,256,7,11.2671,11530405409878601149
btree8_bl_a64,256,8,11.2473,11530405409878601149
btree8_bl_a64,256,9,11.2488,11530405409878601149
btree8_bl_a64,256,10,11.2991,11530405409878601149
btree8_bl_a64,256,11,11.2808,11530405409878601149
btree8_bl_a64,256,12,11.9278,11530405409878601149
btree8_bl_a64,256,13,11.4441,11530405409878601149
btree8_bl_a64,256,14,11.2671,11530405409878601149
btree16_bl_a64,256,0,4.4037,11530405409878601149
btree16_bl_a64,256,1,4.1550,11530405409878601149
btree16_bl_a64,256,2,4.1519,11530405409878601149
btree16_bl_a64,256,3,4.0970,11530405409878601149
btree16_bl_a64,256,4,4.0848,11530405409878601149
btree16_bl_a64,256,5,4.0619,11530405409878601149
btree16_bl_a64,256,6,4.0543,11530405409878601149
btree16_bl_a64,256,7,4.0436,11530405409878601149
btree16_bl_a64,256,8,4.0665,11530405409878601149
btree16_bl_a64,256,9,4.0298,11530405409878601149
btree16_bl_a64,256,10,4.0207,11530405409878601149
btree16_bl_a64,256,11,4.0161,11530405409878601149
btree16_bl_a64,256,12,4.0207,11530405409878601149
btree16_bl_a64,256,13,4.0329,11530405409878601149
btree16_bl_a64,256,14,4.0009,11530405409878601149
fusion8,256,0,34.5352,11530405409878601149
fusion8,256,1,34.2041,11530405409878601149
fusion8,256,2,34.8648,11530405409878601149
fusion8,256,3,34.7000,11530405409878601149
fusion8,256,4,34.0530,11530405409878601149
fusion8,256,5,34.0683,11530405409878601149
fusion8,256,6,34.0225,11530405409878601149
fusion8,256,7,33.9935,11530405409878601149
fusion8,256,8,34.0546,11530405409878601149
fusion8,256,9,33.9844,11530405409878601149
fusion8,256,10,33.9859,11530405409878601149
fusion8,256,11,33.9920,11530405409878601149
fusion8,256,12,34.0393,11530405409878601149
fusion8,256,13,34.0683,11530405409878601149
fusion8,256,14,34.0530,11530405409878601149
fusion8_bf,256,0,37.7457,11530405409878601149
fusion8_bf,256,1,37.4527,11530405409878601149
fusion8_bf,256,2,36.6180,11530405409878601149
fusion8_bf,256,3,36.5479,11530405409878601149
fusion8_bf,256,4,36.5402,11530405409878601149
fusion8_bf,256,5,36.5509,11530405409878601149
fusion8_bf,256,6,36.5280,11530405409878601149
fusion8_bf,256,7,36.9034,11530405409878601149
fusion8_bf,256,8,37.2604,11530405409878601149
fusion8_bf,256,9,36.7493,11530405409878601149
fusion8_bf,256,10,36.4700,11530405409878601149
fusion8_bf,256,11,36.5387,11530405409878601149
fusion8_bf,256,12,36.5356,11530405409878601149
fusion8_bf,256,13,36.4639,11530405409878601149
fusion8_bf,256,14,37.1002,11530405409878601149
fusion8_c,256,0,37.8845,11530405409878601149
fusion8_c,256,1,37.4527,11530405409878601149
fusion8_c,256,2,37.5122,11530405409878601149
fusion8_c,256,3,37.4405,11530405409878601149
fusion8_c,256,4,37.4680,11530405409878601149
fusion8_c,256,5,38.5635,11530405409878601149
fusion8_c,256,6,37.6236,11530405409878601149
fusion8_c,256,7,37.4039,11530405409878601149
fusion8_c,256,8,37.3947,11530405409878601149
fusion8_c,256,9,37.3795,11530405409878601149
fusion8_c,256,10,37.3917,11530405409878601149
fusion8_c,256,11,37.4313,11530405409878601149
fusion8_c,256,12,37.7228,11530405409878601149
fusion8_c,256,13,37.3917,11530405409878601149
fusion8_c,256,14,37.5122,11530405409878601149
fusion16_w,256,0,26.0681,11530405409878601149
fusion16_w,256,1,26.0498,11530405409878601149
fusion16_w,256,2,25.6424,11530405409878601149
fusion16_w,256,3,25.5310,11530405409878601149
fusion16_w,256,4,25.4822,11530405409878601149
fusion16_w,256,5,26.6632,11530405409878601149
fusion16_w,256,6,25.5524,11530405409878601149
fusion16_w,256,7,25.4395,11530405409878601149
fusion16_w,256,8,25.3860,11530405409878601149
fusion16_w,256,9,25.4257,11530405409878601149
fusion16_w,256,10,25.4440,11530405409878601149
fusion16_w,256,11,25.4303,11530405409878601149
fusion16_w,256,12,25.3784,11530405409878601149
fusion16_w,256,13,25.6653,11530405409878601149
fusion16_w,256,14,25.6866,11530405409878601149
sorted_array,512,0,4.9561,16697882275220540387
sorted_array,512,1,5.7999,16697882275220540387
sorted_array,512,2,4.9561,16697882275220540387
sorted_array,512,3,4.9591,16697882275220540387
sorted_array,512,4,4.9606,16697882275220540387
sorted_array,512,5,4.9606,16697882275220540387
sorted_array,512,6,4.9774,16697882275220540387
sorted_array,512,7,5.0003,16697882275220540387
sorted_array,512,8,4.9591,16697882275220540387
sorted_array,512,9,4.9591,16697882275220540387
sorted_array,512,10,4.9606,16697882275220540387
sorted_array,512,11,4.9622,16697882275220540387
sorted_array,512,12,4.9820,16697882275220540387
sorted_array,512,13,4.9591,16697882275220540387
sorted_array,512,14,4.9591,16697882275220540387
btree8,512,0,23.6740,16697882275220540387
btree8,512,1,23.2132,16697882275220540387
btree8,512,2,23.5916,16697882275220540387
btree8,512,3,23.3032,16697882275220540387
btree8,512,4,23.3658,16697882275220540387
btree8,512,5,23.3276,16697882275220540387
btree8,512,6,23.3688,16697882275220540387
btree8,512,7,23.5321,16697882275220540387
btree8,512,8,23.5077,16697882275220540387
btree8,512,9,23.7427,16697882275220540387
btree8,512,10,23.5336,16697882275220540387
btree8,512,11,23.1750,16697882275220540387
btree8,512,12,23.6374,16697882275220540387
btree8,512,13,23.6465,16697882275220540387
btree8,512,14,23.2269,16697882275220540387
btree8_bl,512,0,8.7799,16697882275220540387
btree8_bl,512,1,8.5800,16697882275220540387
btree8_bl,512,2,8.5358,16697882275220540387
btree8_bl,512,3,8.5587,16697882275220540387
btree8_bl,512,4,8.4839,16697882275220540387
btree8_bl,512,5,8.4717,16697882275220540387
btree8_bl,512,6,8.4564,16697882275220540387
btree8_bl,512,7,8.5144,16697882275220540387
btree8_bl,512,8,8.5190,16697882275220540387
btree8_bl,512,9,8.6029,16697882275220540387
btree8_bl,512,10,8.6533,16697882275220540387
btree8_bl,512,11,8.5922,16697882275220540387
btree8_bl,512,12,8.6182,16697882275220540387
btree8_bl,512,13,8.6700,16697882275220540387
btree8_bl,512,14,8.6380,16697882275220540387
btree8_a64,512,0,22.8943,16697882275220540387
btree8_a64,512,1,22.6624,16697882275220540387
btree8_a64,512,2,22.3846,16697882275220540387
btree8_a64,512,3,22.1024,16697882275220540387
btree8_a64,512,4,22.0596,16697882275220540387
btree8_a64,512,5,22.0932,16697882275220540387
btree8_a64,512,6,22.1405,16697882275220540387
btree8_a64,512,7,22.0963,16697882275220540387
btree8_a64,512,8,22.2427,16697882275220540387
btree8_a64,512,9,22.3862,16697882275220540387
btree8_a64,512,10,22.3175,16697882275220540387
btree8_a64,512,11,22.1161,16697882275220540387
btree8_a64,512,12,22.0932,16697882275220540387
btree8_a64,512,13,22.0642,16697882275220540387
btree8_a64,512,14,22.0413,16697882275220540387
btree8_bl_a64,512,0,7.9468,16697882275220540387
btree8_bl_a64,512,1,7.7682,16697882275220540387
btree8_bl_a64,512,2,7.7850,16697882275220540387
btree8_bl_a64,512,3,8.6563,16697882275220540387
btree8_bl_a64,512,4,8.0872,16697882275220540387
btree8_bl_a64,512,5,7.9117,16697882275220540387
btree8_bl_a64,512,6,7.9666,16697882275220540387
btree8_bl_a64,512,7,7.8827,16697882275220540387
btree8_bl_a64,512,8,7.8659,16697882275220540387
btree8_bl_a64,512,9,7.8247,16697882275220540387
btree8_bl_a64,512,10,7.6813,16697882275220540387
btree8_bl_a64,512,11,7.7621,16697882275220540387
btree8_bl_a64,512,12,7.7454,16697882275220540387
btree8_bl_a64,512,13,7.6675,16697882275220540387
btree8_bl_a64,512,14,7.6599,16697882275220540387
btree16_bl_a64,512,0,14.5584,16697882275220540387
btree16_bl_a64,512,1,14.3051,16697882275220540387
btree16_bl_a64,512,2,14.2426,16697882275220540387
btree16_bl_a64,512,3,14.3982,16697882275220540387
btree16_bl_a64,512,4,14.1876,16697882275220540387
btree16_bl_a64,512,5,14.0182,16697882275220540387
btree16_bl_a64,512,6,14.0274,16697882275220540387
btree16_bl_a64,512,7,13.9328,16697882275220540387
btree16_bl_a64,512,8,13.9511,16697882275220540387
btree16_bl_a64,512,9,13.9252,16697882275220540387
btree16_bl_a64,512,10,13.9496,16697882275220540387
btree16_bl_a64,512,11,13.8855,16697882275220540387
btree16_bl_a64,512,12,13.8931,16697882275220540387
btree16_bl_a64,512,13,13.9496,16697882275220540387
btree16_bl_a64,512,14,13.9114,16697882275220540387
fusion8,512,0,34.3582,16697882275220540387
fusion8,512,1,34.0317,16697882275220540387
fusion8,512,2,33.8898,16697882275220540387
fusion8,512,3,33.8150,16697882275220540387
fusion8,512,4,33.8089,16697882275220540387
fusion8,512,5,33.8867,16697882275220540387
fusion8,512,6,33.7906,16697882275220540387
fusion8,512,7,34.6756,16697882275220540387
fusion8,512,8,33.7585,16697882275220540387
fusion8,512,9,33.7784,16697882275220540387
fusion8,512,10,33.7967,16697882275220540387
fusion8,512,11,33.8608,16697882275220540387
fusion8,512,12,33.7509,16697882275220540387
fusion8,512,13,33.7570,16697882275220540387
fusion8,512,14,33.9737,16697882275220540387
fusion8_bf,512,0,37.6709,16697882275220540387
fusion8_bf,512,1,37.7060,16697882275220540387
fusion8_bf,512,2,37.6236,16697882275220540387
fusion8_bf,512,3,37.5122,16697882275220540387
fusion8_bf,512,4,37.5549,16697882275220540387
fusion8_bf,512,5,38.3575,16697882275220540387
fusion8_bf,512,6,37.7014,16697882275220540387
fusion8_bf,512,7,37.5427,16697882275220540387
fusion8_bf,512,8,37.5244,16697882275220540387
fusion8_bf,512,9,37.6358,16697882275220540387
fusion8_bf,512,10,37.5305,16697882275220540387
fusion8_bf,512,11,37.5717,16697882275220540387
fusion8_bf,512,12,38.6459,16697882275220540387
fusion8_bf,512,13,37.5504,16697882275220540387
fusion8_bf,512,14,37.5626,16697882275220540387
fusion8_c,512,0,38.7070,16697882275220540387
fusion8_c,512,1,38.7268,16697882275220540387
fusion8_c,512,2,38.7344,16697882275220540387
fusion8_c,512,3,38.7207,16697882275220540387
fusion8_c,512,4,37.8769,16697882275220540387
fusion8_c,512,5,36.9019,16697882275220540387
fusion8_c,512,6,36.8500,16697882275220540387
fusion8_c,512,7,36.8256,16697882275220540387
fusion8_c,512,8,36.8576,16697882275220540387
fusion8_c,512,9,36.7966,16697882275220540387
fusion8_c,512,10,37.7151,16697882275220540387
fusion8_c,512,11,36.8515,16697882275220540387
fusion8_c,512,12,36.8271,16697882275220540387
fusion8_c,512,13,36.8454,16697882275220540387
fusion8_c,512,14,36.8637,16697882275220540387
fusion16_w,512,0,41.5070,16697882275220540387
fusion16_w,512,1,41.3513,16697882275220540387
fusion16_w,512,2,41.5558,16697882275220540387
fusion16_w,512,3,41.3055,16697882275220540387
fusion16_w,512,4,41.3620,16697882275220540387
fusion16_w,512,5,41.2247,16697882275220540387
fusion16_w,512,6,41.1682,16697882275220540387
fusion16_w,512,7,42.3065,16697882275220540387
fusion16_w,512,8,41.4230,16697882275220540387
fusion16_w,512,9,41.2643,16697882275220540387
fusion16_w,512,10,41.1301,16697882275220540387
fusion16_w,512,11,41.1789,16697882275220540387
fusion16_w,512,12,41.1224,16697882275220540387
fusion16_w,512,13,41.1438,16697882275220540387
fusion16_w,512,14,41.4001,16697882275220540387
sorted_array,1024,0,5.7220,1822299186294993737
sorted_array,1024,1,5.7190,1822299186294993737
sorted_array,1024,2,5.7175,1822299186294993737
sorted_array,1024,3,5.7083,1822299186294993737
sorted_array,1024,4,5.7510,1822299186294993737
sorted_array,1024,5,5.7159,1822299186294993737
sorted_array,1024,6,5.7098,1822299186294993737
sorted_array,1024,7,5.7220,1822299186294993737
sorted_array,1024,8,5.7251,1822299186294993737
sorted_array,1024,9,5.7541,1822299186294993737
sorted_array,1024,10,5.7190,1822299186294993737
sorted_array,1024,11,5.7114,1822299186294993737
sorted_array,1024,12,5.7190,1822299186294993737
sorted_array,1024,13,5.7068,1822299186294993737
sorted_array,1024,14,5.7404,1822299186294993737
btree8,1024,0,26.9424,1822299186294993737
btree8,1024,1,26.5121,1822299186294993737
btree8,1024,2,26.4191,1822299186294993737
btree8,1024,3,26.3306,1822299186294993737
btree8,1024,4,26.3885,1822299186294993737
btree8,1024,5,26.3474,1822299186294993737
btree8,1024,6,25.7141,1822299186294993737
btree8,1024,7,27.0782,1822299186294993737
btree8,1024,8,26.3031,1822299186294993737
btree8,1024,9,26.2939,1822299186294993737
btree8,1024,10,26.3748,1822299186294993737
btree8,1024,11,26.3260,1822299186294993737
btree8,1024,12,26.3458,1822299186294993737
btree8,1024,13,26.2848,1822299186294993737
btree8,1024,14,26.2741,1822299186294993737
btree8_bl,1024,0,20.4193,1822299186294993737
btree8_bl,1024,1,20.3964,1822299186294993737
btree8_bl,1024,2,20.5246,1822299186294993737
btree8_bl,1024,3,20.4910,1822299186294993737
btree8_bl,1024,4,20.3842,1822299186294993737
btree8_bl,1024,5,20.4636,1822299186294993737
btree8_bl,1024,6,20.4880,1822299186294993737
btree8_bl,1024,7,20.2911,1822299186294993737
btree8_bl,1024,8,20.3842,1822299186294993737
btree8_bl,1024,9,20.3690,1822299186294993737
btree8_bl,1024,10,20.3369,1822299186294993737
btree8_bl,1024,11,20.2515,1822299186294993737
btree8_bl,1024,12,20.2850,1822299186294993737
btree8_bl,1024,13,20.3278,1822299186294993737
btree8_bl,1024,14,20.2530,1822299186294993737
btree8_a64,1024,0,25.1862,1822299186294993737
btree8_a64,1024,1,24.7162,1822299186294993737
btree8_a64,1024,2,25.2899,1822299186294993737
btree8_a64,1024,3,24.8047,1822299186294993737
btree8_a64,1024,4,24.6353,1822299186294993737
btree8_a64,1024,5,24.6094,1822299186294993737
btree8_a64,1024,6,24.6246,1822299186294993737
btree8_a64,1024,7,24.5987,1822299186294993737
btree8_a64,1024,8,24.6216,1822299186294993737
btree8_a64,1024,9,24.6536,1822299186294993737
btree8_a64,1024,10,24.7375,1822299186294993737
btree8_a64,1024,11,24.6536,1822299186294993737
btree8_a64,1024,12,24.7925,1822299186294993737
btree8_a64,1024,13,24.7314,1822299186294993737
btree8_a64,1024,14,24.6368,1822299186294993737
btree8_bl_a64,1024,0,18.7744,1822299186294993737
btree8_bl_a64,1024,1,18.5699,1822299186294993737
btree8_bl_a64,1024,2,18.5684,1822299186294993737
btree8_bl_a64,1024,3,18.5074,1822299186294993737
btree8_bl_a64,1024,4,18.5104,1822299186294993737
btree8_bl_a64,1024,5,18.5486,1822299186294993737
btree8_bl_a64,1024,6,19.4153,1822299186294993737
btree8_bl_a64,1024,7,18.9896,1822299186294993737
btree8_bl_a64,1024,8,18.9377,1822299186294993737
btree8_bl_a64,1024,9,18.8812,1822299186294993737
btree8_bl_a64,1024,10,18.8828,1822299186294993737
btree8_bl_a64,1024,11,18.8416,1822299186294993737
btree8_bl_a64,1024,12,18.5593,1822299186294993737
btree8_bl_a64,1024,13,18.4814,1822299186294993737
btree8_bl_a64,1024,14,18.4814,1822299186294993737
btree16_bl_a64,1024,0,12.0438,1822299186294993737
btree16_bl_a64,1024,1,11.8759,1822299186294993737
btree16_bl_a64,1024,2,11.7096,1822299186294993737
btree16_bl_a64,1024,3,11.6196,1822299186294993737
btree16_bl_a64,1024,4,11.6211,1822299186294993737
btree16_bl_a64,1024,5,11.5585,1822299186294993737
btree16_bl_a64,1024,6,11.5631,1822299186294993737
btree16_bl_a64,1024,7,11.5555,1822299186294993737
btree16_bl_a64,1024,8,11.4944,1822299186294993737
btree16_bl_a64,1024,9,11.6241,1822299186294993737
btree16_bl_a64,1024,10,11.4746,1822299186294993737
btree16_bl_a64,1024,11,11.4975,1822299186294993737
btree16_bl_a64,1024,12,11.5280,1822299186294993737
btree16_bl_a64,1024,13,11.7493,1822299186294993737
btree16_bl_a64,1024,14,11.7340,1822299186294993737
fusion8,1024,0,42.7597,1822299186294993737
fusion8,1024,1,42.1860,1822299186294993737
fusion8,1024,2,42.8009,1822299186294993737
fusion8,1024,3,42.0456,1822299186294993737
fusion8,1024,4,42.0547,1822299186294993737
fusion8,1024,5,42.5964,1822299186294993737
fusion8,1024,6,42.5034,1822299186294993737
fusion8,1024,7,42.0166,1822299186294993737
fusion8,1024,8,41.9800,1822299186294993737
fusion8,1024,9,41.9968,1822299186294993737
fusion8,1024,10,42.4576,1822299186294993737
fusion8,1024,11,42.3416,1822299186294993737
fusion8,1024,12,42.0120,1822299186294993737
fusion8,1024,13,41.9800,1822299186294993737
fusion8,1024,14,41.9876,1822299186294993737
fusion8_bf,1024,0,50.5157,1822299186294993737
fusion8_bf,1024,1,49.2737,1822299186294993737
fusion8_bf,1024,2,48.6267,1822299186294993737
fusion8_bf,1024,3,48.5443,1822299186294993737
fusion8_bf,1024,4,48.6099,1822299186294993737
fusion8_bf,1024,5,48.5352,1822299186294993737
fusion8_bf,1024,6,49.9832,1822299186294993737
fusion8_bf,1024,7,49.4034,1822299186294993737
fusion8_bf,1024,8,48.5077,1822299186294993737
fusion8_bf,1024,9,48.5046,1822299186294993737
fusion8_bf,1024,10,48.5397,1822299186294993737
fusion8_bf,1024,11,49.0540,1822299186294993737
fusion8_bf,1024,12,49.1150,1822299186294993737
fusion8_bf,1024,13,48.5352,1822299186294993737
fusion8_bf,1024,14,48.5016,1822299186294993737
fusion8_c,1024,0,50.1266,1822299186294993737
fusion8_c,1024,1,51.5961,1822299186294993737
fusion8_c,1024,2,51.0818,1822299186294993737
fusion8_c,1024,3,50.1175,1822299186294993737
fusion8_c,1024,4,49.9588,1822299186294993737
fusion8_c,1024,5,49.9664,1822299186294993737
fusion8_c,1024,6,50.6729,1822299186294993737
fusion8_c,1024,7,49.9405,1822299186294993737
fusion8_c,1024,8,49.9527,1822299186294993737
fusion8_c,1024,9,49.9054,1822299186294993737
fusion8_c,1024,10,50.5859,1822299186294993737
fusion8_c,1024,11,50.1129,1822299186294993737
fusion8_c,1024,12,49.9191,1822299186294993737
fusion8_c,1024,13,49.9435,1822299186294993737
fusion8_c,1024,14,50.0137,1822299186294993737
fusion16_w,1024,0,47.5769,1822299186294993737
fusion16_w,1024,1,47.3312,1822299186294993737
fusion16_w,1024,2,47.2992,1822299186294993737
fusion16_w,1024,3,47.3190,1822299186294993737
fusion16_w,1024,4,47.3114,1822299186294993737
fusion16_w,1024,5,47.2504,1822299186294993737
fusion16_w,1024,6,48.3780,1822299186294993737
fusion16_w,1024,7,47.3297,1822299186294993737
fusion16_w,1024,8,47.2992,1822299186294993737
fusion16_w,1024,9,47.2137,1822299186294993737
fusion16_w,1024,10,47.2351,1822299186294993737
fusion16_w,1024,11,47.3892,1822299186294993737
fusion16_w,1024,12,47.4533,1822299186294993737
fusion16_w,1024,13,47.2290,1822299186294993737
fusion16_w,1024,14,47.2305,1822299186294993737
sorted_array,2048,0,6.4026,6787589965792239204
sorted_array,2048,1,6.3004,6787589965792239204
sorted_array,2048,2,6.2912,6787589965792239204
sorted_array,2048,3,6.2668,6787589965792239204
sorted_array,2048,4,6.2943,6787589965792239204
sorted_array,2048,5,6.3110,6787589965792239204
sorted_array,2048,6,6.2622,6787589965792239204
sorted_array,2048,7,6.2698,6787589965792239204
sorted_array,2048,8,6.2683,6787589965792239204
sorted_array,2048,9,6.3065,6787589965792239204
sorted_array,2048,10,6.2653,6787589965792239204
sorted_array,2048,11,6.2714,6787589965792239204
sorted_array,2048,12,6.2775,6787589965792239204
sorted_array,2048,13,6.2714,6787589965792239204
sorted_array,2048,14,6.3141,6787589965792239204
btree8,2048,0,31.8924,6787589965792239204
btree8,2048,1,30.3543,6787589965792239204
btree8,2048,2,30.3848,6787589965792239204
btree8,2048,3,30.3589,6787589965792239204
btree8,2048,4,30.7404,6787589965792239204
btree8,2048,5,30.2628,6787589965792239204
btree8,2048,6,29.9347,6787589965792239204
btree8,2048,7,30.3299,6787589965792239204
btree8,2048,8,30.2444,6787589965792239204
btree8,2048,9,30.2856,6787589965792239204
btree8,2048,10,30.3177,6787589965792239204
btree8,2048,11,30.3909,6787589965792239204
btree8,2048,12,30.3619,6787589965792239204
btree8,2048,13,30.0766,6787589965792239204
btree8,2048,14,30.0339,6787589965792239204
btree8_bl,2048,0,17.2409,6787589965792239204
btree8_bl,2048,1,17.0731,6787589965792239204
btree8_bl,2048,2,16.9388,6787589965792239204
btree8_bl,2048,3,16.7831,6787589965792239204
btree8_bl,2048,4,16.6962,6787589965792239204
btree8_bl,2048,5,16.7328,6787589965792239204
btree8_bl,2048,6,16.6367,6787589965792239204
btree8_bl,2048,7,16.6595,6787589965792239204
btree8_bl,2048,8,16.6580,6787589965792239204
btree8_bl,2048,9,17.5201,6787589965792239204
btree8_bl,2048,10,16.5894,6787589965792239204
btree8_bl,2048,11,16.5955,6787589965792239204
btree8_bl,2048,12,16.6046,6787589965792239204
btree8_bl,2048,13,16.5833,6787589965792239204
btree8_bl,2048,14,16.5176,6787589965792239204
btree8_a64,2048,0,28.8864,6787589965792239204
btree8_a64,2048,1,28.5492,6787589965792239204
btree8_a64,2048,2,28.5980,6787589965792239204
btree8_a64,2048,3,28.4958,6787589965792239204
btree8_a64,2048,4,28.6270,6787589965792239204
btree8_a64,2048,5,29.1229,6787589965792239204
btree8_a64,2048,6,29.0817,6787589965792239204
btree8_a64,2048,7,28.4653,6787589965792239204
btree8_a64,2048,8,28.4012,6787589965792239204
btree8_a64,2048,9,28.5889,6787589965792239204
btree8_a64,2048,10,28.4088,6787589965792239204
btree8_a64,2048,11,28.5370,6787589965792239204
btree8_a64,2048,12,28.4302,6787589965792239204
btree8_a64,2048,13,28.5385,6787589965792239204
btree8_a64,2048,14,29.1367,6787589965792239204
btree8_bl_a64,2048,0,16.1469,6787589965792239204
btree8_bl_a64,2048,1,15.9531,6787589965792239204
btree8_bl_a64,2048,2,15.3976,6787589965792239204
btree8_bl_a64,2048,3,15.2893,6787589965792239204
btree8_bl_a64,2048,4,15.3091,6787589965792239204
btree8_bl_a64,2048,5,15.3244,6787589965792239204
btree8_bl_a64,2048,6,15.2145,6787589965792239204
btree8_bl_a64,2048,7,15.1550,6787589965792239204
btree8_bl_a64,2048,8,15.1810,6787589965792239204
btree8_bl_a64,2048,9,15.2634,6787589965792239204
btree8_bl_a64,2048,10,15.1917,6787589965792239204
btree8_bl_a64,2048,11,15.1489,6787589965792239204
btree8_bl_a64,2048,12,15.1474,6787589965792239204
btree8_bl_a64,2048,13,16.0202,6787589965792239204
btree8_bl_a64,2048,14,15.4968,6787589965792239204
btree16_bl_a64,2048,0,9.5490,6787589965792239204
btree16_bl_a64,2048,1,9.2697,6787589965792239204
btree16_bl_a64,2048,2,9.3704,6787589965792239204
btree16_bl_a64,2048,3,9.2514,6787589965792239204
btree16_bl_a64,2048,4,9.1843,6787589965792239204
btree16_bl_a64,2048,5,9.2621,6787589965792239204
btree16_bl_a64,2048,6,9.1431,6787589965792239204
btree16_bl_a64,2048,7,8.9523,6787589965792239204
btree16_bl_a64,2048,8,9.1232,6787589965792239204
btree16_bl_a64,2048,9,8.9600,6787589965792239204
btree16_bl_a64,2048,10,9.0164,6787589965792239204
btree16_bl_a64,2048,11,9.1446,6787589965792239204
btree16_bl_a64,2048,12,9.0942,6787589965792239204
btree16_bl_a64,2048,13,9.1461,6787589965792239204
btree16_bl_a64,2048,14,9.1034,6787589965792239204
fusion8,2048,0,51.4832,6787589965792239204
fusion8,2048,1,50.7660,6787589965792239204
fusion8,2048,2,50.5432,6787589965792239204
fusion8,2048,3,50.3677,6787589965792239204
fusion8,2048,4,50.3281,6787589965792239204
fusion8,2048,5,50.3281,6787589965792239204
fusion8,2048,6,51.4969,6787589965792239204
fusion8,2048,7,50.1877,6787589965792239204
fusion8,2048,8,50.1083,6787589965792239204
fusion8,2048,9,50.1175,6787589965792239204
fusion8,2048,10,50.1617,6787589965792239204
fusion8,2048,11,50.8774,6787589965792239204
fusion8,2048,12,50.6210,6787589965792239204
fusion8,2048,13,50.2487,6787589965792239204
fusion8,2048,14,50.3143,6787589965792239204
fusion8_bf,2048,0,56.8008,6787589965792239204
fusion8_bf,2048,1,55.8502,6787589965792239204
fusion8_bf,2048,2,55.6137,6787589965792239204
fusion8_bf,2048,3,54.8874,6787589965792239204
fusion8_bf,2048,4,52.7985,6787589965792239204
fusion8_bf,2048,5,53.3035,6787589965792239204
fusion8_bf,2048,6,53.5080,6787589965792239204
fusion8_bf,2048,7,53.7079,6787589965792239204
fusion8_bf,2048,8,52.9831,6787589965792239204
fusion8_bf,2048,9,53.2639,6787589965792239204
fusion8_bf,2048,10,53.5370,6787589965792239204
fusion8_bf,2048,11,52.5604,6787589965792239204
fusion8_bf,2048,12,52.5070,6787589965792239204
fusion8_bf,2048,13,52.6688,6787589965792239204
fusion8_bf,2048,14,53.0014,6787589965792239204
fusion8_c,2048,0,54.9606,6787589965792239204
fusion8_c,2048,1,53.8971,6787589965792239204
fusion8_c,2048,2,53.8498,6787589965792239204
fusion8_c,2048,3,53.8544,6787589965792239204
fusion8_c,2048,4,55.7388,6787589965792239204
fusion8_c,2048,5,53.9352,6787589965792239204
fusion8_c,2048,6,53.8574,6787589965792239204
fusion8_c,2048,7,53.8406,6787589965792239204
fusion8_c,2048,8,54.1367,6787589965792239204
fusion8_c,2048,9,55.0598,6787589965792239204
fusion8_c,2048,10,54.2648,6787589965792239204
fusion8_c,2048,11,53.9047,6787589965792239204
fusion8_c,2048,12,53.8116,6787589965792239204
fusion8_c,2048,13,55.6030,6787589965792239204
fusion8_c,2048,14,54.1748,6787589965792239204
fusion16_w,2048,0,48.7030,6787589965792239204
fusion16_w,2048,1,48.8159,6787589965792239204
fusion16_w,2048,2,48.3276,6787589965792239204
fusion16_w,2048,3,50.0092,6787589965792239204
fusion16_w,2048,4,48.3475,6787589965792239204
fusion16_w,2048,5,48.2391,6787589965792239204
fusion16_w,2048,6,48.3047,6787589965792239204
fusion16_w,2048,7,48.3047,6787589965792239204
fusion16_w,2048,8,48.3170,6787589965792239204
fusion16_w,2048,9,48.4085,6787589965792239204
fusion16_w,2048,10,48.2162,6787589965792239204
fusion16_w,2048,11,48.2132,6787589965792239204
fusion16_w,2048,12,48.1842,6787589965792239204
fusion16_w,2048,13,49.2523,6787589965792239204
fusion16_w,2048,14,48.1644,6787589965792239204
sorted_array,4096,0,7.3441,1914815765761774336
sorted_array,4096,1,7.2739,1914815765761774336
sorted_array,4096,2,7.2693,1914815765761774336
sorted_array,4096,3,7.3456,1914815765761774336
sorted_array,4096,4,7.2876,1914815765761774336
sorted_array,4096,5,7.3761,1914815765761774336
sorted_array,4096,6,7.1274,1914815765761774336
sorted_array,4096,7,7.3257,1914815765761774336
sorted_array,4096,8,7.3242,1914815765761774336
sorted_array,4096,9,7.2891,1914815765761774336
sorted_array,4096,10,7.3273,1914815765761774336
sorted_array,4096,11,7.2723,1914815765761774336
sorted_array,4096,12,7.2754,1914815765761774336
sorted_array,4096,13,7.2922,1914815765761774336
sorted_array,4096,14,7.3181,1914815765761774336
btree8,4096,0,34.0668,1914815765761774336
btree8,4096,1,33.3008,1914815765761774336
btree8,4096,2,33.2413,1914815765761774336
btree8,4096,3,33.0612,1914815765761774336
btree8,4096,4,33.0246,1914815765761774336
btree8,4096,5,33.4473,1914815765761774336
btree8,4096,6,33.7982,1914815765761774336
btree8,4096,7,33.4106,1914815765761774336
btree8,4096,8,33.0719,1914815765761774336
btree8,4096,9,33.5098,1914815765761774336
btree8,4096,10,33.3069,1914815765761774336
btree8,4096,11,33.0017,1914815765761774336
btree8,4096,12,33.1085,1914815765761774336
btree8,4096,13,33.6349,1914815765761774336
btree8,4096,14,33.8440,1914815765761774336
btree8_bl,4096,0,14.0793,1914815765761774336
btree8_bl,4096,1,13.7054,1914815765761774336
btree8_bl,4096,2,13.7558,1914815765761774336
btree8_bl,4096,3,13.4842,1914815765761774336
btree8_bl,4096,4,13.4033,1914815765761774336
btree8_bl,4096,5,13.3163,1914815765761774336
btree8_bl,4096,6,13.3194,1914815765761774336
btree8_bl,4096,7,13.2553,1914815765761774336
btree8_bl,4096,8,13.2721,1914815765761774336
btree8_bl,4096,9,13.2401,1914815765761774336
btree8_bl,4096,10,13.2782,1914815765761774336
btree8_bl,4096,11,13.2065,1914815765761774336
btree8_bl,4096,12,13.3911,1914815765761774336
btree8_bl,4096,13,13.2004,1914815765761774336
btree8_bl,4096,14,13.2660,1914815765761774336
btree8_a64,4096,0,31.9199,1914815765761774336
btree8_a64,4096,1,31.4636,1914815765761774336
btree8_a64,4096,2,31.4102,1914815765761774336
btree8_a64,4096,3,32.3135,1914815765761774336
btree8_a64,4096,4,31.5430,1914815765761774336
btree8_a64,4096,5,31.2454,1914815765761774336
btree8_a64,4096,6,31.3858,1914815765761774336
btree8_a64,4096,7,31.8604,1914815765761774336
btree8_a64,4096,8,31.5628,1914815765761774336
btree8_a64,4096,9,31.2317,1914815765761774336
btree8_a64,4096,10,31.2195,1914815765761774336
btree8_a64,4096,11,31.2286,1914815765761774336
btree8_a64,4096,12,31.2317,1914815765761774336
btree8_a64,4096,13,31.2500,1914815765761774336
btree8_a64,4096,14,31.7642,1914815765761774336
btree8_bl_a64,4096,0,13.1500,1914815765761774336
btree8_bl_a64,4096,1,12.6236,1914815765761774336
btree8_bl_a64,4096,2,12.5595,1914815765761774336
btree8_bl_a64,4096,3,12.4512,1914815765761774336
btree8_bl_a64,4096,4,12.1643,1914815765761774336
btree8_bl_a64,4096,5,12.2269,1914815765761774336
btree8_bl_a64,4096,6,12.0987,1914815765761774336
btree8_bl_a64,4096,7,12.1307,1914815765761774336
btree8_bl_a64,4096,8,12.0911,1914815765761774336
btree8_bl_a64,4096,9,12.5809,1914815765761774336
btree8_bl_a64,4096,10,12.1552,1914815765761774336
btree8_bl_a64,4096,11,12.0560,1914815765761774336
btree8_bl_a64,4096,12,12.1460,1914815765761774336
btree8_bl_a64,4096,13,12.0468,1914815765761774336
btree8_bl_a64,4096,14,12.1750,1914815765761774336
btree16_bl_a64,4096,0,8.3359,1914815765761774336
btree16_bl_a64,4096,1,8.1207,1914815765761774336
btree16_bl_a64,4096,2,8.1436,1914815765761774336
btree16_bl_a64,4096,3,8.3725,1914815765761774336
btree16_bl_a64,4096,4,8.1329,1914815765761774336
btree16_bl_a64,4096,5,8.1406,1914815765761774336
btree16_bl_a64,4096,6,8.2413,1914815765761774336
btree16_bl_a64,4096,7,8.1711,1914815765761774336
btree16_bl_a64,4096,8,8.1558,1914815765761774336
btree16_bl_a64,4096,9,8.1345,1914815765761774336
btree16_bl_a64,4096,10,8.1573,1914815765761774336
btree16_bl_a64,4096,11,8.1192,1914815765761774336
btree16_bl_a64,4096,12,7.9758,1914815765761774336
btree16_bl_a64,4096,13,7.9834,1914815765761774336
btree16_bl_a64,4096,14,7.9361,1914815765761774336
fusion8,4096,0,51.7212,1914815765761774336
fusion8,4096,1,51.9958,1914815765761774336
fusion8,4096,2,51.0651,1914815765761774336
fusion8,4096,3,51.5121,1914815765761774336
fusion8,4096,4,50.6271,1914815765761774336
fusion8,4096,5,50.6546,1914815765761774336
fusion8,4096,6,50.5798,1914815765761774336
fusion8,4096,7,51.6266,1914815765761774336
fusion8,4096,8,51.1078,1914815765761774336
fusion8,4096,9,51.3153,1914815765761774336
fusion8,4096,10,50.5875,1914815765761774336
fusion8,4096,11,50.7812,1914815765761774336
fusion8,4096,12,51.3641,1914815765761774336
fusion8,4096,13,51.6068,1914815765761774336
fusion8,4096,14,50.8087,1914815765761774336
fusion8_bf,4096,0,56.1066,1914815765761774336
fusion8_bf,4096,1,55.0797,1914815765761774336
fusion8_bf,4096,2,55.1178,1914815765761774336
fusion8_bf,4096,3,54.3228,1914815765761774336
fusion8_bf,4096,4,54.2099,1914815765761774336
fusion8_bf,4096,5,54.3167,1914815765761774336
fusion8_bf,4096,6,54.6539,1914815765761774336
fusion8_bf,4096,7,54.1321,1914815765761774336
fusion8_bf,4096,8,54.1626,1914815765761774336
fusion8_bf,4096,9,54.2953,1914815765761774336
fusion8_bf,4096,10,55.3604,1914815765761774336
fusion8_bf,4096,11,55.2948,1914815765761774336
fusion8_bf,4096,12,54.6219,1914815765761774336
fusion8_bf,4096,13,54.3472,1914815765761774336
fusion8_bf,4096,14,54.1565,1914815765761774336
fusion8_c,4096,0,56.1356,1914815765761774336
fusion8_c,4096,1,55.7297,1914815765761774336
fusion8_c,4096,2,54.6478,1914815765761774336
fusion8_c,4096,3,54.6967,1914815765761774336
fusion8_c,4096,4,55.5771,1914815765761774336
fusion8_c,4096,5,54.6585,1914815765761774336
fusion8_c,4096,6,55.3726,1914815765761774336
fusion8_c,4096,7,54.9896,1914815765761774336
fusion8_c,4096,8,55.6595,1914815765761774336
fusion8_c,4096,9,55.1147,1914815765761774336
fusion8_c,4096,10,54.7028,1914815765761774336
fusion8_c,4096,11,54.6890,1914815765761774336
fusion8_c,4096,12,55.5359,1914815765761774336
fusion8_c,4096,13,54.8981,1914815765761774336
fusion8_c,4096,14,54.6371,1914815765761774336
fusion16_w,4096,0,47.4731,1914815765761774336
fusion16_w,4096,1,47.2778,1914815765761774336
fusion16_w,4096,2,47.2580,1914815765761774336
fusion16_w,4096,3,48.9136,1914815765761774336
fusion16_w,4096,4,47.5388,1914815765761774336
fusion16_w,4096,5,47.2260,1914815765761774336
fusion16_w,4096,6,47.2382,1914815765761774336
fusion16_w,4096,7,47.4609,1914815765761774336
fusion16_w,4096,8,48.0637,1914815765761774336
fusion16_w,4096,9,47.5540,1914815765761774336
fusion16_w,4096,10,47.2305,1914815765761774336
fusion16_w,4096,11,47.3251,1914815765761774336
fusion16_w,4096,12,47.1725,1914815765761774336
fusion16_w,4096,13,48.0759,1914815765761774336
fusion16_w,4096,14,47.1786,1914815765761774336
sorted_array,8192,0,9.0576,6370395544211917414
sorted_array,8192,1,8.9722,6370395544211917414
sorted_array,8192,2,9.1034,6370395544211917414
sorted_array,8192,3,8.8913,6370395544211917414
sorted_array,8192,4,8.9340,6370395544211917414
sorted_array,8192,5,8.9294,6370395544211917414
sorted_array,8192,6,8.9523,6370395544211917414
sorted_array,8192,7,8.9233,6370395544211917414
sorted_array,8192,8,8.9325,6370395544211917414
sorted_array,8192,9,8.9615,6370395544211917414
sorted_array,8192,10,8.9539,6370395544211917414
sorted_array,8192,11,8.9401,6370395544211917414
sorted_array,8192,12,8.9600,6370395544211917414
sorted_array,8192,13,8.9432,6370395544211917414
sorted_array,8192,14,8.9325,6370395544211917414
btree8,8192,0,37.2299,6370395544211917414
btree8,8192,1,35.9299,6370395544211917414
btree8,8192,2,35.5362,6370395544211917414
btree8,8192,3,36.0199,6370395544211917414
btree8,8192,4,35.7590,6370395544211917414
btree8,8192,5,35.7071,6370395544211917414
btree8,8192,6,36.1176,6370395544211917414
btree8,8192,7,36.1832,6370395544211917414
btree8,8192,8,37.5290,6370395544211917414
btree8,8192,9,36.6287,6370395544211917414
btree8,8192,10,36.1786,6370395544211917414
btree8,8192,11,36.1313,6370395544211917414
btree8,8192,12,36.1267,6370395544211917414
btree8,8192,13,35.6110,6370395544211917414
btree8,8192,14,36.2457,6370395544211917414
btree8_bl,8192,0,23.8739,6370395544211917414
btree8_bl,8192,1,22.0612,6370395544211917414
btree8_bl,8192,2,21.6705,6370395544211917414
btree8_bl,8192,3,21.4539,6370395544211917414
btree8_bl,8192,4,21.4203,6370395544211917414
btree8_bl,8192,5,21.3913,6370395544211917414
btree8_bl,8192,6,21.3104,6370395544211917414
btree8_bl,8192,7,21.3150,6370395544211917414
btree8_bl,8192,8,21.3165,6370395544211917414
btree8_bl,8192,9,21.3028,6370395544211917414
btree8_bl,8192,10,21.2769,6370395544211917414
btree8_bl,8192,11,21.9025,6370395544211917414
btree8_bl,8192,12,21.3318,6370395544211917414
btree8_bl,8192,13,21.3135,6370395544211917414
btree8_bl,8192,14,21.2479,6370395544211917414
btree8_a64,8192,0,35.4187,6370395544211917414
btree8_a64,8192,1,34.0759,6370395544211917414
btree8_a64,8192,2,34.0378,6370395544211917414
btree8_a64,8192,3,33.9920,6370395544211917414
btree8_a64,8192,4,34.0454,6370395544211917414
btree8_a64,8192,5,34.1629,6370395544211917414
btree8_a64,8192,6,33.9157,6370395544211917414
btree8_a64,8192,7,33.9127,6370395544211917414
btree8_a64,8192,8,33.9569,6370395544211917414
btree8_a64,8192,9,33.9737,6370395544211917414
btree8_a64,8192,10,34.5001,6370395544211917414
btree8_a64,8192,11,34.6878,6370395544211917414
btree8_a64,8192,12,34.6024,6370395544211917414
btree8_a64,8192,13,34.3536,6370395544211917414
btree8_a64,8192,14,33.8547,6370395544211917414
btree8_bl_a64,8192,0,21.3043,6370395544211917414
btree8_bl_a64,8192,1,20.4895,6370395544211917414
btree8_bl_a64,8192,2,20.3781,6370395544211917414
btree8_bl_a64,8192,3,19.9387,6370395544211917414
btree8_bl_a64,8192,4,19.3176,6370395544211917414
btree8_bl_a64,8192,5,19.0445,6370395544211917414
btree8_bl_a64,8192,6,18.7866,6370395544211917414
btree8_bl_a64,8192,7,18.8721,6370395544211917414
btree8_bl_a64,8192,8,18.8080,6370395544211917414
btree8_bl_a64,8192,9,18.7561,6370395544211917414
btree8_bl_a64,8192,10,19.3130,6370395544211917414
btree8_bl_a64,8192,11,19.1254,6370395544211917414
btree8_bl_a64,8192,12,18.8263,6370395544211917414
btree8_bl_a64,8192,13,18.7592,6370395544211917414
btree8_bl_a64,8192,14,18.8080,6370395544211917414
btree16_bl_a64,8192,0,23.7503,6370395544211917414
btree16_bl_a64,8192,1,22.3373,6370395544211917414
btree16_bl_a64,8192,2,22.2778,6370395544211917414
btree16_bl_a64,8192,3,22.1878,6370395544211917414
btree16_bl_a64,8192,4,22.5952,6370395544211917414
btree16_bl_a64,8192,5,22.7386,6370395544211917414
btree16_bl_a64,8192,6,22.3694,6370395544211917414
btree16_bl_a64,8192,7,22.0825,6370395544211917414
btree16_bl_a64,8192,8,22.0566,6370395544211917414
btree16_bl_a64,8192,9,22.0200,6370395544211917414
btree16_bl_a64,8192,10,21.9635,6370395544211917414
btree16_bl_a64,8192,11,22.0535,6370395544211917414
btree16_bl_a64,8192,12,22.4854,6370395544211917414
btree16_bl_a64,8192,13,22.4792,6370395544211917414
btree16_bl_a64,8192,14,22.4197,6370395544211917414
fusion8,8192,0,61.1740,6370395544211917414
fusion8,8192,1,57.9117,6370395544211917414
fusion8,8192,2,57.2403,6370395544211917414
fusion8,8192,3,56.7734,6370395544211917414
fusion8,8192,4,56.8359,6370395544211917414
fusion8,8192,5,56.7368,6370395544211917414
fusion8,8192,6,56.6498,6370395544211917414
fusion8,8192,7,56.6025,6370395544211917414
fusion8,8192,8,56.9046,6370395544211917414
fusion8,8192,9,57.6096,6370395544211917414
fusion8,8192,10,56.7062,6370395544211917414
fusion8,8192,11,57.2922,6370395544211917414
fusion8,8192,12,57.8568,6370395544211917414
fusion8,8192,13,57.5775,6370395544211917414
fusion8,8192,14,56.7245,6370395544211917414
fusion8_bf,8192,0,66.8091,6370395544211917414
fusion8_bf,8192,1,65.8920,6370395544211917414
fusion8_bf,8192,2,65.8096,6370395544211917414
fusion8_bf,8192,3,66.1789,6370395544211917414
fusion8_bf,8192,4,65.4358,6370395544211917414
fusion8_bf,8192,5,65.4602,6370395544211917414
fusion8_bf,8192,6,65.4373,6370395544211917414
fusion8_bf,8192,7,66.4474,6370395544211917414
fusion8_bf,8192,8,67.1280,6370395544211917414
fusion8_bf,8192,9,66.0965,6370395544211917414
fusion8_bf,8192,10,65.3915,6370395544211917414
fusion8_bf,8192,11,65.2145,6370395544211917414
fusion8_bf,8192,12,65.4297,6370395544211917414
fusion8_bf,8192,13,65.5304,6370395544211917414
fusion8_bf,8192,14,65.2664,6370395544211917414
fusion8_c,8192,0,66.0751,6370395544211917414
fusion8_c,8192,1,65.5411,6370395544211917414
fusion8_c,8192,2,65.1901,6370395544211917414
fusion8_c,8192,3,65.3381,6370395544211917414
fusion8_c,8192,4,65.6799,6370395544211917414
fusion8_c,8192,5,64.4714,6370395544211917414
fusion8_c,8192,6,64.3051,6370395544211917414
fusion8_c,8192,7,64.3982,6370395544211917414
fusion8_c,8192,8,64.3692,6370395544211917414
fusion8_c,8192,9,65.2496,6370395544211917414
fusion8_c,8192,10,64.4958,6370395544211917414
fusion8_c,8192,11,64.4669,6370395544211917414
fusion8_c,8192,12,64.5111,6370395544211917414
fusion8_c,8192,13,64.3814,6370395544211917414
fusion8_c,8192,14,65.0284,6370395544211917414
fusion16_w,8192,0,72.2473,6370395544211917414
fusion16_w,8192,1,67.6651,6370395544211917414
fusion16_w,8192,2,68.0740,6370395544211917414
fusion16_w,8192,3,66.8701,6370395544211917414
fusion16_w,8192,4,67.0029,6370395544211917414
fusion16_w,8192,5,67.0502,6370395544211917414
fusion16_w,8192,6,67.0227,6370395544211917414
fusion16_w,8192,7,66.9235,6370395544211917414
fusion16_w,8192,8,67.9062,6370395544211917414
fusion16_w,8192,9,67.5140,6370395544211917414
fusion16_w,8192,10,67.9749,6370395544211917414
fusion16_w,8192,11,68.0939,6370395544211917414
fusion16_w,8192,12,67.0151,6370395544211917414
fusion16_w,8192,13,67.0212,6370395544211917414
fusion16_w,8192,14,66.8442,6370395544211917414
sorted_array,16384,0,11.7264,8091356701843327338
sorted_array,16384,1,11.6318,8091356701843327338
sorted_array,16384,2,11.5021,8091356701843327338
sorted_array,16384,3,11.4822,8091356701843327338
sorted_array,16384,4,11.8347,8091356701843327338
sorted_array,16384,5,11.8118,8091356701843327338
sorted_array,16384,6,11.7706,8091356701843327338
sorted_array,16384,7,11.8057,8091356701843327338
sorted_array,16384,8,11.5784,8091356701843327338
sorted_array,16384,9,11.5311,8091356701843327338
sorted_array,16384,10,11.5677,8091356701843327338
sorted_array,16384,11,11.5479,8091356701843327338
sorted_array,16384,12,11.5677,8091356701843327338
sorted_array,16384,13,11.5402,8091356701843327338
sorted_array,16384,14,11.5387,8091356701843327338
btree8,16384,0,47.6151,8091356701843327338
btree8,16384,1,45.9793,8091356701843327338
btree8,16384,2,45.8832,8091356701843327338
btree8,16384,3,45.8359,8091356701843327338
btree8,16384,4,45.7001,8091356701843327338
btree8,16384,5,47.0840,8091356701843327338
btree8,16384,6,46.3455,8091356701843327338
btree8,16384,7,46.8826,8091356701843327338
btree8,16384,8,47.0139,8091356701843327338
btree8,16384,9,47.1924,8091356701843327338
btree8,16384,10,46.4233,8091356701843327338
btree8,16384,11,46.4233,8091356701843327338
btree8,16384,12,47.4625,8091356701843327338
btree8,16384,13,46.6095,8091356701843327338
btree8,16384,14,45.9198,8091356701843327338
btree8_bl,16384,0,29.4586,8091356701843327338
btree8_bl,16384,1,27.5543,8091356701843327338
btree8_bl,16384,2,26.6953,8091356701843327338
btree8_bl,16384,3,26.2268,8091356701843327338
btree8_bl,16384,4,25.8804,8091356701843327338
btree8_bl,16384,5,25.7248,8091356701843327338
btree8_bl,16384,6,25.7797,8091356701843327338
btree8_bl,16384,7,25.6302,8091356701843327338
btree8_bl,16384,8,25.6897,8091356701843327338
btree8_bl,16384,9,25.6531,8091356701843327338
btree8_bl,16384,10,25.5936,8091356701843327338
btree8_bl,16384,11,25.7324,8091356701843327338
btree8_bl,16384,12,25.7935,8091356701843327338
btree8_bl,16384,13,26.0834,8091356701843327338
btree8_bl,16384,14,26.1002,8091356701843327338
btree8_a64,16384,0,46.3089,8091356701843327338
btree8_a64,16384,1,44.0948,8091356701843327338
btree8_a64,16384,2,43.8446,8091356701843327338
btree8_a64,16384,3,43.5394,8091356701843327338
btree8_a64,16384,4,44.1071,8091356701843327338
btree8_a64,16384,5,43.5471,8091356701843327338
btree8_a64,16384,6,43.0664,8091356701843327338
btree8_a64,16384,7,43.1732,8091356701843327338
btree8_a64,16384,8,43.3517,8091356701843327338
btree8_a64,16384,9,44.1086,8091356701843327338
btree8_a64,16384,10,43.5043,8091356701843327338
btree8_a64,16384,11,43.1915,8091356701843327338
btree8_a64,16384,12,43.1656,8091356701843327338
btree8_a64,16384,13,43.2281,8091356701843327338
btree8_a64,16384,14,44.1544,8091356701843327338
btree8_bl_a64,16384,0,30.7297,8091356701843327338
btree8_bl_a64,16384,1,23.9899,8091356701843327338
btree8_bl_a64,16384,2,23.6145,8091356701843327338
btree8_bl_a64,16384,3,23.3353,8091356701843327338
btree8_bl_a64,16384,4,23.1079,8091356701843327338
btree8_bl_a64,16384,5,23.2330,8091356701843327338
btree8_bl_a64,16384,6,23.5474,8091356701843327338
btree8_bl_a64,16384,7,23.5016,8091356701843327338
btree8_bl_a64,16384,8,23.4741,8091356701843327338
btree8_bl_a64,16384,9,23.4085,8091356701843327338
btree8_bl_a64,16384,10,23.4436,8091356701843327338
btree8_bl_a64,16384,11,23.3978,8091356701843327338
btree8_bl_a64,16384,12,23.4390,8091356701843327338
btree8_bl_a64,16384,13,23.0713,8091356701843327338
btree8_bl_a64,16384,14,22.8409,8091356701843327338
btree16_bl_a64,16384,0,23.3963,8091356701843327338
btree16_bl_a64,16384,1,18.9774,8091356701843327338
btree16_bl_a64,16384,2,18.7805,8091356701843327338
btree16_bl_a64,16384,3,18.7241,8091356701843327338
btree16_bl_a64,16384,4,18.6615,8091356701843327338
btree16_bl_a64,16384,5,19.6854,8091356701843327338
btree16_bl_a64,16384,6,18.6035,8091356701843327338
btree16_bl_a64,16384,7,18.5577,8091356701843327338
btree16_bl_a64,16384,8,18.5135,8091356701843327338
btree16_bl_a64,16384,9,18.4891,8091356701843327338
btree16_bl_a64,16384,10,18.5211,8091356701843327338
btree16_bl_a64,16384,11,18.5593,8091356701843327338
btree16_bl_a64,16384,12,18.4921,8091356701843327338
btree16_bl_a64,16384,13,18.5852,8091356701843327338
btree16_bl_a64,16384,14,18.5394,8091356701843327338
fusion8,16384,0,77.4216,8091356701843327338
fusion8,16384,1,71.7346,8091356701843327338
fusion8,16384,2,71.0281,8091356701843327338
fusion8,16384,3,71.0129,8091356701843327338
fusion8,16384,4,71.6476,8091356701843327338
fusion8,16384,5,70.8115,8091356701843327338
fusion8,16384,6,70.3110,8091356701843327338
fusion8,16384,7,70.9137,8091356701843327338
fusion8,16384,8,70.9869,8091356701843327338
fusion8,16384,9,70.2103,8091356701843327338
fusion8,16384,10,70.4636,8091356701843327338
fusion8,16384,11,71.5927,8091356701843327338
fusion8,16384,12,70.5200,8091356701843327338
fusion8,16384,13,71.2631,8091356701843327338
fusion8,16384,14,71.6934,8091356701843327338
fusion8_bf,16384,0,81.6696,8091356701843327338
fusion8_bf,16384,1,75.6699,8091356701843327338
fusion8_bf,16384,2,74.7467,8091356701843327338
fusion8_bf,16384,3,74.0784,8091356701843327338
fusion8_bf,16384,4,74.0295,8091356701843327338
fusion8_bf,16384,5,75.8545,8091356701843327338
fusion8_bf,16384,6,75.1511,8091356701843327338
fusion8_bf,16384,7,74.6674,8091356701843327338
fusion8_bf,16384,8,75.3586,8091356701843327338
fusion8_bf,16384,9,75.1633,8091356701843327338
fusion8_bf,16384,10,74.0692,8091356701843327338
fusion8_bf,16384,11,73.9136,8091356701843327338
fusion8_bf,16384,12,74.9283,8091356701843327338
fusion8_bf,16384,13,74.0891,8091356701843327338
fusion8_bf,16384,14,73.9395,8091356701843327338
fusion8_c,16384,0,83.9493,8091356701843327338
fusion8_c,16384,1,78.7750,8091356701843327338
fusion8_c,16384,2,79.3594,8091356701843327338
fusion8_c,16384,3,79.6509,8091356701843327338
fusion8_c,16384,4,78.6575,8091356701843327338
fusion8_c,16384,5,78.0243,8091356701843327338
fusion8_c,16384,6,78.0365,8091356701843327338
fusion8_c,16384,7,78.0624,8091356701843327338
fusion8_c,16384,8,78.0701,8091356701843327338
fusion8_c,16384,9,78.8666,8091356701843327338
fusion8_c,16384,10,78.7827,8091356701843327338
fusion8_c,16384,11,79.4174,8091356701843327338
fusion8_c,16384,12,79.5181,8091356701843327338
fusion8_c,16384,13,78.5202,8091356701843327338
fusion8_c,16384,14,78.7964,8091356701843327338
fusion16_w,16384,0,79.5044,8091356701843327338
fusion16_w,16384,1,73.4360,8091356701843327338
fusion16_w,16384,2,72.5967,8091356701843327338
fusion16_w,16384,3,73.6267,8091356701843327338
fusion16_w,16384,4,72.8348,8091356701843327338
fusion16_w,16384,5,73.0896,8091356701843327338
fusion16_w,16384,6,73.5687,8091356701843327338
fusion16_w,16384,7,73.3704,8091356701843327338
fusion16_w,16384,8,73.4543,8091356701843327338
fusion16_w,16384,9,72.2992,8091356701843327338
fusion16_w,16384,10,72.6395,8091356701843327338
fusion16_w,16384,11,74.3118,8091356701843327338
fusion16_w,16384,12,73.6359,8091356701843327338
fusion16_w,16384,13,73.0667,8091356701843327338
fusion16_w,16384,14,72.7722,8091356701843327338
sorted_array,32768,0,15.6250,1451882096117854496
sorted_array,32768,1,15.4663,1451882096117854496
sorted_array,32768,2,15.4449,1451882096117854496
sorted_array,32768,3,15.2298,1451882096117854496
sorted_array,32768,4,15.4373,1451882096117854496
sorted_array,32768,5,15.4465,1451882096117854496
sorted_array,32768,6,15.2679,1451882096117854496
sorted_array,32768,7,15.3961,1451882096117854496
sorted_array,32768,8,15.3854,1451882096117854496
sorted_array,32768,9,15.4541,1451882096117854496
sorted_array,32768,10,15.4022,1451882096117854496
sorted_array,32768,11,15.4312,1451882096117854496
sorted_array,32768,12,15.3854,1451882096117854496
sorted_array,32768,13,15.4205,1451882096117854496
sorted_array,32768,14,15.3763,1451882096117854496
btree8,32768,0,48.1430,1451882096117854496
btree8,32768,1,46.4081,1451882096117854496
btree8,32768,2,46.7377,1451882096117854496
btree8,32768,3,45.9015,1451882096117854496
btree8,32768,4,45.6024,1451882096117854496
btree8,32768,5,45.8115,1451882096117854496
btree8,32768,6,45.8237,1451882096117854496
btree8,32768,7,46.7880,1451882096117854496
btree8,32768,8,46.5347,1451882096117854496
btree8,32768,9,46.4294,1451882096117854496
btree8,32768,10,46.4111,1451882096117854496
btree8,32768,11,45.9854,1451882096117854496
btree8,32768,12,46.7941,1451882096117854496
btree8,32768,13,46.6507,1451882096117854496
btree8,32768,14,46.5286,1451882096117854496
btree8_bl,32768,0,22.8699,1451882096117854496
btree8_bl,32768,1,21.0770,1451882096117854496
btree8_bl,32768,2,20.6406,1451882096117854496
btree8_bl,32768,3,20.4239,1451882096117854496
btree8_bl,32768,4,20.3583,1451882096117854496
btree8_bl,32768,5,20.8771,1451882096117854496
btree8_bl,32768,6,20.4895,1451882096117854496
btree8_bl,32768,7,20.3217,1451882096117854496
btree8_bl,32768,8,20.3262,1451882096117854496
btree8_bl,32768,9,20.2911,1451882096117854496
btree8_bl,32768,10,20.3186,1451882096117854496
btree8_bl,32768,11,20.2881,1451882096117854496
btree8_bl,32768,12,20.2866,1451882096117854496
btree8_bl,32768,13,20.3018,1451882096117854496
btree8_bl,32768,14,20.2988,1451882096117854496
btree8_a64,32768,0,47.7615,1451882096117854496
btree8_a64,32768,1,45.2866,1451882096117854496
btree8_a64,32768,2,45.2255,1451882096117854496
btree8_a64,32768,3,44.8669,1451882096117854496
btree8_a64,32768,4,45.0653,1451882096117854496
btree8_a64,32768,5,44.8685,1451882096117854496
btree8_a64,32768,6,44.8563,1451882096117854496
btree8_a64,32768,7,44.8212,1451882096117854496
btree8_a64,32768,8,44.8212,1451882096117854496
btree8_a64,32768,9,44.5282,1451882096117854496
btree8_a64,32768,10,43.9011,1451882096117854496
btree8_a64,32768,11,43.7973,1451882096117854496
btree8_a64,32768,12,44.5572,1451882096117854496
btree8_a64,32768,13,44.2642,1451882096117854496
btree8_a64,32768,14,43.8812,1451882096117854496
btree8_bl_a64,32768,0,25.8957,1451882096117854496
btree8_bl_a64,32768,1,18.5547,1451882096117854496
btree8_bl_a64,32768,2,18.4479,1451882096117854496
btree8_bl_a64,32768,3,18.4433,1451882096117854496
btree8_bl_a64,32768,4,18.5028,1451882096117854496
btree8_bl_a64,32768,5,18.7912,1451882096117854496
btree8_bl_a64,32768,6,18.6432,1451882096117854496
btree8_bl_a64,32768,7,18.5944,1451882096117854496
btree8_bl_a64,32768,8,18.5791,1451882096117854496
btree8_bl_a64,32768,9,18.3228,1451882096117854496
btree8_bl_a64,32768,10,18.4006,1451882096117854496
btree8_bl_a64,32768,11,18.5364,1451882096117854496
btree8_bl_a64,32768,12,18.4921,1451882096117854496
btree8_bl_a64,32768,13,18.5638,1451882096117854496
btree8_bl_a64,32768,14,18.5638,1451882096117854496
btree16_bl_a64,32768,0,21.9803,1451882096117854496
btree16_bl_a64,32768,1,15.8585,1451882096117854496
btree16_bl_a64,32768,2,15.8569,1451882096117854496
btree16_bl_a64,32768,3,15.7257,1451882096117854496
btree16_bl_a64,32768,4,15.7959,1451882096117854496
btree16_bl_a64,32768,5,15.7196,1451882096117854496
btree16_bl_a64,32768,6,15.7593,1451882096117854496
btree16_bl_a64,32768,7,15.6799,1451882096117854496
btree16_bl_a64,32768,8,15.6738,1451882096117854496
btree16_bl_a64,32768,9,15.5472,1451882096117854496
btree16_bl_a64,32768,10,15.3412,1451882096117854496
btree16_bl_a64,32768,11,15.3412,1451882096117854496
btree16_bl_a64,32768,12,15.3534,1451882096117854496
btree16_bl_a64,32768,13,15.3030,1451882096117854496
btree16_bl_a64,32768,14,15.3030,1451882096117854496
fusion8,32768,0,78.2257,1451882096117854496
fusion8,32768,1,75.5676,1451882096117854496
fusion8,32768,2,73.8312,1451882096117854496
fusion8,32768,3,73.3200,1451882096117854496
fusion8,32768,4,75.5142,1451882096117854496
fusion8,32768,5,74.3134,1451882096117854496
fusion8,32768,6,73.6298,1451882096117854496
fusion8,32768,7,74.5377,1451882096117854496
fusion8,32768,8,73.2803,1451882096117854496
fusion8,32768,9,73.3185,1451882096117854496
fusion8,32768,10,74.5316,1451882096117854496
fusion8,32768,11,73.8708,1451882096117854496
fusion8,32768,12,73.2605,1451882096117854496
fusion8,32768,13,73.6313,1451882096117854496
fusion8,32768,14,74.5544,1451882096117854496
fusion8_bf,32768,0,84.5215,1451882096117854496
fusion8_bf,32768,1,78.2303,1451882096117854496
fusion8_bf,32768,2,78.8406,1451882096117854496
fusion8_bf,32768,3,77.6001,1451882096117854496
fusion8_bf,32768,4,77.1606,1451882096117854496
fusion8_bf,32768,5,77.2430,1451882096117854496
fusion8_bf,32768,6,77.1240,1451882096117854496
fusion8_bf,32768,7,77.7023,1451882096117854496
fusion8_bf,32768,8,78.8742,1451882096117854496
fusion8_bf,32768,9,78.6926,1451882096117854496
fusion8_bf,32768,10,78.1342,1451882096117854496
fusion8_bf,32768,11,78.7567,1451882096117854496
fusion8_bf,32768,12,78.3447,1451882096117854496
fusion8_bf,32768,13,78.4180,1451882096117854496
fusion8_bf,32768,14,77.3499,1451882096117854496
fusion8_c,32768,0,79.3228,1451882096117854496
fusion8_c,32768,1,76.0574,1451882096117854496
fusion8_c,32768,2,76.8463,1451882096117854496
fusion8_c,32768,3,76.0773,1451882096117854496
fusion8_c,32768,4,76.7273,1451882096117854496
fusion8_c,32768,5,77.2202,1451882096117854496
fusion8_c,32768,6,76.9958,1451882096117854496
fusion8_c,32768,7,75.6973,1451882096117854496
fusion8_c,32768,8,75.6577,1451882096117854496
fusion8_c,32768,9,75.7446,1451882096117854496
fusion8_c,32768,10,75.8835,1451882096117854496
fusion8_c,32768,11,77.1210,1451882096117854496
fusion8_c,32768,12,77.2903,1451882096117854496
fusion8_c,32768,13,76.0590,1451882096117854496
fusion8_c,32768,14,77.1301,1451882096117854496
fusion16_w,32768,0,82.4539,1451882096117854496
fusion16_w,32768,1,74.3668,1451882096117854496
fusion16_w,32768,2,74.4186,1451882096117854496
fusion16_w,32768,3,75.1785,1451882096117854496
fusion16_w,32768,4,74.4659,1451882096117854496
fusion16_w,32768,5,75.6729,1451882096117854496
fusion16_w,32768,6,75.0504,1451882096117854496
fusion16_w,32768,7,75.0198,1451882096117854496
fusion16_w,32768,8,75.7156,1451882096117854496
fusion16_w,32768,9,75.4562,1451882096117854496
fusion16_w,32768,10,75.2136,1451882096117854496
fusion16_w,32768,11,74.5285,1451882096117854496
fusion16_w,32768,12,74.3759,1451882096117854496
fusion16_w,32768,13,75.6317,1451882096117854496
fusion16_w,32768,14,75.8606,1451882096117854496
sorted_array,65536,0,21.3303,1313883487276844600
sorted_array,65536,1,20.2866,1313883487276844600
sorted_array,65536,2,20.9732,1313883487276844600
sorted_array,65536,3,20.7611,1313883487276844600
sorted_array,65536,4,20.3445,1313883487276844600
sorted_array,65536,5,20.1340,1313883487276844600
sorted_array,65536,6,20.2179,1313883487276844600
sorted_array,65536,7,20.5353,1313883487276844600
sorted_array,65536,8,20.0989,1313883487276844600
sorted_array,65536,9,20.1950,1313883487276844600
sorted_array,65536,10,20.6650,1313883487276844600
sorted_array,65536,11,20.2774,1313883487276844600
sorted_array,65536,12,20.0897,1313883487276844600
sorted_array,65536,13,20.3384,1313883487276844600
sorted_array,65536,14,19.8517,1313883487276844600
btree8,65536,0,58.0551,1313883487276844600
btree8,65536,1,52.3117,1313883487276844600
btree8,65536,2,52.0889,1313883487276844600
btree8,65536,3,52.3132,1313883487276844600
btree8,65536,4,55.2811,1313883487276844600
btree8,65536,5,53.2425,1313883487276844600
btree8,65536,6,52.2446,1313883487276844600
btree8,65536,7,51.4877,1313883487276844600
btree8,65536,8,53.2959,1313883487276844600
btree8,65536,9,53.4927,1313883487276844600
btree8,65536,10,53.2776,1313883487276844600
btree8,65536,11,52.6794,1313883487276844600
btree8,65536,12,51.9318,1313883487276844600
btree8,65536,13,52.8671,1313883487276844600
btree8,65536,14,52.7573,1313883487276844600
btree8_bl,65536,0,30.0140,1313883487276844600
btree8_bl,65536,1,22.1588,1313883487276844600
btree8_bl,65536,2,22.1161,1313883487276844600
btree8_bl,65536,3,22.0032,1313883487276844600
btree8_bl,65536,4,21.9330,1313883487276844600
btree8_bl,65536,5,21.9498,1313883487276844600
btree8_bl,65536,6,21.9940,1313883487276844600
btree8_bl,65536,7,22.4991,1313883487276844600
btree8_bl,65536,8,22.4701,1313883487276844600
btree8_bl,65536,9,22.3938,1313883487276844600
btree8_bl,65536,10,22.4045,1313883487276844600
btree8_bl,65536,11,22.4060,1313883487276844600
btree8_bl,65536,12,22.3541,1313883487276844600
btree8_bl,65536,13,21.9025,1313883487276844600
btree8_bl,65536,14,22.2168,1313883487276844600
btree8_a64,65536,0,54.7424,1313883487276844600
btree8_a64,65536,1,50.5386,1313883487276844600
btree8_a64,65536,2,50.9674,1313883487276844600
btree8_a64,65536,3,50.9811,1313883487276844600
btree8_a64,65536,4,50.4395,1313883487276844600
btree8_a64,65536,5,50.4333,1313883487276844600
btree8_a64,65536,6,50.4547,1313883487276844600
btree8_a64,65536,7,50.4349,1313883487276844600
btree8_a64,65536,8,49.8749,1313883487276844600
btree8_a64,65536,9,49.9420,1313883487276844600
btree8_a64,65536,10,50.9964,1313883487276844600
btree8_a64,65536,11,51.0803,1313883487276844600
btree8_a64,65536,12,50.5905,1313883487276844600
btree8_a64,65536,13,50.2792,1313883487276844600
btree8_a64,65536,14,49.7375,1313883487276844600
btree8_bl_a64,65536,0,30.3787,1313883487276844600
btree8_bl_a64,65536,1,22.3526,1313883487276844600
btree8_bl_a64,65536,2,21.2631,1313883487276844600
btree8_bl_a64,65536,3,21.1166,1313883487276844600
btree8_bl_a64,65536,4,21.0220,1313883487276844600
btree8_bl_a64,65536,5,21.0159,1313883487276844600
btree8_bl_a64,65536,6,20.6512,1313883487276844600
btree8_bl_a64,65536,7,20.6512,1313883487276844600
btree8_bl_a64,65536,8,20.5734,1313883487276844600
btree8_bl_a64,65536,9,20.5322,1313883487276844600
btree8_bl_a64,65536,10,20.5536,1313883487276844600
btree8_bl_a64,65536,11,20.4971,1313883487276844600
btree8_bl_a64,65536,12,20.5170,1313883487276844600
btree8_bl_a64,65536,13,22.0810,1313883487276844600
btree8_bl_a64,65536,14,20.6329,1313883487276844600
btree16_bl_a64,65536,0,20.8191,1313883487276844600
btree16_bl_a64,65536,1,14.2426,1313883487276844600
btree16_bl_a64,65536,2,14.4058,1313883487276844600
btree16_bl_a64,65536,3,14.4272,1313883487276844600
btree16_bl_a64,65536,4,14.3097,1313883487276844600
btree16_bl_a64,65536,5,14.3158,1313883487276844600
btree16_bl_a64,65536,6,14.2883,1313883487276844600
btree16_bl_a64,65536,7,14.3219,1313883487276844600
btree16_bl_a64,65536,8,14.2868,1313883487276844600
btree16_bl_a64,65536,9,14.3387,1313883487276844600
btree16_bl_a64,65536,10,14.2502,1313883487276844600
btree16_bl_a64,65536,11,14.3860,1313883487276844600
btree16_bl_a64,65536,12,14.2319,1313883487276844600
btree16_bl_a64,65536,13,14.0808,1313883487276844600
btree16_bl_a64,65536,14,14.1800,1313883487276844600
fusion8,65536,0,87.4298,1313883487276844600
fusion8,65536,1,78.6819,1313883487276844600
fusion8,65536,2,78.2028,1313883487276844600
fusion8,65536,3,78.1906,1313883487276844600
fusion8,65536,4,77.0325,1313883487276844600
fusion8,65536,5,77.0172,1313883487276844600
fusion8,65536,6,79.9118,1313883487276844600
fusion8,65536,7,78.5736,1313883487276844600
fusion8,65536,8,78.3127,1313883487276844600
fusion8,65536,9,78.2593,1313883487276844600
fusion8,65536,10,78.0609,1313883487276844600
fusion8,65536,11,77.5909,1313883487276844600
fusion8,65536,12,78.3600,1313883487276844600
fusion8,65536,13,77.4918,1313883487276844600
fusion8,65536,14,76.9257,1313883487276844600
fusion8_bf,65536,0,101.4267,1313883487276844600
fusion8_bf,65536,1,85.4080,1313883487276844600
fusion8_bf,65536,2,86.1328,1313883487276844600
fusion8_bf,65536,3,85.4767,1313883487276844600
fusion8_bf,65536,4,85.4568,1313883487276844600
fusion8_bf,65536,5,84.6237,1313883487276844600
fusion8_bf,65536,6,84.3399,1313883487276844600
fusion8_bf,65536,7,83.5953,1313883487276844600
fusion8_bf,65536,8,85.1349,1313883487276844600
fusion8_bf,65536,9,85.4141,1313883487276844600
fusion8_bf,65536,10,85.2142,1313883487276844600
fusion8_bf,65536,11,85.3302,1313883487276844600
fusion8_bf,65536,12,85.1334,1313883487276844600
fusion8_bf,65536,13,85.0113,1313883487276844600
fusion8_bf,65536,14,85.4065,1313883487276844600
fusion8_c,65536,0,108.4564,1313883487276844600
fusion8_c,65536,1,92.3218,1313883487276844600
fusion8_c,65536,2,93.2007,1313883487276844600
fusion8_c,65536,3,86.3419,1313883487276844600
fusion8_c,65536,4,86.6394,1313883487276844600
fusion8_c,65536,5,86.8347,1313883487276844600
fusion8_c,65536,6,86.4777,1313883487276844600
fusion8_c,65536,7,85.9421,1313883487276844600
fusion8_c,65536,8,87.0529,1313883487276844600
fusion8_c,65536,9,86.0931,1313883487276844600
fusion8_c,65536,10,86.8881,1313883487276844600
fusion8_c,65536,11,85.5942,1313883487276844600
fusion8_c,65536,12,86.8561,1313883487276844600
fusion8_c,65536,13,86.8942,1313883487276844600
fusion8_c,65536,14,86.2167,1313883487276844600
fusion16_w,65536,0,76.9791,1313883487276844600
fusion16_w,65536,1,74.7925,1313883487276844600
fusion16_w,65536,2,75.0763,1313883487276844600
fusion16_w,65536,3,75.0229,1313883487276844600
fusion16_w,65536,4,74.4186,1313883487276844600
fusion16_w,65536,5,74.1379,1313883487276844600
fusion16_w,65536,6,74.9054,1313883487276844600
fusion16_w,65536,7,74.3790,1313883487276844600
fusion16_w,65536,8,74.1898,1313883487276844600
fusion16_w,65536,9,73.9990,1313883487276844600
fusion16_w,65536,10,74.0799,1313883487276844600
fusion16_w,65536,11,75.0000,1313883487276844600
fusion16_w,65536,12,74.2584,1313883487276844600
fusion16_w,65536,13,75.1617,1313883487276844600
fusion16_w,65536,14,73.5596,1313883487276844600
sorted_array,131072,0,29.9530,7532165159138614248
sorted_array,131072,1,26.5564,7532165159138614248
sorted_array,131072,2,26.3947,7532165159138614248
sorted_array,131072,3,25.9995,7532165159138614248
sorted_array,131072,4,26.1597,7532165159138614248
sorted_array,131072,5,26.4938,7532165159138614248
sorted_array,131072,6,26.4648,7532165159138614248
sorted_array,131072,7,26.5350,7532165159138614248
sorted_array,131072,8,26.4435,7532165159138614248
sorted_array,131072,9,26.6205,7532165159138614248
sorted_array,131072,10,26.5701,7532165159138614248
sorted_array,131072,11,26.3962,7532165159138614248
sorted_array,131072,12,26.0757,7532165159138614248
sorted_array,131072,13,26.3260,7532165159138614248
sorted_array,131072,14,26.5900,7532165159138614248
btree8,131072,0,85.8063,7532165159138614248
btree8,131072,1,70.3064,7532165159138614248
btree8,131072,2,70.1859,7532165159138614248
btree8,131072,3,69.3039,7532165159138614248
btree8,131072,4,70.5154,7532165159138614248
btree8,131072,5,70.6772,7532165159138614248
btree8,131072,6,70.4330,7532165159138614248
btree8,131072,7,70.0577,7532165159138614248
btree8,131072,8,70.3690,7532165159138614248
btree8,131072,9,69.4290,7532165159138614248
btree8,131072,10,70.1294,7532165159138614248
btree8,131072,11,72.3648,7532165159138614248
btree8,131072,12,70.4956,7532165159138614248
btree8,131072,13,69.9402,7532165159138614248
btree8,131072,14,69.8227,7532165159138614248
btree8_bl,131072,0,72.2855,7532165159138614248
btree8_bl,131072,1,39.7812,7532165159138614248
btree8_bl,131072,2,39.5874,7532165159138614248
btree8_bl,131072,3,39.4760,7532165159138614248
btree8_bl,131072,4,39.9734,7532165159138614248
btree8_bl,131072,5,39.0915,7532165159138614248
btree8_bl,131072,6,39.3127,7532165159138614248
btree8_bl,131072,7,39.1464,7532165159138614248
btree8_bl,131072,8,39.3478,7532165159138614248
btree8_bl,131072,9,38.9084,7532165159138614248
btree8_bl,131072,10,38.4583,7532165159138614248
btree8_bl,131072,11,38.9618,7532165159138614248
btree8_bl,131072,12,39.2883,7532165159138614248
btree8_bl,131072,13,39.1785,7532165159138614248
btree8_bl,131072,14,40.3702,7532165159138614248
btree8_a64,131072,0,91.4566,7532165159138614248
btree8_a64,131072,1,70.1614,7532165159138614248
btree8_a64,131072,2,69.4107,7532165159138614248
btree8_a64,131072,3,69.9570,7532165159138614248
btree8_a64,131072,4,69.4229,7532165159138614248
btree8_a64,131072,5,69.0826,7532165159138614248
btree8_a64,131072,6,71.0510,7532165159138614248
btree8_a64,131072,7,68.9178,7532165159138614248
btree8_a64,131072,8,70.0287,7532165159138614248
btree8_a64,131072,9,68.7485,7532165159138614248
btree8_a64,131072,10,68.0908,7532165159138614248
btree8_a64,131072,11,69.2810,7532165159138614248
btree8_a64,131072,12,68.7012,7532165159138614248
btree8_a64,131072,13,69.4611,7532165159138614248
btree8_a64,131072,14,70.0104,7532165159138614248
btree8_bl_a64,131072,0,61.9339,7532165159138614248
btree8_bl_a64,131072,1,37.3734,7532165159138614248
btree8_bl_a64,131072,2,36.3388,7532165159138614248
btree8_bl_a64,131072,3,36.3556,7532165159138614248
btree8_bl_a64,131072,4,36.0748,7532165159138614248
btree8_bl_a64,131072,5,35.9055,7532165159138614248
btree8_bl_a64,131072,6,36.4075,7532165159138614248
btree8_bl_a64,131072,7,36.4761,7532165159138614248
btree8_bl_a64,131072,8,36.4304,7532165159138614248
btree8_bl_a64,131072,9,36.4685,7532165159138614248
btree8_bl_a64,131072,10,35.9131,7532165159138614248
btree8_bl_a64,131072,11,36.3419,7532165159138614248
btree8_bl_a64,131072,12,36.4594,7532165159138614248
btree8_bl_a64,131072,13,36.4868,7532165159138614248
btree8_bl_a64,131072,14,36.2717,7532165159138614248
btree16_bl_a64,131072,0,74.8428,7532165159138614248
btree16_bl_a64,131072,1,40.0482,7532165159138614248
btree16_bl_a64,131072,2,39.6255,7532165159138614248
btree16_bl_a64,131072,3,39.4943,7532165159138614248
btree16_bl_a64,131072,4,39.4501,7532165159138614248
btree16_bl_a64,131072,5,39.0854,7532165159138614248
btree16_bl_a64,131072,6,39.5096,7532165159138614248
btree16_bl_a64,131072,7,39.1510,7532165159138614248
btree16_bl_a64,131072,8,39.0244,7532165159138614248
btree16_bl_a64,131072,9,39.5035,7532165159138614248
btree16_bl_a64,131072,10,39.3356,7532165159138614248
btree16_bl_a64,131072,11,39.2929,7532165159138614248
btree16_bl_a64,131072,12,38.8962,7532165159138614248
btree16_bl_a64,131072,13,39.0961,7532165159138614248
btree16_bl_a64,131072,14,39.1556,7532165159138614248
fusion8,131072,0,158.0582,7532165159138614248
fusion8,131072,1,108.1833,7532165159138614248
fusion8,131072,2,107.6263,7532165159138614248
fusion8,131072,3,107.8690,7532165159138614248
fusion8,131072,4,108.7128,7532165159138614248
fusion8,131072,5,107.5714,7532165159138614248
fusion8,131072,6,108.3054,7532165159138614248
fusion8,131072,7,107.3288,7532165159138614248
fusion8,131072,8,106.8771,7532165159138614248
fusion8,131072,9,111.4853,7532165159138614248
fusion8,131072,10,107.4005,7532165159138614248
fusion8,131072,11,106.9824,7532165159138614248
fusion8,131072,12,107.6080,7532165159138614248
fusion8,131072,13,109.3674,7532165159138614248
fusion8,131072,14,107.5150,7532165159138614248
fusion8_bf,131072,0,145.1767,7532165159138614248
fusion8_bf,131072,1,113.2965,7532165159138614248
fusion8_bf,131072,2,112.7441,7532165159138614248
fusion8_bf,131072,3,112.4283,7532165159138614248
fusion8_bf,131072,4,112.0026,7532165159138614248
fusion8_bf,131072,5,112.6801,7532165159138614248
fusion8_bf,131072,6,110.7346,7532165159138614248
fusion8_bf,131072,7,113.7451,7532165159138614248
fusion8_bf,131072,8,112.6053,7532165159138614248
fusion8_bf,131072,9,113.6734,7532165159138614248
fusion8_bf,131072,10,112.6038,7532165159138614248
fusion8_bf,131072,11,114.0488,7532165159138614248
fusion8_bf,131072,12,111.5570,7532165159138614248
fusion8_bf,131072,13,113.2019,7532165159138614248
fusion8_bf,131072,14,112.9074,7532165159138614248
fusion8_c,131072,0,145.9198,7532165159138614248
fusion8_c,131072,1,105.0354,7532165159138614248
fusion8_c,131072,2,105.5283,7532165159138614248
fusion8_c,131072,3,104.3442,7532165159138614248
fusion8_c,131072,4,104.7379,7532165159138614248
fusion8_c,131072,5,105.8167,7532165159138614248
fusion8_c,131072,6,105.7388,7532165159138614248
fusion8_c,131072,7,105.1605,7532165159138614248
fusion8_c,131072,8,104.2084,7532165159138614248
fusion8_c,131072,9,104.1489,7532165159138614248
fusion8_c,131072,10,104.1641,7532165159138614248
fusion8_c,131072,11,104.7668,7532165159138614248
fusion8_c,131072,12,105.5008,7532165159138614248
fusion8_c,131072,13,104.2206,7532165159138614248
fusion8_c,131072,14,104.8798,7532165159138614248
fusion16_w,131072,0,139.3356,7532165159138614248
fusion16_w,131072,1,109.4742,7532165159138614248
fusion16_w,131072,2,107.8522,7532165159138614248
fusion16_w,131072,3,108.5861,7532165159138614248
fusion16_w,131072,4,108.3405,7532165159138614248
fusion16_w,131072,5,109.6329,7532165159138614248
fusion16_w,131072,6,108.6761,7532165159138614248
fusion16_w,131072,7,108.5281,7532165159138614248
fusion16_w,131072,8,108.1238,7532165159138614248
fusion16_w,131072,9,107.8629,7532165159138614248
fusion16_w,131072,10,109.9106,7532165159138614248
fusion16_w,131072,11,108.3115,7532165159138614248
fusion16_w,131072,12,109.5032,7532165159138614248
fusion16_w,131072,13,107.5928,7532165159138614248
fusion16_w,131072,14,110.4263,7532165159138614248
sorted_array,262144,0,38.6353,14595982901779754467
sorted_array,262144,1,31.8268,14595982901779754467
sorted_array,262144,2,31.9901,14595982901779754467
sorted_array,262144,3,31.7108,14595982901779754467
sorted_array,262144,4,31.1234,14595982901779754467
sorted_array,262144,5,31.3339,14595982901779754467
sorted_array,262144,6,31.2317,14595982901779754467
sorted_array,262144,7,31.2302,14595982901779754467
sorted_array,262144,8,31.1554,14595982901779754467
sorted_array,262144,9,31.3431,14595982901779754467
sorted_array,262144,10,31.2866,14595982901779754467
sorted_array,262144,11,31.3187,14595982901779754467
sorted_array,262144,12,31.1798,14595982901779754467
sorted_array,262144,13,31.2042,14595982901779754467
sorted_array,262144,14,31.1234,14595982901779754467
btree8,262144,0,88.1866,14595982901779754467
btree8,262144,1,73.3810,14595982901779754467
btree8,262144,2,73.2559,14595982901779754467
btree8,262144,3,73.5123,14595982901779754467
btree8,262144,4,73.9014,14595982901779754467
btree8,262144,5,73.0057,14595982901779754467
btree8,262144,6,72.7341,14595982901779754467
btree8,262144,7,73.8647,14595982901779754467
btree8,262144,8,72.3160,14595982901779754467
btree8,262144,9,72.6990,14595982901779754467
btree8,262144,10,72.4899,14595982901779754467
btree8,262144,11,72.3175,14595982901779754467
btree8,262144,12,72.8622,14595982901779754467
btree8,262144,13,74.3240,14595982901779754467
btree8,262144,14,72.4899,14595982901779754467
btree8_bl,262144,0,46.4813,14595982901779754467
btree8_bl,262144,1,31.8481,14595982901779754467
btree8_bl,262144,2,31.5872,14595982901779754467
btree8_bl,262144,3,31.5079,14595982901779754467
btree8_bl,262144,4,32.8949,14595982901779754467
btree8_bl,262144,5,31.8848,14595982901779754467
btree8_bl,262144,6,31.8375,14595982901779754467
btree8_bl,262144,7,31.9031,14595982901779754467
btree8_bl,262144,8,31.6895,14595982901779754467
btree8_bl,262144,9,31.5689,14595982901779754467
btree8_bl,262144,10,31.9916,14595982901779754467
btree8_bl,262144,11,31.6345,14595982901779754467
btree8_bl,262144,12,31.4621,14595982901779754467
btree8_bl,262144,13,31.0638,14595982901779754467
btree8_bl,262144,14,31.2149,14595982901779754467
btree8_a64,262144,0,93.5944,14595982901779754467
btree8_a64,262144,1,72.8958,14595982901779754467
btree8_a64,262144,2,71.3989,14595982901779754467
btree8_a64,262144,3,71.4966,14595982901779754467
btree8_a64,262144,4,71.4783,14595982901779754467
btree8_a64,262144,5,72.1970,14595982901779754467
btree8_a64,262144,6,70.7428,14595982901779754467
btree8_a64,262144,7,70.9244,14595982901779754467
btree8_a64,262144,8,72.7310,14595982901779754467
btree8_a64,262144,9,71.8109,14595982901779754467
btree8_a64,262144,10,71.6537,14595982901779754467
btree8_a64,262144,11,71.6949,14595982901779754467
btree8_a64,262144,12,71.7087,14595982901779754467
btree8_a64,262144,13,71.6217,14595982901779754467
btree8_a64,262144,14,71.9513,14595982901779754467
btree8_bl_a64,262144,0,55.4214,14595982901779754467
btree8_bl_a64,262144,1,30.5237,14595982901779754467
btree8_bl_a64,262144,2,29.4144,14595982901779754467
btree8_bl_a64,262144,3,29.3625,14595982901779754467
btree8_bl_a64,262144,4,29.4586,14595982901779754467
btree8_bl_a64,262144,5,29.3854,14595982901779754467
btree8_bl_a64,262144,6,29.5258,14595982901779754467
btree8_bl_a64,262144,7,29.4312,14595982901779754467
btree8_bl_a64,262144,8,29.4342,14595982901779754467
btree8_bl_a64,262144,9,29.7150,14595982901779754467
btree8_bl_a64,262144,10,29.3839,14595982901779754467
btree8_bl_a64,262144,11,29.2191,14595982901779754467
btree8_bl_a64,262144,12,29.2404,14595982901779754467
btree8_bl_a64,262144,13,29.2557,14595982901779754467
btree8_bl_a64,262144,14,29.4128,14595982901779754467
btree16_bl_a64,262144,0,74.8566,14595982901779754467
btree16_bl_a64,262144,1,42.7795,14595982901779754467
btree16_bl_a64,262144,2,38.2812,14595982901779754467
btree16_bl_a64,262144,3,37.6419,14595982901779754467
btree16_bl_a64,262144,4,37.3093,14595982901779754467
btree16_bl_a64,262144,5,37.3810,14595982901779754467
btree16_bl_a64,262144,6,37.8098,14595982901779754467
btree16_bl_a64,262144,7,38.7665,14595982901779754467
btree16_bl_a64,262144,8,37.9517,14595982901779754467
btree16_bl_a64,262144,9,39.4440,14595982901779754467
btree16_bl_a64,262144,10,37.7045,14595982901779754467
btree16_bl_a64,262144,11,37.8113,14595982901779754467
btree16_bl_a64,262144,12,37.8021,14595982901779754467
btree16_bl_a64,262144,13,38.7482,14595982901779754467
btree16_bl_a64,262144,14,37.6740,14595982901779754467
fusion8,262144,0,145.0745,14595982901779754467
fusion8,262144,1,116.1224,14595982901779754467
fusion8,262144,2,115.7486,14595982901779754467
fusion8,262144,3,116.9708,14595982901779754467
fusion8,262144,4,115.8737,14595982901779754467
fusion8,262144,5,115.9058,14595982901779754467
fusion8,262144,6,115.6876,14595982901779754467
fusion8,262144,7,117.3813,14595982901779754467
fusion8,262144,8,115.9439,14595982901779754467
fusion8,262144,9,118.1290,14595982901779754467
fusion8,262144,10,116.1636,14595982901779754467
fusion8,262144,11,116.2933,14595982901779754467
fusion8,262144,12,117.2653,14595982901779754467
fusion8,262144,13,116.7526,14595982901779754467
fusion8,262144,14,116.4337,14595982901779754467
fusion8_bf,262144,0,166.9052,14595982901779754467
fusion8_bf,262144,1,116.9571,14595982901779754467
fusion8_bf,262144,2,118.4570,14595982901779754467
fusion8_bf,262144,3,117.1127,14595982901779754467
fusion8_bf,262144,4,117.2424,14595982901779754467
fusion8_bf,262144,5,117.1646,14595982901779754467
fusion8_bf,262144,6,118.8431,14595982901779754467
fusion8_bf,262144,7,117.9504,14595982901779754467
fusion8_bf,262144,8,117.1616,14595982901779754467
fusion8_bf,262144,9,117.1585,14595982901779754467
fusion8_bf,262144,10,116.8365,14595982901779754467
fusion8_bf,262144,11,119.1986,14595982901779754467
fusion8_bf,262144,12,117.1829,14595982901779754467
fusion8_bf,262144,13,117.8635,14595982901779754467
fusion8_bf,262144,14,116.9525,14595982901779754467
fusion8_c,262144,0,148.0438,14595982901779754467
fusion8_c,262144,1,111.4792,14595982901779754467
fusion8_c,262144,2,110.0357,14595982901779754467
fusion8_c,262144,3,110.2859,14595982901779754467
fusion8_c,262144,4,109.5261,14595982901779754467
fusion8_c,262144,5,109.6771,14595982901779754467
fusion8_c,262144,6,112.1017,14595982901779754467
fusion8_c,262144,7,111.8607,14595982901779754467
fusion8_c,262144,8,111.5601,14595982901779754467
fusion8_c,262144,9,113.6124,14595982901779754467
fusion8_c,262144,10,113.8626,14595982901779754467
fusion8_c,262144,11,112.6633,14595982901779754467
fusion8_c,262144,12,110.2829,14595982901779754467
fusion8_c,262144,13,109.5718,14595982901779754467
fusion8_c,262144,14,109.2972,14595982901779754467
fusion16_w,262144,0,185.0128,14595982901779754467
fusion16_w,262144,1,134.2438,14595982901779754467
fusion16_w,262144,2,133.6411,14595982901779754467
fusion16_w,262144,3,134.9197,14595982901779754467
fusion16_w,262144,4,133.3801,14595982901779754467
fusion16_w,262144,5,133.6563,14595982901779754467
fusion16_w,262144,6,130.5023,14595982901779754467
fusion16_w,262144,7,123.8312,14595982901779754467
fusion16_w,262144,8,121.0617,14595982901779754467
fusion16_w,262144,9,123.3139,14595982901779754467
fusion16_w,262144,10,123.3734,14595982901779754467
fusion16_w,262144,11,122.0016,14595982901779754467
fusion16_w,262144,12,121.3837,14595982901779754467
fusion16_w,262144,13,123.5123,14595982901779754467
fusion16_w,262144,14,121.4523,14595982901779754467
sorted_array,524288,0,59.1248,2430445356442705539
sorted_array,524288,1,52.0554,2430445356442705539
sorted_array,524288,2,52.1820,2430445356442705539
sorted_array,524288,3,52.0798,2430445356442705539
sorted_array,524288,4,53.9322,2430445356442705539
sorted_array,524288,5,51.6464,2430445356442705539
sorted_array,524288,6,51.8524,2430445356442705539
sorted_array,524288,7,51.7197,2430445356442705539
sorted_array,524288,8,61.4670,2430445356442705539
sorted_array,524288,9,56.6513,2430445356442705539
sorted_array,524288,10,56.5521,2430445356442705539
sorted_array,524288,11,52.5116,2430445356442705539
sorted_array,524288,12,52.5009,2430445356442705539
sorted_array,524288,13,52.2324,2430445356442705539
sorted_array,524288,14,51.6632,2430445356442705539
btree8,524288,0,88.6337,2430445356442705539
btree8,524288,1,73.5764,2430445356442705539
btree8,524288,2,73.3887,2430445356442705539
btree8,524288,3,73.5031,2430445356442705539
btree8,524288,4,73.8983,2430445356442705539
btree8,524288,5,76.0284,2430445356442705539
btree8,524288,6,73.5001,2430445356442705539
btree8,524288,7,73.7823,2430445356442705539
btree8,524288,8,73.3231,2430445356442705539
btree8,524288,9,73.8235,2430445356442705539
btree8,524288,10,72.7631,2430445356442705539
btree8,524288,11,73.2056,2430445356442705539
btree8,524288,12,74.5880,2430445356442705539
btree8,524288,13,73.6862,2430445356442705539
btree8,524288,14,73.0881,2430445356442705539
btree8_bl,524288,0,48.9624,2430445356442705539
btree8_bl,524288,1,28.4302,2430445356442705539
btree8_bl,524288,2,28.1937,2430445356442705539
btree8_bl,524288,3,27.7573,2430445356442705539
btree8_bl,524288,4,27.6306,2430445356442705539
btree8_bl,524288,5,27.6962,2430445356442705539
btree8_bl,524288,6,27.6672,2430445356442705539
btree8_bl,524288,7,27.6505,2430445356442705539
btree8_bl,524288,8,28.9520,2430445356442705539
btree8_bl,524288,9,27.5192,2430445356442705539
btree8_bl,524288,10,27.4139,2430445356442705539
btree8_bl,524288,11,27.7054,2430445356442705539
btree8_bl,524288,12,27.5620,2430445356442705539
btree8_bl,524288,13,27.5146,2430445356442705539
btree8_bl,524288,14,27.5925,2430445356442705539
btree8_a64,524288,0,109.5139,2430445356442705539
btree8_a64,524288,1,72.2870,2430445356442705539
btree8_a64,524288,2,71.9772,2430445356442705539
btree8_a64,524288,3,73.0072,2430445356442705539
btree8_a64,524288,4,73.5733,2430445356442705539
btree8_a64,524288,5,72.1283,2430445356442705539
btree8_a64,524288,6,71.9543,2430445356442705539
btree8_a64,524288,7,73.0515,2430445356442705539
btree8_a64,524288,8,71.8170,2430445356442705539
btree8_a64,524288,9,71.9254,2430445356442705539
btree8_a64,524288,10,73.0606,2430445356442705539
btree8_a64,524288,11,73.4634,2430445356442705539
btree8_a64,524288,12,71.9406,2430445356442705539
btree8_a64,524288,13,73.1979,2430445356442705539
btree8_a64,524288,14,72.3495,2430445356442705539
btree8_bl_a64,524288,0,51.7426,2430445356442705539
btree8_bl_a64,524288,1,26.0635,2430445356442705539
btree8_bl_a64,524288,2,25.8163,2430445356442705539
btree8_bl_a64,524288,3,25.8270,2430445356442705539
btree8_bl_a64,524288,4,25.6912,2430445356442705539
btree8_bl_a64,524288,5,25.6149,2430445356442705539
btree8_bl_a64,524288,6,25.4089,2430445356442705539
btree8_bl_a64,524288,7,25.3815,2430445356442705539
btree8_bl_a64,524288,8,25.4639,2430445356442705539
btree8_bl_a64,524288,9,25.4623,2430445356442705539
btree8_bl_a64,524288,10,25.4318,2430445356442705539
btree8_bl_a64,524288,11,25.4639,2430445356442705539
btree8_bl_a64,524288,12,25.3799,2430445356442705539
btree8_bl_a64,524288,13,25.4517,2430445356442705539
btree8_bl_a64,524288,14,26.6846,2430445356442705539
btree16_bl_a64,524288,0,73.1674,2430445356442705539
btree16_bl_a64,524288,1,35.7254,2430445356442705539
btree16_bl_a64,524288,2,32.7545,2430445356442705539
btree16_bl_a64,524288,3,33.2550,2430445356442705539
btree16_bl_a64,524288,4,33.3557,2430445356442705539
btree16_bl_a64,524288,5,33.5464,2430445356442705539
btree16_bl_a64,524288,6,34.7107,2430445356442705539
btree16_bl_a64,524288,7,33.2520,2430445356442705539
btree16_bl_a64,524288,8,33.3313,2430445356442705539
btree16_bl_a64,524288,9,33.5007,2430445356442705539
btree16_bl_a64,524288,10,33.4702,2430445356442705539
btree16_bl_a64,524288,11,33.5251,2430445356442705539
btree16_bl_a64,524288,12,33.4167,2430445356442705539
btree16_bl_a64,524288,13,36.3708,2430445356442705539
btree16_bl_a64,524288,14,33.7845,2430445356442705539
fusion8,524288,0,143.0786,2430445356442705539
fusion8,524288,1,113.6017,2430445356442705539
fusion8,524288,2,113.6292,2430445356442705539
fusion8,524288,3,112.3062,2430445356442705539
fusion8,524288,4,112.2604,2430445356442705539
fusion8,524288,5,114.6439,2430445356442705539
fusion8,524288,6,112.3230,2430445356442705539
fusion8,524288,7,113.5391,2430445356442705539
fusion8,524288,8,111.9461,2430445356442705539
fusion8,524288,9,112.1918,2430445356442705539
fusion8,524288,10,111.9339,2430445356442705539
fusion8,524288,11,112.2437,2430445356442705539
fusion8,524288,12,112.8738,2430445356442705539
fusion8,524288,13,111.8713,2430445356442705539
fusion8,524288,14,113.1714,2430445356442705539
fusion8_bf,524288,0,147.1512,2430445356442705539
fusion8_bf,524288,1,116.5375,2430445356442705539
fusion8_bf,524288,2,116.2827,2430445356442705539
fusion8_bf,524288,3,118.9621,2430445356442705539
fusion8_bf,524288,4,116.2811,2430445356442705539
fusion8_bf,524288,5,116.1224,2430445356442705539
fusion8_bf,524288,6,116.0843,2430445356442705539
fusion8_bf,524288,7,118.4555,2430445356442705539
fusion8_bf,524288,8,116.2872,2430445356442705539
fusion8_bf,524288,9,117.3615,2430445356442705539
fusion8_bf,524288,10,116.4764,2430445356442705539
fusion8_bf,524288,11,118.2739,2430445356442705539
fusion8_bf,524288,12,116.2796,2430445356442705539
fusion8_bf,524288,13,117.0731,2430445356442705539
fusion8_bf,524288,14,117.1402,2430445356442705539
fusion8_c,524288,0,140.2435,2430445356442705539
fusion8_c,524288,1,109.9182,2430445356442705539
fusion8_c,524288,2,109.1003,2430445356442705539
fusion8_c,524288,3,109.0164,2430445356442705539
fusion8_c,524288,4,110.3424,2430445356442705539
fusion8_c,524288,5,109.1827,2430445356442705539
fusion8_c,524288,6,109.0790,2430445356442705539
fusion8_c,524288,7,110.2203,2430445356442705539
fusion8_c,524288,8,109.0485,2430445356442705539
fusion8_c,524288,9,111.6425,2430445356442705539
fusion8_c,524288,10,109.1705,2430445356442705539
fusion8_c,524288,11,109.9075,2430445356442705539
fusion8_c,524288,12,111.0291,2430445356442705539
fusion8_c,524288,13,109.9869,2430445356442705539
fusion8_c,524288,14,108.9371,2430445356442705539
fusion16_w,524288,0,183.5419,2430445356442705539
fusion16_w,524288,1,138.8382,2430445356442705539
fusion16_w,524288,2,140.0177,2430445356442705539
fusion16_w,524288,3,135.7422,2430445356442705539
fusion16_w,524288,4,135.9283,2430445356442705539
fusion16_w,524288,5,136.3068,2430445356442705539
fusion16_w,524288,6,135.5255,2430445356442705539
fusion16_w,524288,7,137.6816,2430445356442705539
fusion16_w,524288,8,138.2202,2430445356442705539
fusion16_w,524288,9,143.8736,2430445356442705539
fusion16_w,524288,10,158.1589,2430445356442705539
fusion16_w,524288,11,143.6020,2430445356442705539
fusion16_w,524288,12,135.9756,2430445356442705539
fusion16_w,524288,13,134.4696,2430445356442705539
fusion16_w,524288,14,137.2986,2430445356442705539
sorted_array,1048576,0,99.8230,9246909816537294732
sorted_array,1048576,1,87.3398,9246909816537294732
sorted_array,1048576,2,86.4838,9246909816537294732
sorted_array,1048576,3,86.2488,9246909816537294732
sorted_array,1048576,4,86.3968,9246909816537294732
sorted_array,1048576,5,86.5311,9246909816537294732
sorted_array,1048576,6,85.2478,9246909816537294732
sorted_array,1048576,7,87.1658,9246909816537294732
sorted_array,1048576,8,87.4176,9246909816537294732
sorted_array,1048576,9,85.9680,9246909816537294732
sorted_array,1048576,10,86.5112,9246909816537294732
sorted_array,1048576,11,86.4441,9246909816537294732
sorted_array,1048576,12,85.3561,9246909816537294732
sorted_array,1048576,13,85.7178,9246909816537294732
sorted_array,1048576,14,87.3825,9246909816537294732
btree8,1048576,0,218.2922,9246909816537294732
btree8,1048576,1,155.2078,9246909816537294732
btree8,1048576,2,148.5870,9246909816537294732
btree8,1048576,3,154.3198,9246909816537294732
btree8,1048576,4,151.8372,9246909816537294732
btree8,1048576,5,150.5661,9246909816537294732
btree8,1048576,6,154.0649,9246909816537294732
btree8,1048576,7,156.8329,9246909816537294732
btree8,1048576,8,158.8120,9246909816537294732
btree8,1048576,9,152.0447,9246909816537294732
btree8,1048576,10,149.1379,9246909816537294732
btree8,1048576,11,151.3428,9246909816537294732
btree8,1048576,12,155.7617,9246909816537294732
btree8,1048576,13,149.7391,9246909816537294732
btree8,1048576,14,160.8047,9246909816537294732
btree8_bl,1048576,0,119.5892,9246909816537294732
btree8_bl,1048576,1,84.3216,9246909816537294732
btree8_bl,1048576,2,86.5936,9246909816537294732
btree8_bl,1048576,3,83.3481,9246909816537294732
btree8_bl,1048576,4,82.9681,9246909816537294732
btree8_bl,1048576,5,86.7081,9246909816537294732
btree8_bl,1048576,6,83.9874,9246909816537294732
btree8_bl,1048576,7,83.9676,9246909816537294732
btree8_bl,1048576,8,87.3062,9246909816537294732
btree8_bl,1048576,9,83.5007,9246909816537294732
btree8_bl,1048576,10,84.4223,9246909816537294732
btree8_bl,1048576,11,85.8246,9246909816537294732
btree8_bl,1048576,12,83.9966,9246909816537294732
btree8_bl,1048576,13,83.8531,9246909816537294732
btree8_bl,1048576,14,87.1033,9246909816537294732
btree8_a64,1048576,0,227.0752,9246909816537294732
btree8_a64,1048576,1,148.7717,9246909816537294732
btree8_a64,1048576,2,143.0923,9246909816537294732
btree8_a64,1048576,3,140.2863,9246909816537294732
btree8_a64,1048576,4,145.3766,9246909816537294732
btree8_a64,1048576,5,142.0700,9246909816537294732
btree8_a64,1048576,6,149.4186,9246909816537294732
btree8_a64,1048576,7,144.8105,9246909816537294732
btree8_a64,1048576,8,141.3971,9246909816537294732
btree8_a64,1048576,9,152.8351,9246909816537294732
btree8_a64,1048576,10,141.2216,9246909816537294732
btree8_a64,1048576,11,145.4620,9246909816537294732
btree8_a64,1048576,12,150.4486,9246909816537294732
btree8_a64,1048576,13,141.5894,9246909816537294732
btree8_a64,1048576,14,168.2281,9246909816537294732
btree8_bl_a64,1048576,0,134.2484,9246909816537294732
btree8_bl_a64,1048576,1,76.0452,9246909816537294732
btree8_bl_a64,1048576,2,72.9523,9246909816537294732
btree8_bl_a64,1048576,3,75.7019,9246909816537294732
btree8_bl_a64,1048576,4,68.1870,9246909816537294732
btree8_bl_a64,1048576,5,70.7016,9246909816537294732
btree8_bl_a64,1048576,6,71.4325,9246909816537294732
btree8_bl_a64,1048576,7,74.6078,9246909816537294732
btree8_bl_a64,1048576,8,72.5204,9246909816537294732
btree8_bl_a64,1048576,9,71.8765,9246909816537294732
btree8_bl_a64,1048576,10,79.5059,9246909816537294732
btree8_bl_a64,1048576,11,74.7101,9246909816537294732
btree8_bl_a64,1048576,12,76.4908,9246909816537294732
btree8_bl_a64,1048576,13,73.1171,9246909816537294732
btree8_bl_a64,1048576,14,73.7015,9246909816537294732
btree16_bl_a64,1048576,0,60.9207,9246909816537294732
btree16_bl_a64,1048576,1,34.6252,9246909816537294732
btree16_bl_a64,1048576,2,34.4849,9246909816537294732
btree16_bl_a64,1048576,3,35.0174,9246909816537294732
btree16_bl_a64,1048576,4,33.0032,9246909816537294732
btree16_bl_a64,1048576,5,32.8415,9246909816537294732
btree16_bl_a64,1048576,6,33.0353,9246909816537294732
btree16_bl_a64,1048576,7,33.1512,9246909816537294732
btree16_bl_a64,1048576,8,33.3130,9246909816537294732
btree16_bl_a64,1048576,9,33.6594,9246909816537294732
btree16_bl_a64,1048576,10,36.7386,9246909816537294732
btree16_bl_a64,1048576,11,33.1635,9246909816537294732
btree16_bl_a64,1048576,12,32.8445,9246909816537294732
btree16_bl_a64,1048576,13,32.8278,9246909816537294732
btree16_bl_a64,1048576,14,33.3771,9246909816537294732
fusion8,1048576,0,303.2303,9246909816537294732
fusion8,1048576,1,286.9888,9246909816537294732
fusion8,1048576,2,238.7054,9246909816537294732
fusion8,1048576,3,249.5834,9246909816537294732
fusion8,1048576,4,243.6432,9246909816537294732
fusion8,1048576,5,248.9334,9246909816537294732
fusion8,1048576,6,248.7656,9246909816537294732
fusion8,1048576,7,234.4467,9246909816537294732
fusion8,1048576,8,244.9158,9246909816537294732
fusion8,1048576,9,258.0093,9246909816537294732
fusion8,1048576,10,239.9109,9246909816537294732
fusion8,1048576,11,250.1160,9246909816537294732
fusion8,1048576,12,242.8177,9246909816537294732
fusion8,1048576,13,238.3774,9246909816537294732
fusion8,1048576,14,246.8552,9246909816537294732
fusion8_bf,1048576,0,315.5792,9246909816537294732
fusion8_bf,1048576,1,263.2889,9246909816537294732
fusion8_bf,1048576,2,256.4362,9246909816537294732
fusion8_bf,1048576,3,248.2254,9246909816537294732
fusion8_bf,1048576,4,246.7911,9246909816537294732
fusion8_bf,1048576,5,245.6116,9246909816537294732
fusion8_bf,1048576,6,246.6919,9246909816537294732
fusion8_bf,1048576,7,252.4063,9246909816537294732
fusion8_bf,1048576,8,250.1465,9246909816537294732
fusion8_bf,1048576,9,247.7356,9246909816537294732
fusion8_bf,1048576,10,244.5908,9246909816537294732
fusion8_bf,1048576,11,240.2771,9246909816537294732
fusion8_bf,1048576,12,269.1132,9246909816537294732
fusion8_bf,1048576,13,262.9730,9246909816537294732
fusion8_bf,1048576,14,251.3275,9246909816537294732
fusion8_c,1048576,0,293.7851,9246909816537294732
fusion8_c,1048576,1,209.0485,9246909816537294732
fusion8_c,1048576,2,214.8880,9246909816537294732
fusion8_c,1048576,3,214.5126,9246909816537294732
fusion8_c,1048576,4,220.4361,9246909816537294732
fusion8_c,1048576,5,216.2247,9246909816537294732
fusion8_c,1048576,6,225.8972,9246909816537294732
fusion8_c,1048576,7,224.4476,9246909816537294732
fusion8_c,1048576,8,206.7276,9246909816537294732
fusion8_c,1048576,9,203.9352,9246909816537294732
fusion8_c,1048576,10,207.1075,9246909816537294732
fusion8_c,1048576,11,218.4097,9246909816537294732
fusion8_c,1048576,12,219.6945,9246909816537294732
fusion8_c,1048576,13,244.1681,9246909816537294732
fusion8_c,1048576,14,258.3282,9246909816537294732
fusion16_w,1048576,0,162.3322,9246909816537294732
fusion16_w,1048576,1,128.4790,9246909816537294732
fusion16_w,1048576,2,130.7098,9246909816537294732
fusion16_w,1048576,3,128.8986,9246909816537294732
fusion16_w,1048576,4,127.1606,9246909816537294732
fusion16_w,1048576,5,127.3666,9246909816537294732
fusion16_w,1048576,6,130.5664,9246909816537294732
fusion16_w,1048576,7,128.5278,9246909816537294732
fusion16_w,1048576,8,128.6072,9246909816537294732
fusion16_w,1048576,9,127.2263,9246909816537294732
fusion16_w,1048576,10,126.9165,9246909816537294732
fusion16_w,1048576,11,130.0934,9246909816537294732
fusion16_w,1048576,12,127.7222,9246909816537294732
fusion16_w,1048576,13,127.6169,9246909816537294732
fusion16_w,1048576,14,126.9333,9246909816537294732
sorted_array,2097152,0,142.0624,14519592687764155675
sorted_array,2097152,1,117.2012,14519592687764155675
sorted_array,2097152,2,116.2628,14519592687764155675
sorted_array,2097152,3,117.0685,14519592687764155675
sorted_array,2097152,4,115.7501,14519592687764155675
sorted_array,2097152,5,117.7032,14519592687764155675
sorted_array,2097152,6,115.8005,14519592687764155675
sorted_array,2097152,7,116.1957,14519592687764155675
sorted_array,2097152,8,116.6153,14519592687764155675
sorted_array,2097152,9,117.6941,14519592687764155675
sorted_array,2097152,10,116.2628,14519592687764155675
sorted_array,2097152,11,116.5756,14519592687764155675
sorted_array,2097152,12,116.3651,14519592687764155675
sorted_array,2097152,13,116.2415,14519592687764155675
sorted_array,2097152,14,118.3472,14519592687764155675
btree8,2097152,0,232.0755,14519592687764155675
btree8,2097152,1,172.0352,14519592687764155675
btree8,2097152,2,167.1417,14519592687764155675
btree8,2097152,3,163.5437,14519592687764155675
btree8,2097152,4,159.2300,14519592687764155675
btree8,2097152,5,170.7214,14519592687764155675
btree8,2097152,6,167.6346,14519592687764155675
btree8,2097152,7,172.5052,14519592687764155675
btree8,2097152,8,211.1481,14519592687764155675
btree8,2097152,9,186.3480,14519592687764155675
btree8,2097152,10,173.0942,14519592687764155675
btree8,2097152,11,157.4860,14519592687764155675
btree8,2097152,12,167.6117,14519592687764155675
btree8,2097152,13,159.5734,14519592687764155675
btree8,2097152,14,157.1503,14519592687764155675
btree8_bl,2097152,0,118.3868,14519592687764155675
btree8_bl,2097152,1,76.9363,14519592687764155675
btree8_bl,2097152,2,78.1036,14519592687764155675
btree8_bl,2097152,3,75.7950,14519592687764155675
btree8_bl,2097152,4,69.7647,14519592687764155675
btree8_bl,2097152,5,76.8585,14519592687764155675
btree8_bl,2097152,6,82.6218,14519592687764155675
btree8_bl,2097152,7,78.0121,14519592687764155675
btree8_bl,2097152,8,72.9889,14519592687764155675
btree8_bl,2097152,9,78.2364,14519592687764155675
btree8_bl,2097152,10,71.4661,14519592687764155675
btree8_bl,2097152,11,72.9279,14519592687764155675
btree8_bl,2097152,12,76.8509,14519592687764155675
btree8_bl,2097152,13,75.6256,14519592687764155675
btree8_bl,2097152,14,69.9753,14519592687764155675
btree8_a64,2097152,0,230.9189,14519592687764155675
btree8_a64,2097152,1,154.0741,14519592687764155675
btree8_a64,2097152,2,149.2813,14519592687764155675
btree8_a64,2097152,3,166.3330,14519592687764155675
btree8_a64,2097152,4,155.4733,14519592687764155675
btree8_a64,2097152,5,155.7388,14519592687764155675
btree8_a64,2097152,6,157.5119,14519592687764155675
btree8_a64,2097152,7,155.3360,14519592687764155675
btree8_a64,2097152,8,158.8470,14519592687764155675
btree8_a64,2097152,9,158.7296,14519592687764155675
btree8_a64,2097152,10,164.8453,14519592687764155675
btree8_a64,2097152,11,176.0086,14519592687764155675
btree8_a64,2097152,12,155.7602,14519592687764155675
btree8_a64,2097152,13,150.7507,14519592687764155675
btree8_a64,2097152,14,154.2145,14519592687764155675
btree8_bl_a64,2097152,0,125.3098,14519592687764155675
btree8_bl_a64,2097152,1,67.1494,14519592687764155675
btree8_bl_a64,2097152,2,65.7181,14519592687764155675
btree8_bl_a64,2097152,3,67.6239,14519592687764155675
btree8_bl_a64,2097152,4,67.4774,14519592687764155675
btree8_bl_a64,2097152,5,63.3514,14519592687764155675
btree8_bl_a64,2097152,6,65.8264,14519592687764155675
btree8_bl_a64,2097152,7,67.8970,14519592687764155675
btree8_bl_a64,2097152,8,66.5634,14519592687764155675
btree8_bl_a64,2097152,9,65.2054,14519592687764155675
btree8_bl_a64,2097152,10,69.9081,14519592687764155675
btree8_bl_a64,2097152,11,72.2382,14519592687764155675
btree8_bl_a64,2097152,12,62.1918,14519592687764155675
btree8_bl_a64,2097152,13,68.0084,14519592687764155675
btree8_bl_a64,2097152,14,71.4050,14519592687764155675
btree16_bl_a64,2097152,0,122.6105,14519592687764155675
btree16_bl_a64,2097152,1,105.0034,14519592687764155675
btree16_bl_a64,2097152,2,99.9969,14519592687764155675
btree16_bl_a64,2097152,3,94.4016,14519592687764155675
btree16_bl_a64,2097152,4,97.7142,14519592687764155675
btree16_bl_a64,2097152,5,96.1395,14519592687764155675
btree16_bl_a64,2097152,6,96.4920,14519592687764155675
btree16_bl_a64,2097152,7,102.6001,14519592687764155675
btree16_bl_a64,2097152,8,96.0144,14519592687764155675
btree16_bl_a64,2097152,9,99.7177,14519592687764155675
btree16_bl_a64,2097152,10,101.8204,14519592687764155675
btree16_bl_a64,2097152,11,102.9099,14519592687764155675
btree16_bl_a64,2097152,12,101.1780,14519592687764155675
btree16_bl_a64,2097152,13,94.5023,14519592687764155675
btree16_bl_a64,2097152,14,95.0562,14519592687764155675
fusion8,2097152,0,327.1667,14519592687764155675
fusion8,2097152,1,254.9179,14519592687764155675
fusion8,2097152,2,255.7495,14519592687764155675
fusion8,2097152,3,267.4774,14519592687764155675
fusion8,2097152,4,268.9102,14519592687764155675
fusion8,2097152,5,285.8307,14519592687764155675
fusion8,2097152,6,280.9708,14519592687764155675
fusion8,2097152,7,277.8290,14519592687764155675
fusion8,2097152,8,267.0151,14519592687764155675
fusion8,2097152,9,263.7589,14519592687764155675
fusion8,2097152,10,266.6000,14519592687764155675
fusion8,2097152,11,266.4413,14519592687764155675
fusion8,2097152,12,262.8357,14519592687764155675
fusion8,2097152,13,273.4390,14519592687764155675
fusion8,2097152,14,258.5571,14519592687764155675
fusion8_bf,2097152,0,324.7269,14519592687764155675
fusion8_bf,2097152,1,262.6877,14519592687764155675
fusion8_bf,2097152,2,261.8866,14519592687764155675
fusion8_bf,2097152,3,257.0618,14519592687764155675
fusion8_bf,2097152,4,254.4067,14519592687764155675
fusion8_bf,2097152,5,270.7840,14519592687764155675
fusion8_bf,2097152,6,269.3222,14519592687764155675
fusion8_bf,2097152,7,268.8675,14519592687764155675
fusion8_bf,2097152,8,266.4383,14519592687764155675
fusion8_bf,2097152,9,260.2646,14519592687764155675
fusion8_bf,2097152,10,265.1367,14519592687764155675
fusion8_bf,2097152,11,261.4258,14519592687764155675
fusion8_bf,2097152,12,265.9851,14519592687764155675
fusion8_bf,2097152,13,265.9760,14519592687764155675
fusion8_bf,2097152,14,266.6428,14519592687764155675
fusion8_c,2097152,0,305.0873,14519592687764155675
fusion8_c,2097152,1,226.0254,14519592687764155675
fusion8_c,2097152,2,227.6398,14519592687764155675
fusion8_c,2097152,3,225.0183,14519592687764155675
fusion8_c,2097152,4,235.3256,14519592687764155675
fusion8_c,2097152,5,236.1710,14519592687764155675
fusion8_c,2097152,6,237.1597,14519592687764155675
fusion8_c,2097152,7,225.6821,14519592687764155675
fusion8_c,2097152,8,229.1229,14519592687764155675
fusion8_c,2097152,9,221.2280,14519592687764155675
fusion8_c,2097152,10,221.2296,14519592687764155675
fusion8_c,2097152,11,212.0041,14519592687764155675
fusion8_c,2097152,12,223.6038,14519592687764155675
fusion8_c,2097152,13,226.8539,14519592687764155675
fusion8_c,2097152,14,223.3459,14519592687764155675
fusion16_w,2097152,0,275.6149,14519592687764155675
fusion16_w,2097152,1,238.6887,14519592687764155675
fusion16_w,2097152,2,234.7275,14519592687764155675
fusion16_w,2097152,3,230.8105,14519592687764155675
fusion16_w,2097152,4,226.1368,14519592687764155675
fusion16_w,2097152,5,229.1367,14519592687764155675
fusion16_w,2097152,6,230.4718,14519592687764155675
fusion16_w,2097152,7,226.0056,14519592687764155675
fusion16_w,2097152,8,234.8434,14519592687764155675
fusion16_w,2097152,9,230.7465,14519592687764155675
fusion16_w,2097152,10,224.8901,14519592687764155675
fusion16_w,2097152,11,225.6790,14519592687764155675
fusion16_w,2097152,12,227.0554,14519592687764155675
fusion16_w,2097152,13,230.9006,14519592687764155675
fusion16_w,2097152,14,233.4229,14519592687764155675
sorted_array,4194304,0,246.7117,15606720263345192253
sorted_array,4194304,1,214.4318,15606720263345192253
sorted_array,4194304,2,215.3946,15606720263345192253
sorted_array,4194304,3,216.9403,15606720263345192253
sorted_array,4194304,4,214.4989,15606720263345192253
sorted_array,4194304,5,217.3538,15606720263345192253
sorted_array,4194304,6,217.3187,15606720263345192253
sorted_array,4194304,7,215.0146,15606720263345192253
sorted_array,4194304,8,215.8157,15606720263345192253
sorted_array,4194304,9,256.2119,15606720263345192253
sorted_array,4194304,10,312.2421,15606720263345192253
sorted_array,4194304,11,258.3603,15606720263345192253
sorted_array,4194304,12,217.7338,15606720263345192253
sorted_array,4194304,13,214.5889,15606720263345192253
sorted_array,4194304,14,270.1691,15606720263345192253
btree8,4194304,0,232.0023,15606720263345192253
btree8,4194304,1,170.3140,15606720263345192253
btree8,4194304,2,165.4068,15606720263345192253
btree8,4194304,3,171.8338,15606720263345192253
btree8,4194304,4,172.4014,15606720263345192253
btree8,4194304,5,209.8129,15606720263345192253
btree8,4194304,6,177.5299,15606720263345192253
btree8,4194304,7,159.0363,15606720263345192253
btree8,4194304,8,169.4473,15606720263345192253
btree8,4194304,9,167.1249,15606720263345192253
btree8,4194304,10,171.5591,15606720263345192253
btree8,4194304,11,168.1473,15606720263345192253
btree8,4194304,12,165.7166,15606720263345192253
btree8,4194304,13,169.2490,15606720263345192253
btree8,4194304,14,183.3374,15606720263345192253
btree8_bl,4194304,0,121.2509,15606720263345192253
btree8_bl,4194304,1,79.4205,15606720263345192253
btree8_bl,4194304,2,66.3666,15606720263345192253
btree8_bl,4194304,3,60.4065,15606720263345192253
btree8_bl,4194304,4,66.4291,15606720263345192253
btree8_bl,4194304,5,69.2047,15606720263345192253
btree8_bl,4194304,6,69.5953,15606720263345192253
btree8_bl,4194304,7,64.9078,15606720263345192253
btree8_bl,4194304,8,70.6787,15606720263345192253
btree8_bl,4194304,9,69.1620,15606720263345192253
btree8_bl,4194304,10,63.0585,15606720263345192253
btree8_bl,4194304,11,63.5895,15606720263345192253
btree8_bl,4194304,12,63.0966,15606720263345192253
btree8_bl,4194304,13,62.8036,15606720263345192253
btree8_bl,4194304,14,62.9318,15606720263345192253
btree8_a64,4194304,0,238.2309,15606720263345192253
btree8_a64,4194304,1,169.4229,15606720263345192253
btree8_a64,4194304,2,158.1604,15606720263345192253
btree8_a64,4194304,3,156.1401,15606720263345192253
btree8_a64,4194304,4,158.4412,15606720263345192253
btree8_a64,4194304,5,155.9891,15606720263345192253
btree8_a64,4194304,6,160.8673,15606720263345192253
btree8_a64,4194304,7,164.7430,15606720263345192253
btree8_a64,4194304,8,159.5825,15606720263345192253
btree8_a64,4194304,9,163.7589,15606720263345192253
btree8_a64,4194304,10,159.2224,15606720263345192253
btree8_a64,4194304,11,167.3431,15606720263345192253
btree8_a64,4194304,12,160.4782,15606720263345192253
btree8_a64,4194304,13,158.7662,15606720263345192253
btree8_a64,4194304,14,163.8748,15606720263345192253
btree8_bl_a64,4194304,0,122.4380,15606720263345192253
btree8_bl_a64,4194304,1,57.3669,15606720263345192253
btree8_bl_a64,4194304,2,61.1984,15606720263345192253
btree8_bl_a64,4194304,3,55.6213,15606720263345192253
btree8_bl_a64,4194304,4,62.7701,15606720263345192253
btree8_bl_a64,4194304,5,57.2983,15606720263345192253
btree8_bl_a64,4194304,6,60.6781,15606720263345192253
btree8_bl_a64,4194304,7,58.1100,15606720263345192253
btree8_bl_a64,4194304,8,62.5580,15606720263345192253
btree8_bl_a64,4194304,9,56.6025,15606720263345192253
btree8_bl_a64,4194304,10,62.9471,15606720263345192253
btree8_bl_a64,4194304,11,61.7981,15606720263345192253
btree8_bl_a64,4194304,12,62.5809,15606720263345192253
btree8_bl_a64,4194304,13,58.2581,15606720263345192253
btree8_bl_a64,4194304,14,55.9250,15606720263345192253
btree16_bl_a64,4194304,0,135.3210,15606720263345192253
btree16_bl_a64,4194304,1,117.1692,15606720263345192253
btree16_bl_a64,4194304,2,115.1321,15606720263345192253
btree16_bl_a64,4194304,3,113.3865,15606720263345192253
btree16_bl_a64,4194304,4,112.5305,15606720263345192253
btree16_bl_a64,4194304,5,109.8663,15606720263345192253
btree16_bl_a64,4194304,6,113.3560,15606720263345192253
btree16_bl_a64,4194304,7,111.3129,15606720263345192253
btree16_bl_a64,4194304,8,110.0815,15606720263345192253
btree16_bl_a64,4194304,9,117.1738,15606720263345192253
btree16_bl_a64,4194304,10,112.1780,15606720263345192253
btree16_bl_a64,4194304,11,115.0986,15606720263345192253
btree16_bl_a64,4194304,12,116.3147,15606720263345192253
btree16_bl_a64,4194304,13,118.3350,15606720263345192253
btree16_bl_a64,4194304,14,113.0554,15606720263345192253
fusion8,4194304,0,327.8854,15606720263345192253
fusion8,4194304,1,281.1279,15606720263345192253
fusion8,4194304,2,259.7153,15606720263345192253
fusion8,4194304,3,262.0499,15606720263345192253
fusion8,4194304,4,277.5085,15606720263345192253
fusion8,4194304,5,256.3568,15606720263345192253
fusion8,4194304,6,252.4490,15606720263345192253
fusion8,4194304,7,272.8989,15606720263345192253
fusion8,4194304,8,271.3364,15606720263345192253
fusion8,4194304,9,270.9991,15606720263345192253
fusion8,4194304,10,282.4173,15606720263345192253
fusion8,4194304,11,291.8686,15606720263345192253
fusion8,4194304,12,284.8221,15606720263345192253
fusion8,4194304,13,287.5778,15606720263345192253
fusion8,4194304,14,280.6259,15606720263345192253
fusion8_bf,4194304,0,340.7867,15606720263345192253
fusion8_bf,4194304,1,286.0672,15606720263345192253
fusion8_bf,4194304,2,273.6542,15606720263345192253
fusion8_bf,4194304,3,294.8715,15606720263345192253
fusion8_bf,4194304,4,287.0682,15606720263345192253
fusion8_bf,4194304,5,281.9687,15606720263345192253
fusion8_bf,4194304,6,284.4254,15606720263345192253
fusion8_bf,4194304,7,303.5858,15606720263345192253
fusion8_bf,4194304,8,285.2692,15606720263345192253
fusion8_bf,4194304,9,301.1337,15606720263345192253
fusion8_bf,4194304,10,281.3049,15606720263345192253
fusion8_bf,4194304,11,276.1734,15606720263345192253
fusion8_bf,4194304,12,251.1810,15606720263345192253
fusion8_bf,4194304,13,245.0485,15606720263345192253
fusion8_bf,4194304,14,257.5485,15606720263345192253
fusion8_c,4194304,0,308.8989,15606720263345192253
fusion8_c,4194304,1,227.3727,15606720263345192253
fusion8_c,4194304,2,231.7627,15606720263345192253
fusion8_c,4194304,3,221.9711,15606720263345192253
fusion8_c,4194304,4,231.2500,15606720263345192253
fusion8_c,4194304,5,233.1573,15606720263345192253
fusion8_c,4194304,6,237.7426,15606720263345192253
fusion8_c,4194304,7,226.1307,15606720263345192253
fusion8_c,4194304,8,230.7266,15606720263345192253
fusion8_c,4194304,9,230.1605,15606720263345192253
fusion8_c,4194304,10,227.7603,15606720263345192253
fusion8_c,4194304,11,227.2202,15606720263345192253
fusion8_c,4194304,12,238.5406,15606720263345192253
fusion8_c,4194304,13,225.3647,15606720263345192253
fusion8_c,4194304,14,225.0168,15606720263345192253
fusion16_w,4194304,0,316.1987,15606720263345192253
fusion16_w,4194304,1,264.9643,15606720263345192253
fusion16_w,4194304,2,259.6161,15606720263345192253
fusion16_w,4194304,3,256.5689,15606720263345192253
fusion16_w,4194304,4,265.4816,15606720263345192253
fusion16_w,4194304,5,268.3014,15606720263345192253
fusion16_w,4194304,6,270.3644,15606720263345192253
fusion16_w,4194304,7,265.1978,15606720263345192253
fusion16_w,4194304,8,267.2668,15606720263345192253
fusion16_w,4194304,9,261.6928,15606720263345192253
fusion16_w,4194304,10,268.7622,15606720263345192253
fusion16_w,4194304,11,264.1159,15606720263345192253
fusion16_w,4194304,12,262.5671,15606720263345192253
fusion16_w,4194304,13,266.3681,15606720263345192253
fusion16_w,4194304,14,264.9918,15606720263345192253
sorted_array,8388608,0,434.9930,10131753818064663245
sorted_array,8388608,1,407.6401,10131753818064663245
sorted_array,8388608,2,407.3044,10131753818064663245
sorted_array,8388608,3,406.7459,10131753818064663245
sorted_array,8388608,4,405.9967,10131753818064663245
sorted_array,8388608,5,408.0399,10131753818064663245
sorted_array,8388608,6,412.7914,10131753818064663245
sorted_array,8388608,7,410.7056,10131753818064663245
sorted_array,8388608,8,411.2228,10131753818064663245
sorted_array,8388608,9,410.0723,10131753818064663245
sorted_array,8388608,10,409.3063,10131753818064663245
sorted_array,8388608,11,408.5846,10131753818064663245
sorted_array,8388608,12,409.2850,10131753818064663245
sorted_array,8388608,13,413.8306,10131753818064663245
sorted_array,8388608,14,411.2015,10131753818064663245
btree8,8388608,0,373.5611,10131753818064663245
btree8,8388608,1,302.2888,10131753818064663245
btree8,8388608,2,287.5748,10131753818064663245
btree8,8388608,3,292.3065,10131753818064663245
btree8,8388608,4,290.2710,10131753818064663245
btree8,8388608,5,293.9362,10131753818064663245
btree8,8388608,6,285.1730,10131753818064663245
btree8,8388608,7,285.3424,10131753818064663245
btree8,8388608,8,288.1989,10131753818064663245
btree8,8388608,9,268.6188,10131753818064663245
btree8,8388608,10,281.8924,10131753818064663245
btree8,8388608,11,287.0010,10131753818064663245
btree8,8388608,12,304.7150,10131753818064663245
btree8,8388608,13,301.0620,10131753818064663245
btree8,8388608,14,315.9927,10131753818064663245
btree8_bl,8388608,0,230.8929,10131753818064663245
btree8_bl,8388608,1,147.6761,10131753818064663245
btree8_bl,8388608,2,145.4514,10131753818064663245
btree8_bl,8388608,3,144.3863,10131753818064663245
btree8_bl,8388608,4,138.7543,10131753818064663245
btree8_bl,8388608,5,137.4252,10131753818064663245
btree8_bl,8388608,6,136.9049,10131753818064663245
btree8_bl,8388608,7,147.7600,10131753818064663245
btree8_bl,8388608,8,146.8903,10131753818064663245
btree8_bl,8388608,9,150.0305,10131753818064663245
btree8_bl,8388608,10,148.7198,10131753818064663245
btree8_bl,8388608,11,143.9575,10131753818064663245
btree8_bl,8388608,12,142.2928,10131753818064663245
btree8_bl,8388608,13,143.6462,10131753818064663245
btree8_bl,8388608,14,137.8342,10131753818064663245
btree8_a64,8388608,0,375.1480,10131753818064663245
btree8_a64,8388608,1,285.1593,10131753818064663245
btree8_a64,8388608,2,281.0242,10131753818064663245
btree8_a64,8388608,3,291.6275,10131753818064663245
btree8_a64,8388608,4,288.8794,10131753818064663245
btree8_a64,8388608,5,297.6120,10131753818064663245
btree8_a64,8388608,6,306.8359,10131753818064663245
btree8_a64,8388608,7,291.9754,10131753818064663245
btree8_a64,8388608,8,291.6611,10131753818064663245
btree8_a64,8388608,9,299.1821,10131753818064663245
btree8_a64,8388608,10,283.3694,10131753818064663245
btree8_a64,8388608,11,276.3443,10131753818064663245
btree8_a64,8388608,12,265.1413,10131753818064663245
btree8_a64,8388608,13,266.1652,10131753818064663245
btree8_a64,8388608,14,273.2910,10131753818064663245
btree8_bl_a64,8388608,0,172.7188,10131753818064663245
btree8_bl_a64,8388608,1,127.7603,10131753818064663245
btree8_bl_a64,8388608,2,115.3320,10131753818064663245
btree8_bl_a64,8388608,3,117.4850,10131753818064663245
btree8_bl_a64,8388608,4,115.3854,10131753818064663245
btree8_bl_a64,8388608,5,117.3615,10131753818064663245
btree8_bl_a64,8388608,6,118.2556,10131753818064663245
btree8_bl_a64,8388608,7,120.7520,10131753818064663245
btree8_bl_a64,8388608,8,127.6276,10131753818064663245
btree8_bl_a64,8388608,9,124.9161,10131753818064663245
btree8_bl_a64,8388608,10,123.0759,10131753818064663245
btree8_bl_a64,8388608,11,124.1531,10131753818064663245
btree8_bl_a64,8388608,12,122.7127,10131753818064663245
btree8_bl_a64,8388608,13,121.7422,10131753818064663245
btree8_bl_a64,8388608,14,119.1513,10131753818064663245
btree16_bl_a64,8388608,0,133.9615,10131753818064663245
btree16_bl_a64,8388608,1,119.4000,10131753818064663245
btree16_bl_a64,8388608,2,117.2592,10131753818064663245
btree16_bl_a64,8388608,3,113.7344,10131753818064663245
btree16_bl_a64,8388608,4,111.0336,10131753818064663245
btree16_bl_a64,8388608,5,111.6486,10131753818064663245
btree16_bl_a64,8388608,6,107.2464,10131753818064663245
btree16_bl_a64,8388608,7,108.3725,10131753818064663245
btree16_bl_a64,8388608,8,106.5857,10131753818064663245
btree16_bl_a64,8388608,9,110.8475,10131753818064663245
btree16_bl_a64,8388608,10,105.2597,10131753818064663245
btree16_bl_a64,8388608,11,109.2575,10131753818064663245
btree16_bl_a64,8388608,12,106.7169,10131753818064663245
btree16_bl_a64,8388608,13,108.1772,10131753818064663245
btree16_bl_a64,8388608,14,110.3775,10131753818064663245
fusion8,8388608,0,494.7968,10131753818064663245
fusion8,8388608,1,441.7816,10131753818064663245
fusion8,8388608,2,429.0833,10131753818064663245
fusion8,8388608,3,435.8154,10131753818064663245
fusion8,8388608,4,441.0904,10131753818064663245
fusion8,8388608,5,438.8840,10131753818064663245
fusion8,8388608,6,428.1036,10131753818064663245
fusion8,8388608,7,427.7664,10131753818064663245
fusion8,8388608,8,431.3507,10131753818064663245
fusion8,8388608,9,442.4240,10131753818064663245
fusion8,8388608,10,430.2338,10131753818064663245
fusion8,8388608,11,442.9779,10131753818064663245
fusion8,8388608,12,433.6700,10131753818064663245
fusion8,8388608,13,448.8159,10131753818064663245
fusion8,8388608,14,436.4532,10131753818064663245
fusion8_bf,8388608,0,505.5206,10131753818064663245
fusion8_bf,8388608,1,438.9923,10131753818064663245
fusion8_bf,8388608,2,435.7101,10131753818064663245
fusion8_bf,8388608,3,444.3024,10131753818064663245
fusion8_bf,8388608,4,458.0734,10131753818064663245
fusion8_bf,8388608,5,451.4130,10131753818064663245
fusion8_bf,8388608,6,435.0769,10131753818064663245
fusion8_bf,8388608,7,449.8352,10131753818064663245
fusion8_bf,8388608,8,440.6509,10131753818064663245
fusion8_bf,8388608,9,443.3716,10131753818064663245
fusion8_bf,8388608,10,443.4891,10131753818064663245
fusion8_bf,8388608,11,444.7952,10131753818064663245
fusion8_bf,8388608,12,438.3530,10131753818064663245
fusion8_bf,8388608,13,438.2050,10131753818064663245
fusion8_bf,8388608,14,436.3266,10131753818064663245
fusion8_c,8388608,0,468.0511,10131753818064663245
fusion8_c,8388608,1,380.3406,10131753818064663245
fusion8_c,8388608,2,391.3330,10131753818064663245
fusion8_c,8388608,3,376.7151,10131753818064663245
fusion8_c,8388608,4,366.1667,10131753818064663245
fusion8_c,8388608,5,372.9385,10131753818064663245
fusion8_c,8388608,6,385.8658,10131753818064663245
fusion8_c,8388608,7,386.3541,10131753818064663245
fusion8_c,8388608,8,381.6116,10131753818064663245
fusion8_c,8388608,9,377.3239,10131753818064663245
fusion8_c,8388608,10,441.9159,10131753818064663245
fusion8_c,8388608,11,420.4559,10131753818064663245
fusion8_c,8388608,12,388.1271,10131753818064663245
fusion8_c,8388608,13,366.3925,10131753818064663245
fusion8_c,8388608,14,369.2398,10131753818064663245
fusion16_w,8388608,0,325.2441,10131753818064663245
fusion16_w,8388608,1,278.2639,10131753818064663245
fusion16_w,8388608,2,269.5663,10131753818064663245
fusion16_w,8388608,3,283.4000,10131753818064663245
fusion16_w,8388608,4,276.8295,10131753818064663245
fusion16_w,8388608,5,270.8206,10131753818064663245
fusion16_w,8388608,6,268.6005,10131753818064663245
fusion16_w,8388608,7,271.3959,10131753818064663245
fusion16_w,8388608,8,271.1868,10131753818064663245
fusion16_w,8388608,9,273.1216,10131753818064663245
fusion16_w,8388608,10,273.6145,10131753818064663245
fusion16_w,8388608,11,278.4637,10131753818064663245
fusion16_w,8388608,12,270.5032,10131753818064663245
fusion16_w,8388608,13,266.9388,10131753818064663245
fusion16_w,8388608,14,267.2516,10131753818064663245
sorted_array,16777216,0,598.5489,3590053196634910135
sorted_array,16777216,1,577.1286,3590053196634910135
sorted_array,16777216,2,575.3479,3590053196634910135
sorted_array,16777216,3,787.0682,3590053196634910135
sorted_array,16777216,4,579.2252,3590053196634910135
sorted_array,16777216,5,572.7676,3590053196634910135
sorted_array,16777216,6,569.7540,3590053196634910135
sorted_array,16777216,7,571.4661,3590053196634910135
sorted_array,16777216,8,569.6808,3590053196634910135
sorted_array,16777216,9,576.2070,3590053196634910135
sorted_array,16777216,10,580.3284,3590053196634910135
sorted_array,16777216,11,575.0656,3590053196634910135
sorted_array,16777216,12,573.9822,3590053196634910135
sorted_array,16777216,13,575.2426,3590053196634910135
sorted_array,16777216,14,572.5464,3590053196634910135
btree8,16777216,0,389.4165,3590053196634910135
btree8,16777216,1,329.3320,3590053196634910135
btree8,16777216,2,311.4975,3590053196634910135
btree8,16777216,3,319.8120,3590053196634910135
btree8,16777216,4,318.2022,3590053196634910135
btree8,16777216,5,319.1711,3590053196634910135
btree8,16777216,6,312.3840,3590053196634910135
btree8,16777216,7,310.6079,3590053196634910135
btree8,16777216,8,313.1546,3590053196634910135
btree8,16777216,9,316.2094,3590053196634910135
btree8,16777216,10,305.3467,3590053196634910135
btree8,16777216,11,302.8870,3590053196634910135
btree8,16777216,12,303.3295,3590053196634910135
btree8,16777216,13,306.2866,3590053196634910135
btree8,16777216,14,316.1789,3590053196634910135
btree8_bl,16777216,0,197.9935,3590053196634910135
btree8_bl,16777216,1,147.9416,3590053196634910135
btree8_bl,16777216,2,149.1547,3590053196634910135
btree8_bl,16777216,3,145.9503,3590053196634910135
btree8_bl,16777216,4,144.0643,3590053196634910135
btree8_bl,16777216,5,141.1469,3590053196634910135
btree8_bl,16777216,6,137.4390,3590053196634910135
btree8_bl,16777216,7,142.1936,3590053196634910135
btree8_bl,16777216,8,135.0372,3590053196634910135
btree8_bl,16777216,9,142.2592,3590053196634910135
btree8_bl,16777216,10,140.7974,3590053196634910135
btree8_bl,16777216,11,152.2171,3590053196634910135
btree8_bl,16777216,12,150.8911,3590053196634910135
btree8_bl,16777216,13,147.7280,3590053196634910135
btree8_bl,16777216,14,148.6328,3590053196634910135
btree8_a64,16777216,0,383.5831,3590053196634910135
btree8_a64,16777216,1,315.2313,3590053196634910135
btree8_a64,16777216,2,293.9713,3590053196634910135
btree8_a64,16777216,3,297.9675,3590053196634910135
btree8_a64,16777216,4,308.8882,3590053196634910135
btree8_a64,16777216,5,300.5203,3590053196634910135
btree8_a64,16777216,6,313.7238,3590053196634910135
btree8_a64,16777216,7,304.3030,3590053196634910135
btree8_a64,16777216,8,298.5153,3590053196634910135
btree8_a64,16777216,9,288.9725,3590053196634910135
btree8_a64,16777216,10,298.6084,3590053196634910135
btree8_a64,16777216,11,298.9746,3590053196634910135
btree8_a64,16777216,12,290.8722,3590053196634910135
btree8_a64,16777216,13,296.7606,3590053196634910135
btree8_a64,16777216,14,294.4580,3590053196634910135
btree8_bl_a64,16777216,0,208.4900,3590053196634910135
btree8_bl_a64,16777216,1,128.9719,3590053196634910135
btree8_bl_a64,16777216,2,124.0707,3590053196634910135
btree8_bl_a64,16777216,3,125.3952,3590053196634910135
btree8_bl_a64,16777216,4,131.1325,3590053196634910135
btree8_bl_a64,16777216,5,123.3276,3590053196634910135
btree8_bl_a64,16777216,6,129.1885,3590053196634910135
btree8_bl_a64,16777216,7,126.1292,3590053196634910135
btree8_bl_a64,16777216,8,124.4339,3590053196634910135
btree8_bl_a64,16777216,9,132.3700,3590053196634910135
btree8_bl_a64,16777216,10,133.5297,3590053196634910135
btree8_bl_a64,16777216,11,126.5778,3590053196634910135
btree8_bl_a64,16777216,12,128.3661,3590053196634910135
btree8_bl_a64,16777216,13,121.7163,3590053196634910135
btree8_bl_a64,16777216,14,121.2463,3590053196634910135
btree16_bl_a64,16777216,0,132.4463,3590053196634910135
btree16_bl_a64,16777216,1,107.3959,3590053196634910135
btree16_bl_a64,16777216,2,105.0003,3590053196634910135
btree16_bl_a64,16777216,3,110.3745,3590053196634910135
btree16_bl_a64,16777216,4,105.0720,3590053196634910135
btree16_bl_a64,16777216,5,108.5114,3590053196634910135
btree16_bl_a64,16777216,6,108.2581,3590053196634910135
btree16_bl_a64,16777216,7,108.1451,3590053196634910135
btree16_bl_a64,16777216,8,103.6301,3590053196634910135
btree16_bl_a64,16777216,9,102.5574,3590053196634910135
btree16_bl_a64,16777216,10,107.5058,3590053196634910135
btree16_bl_a64,16777216,11,103.7979,3590053196634910135
btree16_bl_a64,16777216,12,109.4299,3590053196634910135
btree16_bl_a64,16777216,13,106.3797,3590053196634910135
btree16_bl_a64,16777216,14,108.1116,3590053196634910135
fusion8,16777216,0,545.1080,3590053196634910135
fusion8,16777216,1,487.0926,3590053196634910135
fusion8,16777216,2,469.4672,3590053196634910135
fusion8,16777216,3,470.8740,3590053196634910135
fusion8,16777216,4,474.0814,3590053196634910135
fusion8,16777216,5,463.4949,3590053196634910135
fusion8,16777216,6,472.0505,3590053196634910135
fusion8,16777216,7,471.2631,3590053196634910135
fusion8,16777216,8,476.4786,3590053196634910135
fusion8,16777216,9,461.9812,3590053196634910135
fusion8,16777216,10,463.2690,3590053196634910135
fusion8,16777216,11,469.7113,3590053196634910135
fusion8,16777216,12,467.5049,3590053196634910135
fusion8,16777216,13,473.5413,3590053196634910135
fusion8,16777216,14,485.5103,3590053196634910135
fusion8_bf,16777216,0,546.0205,3590053196634910135
fusion8_bf,16777216,1,476.0254,3590053196634910135
fusion8_bf,16777216,2,469.4122,3590053196634910135
fusion8_bf,16777216,3,489.3875,3590053196634910135
fusion8_bf,16777216,4,482.0343,3590053196634910135
fusion8_bf,16777216,5,472.2565,3590053196634910135
fusion8_bf,16777216,6,460.9802,3590053196634910135
fusion8_bf,16777216,7,464.3967,3590053196634910135
fusion8_bf,16777216,8,470.6757,3590053196634910135
fusion8_bf,16777216,9,471.9086,3590053196634910135
fusion8_bf,16777216,10,477.4109,3590053196634910135
fusion8_bf,16777216,11,472.1573,3590053196634910135
fusion8_bf,16777216,12,487.8937,3590053196634910135
fusion8_bf,16777216,13,483.0521,3590053196634910135
fusion8_bf,16777216,14,477.0721,3590053196634910135
fusion8_c,16777216,0,504.4098,3590053196634910135
fusion8_c,16777216,1,421.1563,3590053196634910135
fusion8_c,16777216,2,413.3041,3590053196634910135
fusion8_c,16777216,3,415.8920,3590053196634910135
fusion8_c,16777216,4,419.6457,3590053196634910135
fusion8_c,16777216,5,411.1328,3590053196634910135
fusion8_c,16777216,6,400.3891,3590053196634910135
fusion8_c,16777216,7,408.7280,3590053196634910135
fusion8_c,16777216,8,398.9639,3590053196634910135
fusion8_c,16777216,9,403.8528,3590053196634910135
fusion8_c,16777216,10,392.3737,3590053196634910135
fusion8_c,16777216,11,406.4606,3590053196634910135
fusion8_c,16777216,12,403.3447,3590053196634910135
fusion8_c,16777216,13,400.1801,3590053196634910135
fusion8_c,16777216,14,390.1627,3590053196634910135
fusion16_w,16777216,0,319.1910,3590053196634910135
fusion16_w,16777216,1,272.0566,3590053196634910135
fusion16_w,16777216,2,270.7565,3590053196634910135
fusion16_w,16777216,3,269.8303,3590053196634910135
fusion16_w,16777216,4,270.5536,3590053196634910135
fusion16_w,16777216,5,274.4629,3590053196634910135
fusion16_w,16777216,6,281.8176,3590053196634910135
fusion16_w,16777216,7,274.7009,3590053196634910135
fusion16_w,16777216,8,271.9254,3590053196634910135
fusion16_w,16777216,9,274.6765,3590053196634910135
fusion16_w,16777216,10,270.6863,3590053196634910135
fusion16_w,16777216,11,277.0279,3590053196634910135
fusion16_w,16777216,12,271.2677,3590053196634910135
fusion16_w,16777216,13,285.6461,3590053196634910135
fusion16_w,16777216,14,277.7451,3590053196634910135
sorted_array,33554432,0,774.6277,14493871693595802041
sorted_array,33554432,1,758.4991,14493871693595802041
sorted_array,33554432,2,752.9739,14493871693595802041
sorted_array,33554432,3,694.6106,14493871693595802041
sorted_array,33554432,4,696.2326,14493871693595802041
sorted_array,33554432,5,691.2079,14493871693595802041
sorted_array,33554432,6,685.4050,14493871693595802041
sorted_array,33554432,7,680.8487,14493871693595802041
sorted_array,33554432,8,685.4401,14493871693595802041
sorted_array,33554432,9,684.3689,14493871693595802041
sorted_array,33554432,10,680.9326,14493871693595802041
sorted_array,33554432,11,683.8364,14493871693595802041
sorted_array,33554432,12,685.7773,14493871693595802041
sorted_array,33554432,13,681.5582,14493871693595802041
sorted_array,33554432,14,684.2224,14493871693595802041
btree8,33554432,0,434.5093,14493871693595802041
btree8,33554432,1,359.9228,14493871693595802041
btree8,33554432,2,337.8189,14493871693595802041
btree8,33554432,3,339.6957,14493871693595802041
btree8,33554432,4,331.9885,14493871693595802041
btree8,33554432,5,339.4363,14493871693595802041
btree8,33554432,6,328.1723,14493871693595802041
btree8,33554432,7,334.6649,14493871693595802041
btree8,33554432,8,331.8497,14493871693595802041
btree8,33554432,9,327.7527,14493871693595802041
btree8,33554432,10,328.0334,14493871693595802041
btree8,33554432,11,323.4314,14493871693595802041
btree8,33554432,12,325.1129,14493871693595802041
btree8,33554432,13,333.6166,14493871693595802041
btree8,33554432,14,335.6018,14493871693595802041
btree8_bl,33554432,0,205.1285,14493871693595802041
btree8_bl,33554432,1,141.2308,14493871693595802041
btree8_bl,33554432,2,136.1389,14493871693595802041
btree8_bl,33554432,3,137.4573,14493871693595802041
btree8_bl,33554432,4,137.2925,14493871693595802041
btree8_bl,33554432,5,134.1049,14493871693595802041
btree8_bl,33554432,6,140.3778,14493871693595802041
btree8_bl,33554432,7,138.5437,14493871693595802041
btree8_bl,33554432,8,145.6924,14493871693595802041
btree8_bl,33554432,9,147.1344,14493871693595802041
btree8_bl,33554432,10,137.3398,14493871693595802041
btree8_bl,33554432,11,137.7808,14493871693595802041
btree8_bl,33554432,12,132.0038,14493871693595802041
btree8_bl,33554432,13,137.4298,14493871693595802041
btree8_bl,33554432,14,136.7386,14493871693595802041
btree8_a64,33554432,0,423.5840,14493871693595802041
btree8_a64,33554432,1,355.6931,14493871693595802041
btree8_a64,33554432,2,330.4184,14493871693595802041
btree8_a64,33554432,3,320.1416,14493871693595802041
btree8_a64,33554432,4,307.2159,14493871693595802041
btree8_a64,33554432,5,338.1897,14493871693595802041
btree8_a64,33554432,6,328.4821,14493871693595802041
btree8_a64,33554432,7,346.5317,14493871693595802041
btree8_a64,33554432,8,335.2875,14493871693595802041
btree8_a64,33554432,9,326.0269,14493871693595802041
btree8_a64,33554432,10,328.2059,14493871693595802041
btree8_a64,33554432,11,330.4718,14493871693595802041
btree8_a64,33554432,12,333.5083,14493871693595802041
btree8_a64,33554432,13,322.1115,14493871693595802041
btree8_a64,33554432,14,318.4860,14493871693595802041
btree8_bl_a64,33554432,0,181.3461,14493871693595802041
btree8_bl_a64,33554432,1,124.0784,14493871693595802041
btree8_bl_a64,33554432,2,122.8561,14493871693595802041
btree8_bl_a64,33554432,3,124.6033,14493871693595802041
btree8_bl_a64,33554432,4,120.6039,14493871693595802041
btree8_bl_a64,33554432,5,116.3147,14493871693595802041
btree8_bl_a64,33554432,6,118.0389,14493871693595802041
btree8_bl_a64,33554432,7,116.1911,14493871693595802041
btree8_bl_a64,33554432,8,119.2230,14493871693595802041
btree8_bl_a64,33554432,9,125.2319,14493871693595802041
btree8_bl_a64,33554432,10,123.7900,14493871693595802041
btree8_bl_a64,33554432,11,125.0488,14493871693595802041
btree8_bl_a64,33554432,12,123.2346,14493871693595802041
btree8_bl_a64,33554432,13,117.7841,14493871693595802041
btree8_bl_a64,33554432,14,121.3364,14493871693595802041
btree16_bl_a64,33554432,0,216.8976,14493871693595802041
btree16_bl_a64,33554432,1,181.8481,14493871693595802041
btree16_bl_a64,33554432,2,186.2930,14493871693595802041
btree16_bl_a64,33554432,3,181.9168,14493871693595802041
btree16_bl_a64,33554432,4,181.6742,14493871693595802041
btree16_bl_a64,33554432,5,186.2610,14493871693595802041
btree16_bl_a64,33554432,6,190.5411,14493871693595802041
btree16_bl_a64,33554432,7,189.3677,14493871693595802041
btree16_bl_a64,33554432,8,185.3455,14493871693595802041
btree16_bl_a64,33554432,9,186.0855,14493871693595802041
btree16_bl_a64,33554432,10,183.8257,14493871693595802041
btree16_bl_a64,33554432,11,184.7702,14493871693595802041
btree16_bl_a64,33554432,12,184.2422,14493871693595802041
btree16_bl_a64,33554432,13,181.7947,14493871693595802041
btree16_bl_a64,33554432,14,184.6710,14493871693595802041
fusion8,33554432,0,543.7164,14493871693595802041
fusion8,33554432,1,471.6751,14493871693595802041
fusion8,33554432,2,463.6887,14493871693595802041
fusion8,33554432,3,471.3974,14493871693595802041
fusion8,33554432,4,455.5069,14493871693595802041
fusion8,33554432,5,456.9870,14493871693595802041
fusion8,33554432,6,462.5916,14493871693595802041
fusion8,33554432,7,466.3986,14493871693595802041
fusion8,33554432,8,468.3075,14493871693595802041
fusion8,33554432,9,470.0943,14493871693595802041
fusion8,33554432,10,479.9835,14493871693595802041
fusion8,33554432,11,464.1220,14493871693595802041
fusion8,33554432,12,465.3320,14493871693595802041
fusion8,33554432,13,469.9783,14493871693595802041
fusion8,33554432,14,471.2906,14493871693595802041
fusion8_bf,33554432,0,544.3085,14493871693595802041
fusion8_bf,33554432,1,480.3879,14493871693595802041
fusion8_bf,33554432,2,471.5103,14493871693595802041
fusion8_bf,33554432,3,474.1516,14493871693595802041
fusion8_bf,33554432,4,477.4963,14493871693595802041
fusion8_bf,33554432,5,470.0394,14493871693595802041
fusion8_bf,33554432,6,480.2490,14493871693595802041
fusion8_bf,33554432,7,482.3166,14493871693595802041
fusion8_bf,33554432,8,479.0649,14493871693595802041
fusion8_bf,33554432,9,470.4407,14493871693595802041
fusion8_bf,33554432,10,471.0159,14493871693595802041
fusion8_bf,33554432,11,474.7910,14493871693595802041
fusion8_bf,33554432,12,474.3210,14493871693595802041
fusion8_bf,33554432,13,474.1028,14493871693595802041
fusion8_bf,33554432,14,500.0381,14493871693595802041
fusion8_c,33554432,0,499.8734,14493871693595802041
fusion8_c,33554432,1,416.5024,14493871693595802041
fusion8_c,33554432,2,406.3919,14493871693595802041
fusion8_c,33554432,3,409.1187,14493871693595802041
fusion8_c,33554432,4,402.4094,14493871693595802041
fusion8_c,33554432,5,404.0451,14493871693595802041
fusion8_c,33554432,6,418.6539,14493871693595802041
fusion8_c,33554432,7,409.1904,14493871693595802041
fusion8_c,33554432,8,383.0948,14493871693595802041
fusion8_c,33554432,9,407.3395,14493871693595802041
fusion8_c,33554432,10,403.8696,14493871693595802041
fusion8_c,33554432,11,402.9388,14493871693595802041
fusion8_c,33554432,12,407.6492,14493871693595802041
fusion8_c,33554432,13,413.1393,14493871693595802041
fusion8_c,33554432,14,417.9947,14493871693595802041
fusion16_w,33554432,0,512.4588,14493871693595802041
fusion16_w,33554432,1,438.8901,14493871693595802041
fusion16_w,33554432,2,438.1180,14493871693595802041
fusion16_w,33554432,3,426.2726,14493871693595802041
fusion16_w,33554432,4,428.7323,14493871693595802041
fusion16_w,33554432,5,436.9446,14493871693595802041
fusion16_w,33554432,6,424.2126,14493871693595802041
fusion16_w,33554432,7,427.6611,14493871693595802041
fusion16_w,33554432,8,427.3972,14493871693595802041
fusion16_w,33554432,9,437.0102,14493871693595802041
fusion16_w,33554432,10,426.9760,14493871693595802041
fusion16_w,33554432,11,430.5801,14493871693595802041
fusion16_w,33554432,12,434.8526,14493871693595802041
fusion16_w,33554432,13,435.4477,14493871693595802041
fusion16_w,33554432,14,430.4840,14493871693595802041
