structure,n,rep,ns_per_query,checksum
fusion8,256,0,39.1052,4651152958151299108
fusion8_c,256,0,40.6952,4651152958151299108
btree8_a64,256,0,19.1620,4651152958151299108
btree16_bl_a64,256,0,13.6688,4651152958151299108
btree8,256,0,21.2723,4651152958151299108
btree8_bl,256,0,22.4625,4651152958151299108
fusion16_w,256,0,38.3606,4651152958151299108
fusion8_bf,256,0,41.8900,4651152958151299108
btree8_bl_a64,256,0,19.5557,4651152958151299108
sorted_array,256,0,12.7991,4651152958151299108
btree8_bl,256,1,21.2219,4651152958151299108
fusion8,256,1,38.7238,4651152958151299108
btree16_bl_a64,256,1,13.6536,4651152958151299108
fusion16_w,256,1,37.6587,4651152958151299108
btree8_bl_a64,256,1,19.5648,4651152958151299108
btree8_a64,256,1,19.3115,4651152958151299108
fusion8_c,256,1,41.3986,4651152958151299108
sorted_array,256,1,13.0539,4651152958151299108
btree8,256,1,20.7077,4651152958151299108
fusion8_bf,256,1,42.0746,4651152958151299108
btree8_bl,256,2,21.2128,4651152958151299108
sorted_array,256,2,12.7563,4651152958151299108
btree16_bl_a64,256,2,13.7039,4651152958151299108
fusion8_c,256,2,40.6906,4651152958151299108
btree8_a64,256,2,19.4168,4651152958151299108
btree8,256,2,20.9091,4651152958151299108
fusion16_w,256,2,38.4354,4651152958151299108
fusion8,256,2,40.0223,4651152958151299108
fusion8_bf,256,2,41.8091,4651152958151299108
btree8_bl_a64,256,2,19.5862,4651152958151299108
fusion8_c,256,3,40.7089,4651152958151299108
fusion8_bf,256,3,41.9022,4651152958151299108
btree16_bl_a64,256,3,13.8718,4651152958151299108
btree8_bl_a64,256,3,19.9615,4651152958151299108
fusion8,256,3,38.9252,4651152958151299108
btree8,256,3,20.2866,4651152958151299108
sorted_array,256,3,12.7853,4651152958151299108
fusion16_w,256,3,37.6816,4651152958151299108
btree8_a64,256,3,19.7021,4651152958151299108
btree8_bl,256,3,21.1426,4651152958151299108
btree8_bl,256,4,21.0648,4651152958151299108
fusion16_w,256,4,37.5092,4651152958151299108
btree8_bl_a64,256,4,20.6467,4651152958151299108
btree16_bl_a64,256,4,13.9328,4651152958151299108
btree8,256,4,20.4987,4651152958151299108
fusion8,256,4,39.6805,4651152958151299108
fusion8_c,256,4,40.6006,4651152958151299108
fusion8_bf,256,4,41.9785,4651152958151299108
sorted_array,256,4,12.7579,4651152958151299108
btree8_a64,256,4,19.5480,4651152958151299108
fusion8_bf,256,5,41.8137,4651152958151299108
btree8,256,5,20.2515,4651152958151299108
btree8_a64,256,5,20.8084,4651152958151299108
btree8_bl,256,5,21.6080,4651152958151299108
btree16_bl_a64,256,5,13.6765,4651152958151299108
fusion8,256,5,38.7360,4651152958151299108
fusion16_w,256,5,37.6724,4651152958151299108
sorted_array,256,5,12.7563,4651152958151299108
btree8_bl_a64,256,5,19.5526,4651152958151299108
fusion8_c,256,5,40.6982,4651152958151299108
fusion8,256,6,40.1642,4651152958151299108
btree8_a64,256,6,19.5236,4651152958151299108
sorted_array,256,6,13.0112,4651152958151299108
btree8_bl,256,6,21.3715,4651152958151299108
btree16_bl_a64,256,6,13.6658,4651152958151299108
fusion8_bf,256,6,41.9373,4651152958151299108
fusion16_w,256,6,37.6465,4651152958151299108
btree8_bl_a64,256,6,19.5572,4651152958151299108
fusion8_c,256,6,40.6021,4651152958151299108
btree8,256,6,20.4742,4651152958151299108
fusion8_c,256,7,40.5869,4651152958151299108
fusion8_bf,256,7,42.1539,4651152958151299108
sorted_array,256,7,12.7335,4651152958151299108
btree8_bl,256,7,21.1853,4651152958151299108
btree8,256,7,19.7174,4651152958151299108
fusion16_w,256,7,37.8616,4651152958151299108
btree8_a64,256,7,19.3909,4651152958151299108
fusion8,256,7,40.8249,4651152958151299108
btree8_bl_a64,256,7,19.9814,4651152958151299108
btree16_bl_a64,256,7,14.0030,4651152958151299108
fusion8_c,256,8,41.2827,4651152958151299108
btree8_bl,256,8,21.1807,4651152958151299108
btree16_bl_a64,256,8,13.6581,4651152958151299108
fusion16_w,256,8,37.7121,4651152958151299108
btree8_bl_a64,256,8,19.5236,4651152958151299108
btree8,256,8,20.1035,4651152958151299108
btree8_a64,256,8,20.6879,4651152958151299108
fusion8_bf,256,8,41.9617,4651152958151299108
fusion8,256,8,39.2288,4651152958151299108
sorted_array,256,8,12.6678,4651152958151299108
fusion8_bf,256,9,41.7511,4651152958151299108
sorted_array,256,9,12.6923,4651152958151299108
btree8,256,9,20.1614,4651152958151299108
btree8_a64,256,9,20.4590,4651152958151299108
fusion16_w,256,9,38.5849,4651152958151299108
btree8_bl,256,9,21.1182,4651152958151299108
btree8_bl_a64,256,9,19.6167,4651152958151299108
btree16_bl_a64,256,9,13.7192,4651152958151299108
fusion8_c,256,9,40.5746,4651152958151299108
fusion8,256,9,38.8214,4651152958151299108
fusion8,256,10,38.7527,4651152958151299108
btree16_bl_a64,256,10,13.6749,4651152958151299108
btree8_bl_a64,256,10,19.5633,4651152958151299108
sorted_array,256,10,12.6541,4651152958151299108
fusion16_w,256,10,37.7991,4651152958151299108
btree8_bl,256,10,21.1792,4651152958151299108
fusion8_c,256,10,40.6769,4651152958151299108
btree8_a64,256,10,19.3390,4651152958151299108
btree8,256,10,20.3934,4651152958151299108
fusion8_bf,256,10,42.4866,4651152958151299108
fusion8,256,11,38.7283,4651152958151299108
btree8_a64,256,11,19.2520,4651152958151299108
fusion8_bf,256,11,42.0639,4651152958151299108
btree8,256,11,20.2393,4651152958151299108
btree8_bl_a64,256,11,20.5032,4651152958151299108
btree8_bl,256,11,21.2021,4651152958151299108
sorted_array,256,11,12.7853,4651152958151299108
fusion8_c,256,11,40.6372,4651152958151299108
btree16_bl_a64,256,11,13.7115,4651152958151299108
fusion16_w,256,11,37.6450,4651152958151299108
btree8_bl,256,12,21.1243,4651152958151299108
fusion16_w,256,12,37.6373,4651152958151299108
fusion8_bf,256,12,41.8777,4651152958151299108
fusion8,256,12,39.1876,4651152958151299108
sorted_array,256,12,12.6602,4651152958151299108
btree8_a64,256,12,19.3497,4651152958151299108
btree8_bl_a64,256,12,19.6167,4651152958151299108
fusion8_c,256,12,40.6113,4651152958151299108
btree16_bl_a64,256,12,13.6902,4651152958151299108
btree8,256,12,20.1828,4651152958151299108
fusion8,256,13,39.5554,4651152958151299108
fusion16_w,256,13,38.3469,4651152958151299108
btree8_a64,256,13,19.2535,4651152958151299108
fusion8_c,256,13,40.5792,4651152958151299108
btree8,256,13,20.0714,4651152958151299108
btree8_bl,256,13,21.1807,4651152958151299108
fusion8_bf,256,13,42.0105,4651152958151299108
btree16_bl_a64,256,13,13.6932,4651152958151299108
btree8_bl_a64,256,13,19.5618,4651152958151299108
sorted_array,256,13,12.7380,4651152958151299108
btree8_bl_a64,256,14,19.5251,4651152958151299108
fusion16_w,256,14,38.6963,4651152958151299108
btree8,256,14,20.4422,4651152958151299108
btree8_a64,256,14,19.9722,4651152958151299108
sorted_array,256,14,12.7777,4651152958151299108
btree8_bl,256,14,21.1731,4651152958151299108
btree16_bl_a64,256,14,13.6536,4651152958151299108
fusion8_bf,256,14,41.9937,4651152958151299108
fusion8,256,14,39.0594,4651152958151299108
fusion8_c,256,14,40.5548,4651152958151299108
fusion8_c,512,0,43.1747,5099789511540172029
btree8,512,0,23.3810,5099789511540172029
btree8_a64,512,0,23.8815,5099789511540172029
btree8_bl,512,0,21.4951,5099789511540172029
btree8_bl_a64,512,0,19.1742,5099789511540172029
fusion8,512,0,39.0060,5099789511540172029
sorted_array,512,0,14.1068,5099789511540172029
btree16_bl_a64,512,0,20.6329,5099789511540172029
fusion8_bf,512,0,43.4494,5099789511540172029
fusion16_w,512,0,51.0727,5099789511540172029
btree8_a64,512,1,22.0978,5099789511540172029
btree8,512,1,25.3555,5099789511540172029
fusion16_w,512,1,50.7935,5099789511540172029
fusion8,512,1,39.0152,5099789511540172029
btree8_bl,512,1,21.4615,5099789511540172029
btree16_bl_a64,512,1,21.2097,5099789511540172029
btree8_bl_a64,512,1,19.2352,5099789511540172029
fusion8_bf,512,1,43.5013,5099789511540172029
fusion8_c,512,1,42.3096,5099789511540172029
sorted_array,512,1,14.1006,5099789511540172029
fusion16_w,512,2,50.5264,5099789511540172029
btree8_bl_a64,512,2,19.0720,5099789511540172029
btree16_bl_a64,512,2,20.7977,5099789511540172029
fusion8_c,512,2,42.2714,5099789511540172029
fusion8_bf,512,2,43.4677,5099789511540172029
btree8_bl,512,2,21.5149,5099789511540172029
fusion8,512,2,39.0320,5099789511540172029
sorted_array,512,2,14.1220,5099789511540172029
btree8,512,2,23.5413,5099789511540172029
btree8_a64,512,2,24.0036,5099789511540172029
btree8_bl_a64,512,3,19.1589,5099789511540172029
btree8_a64,512,3,22.3709,5099789511540172029
sorted_array,512,3,14.1006,5099789511540172029
fusion8_c,512,3,42.2363,5099789511540172029
btree8,512,3,24.1562,5099789511540172029
fusion8,512,3,39.9338,5099789511540172029
fusion8_bf,512,3,43.6279,5099789511540172029
btree8_bl,512,3,21.5805,5099789511540172029
fusion16_w,512,3,51.4099,5099789511540172029
btree16_bl_a64,512,3,21.1044,5099789511540172029
fusion8_c,512,4,42.3767,5099789511540172029
btree8_bl,512,4,21.6064,5099789511540172029
btree16_bl_a64,512,4,21.0526,5099789511540172029
btree8,512,4,23.3368,5099789511540172029
btree8_bl_a64,512,4,19.2032,5099789511540172029
sorted_array,512,4,14.1342,5099789511540172029
btree8_a64,512,4,21.9635,5099789511540172029
fusion8_bf,512,4,43.6447,5099789511540172029
fusion16_w,512,4,50.8453,5099789511540172029
fusion8,512,4,38.9877,5099789511540172029
btree8_bl_a64,512,5,20.4651,5099789511540172029
btree8_bl,512,5,21.5729,5099789511540172029
fusion8_c,512,5,42.1066,5099789511540172029
btree16_bl_a64,512,5,20.7428,5099789511540172029
btree8,512,5,23.6023,5099789511540172029
btree8_a64,512,5,24.2538,5099789511540172029
fusion16_w,512,5,50.7553,5099789511540172029
sorted_array,512,5,14.0625,5099789511540172029
fusion8_bf,512,5,43.3594,5099789511540172029
fusion8,512,5,39.2975,5099789511540172029
fusion8,512,6,39.1907,5099789511540172029
btree8,512,6,23.2529,5099789511540172029
sorted_array,512,6,14.0594,5099789511540172029
btree16_bl_a64,512,6,20.8786,5099789511540172029
fusion16_w,512,6,50.6882,5099789511540172029
fusion8_c,512,6,42.8986,5099789511540172029
btree8_bl_a64,512,6,19.2032,5099789511540172029
btree8_a64,512,6,21.9116,5099789511540172029
btree8_bl,512,6,21.5515,5099789511540172029
fusion8_bf,512,6,43.6218,5099789511540172029
btree8,512,7,22.7646,5099789511540172029
btree8_a64,512,7,24.4720,5099789511540172029
fusion8_c,512,7,42.2531,5099789511540172029
fusion8_bf,512,7,43.2053,5099789511540172029
fusion8,512,7,39.3280,5099789511540172029
btree8_bl_a64,512,7,19.1803,5099789511540172029
fusion16_w,512,7,50.6683,5099789511540172029
btree16_bl_a64,512,7,20.5978,5099789511540172029
sorted_array,512,7,14.1006,5099789511540172029
btree8_bl,512,7,21.4951,5099789511540172029
sorted_array,512,8,14.0610,5099789511540172029
btree8_bl,512,8,21.5317,5099789511540172029
btree8_bl_a64,512,8,19.1284,5099789511540172029
btree16_bl_a64,512,8,20.5933,5099789511540172029
fusion8_bf,512,8,44.0552,5099789511540172029
fusion8,512,8,39.2822,5099789511540172029
fusion16_w,512,8,50.6714,5099789511540172029
fusion8_c,512,8,42.1494,5099789511540172029
btree8_a64,512,8,22.0642,5099789511540172029
btree8,512,8,25.5951,5099789511540172029
btree8_bl_a64,512,9,19.2123,5099789511540172029
btree8,512,9,24.0234,5099789511540172029
fusion16_w,512,9,50.6714,5099789511540172029
fusion8_c,512,9,42.0898,5099789511540172029
sorted_array,512,9,14.1006,5099789511540172029
btree8_a64,512,9,22.9324,5099789511540172029
btree16_bl_a64,512,9,20.7993,5099789511540172029
fusion8,512,9,39.0961,5099789511540172029
btree8_bl,512,9,21.4859,5099789511540172029
fusion8_bf,512,9,43.9606,5099789511540172029
btree8_bl,512,10,21.8811,5099789511540172029
btree8,512,10,23.5260,5099789511540172029
fusion8_c,512,10,42.3447,5099789511540172029
btree8_bl_a64,512,10,19.1757,5099789511540172029
btree8_a64,512,10,22.0535,5099789511540172029
sorted_array,512,10,14.1205,5099789511540172029
fusion16_w,512,10,50.8377,5099789511540172029
fusion8,512,10,40.5060,5099789511540172029
btree16_bl_a64,512,10,21.0129,5099789511540172029
fusion8_bf,512,10,43.4677,5099789511540172029
btree8_bl_a64,512,11,19.1986,5099789511540172029
fusion8_bf,512,11,43.2220,5099789511540172029
fusion8_c,512,11,42.1478,5099789511540172029
btree8_a64,512,11,22.2473,5099789511540172029
btree8_bl,512,11,21.5317,5099789511540172029
btree16_bl_a64,512,11,20.7977,5099789511540172029
fusion8,512,11,39.0427,5099789511540172029
fusion16_w,512,11,50.7874,5099789511540172029
sorted_array,512,11,14.0594,5099789511540172029
btree8,512,11,22.9630,5099789511540172029
btree8_bl_a64,512,12,19.1925,5099789511540172029
fusion8_bf,512,12,43.5471,5099789511540172029
fusion8_c,512,12,43.1412,5099789511540172029
btree8,512,12,22.9721,5099789511540172029
fusion8,512,12,39.8911,5099789511540172029
btree8_bl,512,12,21.5118,5099789511540172029
btree16_bl_a64,512,12,20.6100,5099789511540172029
btree8_a64,512,12,22.2260,5099789511540172029
sorted_array,512,12,14.1144,5099789511540172029
fusion16_w,512,12,50.7065,5099789511540172029
btree8,512,13,23.2422,5099789511540172029
fusion16_w,512,13,50.7339,5099789511540172029
btree8_a64,512,13,21.9925,5099789511540172029
sorted_array,512,13,14.0610,5099789511540172029
fusion8_bf,512,13,43.5974,5099789511540172029
fusion8,512,13,38.9481,5099789511540172029
btree8_bl,512,13,21.4935,5099789511540172029
btree16_bl_a64,512,13,20.6497,5099789511540172029
btree8_bl_a64,512,13,19.2154,5099789511540172029
fusion8_c,512,13,42.8162,5099789511540172029
btree8_bl_a64,512,14,19.1803,5099789511540172029
fusion8_bf,512,14,43.2434,5099789511540172029
btree8_a64,512,14,21.7880,5099789511540172029
btree8_bl,512,14,21.5591,5099789511540172029
btree16_bl_a64,512,14,20.9045,5099789511540172029
fusion16_w,512,14,50.8163,5099789511540172029
btree8,512,14,23.1979,5099789511540172029
fusion8_c,512,14,42.5247,5099789511540172029
sorted_array,512,14,14.0762,5099789511540172029
fusion8,512,14,39.0503,5099789511540172029
btree8,1024,0,26.5289,16675351655752164294
fusion16_w,1024,0,55.1636,16675351655752164294
btree8_a64,1024,0,25.0214,16675351655752164294
btree8_bl,1024,0,26.9180,16675351655752164294
fusion8_bf,1024,0,53.2562,16675351655752164294
fusion8,1024,0,48.2483,16675351655752164294
btree8_bl_a64,1024,0,24.4110,16675351655752164294
fusion8_c,1024,0,51.9547,16675351655752164294
sorted_array,1024,0,15.4968,16675351655752164294
btree16_bl_a64,1024,0,21.6324,16675351655752164294
btree8,1024,1,26.5610,16675351655752164294
fusion8,1024,1,47.6334,16675351655752164294
fusion8_bf,1024,1,53.6255,16675351655752164294
fusion8_c,1024,1,51.4069,16675351655752164294
fusion16_w,1024,1,55.6793,16675351655752164294
btree8_bl,1024,1,27.2324,16675351655752164294
sorted_array,1024,1,15.8447,16675351655752164294
btree16_bl_a64,1024,1,22.2946,16675351655752164294
btree8_bl_a64,1024,1,24.8322,16675351655752164294
btree8_a64,1024,1,25.7126,16675351655752164294
btree8,1024,2,30.2444,16675351655752164294
fusion8_bf,1024,2,56.0059,16675351655752164294
btree8_a64,1024,2,26.3184,16675351655752164294
btree8_bl,1024,2,26.9684,16675351655752164294
btree16_bl_a64,1024,2,21.9498,16675351655752164294
fusion8_c,1024,2,52.2476,16675351655752164294
fusion16_w,1024,2,55.3131,16675351655752164294
fusion8,1024,2,46.8201,16675351655752164294
sorted_array,1024,2,15.4938,16675351655752164294
btree8_bl_a64,1024,2,24.4080,16675351655752164294
sorted_array,1024,3,15.4510,16675351655752164294
fusion8_c,1024,3,51.7609,16675351655752164294
fusion16_w,1024,3,55.6808,16675351655752164294
btree16_bl_a64,1024,3,21.5775,16675351655752164294
fusion8,1024,3,47.3938,16675351655752164294
btree8_bl_a64,1024,3,24.3454,16675351655752164294
btree8_a64,1024,3,24.8535,16675351655752164294
fusion8_bf,1024,3,56.1127,16675351655752164294
btree8_bl,1024,3,27.6749,16675351655752164294
btree8,1024,3,27.5177,16675351655752164294
btree8_a64,1024,4,28.4302,16675351655752164294
btree8,1024,4,26.6251,16675351655752164294
fusion8_c,1024,4,52.7054,16675351655752164294
btree8_bl,1024,4,26.5625,16675351655752164294
sorted_array,1024,4,15.4724,16675351655752164294
fusion8_bf,1024,4,53.1265,16675351655752164294
btree8_bl_a64,1024,4,24.4461,16675351655752164294
btree16_bl_a64,1024,4,21.3821,16675351655752164294
fusion16_w,1024,4,55.2200,16675351655752164294
fusion8,1024,4,46.9894,16675351655752164294
fusion8,1024,5,46.3928,16675351655752164294
btree16_bl_a64,1024,5,21.5851,16675351655752164294
fusion16_w,1024,5,55.0919,16675351655752164294
btree8_bl,1024,5,26.4374,16675351655752164294
btree8_a64,1024,5,25.0839,16675351655752164294
fusion8_c,1024,5,51.9806,16675351655752164294
btree8,1024,5,26.5717,16675351655752164294
fusion8_bf,1024,5,55.5145,16675351655752164294
btree8_bl_a64,1024,5,25.1083,16675351655752164294
sorted_array,1024,5,15.7410,16675351655752164294
fusion16_w,1024,6,55.3848,16675351655752164294
btree8_bl,1024,6,26.6037,16675351655752164294
fusion8,1024,6,46.8460,16675351655752164294
btree8_a64,1024,6,25.5173,16675351655752164294
btree8,1024,6,30.7129,16675351655752164294
fusion8_c,1024,6,52.9907,16675351655752164294
sorted_array,1024,6,15.6036,16675351655752164294
btree8_bl_a64,1024,6,24.4751,16675351655752164294
btree16_bl_a64,1024,6,21.3745,16675351655752164294
fusion8_bf,1024,6,54.0359,16675351655752164294
sorted_array,1024,7,15.4846,16675351655752164294
fusion8_c,1024,7,51.0910,16675351655752164294
fusion8,1024,7,49.1257,16675351655752164294
btree16_bl_a64,1024,7,21.8948,16675351655752164294
fusion16_w,1024,7,56.3675,16675351655752164294
btree8,1024,7,27.0569,16675351655752164294
btree8_bl_a64,1024,7,25.2579,16675351655752164294
btree8_bl,1024,7,26.4999,16675351655752164294
btree8_a64,1024,7,25.2762,16675351655752164294
fusion8_bf,1024,7,55.1849,16675351655752164294
fusion8,1024,8,46.9406,16675351655752164294
btree8_bl,1024,8,26.5442,16675351655752164294
btree8_bl_a64,1024,8,24.3942,16675351655752164294
fusion8_c,1024,8,51.0590,16675351655752164294
fusion8_bf,1024,8,54.5364,16675351655752164294
btree16_bl_a64,1024,8,21.9345,16675351655752164294
sorted_array,1024,8,15.7684,16675351655752164294
btree8_a64,1024,8,25.4196,16675351655752164294
fusion16_w,1024,8,56.1752,16675351655752164294
btree8,1024,8,27.1469,16675351655752164294
fusion16_w,1024,9,56.3080,16675351655752164294
fusion8,1024,9,47.3694,16675351655752164294
btree8_a64,1024,9,25.4410,16675351655752164294
fusion8_bf,1024,9,56.4621,16675351655752164294
btree16_bl_a64,1024,9,22.0383,16675351655752164294
btree8_bl_a64,1024,9,24.8962,16675351655752164294
btree8_bl,1024,9,27.0157,16675351655752164294
fusion8_c,1024,9,52.1545,16675351655752164294
btree8,1024,9,27.1210,16675351655752164294
sorted_array,1024,9,15.7333,16675351655752164294
fusion8,1024,10,48.7167,16675351655752164294
btree16_bl_a64,1024,10,21.8277,16675351655752164294
fusion8_c,1024,10,52.1240,16675351655752164294
fusion8_bf,1024,10,54.6875,16675351655752164294
fusion16_w,1024,10,56.1859,16675351655752164294
btree8,1024,10,26.9958,16675351655752164294
sorted_array,1024,10,15.8417,16675351655752164294
btree8_bl,1024,10,27.6917,16675351655752164294
btree8_a64,1024,10,25.6454,16675351655752164294
btree8_bl_a64,1024,10,25.1755,16675351655752164294
btree8_bl_a64,1024,11,24.8260,16675351655752164294
sorted_array,1024,11,15.7715,16675351655752164294
btree8,1024,11,27.1866,16675351655752164294
fusion8,1024,11,49.3134,16675351655752164294
fusion8_bf,1024,11,54.5105,16675351655752164294
btree16_bl_a64,1024,11,21.9208,16675351655752164294
fusion16_w,1024,11,56.4133,16675351655752164294
btree8_a64,1024,11,25.3693,16675351655752164294
fusion8_c,1024,11,51.9989,16675351655752164294
btree8_bl,1024,11,27.1805,16675351655752164294
fusion16_w,1024,12,55.2902,16675351655752164294
fusion8,1024,12,47.4609,16675351655752164294
btree16_bl_a64,1024,12,21.4340,16675351655752164294
fusion8_bf,1024,12,54.9866,16675351655752164294
btree8_a64,1024,12,25.4990,16675351655752164294
sorted_array,1024,12,15.6158,16675351655752164294
btree8_bl_a64,1024,12,25.1175,16675351655752164294
btree8_bl,1024,12,27.1149,16675351655752164294
btree8,1024,12,27.2079,16675351655752164294
fusion8_c,1024,12,52.1515,16675351655752164294
btree8_bl,1024,13,26.5533,16675351655752164294
btree8,1024,13,26.2100,16675351655752164294
fusion16_w,1024,13,55.1651,16675351655752164294
sorted_array,1024,13,15.5182,16675351655752164294
btree8_bl_a64,1024,13,25.1724,16675351655752164294
fusion8_bf,1024,13,54.4205,16675351655752164294
btree16_bl_a64,1024,13,21.9238,16675351655752164294
fusion8_c,1024,13,51.6281,16675351655752164294
btree8_a64,1024,13,26.3870,16675351655752164294
fusion8,1024,13,46.6644,16675351655752164294
btree16_bl_a64,1024,14,21.4630,16675351655752164294
fusion8,1024,14,46.2418,16675351655752164294
sorted_array,1024,14,15.4739,16675351655752164294
fusion8_c,1024,14,51.1795,16675351655752164294
btree8,1024,14,26.9257,16675351655752164294
btree8_bl_a64,1024,14,25.0290,16675351655752164294
btree8_bl,1024,14,26.4893,16675351655752164294
fusion16_w,1024,14,55.2338,16675351655752164294
btree8_a64,1024,14,25.1511,16675351655752164294
fusion8_bf,1024,14,55.5908,16675351655752164294
fusion8,2048,0,57.6218,12960468969644381222
fusion16_w,2048,0,59.1873,12960468969644381222
btree8_bl_a64,2048,0,27.4689,12960468969644381222
btree8_bl,2048,0,29.7363,12960468969644381222
fusion8_c,2048,0,59.1675,12960468969644381222
btree16_bl_a64,2048,0,21.8719,12960468969644381222
sorted_array,2048,0,17.3401,12960468969644381222
btree8_a64,2048,0,28.7811,12960468969644381222
btree8,2048,0,34.7565,12960468969644381222
fusion8_bf,2048,0,62.3764,12960468969644381222
fusion8,2048,1,57.1030,12960468969644381222
btree16_bl_a64,2048,1,21.3837,12960468969644381222
sorted_array,2048,1,16.9601,12960468969644381222
btree8_a64,2048,1,28.2608,12960468969644381222
btree8,2048,1,33.7173,12960468969644381222
fusion16_w,2048,1,59.1782,12960468969644381222
fusion8_bf,2048,1,59.8831,12960468969644381222
fusion8_c,2048,1,57.9514,12960468969644381222
btree8_bl,2048,1,29.3823,12960468969644381222
btree8_bl_a64,2048,1,26.7746,12960468969644381222
fusion16_w,2048,2,59.1782,12960468969644381222
btree16_bl_a64,2048,2,21.7758,12960468969644381222
btree8,2048,2,31.5552,12960468969644381222
fusion8_c,2048,2,59.2926,12960468969644381222
sorted_array,2048,2,17.2150,12960468969644381222
btree8_a64,2048,2,29.3640,12960468969644381222
fusion8,2048,2,58.4183,12960468969644381222
fusion8_bf,2048,2,61.4197,12960468969644381222
btree8_bl,2048,2,29.5959,12960468969644381222
btree8_bl_a64,2048,2,26.4832,12960468969644381222
btree8_bl,2048,3,28.7079,12960468969644381222
fusion8_c,2048,3,57.7164,12960468969644381222
sorted_array,2048,3,17.2440,12960468969644381222
btree8_a64,2048,3,29.5120,12960468969644381222
fusion8_bf,2048,3,63.6871,12960468969644381222
btree16_bl_a64,2048,3,21.9391,12960468969644381222
btree8_bl_a64,2048,3,26.9699,12960468969644381222
btree8,2048,3,31.1874,12960468969644381222
fusion16_w,2048,3,59.0988,12960468969644381222
fusion8,2048,3,56.0883,12960468969644381222
btree16_bl_a64,2048,4,21.6339,12960468969644381222
sorted_array,2048,4,17.3004,12960468969644381222
fusion16_w,2048,4,59.0424,12960468969644381222
btree8_bl,2048,4,29.4022,12960468969644381222
btree8_bl_a64,2048,4,26.9226,12960468969644381222
fusion8,2048,4,55.7281,12960468969644381222
btree8_a64,2048,4,29.2923,12960468969644381222
fusion8_bf,2048,4,63.5849,12960468969644381222
btree8,2048,4,31.0150,12960468969644381222
fusion8_c,2048,4,59.4025,12960468969644381222
fusion8,2048,5,55.6046,12960468969644381222
btree8_bl,2048,5,29.4113,12960468969644381222
btree8,2048,5,30.8533,12960468969644381222
fusion8_c,2048,5,59.3826,12960468969644381222
sorted_array,2048,5,17.2623,12960468969644381222
btree8_a64,2048,5,29.1504,12960468969644381222
btree16_bl_a64,2048,5,21.6812,12960468969644381222
btree8_bl_a64,2048,5,26.9867,12960468969644381222
fusion8_bf,2048,5,61.3129,12960468969644381222
fusion16_w,2048,5,59.1782,12960468969644381222
btree8,2048,6,31.1035,12960468969644381222
sorted_array,2048,6,17.2745,12960468969644381222
fusion8,2048,6,56.8054,12960468969644381222
btree8_bl_a64,2048,6,27.0294,12960468969644381222
fusion8_c,2048,6,58.9493,12960468969644381222
fusion8_bf,2048,6,61.3678,12960468969644381222
fusion16_w,2048,6,58.5938,12960468969644381222
btree16_bl_a64,2048,6,21.7819,12960468969644381222
btree8_a64,2048,6,29.5975,12960468969644381222
btree8_bl,2048,6,29.6463,12960468969644381222
fusion8_bf,2048,7,61.3541,12960468969644381222
btree8,2048,7,31.2790,12960468969644381222
btree8_bl,2048,7,29.7134,12960468969644381222
btree16_bl_a64,2048,7,21.7438,12960468969644381222
btree8_bl_a64,2048,7,26.9638,12960468969644381222
fusion8_c,2048,7,58.7738,12960468969644381222
btree8_a64,2048,7,29.8676,12960468969644381222
sorted_array,2048,7,17.3248,12960468969644381222
fusion16_w,2048,7,59.1202,12960468969644381222
fusion8,2048,7,55.5283,12960468969644381222
fusion16_w,2048,8,59.1232,12960468969644381222
btree8,2048,8,31.4209,12960468969644381222
btree8_bl_a64,2048,8,27.4536,12960468969644381222
fusion8_c,2048,8,59.0576,12960468969644381222
btree8_bl,2048,8,29.5349,12960468969644381222
btree8_a64,2048,8,29.3991,12960468969644381222
fusion8_bf,2048,8,63.7924,12960468969644381222
btree16_bl_a64,2048,8,22.0139,12960468969644381222
sorted_array,2048,8,17.3553,12960468969644381222
fusion8,2048,8,55.6442,12960468969644381222
btree8_a64,2048,9,28.9154,12960468969644381222
fusion8,2048,9,57.1671,12960468969644381222
btree8,2048,9,31.4987,12960468969644381222
fusion16_w,2048,9,59.0057,12960468969644381222
btree16_bl_a64,2048,9,21.8002,12960468969644381222
btree8_bl,2048,9,29.7501,12960468969644381222
btree8_bl_a64,2048,9,26.9608,12960468969644381222
fusion8_bf,2048,9,61.1664,12960468969644381222
sorted_array,2048,9,17.2729,12960468969644381222
fusion8_c,2048,9,58.5495,12960468969644381222
btree16_bl_a64,2048,10,21.3669,12960468969644381222
sorted_array,2048,10,16.9617,12960468969644381222
btree8_bl,2048,10,29.0100,12960468969644381222
fusion8_c,2048,10,58.5617,12960468969644381222
fusion8,2048,10,56.2378,12960468969644381222
btree8,2048,10,31.3293,12960468969644381222
fusion16_w,2048,10,59.0530,12960468969644381222
btree8_bl_a64,2048,10,27.0004,12960468969644381222
fusion8_bf,2048,10,60.9665,12960468969644381222
btree8_a64,2048,10,29.7409,12960468969644381222
btree8,2048,11,34.4803,12960468969644381222
btree8_bl_a64,2048,11,27.3193,12960468969644381222
btree8_a64,2048,11,29.2496,12960468969644381222
fusion8_bf,2048,11,63.7360,12960468969644381222
btree8_bl,2048,11,29.2007,12960468969644381222
fusion8_c,2048,11,58.7585,12960468969644381222
fusion16_w,2048,11,59.1278,12960468969644381222
btree16_bl_a64,2048,11,21.7468,12960468969644381222
fusion8,2048,11,55.7144,12960468969644381222
sorted_array,2048,11,17.2989,12960468969644381222
sorted_array,2048,12,17.2623,12960468969644381222
btree16_bl_a64,2048,12,21.8140,12960468969644381222
btree8_bl_a64,2048,12,26.9623,12960468969644381222
fusion8_c,2048,12,58.7143,12960468969644381222
btree8_bl,2048,12,29.3793,12960468969644381222
btree8,2048,12,31.4240,12960468969644381222
fusion8_bf,2048,12,62.9395,12960468969644381222
fusion16_w,2048,12,59.0698,12960468969644381222
btree8_a64,2048,12,29.4693,12960468969644381222
fusion8,2048,12,56.9778,12960468969644381222
fusion16_w,2048,13,59.2377,12960468969644381222
btree8_bl,2048,13,29.4479,12960468969644381222
fusion8,2048,13,55.4749,12960468969644381222
btree16_bl_a64,2048,13,21.7072,12960468969644381222
fusion8_c,2048,13,58.8043,12960468969644381222
btree8_a64,2048,13,29.3884,12960468969644381222
btree8,2048,13,34.4376,12960468969644381222
sorted_array,2048,13,17.3477,12960468969644381222
btree8_bl_a64,2048,13,27.3331,12960468969644381222
fusion8_bf,2048,13,61.1191,12960468969644381222
btree8_bl,2048,14,29.6616,12960468969644381222
btree16_bl_a64,2048,14,21.6934,12960468969644381222
btree8,2048,14,31.3492,12960468969644381222
fusion8_bf,2048,14,62.8983,12960468969644381222
fusion8,2048,14,57.4631,12960468969644381222
btree8_a64,2048,14,28.9825,12960468969644381222
btree8_bl_a64,2048,14,27.0828,12960468969644381222
sorted_array,2048,14,17.3157,12960468969644381222
fusion16_w,2048,14,59.1553,12960468969644381222
fusion8_c,2048,14,57.7637,12960468969644381222
sorted_array,4096,0,18.3640,4803135936880507992
btree8,4096,0,33.5068,4803135936880507992
fusion8_c,4096,0,61.8011,4803135936880507992
fusion8_bf,4096,0,64.0076,4803135936880507992
btree8_bl,4096,0,29.4678,4803135936880507992
fusion16_w,4096,0,59.4788,4803135936880507992
fusion8,4096,0,57.4539,4803135936880507992
btree8_bl_a64,4096,0,26.4374,4803135936880507992
btree16_bl_a64,4096,0,21.1777,4803135936880507992
btree8_a64,4096,0,32.0374,4803135936880507992
fusion16_w,4096,1,59.5383,4803135936880507992
btree16_bl_a64,4096,1,21.4584,4803135936880507992
btree8_bl,4096,1,29.1901,4803135936880507992
btree8_bl_a64,4096,1,26.5274,4803135936880507992
btree8_a64,4096,1,31.6956,4803135936880507992
fusion8_bf,4096,1,65.5670,4803135936880507992
sorted_array,4096,1,18.6890,4803135936880507992
fusion8_c,4096,1,61.1420,4803135936880507992
fusion8,4096,1,58.7280,4803135936880507992
btree8,4096,1,34.3155,4803135936880507992
btree8_bl,4096,2,29.3655,4803135936880507992
fusion8_bf,4096,2,64.2731,4803135936880507992
btree8_bl_a64,4096,2,26.5656,4803135936880507992
fusion16_w,4096,2,59.3750,4803135936880507992
btree8_a64,4096,2,31.7001,4803135936880507992
btree8,4096,2,36.4319,4803135936880507992
btree16_bl_a64,4096,2,21.2570,4803135936880507992
fusion8_c,4096,2,61.2717,4803135936880507992
fusion8,4096,2,57.9468,4803135936880507992
sorted_array,4096,2,18.5013,4803135936880507992
fusion8_c,4096,3,61.0153,4803135936880507992
fusion8_bf,4096,3,63.7482,4803135936880507992
btree8,4096,3,34.0378,4803135936880507992
fusion8,4096,3,58.5861,4803135936880507992
btree16_bl_a64,4096,3,21.3974,4803135936880507992
btree8_bl,4096,3,29.2984,4803135936880507992
sorted_array,4096,3,18.7424,4803135936880507992
fusion16_w,4096,3,59.3811,4803135936880507992
btree8_a64,4096,3,32.5500,4803135936880507992
btree8_bl_a64,4096,3,26.6373,4803135936880507992
btree8_bl,4096,4,29.1534,4803135936880507992
fusion8_c,4096,4,61.0367,4803135936880507992
fusion8,4096,4,57.8903,4803135936880507992
btree8_bl_a64,4096,4,26.4664,4803135936880507992
btree8,4096,4,34.1888,4803135936880507992
sorted_array,4096,4,18.6478,4803135936880507992
fusion16_w,4096,4,59.2087,4803135936880507992
btree16_bl_a64,4096,4,21.5134,4803135936880507992
fusion8_bf,4096,4,63.8702,4803135936880507992
btree8_a64,4096,4,31.6772,4803135936880507992
btree8_bl_a64,4096,5,26.4084,4803135936880507992
btree16_bl_a64,4096,5,21.2708,4803135936880507992
fusion8_c,4096,5,61.2625,4803135936880507992
btree8,4096,5,33.5312,4803135936880507992
fusion16_w,4096,5,59.5978,4803135936880507992
btree8_bl,4096,5,29.2953,4803135936880507992
sorted_array,4096,5,18.7027,4803135936880507992
btree8_a64,4096,5,31.4240,4803135936880507992
fusion8,4096,5,58.0292,4803135936880507992
fusion8_bf,4096,5,63.2706,4803135936880507992
fusion8_bf,4096,6,62.6022,4803135936880507992
btree8_bl,4096,6,28.7476,4803135936880507992
sorted_array,4096,6,18.2953,4803135936880507992
btree8,4096,6,33.3115,4803135936880507992
fusion16_w,4096,6,60.3516,4803135936880507992
btree16_bl_a64,4096,6,21.4386,4803135936880507992
btree8_a64,4096,6,32.3212,4803135936880507992
fusion8,4096,6,57.9132,4803135936880507992
fusion8_c,4096,6,60.0113,4803135936880507992
btree8_bl_a64,4096,6,25.9964,4803135936880507992
btree8,4096,7,33.5144,4803135936880507992
sorted_array,4096,7,18.3289,4803135936880507992
fusion8_c,4096,7,60.6094,4803135936880507992
fusion16_w,4096,7,58.3862,4803135936880507992
btree8_bl_a64,4096,7,26.0056,4803135936880507992
btree8_a64,4096,7,32.0312,4803135936880507992
fusion8_bf,4096,7,64.2334,4803135936880507992
btree16_bl_a64,4096,7,21.0709,4803135936880507992
btree8_bl,4096,7,28.8239,4803135936880507992
fusion8,4096,7,56.4880,4803135936880507992
btree8,4096,8,33.4091,4803135936880507992
btree8_a64,4096,8,33.4442,4803135936880507992
fusion8_c,4096,8,60.7239,4803135936880507992
sorted_array,4096,8,18.2968,4803135936880507992
btree16_bl_a64,4096,8,21.0327,4803135936880507992
btree8_bl_a64,4096,8,25.9598,4803135936880507992
fusion8_bf,4096,8,62.6282,4803135936880507992
fusion16_w,4096,8,58.1757,4803135936880507992
btree8_bl,4096,8,29.4312,4803135936880507992
fusion8,4096,8,56.6330,4803135936880507992
fusion16_w,4096,9,58.1528,4803135936880507992
btree8_a64,4096,9,31.3828,4803135936880507992
sorted_array,4096,9,18.3441,4803135936880507992
btree8_bl_a64,4096,9,26.1292,4803135936880507992
btree8,4096,9,33.6380,4803135936880507992
fusion8_bf,4096,9,64.1327,4803135936880507992
fusion8_c,4096,9,60.0754,4803135936880507992
fusion8,4096,9,57.9086,4803135936880507992
btree8_bl,4096,9,28.5110,4803135936880507992
btree16_bl_a64,4096,9,21.0098,4803135936880507992
sorted_array,4096,10,18.3411,4803135936880507992
fusion16_w,4096,10,59.1782,4803135936880507992
fusion8,4096,10,56.5689,4803135936880507992
btree8_bl_a64,4096,10,26.0132,4803135936880507992
fusion8_c,4096,10,59.9518,4803135936880507992
btree8_a64,4096,10,31.4835,4803135936880507992
btree8,4096,10,36.0428,4803135936880507992
btree8_bl,4096,10,29.2755,4803135936880507992
btree16_bl_a64,4096,10,21.4813,4803135936880507992
fusion8_bf,4096,10,63.8977,4803135936880507992
btree8_bl,4096,11,29.0939,4803135936880507992
btree8_a64,4096,11,31.3614,4803135936880507992
fusion8,4096,11,58.2458,4803135936880507992
btree8_bl_a64,4096,11,26.5747,4803135936880507992
fusion8_c,4096,11,60.6094,4803135936880507992
fusion8_bf,4096,11,64.0182,4803135936880507992
btree16_bl_a64,4096,11,21.4447,4803135936880507992
btree8,4096,11,33.1650,4803135936880507992
fusion16_w,4096,11,59.3002,4803135936880507992
sorted_array,4096,11,18.7012,4803135936880507992
btree8_bl_a64,4096,12,26.5228,4803135936880507992
fusion8_c,4096,12,60.9741,4803135936880507992
btree8_a64,4096,12,31.6772,4803135936880507992
btree16_bl_a64,4096,12,21.4050,4803135936880507992
btree8_bl,4096,12,28.7308,4803135936880507992
btree8,4096,12,34.5200,4803135936880507992
fusion8_bf,4096,12,64.8727,4803135936880507992
fusion8,4096,12,57.2205,4803135936880507992
fusion16_w,4096,12,58.1146,4803135936880507992
sorted_array,4096,12,18.2831,4803135936880507992
btree8_a64,4096,13,31.3705,4803135936880507992
fusion8,4096,13,58.3328,4803135936880507992
btree8_bl,4096,13,29.1031,4803135936880507992
sorted_array,4096,13,18.4952,4803135936880507992
btree8_bl_a64,4096,13,26.0239,4803135936880507992
fusion16_w,4096,13,58.1406,4803135936880507992
btree8,4096,13,33.6609,4803135936880507992
fusion8_bf,4096,13,64.8254,4803135936880507992
btree16_bl_a64,4096,13,21.0266,4803135936880507992
fusion8_c,4096,13,60.1364,4803135936880507992
btree8_bl_a64,4096,14,25.9918,4803135936880507992
fusion8,4096,14,56.7902,4803135936880507992
fusion16_w,4096,14,58.6517,4803135936880507992
fusion8_c,4096,14,60.9848,4803135936880507992
btree8_bl,4096,14,28.5141,4803135936880507992
fusion8_bf,4096,14,63.6719,4803135936880507992
btree16_bl_a64,4096,14,21.0068,4803135936880507992
btree8,4096,14,33.2367,4803135936880507992
btree8_a64,4096,14,33.3160,4803135936880507992
sorted_array,4096,14,18.3441,4803135936880507992
fusion8_bf,8192,0,72.3389,159033305566865313
fusion8_c,8192,0,68.5150,159033305566865313
sorted_array,8192,0,22.6517,159033305566865313
btree8_bl,8192,0,34.5810,159033305566865313
btree8,8192,0,37.6419,159033305566865313
btree16_bl_a64,8192,0,33.8089,159033305566865313
btree8_bl_a64,8192,0,31.2180,159033305566865313
fusion8,8192,0,66.0217,159033305566865313
btree8_a64,8192,0,35.3928,159033305566865313
fusion16_w,8192,0,76.8509,159033305566865313
fusion8_bf,8192,1,71.2952,159033305566865313
btree8_a64,8192,1,36.1679,159033305566865313
fusion8_c,8192,1,70.1859,159033305566865313
fusion16_w,8192,1,75.2258,159033305566865313
sorted_array,8192,1,22.6120,159033305566865313
btree16_bl_a64,8192,1,31.6727,159033305566865313
btree8_bl_a64,8192,1,30.8594,159033305566865313
btree8,8192,1,36.8439,159033305566865313
btree8_bl,8192,1,34.3414,159033305566865313
fusion8,8192,1,64.7980,159033305566865313
btree16_bl_a64,8192,2,32.1609,159033305566865313
btree8_a64,8192,2,35.6491,159033305566865313
fusion8,8192,2,64.4379,159033305566865313
sorted_array,8192,2,22.6089,159033305566865313
fusion8_c,8192,2,69.7662,159033305566865313
btree8_bl_a64,8192,2,31.3263,159033305566865313
fusion16_w,8192,2,75.9598,159033305566865313
fusion8_bf,8192,2,72.2321,159033305566865313
btree8_bl,8192,2,33.2611,159033305566865313
btree8,8192,2,37.9684,159033305566865313
fusion8_bf,8192,3,76.9608,159033305566865313
btree8,8192,3,36.7599,159033305566865313
btree16_bl_a64,8192,3,32.6950,159033305566865313
btree8_a64,8192,3,35.1974,159033305566865313
btree8_bl,8192,3,33.7891,159033305566865313
fusion8_c,8192,3,69.1284,159033305566865313
sorted_array,8192,3,22.6669,159033305566865313
fusion16_w,8192,3,75.9232,159033305566865313
fusion8,8192,3,66.0889,159033305566865313
btree8_bl_a64,8192,3,31.1676,159033305566865313
btree8_bl,8192,4,34.0118,159033305566865313
btree8,8192,4,36.9675,159033305566865313
btree8_a64,8192,4,38.0280,159033305566865313
sorted_array,8192,4,22.6532,159033305566865313
btree8_bl_a64,8192,4,31.4194,159033305566865313
fusion8_c,8192,4,68.4357,159033305566865313
fusion8_bf,8192,4,73.7762,159033305566865313
fusion16_w,8192,4,75.4257,159033305566865313
btree16_bl_a64,8192,4,32.3120,159033305566865313
fusion8,8192,4,65.0604,159033305566865313
btree8_bl,8192,5,34.3506,159033305566865313
btree8_bl_a64,8192,5,30.7785,159033305566865313
btree8_a64,8192,5,34.9792,159033305566865313
btree16_bl_a64,8192,5,31.9611,159033305566865313
sorted_array,8192,5,22.6318,159033305566865313
fusion16_w,8192,5,75.5722,159033305566865313
fusion8_c,8192,5,69.9844,159033305566865313
fusion8_bf,8192,5,73.8083,159033305566865313
fusion8,8192,5,64.7186,159033305566865313
btree8,8192,5,36.4716,159033305566865313
sorted_array,8192,6,22.6990,159033305566865313
fusion8,8192,6,64.9475,159033305566865313
fusion8_c,8192,6,69.0552,159033305566865313
fusion16_w,8192,6,75.4074,159033305566865313
fusion8_bf,8192,6,72.3312,159033305566865313
btree8_bl,8192,6,33.4641,159033305566865313
btree8_a64,8192,6,34.8801,159033305566865313
btree8,8192,6,39.2853,159033305566865313
btree16_bl_a64,8192,6,31.9168,159033305566865313
btree8_bl_a64,8192,6,31.3934,159033305566865313
btree8_bl_a64,8192,7,30.5405,159033305566865313
sorted_array,8192,7,22.5998,159033305566865313
fusion8_bf,8192,7,72.8821,159033305566865313
btree8,8192,7,37.4969,159033305566865313
btree16_bl_a64,8192,7,31.9839,159033305566865313
fusion8,8192,7,64.0549,159033305566865313
btree8_bl,8192,7,34.0256,159033305566865313
fusion8_c,8192,7,70.0653,159033305566865313
btree8_a64,8192,7,36.6257,159033305566865313
fusion16_w,8192,7,78.7903,159033305566865313
fusion8,8192,8,66.6428,159033305566865313
btree16_bl_a64,8192,8,31.6330,159033305566865313
btree8_a64,8192,8,34.8160,159033305566865313
fusion16_w,8192,8,75.8972,159033305566865313
btree8_bl_a64,8192,8,31.0699,159033305566865313
fusion8_c,8192,8,69.2917,159033305566865313
fusion8_bf,8192,8,72.2183,159033305566865313
btree8,8192,8,38.8016,159033305566865313
btree8_bl,8192,8,34.2133,159033305566865313
sorted_array,8192,8,22.8073,159033305566865313
sorted_array,8192,9,22.5204,159033305566865313
btree8,8192,9,36.4563,159033305566865313
fusion8_c,8192,9,69.8898,159033305566865313
fusion8,8192,9,63.5101,159033305566865313
fusion16_w,8192,9,75.6897,159033305566865313
btree8_bl,8192,9,34.4437,159033305566865313
fusion8_bf,8192,9,71.3211,159033305566865313
btree16_bl_a64,8192,9,31.7566,159033305566865313
btree8_bl_a64,8192,9,30.6046,159033305566865313
btree8_a64,8192,9,34.9228,159033305566865313
fusion16_w,8192,10,76.6129,159033305566865313
btree16_bl_a64,8192,10,31.7963,159033305566865313
btree8_a64,8192,10,34.6100,159033305566865313
fusion8_bf,8192,10,74.9985,159033305566865313
sorted_array,8192,10,22.6700,159033305566865313
btree8,8192,10,36.9064,159033305566865313
fusion8,8192,10,65.9653,159033305566865313
fusion8_c,8192,10,69.2200,159033305566865313
btree8_bl,8192,10,33.8074,159033305566865313
btree8_bl_a64,8192,10,30.7999,159033305566865313
btree8,8192,11,36.9858,159033305566865313
fusion8,8192,11,64.8163,159033305566865313
btree8_a64,8192,11,35.0708,159033305566865313
fusion8_c,8192,11,69.6930,159033305566865313
btree16_bl_a64,8192,11,32.2495,159033305566865313
btree8_bl_a64,8192,11,30.5389,159033305566865313
btree8_bl,8192,11,33.5693,159033305566865313
fusion8_bf,8192,11,73.2147,159033305566865313
sorted_array,8192,11,22.7524,159033305566865313
fusion16_w,8192,11,76.1337,159033305566865313
fusion8_c,8192,12,68.3121,159033305566865313
btree8_bl,8192,12,33.7463,159033305566865313
fusion8_bf,8192,12,74.1684,159033305566865313
btree16_bl_a64,8192,12,31.4423,159033305566865313
sorted_array,8192,12,22.5571,159033305566865313
fusion8,8192,12,64.4928,159033305566865313
btree8_a64,8192,12,35.9863,159033305566865313
fusion16_w,8192,12,76.4893,159033305566865313
btree8_bl_a64,8192,12,30.8151,159033305566865313
btree8,8192,12,36.9919,159033305566865313
btree8_bl,8192,13,34.0378,159033305566865313
btree8_bl_a64,8192,13,30.5328,159033305566865313
btree16_bl_a64,8192,13,31.8436,159033305566865313
btree8,8192,13,36.7310,159033305566865313
fusion8_bf,8192,13,76.4557,159033305566865313
fusion16_w,8192,13,76.2772,159033305566865313
fusion8,8192,13,63.8687,159033305566865313
sorted_array,8192,13,22.6440,159033305566865313
btree8_a64,8192,13,34.8785,159033305566865313
fusion8_c,8192,13,70.2408,159033305566865313
fusion16_w,8192,14,75.2228,159033305566865313
fusion8,8192,14,65.9866,159033305566865313
btree16_bl_a64,8192,14,31.6422,159033305566865313
btree8_a64,8192,14,34.9533,159033305566865313
btree8_bl_a64,8192,14,30.9525,159033305566865313
fusion8_bf,8192,14,71.9376,159033305566865313
sorted_array,8192,14,22.6227,159033305566865313
btree8,8192,14,37.8510,159033305566865313
fusion8_c,8192,14,71.0098,159033305566865313
btree8_bl,8192,14,33.3374,159033305566865313
fusion8,16384,0,81.8832,9658500957361859441
btree16_bl_a64,16384,0,36.9202,9658500957361859441
btree8,16384,0,47.0139,9658500957361859441
fusion8_c,16384,0,84.0317,9658500957361859441
btree8_bl,16384,0,43.2587,9658500957361859441
sorted_array,16384,0,29.1107,9658500957361859441
btree8_a64,16384,0,46.9849,9658500957361859441
fusion16_w,16384,0,83.3115,9658500957361859441
fusion8_bf,16384,0,87.8906,9658500957361859441
btree8_bl_a64,16384,0,43.3655,9658500957361859441
fusion8_c,16384,1,81.0471,9658500957361859441
fusion8_bf,16384,1,83.9828,9658500957361859441
btree8_bl,16384,1,40.9821,9658500957361859441
btree16_bl_a64,16384,1,36.1755,9658500957361859441
fusion16_w,16384,1,82.6935,9658500957361859441
btree8_bl_a64,16384,1,38.2599,9658500957361859441
btree8,16384,1,48.5062,9658500957361859441
btree8_a64,16384,1,44.9097,9658500957361859441
sorted_array,16384,1,28.7613,9658500957361859441
fusion8,16384,1,78.9825,9658500957361859441
btree8_bl_a64,16384,2,38.4445,9658500957361859441
sorted_array,16384,2,28.9017,9658500957361859441
fusion8_bf,16384,2,83.9859,9658500957361859441
btree8,16384,2,46.4569,9658500957361859441
fusion8_c,16384,2,84.1385,9658500957361859441
btree8_bl,16384,2,41.4673,9658500957361859441
btree16_bl_a64,16384,2,35.1837,9658500957361859441
fusion16_w,16384,2,82.6584,9658500957361859441
btree8_a64,16384,2,43.6661,9658500957361859441
fusion8,16384,2,79.1534,9658500957361859441
btree16_bl_a64,16384,3,35.0449,9658500957361859441
btree8,16384,3,45.5170,9658500957361859441
fusion16_w,16384,3,83.3954,9658500957361859441
fusion8,16384,3,77.2568,9658500957361859441
btree8_bl_a64,16384,3,38.4186,9658500957361859441
fusion8_c,16384,3,81.1676,9658500957361859441
btree8_a64,16384,3,43.6722,9658500957361859441
sorted_array,16384,3,29.1855,9658500957361859441
fusion8_bf,16384,3,91.0492,9658500957361859441
btree8_bl,16384,3,41.9632,9658500957361859441
btree8_bl,16384,4,39.8849,9658500957361859441
btree8_bl_a64,16384,4,41.6031,9658500957361859441
fusion8_bf,16384,4,83.4824,9658500957361859441
fusion8,16384,4,82.3532,9658500957361859441
fusion16_w,16384,4,89.2471,9658500957361859441
btree8,16384,4,48.9807,9658500957361859441
sorted_array,16384,4,29.4586,9658500957361859441
btree8_a64,16384,4,47.1680,9658500957361859441
btree16_bl_a64,16384,4,40.6891,9658500957361859441
fusion8_c,16384,4,82.8629,9658500957361859441
btree8_bl,16384,5,42.7475,9658500957361859441
btree8_a64,16384,5,46.1090,9658500957361859441
btree8,16384,5,47.8302,9658500957361859441
btree16_bl_a64,16384,5,36.6455,9658500957361859441
fusion16_w,16384,5,85.4355,9658500957361859441
btree8_bl_a64,16384,5,41.4978,9658500957361859441
sorted_array,16384,5,29.0848,9658500957361859441
fusion8_c,16384,5,82.9620,9658500957361859441
fusion8,16384,5,80.9006,9658500957361859441
fusion8_bf,16384,5,86.3052,9658500957361859441
sorted_array,16384,6,28.8086,9658500957361859441
btree16_bl_a64,16384,6,35.2127,9658500957361859441
fusion8,16384,6,77.3346,9658500957361859441
btree8_bl_a64,16384,6,38.2401,9658500957361859441
btree8_a64,16384,6,44.1025,9658500957361859441
fusion16_w,16384,6,83.4381,9658500957361859441
btree8_bl,16384,6,41.0522,9658500957361859441
fusion8_bf,16384,6,83.7296,9658500957361859441
btree8,16384,6,48.1354,9658500957361859441
fusion8_c,16384,6,83.9462,9658500957361859441
fusion16_w,16384,7,82.9544,9658500957361859441
btree8_bl,16384,7,40.8356,9658500957361859441
fusion8_bf,16384,7,84.4177,9658500957361859441
btree16_bl_a64,16384,7,36.1679,9658500957361859441
btree8,16384,7,46.9788,9658500957361859441
btree8_bl_a64,16384,7,39.4211,9658500957361859441
btree8_a64,16384,7,44.0582,9658500957361859441
fusion8_c,16384,7,83.8028,9658500957361859441
fusion8,16384,7,77.7863,9658500957361859441
sorted_array,16384,7,29.0573,9658500957361859441
btree16_bl_a64,16384,8,35.3806,9658500957361859441
btree8_a64,16384,8,45.0119,9658500957361859441
btree8,16384,8,46.7087,9658500957361859441
sorted_array,16384,8,28.8284,9658500957361859441
btree8_bl_a64,16384,8,39.0823,9658500957361859441
fusion8_c,16384,8,80.7693,9658500957361859441
btree8_bl,16384,8,40.7974,9658500957361859441
fusion8,16384,8,76.6159,9658500957361859441
fusion8_bf,16384,8,84.5612,9658500957361859441
fusion16_w,16384,8,83.4824,9658500957361859441
sorted_array,16384,9,29.1855,9658500957361859441
btree8,16384,9,46.9009,9658500957361859441
btree16_bl_a64,16384,9,36.1603,9658500957361859441
fusion8_bf,16384,9,83.2962,9658500957361859441
fusion8,16384,9,80.0537,9658500957361859441
btree8_bl,16384,9,40.7166,9658500957361859441
fusion16_w,16384,9,82.5668,9658500957361859441
btree8_a64,16384,9,45.2072,9658500957361859441
btree8_bl_a64,16384,9,40.0040,9658500957361859441
fusion8_c,16384,9,83.3633,9658500957361859441
btree8,16384,10,48.0881,9658500957361859441
fusion8_bf,16384,10,91.3788,9658500957361859441
fusion8_c,16384,10,83.8898,9658500957361859441
btree8_a64,16384,10,45.1660,9658500957361859441
fusion16_w,16384,10,86.4212,9658500957361859441
fusion8,16384,10,80.9341,9658500957361859441
btree16_bl_a64,16384,10,41.5268,9658500957361859441
btree8_bl,16384,10,42.5140,9658500957361859441
btree8_bl_a64,16384,10,39.5248,9658500957361859441
sorted_array,16384,10,29.1061,9658500957361859441
fusion8,16384,11,79.1611,9658500957361859441
btree8_a64,16384,11,45.4742,9658500957361859441
btree8_bl_a64,16384,11,38.8824,9658500957361859441
fusion8_bf,16384,11,85.7132,9658500957361859441
fusion8_c,16384,11,84.0485,9658500957361859441
btree8,16384,11,47.3038,9658500957361859441
sorted_array,16384,11,28.7842,9658500957361859441
btree16_bl_a64,16384,11,38.6169,9658500957361859441
btree8_bl,16384,11,41.8213,9658500957361859441
fusion16_w,16384,11,87.8937,9658500957361859441
btree8_a64,16384,12,45.0150,9658500957361859441
sorted_array,16384,12,28.8208,9658500957361859441
btree8,16384,12,48.1583,9658500957361859441
btree8_bl,16384,12,41.2659,9658500957361859441
btree8_bl_a64,16384,12,38.8367,9658500957361859441
fusion8_c,16384,12,82.6447,9658500957361859441
fusion8,16384,12,83.1070,9658500957361859441
fusion16_w,16384,12,85.2966,9658500957361859441
btree16_bl_a64,16384,12,40.8615,9658500957361859441
fusion8_bf,16384,12,90.1657,9658500957361859441
btree16_bl_a64,16384,13,36.8225,9658500957361859441
btree8_bl,16384,13,44.1757,9658500957361859441
fusion8_c,16384,13,84.8190,9658500957361859441
btree8,16384,13,48.5962,9658500957361859441
fusion16_w,16384,13,89.4226,9658500957361859441
btree8_bl_a64,16384,13,44.6930,9658500957361859441
btree8_a64,16384,13,48.5199,9658500957361859441
fusion8_bf,16384,13,96.8307,9658500957361859441
fusion8,16384,13,86.6241,9658500957361859441
sorted_array,16384,13,29.4601,9658500957361859441
fusion8_c,16384,14,86.2549,9658500957361859441
sorted_array,16384,14,28.7750,9658500957361859441
btree16_bl_a64,16384,14,38.6978,9658500957361859441
fusion16_w,16384,14,86.6013,9658500957361859441
btree8_a64,16384,14,46.2708,9658500957361859441
btree8,16384,14,48.0637,9658500957361859441
btree8_bl_a64,16384,14,41.9586,9658500957361859441
fusion8,16384,14,79.5090,9658500957361859441
btree8_bl,16384,14,42.8482,9658500957361859441
fusion8_bf,16384,14,88.0295,9658500957361859441
btree8_a64,32768,0,48.8312,11629335647243425761
fusion16_w,32768,0,87.7945,11629335647243425761
sorted_array,32768,0,36.6714,11629335647243425761
btree8,32768,0,47.7737,11629335647243425761
fusion8_bf,32768,0,94.1345,11629335647243425761
fusion8,32768,0,86.5921,11629335647243425761
btree16_bl_a64,32768,0,39.7217,11629335647243425761
btree8_bl,32768,0,44.6442,11629335647243425761
btree8_bl_a64,32768,0,41.5802,11629335647243425761
fusion8_c,32768,0,87.2513,11629335647243425761
btree8_bl,32768,1,40.7562,11629335647243425761
btree8_bl_a64,32768,1,38.8474,11629335647243425761
fusion16_w,32768,1,87.9547,11629335647243425761
fusion8,32768,1,80.9433,11629335647243425761
sorted_array,32768,1,36.5616,11629335647243425761
btree16_bl_a64,32768,1,35.6842,11629335647243425761
fusion8_bf,32768,1,89.2990,11629335647243425761
fusion8_c,32768,1,85.4904,11629335647243425761
btree8_a64,32768,1,45.4727,11629335647243425761
btree8,32768,1,48.2300,11629335647243425761
btree8,32768,2,46.3120,11629335647243425761
fusion8,32768,2,80.2032,11629335647243425761
btree8_bl,32768,2,40.9149,11629335647243425761
btree16_bl_a64,32768,2,35.2020,11629335647243425761
fusion16_w,32768,2,89.0015,11629335647243425761
fusion8_bf,32768,2,88.7970,11629335647243425761
btree8_a64,32768,2,44.9524,11629335647243425761
sorted_array,32768,2,36.2885,11629335647243425761
fusion8_c,32768,2,87.2574,11629335647243425761
btree8_bl_a64,32768,2,39.9704,11629335647243425761
fusion8_c,32768,3,83.9340,11629335647243425761
btree8_bl_a64,32768,3,38.4186,11629335647243425761
btree8_bl,32768,3,40.7715,11629335647243425761
fusion8,32768,3,81.6391,11629335647243425761
sorted_array,32768,3,36.2274,11629335647243425761
btree8_a64,32768,3,44.7739,11629335647243425761
fusion8_bf,32768,3,92.9550,11629335647243425761
btree8,32768,3,48.4329,11629335647243425761
fusion16_w,32768,3,88.4888,11629335647243425761
btree16_bl_a64,32768,3,36.5448,11629335647243425761
fusion8,32768,4,80.0262,11629335647243425761
btree8_bl_a64,32768,4,39.7293,11629335647243425761
fusion8_bf,32768,4,87.3810,11629335647243425761
fusion16_w,32768,4,88.8245,11629335647243425761
btree8_bl,32768,4,42.2531,11629335647243425761
fusion8_c,32768,4,87.0926,11629335647243425761
sorted_array,32768,4,36.2778,11629335647243425761
btree8_a64,32768,4,45.0012,11629335647243425761
btree16_bl_a64,32768,4,35.1227,11629335647243425761
btree8,32768,4,47.9691,11629335647243425761
fusion8_bf,32768,5,91.0995,11629335647243425761
fusion16_w,32768,5,88.4476,11629335647243425761
btree8_bl_a64,32768,5,38.8046,11629335647243425761
btree8_a64,32768,5,44.9127,11629335647243425761
fusion8,32768,5,80.4886,11629335647243425761
fusion8_c,32768,5,85.5194,11629335647243425761
btree8,32768,5,47.6440,11629335647243425761
sorted_array,32768,5,36.3022,11629335647243425761
btree16_bl_a64,32768,5,34.9518,11629335647243425761
btree8_bl,32768,5,40.7074,11629335647243425761
btree8,32768,6,47.1680,11629335647243425761
fusion8_bf,32768,6,92.7094,11629335647243425761
fusion8,32768,6,80.1376,11629335647243425761
btree16_bl_a64,32768,6,35.0540,11629335647243425761
btree8_a64,32768,6,44.6091,11629335647243425761
fusion8_c,32768,6,86.8820,11629335647243425761
fusion16_w,32768,6,87.6373,11629335647243425761
sorted_array,32768,6,36.2640,11629335647243425761
btree8_bl_a64,32768,6,39.1373,11629335647243425761
btree8_bl,32768,6,41.6321,11629335647243425761
fusion8,32768,7,80.2628,11629335647243425761
fusion8_bf,32768,7,87.6083,11629335647243425761
fusion8_c,32768,7,85.8154,11629335647243425761
sorted_array,32768,7,36.8896,11629335647243425761
btree8_bl_a64,32768,7,38.6993,11629335647243425761
btree16_bl_a64,32768,7,35.1288,11629335647243425761
btree8,32768,7,47.3450,11629335647243425761
btree8_bl,32768,7,40.5045,11629335647243425761
fusion16_w,32768,7,88.6368,11629335647243425761
btree8_a64,32768,7,44.9371,11629335647243425761
fusion8_bf,32768,8,90.8524,11629335647243425761
btree16_bl_a64,32768,8,35.3058,11629335647243425761
btree8_bl,32768,8,40.3000,11629335647243425761
fusion8_c,32768,8,84.6130,11629335647243425761
fusion8,32768,8,80.3589,11629335647243425761
btree8,32768,8,47.2885,11629335647243425761
btree8_bl_a64,32768,8,40.8295,11629335647243425761
sorted_array,32768,8,36.9308,11629335647243425761
btree8_a64,32768,8,44.8059,11629335647243425761
fusion16_w,32768,8,87.2818,11629335647243425761
btree8_bl_a64,32768,9,38.6154,11629335647243425761
fusion8,32768,9,80.7388,11629335647243425761
fusion8_bf,32768,9,87.0605,11629335647243425761
btree8_a64,32768,9,45.4178,11629335647243425761
sorted_array,32768,9,36.5051,11629335647243425761
btree8_bl,32768,9,41.5573,11629335647243425761
btree16_bl_a64,32768,9,35.8124,11629335647243425761
fusion16_w,32768,9,87.1841,11629335647243425761
btree8,32768,9,47.3419,11629335647243425761
fusion8_c,32768,9,87.6877,11629335647243425761
fusion8_c,32768,10,85.9085,11629335647243425761
fusion16_w,32768,10,87.1552,11629335647243425761
sorted_array,32768,10,36.3174,11629335647243425761
fusion8_bf,32768,10,88.3545,11629335647243425761
btree16_bl_a64,32768,10,35.3210,11629335647243425761
btree8_bl_a64,32768,10,38.9008,11629335647243425761
fusion8,32768,10,81.1279,11629335647243425761
btree8,32768,10,47.4045,11629335647243425761
btree8_bl,32768,10,40.6540,11629335647243425761
btree8_a64,32768,10,45.0912,11629335647243425761
fusion8_bf,32768,11,91.2064,11629335647243425761
btree16_bl_a64,32768,11,36.0306,11629335647243425761
btree8,32768,11,47.6593,11629335647243425761
btree8_bl,32768,11,40.5243,11629335647243425761
fusion8,32768,11,80.0064,11629335647243425761
btree8_a64,32768,11,46.1014,11629335647243425761
btree8_bl_a64,32768,11,39.9017,11629335647243425761
fusion16_w,32768,11,87.9669,11629335647243425761
fusion8_c,32768,11,85.3531,11629335647243425761
sorted_array,32768,11,36.3739,11629335647243425761
fusion8_c,32768,12,83.8425,11629335647243425761
btree8_bl,32768,12,40.5380,11629335647243425761
btree8_a64,32768,12,44.7998,11629335647243425761
sorted_array,32768,12,36.1572,11629335647243425761
btree8_bl_a64,32768,12,40.5701,11629335647243425761
fusion8,32768,12,80.5862,11629335647243425761
btree16_bl_a64,32768,12,34.9213,11629335647243425761
fusion8_bf,32768,12,87.5000,11629335647243425761
fusion16_w,32768,12,89.2426,11629335647243425761
btree8,32768,12,47.1405,11629335647243425761
sorted_array,32768,13,36.2534,11629335647243425761
fusion8_c,32768,13,87.7106,11629335647243425761
btree8_a64,32768,13,45.3857,11629335647243425761
btree8_bl,32768,13,41.3269,11629335647243425761
fusion16_w,32768,13,87.2833,11629335647243425761
btree8,32768,13,47.2763,11629335647243425761
fusion8_bf,32768,13,91.1621,11629335647243425761
btree8_bl_a64,32768,13,39.4119,11629335647243425761
btree16_bl_a64,32768,13,35.4111,11629335647243425761
fusion8,32768,13,80.2811,11629335647243425761
btree16_bl_a64,32768,14,35.8170,11629335647243425761
fusion8_bf,32768,14,87.0529,11629335647243425761
btree8_bl_a64,32768,14,39.0121,11629335647243425761
fusion8,32768,14,79.8370,11629335647243425761
fusion16_w,32768,14,87.5519,11629335647243425761
btree8_bl,32768,14,40.4419,11629335647243425761
btree8,32768,14,47.2580,11629335647243425761
sorted_array,32768,14,36.9019,11629335647243425761
fusion8_c,32768,14,87.1460,11629335647243425761
btree8_a64,32768,14,45.0348,11629335647243425761
fusion8,65536,0,92.2104,5722582458615733357
fusion8_bf,65536,0,99.8489,5722582458615733357
fusion8_c,65536,0,93.5226,5722582458615733357
btree8_bl_a64,65536,0,46.8140,5722582458615733357
btree8_a64,65536,0,54.9057,5722582458615733357
btree16_bl_a64,65536,0,39.6225,5722582458615733357
fusion16_w,65536,0,88.6887,5722582458615733357
btree8_bl,65536,0,50.5493,5722582458615733357
sorted_array,65536,0,47.3938,5722582458615733357
btree8,65536,0,55.9494,5722582458615733357
btree8_bl_a64,65536,1,44.4336,5722582458615733357
fusion16_w,65536,1,88.4781,5722582458615733357
fusion8_c,65536,1,95.0134,5722582458615733357
fusion8,65536,1,91.1209,5722582458615733357
sorted_array,65536,1,46.1288,5722582458615733357
btree16_bl_a64,65536,1,35.2249,5722582458615733357
btree8,65536,1,53.6667,5722582458615733357
btree8_bl,65536,1,47.2443,5722582458615733357
fusion8_bf,65536,1,97.8912,5722582458615733357
btree8_a64,65536,1,53.2120,5722582458615733357
btree8_a64,65536,2,50.7996,5722582458615733357
sorted_array,65536,2,46.1319,5722582458615733357
btree16_bl_a64,65536,2,35.2386,5722582458615733357
fusion8_c,65536,2,96.2585,5722582458615733357
btree8,65536,2,52.9633,5722582458615733357
btree8_bl,65536,2,46.2814,5722582458615733357
fusion8,65536,2,88.8611,5722582458615733357
fusion16_w,65536,2,90.2771,5722582458615733357
fusion8_bf,65536,2,96.1075,5722582458615733357
btree8_bl_a64,65536,2,48.2819,5722582458615733357
btree8_a64,65536,3,52.1912,5722582458615733357
fusion16_w,65536,3,91.3528,5722582458615733357
fusion8_bf,65536,3,120.8267,5722582458615733357
btree8_bl,65536,3,54.0344,5722582458615733357
sorted_array,65536,3,47.6990,5722582458615733357
fusion8_c,65536,3,98.5916,5722582458615733357
btree8,65536,3,55.3055,5722582458615733357
fusion8,65536,3,93.7317,5722582458615733357
btree8_bl_a64,65536,3,53.6118,5722582458615733357
btree16_bl_a64,65536,3,41.7633,5722582458615733357
fusion8_bf,65536,4,95.2194,5722582458615733357
btree8_a64,65536,4,56.6177,5722582458615733357
btree16_bl_a64,65536,4,38.7680,5722582458615733357
sorted_array,65536,4,48.9624,5722582458615733357
btree8,65536,4,57.2464,5722582458615733357
btree8_bl,65536,4,49.6796,5722582458615733357
fusion8,65536,4,92.6392,5722582458615733357
fusion16_w,65536,4,91.7862,5722582458615733357
btree8_bl_a64,65536,4,48.5535,5722582458615733357
fusion8_c,65536,4,96.4005,5722582458615733357
btree8_bl_a64,65536,5,44.1818,5722582458615733357
sorted_array,65536,5,46.8338,5722582458615733357
fusion8_bf,65536,5,101.1017,5722582458615733357
fusion8_c,65536,5,96.7117,5722582458615733357
btree16_bl_a64,65536,5,39.8743,5722582458615733357
fusion16_w,65536,5,92.3294,5722582458615733357
btree8,65536,5,54.8309,5722582458615733357
btree8_bl,65536,5,49.4568,5722582458615733357
fusion8,65536,5,91.2506,5722582458615733357
btree8_a64,65536,5,55.8502,5722582458615733357
fusion8,65536,6,87.9303,5722582458615733357
fusion8_bf,65536,6,96.6263,5722582458615733357
fusion8_c,65536,6,92.6270,5722582458615733357
btree8_a64,65536,6,51.5564,5722582458615733357
btree16_bl_a64,65536,6,36.2274,5722582458615733357
btree8,65536,6,53.5614,5722582458615733357
fusion16_w,65536,6,91.5451,5722582458615733357
btree8_bl_a64,65536,6,50.7217,5722582458615733357
sorted_array,65536,6,47.0917,5722582458615733357
btree8_bl,65536,6,46.5729,5722582458615733357
btree8_bl,65536,7,43.3960,5722582458615733357
fusion8_bf,65536,7,96.4737,5722582458615733357
sorted_array,65536,7,45.9930,5722582458615733357
fusion8,65536,7,91.6382,5722582458615733357
fusion16_w,65536,7,89.0030,5722582458615733357
btree16_bl_a64,65536,7,36.1954,5722582458615733357
btree8,65536,7,53.3020,5722582458615733357
btree8_a64,65536,7,53.6118,5722582458615733357
btree8_bl_a64,65536,7,46.6599,5722582458615733357
fusion8_c,65536,7,95.3079,5722582458615733357
fusion8_bf,65536,8,96.1411,5722582458615733357
fusion16_w,65536,8,89.3784,5722582458615733357
btree8,65536,8,53.2242,5722582458615733357
btree16_bl_a64,65536,8,37.1002,5722582458615733357
fusion8_c,65536,8,95.5780,5722582458615733357
btree8_bl_a64,65536,8,44.3039,5722582458615733357
sorted_array,65536,8,46.6019,5722582458615733357
btree8_a64,65536,8,52.0935,5722582458615733357
btree8_bl,65536,8,53.4012,5722582458615733357
fusion8,65536,8,90.4724,5722582458615733357
btree8,65536,9,52.8458,5722582458615733357
btree8_bl_a64,65536,9,45.4041,5722582458615733357
btree16_bl_a64,65536,9,35.9741,5722582458615733357
fusion8_bf,65536,9,96.6125,5722582458615733357
btree8_bl,65536,9,45.6238,5722582458615733357
fusion8,65536,9,87.5717,5722582458615733357
btree8_a64,65536,9,51.7227,5722582458615733357
fusion16_w,65536,9,94.7357,5722582458615733357
sorted_array,65536,9,46.3837,5722582458615733357
fusion8_c,65536,9,93.2816,5722582458615733357
btree16_bl_a64,65536,10,35.0479,5722582458615733357
btree8_a64,65536,10,52.0569,5722582458615733357
fusion8,65536,10,88.1714,5722582458615733357
fusion8_c,65536,10,92.7582,5722582458615733357
sorted_array,65536,10,46.5668,5722582458615733357
btree8_bl_a64,65536,10,48.6267,5722582458615733357
btree8,65536,10,53.4225,5722582458615733357
fusion8_bf,65536,10,101.5228,5722582458615733357
fusion16_w,65536,10,90.2344,5722582458615733357
btree8_bl,65536,10,46.7331,5722582458615733357
fusion8,65536,11,87.3367,5722582458615733357
btree8,65536,11,52.7176,5722582458615733357
fusion16_w,65536,11,88.9450,5722582458615733357
btree8_bl,65536,11,45.6345,5722582458615733357
fusion8_c,65536,11,94.2749,5722582458615733357
btree8_bl_a64,65536,11,46.9147,5722582458615733357
btree8_a64,65536,11,54.0634,5722582458615733357
fusion8_bf,65536,11,101.7868,5722582458615733357
btree16_bl_a64,65536,11,37.7960,5722582458615733357
sorted_array,65536,11,47.0642,5722582458615733357
fusion16_w,65536,12,89.2014,5722582458615733357
fusion8_c,65536,12,94.5358,5722582458615733357
btree8_bl_a64,65536,12,45.9290,5722582458615733357
fusion8,65536,12,97.4075,5722582458615733357
fusion8_bf,65536,12,96.5149,5722582458615733357
sorted_array,65536,12,46.7285,5722582458615733357
btree8_bl,65536,12,46.4783,5722582458615733357
btree16_bl_a64,65536,12,36.4670,5722582458615733357
btree8,65536,12,53.9230,5722582458615733357
btree8_a64,65536,12,55.3589,5722582458615733357
btree8_bl_a64,65536,13,45.7367,5722582458615733357
fusion8_bf,65536,13,93.8126,5722582458615733357
btree16_bl_a64,65536,13,35.3394,5722582458615733357
btree8_a64,65536,13,51.9287,5722582458615733357
fusion16_w,65536,13,90.6540,5722582458615733357
fusion8,65536,13,88.2812,5722582458615733357
sorted_array,65536,13,46.2952,5722582458615733357
btree8,65536,13,54.4861,5722582458615733357
btree8_bl,65536,13,47.1008,5722582458615733357
fusion8_c,65536,13,93.4860,5722582458615733357
btree8_bl_a64,65536,14,44.4046,5722582458615733357
btree8_a64,65536,14,51.3885,5722582458615733357
fusion16_w,65536,14,89.0900,5722582458615733357
btree8_bl,65536,14,45.6757,5722582458615733357
fusion8_bf,65536,14,97.4594,5722582458615733357
sorted_array,65536,14,47.0917,5722582458615733357
fusion8_c,65536,14,95.3491,5722582458615733357
btree8,65536,14,53.8635,5722582458615733357
fusion8,65536,14,91.4703,5722582458615733357
btree16_bl_a64,65536,14,38.8489,5722582458615733357
btree8_bl_a64,131072,0,97.6791,15368517120400912463
btree8,131072,0,87.2833,15368517120400912463
fusion8_bf,131072,0,162.9059,15368517120400912463
fusion16_w,131072,0,152.2995,15368517120400912463
fusion8,131072,0,154.4739,15368517120400912463
btree16_bl_a64,131072,0,90.0650,15368517120400912463
btree8_a64,131072,0,96.9238,15368517120400912463
sorted_array,131072,0,60.2081,15368517120400912463
fusion8_c,131072,0,148.7991,15368517120400912463
btree8_bl,131072,0,91.3193,15368517120400912463
fusion8_c,131072,1,118.9255,15368517120400912463
fusion8,131072,1,148.1689,15368517120400912463
sorted_array,131072,1,59.8251,15368517120400912463
btree8_a64,131072,1,91.1835,15368517120400912463
fusion8_bf,131072,1,170.2087,15368517120400912463
btree8_bl,131072,1,85.3424,15368517120400912463
btree8,131072,1,87.1140,15368517120400912463
btree16_bl_a64,131072,1,91.8503,15368517120400912463
fusion16_w,131072,1,148.5733,15368517120400912463
btree8_bl_a64,131072,1,92.6407,15368517120400912463
btree8,131072,2,82.9849,15368517120400912463
sorted_array,131072,2,61.6653,15368517120400912463
fusion8_c,131072,2,153.6148,15368517120400912463
btree16_bl_a64,131072,2,87.2086,15368517120400912463
fusion8,131072,2,156.8253,15368517120400912463
fusion16_w,131072,2,151.4664,15368517120400912463
btree8_a64,131072,2,94.6945,15368517120400912463
btree8_bl_a64,131072,2,92.3767,15368517120400912463
fusion8_bf,131072,2,160.6888,15368517120400912463
btree8_bl,131072,2,87.7289,15368517120400912463
fusion8,131072,3,150.9750,15368517120400912463
btree8_bl,131072,3,72.4640,15368517120400912463
btree16_bl_a64,131072,3,90.3015,15368517120400912463
fusion8_bf,131072,3,158.4244,15368517120400912463
sorted_array,131072,3,61.1557,15368517120400912463
btree8,131072,3,91.0233,15368517120400912463
fusion8_c,131072,3,156.1295,15368517120400912463
btree8_a64,131072,3,94.1177,15368517120400912463
btree8_bl_a64,131072,3,96.7346,15368517120400912463
fusion16_w,131072,3,153.7033,15368517120400912463
btree16_bl_a64,131072,4,88.1439,15368517120400912463
fusion8_bf,131072,4,164.3402,15368517120400912463
btree8,131072,4,87.0209,15368517120400912463
fusion8_c,131072,4,152.8732,15368517120400912463
fusion8,131072,4,155.0720,15368517120400912463
btree8_bl_a64,131072,4,90.3091,15368517120400912463
sorted_array,131072,4,59.9335,15368517120400912463
btree8_bl,131072,4,89.7278,15368517120400912463
fusion16_w,131072,4,155.4123,15368517120400912463
btree8_a64,131072,4,91.5314,15368517120400912463
fusion8_bf,131072,5,163.3850,15368517120400912463
fusion8_c,131072,5,148.6404,15368517120400912463
fusion16_w,131072,5,148.3032,15368517120400912463
btree16_bl_a64,131072,5,92.2943,15368517120400912463
btree8_a64,131072,5,91.5405,15368517120400912463
btree8_bl_a64,131072,5,89.7308,15368517120400912463
fusion8,131072,5,144.4870,15368517120400912463
btree8,131072,5,89.5828,15368517120400912463
btree8_bl,131072,5,93.0008,15368517120400912463
sorted_array,131072,5,59.9472,15368517120400912463
btree16_bl_a64,131072,6,110.0891,15368517120400912463
fusion8_c,131072,6,150.3281,15368517120400912463
btree8_bl_a64,131072,6,92.2943,15368517120400912463
sorted_array,131072,6,59.5718,15368517120400912463
btree8_bl,131072,6,83.9584,15368517120400912463
btree8,131072,6,88.5788,15368517120400912463
btree8_a64,131072,6,98.6893,15368517120400912463
fusion16_w,131072,6,164.8575,15368517120400912463
fusion8_bf,131072,6,171.5973,15368517120400912463
fusion8,131072,6,152.5177,15368517120400912463
btree8_a64,131072,7,93.3502,15368517120400912463
fusion8_bf,131072,7,153.0869,15368517120400912463
fusion8,131072,7,141.6809,15368517120400912463
btree8_bl,131072,7,86.4761,15368517120400912463
btree8_bl_a64,131072,7,91.6138,15368517120400912463
btree16_bl_a64,131072,7,85.7178,15368517120400912463
fusion8_c,131072,7,145.3323,15368517120400912463
btree8,131072,7,89.3509,15368517120400912463
fusion16_w,131072,7,170.6253,15368517120400912463
sorted_array,131072,7,61.2991,15368517120400912463
fusion8_c,131072,8,141.6748,15368517120400912463
btree16_bl_a64,131072,8,92.3233,15368517120400912463
btree8_bl_a64,131072,8,90.4114,15368517120400912463
fusion8_bf,131072,8,157.4066,15368517120400912463
fusion16_w,131072,8,162.3306,15368517120400912463
btree8_bl,131072,8,113.1775,15368517120400912463
btree8_a64,131072,8,110.3546,15368517120400912463
btree8,131072,8,98.5077,15368517120400912463
fusion8,131072,8,193.8431,15368517120400912463
sorted_array,131072,8,63.7238,15368517120400912463
fusion8,131072,9,207.8781,15368517120400912463
fusion16_w,131072,9,323.1323,15368517120400912463
sorted_array,131072,9,63.5681,15368517120400912463
btree8_bl_a64,131072,9,112.2406,15368517120400912463
btree16_bl_a64,131072,9,102.2064,15368517120400912463
fusion8_bf,131072,9,191.0965,15368517120400912463
btree8_a64,131072,9,100.3418,15368517120400912463
btree8_bl,131072,9,98.5443,15368517120400912463
btree8,131072,9,98.5474,15368517120400912463
fusion8_c,131072,9,174.8611,15368517120400912463
fusion8,131072,10,179.7028,15368517120400912463
sorted_array,131072,10,85.2188,15368517120400912463
fusion8_bf,131072,10,173.5245,15368517120400912463
btree8,131072,10,95.1477,15368517120400912463
fusion8_c,131072,10,165.9271,15368517120400912463
btree16_bl_a64,131072,10,94.9112,15368517120400912463
fusion16_w,131072,10,158.6624,15368517120400912463
btree8_bl_a64,131072,10,100.3387,15368517120400912463
btree8_bl,131072,10,96.1288,15368517120400912463
btree8_a64,131072,10,100.1236,15368517120400912463
btree8_a64,131072,11,71.2067,15368517120400912463
btree8_bl_a64,131072,11,99.5148,15368517120400912463
fusion8,131072,11,152.9404,15368517120400912463
btree8_bl,131072,11,88.1607,15368517120400912463
fusion8_c,131072,11,150.7294,15368517120400912463
fusion16_w,131072,11,161.5555,15368517120400912463
sorted_array,131072,11,63.1332,15368517120400912463
btree16_bl_a64,131072,11,91.0019,15368517120400912463
fusion8_bf,131072,11,158.2367,15368517120400912463
btree8,131072,11,88.2645,15368517120400912463
fusion8_bf,131072,12,133.9294,15368517120400912463
fusion8,131072,12,159.1446,15368517120400912463
btree16_bl_a64,131072,12,90.0864,15368517120400912463
btree8_bl_a64,131072,12,92.7612,15368517120400912463
sorted_array,131072,12,61.0565,15368517120400912463
fusion16_w,131072,12,149.2813,15368517120400912463
fusion8_c,131072,12,148.8556,15368517120400912463
btree8_a64,131072,12,93.1747,15368517120400912463
btree8,131072,12,86.8225,15368517120400912463
btree8_bl,131072,12,91.5115,15368517120400912463
sorted_array,131072,13,61.0916,15368517120400912463
btree8,131072,13,75.8057,15368517120400912463
fusion8,131072,13,148.9975,15368517120400912463
btree8_a64,131072,13,92.3615,15368517120400912463
fusion8_c,131072,13,143.2678,15368517120400912463
fusion8_bf,131072,13,165.0436,15368517120400912463
btree8_bl,131072,13,89.0228,15368517120400912463
btree16_bl_a64,131072,13,88.9648,15368517120400912463
btree8_bl_a64,131072,13,92.9886,15368517120400912463
fusion16_w,131072,13,153.0731,15368517120400912463
fusion8_c,131072,14,140.6082,15368517120400912463
btree8_a64,131072,14,95.1050,15368517120400912463
btree8,131072,14,85.1349,15368517120400912463
fusion16_w,131072,14,158.3801,15368517120400912463
btree8_bl_a64,131072,14,88.2996,15368517120400912463
fusion8,131072,14,149.3423,15368517120400912463
fusion8_bf,131072,14,158.1467,15368517120400912463
btree16_bl_a64,131072,14,89.8056,15368517120400912463
btree8_bl,131072,14,87.9990,15368517120400912463
sorted_array,131072,14,60.0845,15368517120400912463
btree16_bl_a64,262144,0,139.3280,13725275285989217998
btree8_bl,262144,0,110.4889,13725275285989217998
btree8_bl_a64,262144,0,110.3302,13725275285989217998
btree8,262144,0,92.7719,13725275285989217998
fusion8_c,262144,0,151.6541,13725275285989217998
fusion8_bf,262144,0,181.8542,13725275285989217998
fusion8,262144,0,173.2269,13725275285989217998
sorted_array,262144,0,77.0477,13725275285989217998
btree8_a64,262144,0,96.9635,13725275285989217998
fusion16_w,262144,0,198.6954,13725275285989217998
sorted_array,262144,1,77.7496,13725275285989217998
fusion16_w,262144,1,147.7936,13725275285989217998
fusion8_c,262144,1,151.0223,13725275285989217998
btree8,262144,1,93.0084,13725275285989217998
btree8_a64,262144,1,100.9064,13725275285989217998
btree8_bl,262144,1,100.7690,13725275285989217998
fusion8_bf,262144,1,169.7159,13725275285989217998
btree8_bl_a64,262144,1,138.0051,13725275285989217998
btree16_bl_a64,262144,1,145.4834,13725275285989217998
fusion8,262144,1,156.3110,13725275285989217998
fusion8_c,262144,2,152.1683,13725275285989217998
fusion16_w,262144,2,190.7104,13725275285989217998
btree8,262144,2,97.7325,13725275285989217998
btree8_bl,262144,2,103.6118,13725275285989217998
sorted_array,262144,2,73.4711,13725275285989217998
btree8_a64,262144,2,96.1441,13725275285989217998
fusion8,262144,2,157.7011,13725275285989217998
btree8_bl_a64,262144,2,109.4696,13725275285989217998
btree16_bl_a64,262144,2,134.0607,13725275285989217998
fusion8_bf,262144,2,179.4037,13725275285989217998
btree8_bl_a64,262144,3,99.8001,13725275285989217998
btree8_a64,262144,3,97.0535,13725275285989217998
fusion8_bf,262144,3,153.3340,13725275285989217998
sorted_array,262144,3,75.0046,13725275285989217998
fusion8_c,262144,3,158.5495,13725275285989217998
fusion8,262144,3,160.1654,13725275285989217998
btree8,262144,3,91.5115,13725275285989217998
btree16_bl_a64,262144,3,143.7805,13725275285989217998
btree8_bl,262144,3,100.4242,13725275285989217998
fusion16_w,262144,3,189.5966,13725275285989217998
btree8,262144,4,90.9286,13725275285989217998
btree8_a64,262144,4,99.4949,13725275285989217998
btree8_bl_a64,262144,4,107.5455,13725275285989217998
btree16_bl_a64,262144,4,137.5595,13725275285989217998
fusion8_bf,262144,4,169.7891,13725275285989217998
sorted_array,262144,4,74.3576,13725275285989217998
btree8_bl,262144,4,101.2955,13725275285989217998
fusion8,262144,4,169.2322,13725275285989217998
fusion16_w,262144,4,187.4100,13725275285989217998
fusion8_c,262144,4,146.4340,13725275285989217998
fusion16_w,262144,5,162.7319,13725275285989217998
fusion8_bf,262144,5,170.3323,13725275285989217998
btree8_a64,262144,5,96.6278,13725275285989217998
fusion8_c,262144,5,151.5030,13725275285989217998
btree16_bl_a64,262144,5,141.0675,13725275285989217998
fusion8,262144,5,173.4329,13725275285989217998
btree8_bl_a64,262144,5,107.1991,13725275285989217998
btree8_bl,262144,5,98.5886,13725275285989217998
sorted_array,262144,5,73.5291,13725275285989217998
btree8,262144,5,91.2262,13725275285989217998
fusion8_c,262144,6,154.4159,13725275285989217998
btree8_bl_a64,262144,6,97.2092,13725275285989217998
btree16_bl_a64,262144,6,137.2894,13725275285989217998
btree8_bl,262144,6,109.7870,13725275285989217998
btree8,262144,6,94.9860,13725275285989217998
fusion8,262144,6,155.4489,13725275285989217998
fusion8_bf,262144,6,177.6810,13725275285989217998
fusion16_w,262144,6,187.1582,13725275285989217998
sorted_array,262144,6,74.7589,13725275285989217998
btree8_a64,262144,6,102.1835,13725275285989217998
btree8_bl_a64,262144,7,108.4717,13725275285989217998
fusion8,262144,7,168.3884,13725275285989217998
fusion8_c,262144,7,150.8453,13725275285989217998
fusion16_w,262144,7,194.4809,13725275285989217998
btree8,262144,7,94.8166,13725275285989217998
sorted_array,262144,7,73.1049,13725275285989217998
btree16_bl_a64,262144,7,142.1173,13725275285989217998
fusion8_bf,262144,7,166.7374,13725275285989217998
btree8_bl,262144,7,97.5098,13725275285989217998
btree8_a64,262144,7,95.2728,13725275285989217998
sorted_array,262144,8,73.2712,13725275285989217998
btree8_a64,262144,8,74.2065,13725275285989217998
btree16_bl_a64,262144,8,140.5182,13725275285989217998
btree8,262144,8,101.1322,13725275285989217998
fusion8,262144,8,177.2797,13725275285989217998
btree8_bl_a64,262144,8,121.1288,13725275285989217998
fusion8_c,262144,8,150.4532,13725275285989217998
fusion16_w,262144,8,188.6612,13725275285989217998
fusion8_bf,262144,8,176.2009,13725275285989217998
btree8_bl,262144,8,99.0219,13725275285989217998
btree8,262144,9,92.5781,13725275285989217998
btree8_bl,262144,9,75.0488,13725275285989217998
btree8_bl_a64,262144,9,108.8898,13725275285989217998
fusion16_w,262144,9,184.2422,13725275285989217998
fusion8_c,262144,9,152.3666,13725275285989217998
btree8_a64,262144,9,96.1517,13725275285989217998
fusion8_bf,262144,9,177.0737,13725275285989217998
sorted_array,262144,9,73.6008,13725275285989217998
fusion8,262144,9,158.8699,13725275285989217998
btree16_bl_a64,262144,9,144.8166,13725275285989217998
fusion8,262144,10,141.3086,13725275285989217998
sorted_array,262144,10,75.6943,13725275285989217998
btree8_a64,262144,10,95.7611,13725275285989217998
btree8_bl,262144,10,99.1714,13725275285989217998
btree8,262144,10,92.4591,13725275285989217998
btree8_bl_a64,262144,10,102.0416,13725275285989217998
btree16_bl_a64,262144,10,139.6378,13725275285989217998
fusion16_w,262144,10,186.6364,13725275285989217998
fusion8_c,262144,10,152.5742,13725275285989217998
fusion8_bf,262144,10,169.9768,13725275285989217998
btree8_bl,262144,11,95.5597,13725275285989217998
btree16_bl_a64,262144,11,141.9418,13725275285989217998
fusion8_bf,262144,11,157.2479,13725275285989217998
sorted_array,262144,11,74.4446,13725275285989217998
fusion16_w,262144,11,200.1617,13725275285989217998
btree8_a64,262144,11,102.4384,13725275285989217998
btree8_bl_a64,262144,11,105.7358,13725275285989217998
fusion8_c,262144,11,153.8177,13725275285989217998
btree8,262144,11,91.0980,13725275285989217998
fusion8,262144,11,159.3887,13725275285989217998
btree8_bl_a64,262144,12,103.1601,13725275285989217998
fusion8_bf,262144,12,164.6011,13725275285989217998
fusion8,262144,12,154.7180,13725275285989217998
btree16_bl_a64,262144,12,135.3622,13725275285989217998
btree8,262144,12,100.6805,13725275285989217998
fusion8_c,262144,12,170.4391,13725275285989217998
btree8_bl,262144,12,96.5256,13725275285989217998
sorted_array,262144,12,73.6298,13725275285989217998
btree8_a64,262144,12,100.4745,13725275285989217998
fusion16_w,262144,12,199.9985,13725275285989217998
fusion8,262144,13,164.4302,13725275285989217998
btree8_a64,262144,13,95.7321,13725275285989217998
btree16_bl_a64,262144,13,140.3122,13725275285989217998
fusion8_c,262144,13,159.8343,13725275285989217998
btree8_bl_a64,262144,13,107.6340,13725275285989217998
sorted_array,262144,13,75.3937,13725275285989217998
fusion16_w,262144,13,186.3907,13725275285989217998
btree8,262144,13,90.5289,13725275285989217998
btree8_bl,262144,13,97.4045,13725275285989217998
fusion8_bf,262144,13,167.4622,13725275285989217998
btree8_a64,262144,14,96.3501,13725275285989217998
sorted_array,262144,14,73.2285,13725275285989217998
fusion8_c,262144,14,163.5010,13725275285989217998
btree8_bl_a64,262144,14,112.6923,13725275285989217998
btree16_bl_a64,262144,14,135.8612,13725275285989217998
fusion16_w,262144,14,187.9807,13725275285989217998
fusion8_bf,262144,14,171.3654,13725275285989217998
btree8_bl,262144,14,98.1277,13725275285989217998
fusion8,262144,14,163.1851,13725275285989217998
btree8,262144,14,91.6031,13725275285989217998
sorted_array,524288,0,118.9346,8525115047326029414
fusion8_c,524288,0,145.1584,8525115047326029414
btree8_bl,524288,0,101.8677,8525115047326029414
btree8_a64,524288,0,104.9667,8525115047326029414
fusion8_bf,524288,0,175.3174,8525115047326029414
fusion8,524288,0,162.8281,8525115047326029414
btree8,524288,0,95.0256,8525115047326029414
btree8_bl_a64,524288,0,108.7265,8525115047326029414
btree16_bl_a64,524288,0,153.9383,8525115047326029414
fusion16_w,524288,0,212.6389,8525115047326029414
btree8,524288,1,93.0252,8525115047326029414
fusion8_bf,524288,1,172.5998,8525115047326029414
btree8_bl_a64,524288,1,102.5421,8525115047326029414
sorted_array,524288,1,118.5226,8525115047326029414
btree8_bl,524288,1,114.8621,8525115047326029414
btree8_a64,524288,1,106.2149,8525115047326029414
fusion16_w,524288,1,228.2028,8525115047326029414
fusion8_c,524288,1,164.2899,8525115047326029414
fusion8,524288,1,181.3583,8525115047326029414
btree16_bl_a64,524288,1,157.5058,8525115047326029414
btree8_bl,524288,2,96.9086,8525115047326029414
btree8,524288,2,94.0613,8525115047326029414
fusion8,524288,2,158.7265,8525115047326029414
btree8_a64,524288,2,98.6557,8525115047326029414
btree16_bl_a64,524288,2,153.3585,8525115047326029414
fusion8_c,524288,2,164.1083,8525115047326029414
btree8_bl_a64,524288,2,112.2604,8525115047326029414
fusion8_bf,524288,2,179.9210,8525115047326029414
fusion16_w,524288,2,224.7894,8525115047326029414
sorted_array,524288,2,123.4665,8525115047326029414
sorted_array,524288,3,105.3589,8525115047326029414
btree8_a64,524288,3,96.1090,8525115047326029414
btree16_bl_a64,524288,3,151.8066,8525115047326029414
fusion8_c,524288,3,161.8622,8525115047326029414
btree8,524288,3,92.7444,8525115047326029414
fusion8,524288,3,162.2116,8525115047326029414
btree8_bl_a64,524288,3,108.7463,8525115047326029414
btree8_bl,524288,3,102.4139,8525115047326029414
fusion16_w,524288,3,209.3277,8525115047326029414
fusion8_bf,524288,3,173.0667,8525115047326029414
btree8_a64,524288,4,98.9487,8525115047326029414
btree8_bl_a64,524288,4,108.4229,8525115047326029414
btree16_bl_a64,524288,4,151.7136,8525115047326029414
sorted_array,524288,4,123.8678,8525115047326029414
btree8_bl,524288,4,98.4924,8525115047326029414
fusion8,524288,4,163.5513,8525115047326029414
fusion8_bf,524288,4,177.7206,8525115047326029414
btree8,524288,4,95.9824,8525115047326029414
fusion16_w,524288,4,220.8313,8525115047326029414
fusion8_c,524288,4,155.2185,8525115047326029414
btree8_bl,524288,5,102.2751,8525115047326029414
btree8_bl_a64,524288,5,110.9406,8525115047326029414
btree16_bl_a64,524288,5,148.8647,8525115047326029414
fusion8_c,524288,5,157.0877,8525115047326029414
fusion16_w,524288,5,221.1624,8525115047326029414
btree8,524288,5,90.8951,8525115047326029414
fusion8,524288,5,167.9092,8525115047326029414
sorted_array,524288,5,118.3273,8525115047326029414
fusion8_bf,524288,5,171.2387,8525115047326029414
btree8_a64,524288,5,99.4461,8525115047326029414
btree16_bl_a64,524288,6,147.6135,8525115047326029414
sorted_array,524288,6,123.7137,8525115047326029414
btree8_bl_a64,524288,6,113.1775,8525115047326029414
fusion8,524288,6,165.7211,8525115047326029414
fusion8_bf,524288,6,172.7829,8525115047326029414
btree8,524288,6,95.0836,8525115047326029414
fusion16_w,524288,6,219.6121,8525115047326029414
btree8_a64,524288,6,104.1153,8525115047326029414
btree8_bl,524288,6,99.1776,8525115047326029414
fusion8_c,524288,6,153.5522,8525115047326029414
fusion8,524288,7,168.8934,8525115047326029414
sorted_array,524288,7,119.8883,8525115047326029414
fusion16_w,524288,7,204.0329,8525115047326029414
fusion8_bf,524288,7,206.9061,8525115047326029414
btree16_bl_a64,524288,7,164.0213,8525115047326029414
btree8_bl,524288,7,105.7129,8525115047326029414
btree8_bl_a64,524288,7,111.6455,8525115047326029414
btree8_a64,524288,7,99.2752,8525115047326029414
btree8,524288,7,98.8312,8525115047326029414
fusion8_c,524288,7,162.5412,8525115047326029414
fusion8_bf,524288,8,173.9441,8525115047326029414
fusion8_c,524288,8,151.3351,8525115047326029414
fusion16_w,524288,8,202.2995,8525115047326029414
btree16_bl_a64,524288,8,153.2944,8525115047326029414
sorted_array,524288,8,122.1954,8525115047326029414
btree8,524288,8,91.6260,8525115047326029414
btree8_bl_a64,524288,8,114.9033,8525115047326029414
btree8_bl,524288,8,99.9100,8525115047326029414
fusion8,524288,8,158.9233,8525115047326029414
btree8_a64,524288,8,102.1362,8525115047326029414
sorted_array,524288,9,118.4402,8525115047326029414
fusion8_bf,524288,9,179.0848,8525115047326029414
fusion8,524288,9,158.7296,8525115047326029414
fusion8_c,524288,9,149.1165,8525115047326029414
btree8_bl_a64,524288,9,120.9488,8525115047326029414
btree16_bl_a64,524288,9,149.4675,8525115047326029414
btree8,524288,9,101.3245,8525115047326029414
btree8_bl,524288,9,104.3777,8525115047326029414
fusion16_w,524288,9,209.8328,8525115047326029414
btree8_a64,524288,9,101.3168,8525115047326029414
btree8_a64,524288,10,73.1247,8525115047326029414
fusion16_w,524288,10,190.3046,8525115047326029414
fusion8_bf,524288,10,168.6569,8525115047326029414
fusion8,524288,10,168.0084,8525115047326029414
btree8,524288,10,92.1829,8525115047326029414
btree16_bl_a64,524288,10,152.0599,8525115047326029414
btree8_bl,524288,10,111.7188,8525115047326029414
btree8_bl_a64,524288,10,113.8702,8525115047326029414
sorted_array,524288,10,118.5913,8525115047326029414
fusion8_c,524288,10,152.6596,8525115047326029414
fusion8_bf,524288,11,177.9556,8525115047326029414
btree8,524288,11,93.2663,8525115047326029414
fusion8,524288,11,168.7042,8525115047326029414
btree8_a64,524288,11,95.9076,8525115047326029414
btree16_bl_a64,524288,11,153.9398,8525115047326029414
fusion8_c,524288,11,148.0453,8525115047326029414
btree8_bl,524288,11,104.3152,8525115047326029414
fusion16_w,524288,11,213.0341,8525115047326029414
btree8_bl_a64,524288,11,117.0425,8525115047326029414
sorted_array,524288,11,119.4275,8525115047326029414
fusion16_w,524288,12,185.7834,8525115047326029414
btree16_bl_a64,524288,12,153.6621,8525115047326029414
btree8_bl,524288,12,101.9318,8525115047326029414
sorted_array,524288,12,118.7164,8525115047326029414
fusion8_c,524288,12,152.9800,8525115047326029414
btree8,524288,12,92.5186,8525115047326029414
fusion8,524288,12,167.5095,8525115047326029414
fusion8_bf,524288,12,167.7780,8525115047326029414
btree8_bl_a64,524288,12,103.9337,8525115047326029414
btree8_a64,524288,12,100.4440,8525115047326029414
btree8_bl_a64,524288,13,73.0972,8525115047326029414
btree8,524288,13,97.9736,8525115047326029414
fusion16_w,524288,13,221.7194,8525115047326029414
btree16_bl_a64,524288,13,155.3955,8525115047326029414
btree8_bl,524288,13,99.9939,8525115047326029414
btree8_a64,524288,13,97.6532,8525115047326029414
fusion8_c,524288,13,151.1826,8525115047326029414
fusion8_bf,524288,13,182.1701,8525115047326029414
fusion8,524288,13,161.4670,8525115047326029414
sorted_array,524288,13,120.0119,8525115047326029414
fusion8_bf,524288,14,159.7900,8525115047326029414
btree16_bl_a64,524288,14,149.6078,8525115047326029414
fusion16_w,524288,14,211.2091,8525115047326029414
fusion8_c,524288,14,160.1166,8525115047326029414
sorted_array,524288,14,117.9764,8525115047326029414
fusion8,524288,14,162.6083,8525115047326029414
btree8_bl,524288,14,100.0732,8525115047326029414
btree8_a64,524288,14,98.6969,8525115047326029414
btree8,524288,14,92.8131,8525115047326029414
btree8_bl_a64,524288,14,119.2032,8525115047326029414
btree8_bl,1048576,0,225.1053,9971055575563239174
fusion16_w,1048576,0,211.2671,9971055575563239174
fusion8_bf,1048576,0,329.6921,9971055575563239174
btree16_bl_a64,1048576,0,148.5916,9971055575563239174
fusion8_c,1048576,0,305.8624,9971055575563239174
btree8,1048576,0,239.6011,9971055575563239174
btree8_a64,1048576,0,246.4386,9971055575563239174
fusion8,1048576,0,320.1416,9971055575563239174
sorted_array,1048576,0,212.6999,9971055575563239174
btree8_bl_a64,1048576,0,208.7540,9971055575563239174
sorted_array,1048576,1,180.6458,9971055575563239174
btree8_bl,1048576,1,216.8274,9971055575563239174
fusion8,1048576,1,327.9556,9971055575563239174
btree8_a64,1048576,1,242.4545,9971055575563239174
btree8,1048576,1,238.5757,9971055575563239174
btree8_bl_a64,1048576,1,210.4752,9971055575563239174
fusion8_bf,1048576,1,331.8954,9971055575563239174
btree16_bl_a64,1048576,1,158.7585,9971055575563239174
fusion16_w,1048576,1,223.4375,9971055575563239174
fusion8_c,1048576,1,304.1977,9971055575563239174
fusion8,1048576,2,328.3676,9971055575563239174
btree16_bl_a64,1048576,2,161.7538,9971055575563239174
btree8,1048576,2,235.3104,9971055575563239174
fusion8_bf,1048576,2,347.4411,9971055575563239174
btree8_bl,1048576,2,229.5135,9971055575563239174
btree8_bl_a64,1048576,2,209.4788,9971055575563239174
fusion8_c,1048576,2,308.6243,9971055575563239174
btree8_a64,1048576,2,246.3272,9971055575563239174
sorted_array,1048576,2,214.8315,9971055575563239174
fusion16_w,1048576,2,221.0083,9971055575563239174
fusion8_bf,1048576,3,333.6014,9971055575563239174
fusion8,1048576,3,337.3245,9971055575563239174
fusion16_w,1048576,3,217.9321,9971055575563239174
btree8,1048576,3,237.7228,9971055575563239174
fusion8_c,1048576,3,305.9814,9971055575563239174
sorted_array,1048576,3,214.8132,9971055575563239174
btree8_bl_a64,1048576,3,205.9402,9971055575563239174
btree16_bl_a64,1048576,3,158.5251,9971055575563239174
btree8_bl,1048576,3,221.4096,9971055575563239174
btree8_a64,1048576,3,239.2120,9971055575563239174
btree8_bl_a64,1048576,4,215.7639,9971055575563239174
btree8,1048576,4,242.1478,9971055575563239174
fusion8_bf,1048576,4,409.1202,9971055575563239174
btree16_bl_a64,1048576,4,156.3828,9971055575563239174
btree8_a64,1048576,4,240.1199,9971055575563239174
btree8_bl,1048576,4,226.9547,9971055575563239174
sorted_array,1048576,4,200.8209,9971055575563239174
fusion8,1048576,4,323.9563,9971055575563239174
fusion8_c,1048576,4,311.0275,9971055575563239174
fusion16_w,1048576,4,217.0227,9971055575563239174
fusion8,1048576,5,332.3074,9971055575563239174
btree8,1048576,5,243.8553,9971055575563239174
btree8_bl_a64,1048576,5,215.9439,9971055575563239174
fusion8_c,1048576,5,308.4305,9971055575563239174
sorted_array,1048576,5,214.0427,9971055575563239174
btree8_a64,1048576,5,245.3140,9971055575563239174
fusion16_w,1048576,5,234.1187,9971055575563239174
btree16_bl_a64,1048576,5,151.5244,9971055575563239174
btree8_bl,1048576,5,217.3386,9971055575563239174
fusion8_bf,1048576,5,333.6914,9971055575563239174
btree8,1048576,6,236.6470,9971055575563239174
sorted_array,1048576,6,210.7910,9971055575563239174
fusion8,1048576,6,331.1203,9971055575563239174
fusion8_c,1048576,6,310.6873,9971055575563239174
fusion8_bf,1048576,6,335.7742,9971055575563239174
fusion16_w,1048576,6,219.8975,9971055575563239174
btree8_bl_a64,1048576,6,207.3761,9971055575563239174
btree16_bl_a64,1048576,6,151.6968,9971055575563239174
btree8_bl,1048576,6,218.0222,9971055575563239174
btree8_a64,1048576,6,244.1956,9971055575563239174
fusion8,1048576,7,334.3643,9971055575563239174
btree8_bl_a64,1048576,7,209.8984,9971055575563239174
btree8,1048576,7,242.2562,9971055575563239174
fusion8_c,1048576,7,316.7694,9971055575563239174
fusion16_w,1048576,7,220.9869,9971055575563239174
fusion8_bf,1048576,7,336.1664,9971055575563239174
btree8_a64,1048576,7,244.3054,9971055575563239174
btree16_bl_a64,1048576,7,161.6653,9971055575563239174
sorted_array,1048576,7,205.2475,9971055575563239174
btree8_bl,1048576,7,214.4730,9971055575563239174
btree8,1048576,8,240.6006,9971055575563239174
fusion8_bf,1048576,8,333.9050,9971055575563239174
fusion8,1048576,8,330.8090,9971055575563239174
fusion16_w,1048576,8,227.6260,9971055575563239174
btree8_a64,1048576,8,245.9473,9971055575563239174
btree8_bl_a64,1048576,8,208.9310,9971055575563239174
fusion8_c,1048576,8,309.2468,9971055575563239174
btree8_bl,1048576,8,230.2338,9971055575563239174
sorted_array,1048576,8,211.9843,9971055575563239174
btree16_bl_a64,1048576,8,151.0803,9971055575563239174
fusion16_w,1048576,9,216.2231,9971055575563239174
btree8_a64,1048576,9,240.9241,9971055575563239174
fusion8_c,1048576,9,323.2056,9971055575563239174
fusion8,1048576,9,325.8240,9971055575563239174
sorted_array,1048576,9,210.2020,9971055575563239174
fusion8_bf,1048576,9,331.4331,9971055575563239174
btree8,1048576,9,243.7302,9971055575563239174
btree16_bl_a64,1048576,9,152.2751,9971055575563239174
btree8_bl_a64,1048576,9,215.0818,9971055575563239174
btree8_bl,1048576,9,223.0362,9971055575563239174
fusion16_w,1048576,10,221.8079,9971055575563239174
btree8_bl_a64,1048576,10,216.9586,9971055575563239174
fusion8,1048576,10,319.6777,9971055575563239174
fusion8_bf,1048576,10,333.6197,9971055575563239174
btree16_bl_a64,1048576,10,157.3059,9971055575563239174
btree8_bl,1048576,10,219.9829,9971055575563239174
btree8,1048576,10,247.2397,9971055575563239174
fusion8_c,1048576,10,320.9991,9971055575563239174
btree8_a64,1048576,10,242.3203,9971055575563239174
sorted_array,1048576,10,214.4226,9971055575563239174
btree8_bl_a64,1048576,11,209.0652,9971055575563239174
fusion8,1048576,11,328.2867,9971055575563239174
sorted_array,1048576,11,210.3836,9971055575563239174
btree8,1048576,11,236.0092,9971055575563239174
fusion8_c,1048576,11,308.8013,9971055575563239174
btree16_bl_a64,1048576,11,156.1462,9971055575563239174
btree8_bl,1048576,11,222.4335,9971055575563239174
btree8_a64,1048576,11,244.0567,9971055575563239174
fusion16_w,1048576,11,232.8262,9971055575563239174
fusion8_bf,1048576,11,335.9665,9971055575563239174
sorted_array,1048576,12,204.6631,9971055575563239174
fusion8_c,1048576,12,317.1219,9971055575563239174
btree8,1048576,12,240.7211,9971055575563239174
btree8_bl,1048576,12,219.6655,9971055575563239174
fusion8,1048576,12,326.3062,9971055575563239174
fusion16_w,1048576,12,219.1025,9971055575563239174
btree8_a64,1048576,12,246.1472,9971055575563239174
btree8_bl_a64,1048576,12,221.6431,9971055575563239174
btree16_bl_a64,1048576,12,155.6305,9971055575563239174
fusion8_bf,1048576,12,340.1093,9971055575563239174
fusion8,1048576,13,317.6132,9971055575563239174
sorted_array,1048576,13,210.6628,9971055575563239174
btree8_bl_a64,1048576,13,209.8419,9971055575563239174
btree16_bl_a64,1048576,13,151.4633,9971055575563239174
fusion8_bf,1048576,13,331.0013,9971055575563239174
btree8_a64,1048576,13,240.8173,9971055575563239174
fusion16_w,1048576,13,223.6282,9971055575563239174
fusion8_c,1048576,13,302.9953,9971055575563239174
btree8,1048576,13,237.0560,9971055575563239174
btree8_bl,1048576,13,229.9362,9971055575563239174
btree16_bl_a64,1048576,14,149.7467,9971055575563239174
btree8_bl,1048576,14,191.1530,9971055575563239174
sorted_array,1048576,14,208.5312,9971055575563239174
btree8,1048576,14,236.6287,9971055575563239174
fusion16_w,1048576,14,228.0136,9971055575563239174
fusion8_c,1048576,14,310.2966,9971055575563239174
btree8_a64,1048576,14,244.8151,9971055575563239174
fusion8_bf,1048576,14,352.3926,9971055575563239174
btree8_bl_a64,1048576,14,207.3273,9971055575563239174
fusion8,1048576,14,320.1355,9971055575563239174
btree8_a64,2097152,0,253.3173,360150140800640134
btree8_bl_a64,2097152,0,259.2361,360150140800640134
fusion8_c,2097152,0,325.8148,360150140800640134
fusion16_w,2097152,0,318.4341,360150140800640134
btree16_bl_a64,2097152,0,258.8287,360150140800640134
fusion8,2097152,0,344.9432,360150140800640134
fusion8_bf,2097152,0,353.7720,360150140800640134
btree8,2097152,0,247.8424,360150140800640134
btree8_bl,2097152,0,269.9951,360150140800640134
sorted_array,2097152,0,289.7827,360150140800640134
fusion8_c,2097152,1,318.9468,360150140800640134
fusion16_w,2097152,1,315.7532,360150140800640134
fusion8_bf,2097152,1,359.5810,360150140800640134
btree8_a64,2097152,1,253.1464,360150140800640134
sorted_array,2097152,1,287.7090,360150140800640134
btree8_bl,2097152,1,350.1709,360150140800640134
btree8,2097152,1,329.2664,360150140800640134
btree8_bl_a64,2097152,1,258.4030,360150140800640134
fusion8,2097152,1,348.6618,360150140800640134
btree16_bl_a64,2097152,1,230.3650,360150140800640134
sorted_array,2097152,2,297.7982,360150140800640134
btree8_a64,2097152,2,253.2028,360150140800640134
btree8_bl,2097152,2,268.0801,360150140800640134
fusion8_c,2097152,2,318.7332,360150140800640134
btree8,2097152,2,251.5915,360150140800640134
fusion8,2097152,2,343.9713,360150140800640134
btree16_bl_a64,2097152,2,246.1639,360150140800640134
fusion16_w,2097152,2,321.3821,360150140800640134
fusion8_bf,2097152,2,356.9672,360150140800640134
btree8_bl_a64,2097152,2,261.7462,360150140800640134
btree16_bl_a64,2097152,3,226.1810,360150140800640134
btree8_bl,2097152,3,267.5705,360150140800640134
fusion8_c,2097152,3,322.2366,360150140800640134
btree8_a64,2097152,3,256.1493,360150140800640134
fusion16_w,2097152,3,352.5330,360150140800640134
btree8,2097152,3,250.5783,360150140800640134
sorted_array,2097152,3,288.9420,360150140800640134
fusion8,2097152,3,348.2941,360150140800640134
fusion8_bf,2097152,3,348.8983,360150140800640134
btree8_bl_a64,2097152,3,260.4904,360150140800640134
btree8_bl_a64,2097152,4,131.9672,360150140800640134
btree8_a64,2097152,4,250.2747,360150140800640134
btree8,2097152,4,249.7498,360150140800640134
btree16_bl_a64,2097152,4,234.7549,360150140800640134
fusion16_w,2097152,4,323.0835,360150140800640134
btree8_bl,2097152,4,264.8926,360150140800640134
fusion8,2097152,4,347.3694,360150140800640134
sorted_array,2097152,4,294.0323,360150140800640134
fusion8_c,2097152,4,323.8434,360150140800640134
fusion8_bf,2097152,4,361.0947,360150140800640134
fusion16_w,2097152,5,315.3152,360150140800640134
btree8,2097152,5,250.7675,360150140800640134
fusion8,2097152,5,348.8052,360150140800640134
sorted_array,2097152,5,297.0184,360150140800640134
fusion8_c,2097152,5,321.0480,360150140800640134
fusion8_bf,2097152,5,357.7667,360150140800640134
btree8_bl_a64,2097152,5,258.0353,360150140800640134
btree16_bl_a64,2097152,5,234.6756,360150140800640134
btree8_a64,2097152,5,252.0294,360150140800640134
btree8_bl,2097152,5,270.2438,360150140800640134
btree8,2097152,6,252.5269,360150140800640134
btree8_bl_a64,2097152,6,260.8383,360150140800640134
fusion8_bf,2097152,6,351.1734,360150140800640134
fusion8_c,2097152,6,320.2896,360150140800640134
fusion16_w,2097152,6,328.4241,360150140800640134
sorted_array,2097152,6,290.2832,360150140800640134
fusion8,2097152,6,340.9271,360150140800640134
btree8_bl,2097152,6,269.4794,360150140800640134
btree16_bl_a64,2097152,6,238.5757,360150140800640134
btree8_a64,2097152,6,253.9490,360150140800640134
btree8_bl_a64,2097152,7,258.8425,360150140800640134
fusion16_w,2097152,7,332.5394,360150140800640134
btree16_bl_a64,2097152,7,232.6675,360150140800640134
btree8_a64,2097152,7,249.9802,360150140800640134
fusion8_bf,2097152,7,361.5234,360150140800640134
fusion8_c,2097152,7,329.7302,360150140800640134
fusion8,2097152,7,344.6564,360150140800640134
btree8,2097152,7,253.4378,360150140800640134
btree8_bl,2097152,7,271.3974,360150140800640134
sorted_array,2097152,7,290.2740,360150140800640134
fusion16_w,2097152,8,318.0374,360150140800640134
btree8_bl,2097152,8,268.5623,360150140800640134
sorted_array,2097152,8,285.5499,360150140800640134
fusion8_bf,2097152,8,348.8388,360150140800640134
btree8,2097152,8,253.7338,360150140800640134
fusion8_c,2097152,8,326.9638,360150140800640134
btree16_bl_a64,2097152,8,230.6427,360150140800640134
btree8_a64,2097152,8,252.4597,360150140800640134
fusion8,2097152,8,340.1428,360150140800640134
btree8_bl_a64,2097152,8,261.9354,360150140800640134
btree8_bl,2097152,9,266.6138,360150140800640134
fusion8,2097152,9,340.8279,360150140800640134
fusion8_c,2097152,9,322.8104,360150140800640134
fusion8_bf,2097152,9,352.4689,360150140800640134
fusion16_w,2097152,9,351.0452,360150140800640134
btree8_bl_a64,2097152,9,258.7219,360150140800640134
btree16_bl_a64,2097152,9,232.2067,360150140800640134
sorted_array,2097152,9,298.1705,360150140800640134
btree8,2097152,9,249.8489,360150140800640134
btree8_a64,2097152,9,257.1121,360150140800640134
fusion8_c,2097152,10,333.4244,360150140800640134
fusion16_w,2097152,10,327.7039,360150140800640134
btree8_bl_a64,2097152,10,262.8128,360150140800640134
fusion8,2097152,10,343.8202,360150140800640134
btree8_bl,2097152,10,274.9847,360150140800640134
fusion8_bf,2097152,10,346.3974,360150140800640134
btree16_bl_a64,2097152,10,244.5526,360150140800640134
btree8,2097152,10,256.2241,360150140800640134
btree8_a64,2097152,10,251.7807,360150140800640134
sorted_array,2097152,10,292.3828,360150140800640134
fusion8_bf,2097152,11,358.9508,360150140800640134
sorted_array,2097152,11,284.2316,360150140800640134
fusion8_c,2097152,11,328.6331,360150140800640134
btree8_bl_a64,2097152,11,258.9462,360150140800640134
btree8_bl,2097152,11,266.5955,360150140800640134
btree8_a64,2097152,11,251.2070,360150140800640134
btree8,2097152,11,250.4532,360150140800640134
btree16_bl_a64,2097152,11,244.8151,360150140800640134
fusion16_w,2097152,11,314.6820,360150140800640134
fusion8,2097152,11,348.8464,360150140800640134
btree16_bl_a64,2097152,12,243.9377,360150140800640134
fusion8,2097152,12,338.7115,360150140800640134
sorted_array,2097152,12,299.5941,360150140800640134
fusion16_w,2097152,12,316.7938,360150140800640134
fusion8_c,2097152,12,329.9423,360150140800640134
btree8,2097152,12,251.0300,360150140800640134
btree8_bl,2097152,12,266.0065,360150140800640134
fusion8_bf,2097152,12,346.9727,360150140800640134
btree8_bl_a64,2097152,12,259.2178,360150140800640134
btree8_a64,2097152,12,252.2675,360150140800640134
fusion8,2097152,13,344.5496,360150140800640134
fusion8_c,2097152,13,319.8288,360150140800640134
fusion8_bf,2097152,13,355.0308,360150140800640134
fusion16_w,2097152,13,350.7996,360150140800640134
sorted_array,2097152,13,300.3830,360150140800640134
btree8,2097152,13,251.3077,360150140800640134
btree16_bl_a64,2097152,13,238.3484,360150140800640134
btree8_a64,2097152,13,253.2700,360150140800640134
btree8_bl,2097152,13,267.6422,360150140800640134
btree8_bl_a64,2097152,13,258.8821,360150140800640134
fusion8_c,2097152,14,319.9707,360150140800640134
btree8,2097152,14,247.7829,360150140800640134
fusion8_bf,2097152,14,361.0733,360150140800640134
fusion8,2097152,14,345.2271,360150140800640134
btree8_bl,2097152,14,266.5848,360150140800640134
btree16_bl_a64,2097152,14,227.2171,360150140800640134
btree8_a64,2097152,14,251.2177,360150140800640134
fusion16_w,2097152,14,351.0605,360150140800640134
btree8_bl_a64,2097152,14,260.1013,360150140800640134
sorted_array,2097152,14,290.8829,360150140800640134
fusion8_bf,4194304,0,355.6412,13987696726093534327
btree8_bl_a64,4194304,0,300.3525,13987696726093534327
btree8,4194304,0,376.5930,13987696726093534327
fusion16_w,4194304,0,473.5565,13987696726093534327
fusion8_c,4194304,0,339.9719,13987696726093534327
btree8_a64,4194304,0,256.8344,13987696726093534327
sorted_array,4194304,0,481.5567,13987696726093534327
btree8_bl,4194304,0,273.4039,13987696726093534327
btree16_bl_a64,4194304,0,321.4264,13987696726093534327
fusion8,4194304,0,346.8536,13987696726093534327
btree8_bl_a64,4194304,1,267.1906,13987696726093534327
btree8_a64,4194304,1,255.3818,13987696726093534327
fusion8,4194304,1,345.4163,13987696726093534327
sorted_array,4194304,1,523.4772,13987696726093534327
fusion16_w,4194304,1,389.0381,13987696726093534327
fusion8_bf,4194304,1,365.5197,13987696726093534327
btree16_bl_a64,4194304,1,322.3846,13987696726093534327
btree8_bl,4194304,1,272.3526,13987696726093534327
fusion8_c,4194304,1,322.1939,13987696726093534327
btree8,4194304,1,259.9915,13987696726093534327
fusion16_w,4194304,2,402.8259,13987696726093534327
fusion8,4194304,2,346.9742,13987696726093534327
fusion8_bf,4194304,2,362.1216,13987696726093534327
btree8_bl,4194304,2,272.1054,13987696726093534327
fusion8_c,4194304,2,327.5955,13987696726093534327
sorted_array,4194304,2,484.4437,13987696726093534327
btree8_a64,4194304,2,259.2880,13987696726093534327
btree16_bl_a64,4194304,2,322.1725,13987696726093534327
btree8_bl_a64,4194304,2,265.4404,13987696726093534327
btree8,4194304,2,277.1530,13987696726093534327
fusion8,4194304,3,345.5658,13987696726093534327
fusion8_bf,4194304,3,362.9517,13987696726093534327
btree16_bl_a64,4194304,3,314.7507,13987696726093534327
fusion16_w,4194304,3,378.6026,13987696726093534327
btree8_bl_a64,4194304,3,262.5732,13987696726093534327
sorted_array,4194304,3,481.0669,13987696726093534327
btree8_a64,4194304,3,255.3726,13987696726093534327
fusion8_c,4194304,3,332.0145,13987696726093534327
btree8,4194304,3,254.0024,13987696726093534327
btree8_bl,4194304,3,278.3325,13987696726093534327
fusion8_bf,4194304,4,366.1636,13987696726093534327
btree8,4194304,4,254.4739,13987696726093534327
btree8_bl,4194304,4,274.0601,13987696726093534327
sorted_array,4194304,4,487.7457,13987696726093534327
fusion8_c,4194304,4,325.7401,13987696726093534327
btree16_bl_a64,4194304,4,327.2568,13987696726093534327
fusion8,4194304,4,344.9677,13987696726093534327
btree8_bl_a64,4194304,4,263.4598,13987696726093534327
fusion16_w,4194304,4,384.0195,13987696726093534327
btree8_a64,4194304,4,255.7556,13987696726093534327
fusion16_w,4194304,5,408.1223,13987696726093534327
sorted_array,4194304,5,517.2226,13987696726093534327
btree16_bl_a64,4194304,5,321.0632,13987696726093534327
btree8,4194304,5,256.2698,13987696726093534327
btree8_bl,4194304,5,277.3773,13987696726093534327
fusion8_bf,4194304,5,359.7244,13987696726093534327
btree8_bl_a64,4194304,5,263.5651,13987696726093534327
fusion8,4194304,5,344.9539,13987696726093534327
btree8_a64,4194304,5,257.3959,13987696726093534327
fusion8_c,4194304,5,332.3273,13987696726093534327
btree8_a64,4194304,6,246.5805,13987696726093534327
sorted_array,4194304,6,483.0460,13987696726093534327
btree8_bl_a64,4194304,6,263.1256,13987696726093534327
btree8,4194304,6,257.5439,13987696726093534327
fusion8_c,4194304,6,333.3511,13987696726093534327
fusion8_bf,4194304,6,356.8420,13987696726093534327
btree8_bl,4194304,6,275.7492,13987696726093534327
fusion16_w,4194304,6,379.4830,13987696726093534327
btree16_bl_a64,4194304,6,318.2663,13987696726093534327
fusion8,4194304,6,346.7972,13987696726093534327
btree8,4194304,7,258.6472,13987696726093534327
sorted_array,4194304,7,482.6279,13987696726093534327
fusion16_w,4194304,7,399.0921,13987696726093534327
fusion8,4194304,7,345.6329,13987696726093534327
fusion8_c,4194304,7,329.6738,13987696726093534327
btree8_bl_a64,4194304,7,267.9001,13987696726093534327
btree16_bl_a64,4194304,7,319.7754,13987696726093534327
btree8_bl,4194304,7,272.1878,13987696726093534327
btree8_a64,4194304,7,254.3106,13987696726093534327
fusion8_bf,4194304,7,361.3419,13987696726093534327
fusion8,4194304,8,346.7560,13987696726093534327
fusion16_w,4194304,8,381.2592,13987696726093534327
btree8,4194304,8,260.3012,13987696726093534327
btree16_bl_a64,4194304,8,320.0241,13987696726093534327
btree8_bl,4194304,8,274.0250,13987696726093534327
sorted_array,4194304,8,483.9767,13987696726093534327
fusion8_c,4194304,8,333.8745,13987696726093534327
fusion8_bf,4194304,8,365.2069,13987696726093534327
btree8_bl_a64,4194304,8,262.4390,13987696726093534327
btree8_a64,4194304,8,255.4642,13987696726093534327
btree8_bl_a64,4194304,9,251.5396,13987696726093534327
btree8,4194304,9,259.4193,13987696726093534327
fusion8_bf,4194304,9,366.7847,13987696726093534327
btree8_a64,4194304,9,259.6588,13987696726093534327
fusion8,4194304,9,347.3953,13987696726093534327
btree8_bl,4194304,9,277.4780,13987696726093534327
btree16_bl_a64,4194304,9,316.8152,13987696726093534327
fusion8_c,4194304,9,329.4403,13987696726093534327
fusion16_w,4194304,9,382.1716,13987696726093534327
sorted_array,4194304,9,490.8798,13987696726093534327
fusion8,4194304,10,348.9182,13987696726093534327
fusion16_w,4194304,10,379.8645,13987696726093534327
sorted_array,4194304,10,489.1983,13987696726093534327
fusion8_c,4194304,10,328.5400,13987696726093534327
btree8,4194304,10,257.6477,13987696726093534327
fusion8_bf,4194304,10,357.9086,13987696726093534327
btree8_bl_a64,4194304,10,265.5914,13987696726093534327
btree8_bl,4194304,10,273.8861,13987696726093534327
btree8_a64,4194304,10,256.8405,13987696726093534327
btree16_bl_a64,4194304,10,320.0912,13987696726093534327
fusion8_c,4194304,11,330.1895,13987696726093534327
btree8_bl,4194304,11,275.5722,13987696726093534327
fusion8_bf,4194304,11,355.6229,13987696726093534327
fusion8,4194304,11,342.8421,13987696726093534327
btree8,4194304,11,259.6313,13987696726093534327
btree8_a64,4194304,11,259.8328,13987696726093534327
btree8_bl_a64,4194304,11,266.2018,13987696726093534327
btree16_bl_a64,4194304,11,320.1172,13987696726093534327
sorted_array,4194304,11,485.2722,13987696726093534327
fusion16_w,4194304,11,376.4450,13987696726093534327
fusion8_bf,4194304,12,361.4166,13987696726093534327
btree8_bl_a64,4194304,12,266.2262,13987696726093534327
fusion16_w,4194304,12,380.6610,13987696726093534327
sorted_array,4194304,12,487.2330,13987696726093534327
btree8_bl,4194304,12,277.2278,13987696726093534327
btree16_bl_a64,4194304,12,317.8421,13987696726093534327
fusion8_c,4194304,12,328.4439,13987696726093534327
fusion8,4194304,12,347.9172,13987696726093534327
btree8,4194304,12,261.7767,13987696726093534327
btree8_a64,4194304,12,261.6119,13987696726093534327
sorted_array,4194304,13,486.8683,13987696726093534327
fusion8_bf,4194304,13,365.4480,13987696726093534327
btree8_a64,4194304,13,259.3338,13987696726093534327
btree16_bl_a64,4194304,13,317.3615,13987696726093534327
btree8_bl,4194304,13,276.0437,13987696726093534327
fusion8_c,4194304,13,325.4105,13987696726093534327
fusion16_w,4194304,13,392.2760,13987696726093534327
btree8_bl_a64,4194304,13,268.0954,13987696726093534327
fusion8,4194304,13,349.6628,13987696726093534327
btree8,4194304,13,256.7673,13987696726093534327
fusion8_bf,4194304,14,356.6879,13987696726093534327
fusion16_w,4194304,14,406.4575,13987696726093534327
fusion8,4194304,14,344.9432,13987696726093534327
btree16_bl_a64,4194304,14,325.1129,13987696726093534327
fusion8_c,4194304,14,336.5479,13987696726093534327
btree8,4194304,14,258.8943,13987696726093534327
btree8_bl,4194304,14,277.0370,13987696726093534327
btree8_a64,4194304,14,258.8867,13987696726093534327
btree8_bl_a64,4194304,14,265.1779,13987696726093534327
sorted_array,4194304,14,486.1572,13987696726093534327
btree16_bl_a64,8388608,0,339.1525,14571906064232911788
fusion16_w,8388608,0,399.3546,14571906064232911788
fusion8_bf,8388608,0,524.4690,14571906064232911788
btree8_a64,8388608,0,393.8568,14571906064232911788
btree8_bl,8388608,0,518.3792,14571906064232911788
fusion8_c,8388608,0,533.1314,14571906064232911788
btree8,8388608,0,394.5480,14571906064232911788
fusion8,8388608,0,497.7295,14571906064232911788
sorted_array,8388608,0,875.8759,14571906064232911788
btree8_bl_a64,8388608,0,359.1003,14571906064232911788
btree8_bl,8388608,1,377.9251,14571906064232911788
fusion8,8388608,1,503.4500,14571906064232911788
fusion8_c,8388608,1,474.6674,14571906064232911788
fusion8_bf,8388608,1,525.4349,14571906064232911788
btree16_bl_a64,8388608,1,333.8837,14571906064232911788
fusion16_w,8388608,1,408.9722,14571906064232911788
btree8,8388608,1,388.0356,14571906064232911788
sorted_array,8388608,1,867.8970,14571906064232911788
btree8_a64,8388608,1,388.4979,14571906064232911788
btree8_bl_a64,8388608,1,368.1946,14571906064232911788
btree8_a64,8388608,2,381.1813,14571906064232911788
fusion8_c,8388608,2,481.7474,14571906064232911788
btree16_bl_a64,8388608,2,332.3685,14571906064232911788
sorted_array,8388608,2,866.0538,14571906064232911788
fusion8_bf,8388608,2,516.9113,14571906064232911788
btree8_bl_a64,8388608,2,356.5659,14571906064232911788
fusion8,8388608,2,509.4299,14571906064232911788
btree8_bl,8388608,2,377.0660,14571906064232911788
btree8,8388608,2,394.8517,14571906064232911788
fusion16_w,8388608,2,429.0436,14571906064232911788
btree8_bl_a64,8388608,3,359.2407,14571906064232911788
fusion16_w,8388608,3,400.8911,14571906064232911788
btree16_bl_a64,8388608,3,337.1841,14571906064232911788
fusion8,8388608,3,498.3749,14571906064232911788
fusion8_c,8388608,3,470.1538,14571906064232911788
sorted_array,8388608,3,862.0865,14571906064232911788
btree8_bl,8388608,3,406.7688,14571906064232911788
btree8,8388608,3,392.0380,14571906064232911788
btree8_a64,8388608,3,393.1519,14571906064232911788
fusion8_bf,8388608,3,526.5442,14571906064232911788
btree8_bl,8388608,4,385.1212,14571906064232911788
btree8,8388608,4,396.3364,14571906064232911788
btree16_bl_a64,8388608,4,336.8515,14571906064232911788
fusion16_w,8388608,4,407.8583,14571906064232911788
sorted_array,8388608,4,863.3438,14571906064232911788
fusion8_bf,8388608,4,529.0253,14571906064232911788
btree8_bl_a64,8388608,4,366.8869,14571906064232911788
btree8_a64,8388608,4,389.3280,14571906064232911788
fusion8_c,8388608,4,487.8510,14571906064232911788
fusion8,8388608,4,506.0532,14571906064232911788
fusion8_c,8388608,5,471.1761,14571906064232911788
fusion16_w,8388608,5,412.6404,14571906064232911788
btree8,8388608,5,391.1911,14571906064232911788
sorted_array,8388608,5,872.7982,14571906064232911788
btree16_bl_a64,8388608,5,332.5027,14571906064232911788
btree8_bl_a64,8388608,5,352.9663,14571906064232911788
btree8_bl,8388608,5,376.4572,14571906064232911788
fusion8,8388608,5,505.4306,14571906064232911788
fusion8_bf,8388608,5,519.0948,14571906064232911788
btree8_a64,8388608,5,399.4080,14571906064232911788
fusion8,8388608,6,508.0429,14571906064232911788
btree8_bl,8388608,6,380.4062,14571906064232911788
btree8_a64,8388608,6,391.3696,14571906064232911788
fusion8_c,8388608,6,489.1876,14571906064232911788
fusion16_w,8388608,6,406.2286,14571906064232911788
sorted_array,8388608,6,869.4214,14571906064232911788
fusion8_bf,8388608,6,526.1002,14571906064232911788
btree16_bl_a64,8388608,6,339.9872,14571906064232911788
btree8_bl_a64,8388608,6,356.9275,14571906064232911788
btree8,8388608,6,392.4072,14571906064232911788
btree16_bl_a64,8388608,7,333.1787,14571906064232911788
btree8,8388608,7,384.1187,14571906064232911788
fusion8_bf,8388608,7,530.3513,14571906064232911788
fusion8,8388608,7,506.7245,14571906064232911788
btree8_bl,8388608,7,385.0372,14571906064232911788
btree8_bl_a64,8388608,7,357.4585,14571906064232911788
sorted_array,8388608,7,867.3340,14571906064232911788
fusion16_w,8388608,7,408.0109,14571906064232911788
fusion8_c,8388608,7,494.0079,14571906064232911788
btree8_a64,8388608,7,392.7795,14571906064232911788
fusion8_c,8388608,8,475.7355,14571906064232911788
fusion8_bf,8388608,8,522.4823,14571906064232911788
btree16_bl_a64,8388608,8,338.0386,14571906064232911788
btree8_a64,8388608,8,392.2653,14571906064232911788
sorted_array,8388608,8,866.5833,14571906064232911788
btree8_bl_a64,8388608,8,371.6049,14571906064232911788
btree8,8388608,8,392.3950,14571906064232911788
fusion8,8388608,8,505.1804,14571906064232911788
fusion16_w,8388608,8,415.7471,14571906064232911788
btree8_bl,8388608,8,370.7809,14571906064232911788
fusion8_c,8388608,9,476.2070,14571906064232911788
btree16_bl_a64,8388608,9,338.9099,14571906064232911788
fusion8,8388608,9,499.5850,14571906064232911788
fusion16_w,8388608,9,408.1238,14571906064232911788
btree8_bl,8388608,9,401.9409,14571906064232911788
btree8_a64,8388608,9,392.5491,14571906064232911788
fusion8_bf,8388608,9,536.9888,14571906064232911788
btree8_bl_a64,8388608,9,355.0629,14571906064232911788
btree8,8388608,9,390.1428,14571906064232911788
sorted_array,8388608,9,871.0098,14571906064232911788
fusion8,8388608,10,502.7573,14571906064232911788
sorted_array,8388608,10,867.5110,14571906064232911788
fusion8_c,8388608,10,472.3770,14571906064232911788
fusion8_bf,8388608,10,527.8702,14571906064232911788
btree8_bl_a64,8388608,10,361.6135,14571906064232911788
btree16_bl_a64,8388608,10,346.2601,14571906064232911788
btree8_bl,8388608,10,377.7405,14571906064232911788
fusion16_w,8388608,10,403.9230,14571906064232911788
btree8,8388608,10,391.4352,14571906064232911788
btree8_a64,8388608,10,390.5838,14571906064232911788
btree8,8388608,11,378.6697,14571906064232911788
sorted_array,8388608,11,875.4852,14571906064232911788
btree8_bl,8388608,11,375.3036,14571906064232911788
btree16_bl_a64,8388608,11,336.3846,14571906064232911788
btree8_a64,8388608,11,389.7400,14571906064232911788
fusion8_c,8388608,11,483.4518,14571906064232911788
fusion8_bf,8388608,11,528.7125,14571906064232911788
fusion16_w,8388608,11,430.2582,14571906064232911788
btree8_bl_a64,8388608,11,357.3456,14571906064232911788
fusion8,8388608,11,515.9225,14571906064232911788
sorted_array,8388608,12,864.5966,14571906064232911788
btree8_a64,8388608,12,391.0095,14571906064232911788
btree8,8388608,12,396.0464,14571906064232911788
fusion8_c,8388608,12,485.4431,14571906064232911788
btree8_bl,8388608,12,372.0169,14571906064232911788
fusion8_bf,8388608,12,523.0362,14571906064232911788
fusion16_w,8388608,12,408.6548,14571906064232911788
btree8_bl_a64,8388608,12,388.6124,14571906064232911788
fusion8,8388608,12,509.5673,14571906064232911788
btree16_bl_a64,8388608,12,335.1517,14571906064232911788
btree8,8388608,13,392.8650,14571906064232911788
btree16_bl_a64,8388608,13,331.1905,14571906064232911788
fusion8,8388608,13,502.7191,14571906064232911788
btree8_bl,8388608,13,379.3411,14571906064232911788
btree8_a64,8388608,13,389.0427,14571906064232911788
fusion16_w,8388608,13,431.7841,14571906064232911788
btree8_bl_a64,8388608,13,352.5772,14571906064232911788
fusion8_bf,8388608,13,524.1074,14571906064232911788
fusion8_c,8388608,13,473.9975,14571906064232911788
sorted_array,8388608,13,877.9587,14571906064232911788
fusion8_bf,8388608,14,528.9856,14571906064232911788
btree8_bl,8388608,14,375.5112,14571906064232911788
btree8_bl_a64,8388608,14,357.7896,14571906064232911788
btree8,8388608,14,391.0797,14571906064232911788
sorted_array,8388608,14,873.4589,14571906064232911788
fusion8,8388608,14,500.5936,14571906064232911788
fusion16_w,8388608,14,407.7133,14571906064232911788
fusion8_c,8388608,14,471.7850,14571906064232911788
btree8_a64,8388608,14,395.8939,14571906064232911788
btree16_bl_a64,8388608,14,336.9202,14571906064232911788
fusion8,16777216,0,555.0842,762412688173254828
fusion16_w,16777216,0,419.9875,762412688173254828
btree8,16777216,0,434.6100,762412688173254828
btree16_bl_a64,16777216,0,340.6937,762412688173254828
btree8_bl_a64,16777216,0,442.5964,762412688173254828
btree8_bl,16777216,0,451.7075,762412688173254828
fusion8_bf,16777216,0,568.7759,762412688173254828
btree8_a64,16777216,0,430.0964,762412688173254828
fusion8_c,16777216,0,520.2499,762412688173254828
sorted_array,16777216,0,1160.4523,762412688173254828
btree8,16777216,1,437.7426,762412688173254828
btree16_bl_a64,16777216,1,340.7211,762412688173254828
btree8_bl,16777216,1,445.4025,762412688173254828
fusion8_c,16777216,1,512.6038,762412688173254828
btree8_bl_a64,16777216,1,426.5701,762412688173254828
btree8_a64,16777216,1,431.7688,762412688173254828
sorted_array,16777216,1,1160.8475,762412688173254828
fusion8,16777216,1,554.3198,762412688173254828
fusion8_bf,16777216,1,564.8117,762412688173254828
fusion16_w,16777216,1,431.1203,762412688173254828
btree8_a64,16777216,2,430.0766,762412688173254828
fusion8,16777216,2,550.6653,762412688173254828
btree8_bl,16777216,2,448.1323,762412688173254828
sorted_array,16777216,2,1160.9070,762412688173254828
fusion8_c,16777216,2,507.9437,762412688173254828
fusion8_bf,16777216,2,571.6476,762412688173254828
btree8_bl_a64,16777216,2,427.5269,762412688173254828
btree16_bl_a64,16777216,2,333.6563,762412688173254828
fusion16_w,16777216,2,427.7527,762412688173254828
btree8,16777216,2,434.7961,762412688173254828
btree8,16777216,3,342.8040,762412688173254828
btree8_a64,16777216,3,436.2869,762412688173254828
fusion8,16777216,3,549.9359,762412688173254828
fusion8_bf,16777216,3,592.7689,762412688173254828
sorted_array,16777216,3,1164.3326,762412688173254828
fusion16_w,16777216,3,423.6725,762412688173254828
btree16_bl_a64,16777216,3,342.8223,762412688173254828
btree8_bl,16777216,3,443.9819,762412688173254828
fusion8_c,16777216,3,513.3942,762412688173254828
btree8_bl_a64,16777216,3,423.3780,762412688173254828
fusion8,16777216,4,555.9128,762412688173254828
fusion8_c,16777216,4,511.4151,762412688173254828
btree8,16777216,4,433.6731,762412688173254828
fusion16_w,16777216,4,435.2280,762412688173254828
btree8_a64,16777216,4,428.0487,762412688173254828
btree8_bl,16777216,4,445.6924,762412688173254828
sorted_array,16777216,4,1161.6226,762412688173254828
btree8_bl_a64,16777216,4,419.6701,762412688173254828
btree16_bl_a64,16777216,4,349.8901,762412688173254828
fusion8_bf,16777216,4,561.6806,762412688173254828
fusion8,16777216,5,553.3020,762412688173254828
btree8,16777216,5,432.8522,762412688173254828
btree8_bl_a64,16777216,5,421.9833,762412688173254828
fusion8_c,16777216,5,509.3933,762412688173254828
btree16_bl_a64,16777216,5,342.7277,762412688173254828
btree8_a64,16777216,5,426.4969,762412688173254828
btree8_bl,16777216,5,447.9828,762412688173254828
fusion16_w,16777216,5,427.4490,762412688173254828
sorted_array,16777216,5,1163.1912,762412688173254828
fusion8_bf,16777216,5,561.2991,762412688173254828
sorted_array,16777216,6,1160.9741,762412688173254828
fusion8_c,16777216,6,519.3146,762412688173254828
btree8,16777216,6,432.3196,762412688173254828
fusion8,16777216,6,576.2543,762412688173254828
btree8_bl,16777216,6,440.8432,762412688173254828
btree8_a64,16777216,6,430.9784,762412688173254828
btree16_bl_a64,16777216,6,338.6597,762412688173254828
fusion16_w,16777216,6,427.0081,762412688173254828
btree8_bl_a64,16777216,6,424.5270,762412688173254828
fusion8_bf,16777216,6,565.7379,762412688173254828
btree8_bl_a64,16777216,7,428.1906,762412688173254828
btree8,16777216,7,436.3525,762412688173254828
btree8_a64,16777216,7,447.9507,762412688173254828
fusion8_c,16777216,7,533.9615,762412688173254828
btree16_bl_a64,16777216,7,342.1005,762412688173254828
fusion8_bf,16777216,7,563.6810,762412688173254828
fusion8,16777216,7,559.1217,762412688173254828
sorted_array,16777216,7,1166.3422,762412688173254828
btree8_bl,16777216,7,452.7435,762412688173254828
fusion16_w,16777216,7,426.6922,762412688173254828
fusion8,16777216,8,561.5280,762412688173254828
sorted_array,16777216,8,1164.8727,762412688173254828
fusion8_c,16777216,8,515.2771,762412688173254828
btree8,16777216,8,437.1933,762412688173254828
btree8_bl_a64,16777216,8,426.0605,762412688173254828
btree8_bl,16777216,8,444.0033,762412688173254828
fusion16_w,16777216,8,424.5499,762412688173254828
fusion8_bf,16777216,8,568.7103,762412688173254828
btree16_bl_a64,16777216,8,337.0667,762412688173254828
btree8_a64,16777216,8,431.9351,762412688173254828
fusion8,16777216,9,564.0869,762412688173254828
btree8,16777216,9,437.8922,762412688173254828
fusion8_c,16777216,9,523.5031,762412688173254828
fusion16_w,16777216,9,430.7236,762412688173254828
sorted_array,16777216,9,1161.9278,762412688173254828
btree8_bl_a64,16777216,9,423.9944,762412688173254828
btree16_bl_a64,16777216,9,340.7532,762412688173254828
btree8_bl,16777216,9,446.2509,762412688173254828
fusion8_bf,16777216,9,562.6587,762412688173254828
btree8_a64,16777216,9,434.3750,762412688173254828
btree8,16777216,10,435.3989,762412688173254828
fusion16_w,16777216,10,434.4971,762412688173254828
fusion8_c,16777216,10,512.5549,762412688173254828
btree8_a64,16777216,10,430.5801,762412688173254828
fusion8,16777216,10,554.6127,762412688173254828
btree8_bl_a64,16777216,10,422.0978,762412688173254828
sorted_array,16777216,10,1163.4262,762412688173254828
fusion8_bf,16777216,10,567.7643,762412688173254828
btree8_bl,16777216,10,451.7593,762412688173254828
btree16_bl_a64,16777216,10,344.3604,762412688173254828
btree8_a64,16777216,11,427.8915,762412688173254828
btree8,16777216,11,436.5906,762412688173254828
fusion8_c,16777216,11,523.6542,762412688173254828
btree8_bl_a64,16777216,11,421.5866,762412688173254828
fusion8_bf,16777216,11,568.5623,762412688173254828
fusion8,16777216,11,557.3608,762412688173254828
btree8_bl,16777216,11,442.9443,762412688173254828
fusion16_w,16777216,11,427.6367,762412688173254828
btree16_bl_a64,16777216,11,344.1940,762412688173254828
sorted_array,16777216,11,1167.8726,762412688173254828
fusion8_c,16777216,12,512.3199,762412688173254828
sorted_array,16777216,12,1157.6981,762412688173254828
btree8_bl_a64,16777216,12,421.1441,762412688173254828
btree8_bl,16777216,12,451.2451,762412688173254828
btree16_bl_a64,16777216,12,340.4404,762412688173254828
fusion8_bf,16777216,12,565.8325,762412688173254828
btree8_a64,16777216,12,433.6182,762412688173254828
fusion16_w,16777216,12,434.8145,762412688173254828
fusion8,16777216,12,549.2203,762412688173254828
btree8,16777216,12,430.2628,762412688173254828
fusion16_w,16777216,13,437.8113,762412688173254828
btree8_bl,16777216,13,447.7417,762412688173254828
fusion8_bf,16777216,13,565.9409,762412688173254828
btree8_bl_a64,16777216,13,423.6923,762412688173254828
btree8_a64,16777216,13,429.1229,762412688173254828
fusion8,16777216,13,558.6578,762412688173254828
btree16_bl_a64,16777216,13,340.8966,762412688173254828
sorted_array,16777216,13,1159.7153,762412688173254828
btree8,16777216,13,433.4015,762412688173254828
fusion8_c,16777216,13,517.4591,762412688173254828
sorted_array,16777216,14,1162.6724,762412688173254828
btree8_a64,16777216,14,427.8137,762412688173254828
btree8_bl_a64,16777216,14,423.1110,762412688173254828
fusion8_c,16777216,14,505.4291,762412688173254828
btree8_bl,16777216,14,449.2859,762412688173254828
btree8,16777216,14,431.7444,762412688173254828
fusion16_w,16777216,14,433.1360,762412688173254828
btree16_bl_a64,16777216,14,346.1075,762412688173254828
fusion8,16777216,14,561.5326,762412688173254828
fusion8_bf,16777216,14,565.1154,762412688173254828
fusion8_c,33554432,0,553.1357,11029033927968932563
btree8_bl,33554432,0,501.8524,11029033927968932563
btree8,33554432,0,484.8190,11029033927968932563
fusion8,33554432,0,611.4883,11029033927968932563
btree8_bl_a64,33554432,0,435.0143,11029033927968932563
fusion16_w,33554432,0,593.4174,11029033927968932563
btree16_bl_a64,33554432,0,471.8109,11029033927968932563
fusion8_bf,33554432,0,569.9905,11029033927968932563
sorted_array,33554432,0,1400.8682,11029033927968932563
btree8_a64,33554432,0,435.8932,11029033927968932563
fusion16_w,33554432,1,610.3256,11029033927968932563
sorted_array,33554432,1,1399.1150,11029033927968932563
btree8_bl_a64,33554432,1,438.9725,11029033927968932563
btree8_bl,33554432,1,458.7463,11029033927968932563
fusion8,33554432,1,558.1146,11029033927968932563
btree8,33554432,1,448.5809,11029033927968932563
fusion8_bf,33554432,1,576.4786,11029033927968932563
fusion8_c,33554432,1,513.3270,11029033927968932563
btree16_bl_a64,33554432,1,473.8693,11029033927968932563
btree8_a64,33554432,1,432.9269,11029033927968932563
sorted_array,33554432,2,1395.2744,11029033927968932563
btree8,33554432,2,442.2424,11029033927968932563
fusion8_c,33554432,2,519.4427,11029033927968932563
fusion16_w,33554432,2,581.6803,11029033927968932563
btree8_a64,33554432,2,437.1872,11029033927968932563
btree16_bl_a64,33554432,2,483.2550,11029033927968932563
btree8_bl,33554432,2,452.6901,11029033927968932563
fusion8,33554432,2,554.6204,11029033927968932563
fusion8_bf,33554432,2,569.3466,11029033927968932563
btree8_bl_a64,33554432,2,436.2579,11029033927968932563
fusion16_w,33554432,3,597.3770,11029033927968932563
sorted_array,33554432,3,1404.5288,11029033927968932563
fusion8,33554432,3,556.2637,11029033927968932563
btree8_bl_a64,33554432,3,437.4451,11029033927968932563
fusion8_c,33554432,3,518.4097,11029033927968932563
btree8_a64,33554432,3,438.6093,11029033927968932563
btree8,33554432,3,444.0338,11029033927968932563
btree8_bl,33554432,3,456.5292,11029033927968932563
fusion8_bf,33554432,3,576.0773,11029033927968932563
btree16_bl_a64,33554432,3,471.1533,11029033927968932563
fusion16_w,33554432,4,581.3995,11029033927968932563
btree8_bl_a64,33554432,4,431.6650,11029033927968932563
sorted_array,33554432,4,1396.9254,11029033927968932563
btree8_bl,33554432,4,457.5134,11029033927968932563
fusion8,33554432,4,560.1593,11029033927968932563
fusion8_bf,33554432,4,571.5759,11029033927968932563
btree8,33554432,4,437.2421,11029033927968932563
fusion8_c,33554432,4,522.9950,11029033927968932563
btree8_a64,33554432,4,434.4315,11029033927968932563
btree16_bl_a64,33554432,4,488.8748,11029033927968932563
fusion8,33554432,5,559.5306,11029033927968932563
fusion8_c,33554432,5,508.9828,11029033927968932563
btree16_bl_a64,33554432,5,475.4349,11029033927968932563
btree8_a64,33554432,5,437.3627,11029033927968932563
btree8_bl_a64,33554432,5,432.4203,11029033927968932563
btree8_bl,33554432,5,459.8145,11029033927968932563
fusion16_w,33554432,5,580.2048,11029033927968932563
fusion8_bf,33554432,5,574.4186,11029033927968932563
sorted_array,33554432,5,1401.6937,11029033927968932563
btree8,33554432,5,436.3556,11029033927968932563
fusion8_bf,33554432,6,567.3141,11029033927968932563
fusion16_w,33554432,6,605.9296,11029033927968932563
btree8,33554432,6,441.1453,11029033927968932563
btree8_bl_a64,33554432,6,435.6415,11029033927968932563
fusion8_c,33554432,6,521.1823,11029033927968932563
sorted_array,33554432,6,1397.7356,11029033927968932563
fusion8,33554432,6,557.3364,11029033927968932563
btree16_bl_a64,33554432,6,484.7794,11029033927968932563
btree8_a64,33554432,6,437.9074,11029033927968932563
btree8_bl,33554432,6,456.6315,11029033927968932563
fusion16_w,33554432,7,587.2482,11029033927968932563
btree8_bl_a64,33554432,7,439.9277,11029033927968932563
btree16_bl_a64,33554432,7,481.7795,11029033927968932563
btree8_bl,33554432,7,459.1003,11029033927968932563
fusion8_c,33554432,7,517.9016,11029033927968932563
fusion8_bf,33554432,7,574.8581,11029033927968932563
sorted_array,33554432,7,1395.4361,11029033927968932563
btree8_a64,33554432,7,439.1388,11029033927968932563
fusion8,33554432,7,555.5756,11029033927968932563
btree8,33554432,7,436.4136,11029033927968932563
btree8_bl_a64,33554432,8,436.0306,11029033927968932563
fusion8_c,33554432,8,517.9352,11029033927968932563
fusion8,33554432,8,556.8069,11029033927968932563
fusion8_bf,33554432,8,580.9601,11029033927968932563
btree16_bl_a64,33554432,8,496.1136,11029033927968932563
btree8_a64,33554432,8,440.5167,11029033927968932563
sorted_array,33554432,8,1399.0936,11029033927968932563
btree8_bl,33554432,8,462.1582,11029033927968932563
btree8,33554432,8,448.2697,11029033927968932563
fusion16_w,33554432,8,606.4774,11029033927968932563
btree8_a64,33554432,9,434.8679,11029033927968932563
btree8_bl,33554432,9,454.9332,11029033927968932563
btree8,33554432,9,439.0549,11029033927968932563
btree16_bl_a64,33554432,9,476.8600,11029033927968932563
fusion8,33554432,9,556.8939,11029033927968932563
fusion8_c,33554432,9,518.5699,11029033927968932563
fusion8_bf,33554432,9,571.3760,11029033927968932563
sorted_array,33554432,9,1397.8577,11029033927968932563
btree8_bl_a64,33554432,9,430.6107,11029033927968932563
fusion16_w,33554432,9,581.1264,11029033927968932563
btree8_a64,33554432,10,430.9891,11029033927968932563
btree16_bl_a64,33554432,10,483.7662,11029033927968932563
btree8,33554432,10,440.3381,11029033927968932563
fusion16_w,33554432,10,600.6104,11029033927968932563
sorted_array,33554432,10,1401.2848,11029033927968932563
btree8_bl,33554432,10,450.0153,11029033927968932563
fusion8_c,33554432,10,515.8707,11029033927968932563
fusion8_bf,33554432,10,571.4355,11029033927968932563
fusion8,33554432,10,563.7314,11029033927968932563
btree8_bl_a64,33554432,10,438.4750,11029033927968932563
fusion8_bf,33554432,11,575.1984,11029033927968932563
fusion8,33554432,11,552.8717,11029033927968932563
btree16_bl_a64,33554432,11,471.1029,11029033927968932563
btree8_bl,33554432,11,451.2405,11029033927968932563
fusion16_w,33554432,11,582.4356,11029033927968932563
sorted_array,33554432,11,1395.4453,11029033927968932563
fusion8_c,33554432,11,516.0797,11029033927968932563
btree8,33554432,11,439.2120,11029033927968932563
btree8_a64,33554432,11,434.3826,11029033927968932563
btree8_bl_a64,33554432,11,441.8060,11029033927968932563
btree8_bl,33554432,12,457.1396,11029033927968932563
fusion8_c,33554432,12,519.8044,11029033927968932563
fusion16_w,33554432,12,612.7640,11029033927968932563
btree8_a64,33554432,12,439.2685,11029033927968932563
fusion8_bf,33554432,12,574.3927,11029033927968932563
sorted_array,33554432,12,1396.7148,11029033927968932563
fusion8,33554432,12,559.2270,11029033927968932563
btree8,33554432,12,440.0787,11029033927968932563
btree16_bl_a64,33554432,12,476.7746,11029033927968932563
btree8_bl_a64,33554432,12,437.5778,11029033927968932563
btree8_a64,33554432,13,433.2901,11029033927968932563
fusion8,33554432,13,556.7459,11029033927968932563
fusion8_bf,33554432,13,566.8900,11029033927968932563
btree8_bl_a64,33554432,13,437.3428,11029033927968932563
btree8_bl,33554432,13,454.8492,11029033927968932563
fusion8_c,33554432,13,512.4008,11029033927968932563
btree16_bl_a64,33554432,13,489.8163,11029033927968932563
sorted_array,33554432,13,1394.4580,11029033927968932563
btree8,33554432,13,436.9125,11029033927968932563
fusion16_w,33554432,13,600.5661,11029033927968932563
fusion16_w,33554432,14,517.8131,11029033927968932563
btree8_bl_a64,33554432,14,438.1866,11029033927968932563
fusion8_c,33554432,14,512.9959,11029033927968932563
btree8_a64,33554432,14,438.7375,11029033927968932563
sorted_array,33554432,14,1394.0475,11029033927968932563
fusion8,33554432,14,555.5283,11029033927968932563
btree16_bl_a64,33554432,14,482.9163,11029033927968932563
btree8_bl,33554432,14,451.1551,11029033927968932563
fusion8_bf,33554432,14,572.1268,11029033927968932563
btree8,33554432,14,437.4908,11029033927968932563
