structure,n,rep,ns_per_query,checksum
fusion8,256,0,39.7995,3802318259966007189
fusion8_c,256,0,41.8060,3802318259966007189
btree8_a64,256,0,20.4834,3802318259966007189
btree16_bl_a64,256,0,14.1678,3802318259966007189
btree8,256,0,22.9584,3802318259966007189
btree8_bl,256,0,21.8491,3802318259966007189
fusion16_w,256,0,38.6246,3802318259966007189
fusion8_bf,256,0,43.4158,3802318259966007189
btree8_bl_a64,256,0,20.2362,3802318259966007189
sorted_array,256,0,13.1287,3802318259966007189
btree8_bl,256,1,21.8384,3802318259966007189
fusion8,256,1,39.8895,3802318259966007189
btree16_bl_a64,256,1,14.0976,3802318259966007189
fusion16_w,256,1,38.5696,3802318259966007189
btree8_bl_a64,256,1,20.4071,3802318259966007189
btree8_a64,256,1,20.3964,3802318259966007189
fusion8_c,256,1,41.9586,3802318259966007189
sorted_array,256,1,13.0692,3802318259966007189
btree8,256,1,21.3028,3802318259966007189
fusion8_bf,256,1,43.5104,3802318259966007189
btree8_bl,256,2,22.2610,3802318259966007189
sorted_array,256,2,13.0951,3802318259966007189
btree16_bl_a64,256,2,14.0686,3802318259966007189
fusion8_c,256,2,41.9342,3802318259966007189
btree8_a64,256,2,20.3690,3802318259966007189
btree8,256,2,22.9294,3802318259966007189
fusion16_w,256,2,38.5818,3802318259966007189
fusion8,256,2,39.7629,3802318259966007189
fusion8_bf,256,2,43.2358,3802318259966007189
btree8_bl_a64,256,2,20.2164,3802318259966007189
fusion8_c,256,3,42.0227,3802318259966007189
fusion8_bf,256,3,43.1747,3802318259966007189
btree16_bl_a64,256,3,14.0610,3802318259966007189
btree8_bl_a64,256,3,20.2682,3802318259966007189
fusion8,256,3,39.9445,3802318259966007189
btree8,256,3,21.2738,3802318259966007189
sorted_array,256,3,13.1119,3802318259966007189
fusion16_w,256,3,38.4232,3802318259966007189
btree8_a64,256,3,20.4300,3802318259966007189
btree8_bl,256,3,21.8582,3802318259966007189
btree8_bl,256,4,21.7545,3802318259966007189
fusion16_w,256,4,38.2996,3802318259966007189
btree8_bl_a64,256,4,20.3003,3802318259966007189
btree16_bl_a64,256,4,14.1083,3802318259966007189
btree8,256,4,21.2250,3802318259966007189
fusion8,256,4,40.4068,3802318259966007189
fusion8_c,256,4,41.7496,3802318259966007189
fusion8_bf,256,4,43.1305,3802318259966007189
sorted_array,256,4,13.0920,3802318259966007189
btree8_a64,256,4,20.5475,3802318259966007189
fusion8_bf,256,5,42.9840,3802318259966007189
btree8,256,5,21.2448,3802318259966007189
btree8_a64,256,5,22.3618,3802318259966007189
btree8_bl,256,5,22.2488,3802318259966007189
btree16_bl_a64,256,5,14.1068,3802318259966007189
fusion8,256,5,39.8376,3802318259966007189
fusion16_w,256,5,38.3453,3802318259966007189
sorted_array,256,5,13.0661,3802318259966007189
btree8_bl_a64,256,5,20.3461,3802318259966007189
fusion8_c,256,5,41.9403,3802318259966007189
fusion8,256,6,40.6601,3802318259966007189
btree8_a64,256,6,20.4346,3802318259966007189
sorted_array,256,6,13.0798,3802318259966007189
btree8_bl,256,6,21.8796,3802318259966007189
btree16_bl_a64,256,6,14.0549,3802318259966007189
fusion8_bf,256,6,43.3167,3802318259966007189
fusion16_w,256,6,38.4293,3802318259966007189
btree8_bl_a64,256,6,20.3186,3802318259966007189
fusion8_c,256,6,41.8060,3802318259966007189
btree8,256,6,21.2708,3802318259966007189
fusion8_c,256,7,42.0609,3802318259966007189
fusion8_bf,256,7,43.3105,3802318259966007189
sorted_array,256,7,13.0920,3802318259966007189
btree8_bl,256,7,21.9757,3802318259966007189
btree8,256,7,21.5271,3802318259966007189
fusion16_w,256,7,38.4216,3802318259966007189
btree8_a64,256,7,20.5200,3802318259966007189
fusion8,256,7,41.1926,3802318259966007189
btree8_bl_a64,256,7,20.2774,3802318259966007189
btree16_bl_a64,256,7,14.0594,3802318259966007189
fusion8_c,256,8,41.7908,3802318259966007189
btree8_bl,256,8,21.8628,3802318259966007189
btree16_bl_a64,256,8,14.1006,3802318259966007189
fusion16_w,256,8,38.5086,3802318259966007189
btree8_bl_a64,256,8,20.1996,3802318259966007189
btree8,256,8,21.1990,3802318259966007189
btree8_a64,256,8,22.2427,3802318259966007189
fusion8_bf,256,8,43.7836,3802318259966007189
fusion8,256,8,40.1810,3802318259966007189
sorted_array,256,8,13.0981,3802318259966007189
fusion8_bf,256,9,43.2022,3802318259966007189
sorted_array,256,9,13.1119,3802318259966007189
btree8,256,9,21.3928,3802318259966007189
btree8_a64,256,9,22.0474,3802318259966007189
fusion16_w,256,9,38.5559,3802318259966007189
btree8_bl,256,9,21.8430,3802318259966007189
btree8_bl_a64,256,9,20.2057,3802318259966007189
btree16_bl_a64,256,9,14.1266,3802318259966007189
fusion8_c,256,9,41.9846,3802318259966007189
fusion8,256,9,39.8193,3802318259966007189
fusion8,256,10,39.4897,3802318259966007189
btree16_bl_a64,256,10,14.0930,3802318259966007189
btree8_bl_a64,256,10,20.3323,3802318259966007189
sorted_array,256,10,13.0661,3802318259966007189
fusion16_w,256,10,38.3148,3802318259966007189
btree8_bl,256,10,21.8323,3802318259966007189
fusion8_c,256,10,42.0731,3802318259966007189
btree8_a64,256,10,20.6085,3802318259966007189
btree8,256,10,23.0209,3802318259966007189
fusion8_bf,256,10,43.6707,3802318259966007189
fusion8,256,11,40.1550,3802318259966007189
btree8_a64,256,11,20.4636,3802318259966007189
fusion8_bf,256,11,43.5303,3802318259966007189
btree8,256,11,21.4096,3802318259966007189
btree8_bl_a64,256,11,20.2835,3802318259966007189
btree8_bl,256,11,22.0078,3802318259966007189
sorted_array,256,11,13.0661,3802318259966007189
fusion8_c,256,11,41.9174,3802318259966007189
btree16_bl_a64,256,11,14.1159,3802318259966007189
fusion16_w,256,11,38.3224,3802318259966007189
btree8_bl,256,12,21.8124,3802318259966007189
fusion16_w,256,12,38.4048,3802318259966007189
fusion8_bf,256,12,43.1854,3802318259966007189
fusion8,256,12,40.6952,3802318259966007189
sorted_array,256,12,13.0707,3802318259966007189
btree8_a64,256,12,20.1691,3802318259966007189
btree8_bl_a64,256,12,20.2637,3802318259966007189
fusion8_c,256,12,42.0395,3802318259966007189
btree16_bl_a64,256,12,14.1403,3802318259966007189
btree8,256,12,21.3593,3802318259966007189
fusion8,256,13,40.3366,3802318259966007189
fusion16_w,256,13,38.5803,3802318259966007189
btree8_a64,256,13,20.1126,3802318259966007189
fusion8_c,256,13,42.1616,3802318259966007189
btree8,256,13,21.4355,3802318259966007189
btree8_bl,256,13,21.9193,3802318259966007189
fusion8_bf,256,13,43.4921,3802318259966007189
btree16_bl_a64,256,13,14.0823,3802318259966007189
btree8_bl_a64,256,13,20.2591,3802318259966007189
sorted_array,256,13,13.0676,3802318259966007189
btree8_bl_a64,256,14,20.2042,3802318259966007189
fusion16_w,256,14,38.4811,3802318259966007189
btree8,256,14,21.2677,3802318259966007189
btree8_a64,256,14,21.6949,3802318259966007189
sorted_array,256,14,13.0676,3802318259966007189
btree8_bl,256,14,21.8475,3802318259966007189
btree16_bl_a64,256,14,14.2731,3802318259966007189
fusion8_bf,256,14,43.3289,3802318259966007189
fusion8,256,14,40.3030,3802318259966007189
fusion8_c,256,14,41.9067,3802318259966007189
fusion8_c,512,0,44.4885,18445980686323395203
btree8,512,0,23.9197,18445980686323395203
btree8_a64,512,0,23.9487,18445980686323395203
btree8_bl,512,0,21.8048,18445980686323395203
btree8_bl_a64,512,0,19.4504,18445980686323395203
fusion8,512,0,40.4587,18445980686323395203
sorted_array,512,0,14.3616,18445980686323395203
btree16_bl_a64,512,0,20.2454,18445980686323395203
fusion8_bf,512,0,45.6863,18445980686323395203
fusion16_w,512,0,50.3647,18445980686323395203
btree8_a64,512,1,22.3099,18445980686323395203
btree8,512,1,25.8926,18445980686323395203
fusion16_w,512,1,50.3967,18445980686323395203
fusion8,512,1,40.4739,18445980686323395203
btree8_bl,512,1,21.8521,18445980686323395203
btree16_bl_a64,512,1,20.2545,18445980686323395203
btree8_bl_a64,512,1,19.4366,18445980686323395203
fusion8_bf,512,1,45.6467,18445980686323395203
fusion8_c,512,1,44.3314,18445980686323395203
sorted_array,512,1,14.3753,18445980686323395203
fusion16_w,512,2,50.3998,18445980686323395203
btree8_bl_a64,512,2,19.4336,18445980686323395203
btree16_bl_a64,512,2,20.1736,18445980686323395203
fusion8_c,512,2,44.5053,18445980686323395203
fusion8_bf,512,2,45.5139,18445980686323395203
btree8_bl,512,2,21.7560,18445980686323395203
fusion8,512,2,40.4724,18445980686323395203
sorted_array,512,2,14.3311,18445980686323395203
btree8,512,2,24.0723,18445980686323395203
btree8_a64,512,2,23.9792,18445980686323395203
btree8_bl_a64,512,3,19.4611,18445980686323395203
btree8_a64,512,3,22.4777,18445980686323395203
sorted_array,512,3,14.4318,18445980686323395203
fusion8_c,512,3,44.5023,18445980686323395203
btree8,512,3,24.0921,18445980686323395203
fusion8,512,3,40.9592,18445980686323395203
fusion8_bf,512,3,45.5200,18445980686323395203
btree8_bl,512,3,21.7514,18445980686323395203
fusion16_w,512,3,50.3647,18445980686323395203
btree16_bl_a64,512,3,20.4330,18445980686323395203
fusion8_c,512,4,44.2856,18445980686323395203
btree8_bl,512,4,21.7285,18445980686323395203
btree16_bl_a64,512,4,20.1660,18445980686323395203
btree8,512,4,24.0036,18445980686323395203
btree8_bl_a64,512,4,19.4153,18445980686323395203
sorted_array,512,4,14.3707,18445980686323395203
btree8_a64,512,4,22.6395,18445980686323395203
fusion8_bf,512,4,45.7535,18445980686323395203
fusion16_w,512,4,50.5692,18445980686323395203
fusion8,512,4,40.4770,18445980686323395203
btree8_bl_a64,512,5,19.4199,18445980686323395203
btree8_bl,512,5,21.8170,18445980686323395203
fusion8_c,512,5,44.4016,18445980686323395203
btree16_bl_a64,512,5,20.1675,18445980686323395203
btree8,512,5,24.3759,18445980686323395203
btree8_a64,512,5,23.7625,18445980686323395203
fusion16_w,512,5,50.4440,18445980686323395203
sorted_array,512,5,14.3387,18445980686323395203
fusion8_bf,512,5,45.5780,18445980686323395203
fusion8,512,5,40.7166,18445980686323395203
fusion8,512,6,40.6128,18445980686323395203
btree8,512,6,23.9761,18445980686323395203
sorted_array,512,6,14.3707,18445980686323395203
btree16_bl_a64,512,6,20.2850,18445980686323395203
fusion16_w,512,6,50.4135,18445980686323395203
fusion8_c,512,6,44.4000,18445980686323395203
btree8_bl_a64,512,6,19.4366,18445980686323395203
btree8_a64,512,6,21.9513,18445980686323395203
btree8_bl,512,6,21.7896,18445980686323395203
fusion8_bf,512,6,45.8511,18445980686323395203
btree8,512,7,23.8281,18445980686323395203
btree8_a64,512,7,23.6923,18445980686323395203
fusion8_c,512,7,44.5343,18445980686323395203
fusion8_bf,512,7,45.5505,18445980686323395203
fusion8,512,7,40.6906,18445980686323395203
btree8_bl_a64,512,7,19.4382,18445980686323395203
fusion16_w,512,7,50.3052,18445980686323395203
btree16_bl_a64,512,7,20.1736,18445980686323395203
sorted_array,512,7,14.3860,18445980686323395203
btree8_bl,512,7,21.9315,18445980686323395203
sorted_array,512,8,14.3372,18445980686323395203
btree8_bl,512,8,21.7560,18445980686323395203
btree8_bl_a64,512,8,19.4397,18445980686323395203
btree16_bl_a64,512,8,20.0729,18445980686323395203
fusion8_bf,512,8,45.6161,18445980686323395203
fusion8,512,8,40.6982,18445980686323395203
fusion16_w,512,8,50.3967,18445980686323395203
fusion8_c,512,8,44.3573,18445980686323395203
btree8_a64,512,8,22.2824,18445980686323395203
btree8,512,8,25.2518,18445980686323395203
btree8_bl_a64,512,9,19.4138,18445980686323395203
btree8,512,9,25.0977,18445980686323395203
fusion16_w,512,9,50.5234,18445980686323395203
fusion8_c,512,9,44.4168,18445980686323395203
sorted_array,512,9,14.3356,18445980686323395203
btree8_a64,512,9,22.5662,18445980686323395203
btree16_bl_a64,512,9,20.3690,18445980686323395203
fusion8,512,9,40.5411,18445980686323395203
btree8_bl,512,9,21.7438,18445980686323395203
fusion8_bf,512,9,45.4773,18445980686323395203
btree8_bl,512,10,21.6797,18445980686323395203
btree8,512,10,23.7579,18445980686323395203
fusion8_c,512,10,44.4061,18445980686323395203
btree8_bl_a64,512,10,19.4901,18445980686323395203
btree8_a64,512,10,22.4091,18445980686323395203
sorted_array,512,10,14.4073,18445980686323395203
fusion16_w,512,10,50.4089,18445980686323395203
fusion8,512,10,40.5029,18445980686323395203
btree16_bl_a64,512,10,20.1935,18445980686323395203
fusion8_bf,512,10,45.4437,18445980686323395203
btree8_bl_a64,512,11,19.4305,18445980686323395203
fusion8_bf,512,11,45.5185,18445980686323395203
fusion8_c,512,11,44.3115,18445980686323395203
btree8_a64,512,11,22.1344,18445980686323395203
btree8_bl,512,11,21.8323,18445980686323395203
btree16_bl_a64,512,11,20.2820,18445980686323395203
fusion8,512,11,40.4114,18445980686323395203
fusion16_w,512,11,50.3174,18445980686323395203
sorted_array,512,11,14.3387,18445980686323395203
btree8,512,11,24.0128,18445980686323395203
btree8_bl_a64,512,12,19.4412,18445980686323395203
fusion8_bf,512,12,45.7535,18445980686323395203
fusion8_c,512,12,44.2520,18445980686323395203
btree8,512,12,24.0387,18445980686323395203
fusion8,512,12,41.1438,18445980686323395203
btree8_bl,512,12,21.7529,18445980686323395203
btree16_bl_a64,512,12,20.1263,18445980686323395203
btree8_a64,512,12,22.8058,18445980686323395203
sorted_array,512,12,14.4089,18445980686323395203
fusion16_w,512,12,50.3143,18445980686323395203
btree8,512,13,24.2020,18445980686323395203
fusion16_w,512,13,50.6912,18445980686323395203
btree8_a64,512,13,22.7814,18445980686323395203
sorted_array,512,13,14.3723,18445980686323395203
fusion8_bf,512,13,45.8984,18445980686323395203
fusion8,512,13,40.5273,18445980686323395203
btree8_bl,512,13,21.6980,18445980686323395203
btree16_bl_a64,512,13,20.2530,18445980686323395203
btree8_bl_a64,512,13,19.4229,18445980686323395203
fusion8_c,512,13,44.3115,18445980686323395203
btree8_bl_a64,512,14,19.3954,18445980686323395203
fusion8_bf,512,14,45.5124,18445980686323395203
btree8_a64,512,14,22.2595,18445980686323395203
btree8_bl,512,14,21.7773,18445980686323395203
btree16_bl_a64,512,14,20.3995,18445980686323395203
fusion16_w,512,14,50.3235,18445980686323395203
btree8,512,14,23.8602,18445980686323395203
fusion8_c,512,14,44.3405,18445980686323395203
sorted_array,512,14,14.3372,18445980686323395203
fusion8,512,14,40.6738,18445980686323395203
btree8,1024,0,26.8723,13330139387826418850
fusion16_w,1024,0,56.6223,13330139387826418850
btree8_a64,1024,0,25.3464,13330139387826418850
btree8_bl,1024,0,27.5208,13330139387826418850
fusion8_bf,1024,0,54.7379,13330139387826418850
fusion8,1024,0,49.2981,13330139387826418850
btree8_bl_a64,1024,0,24.9191,13330139387826418850
fusion8_c,1024,0,53.2410,13330139387826418850
sorted_array,1024,0,15.7776,13330139387826418850
btree16_bl_a64,1024,0,22.0291,13330139387826418850
btree8,1024,1,26.6220,13330139387826418850
fusion8,1024,1,49.7177,13330139387826418850
fusion8_bf,1024,1,54.8340,13330139387826418850
fusion8_c,1024,1,53.2272,13330139387826418850
fusion16_w,1024,1,56.6406,13330139387826418850
btree8_bl,1024,1,27.0813,13330139387826418850
sorted_array,1024,1,15.7623,13330139387826418850
btree16_bl_a64,1024,1,21.9955,13330139387826418850
btree8_bl_a64,1024,1,24.9512,13330139387826418850
btree8_a64,1024,1,25.4807,13330139387826418850
btree8,1024,2,29.0009,13330139387826418850
fusion8_bf,1024,2,56.4255,13330139387826418850
btree8_a64,1024,2,26.2527,13330139387826418850
btree8_bl,1024,2,27.3865,13330139387826418850
btree16_bl_a64,1024,2,21.8811,13330139387826418850
fusion8_c,1024,2,52.6031,13330139387826418850
fusion16_w,1024,2,56.6101,13330139387826418850
fusion8,1024,2,47.5754,13330139387826418850
sorted_array,1024,2,15.7974,13330139387826418850
btree8_bl_a64,1024,2,24.8611,13330139387826418850
sorted_array,1024,3,15.7593,13330139387826418850
fusion8_c,1024,3,52.9709,13330139387826418850
fusion16_w,1024,3,56.4621,13330139387826418850
btree16_bl_a64,1024,3,22.2687,13330139387826418850
fusion8,1024,3,47.2275,13330139387826418850
btree8_bl_a64,1024,3,24.8657,13330139387826418850
btree8_a64,1024,3,25.2151,13330139387826418850
fusion8_bf,1024,3,57.1777,13330139387826418850
btree8_bl,1024,3,27.2842,13330139387826418850
btree8,1024,3,27.0218,13330139387826418850
btree8_a64,1024,4,26.8158,13330139387826418850
btree8,1024,4,26.5015,13330139387826418850
fusion8_c,1024,4,53.8055,13330139387826418850
btree8_bl,1024,4,27.3819,13330139387826418850
sorted_array,1024,4,15.8112,13330139387826418850
fusion8_bf,1024,4,54.9179,13330139387826418850
btree8_bl_a64,1024,4,24.9695,13330139387826418850
btree16_bl_a64,1024,4,21.8887,13330139387826418850
fusion16_w,1024,4,56.8253,13330139387826418850
fusion8,1024,4,47.7783,13330139387826418850
fusion8,1024,5,47.2595,13330139387826418850
btree16_bl_a64,1024,5,21.9177,13330139387826418850
fusion16_w,1024,5,56.3690,13330139387826418850
btree8_bl,1024,5,27.1011,13330139387826418850
btree8_a64,1024,5,25.3708,13330139387826418850
fusion8_c,1024,5,53.6209,13330139387826418850
btree8,1024,5,26.4603,13330139387826418850
fusion8_bf,1024,5,56.8222,13330139387826418850
btree8_bl_a64,1024,5,25.2502,13330139387826418850
sorted_array,1024,5,15.7684,13330139387826418850
fusion16_w,1024,6,56.5201,13330139387826418850
btree8_bl,1024,6,27.1500,13330139387826418850
fusion8,1024,6,48.3841,13330139387826418850
btree8_a64,1024,6,25.2518,13330139387826418850
btree8,1024,6,30.4276,13330139387826418850
fusion8_c,1024,6,53.8361,13330139387826418850
sorted_array,1024,6,15.7593,13330139387826418850
btree8_bl_a64,1024,6,24.9023,13330139387826418850
btree16_bl_a64,1024,6,21.9467,13330139387826418850
fusion8_bf,1024,6,54.7241,13330139387826418850
sorted_array,1024,7,15.7608,13330139387826418850
fusion8_c,1024,7,53.0991,13330139387826418850
fusion8,1024,7,49.9588,13330139387826418850
btree16_bl_a64,1024,7,21.9177,13330139387826418850
fusion16_w,1024,7,56.5369,13330139387826418850
btree8,1024,7,27.0782,13330139387826418850
btree8_bl_a64,1024,7,25.7797,13330139387826418850
btree8_bl,1024,7,27.1255,13330139387826418850
btree8_a64,1024,7,25.3952,13330139387826418850
fusion8_bf,1024,7,56.6025,13330139387826418850
fusion8,1024,8,47.8012,13330139387826418850
btree8_bl,1024,8,27.1408,13330139387826418850
btree8_bl_a64,1024,8,25.0610,13330139387826418850
fusion8_c,1024,8,52.9724,13330139387826418850
fusion8_bf,1024,8,55.1437,13330139387826418850
btree16_bl_a64,1024,8,22.0291,13330139387826418850
sorted_array,1024,8,15.7715,13330139387826418850
btree8_a64,1024,8,25.4410,13330139387826418850
fusion16_w,1024,8,56.6635,13330139387826418850
btree8,1024,8,27.0142,13330139387826418850
fusion16_w,1024,9,56.4789,13330139387826418850
fusion8,1024,9,47.4472,13330139387826418850
btree8_a64,1024,9,25.5859,13330139387826418850
fusion8_bf,1024,9,56.7398,13330139387826418850
btree16_bl_a64,1024,9,22.1588,13330139387826418850
btree8_bl_a64,1024,9,25.0061,13330139387826418850
btree8_bl,1024,9,27.0508,13330139387826418850
fusion8_c,1024,9,52.8610,13330139387826418850
btree8,1024,9,27.0691,13330139387826418850
sorted_array,1024,9,15.7669,13330139387826418850
fusion8,1024,10,50.0870,13330139387826418850
btree16_bl_a64,1024,10,21.9986,13330139387826418850
fusion8_c,1024,10,52.8015,13330139387826418850
fusion8_bf,1024,10,55.1971,13330139387826418850
fusion16_w,1024,10,56.4850,13330139387826418850
btree8,1024,10,27.2751,13330139387826418850
sorted_array,1024,10,15.8066,13330139387826418850
btree8_bl,1024,10,27.9709,13330139387826418850
btree8_a64,1024,10,25.5188,13330139387826418850
btree8_bl_a64,1024,10,25.1343,13330139387826418850
btree8_bl_a64,1024,11,24.9176,13330139387826418850
sorted_array,1024,11,15.8051,13330139387826418850
btree8,1024,11,27.1622,13330139387826418850
fusion8,1024,11,48.4634,13330139387826418850
fusion8_bf,1024,11,54.7623,13330139387826418850
btree16_bl_a64,1024,11,22.0947,13330139387826418850
fusion16_w,1024,11,56.5750,13330139387826418850
btree8_a64,1024,11,25.1816,13330139387826418850
fusion8_c,1024,11,53.5812,13330139387826418850
btree8_bl,1024,11,27.4384,13330139387826418850
fusion16_w,1024,12,56.3583,13330139387826418850
fusion8,1024,12,48.3612,13330139387826418850
btree16_bl_a64,1024,12,22.0139,13330139387826418850
fusion8_bf,1024,12,54.8172,13330139387826418850
btree8_a64,1024,12,25.1297,13330139387826418850
sorted_array,1024,12,15.7867,13330139387826418850
btree8_bl_a64,1024,12,25.1297,13330139387826418850
btree8_bl,1024,12,27.2385,13330139387826418850
btree8,1024,12,27.1378,13330139387826418850
fusion8_c,1024,12,53.6575,13330139387826418850
btree8_bl,1024,13,27.2812,13330139387826418850
btree8,1024,13,26.8982,13330139387826418850
fusion16_w,1024,13,56.5399,13330139387826418850
sorted_array,1024,13,15.8051,13330139387826418850
btree8_bl_a64,1024,13,24.8917,13330139387826418850
fusion8_bf,1024,13,55.1224,13330139387826418850
btree16_bl_a64,1024,13,22.2122,13330139387826418850
fusion8_c,1024,13,53.3142,13330139387826418850
btree8_a64,1024,13,25.8179,13330139387826418850
fusion8,1024,13,48.9090,13330139387826418850
btree16_bl_a64,1024,14,21.9818,13330139387826418850
fusion8,1024,14,47.5449,13330139387826418850
sorted_array,1024,14,15.8203,13330139387826418850
fusion8_c,1024,14,53.1509,13330139387826418850
btree8,1024,14,27.1851,13330139387826418850
btree8_bl_a64,1024,14,25.9216,13330139387826418850
btree8_bl,1024,14,27.3712,13330139387826418850
fusion16_w,1024,14,56.4743,13330139387826418850
btree8_a64,1024,14,25.6012,13330139387826418850
fusion8_bf,1024,14,56.5857,13330139387826418850
fusion8,2048,0,57.0053,8649855807846794996
fusion16_w,2048,0,59.3521,8649855807846794996
btree8_bl_a64,2048,0,29.7577,8649855807846794996
btree8_bl,2048,0,31.4957,8649855807846794996
fusion8_c,2048,0,60.8032,8649855807846794996
btree16_bl_a64,2048,0,22.6562,8649855807846794996
sorted_array,2048,0,17.9031,8649855807846794996
btree8_a64,2048,0,30.6946,8649855807846794996
btree8,2048,0,36.0809,8649855807846794996
fusion8_bf,2048,0,64.0030,8649855807846794996
fusion8,2048,1,60.3790,8649855807846794996
btree16_bl_a64,2048,1,22.5677,8649855807846794996
sorted_array,2048,1,17.8696,8649855807846794996
btree8_a64,2048,1,31.7474,8649855807846794996
btree8,2048,1,36.3373,8649855807846794996
fusion16_w,2048,1,61.9461,8649855807846794996
fusion8_bf,2048,1,63.0539,8649855807846794996
fusion8_c,2048,1,61.3602,8649855807846794996
btree8_bl,2048,1,31.2073,8649855807846794996
btree8_bl_a64,2048,1,27.0248,8649855807846794996
fusion16_w,2048,2,59.3689,8649855807846794996
btree16_bl_a64,2048,2,21.6843,8649855807846794996
btree8,2048,2,31.4438,8649855807846794996
fusion8_c,2048,2,59.3002,8649855807846794996
sorted_array,2048,2,17.2974,8649855807846794996
btree8_a64,2048,2,29.6204,8649855807846794996
fusion8,2048,2,57.3654,8649855807846794996
fusion8_bf,2048,2,60.7483,8649855807846794996
btree8_bl,2048,2,29.6494,8649855807846794996
btree8_bl_a64,2048,2,26.8829,8649855807846794996
btree8_bl,2048,3,29.4006,8649855807846794996
fusion8_c,2048,3,58.3176,8649855807846794996
sorted_array,2048,3,17.2546,8649855807846794996
btree8_a64,2048,3,29.7073,8649855807846794996
fusion8_bf,2048,3,63.1287,8649855807846794996
btree16_bl_a64,2048,3,21.7957,8649855807846794996
btree8_bl_a64,2048,3,26.9196,8649855807846794996
btree8,2048,3,31.1295,8649855807846794996
fusion16_w,2048,3,59.4604,8649855807846794996
fusion8,2048,3,56.5857,8649855807846794996
btree16_bl_a64,2048,4,21.6766,8649855807846794996
sorted_array,2048,4,17.2852,8649855807846794996
fusion16_w,2048,4,59.2987,8649855807846794996
btree8_bl,2048,4,29.4907,8649855807846794996
btree8_bl_a64,2048,4,26.8692,8649855807846794996
fusion8,2048,4,55.8273,8649855807846794996
btree8_a64,2048,4,29.1916,8649855807846794996
fusion8_bf,2048,4,62.8952,8649855807846794996
btree8,2048,4,30.7220,8649855807846794996
fusion8_c,2048,4,59.2300,8649855807846794996
fusion8,2048,5,55.4367,8649855807846794996
btree8_bl,2048,5,29.4983,8649855807846794996
btree8,2048,5,31.0074,8649855807846794996
fusion8_c,2048,5,59.1522,8649855807846794996
sorted_array,2048,5,17.2623,8649855807846794996
btree8_a64,2048,5,29.3823,8649855807846794996
btree16_bl_a64,2048,5,21.7163,8649855807846794996
btree8_bl_a64,2048,5,26.9943,8649855807846794996
fusion8_bf,2048,5,60.7132,8649855807846794996
fusion16_w,2048,5,59.3811,8649855807846794996
btree8,2048,6,31.4087,8649855807846794996
sorted_array,2048,6,17.2592,8649855807846794996
fusion8,2048,6,57.0709,8649855807846794996
btree8_bl_a64,2048,6,26.9989,8649855807846794996
fusion8_c,2048,6,58.3893,8649855807846794996
fusion8_bf,2048,6,60.5789,8649855807846794996
fusion16_w,2048,6,59.5490,8649855807846794996
btree16_bl_a64,2048,6,21.6553,8649855807846794996
btree8_a64,2048,6,29.2816,8649855807846794996
btree8_bl,2048,6,29.3930,8649855807846794996
fusion8_bf,2048,7,61.2198,8649855807846794996
btree8,2048,7,31.1295,8649855807846794996
btree8_bl,2048,7,29.6310,8649855807846794996
btree16_bl_a64,2048,7,21.6431,8649855807846794996
btree8_bl_a64,2048,7,26.9958,8649855807846794996
fusion8_c,2048,7,58.3221,8649855807846794996
btree8_a64,2048,7,30.0125,8649855807846794996
sorted_array,2048,7,17.2775,8649855807846794996
fusion16_w,2048,7,59.2697,8649855807846794996
fusion8,2048,7,55.3421,8649855807846794996
fusion16_w,2048,8,59.3353,8649855807846794996
btree8,2048,8,30.9998,8649855807846794996
btree8_bl_a64,2048,8,27.2430,8649855807846794996
fusion8_c,2048,8,58.8089,8649855807846794996
btree8_bl,2048,8,29.3365,8649855807846794996
btree8_a64,2048,8,28.9780,8649855807846794996
fusion8_bf,2048,8,62.8662,8649855807846794996
btree16_bl_a64,2048,8,21.8018,8649855807846794996
sorted_array,2048,8,17.2531,8649855807846794996
fusion8,2048,8,55.4535,8649855807846794996
btree8_a64,2048,9,29.4296,8649855807846794996
fusion8,2048,9,57.0190,8649855807846794996
btree8,2048,9,31.4453,8649855807846794996
fusion16_w,2048,9,59.0942,8649855807846794996
btree16_bl_a64,2048,9,21.6660,8649855807846794996
btree8_bl,2048,9,29.4785,8649855807846794996
btree8_bl_a64,2048,9,26.8341,8649855807846794996
fusion8_bf,2048,9,60.6262,8649855807846794996
sorted_array,2048,9,17.3050,8649855807846794996
fusion8_c,2048,9,59.1599,8649855807846794996
btree16_bl_a64,2048,10,21.7194,8649855807846794996
sorted_array,2048,10,17.2928,8649855807846794996
btree8_bl,2048,10,29.4174,8649855807846794996
fusion8_c,2048,10,58.5022,8649855807846794996
fusion8,2048,10,55.7373,8649855807846794996
btree8,2048,10,31.0806,8649855807846794996
fusion16_w,2048,10,59.3307,8649855807846794996
btree8_bl_a64,2048,10,26.9485,8649855807846794996
fusion8_bf,2048,10,62.6297,8649855807846794996
btree8_a64,2048,10,29.1779,8649855807846794996
btree8,2048,11,34.1431,8649855807846794996
btree8_bl_a64,2048,11,27.2812,8649855807846794996
btree8_a64,2048,11,29.0176,8649855807846794996
fusion8_bf,2048,11,62.2864,8649855807846794996
btree8_bl,2048,11,29.4418,8649855807846794996
fusion8_c,2048,11,58.6075,8649855807846794996
fusion16_w,2048,11,59.3262,8649855807846794996
btree16_bl_a64,2048,11,21.6232,8649855807846794996
fusion8,2048,11,55.8945,8649855807846794996
sorted_array,2048,11,17.2806,8649855807846794996
sorted_array,2048,12,17.4225,8649855807846794996
btree16_bl_a64,2048,12,21.6263,8649855807846794996
btree8_bl_a64,2048,12,26.8890,8649855807846794996
fusion8_c,2048,12,58.2169,8649855807846794996
btree8_bl,2048,12,29.2862,8649855807846794996
btree8,2048,12,31.3370,8649855807846794996
fusion8_bf,2048,12,62.4069,8649855807846794996
fusion16_w,2048,12,59.4467,8649855807846794996
btree8_a64,2048,12,29.3549,8649855807846794996
fusion8,2048,12,57.5333,8649855807846794996
fusion16_w,2048,13,59.4193,8649855807846794996
btree8_bl,2048,13,29.5090,8649855807846794996
fusion8,2048,13,55.4306,8649855807846794996
btree16_bl_a64,2048,13,21.6553,8649855807846794996
fusion8_c,2048,13,58.6258,8649855807846794996
btree8_a64,2048,13,29.1443,8649855807846794996
btree8,2048,13,33.8593,8649855807846794996
sorted_array,2048,13,17.3096,8649855807846794996
btree8_bl_a64,2048,13,27.3315,8649855807846794996
fusion8_bf,2048,13,60.8307,8649855807846794996
btree8_bl,2048,14,29.5609,8649855807846794996
btree16_bl_a64,2048,14,21.7560,8649855807846794996
btree8,2048,14,31.3370,8649855807846794996
fusion8_bf,2048,14,62.0956,8649855807846794996
fusion8,2048,14,57.5607,8649855807846794996
btree8_a64,2048,14,29.6204,8649855807846794996
btree8_bl_a64,2048,14,27.2644,8649855807846794996
sorted_array,2048,14,17.2562,8649855807846794996
fusion16_w,2048,14,59.4452,8649855807846794996
fusion8_c,2048,14,58.3374,8649855807846794996
sorted_array,4096,0,18.6783,201817674810245547
btree8,4096,0,33.9920,201817674810245547
fusion8_c,4096,0,62.0453,201817674810245547
fusion8_bf,4096,0,64.1083,201817674810245547
btree8_bl,4096,0,29.4159,201817674810245547
fusion16_w,4096,0,59.8557,201817674810245547
fusion8,4096,0,57.5729,201817674810245547
btree8_bl_a64,4096,0,26.5228,201817674810245547
btree16_bl_a64,4096,0,21.6309,201817674810245547
btree8_a64,4096,0,31.7459,201817674810245547
fusion16_w,4096,1,59.7626,201817674810245547
btree16_bl_a64,4096,1,21.4752,201817674810245547
btree8_bl,4096,1,29.1306,201817674810245547
btree8_bl_a64,4096,1,26.5137,201817674810245547
btree8_a64,4096,1,31.5445,201817674810245547
fusion8_bf,4096,1,65.9271,201817674810245547
sorted_array,4096,1,18.6844,201817674810245547
fusion8_c,4096,1,61.6730,201817674810245547
fusion8,4096,1,58.6761,201817674810245547
btree8,4096,1,34.5490,201817674810245547
btree8_bl,4096,2,29.1290,201817674810245547
fusion8_bf,4096,2,64.2456,201817674810245547
btree8_bl_a64,4096,2,26.5442,201817674810245547
fusion16_w,4096,2,59.6985,201817674810245547
btree8_a64,4096,2,32.3059,201817674810245547
btree8,4096,2,36.5707,201817674810245547
btree16_bl_a64,4096,2,21.5195,201817674810245547
fusion8_c,4096,2,61.8256,201817674810245547
fusion8,4096,2,59.6497,201817674810245547
sorted_array,4096,2,18.8187,201817674810245547
fusion8_c,4096,3,61.5463,201817674810245547
fusion8_bf,4096,3,64.7278,201817674810245547
btree8,4096,3,33.9493,201817674810245547
fusion8,4096,3,58.1924,201817674810245547
btree16_bl_a64,4096,3,21.4890,201817674810245547
btree8_bl,4096,3,29.3289,201817674810245547
sorted_array,4096,3,18.7393,201817674810245547
fusion16_w,4096,3,59.6909,201817674810245547
btree8_a64,4096,3,32.4417,201817674810245547
btree8_bl_a64,4096,3,26.7334,201817674810245547
btree8_bl,4096,4,29.2404,201817674810245547
fusion8_c,4096,4,61.2732,201817674810245547
fusion8,4096,4,57.8934,201817674810245547
btree8_bl_a64,4096,4,27.5345,201817674810245547
btree8,4096,4,33.5800,201817674810245547
sorted_array,4096,4,18.7759,201817674810245547
fusion16_w,4096,4,59.7427,201817674810245547
btree16_bl_a64,4096,4,21.5942,201817674810245547
fusion8_bf,4096,4,63.8687,201817674810245547
btree8_a64,4096,4,31.9473,201817674810245547
btree8_bl_a64,4096,5,26.6571,201817674810245547
btree16_bl_a64,4096,5,21.4767,201817674810245547
fusion8_c,4096,5,61.4151,201817674810245547
btree8,4096,5,33.9447,201817674810245547
fusion16_w,4096,5,59.7504,201817674810245547
btree8_bl,4096,5,29.1245,201817674810245547
sorted_array,4096,5,18.7042,201817674810245547
btree8_a64,4096,5,32.1182,201817674810245547
fusion8,4096,5,57.2861,201817674810245547
fusion8_bf,4096,5,64.2548,201817674810245547
fusion8_bf,4096,6,64.1739,201817674810245547
btree8_bl,4096,6,29.2694,201817674810245547
sorted_array,4096,6,18.7439,201817674810245547
btree8,4096,6,33.7677,201817674810245547
fusion16_w,4096,6,59.8709,201817674810245547
btree16_bl_a64,4096,6,21.3776,201817674810245547
btree8_a64,4096,6,32.1777,201817674810245547
fusion8,4096,6,57.5363,201817674810245547
fusion8_c,4096,6,61.3220,201817674810245547
btree8_bl_a64,4096,6,26.5564,201817674810245547
btree8,4096,7,34.0042,201817674810245547
sorted_array,4096,7,18.7119,201817674810245547
fusion8_c,4096,7,62.0926,201817674810245547
fusion16_w,4096,7,59.7580,201817674810245547
btree8_bl_a64,4096,7,26.5579,201817674810245547
btree8_a64,4096,7,32.2159,201817674810245547
fusion8_bf,4096,7,64.7430,201817674810245547
btree16_bl_a64,4096,7,21.4142,201817674810245547
btree8_bl,4096,7,29.5013,201817674810245547
fusion8,4096,7,57.2571,201817674810245547
btree8,4096,8,34.1217,201817674810245547
btree8_a64,4096,8,34.5291,201817674810245547
fusion8_c,4096,8,62.0071,201817674810245547
sorted_array,4096,8,18.6707,201817674810245547
btree16_bl_a64,4096,8,21.3898,201817674810245547
btree8_bl_a64,4096,8,26.5610,201817674810245547
fusion8_bf,4096,8,64.2563,201817674810245547
fusion16_w,4096,8,59.6283,201817674810245547
btree8_bl,4096,8,29.2328,201817674810245547
fusion8,4096,8,57.3685,201817674810245547
fusion16_w,4096,9,59.7565,201817674810245547
btree8_a64,4096,9,32.1472,201817674810245547
sorted_array,4096,9,18.6783,201817674810245547
btree8_bl_a64,4096,9,26.6449,201817674810245547
btree8,4096,9,34.3582,201817674810245547
fusion8_bf,4096,9,65.4037,201817674810245547
fusion8_c,4096,9,61.6165,201817674810245547
fusion8,4096,9,58.4015,201817674810245547
btree8_bl,4096,9,29.1016,201817674810245547
btree16_bl_a64,4096,9,21.4081,201817674810245547
sorted_array,4096,10,18.7195,201817674810245547
fusion16_w,4096,10,59.5673,201817674810245547
fusion8,4096,10,57.7209,201817674810245547
btree8_bl_a64,4096,10,26.5259,201817674810245547
fusion8_c,4096,10,61.3098,201817674810245547
btree8_a64,4096,10,31.8542,201817674810245547
btree8,4096,10,36.1938,201817674810245547
btree8_bl,4096,10,29.2847,201817674810245547
btree16_bl_a64,4096,10,21.3684,201817674810245547
fusion8_bf,4096,10,64.0228,201817674810245547
btree8_bl,4096,11,29.0649,201817674810245547
btree8_a64,4096,11,31.6071,201817674810245547
fusion8,4096,11,58.7143,201817674810245547
btree8_bl_a64,4096,11,26.5198,201817674810245547
fusion8_c,4096,11,61.2823,201817674810245547
fusion8_bf,4096,11,64.3875,201817674810245547
btree16_bl_a64,4096,11,21.4462,201817674810245547
btree8,4096,11,34.7733,201817674810245547
fusion16_w,4096,11,59.8251,201817674810245547
sorted_array,4096,11,18.7683,201817674810245547
btree8_bl_a64,4096,12,26.5442,201817674810245547
fusion8_c,4096,12,61.4502,201817674810245547
btree8_a64,4096,12,31.8481,201817674810245547
btree16_bl_a64,4096,12,21.4508,201817674810245547
btree8_bl,4096,12,29.3030,201817674810245547
btree8,4096,12,33.7265,201817674810245547
fusion8_bf,4096,12,65.4266,201817674810245547
fusion8,4096,12,58.1161,201817674810245547
fusion16_w,4096,12,59.6237,201817674810245547
sorted_array,4096,12,18.7988,201817674810245547
btree8_a64,4096,13,32.2281,201817674810245547
fusion8,4096,13,58.5159,201817674810245547
btree8_bl,4096,13,29.0741,201817674810245547
sorted_array,4096,13,18.7057,201817674810245547
btree8_bl_a64,4096,13,26.6647,201817674810245547
fusion16_w,4096,13,59.6283,201817674810245547
btree8,4096,13,34.1064,201817674810245547
fusion8_bf,4096,13,65.3595,201817674810245547
btree16_bl_a64,4096,13,21.4401,201817674810245547
fusion8_c,4096,13,61.5143,201817674810245547
btree8_bl_a64,4096,14,26.5549,201817674810245547
fusion8,4096,14,57.6828,201817674810245547
fusion16_w,4096,14,59.9976,201817674810245547
fusion8_c,4096,14,61.3251,201817674810245547
btree8_bl,4096,14,29.0817,201817674810245547
fusion8_bf,4096,14,64.1876,201817674810245547
btree16_bl_a64,4096,14,21.4584,201817674810245547
btree8,4096,14,34.0271,201817674810245547
btree8_a64,4096,14,34.2697,201817674810245547
sorted_array,4096,14,18.6676,201817674810245547
fusion8_bf,8192,0,73.5092,14779494332775015852
fusion8_c,8192,0,70.7321,14779494332775015852
sorted_array,8192,0,23.0972,14779494332775015852
btree8_bl,8192,0,35.7391,14779494332775015852
btree8,8192,0,38.3728,14779494332775015852
btree16_bl_a64,8192,0,35.3134,14779494332775015852
btree8_bl_a64,8192,0,32.1350,14779494332775015852
fusion8,8192,0,67.8391,14779494332775015852
btree8_a64,8192,0,36.8881,14779494332775015852
fusion16_w,8192,0,77.7557,14779494332775015852
fusion8_bf,8192,1,72.8119,14779494332775015852
btree8_a64,8192,1,36.8790,14779494332775015852
fusion8_c,8192,1,71.8475,14779494332775015852
fusion16_w,8192,1,77.0081,14779494332775015852
sorted_array,8192,1,23.0423,14779494332775015852
btree16_bl_a64,8192,1,32.9086,14779494332775015852
btree8_bl_a64,8192,1,31.2637,14779494332775015852
btree8,8192,1,37.8876,14779494332775015852
btree8_bl,8192,1,35.1166,14779494332775015852
fusion8,8192,1,66.0919,14779494332775015852
btree16_bl_a64,8192,2,32.0312,14779494332775015852
btree8_a64,8192,2,35.9756,14779494332775015852
fusion8,8192,2,64.9033,14779494332775015852
sorted_array,8192,2,23.1964,14779494332775015852
fusion8_c,8192,2,69.8730,14779494332775015852
btree8_bl_a64,8192,2,31.5704,14779494332775015852
fusion16_w,8192,2,76.7380,14779494332775015852
fusion8_bf,8192,2,73.6008,14779494332775015852
btree8_bl,8192,2,33.8623,14779494332775015852
btree8,8192,2,37.8555,14779494332775015852
fusion8_bf,8192,3,76.8372,14779494332775015852
btree8,8192,3,37.1826,14779494332775015852
btree16_bl_a64,8192,3,32.2754,14779494332775015852
btree8_a64,8192,3,36.4182,14779494332775015852
btree8_bl,8192,3,34.5673,14779494332775015852
fusion8_c,8192,3,69.5816,14779494332775015852
sorted_array,8192,3,23.0728,14779494332775015852
fusion16_w,8192,3,77.3926,14779494332775015852
fusion8,8192,3,66.1530,14779494332775015852
btree8_bl_a64,8192,3,31.4835,14779494332775015852
btree8_bl,8192,4,34.2010,14779494332775015852
btree8,8192,4,38.0142,14779494332775015852
btree8_a64,8192,4,35.6735,14779494332775015852
sorted_array,8192,4,22.7463,14779494332775015852
btree8_bl_a64,8192,4,31.5033,14779494332775015852
fusion8_c,8192,4,68.4784,14779494332775015852
fusion8_bf,8192,4,72.4915,14779494332775015852
fusion16_w,8192,4,75.3052,14779494332775015852
btree16_bl_a64,8192,4,32.9025,14779494332775015852
fusion8,8192,4,65.6082,14779494332775015852
btree8_bl,8192,5,33.1390,14779494332775015852
btree8_bl_a64,8192,5,30.6946,14779494332775015852
btree8_a64,8192,5,34.9991,14779494332775015852
btree16_bl_a64,8192,5,32.0312,14779494332775015852
sorted_array,8192,5,22.6486,14779494332775015852
fusion16_w,8192,5,77.0004,14779494332775015852
fusion8_c,8192,5,71.3882,14779494332775015852
fusion8_bf,8192,5,73.6938,14779494332775015852
fusion8,8192,5,63.3224,14779494332775015852
btree8,8192,5,37.3291,14779494332775015852
sorted_array,8192,6,23.0194,14779494332775015852
fusion8,8192,6,66.2415,14779494332775015852
fusion8_c,8192,6,69.8303,14779494332775015852
fusion16_w,8192,6,76.8143,14779494332775015852
fusion8_bf,8192,6,73.0804,14779494332775015852
btree8_bl,8192,6,33.3344,14779494332775015852
btree8_a64,8192,6,35.0952,14779494332775015852
btree8,8192,6,39.8651,14779494332775015852
btree16_bl_a64,8192,6,33.1894,14779494332775015852
btree8_bl_a64,8192,6,30.7297,14779494332775015852
btree8_bl_a64,8192,7,30.2536,14779494332775015852
sorted_array,8192,7,22.6379,14779494332775015852
fusion8_bf,8192,7,72.4655,14779494332775015852
btree8,8192,7,37.0041,14779494332775015852
btree16_bl_a64,8192,7,31.6360,14779494332775015852
fusion8,8192,7,65.4373,14779494332775015852
btree8_bl,8192,7,33.9569,14779494332775015852
fusion8_c,8192,7,68.7897,14779494332775015852
btree8_a64,8192,7,35.0967,14779494332775015852
fusion16_w,8192,7,77.6352,14779494332775015852
fusion8,8192,8,65.0421,14779494332775015852
btree16_bl_a64,8192,8,31.9641,14779494332775015852
btree8_a64,8192,8,34.7977,14779494332775015852
fusion16_w,8192,8,76.2894,14779494332775015852
btree8_bl_a64,8192,8,30.5710,14779494332775015852
fusion8_c,8192,8,68.1885,14779494332775015852
fusion8_bf,8192,8,74.0891,14779494332775015852
btree8,8192,8,37.5412,14779494332775015852
btree8_bl,8192,8,35.0143,14779494332775015852
sorted_array,8192,8,23.1094,14779494332775015852
sorted_array,8192,9,23.0530,14779494332775015852
btree8,8192,9,37.7274,14779494332775015852
fusion8_c,8192,9,71.3699,14779494332775015852
fusion8,8192,9,66.0355,14779494332775015852
fusion16_w,8192,9,78.7552,14779494332775015852
btree8_bl,8192,9,33.2336,14779494332775015852
fusion8_bf,8192,9,72.0520,14779494332775015852
btree16_bl_a64,8192,9,36.2762,14779494332775015852
btree8_bl_a64,8192,9,31.3705,14779494332775015852
btree8_a64,8192,9,36.0565,14779494332775015852
fusion16_w,8192,10,77.0279,14779494332775015852
btree16_bl_a64,8192,10,32.4020,14779494332775015852
btree8_a64,8192,10,35.7941,14779494332775015852
fusion8_bf,8192,10,74.3454,14779494332775015852
sorted_array,8192,10,22.6761,14779494332775015852
btree8,8192,10,37.4878,14779494332775015852
fusion8,8192,10,65.6693,14779494332775015852
fusion8_c,8192,10,69.0216,14779494332775015852
btree8_bl,8192,10,34.3140,14779494332775015852
btree8_bl_a64,8192,10,31.6147,14779494332775015852
btree8,8192,11,37.5961,14779494332775015852
fusion8,8192,11,64.1891,14779494332775015852
btree8_a64,8192,11,34.9350,14779494332775015852
fusion8_c,8192,11,69.6381,14779494332775015852
btree16_bl_a64,8192,11,32.6660,14779494332775015852
btree8_bl_a64,8192,11,30.4199,14779494332775015852
btree8_bl,8192,11,33.0338,14779494332775015852
fusion8_bf,8192,11,72.4182,14779494332775015852
sorted_array,8192,11,22.6273,14779494332775015852
fusion16_w,8192,11,77.2720,14779494332775015852
fusion8_c,8192,12,69.4443,14779494332775015852
btree8_bl,8192,12,33.4625,14779494332775015852
fusion8_bf,8192,12,72.9919,14779494332775015852
btree16_bl_a64,8192,12,32.1259,14779494332775015852
sorted_array,8192,12,23.1064,14779494332775015852
fusion8,8192,12,65.2954,14779494332775015852
btree8_a64,8192,12,35.2417,14779494332775015852
fusion16_w,8192,12,76.2375,14779494332775015852
btree8_bl_a64,8192,12,30.7709,14779494332775015852
btree8,8192,12,38.0875,14779494332775015852
btree8_bl,8192,13,34.5215,14779494332775015852
btree8_bl_a64,8192,13,30.3284,14779494332775015852
btree16_bl_a64,8192,13,31.8588,14779494332775015852
btree8,8192,13,37.0392,14779494332775015852
fusion8_bf,8192,13,75.7965,14779494332775015852
fusion16_w,8192,13,77.4368,14779494332775015852
fusion8,8192,13,64.4409,14779494332775015852
sorted_array,8192,13,22.6120,14779494332775015852
btree8_a64,8192,13,35.5881,14779494332775015852
fusion8_c,8192,13,71.8185,14779494332775015852
fusion16_w,8192,14,76.1337,14779494332775015852
fusion8,8192,14,65.5823,14779494332775015852
btree16_bl_a64,8192,14,31.6574,14779494332775015852
btree8_a64,8192,14,35.1608,14779494332775015852
btree8_bl_a64,8192,14,31.6055,14779494332775015852
fusion8_bf,8192,14,73.0301,14779494332775015852
sorted_array,8192,14,22.6593,14779494332775015852
btree8,8192,14,37.9288,14779494332775015852
fusion8_c,8192,14,70.0211,14779494332775015852
btree8_bl,8192,14,34.0820,14779494332775015852
fusion8,16384,0,83.7372,5257893481483210933
btree16_bl_a64,16384,0,40.3809,5257893481483210933
btree8,16384,0,47.3663,5257893481483210933
fusion8_c,16384,0,83.7708,5257893481483210933
btree8_bl,16384,0,44.2963,5257893481483210933
sorted_array,16384,0,29.2007,5257893481483210933
btree8_a64,16384,0,47.6501,5257893481483210933
fusion16_w,16384,0,85.9726,5257893481483210933
fusion8_bf,16384,0,92.8406,5257893481483210933
btree8_bl_a64,16384,0,46.5271,5257893481483210933
fusion8_c,16384,1,85.4782,5257893481483210933
fusion8_bf,16384,1,86.2030,5257893481483210933
btree8_bl,16384,1,42.5415,5257893481483210933
btree16_bl_a64,16384,1,37.9562,5257893481483210933
fusion16_w,16384,1,84.0485,5257893481483210933
btree8_bl_a64,16384,1,38.7909,5257893481483210933
btree8,16384,1,47.6379,5257893481483210933
btree8_a64,16384,1,48.0347,5257893481483210933
sorted_array,16384,1,29.4678,5257893481483210933
fusion8,16384,1,82.2128,5257893481483210933
btree8_bl_a64,16384,2,38.4674,5257893481483210933
sorted_array,16384,2,28.6957,5257893481483210933
fusion8_bf,16384,2,84.8404,5257893481483210933
btree8,16384,2,46.5652,5257893481483210933
fusion8_c,16384,2,85.3790,5257893481483210933
btree8_bl,16384,2,42.0334,5257893481483210933
btree16_bl_a64,16384,2,36.6394,5257893481483210933
fusion16_w,16384,2,84.4803,5257893481483210933
btree8_a64,16384,2,44.8456,5257893481483210933
fusion8,16384,2,80.6168,5257893481483210933
btree16_bl_a64,16384,3,35.8810,5257893481483210933
btree8,16384,3,46.6705,5257893481483210933
fusion16_w,16384,3,84.7794,5257893481483210933
fusion8,16384,3,76.4053,5257893481483210933
btree8_bl_a64,16384,3,39.4104,5257893481483210933
fusion8_c,16384,3,83.6182,5257893481483210933
btree8_a64,16384,3,45.6802,5257893481483210933
sorted_array,16384,3,29.0634,5257893481483210933
fusion8_bf,16384,3,92.7567,5257893481483210933
btree8_bl,16384,3,43.5791,5257893481483210933
btree8_bl,16384,4,40.7639,5257893481483210933
btree8_bl_a64,16384,4,39.3524,5257893481483210933
fusion8_bf,16384,4,84.4315,5257893481483210933
fusion8,16384,4,81.7810,5257893481483210933
fusion16_w,16384,4,87.8662,5257893481483210933
btree8,16384,4,48.9609,5257893481483210933
sorted_array,16384,4,29.4266,5257893481483210933
btree8_a64,16384,4,46.6675,5257893481483210933
btree16_bl_a64,16384,4,40.9790,5257893481483210933
fusion8_c,16384,4,82.3715,5257893481483210933
btree8_bl,16384,5,41.5756,5257893481483210933
btree8_a64,16384,5,44.6213,5257893481483210933
btree8,16384,5,46.9925,5257893481483210933
btree16_bl_a64,16384,5,36.3586,5257893481483210933
fusion16_w,16384,5,85.2539,5257893481483210933
btree8_bl_a64,16384,5,39.0823,5257893481483210933
sorted_array,16384,5,28.8239,5257893481483210933
fusion8_c,16384,5,81.1966,5257893481483210933
fusion8,16384,5,82.4707,5257893481483210933
fusion8_bf,16384,5,87.6755,5257893481483210933
sorted_array,16384,6,29.2953,5257893481483210933
btree16_bl_a64,16384,6,35.8398,5257893481483210933
fusion8,16384,6,77.0752,5257893481483210933
btree8_bl_a64,16384,6,39.5447,5257893481483210933
btree8_a64,16384,6,44.7708,5257893481483210933
fusion16_w,16384,6,85.0754,5257893481483210933
btree8_bl,16384,6,42.0639,5257893481483210933
fusion8_bf,16384,6,83.6761,5257893481483210933
btree8,16384,6,47.3633,5257893481483210933
fusion8_c,16384,6,85.2386,5257893481483210933
fusion16_w,16384,7,82.7911,5257893481483210933
btree8_bl,16384,7,40.9683,5257893481483210933
fusion8_bf,16384,7,85.0830,5257893481483210933
btree16_bl_a64,16384,7,36.3052,5257893481483210933
btree8,16384,7,46.3379,5257893481483210933
btree8_bl_a64,16384,7,39.5660,5257893481483210933
btree8_a64,16384,7,45.0439,5257893481483210933
fusion8_c,16384,7,84.9579,5257893481483210933
fusion8,16384,7,77.6047,5257893481483210933
sorted_array,16384,7,28.8544,5257893481483210933
btree16_bl_a64,16384,8,35.4614,5257893481483210933
btree8_a64,16384,8,44.4168,5257893481483210933
btree8,16384,8,47.6151,5257893481483210933
sorted_array,16384,8,28.7003,5257893481483210933
btree8_bl_a64,16384,8,38.8229,5257893481483210933
fusion8_c,16384,8,81.4133,5257893481483210933
btree8_bl,16384,8,42.3447,5257893481483210933
fusion8,16384,8,78.8788,5257893481483210933
fusion8_bf,16384,8,86.4975,5257893481483210933
fusion16_w,16384,8,85.5209,5257893481483210933
sorted_array,16384,9,28.7766,5257893481483210933
btree8,16384,9,47.1817,5257893481483210933
btree16_bl_a64,16384,9,36.1725,5257893481483210933
fusion8_bf,16384,9,85.6567,5257893481483210933
fusion8,16384,9,81.7245,5257893481483210933
btree8_bl,16384,9,41.2323,5257893481483210933
fusion16_w,16384,9,85.2966,5257893481483210933
btree8_a64,16384,9,44.3344,5257893481483210933
btree8_bl_a64,16384,9,39.5599,5257893481483210933
fusion8_c,16384,9,81.6589,5257893481483210933
btree8,16384,10,46.0205,5257893481483210933
fusion8_bf,16384,10,88.6948,5257893481483210933
fusion8_c,16384,10,82.4066,5257893481483210933
btree8_a64,16384,10,44.5999,5257893481483210933
fusion16_w,16384,10,85.0311,5257893481483210933
fusion8,16384,10,80.6107,5257893481483210933
btree16_bl_a64,16384,10,38.7573,5257893481483210933
btree8_bl,16384,10,41.9876,5257893481483210933
btree8_bl_a64,16384,10,39.9826,5257893481483210933
sorted_array,16384,10,29.0146,5257893481483210933
fusion8,16384,11,78.8895,5257893481483210933
btree8_a64,16384,11,43.8919,5257893481483210933
btree8_bl_a64,16384,11,39.1922,5257893481483210933
fusion8_bf,16384,11,83.9600,5257893481483210933
fusion8_c,16384,11,83.7677,5257893481483210933
btree8,16384,11,46.5332,5257893481483210933
sorted_array,16384,11,28.9062,5257893481483210933
btree16_bl_a64,16384,11,36.8179,5257893481483210933
btree8_bl,16384,11,41.1148,5257893481483210933
fusion16_w,16384,11,84.9960,5257893481483210933
btree8_a64,16384,12,44.1635,5257893481483210933
sorted_array,16384,12,28.7857,5257893481483210933
btree8,16384,12,46.8246,5257893481483210933
btree8_bl,16384,12,41.1179,5257893481483210933
btree8_bl_a64,16384,12,39.3295,5257893481483210933
fusion8_c,16384,12,81.9107,5257893481483210933
fusion8,16384,12,81.2195,5257893481483210933
fusion16_w,16384,12,83.9905,5257893481483210933
btree16_bl_a64,16384,12,37.1155,5257893481483210933
fusion8_bf,16384,12,87.2894,5257893481483210933
btree16_bl_a64,16384,13,34.7763,5257893481483210933
btree8_bl,16384,13,40.7715,5257893481483210933
fusion8_c,16384,13,81.9183,5257893481483210933
btree8,16384,13,46.4813,5257893481483210933
fusion16_w,16384,13,83.5846,5257893481483210933
btree8_bl_a64,16384,13,39.2944,5257893481483210933
btree8_a64,16384,13,46.0510,5257893481483210933
fusion8_bf,16384,13,90.8737,5257893481483210933
fusion8,16384,13,78.0731,5257893481483210933
sorted_array,16384,13,29.1687,5257893481483210933
fusion8_c,16384,14,81.3675,5257893481483210933
sorted_array,16384,14,28.7704,5257893481483210933
btree16_bl_a64,16384,14,36.6989,5257893481483210933
fusion16_w,16384,14,82.8583,5257893481483210933
btree8_a64,16384,14,45.0714,5257893481483210933
btree8,16384,14,47.1939,5257893481483210933
btree8_bl_a64,16384,14,38.7146,5257893481483210933
fusion8,16384,14,80.1956,5257893481483210933
btree8_bl,16384,14,41.7328,5257893481483210933
fusion8_bf,16384,14,84.5367,5257893481483210933
btree8_a64,32768,0,48.6893,8916881238133207675
fusion16_w,32768,0,88.3804,8916881238133207675
sorted_array,32768,0,36.7416,8916881238133207675
btree8,32768,0,48.3261,8916881238133207675
fusion8_bf,32768,0,95.3110,8916881238133207675
fusion8,32768,0,84.8999,8916881238133207675
btree16_bl_a64,32768,0,40.2039,8916881238133207675
btree8_bl,32768,0,44.9905,8916881238133207675
btree8_bl_a64,32768,0,44.9432,8916881238133207675
fusion8_c,32768,0,87.4420,8916881238133207675
btree8_bl,32768,1,40.2023,8916881238133207675
btree8_bl_a64,32768,1,38.1790,8916881238133207675
fusion16_w,32768,1,89.4485,8916881238133207675
fusion8,32768,1,83.5251,8916881238133207675
sorted_array,32768,1,36.4639,8916881238133207675
btree16_bl_a64,32768,1,35.6125,8916881238133207675
fusion8_bf,32768,1,91.0675,8916881238133207675
fusion8_c,32768,1,86.7584,8916881238133207675
btree8_a64,32768,1,48.4512,8916881238133207675
btree8,32768,1,50.6592,8916881238133207675
btree8,32768,2,47.7295,8916881238133207675
fusion8,32768,2,81.2164,8916881238133207675
btree8_bl,32768,2,42.5369,8916881238133207675
btree16_bl_a64,32768,2,36.2686,8916881238133207675
fusion16_w,32768,2,89.1830,8916881238133207675
fusion8_bf,32768,2,90.0696,8916881238133207675
btree8_a64,32768,2,46.8185,8916881238133207675
sorted_array,32768,2,36.8317,8916881238133207675
fusion8_c,32768,2,89.0137,8916881238133207675
btree8_bl_a64,32768,2,43.7302,8916881238133207675
fusion8_c,32768,3,84.2682,8916881238133207675
btree8_bl_a64,32768,3,38.0463,8916881238133207675
btree8_bl,32768,3,42.1127,8916881238133207675
fusion8,32768,3,82.6996,8916881238133207675
sorted_array,32768,3,36.3602,8916881238133207675
btree8_a64,32768,3,45.7138,8916881238133207675
fusion8_bf,32768,3,91.9571,8916881238133207675
btree8,32768,3,50.6851,8916881238133207675
fusion16_w,32768,3,88.8443,8916881238133207675
btree16_bl_a64,32768,3,39.7781,8916881238133207675
fusion8,32768,4,81.7810,8916881238133207675
btree8_bl_a64,32768,4,42.5888,8916881238133207675
fusion8_bf,32768,4,89.3494,8916881238133207675
fusion16_w,32768,4,90.3152,8916881238133207675
btree8_bl,32768,4,43.7393,8916881238133207675
fusion8_c,32768,4,87.7441,8916881238133207675
sorted_array,32768,4,36.8698,8916881238133207675
btree8_a64,32768,4,48.0072,8916881238133207675
btree16_bl_a64,32768,4,39.0228,8916881238133207675
btree8,32768,4,49.2996,8916881238133207675
fusion8_bf,32768,5,91.0385,8916881238133207675
fusion16_w,32768,5,88.7024,8916881238133207675
btree8_bl_a64,32768,5,42.5659,8916881238133207675
btree8_a64,32768,5,45.4269,8916881238133207675
fusion8,32768,5,86.1084,8916881238133207675
fusion8_c,32768,5,88.7161,8916881238133207675
btree8,32768,5,48.1903,8916881238133207675
sorted_array,32768,5,36.7416,8916881238133207675
btree16_bl_a64,32768,5,38.8290,8916881238133207675
btree8_bl,32768,5,44.5114,8916881238133207675
btree8,32768,6,48.1766,8916881238133207675
fusion8_bf,32768,6,92.9337,8916881238133207675
fusion8,32768,6,83.9020,8916881238133207675
btree16_bl_a64,32768,6,36.2976,8916881238133207675
btree8_a64,32768,6,46.0220,8916881238133207675
fusion8_c,32768,6,88.6414,8916881238133207675
fusion16_w,32768,6,89.1190,8916881238133207675
sorted_array,32768,6,36.4807,8916881238133207675
btree8_bl_a64,32768,6,42.0670,8916881238133207675
btree8_bl,32768,6,41.2033,8916881238133207675
fusion8,32768,7,80.2750,8916881238133207675
fusion8_bf,32768,7,88.0188,8916881238133207675
fusion8_c,32768,7,86.3663,8916881238133207675
sorted_array,32768,7,36.1221,8916881238133207675
btree8_bl_a64,32768,7,38.8901,8916881238133207675
btree16_bl_a64,32768,7,36.9171,8916881238133207675
btree8,32768,7,49.0692,8916881238133207675
btree8_bl,32768,7,41.3101,8916881238133207675
fusion16_w,32768,7,88.7436,8916881238133207675
btree8_a64,32768,7,45.9579,8916881238133207675
fusion8_bf,32768,8,93.1015,8916881238133207675
btree16_bl_a64,32768,8,35.7224,8916881238133207675
btree8_bl,32768,8,40.8401,8916881238133207675
fusion8_c,32768,8,85.8459,8916881238133207675
fusion8,32768,8,86.3342,8916881238133207675
btree8,32768,8,47.9218,8916881238133207675
btree8_bl_a64,32768,8,40.3976,8916881238133207675
sorted_array,32768,8,36.4975,8916881238133207675
btree8_a64,32768,8,46.0251,8916881238133207675
fusion16_w,32768,8,89.6637,8916881238133207675
btree8_bl_a64,32768,9,38.4857,8916881238133207675
fusion8,32768,9,80.8960,8916881238133207675
fusion8_bf,32768,9,91.0248,8916881238133207675
btree8_a64,32768,9,45.1248,8916881238133207675
sorted_array,32768,9,36.1481,8916881238133207675
btree8_bl,32768,9,41.9327,8916881238133207675
btree16_bl_a64,32768,9,38.6490,8916881238133207675
fusion16_w,32768,9,88.6383,8916881238133207675
btree8,32768,9,47.7707,8916881238133207675
fusion8_c,32768,9,88.7772,8916881238133207675
fusion8_c,32768,10,86.0718,8916881238133207675
fusion16_w,32768,10,86.9049,8916881238133207675
sorted_array,32768,10,36.1206,8916881238133207675
fusion8_bf,32768,10,88.7924,8916881238133207675
btree16_bl_a64,32768,10,35.3180,8916881238133207675
btree8_bl_a64,32768,10,39.4348,8916881238133207675
fusion8,32768,10,80.8640,8916881238133207675
btree8,32768,10,48.0606,8916881238133207675
btree8_bl,32768,10,42.6254,8916881238133207675
btree8_a64,32768,10,45.2805,8916881238133207675
fusion8_bf,32768,11,90.9607,8916881238133207675
btree16_bl_a64,32768,11,35.7117,8916881238133207675
btree8,32768,11,47.9584,8916881238133207675
btree8_bl,32768,11,40.6738,8916881238133207675
fusion8,32768,11,80.2475,8916881238133207675
btree8_a64,32768,11,45.1126,8916881238133207675
btree8_bl_a64,32768,11,39.3158,8916881238133207675
fusion16_w,32768,11,88.1500,8916881238133207675
fusion8_c,32768,11,85.6079,8916881238133207675
sorted_array,32768,11,36.2488,8916881238133207675
fusion8_c,32768,12,94.9158,8916881238133207675
btree8_bl,32768,12,42.7933,8916881238133207675
btree8_a64,32768,12,46.0831,8916881238133207675
sorted_array,32768,12,36.0977,8916881238133207675
btree8_bl_a64,32768,12,40.6387,8916881238133207675
fusion8,32768,12,84.0973,8916881238133207675
btree16_bl_a64,32768,12,40.0040,8916881238133207675
fusion8_bf,32768,12,91.4032,8916881238133207675
fusion16_w,32768,12,90.2954,8916881238133207675
btree8,32768,12,48.5306,8916881238133207675
sorted_array,32768,13,36.0962,8916881238133207675
fusion8_c,32768,13,87.2330,8916881238133207675
btree8_a64,32768,13,46.5118,8916881238133207675
btree8_bl,32768,13,42.1539,8916881238133207675
fusion16_w,32768,13,87.8586,8916881238133207675
btree8,32768,13,47.3618,8916881238133207675
fusion8_bf,32768,13,94.4550,8916881238133207675
btree8_bl_a64,32768,13,40.9500,8916881238133207675
btree16_bl_a64,32768,13,38.8657,8916881238133207675
fusion8,32768,13,84.0881,8916881238133207675
btree16_bl_a64,32768,14,35.3149,8916881238133207675
fusion8_bf,32768,14,87.5763,8916881238133207675
btree8_bl_a64,32768,14,38.7802,8916881238133207675
fusion8,32768,14,79.8813,8916881238133207675
fusion16_w,32768,14,89.6774,8916881238133207675
btree8_bl,32768,14,41.5329,8916881238133207675
btree8,32768,14,47.6257,8916881238133207675
sorted_array,32768,14,36.4944,8916881238133207675
fusion8_c,32768,14,89.0518,8916881238133207675
btree8_a64,32768,14,47.6227,8916881238133207675
fusion8,65536,0,94.3558,13538052259203909017
fusion8_bf,65536,0,102.4704,13538052259203909017
fusion8_c,65536,0,95.6375,13538052259203909017
btree8_bl_a64,65536,0,50.9659,13538052259203909017
btree8_a64,65536,0,56.3171,13538052259203909017
btree16_bl_a64,65536,0,40.4877,13538052259203909017
fusion16_w,65536,0,91.1667,13538052259203909017
btree8_bl,65536,0,52.7710,13538052259203909017
sorted_array,65536,0,48.4146,13538052259203909017
btree8,65536,0,56.8222,13538052259203909017
btree8_bl_a64,65536,1,49.0768,13538052259203909017
fusion16_w,65536,1,91.4948,13538052259203909017
fusion8_c,65536,1,97.1939,13538052259203909017
fusion8,65536,1,97.0734,13538052259203909017
sorted_array,65536,1,47.6685,13538052259203909017
btree16_bl_a64,65536,1,40.5960,13538052259203909017
btree8,65536,1,53.8666,13538052259203909017
btree8_bl,65536,1,50.5493,13538052259203909017
fusion8_bf,65536,1,105.5466,13538052259203909017
btree8_a64,65536,1,56.8115,13538052259203909017
btree8_a64,65536,2,50.3967,13538052259203909017
sorted_array,65536,2,46.7667,13538052259203909017
btree16_bl_a64,65536,2,36.6882,13538052259203909017
fusion8_c,65536,2,99.6719,13538052259203909017
btree8,65536,2,52.8915,13538052259203909017
btree8_bl,65536,2,48.8968,13538052259203909017
fusion8,65536,2,94.3314,13538052259203909017
fusion16_w,65536,2,93.5547,13538052259203909017
fusion8_bf,65536,2,100.9476,13538052259203909017
btree8_bl_a64,65536,2,53.5736,13538052259203909017
btree8_a64,65536,3,55.0446,13538052259203909017
fusion16_w,65536,3,91.5970,13538052259203909017
fusion8_bf,65536,3,100.0076,13538052259203909017
btree8_bl,65536,3,52.4628,13538052259203909017
sorted_array,65536,3,48.7762,13538052259203909017
fusion8_c,65536,3,101.4587,13538052259203909017
btree8,65536,3,57.4265,13538052259203909017
fusion8,65536,3,99.5926,13538052259203909017
btree8_bl_a64,65536,3,51.8768,13538052259203909017
btree16_bl_a64,65536,3,42.5613,13538052259203909017
fusion8_bf,65536,4,101.7181,13538052259203909017
btree8_a64,65536,4,57.4646,13538052259203909017
btree16_bl_a64,65536,4,39.2670,13538052259203909017
sorted_array,65536,4,47.8760,13538052259203909017
btree8,65536,4,55.0949,13538052259203909017
btree8_bl,65536,4,52.8931,13538052259203909017
fusion8,65536,4,93.0283,13538052259203909017
fusion16_w,65536,4,95.9320,13538052259203909017
btree8_bl_a64,65536,4,51.8951,13538052259203909017
fusion8_c,65536,4,100.8026,13538052259203909017
btree8_bl_a64,65536,5,46.5042,13538052259203909017
sorted_array,65536,5,48.0225,13538052259203909017
fusion8_bf,65536,5,104.3503,13538052259203909017
fusion8_c,65536,5,97.1207,13538052259203909017
btree16_bl_a64,65536,5,42.4225,13538052259203909017
fusion16_w,65536,5,95.6451,13538052259203909017
btree8,65536,5,57.3135,13538052259203909017
btree8_bl,65536,5,55.5099,13538052259203909017
fusion8,65536,5,97.7829,13538052259203909017
btree8_a64,65536,5,56.7200,13538052259203909017
fusion8,65536,6,93.5333,13538052259203909017
fusion8_bf,65536,6,103.6591,13538052259203909017
fusion8_c,65536,6,95.2744,13538052259203909017
btree8_a64,65536,6,53.0518,13538052259203909017
btree16_bl_a64,65536,6,39.3127,13538052259203909017
btree8,65536,6,56.3248,13538052259203909017
fusion16_w,65536,6,96.2234,13538052259203909017
btree8_bl_a64,65536,6,52.3499,13538052259203909017
sorted_array,65536,6,48.4497,13538052259203909017
btree8_bl,65536,6,52.4124,13538052259203909017
btree8_bl,65536,7,44.3054,13538052259203909017
fusion8_bf,65536,7,101.4557,13538052259203909017
sorted_array,65536,7,47.2412,13538052259203909017
fusion8,65536,7,96.3791,13538052259203909017
fusion16_w,65536,7,93.0267,13538052259203909017
btree16_bl_a64,65536,7,38.2172,13538052259203909017
btree8,65536,7,54.8370,13538052259203909017
btree8_a64,65536,7,55.9601,13538052259203909017
btree8_bl_a64,65536,7,47.4579,13538052259203909017
fusion8_c,65536,7,100.1663,13538052259203909017
fusion8_bf,65536,8,101.6357,13538052259203909017
fusion16_w,65536,8,92.4896,13538052259203909017
btree8,65536,8,55.1270,13538052259203909017
btree16_bl_a64,65536,8,38.4277,13538052259203909017
fusion8_c,65536,8,98.9761,13538052259203909017
btree8_bl_a64,65536,8,48.6862,13538052259203909017
sorted_array,65536,8,48.7747,13538052259203909017
btree8_a64,65536,8,56.4545,13538052259203909017
btree8_bl,65536,8,54.6112,13538052259203909017
fusion8,65536,8,98.5352,13538052259203909017
btree8,65536,9,55.9280,13538052259203909017
btree8_bl_a64,65536,9,48.1201,13538052259203909017
btree16_bl_a64,65536,9,39.5264,13538052259203909017
fusion8_bf,65536,9,105.2414,13538052259203909017
btree8_bl,65536,9,51.1520,13538052259203909017
fusion8,65536,9,95.4147,13538052259203909017
btree8_a64,65536,9,57.3959,13538052259203909017
fusion16_w,65536,9,98.2513,13538052259203909017
sorted_array,65536,9,48.9532,13538052259203909017
fusion8_c,65536,9,101.5610,13538052259203909017
btree16_bl_a64,65536,10,40.5441,13538052259203909017
btree8_a64,65536,10,56.1905,13538052259203909017
fusion8,65536,10,93.3105,13538052259203909017
fusion8_c,65536,10,96.7407,13538052259203909017
sorted_array,65536,10,48.7930,13538052259203909017
btree8_bl_a64,65536,10,52.1133,13538052259203909017
btree8,65536,10,57.7438,13538052259203909017
fusion8_bf,65536,10,111.0657,13538052259203909017
fusion16_w,65536,10,95.8618,13538052259203909017
btree8_bl,65536,10,53.2013,13538052259203909017
fusion8,65536,11,93.8812,13538052259203909017
btree8,65536,11,55.5283,13538052259203909017
fusion16_w,65536,11,93.7439,13538052259203909017
btree8_bl,65536,11,49.7940,13538052259203909017
fusion8_c,65536,11,98.2422,13538052259203909017
btree8_bl_a64,65536,11,51.3138,13538052259203909017
btree8_a64,65536,11,56.7917,13538052259203909017
fusion8_bf,65536,11,107.5073,13538052259203909017
btree16_bl_a64,65536,11,42.7948,13538052259203909017
sorted_array,65536,11,48.7595,13538052259203909017
fusion16_w,65536,12,96.6171,13538052259203909017
fusion8_c,65536,12,102.5818,13538052259203909017
btree8_bl_a64,65536,12,54.4281,13538052259203909017
fusion8,65536,12,101.2222,13538052259203909017
fusion8_bf,65536,12,108.0399,13538052259203909017
sorted_array,65536,12,49.4858,13538052259203909017
btree8_bl,65536,12,54.3564,13538052259203909017
btree16_bl_a64,65536,12,43.5333,13538052259203909017
btree8,65536,12,59.0973,13538052259203909017
btree8_a64,65536,12,60.3195,13538052259203909017
btree8_bl_a64,65536,13,52.3422,13538052259203909017
fusion8_bf,65536,13,104.4937,13538052259203909017
btree16_bl_a64,65536,13,40.9836,13538052259203909017
btree8_a64,65536,13,54.6310,13538052259203909017
fusion16_w,65536,13,98.1445,13538052259203909017
fusion8,65536,13,98.6496,13538052259203909017
sorted_array,65536,13,49.1196,13538052259203909017
btree8,65536,13,57.4677,13538052259203909017
btree8_bl,65536,13,55.4367,13538052259203909017
fusion8_c,65536,13,102.9343,13538052259203909017
btree8_bl_a64,65536,14,49.8474,13538052259203909017
btree8_a64,65536,14,54.7043,13538052259203909017
fusion16_w,65536,14,95.2499,13538052259203909017
btree8_bl,65536,14,50.2945,13538052259203909017
fusion8_bf,65536,14,105.6290,13538052259203909017
sorted_array,65536,14,48.3276,13538052259203909017
fusion8_c,65536,14,98.2620,13538052259203909017
btree8,65536,14,56.9550,13538052259203909017
fusion8,65536,14,99.1058,13538052259203909017
btree16_bl_a64,65536,14,42.6743,13538052259203909017
btree8_bl_a64,131072,0,101.1581,18322359750267561758
btree8,131072,0,95.2271,18322359750267561758
fusion8_bf,131072,0,171.8002,18322359750267561758
fusion16_w,131072,0,165.9958,18322359750267561758
fusion8,131072,0,164.3661,18322359750267561758
btree16_bl_a64,131072,0,96.3730,18322359750267561758
btree8_a64,131072,0,101.1261,18322359750267561758
sorted_array,131072,0,64.0640,18322359750267561758
fusion8_c,131072,0,165.4968,18322359750267561758
btree8_bl,131072,0,98.1979,18322359750267561758
fusion8_c,131072,1,123.3353,18322359750267561758
fusion8,131072,1,163.9328,18322359750267561758
sorted_array,131072,1,63.4918,18322359750267561758
btree8_a64,131072,1,98.4512,18322359750267561758
fusion8_bf,131072,1,188.7634,18322359750267561758
btree8_bl,131072,1,97.5204,18322359750267561758
btree8,131072,1,95.6726,18322359750267561758
btree16_bl_a64,131072,1,97.3541,18322359750267561758
fusion16_w,131072,1,158.8684,18322359750267561758
btree8_bl_a64,131072,1,101.4130,18322359750267561758
btree8,131072,2,92.6254,18322359750267561758
sorted_array,131072,2,63.9313,18322359750267561758
fusion8_c,131072,2,168.4143,18322359750267561758
btree16_bl_a64,131072,2,94.2963,18322359750267561758
fusion8,131072,2,166.8228,18322359750267561758
fusion16_w,131072,2,160.6354,18322359750267561758
btree8_a64,131072,2,102.2659,18322359750267561758
btree8_bl_a64,131072,2,99.6780,18322359750267561758
fusion8_bf,131072,2,174.2630,18322359750267561758
btree8_bl,131072,2,99.3408,18322359750267561758
fusion8,131072,3,172.9813,18322359750267561758
btree8_bl,131072,3,77.5253,18322359750267561758
btree16_bl_a64,131072,3,93.8126,18322359750267561758
fusion8_bf,131072,3,174.5941,18322359750267561758
sorted_array,131072,3,64.0137,18322359750267561758
btree8,131072,3,94.9387,18322359750267561758
fusion8_c,131072,3,164.8041,18322359750267561758
btree8_a64,131072,3,100.6073,18322359750267561758
btree8_bl_a64,131072,3,100.5142,18322359750267561758
fusion16_w,131072,3,160.4797,18322359750267561758
btree16_bl_a64,131072,4,96.1807,18322359750267561758
fusion8_bf,131072,4,176.9913,18322359750267561758
btree8,131072,4,95.9778,18322359750267561758
fusion8_c,131072,4,164.6896,18322359750267561758
fusion8,131072,4,175.5341,18322359750267561758
btree8_bl_a64,131072,4,98.8510,18322359750267561758
sorted_array,131072,4,63.4796,18322359750267561758
btree8_bl,131072,4,95.6314,18322359750267561758
fusion16_w,131072,4,159.1248,18322359750267561758
btree8_a64,131072,4,99.9329,18322359750267561758
fusion8_bf,131072,5,184.2682,18322359750267561758
fusion8_c,131072,5,163.9648,18322359750267561758
fusion16_w,131072,5,156.3004,18322359750267561758
btree16_bl_a64,131072,5,102.9160,18322359750267561758
btree8_a64,131072,5,102.6367,18322359750267561758
btree8_bl_a64,131072,5,106.5887,18322359750267561758
fusion8,131072,5,165.2786,18322359750267561758
btree8,131072,5,96.0892,18322359750267561758
btree8_bl,131072,5,97.7112,18322359750267561758
sorted_array,131072,5,63.5757,18322359750267561758
btree16_bl_a64,131072,6,93.6646,18322359750267561758
fusion8_c,131072,6,160.6827,18322359750267561758
btree8_bl_a64,131072,6,100.4532,18322359750267561758
sorted_array,131072,6,63.5468,18322359750267561758
btree8_bl,131072,6,93.0130,18322359750267561758
btree8,131072,6,93.6646,18322359750267561758
btree8_a64,131072,6,101.8631,18322359750267561758
fusion16_w,131072,6,162.2253,18322359750267561758
fusion8_bf,131072,6,181.6147,18322359750267561758
fusion8,131072,6,174.3134,18322359750267561758
btree8_a64,131072,7,100.1312,18322359750267561758
fusion8_bf,131072,7,176.9943,18322359750267561758
fusion8,131072,7,158.7952,18322359750267561758
btree8_bl,131072,7,98.5626,18322359750267561758
btree8_bl_a64,131072,7,101.8524,18322359750267561758
btree16_bl_a64,131072,7,95.2759,18322359750267561758
fusion8_c,131072,7,160.6796,18322359750267561758
btree8,131072,7,95.8237,18322359750267561758
fusion16_w,131072,7,169.2886,18322359750267561758
sorted_array,131072,7,63.9633,18322359750267561758
fusion8_c,131072,8,150.1709,18322359750267561758
btree16_bl_a64,131072,8,94.6579,18322359750267561758
btree8_bl_a64,131072,8,100.2228,18322359750267561758
fusion8_bf,131072,8,189.5493,18322359750267561758
fusion16_w,131072,8,165.5533,18322359750267561758
btree8_bl,131072,8,102.4841,18322359750267561758
btree8_a64,131072,8,104.1733,18322359750267561758
btree8,131072,8,98.7152,18322359750267561758
fusion8,131072,8,171.3959,18322359750267561758
sorted_array,131072,8,65.1901,18322359750267561758
fusion8,131072,9,125.9735,18322359750267561758
fusion16_w,131072,9,160.0174,18322359750267561758
sorted_array,131072,9,63.0463,18322359750267561758
btree8_bl_a64,131072,9,104.5258,18322359750267561758
btree16_bl_a64,131072,9,96.0938,18322359750267561758
fusion8_bf,131072,9,175.3616,18322359750267561758
btree8_a64,131072,9,102.6535,18322359750267561758
btree8_bl,131072,9,97.4777,18322359750267561758
btree8,131072,9,95.0851,18322359750267561758
fusion8_c,131072,9,163.6597,18322359750267561758
fusion8,131072,10,173.5626,18322359750267561758
sorted_array,131072,10,63.5269,18322359750267561758
fusion8_bf,131072,10,173.1033,18322359750267561758
btree8,131072,10,94.2093,18322359750267561758
fusion8_c,131072,10,161.8469,18322359750267561758
btree16_bl_a64,131072,10,93.6691,18322359750267561758
fusion16_w,131072,10,159.3292,18322359750267561758
btree8_bl_a64,131072,10,100.8133,18322359750267561758
btree8_bl,131072,10,97.4396,18322359750267561758
btree8_a64,131072,10,101.1993,18322359750267561758
btree8_a64,131072,11,71.0953,18322359750267561758
btree8_bl_a64,131072,11,87.5320,18322359750267561758
fusion8,131072,11,165.6204,18322359750267561758
btree8_bl,131072,11,94.0872,18322359750267561758
fusion8_c,131072,11,158.4412,18322359750267561758
fusion16_w,131072,11,166.5329,18322359750267561758
sorted_array,131072,11,63.9282,18322359750267561758
btree16_bl_a64,131072,11,103.1265,18322359750267561758
fusion8_bf,131072,11,175.8362,18322359750267561758
btree8,131072,11,97.2015,18322359750267561758
fusion8_bf,131072,12,140.4404,18322359750267561758
fusion8,131072,12,173.1354,18322359750267561758
btree16_bl_a64,131072,12,96.6324,18322359750267561758
btree8_bl_a64,131072,12,98.8739,18322359750267561758
sorted_array,131072,12,63.5620,18322359750267561758
fusion16_w,131072,12,158.2855,18322359750267561758
fusion8_c,131072,12,156.7368,18322359750267561758
btree8_a64,131072,12,101.8570,18322359750267561758
btree8,131072,12,95.7520,18322359750267561758
btree8_bl,131072,12,101.8036,18322359750267561758
sorted_array,131072,13,63.7695,18322359750267561758
btree8,131072,13,77.6871,18322359750267561758
fusion8,131072,13,166.3666,18322359750267561758
btree8_a64,131072,13,97.5403,18322359750267561758
fusion8_c,131072,13,162.7579,18322359750267561758
fusion8_bf,131072,13,178.6209,18322359750267561758
btree8_bl,131072,13,98.2681,18322359750267561758
btree16_bl_a64,131072,13,92.7994,18322359750267561758
btree8_bl_a64,131072,13,101.0361,18322359750267561758
fusion16_w,131072,13,157.4570,18322359750267561758
fusion8_c,131072,14,156.0394,18322359750267561758
btree8_a64,131072,14,100.6958,18322359750267561758
btree8,131072,14,95.9274,18322359750267561758
fusion16_w,131072,14,164.2776,18322359750267561758
btree8_bl_a64,131072,14,102.1439,18322359750267561758
fusion8,131072,14,164.8148,18322359750267561758
fusion8_bf,131072,14,176.3626,18322359750267561758
btree16_bl_a64,131072,14,104.7089,18322359750267561758
btree8_bl,131072,14,97.3160,18322359750267561758
sorted_array,131072,14,63.6185,18322359750267561758
btree16_bl_a64,262144,0,149.0204,10037066851814254848
btree8_bl,262144,0,112.2025,10037066851814254848
btree8_bl_a64,262144,0,118.6325,10037066851814254848
btree8,262144,0,99.7391,10037066851814254848
fusion8_c,262144,0,167.4164,10037066851814254848
fusion8_bf,262144,0,187.9333,10037066851814254848
fusion8,262144,0,183.5541,10037066851814254848
sorted_array,262144,0,78.1403,10037066851814254848
btree8_a64,262144,0,103.3417,10037066851814254848
fusion16_w,262144,0,209.6100,10037066851814254848
sorted_array,262144,1,78.0685,10037066851814254848
fusion16_w,262144,1,156.0974,10037066851814254848
fusion8_c,262144,1,167.4835,10037066851814254848
btree8,262144,1,99.2203,10037066851814254848
btree8_a64,262144,1,105.4001,10037066851814254848
btree8_bl,262144,1,112.2925,10037066851814254848
fusion8_bf,262144,1,185.3287,10037066851814254848
btree8_bl_a64,262144,1,119.4916,10037066851814254848
btree16_bl_a64,262144,1,147.2656,10037066851814254848
fusion8,262144,1,180.4123,10037066851814254848
fusion8_c,262144,2,168.3777,10037066851814254848
fusion16_w,262144,2,194.2108,10037066851814254848
btree8,262144,2,99.7849,10037066851814254848
btree8_bl,262144,2,111.5173,10037066851814254848
sorted_array,262144,2,78.1525,10037066851814254848
btree8_a64,262144,2,103.8879,10037066851814254848
fusion8,262144,2,183.7433,10037066851814254848
btree8_bl_a64,262144,2,121.2402,10037066851814254848
btree16_bl_a64,262144,2,147.2565,10037066851814254848
fusion8_bf,262144,2,185.8185,10037066851814254848
btree8_bl_a64,262144,3,109.5062,10037066851814254848
btree8_a64,262144,3,105.2841,10037066851814254848
fusion8_bf,262144,3,182.5699,10037066851814254848
sorted_array,262144,3,78.8925,10037066851814254848
fusion8_c,262144,3,169.3359,10037066851814254848
fusion8,262144,3,180.0858,10037066851814254848
btree8,262144,3,100.1251,10037066851814254848
btree16_bl_a64,262144,3,152.6840,10037066851814254848
btree8_bl,262144,3,112.2177,10037066851814254848
fusion16_w,262144,3,197.5861,10037066851814254848
btree8,262144,4,100.1205,10037066851814254848
btree8_a64,262144,4,104.3625,10037066851814254848
btree8_bl_a64,262144,4,121.7270,10037066851814254848
btree16_bl_a64,262144,4,151.3412,10037066851814254848
fusion8_bf,262144,4,186.2289,10037066851814254848
sorted_array,262144,4,78.7689,10037066851814254848
btree8_bl,262144,4,112.2482,10037066851814254848
fusion8,262144,4,178.7537,10037066851814254848
fusion16_w,262144,4,199.2599,10037066851814254848
fusion8_c,262144,4,169.1116,10037066851814254848
fusion16_w,262144,5,201.1459,10037066851814254848
fusion8_bf,262144,5,196.3181,10037066851814254848
btree8_a64,262144,5,104.1534,10037066851814254848
fusion8_c,262144,5,177.7130,10037066851814254848
btree16_bl_a64,262144,5,151.7227,10037066851814254848
fusion8,262144,5,180.9616,10037066851814254848
btree8_bl_a64,262144,5,120.2530,10037066851814254848
btree8_bl,262144,5,113.1851,10037066851814254848
sorted_array,262144,5,78.1311,10037066851814254848
btree8,262144,5,98.4177,10037066851814254848
fusion8_c,262144,6,170.5994,10037066851814254848
btree8_bl_a64,262144,6,113.2385,10037066851814254848
btree16_bl_a64,262144,6,147.7402,10037066851814254848
btree8_bl,262144,6,111.2122,10037066851814254848
btree8,262144,6,99.9115,10037066851814254848
fusion8,262144,6,184.7351,10037066851814254848
fusion8_bf,262144,6,185.6445,10037066851814254848
fusion16_w,262144,6,215.6342,10037066851814254848
sorted_array,262144,6,79.3396,10037066851814254848
btree8_a64,262144,6,105.2322,10037066851814254848
btree8_bl_a64,262144,7,119.1391,10037066851814254848
fusion8,262144,7,190.1535,10037066851814254848
fusion8_c,262144,7,172.4701,10037066851814254848
fusion16_w,262144,7,206.1600,10037066851814254848
btree8,262144,7,103.2639,10037066851814254848
sorted_array,262144,7,80.5389,10037066851814254848
btree16_bl_a64,262144,7,151.9333,10037066851814254848
fusion8_bf,262144,7,186.1420,10037066851814254848
btree8_bl,262144,7,111.2457,10037066851814254848
btree8_a64,262144,7,105.8578,10037066851814254848
sorted_array,262144,8,78.0594,10037066851814254848
btree8_a64,262144,8,76.2405,10037066851814254848
btree16_bl_a64,262144,8,155.4382,10037066851814254848
btree8,262144,8,99.0829,10037066851814254848
fusion8,262144,8,179.8004,10037066851814254848
btree8_bl_a64,262144,8,121.2250,10037066851814254848
fusion8_c,262144,8,168.2022,10037066851814254848
fusion16_w,262144,8,199.1730,10037066851814254848
fusion8_bf,262144,8,190.4663,10037066851814254848
btree8_bl,262144,8,110.9543,10037066851814254848
btree8,262144,9,100.3128,10037066851814254848
btree8_bl,262144,9,77.6428,10037066851814254848
btree8_bl_a64,262144,9,119.7906,10037066851814254848
fusion16_w,262144,9,196.3593,10037066851814254848
fusion8_c,262144,9,164.2761,10037066851814254848
btree8_a64,262144,9,120.0851,10037066851814254848
fusion8_bf,262144,9,195.3506,10037066851814254848
sorted_array,262144,9,78.4027,10037066851814254848
fusion8,262144,9,179.6234,10037066851814254848
btree16_bl_a64,262144,9,151.3306,10037066851814254848
fusion8,262144,10,155.9555,10037066851814254848
sorted_array,262144,10,77.6398,10037066851814254848
btree8_a64,262144,10,104.5441,10037066851814254848
btree8_bl,262144,10,113.6475,10037066851814254848
btree8,262144,10,99.8260,10037066851814254848
btree8_bl_a64,262144,10,121.3776,10037066851814254848
btree16_bl_a64,262144,10,147.5983,10037066851814254848
fusion16_w,262144,10,195.5734,10037066851814254848
fusion8_c,262144,10,165.5258,10037066851814254848
fusion8_bf,262144,10,190.5380,10037066851814254848
btree8_bl,262144,11,112.1735,10037066851814254848
btree16_bl_a64,262144,11,147.6578,10037066851814254848
fusion8_bf,262144,11,177.3849,10037066851814254848
sorted_array,262144,11,78.5873,10037066851814254848
fusion16_w,262144,11,209.1873,10037066851814254848
btree8_a64,262144,11,104.8523,10037066851814254848
btree8_bl_a64,262144,11,119.3695,10037066851814254848
fusion8_c,262144,11,167.0135,10037066851814254848
btree8,262144,11,100.1450,10037066851814254848
fusion8,262144,11,181.8375,10037066851814254848
btree8_bl_a64,262144,12,118.4860,10037066851814254848
fusion8_bf,262144,12,185.5606,10037066851814254848
fusion8,262144,12,169.9509,10037066851814254848
btree16_bl_a64,262144,12,148.0774,10037066851814254848
btree8,262144,12,99.7681,10037066851814254848
fusion8_c,262144,12,172.5327,10037066851814254848
btree8_bl,262144,12,112.7579,10037066851814254848
sorted_array,262144,12,78.0426,10037066851814254848
btree8_a64,262144,12,104.3839,10037066851814254848
fusion16_w,262144,12,216.0904,10037066851814254848
fusion8,262144,13,180.5130,10037066851814254848
btree8_a64,262144,13,99.8260,10037066851814254848
btree16_bl_a64,262144,13,150.7309,10037066851814254848
fusion8_c,262144,13,169.3390,10037066851814254848
btree8_bl_a64,262144,13,121.3364,10037066851814254848
sorted_array,262144,13,78.4225,10037066851814254848
fusion16_w,262144,13,198.0301,10037066851814254848
btree8,262144,13,100.0870,10037066851814254848
btree8_bl,262144,13,111.3464,10037066851814254848
fusion8_bf,262144,13,187.9196,10037066851814254848
btree8_a64,262144,14,105.6427,10037066851814254848
sorted_array,262144,14,78.7689,10037066851814254848
fusion8_c,262144,14,171.7850,10037066851814254848
btree8_bl_a64,262144,14,118.4586,10037066851814254848
btree16_bl_a64,262144,14,148.2071,10037066851814254848
fusion16_w,262144,14,197.7341,10037066851814254848
fusion8_bf,262144,14,190.2115,10037066851814254848
btree8_bl,262144,14,112.6312,10037066851814254848
fusion8,262144,14,183.0261,10037066851814254848
btree8,262144,14,100.1450,10037066851814254848
sorted_array,524288,0,125.9933,12494368574949970434
fusion8_c,524288,0,158.6655,12494368574949970434
btree8_bl,524288,0,112.2299,12494368574949970434
btree8_a64,524288,0,105.8365,12494368574949970434
fusion8_bf,524288,0,201.7227,12494368574949970434
fusion8,524288,0,182.6889,12494368574949970434
btree8,524288,0,102.9953,12494368574949970434
btree8_bl_a64,524288,0,123.3215,12494368574949970434
btree16_bl_a64,524288,0,160.1624,12494368574949970434
fusion16_w,524288,0,221.9437,12494368574949970434
btree8,524288,1,101.2665,12494368574949970434
fusion8_bf,524288,1,190.5701,12494368574949970434
btree8_bl_a64,524288,1,123.0331,12494368574949970434
sorted_array,524288,1,124.9725,12494368574949970434
btree8_bl,524288,1,112.0056,12494368574949970434
btree8_a64,524288,1,107.1182,12494368574949970434
fusion16_w,524288,1,232.8537,12494368574949970434
fusion8_c,524288,1,167.3355,12494368574949970434
fusion8,524288,1,186.3602,12494368574949970434
btree16_bl_a64,524288,1,160.8643,12494368574949970434
btree8_bl,524288,2,110.6934,12494368574949970434
btree8,524288,2,102.0935,12494368574949970434
fusion8,524288,2,179.0176,12494368574949970434
btree8_a64,524288,2,107.0343,12494368574949970434
btree16_bl_a64,524288,2,161.8423,12494368574949970434
fusion8_c,524288,2,172.1008,12494368574949970434
btree8_bl_a64,524288,2,123.5291,12494368574949970434
fusion8_bf,524288,2,190.7532,12494368574949970434
fusion16_w,524288,2,227.9739,12494368574949970434
sorted_array,524288,2,129.0359,12494368574949970434
sorted_array,524288,3,103.3432,12494368574949970434
btree8_a64,524288,3,106.5506,12494368574949970434
btree16_bl_a64,524288,3,157.0663,12494368574949970434
fusion8_c,524288,3,190.6036,12494368574949970434
btree8,524288,3,101.4954,12494368574949970434
fusion8,524288,3,181.1401,12494368574949970434
btree8_bl_a64,524288,3,124.4110,12494368574949970434
btree8_bl,524288,3,110.1288,12494368574949970434
fusion16_w,524288,3,218.3212,12494368574949970434
fusion8_bf,524288,3,194.2368,12494368574949970434
btree8_a64,524288,4,104.8828,12494368574949970434
btree8_bl_a64,524288,4,122.1466,12494368574949970434
btree16_bl_a64,524288,4,157.2189,12494368574949970434
sorted_array,524288,4,124.7787,12494368574949970434
btree8_bl,524288,4,111.1221,12494368574949970434
fusion8,524288,4,179.9545,12494368574949970434
fusion8_bf,524288,4,200.2258,12494368574949970434
btree8,524288,4,104.3716,12494368574949970434
fusion16_w,524288,4,235.5820,12494368574949970434
fusion8_c,524288,4,175.6165,12494368574949970434
btree8_bl,524288,5,114.5782,12494368574949970434
btree8_bl_a64,524288,5,121.3776,12494368574949970434
btree16_bl_a64,524288,5,158.9066,12494368574949970434
fusion8_c,524288,5,162.1613,12494368574949970434
fusion16_w,524288,5,227.0508,12494368574949970434
btree8,524288,5,101.0895,12494368574949970434
fusion8,524288,5,182.7789,12494368574949970434
sorted_array,524288,5,126.2619,12494368574949970434
fusion8_bf,524288,5,190.5365,12494368574949970434
btree8_a64,524288,5,105.6427,12494368574949970434
btree16_bl_a64,524288,6,159.1202,12494368574949970434
sorted_array,524288,6,122.7814,12494368574949970434
btree8_bl_a64,524288,6,122.0001,12494368574949970434
fusion8,524288,6,179.8126,12494368574949970434
fusion8_bf,524288,6,191.2842,12494368574949970434
btree8,524288,6,100.6302,12494368574949970434
fusion16_w,524288,6,232.7316,12494368574949970434
btree8_a64,524288,6,106.7062,12494368574949970434
btree8_bl,524288,6,116.0400,12494368574949970434
fusion8_c,524288,6,168.8309,12494368574949970434
fusion8,524288,7,180.2292,12494368574949970434
sorted_array,524288,7,123.9609,12494368574949970434
fusion16_w,524288,7,218.8202,12494368574949970434
fusion8_bf,524288,7,190.9409,12494368574949970434
btree16_bl_a64,524288,7,158.7662,12494368574949970434
btree8_bl,524288,7,112.5259,12494368574949970434
btree8_bl_a64,524288,7,122.4625,12494368574949970434
btree8_a64,524288,7,105.7388,12494368574949970434
btree8,524288,7,101.5594,12494368574949970434
fusion8_c,524288,7,171.6690,12494368574949970434
fusion8_bf,524288,8,193.0099,12494368574949970434
fusion8_c,524288,8,159.4498,12494368574949970434
fusion16_w,524288,8,220.5780,12494368574949970434
btree16_bl_a64,524288,8,158.9737,12494368574949970434
sorted_array,524288,8,123.9319,12494368574949970434
btree8,524288,8,100.9247,12494368574949970434
btree8_bl_a64,524288,8,122.6868,12494368574949970434
btree8_bl,524288,8,112.5992,12494368574949970434
fusion8,524288,8,180.0003,12494368574949970434
btree8_a64,524288,8,106.9519,12494368574949970434
sorted_array,524288,9,123.7793,12494368574949970434
fusion8_bf,524288,9,198.4131,12494368574949970434
fusion8,524288,9,175.3403,12494368574949970434
fusion8_c,524288,9,168.4662,12494368574949970434
btree8_bl_a64,524288,9,121.1685,12494368574949970434
btree16_bl_a64,524288,9,161.3998,12494368574949970434
btree8,524288,9,101.1368,12494368574949970434
btree8_bl,524288,9,112.0407,12494368574949970434
fusion16_w,524288,9,226.0422,12494368574949970434
btree8_a64,524288,9,104.6722,12494368574949970434
btree8_a64,524288,10,73.7579,12494368574949970434
fusion16_w,524288,10,183.1070,12494368574949970434
fusion8_bf,524288,10,195.8984,12494368574949970434
fusion8,524288,10,179.9057,12494368574949970434
btree8,524288,10,101.4313,12494368574949970434
btree16_bl_a64,524288,10,157.6279,12494368574949970434
btree8_bl,524288,10,111.8393,12494368574949970434
btree8_bl_a64,524288,10,121.7087,12494368574949970434
sorted_array,524288,10,125.2609,12494368574949970434
fusion8_c,524288,10,168.5028,12494368574949970434
fusion8_bf,524288,11,190.4678,12494368574949970434
btree8,524288,11,101.0117,12494368574949970434
fusion8,524288,11,179.1718,12494368574949970434
btree8_a64,524288,11,103.5233,12494368574949970434
btree16_bl_a64,524288,11,159.6161,12494368574949970434
fusion8_c,524288,11,169.3405,12494368574949970434
btree8_bl,524288,11,113.2126,12494368574949970434
fusion16_w,524288,11,218.8293,12494368574949970434
btree8_bl_a64,524288,11,120.8923,12494368574949970434
sorted_array,524288,11,124.9191,12494368574949970434
fusion16_w,524288,12,204.0817,12494368574949970434
btree16_bl_a64,524288,12,155.7175,12494368574949970434
btree8_bl,524288,12,110.8932,12494368574949970434
sorted_array,524288,12,119.4366,12494368574949970434
fusion8_c,524288,12,168.7851,12494368574949970434
btree8,524288,12,100.1129,12494368574949970434
fusion8,524288,12,182.1457,12494368574949970434
fusion8_bf,524288,12,190.9531,12494368574949970434
btree8_bl_a64,524288,12,120.9686,12494368574949970434
btree8_a64,524288,12,104.7302,12494368574949970434
btree8_bl_a64,524288,13,76.9257,12494368574949970434
btree8,524288,13,99.0585,12494368574949970434
fusion16_w,524288,13,227.1179,12494368574949970434
btree16_bl_a64,524288,13,156.7978,12494368574949970434
btree8_bl,524288,13,110.6812,12494368574949970434
btree8_a64,524288,13,103.5645,12494368574949970434
fusion8_c,524288,13,169.7617,12494368574949970434
fusion8_bf,524288,13,194.3298,12494368574949970434
fusion8,524288,13,185.0769,12494368574949970434
sorted_array,524288,13,124.5895,12494368574949970434
fusion8_bf,524288,14,180.3589,12494368574949970434
btree16_bl_a64,524288,14,158.2138,12494368574949970434
fusion16_w,524288,14,218.8339,12494368574949970434
fusion8_c,524288,14,165.2573,12494368574949970434
sorted_array,524288,14,125.0946,12494368574949970434
fusion8,524288,14,178.9948,12494368574949970434
btree8_bl,524288,14,112.2757,12494368574949970434
btree8_a64,524288,14,104.8218,12494368574949970434
btree8,524288,14,100.0687,12494368574949970434
btree8_bl_a64,524288,14,122.6837,12494368574949970434
btree8_bl,1048576,0,224.5255,16362192324183350314
fusion16_w,1048576,0,210.3577,16362192324183350314
fusion8_bf,1048576,0,337.8204,16362192324183350314
btree16_bl_a64,1048576,0,162.1506,16362192324183350314
fusion8_c,1048576,0,310.8459,16362192324183350314
btree8,1048576,0,244.5374,16362192324183350314
btree8_a64,1048576,0,251.6953,16362192324183350314
fusion8,1048576,0,334.8328,16362192324183350314
sorted_array,1048576,0,208.2458,16362192324183350314
btree8_bl_a64,1048576,0,211.7661,16362192324183350314
sorted_array,1048576,1,177.6306,16362192324183350314
btree8_bl,1048576,1,226.1566,16362192324183350314
fusion8,1048576,1,392.0013,16362192324183350314
btree8_a64,1048576,1,330.9662,16362192324183350314
btree8,1048576,1,245.9549,16362192324183350314
btree8_bl_a64,1048576,1,219.2368,16362192324183350314
fusion8_bf,1048576,1,337.0697,16362192324183350314
btree16_bl_a64,1048576,1,160.2036,16362192324183350314
fusion16_w,1048576,1,225.5066,16362192324183350314
fusion8_c,1048576,1,311.6501,16362192324183350314
fusion8,1048576,2,331.9656,16362192324183350314
btree16_bl_a64,1048576,2,159.2377,16362192324183350314
btree8,1048576,2,244.3665,16362192324183350314
fusion8_bf,1048576,2,337.9318,16362192324183350314
btree8_bl,1048576,2,225.0671,16362192324183350314
btree8_bl_a64,1048576,2,213.9496,16362192324183350314
fusion8_c,1048576,2,311.2381,16362192324183350314
btree8_a64,1048576,2,248.0530,16362192324183350314
sorted_array,1048576,2,204.8141,16362192324183350314
fusion16_w,1048576,2,234.1812,16362192324183350314
fusion8_bf,1048576,3,337.5153,16362192324183350314
fusion8,1048576,3,342.6132,16362192324183350314
fusion16_w,1048576,3,233.1589,16362192324183350314
btree8,1048576,3,242.8085,16362192324183350314
fusion8_c,1048576,3,323.4116,16362192324183350314
sorted_array,1048576,3,207.5851,16362192324183350314
btree8_bl_a64,1048576,3,210.9543,16362192324183350314
btree16_bl_a64,1048576,3,160.1883,16362192324183350314
btree8_bl,1048576,3,222.2260,16362192324183350314
btree8_a64,1048576,3,246.5500,16362192324183350314
btree8_bl_a64,1048576,4,218.9423,16362192324183350314
btree8,1048576,4,242.9749,16362192324183350314
fusion8_bf,1048576,4,345.5002,16362192324183350314
btree16_bl_a64,1048576,4,161.6287,16362192324183350314
btree8_a64,1048576,4,245.3049,16362192324183350314
btree8_bl,1048576,4,235.1120,16362192324183350314
sorted_array,1048576,4,206.9687,16362192324183350314
fusion8,1048576,4,327.6917,16362192324183350314
fusion8_c,1048576,4,314.1281,16362192324183350314
fusion16_w,1048576,4,229.1397,16362192324183350314
fusion8,1048576,5,337.5748,16362192324183350314
btree8,1048576,5,241.9220,16362192324183350314
btree8_bl_a64,1048576,5,212.2177,16362192324183350314
fusion8_c,1048576,5,312.4725,16362192324183350314
sorted_array,1048576,5,204.9362,16362192324183350314
btree8_a64,1048576,5,245.9061,16362192324183350314
fusion16_w,1048576,5,232.4036,16362192324183350314
btree16_bl_a64,1048576,5,160.3714,16362192324183350314
btree8_bl,1048576,5,222.7676,16362192324183350314
fusion8_bf,1048576,5,340.2557,16362192324183350314
btree8,1048576,6,243.9133,16362192324183350314
sorted_array,1048576,6,206.2454,16362192324183350314
fusion8,1048576,6,332.8232,16362192324183350314
fusion8_c,1048576,6,313.0280,16362192324183350314
fusion8_bf,1048576,6,334.7076,16362192324183350314
fusion16_w,1048576,6,235.3607,16362192324183350314
btree8_bl_a64,1048576,6,210.6705,16362192324183350314
btree16_bl_a64,1048576,6,159.5825,16362192324183350314
btree8_bl,1048576,6,222.8775,16362192324183350314
btree8_a64,1048576,6,246.7789,16362192324183350314
fusion8,1048576,7,333.8028,16362192324183350314
btree8_bl_a64,1048576,7,211.8256,16362192324183350314
btree8,1048576,7,243.8065,16362192324183350314
fusion8_c,1048576,7,326.2604,16362192324183350314
fusion16_w,1048576,7,228.9520,16362192324183350314
fusion8_bf,1048576,7,346.2387,16362192324183350314
btree8_a64,1048576,7,245.3094,16362192324183350314
btree16_bl_a64,1048576,7,159.6909,16362192324183350314
sorted_array,1048576,7,207.2662,16362192324183350314
btree8_bl,1048576,7,220.9396,16362192324183350314
btree8,1048576,8,246.8185,16362192324183350314
fusion8_bf,1048576,8,335.6262,16362192324183350314
fusion8,1048576,8,336.0733,16362192324183350314
fusion16_w,1048576,8,231.2164,16362192324183350314
btree8_a64,1048576,8,243.6798,16362192324183350314
btree8_bl_a64,1048576,8,212.5198,16362192324183350314
fusion8_c,1048576,8,311.9278,16362192324183350314
btree8_bl,1048576,8,234.0637,16362192324183350314
sorted_array,1048576,8,207.9498,16362192324183350314
btree16_bl_a64,1048576,8,158.9890,16362192324183350314
fusion16_w,1048576,9,227.1927,16362192324183350314
btree8_a64,1048576,9,245.8069,16362192324183350314
fusion8_c,1048576,9,368.6539,16362192324183350314
fusion8,1048576,9,327.8198,16362192324183350314
sorted_array,1048576,9,207.4249,16362192324183350314
fusion8_bf,1048576,9,362.2849,16362192324183350314
btree8,1048576,9,245.3995,16362192324183350314
btree16_bl_a64,1048576,9,158.6792,16362192324183350314
btree8_bl_a64,1048576,9,209.9289,16362192324183350314
btree8_bl,1048576,9,227.5131,16362192324183350314
fusion16_w,1048576,10,230.7419,16362192324183350314
btree8_bl_a64,1048576,10,214.1708,16362192324183350314
fusion8,1048576,10,342.7643,16362192324183350314
fusion8_bf,1048576,10,354.2297,16362192324183350314
btree16_bl_a64,1048576,10,160.6857,16362192324183350314
btree8_bl,1048576,10,225.0793,16362192324183350314
btree8,1048576,10,245.8054,16362192324183350314
fusion8_c,1048576,10,330.3528,16362192324183350314
btree8_a64,1048576,10,249.3118,16362192324183350314
sorted_array,1048576,10,208.7311,16362192324183350314
btree8_bl_a64,1048576,11,215.6387,16362192324183350314
fusion8,1048576,11,333.0627,16362192324183350314
sorted_array,1048576,11,205.7159,16362192324183350314
btree8,1048576,11,244.3481,16362192324183350314
fusion8_c,1048576,11,328.7125,16362192324183350314
btree16_bl_a64,1048576,11,162.5061,16362192324183350314
btree8_bl,1048576,11,223.0042,16362192324183350314
btree8_a64,1048576,11,250.4486,16362192324183350314
fusion16_w,1048576,11,238.1226,16362192324183350314
fusion8_bf,1048576,11,344.7845,16362192324183350314
sorted_array,1048576,12,206.0364,16362192324183350314
fusion8_c,1048576,12,325.7248,16362192324183350314
btree8,1048576,12,247.3923,16362192324183350314
btree8_bl,1048576,12,226.4282,16362192324183350314
fusion8,1048576,12,333.4244,16362192324183350314
fusion16_w,1048576,12,232.9300,16362192324183350314
btree8_a64,1048576,12,246.7743,16362192324183350314
btree8_bl_a64,1048576,12,215.0940,16362192324183350314
btree16_bl_a64,1048576,12,159.8877,16362192324183350314
fusion8_bf,1048576,12,341.3925,16362192324183350314
fusion8,1048576,13,340.2130,16362192324183350314
sorted_array,1048576,13,208.6288,16362192324183350314
btree8_bl_a64,1048576,13,212.5092,16362192324183350314
btree16_bl_a64,1048576,13,161.8591,16362192324183350314
fusion8_bf,1048576,13,344.3390,16362192324183350314
btree8_a64,1048576,13,249.6552,16362192324183350314
fusion16_w,1048576,13,238.1012,16362192324183350314
fusion8_c,1048576,13,315.2405,16362192324183350314
btree8,1048576,13,247.2137,16362192324183350314
btree8_bl,1048576,13,226.6647,16362192324183350314
btree16_bl_a64,1048576,14,161.2717,16362192324183350314
btree8_bl,1048576,14,206.7505,16362192324183350314
sorted_array,1048576,14,206.2286,16362192324183350314
btree8,1048576,14,245.0974,16362192324183350314
fusion16_w,1048576,14,234.4009,16362192324183350314
fusion8_c,1048576,14,329.2572,16362192324183350314
btree8_a64,1048576,14,260.8841,16362192324183350314
fusion8_bf,1048576,14,355.7571,16362192324183350314
btree8_bl_a64,1048576,14,212.8967,16362192324183350314
fusion8,1048576,14,329.7714,16362192324183350314
btree8_a64,2097152,0,259.1843,6087976039063001523
btree8_bl_a64,2097152,0,271.1884,6087976039063001523
fusion8_c,2097152,0,331.6055,6087976039063001523
fusion16_w,2097152,0,325.9338,6087976039063001523
btree16_bl_a64,2097152,0,249.4568,6087976039063001523
fusion8,2097152,0,353.5294,6087976039063001523
fusion8_bf,2097152,0,362.3978,6087976039063001523
btree8,2097152,0,258.3481,6087976039063001523
btree8_bl,2097152,0,276.6327,6087976039063001523
sorted_array,2097152,0,309.7626,6087976039063001523
fusion8_c,2097152,1,336.1404,6087976039063001523
fusion16_w,2097152,1,341.8930,6087976039063001523
fusion8_bf,2097152,1,385.3195,6087976039063001523
btree8_a64,2097152,1,271.4005,6087976039063001523
sorted_array,2097152,1,324.2996,6087976039063001523
btree8_bl,2097152,1,283.6670,6087976039063001523
btree8,2097152,1,260.7025,6087976039063001523
btree8_bl_a64,2097152,1,262.5168,6087976039063001523
fusion8,2097152,1,352.7130,6087976039063001523
btree16_bl_a64,2097152,1,243.1412,6087976039063001523
sorted_array,2097152,2,300.7553,6087976039063001523
btree8_a64,2097152,2,256.8710,6087976039063001523
btree8_bl,2097152,2,280.4611,6087976039063001523
fusion8_c,2097152,2,328.6362,6087976039063001523
btree8,2097152,2,260.2570,6087976039063001523
fusion8,2097152,2,355.0812,6087976039063001523
btree16_bl_a64,2097152,2,246.5561,6087976039063001523
fusion16_w,2097152,2,324.9100,6087976039063001523
fusion8_bf,2097152,2,368.1198,6087976039063001523
btree8_bl_a64,2097152,2,262.4420,6087976039063001523
btree16_bl_a64,2097152,3,233.6365,6087976039063001523
btree8_bl,2097152,3,273.1583,6087976039063001523
fusion8_c,2097152,3,329.2572,6087976039063001523
btree8_a64,2097152,3,255.9998,6087976039063001523
fusion16_w,2097152,3,358.8623,6087976039063001523
btree8,2097152,3,294.2978,6087976039063001523
sorted_array,2097152,3,310.5209,6087976039063001523
fusion8,2097152,3,352.7451,6087976039063001523
fusion8_bf,2097152,3,369.2825,6087976039063001523
btree8_bl_a64,2097152,3,276.7761,6087976039063001523
btree8_bl_a64,2097152,4,156.9305,6087976039063001523
btree8_a64,2097152,4,269.2734,6087976039063001523
btree8,2097152,4,273.3749,6087976039063001523
btree16_bl_a64,2097152,4,250.0885,6087976039063001523
fusion16_w,2097152,4,333.1009,6087976039063001523
btree8_bl,2097152,4,287.5397,6087976039063001523
fusion8,2097152,4,365.5594,6087976039063001523
sorted_array,2097152,4,313.6200,6087976039063001523
fusion8_c,2097152,4,337.6282,6087976039063001523
fusion8_bf,2097152,4,381.7581,6087976039063001523
fusion16_w,2097152,5,322.7097,6087976039063001523
btree8,2097152,5,262.6465,6087976039063001523
fusion8,2097152,5,363.3957,6087976039063001523
sorted_array,2097152,5,309.5367,6087976039063001523
fusion8_c,2097152,5,331.2531,6087976039063001523
fusion8_bf,2097152,5,371.5393,6087976039063001523
btree8_bl_a64,2097152,5,264.9429,6087976039063001523
btree16_bl_a64,2097152,5,244.0552,6087976039063001523
btree8_a64,2097152,5,271.3211,6087976039063001523
btree8_bl,2097152,5,281.1218,6087976039063001523
btree8,2097152,6,273.3047,6087976039063001523
btree8_bl_a64,2097152,6,287.2238,6087976039063001523
fusion8_bf,2097152,6,368.1808,6087976039063001523
fusion8_c,2097152,6,329.0054,6087976039063001523
fusion16_w,2097152,6,342.8619,6087976039063001523
sorted_array,2097152,6,316.8381,6087976039063001523
fusion8,2097152,6,359.5688,6087976039063001523
btree8_bl,2097152,6,275.9323,6087976039063001523
btree16_bl_a64,2097152,6,230.4733,6087976039063001523
btree8_a64,2097152,6,258.5831,6087976039063001523
btree8_bl_a64,2097152,7,263.5010,6087976039063001523
fusion16_w,2097152,7,323.4100,6087976039063001523
btree16_bl_a64,2097152,7,234.9350,6087976039063001523
btree8_a64,2097152,7,262.1048,6087976039063001523
fusion8_bf,2097152,7,388.3362,6087976039063001523
fusion8_c,2097152,7,339.8529,6087976039063001523
fusion8,2097152,7,356.4133,6087976039063001523
btree8,2097152,7,258.9233,6087976039063001523
btree8_bl,2097152,7,276.7822,6087976039063001523
sorted_array,2097152,7,306.6208,6087976039063001523
fusion16_w,2097152,8,327.2354,6087976039063001523
btree8_bl,2097152,8,274.4354,6087976039063001523
sorted_array,2097152,8,325.8011,6087976039063001523
fusion8_bf,2097152,8,359.5230,6087976039063001523
btree8,2097152,8,260.0220,6087976039063001523
fusion8_c,2097152,8,338.0630,6087976039063001523
btree16_bl_a64,2097152,8,232.2357,6087976039063001523
btree8_a64,2097152,8,258.9813,6087976039063001523
fusion8,2097152,8,355.7236,6087976039063001523
btree8_bl_a64,2097152,8,266.3574,6087976039063001523
btree8_bl,2097152,9,273.1186,6087976039063001523
fusion8,2097152,9,354.2770,6087976039063001523
fusion8_c,2097152,9,332.3303,6087976039063001523
fusion8_bf,2097152,9,364.7125,6087976039063001523
fusion16_w,2097152,9,357.0175,6087976039063001523
btree8_bl_a64,2097152,9,266.2460,6087976039063001523
btree16_bl_a64,2097152,9,231.7535,6087976039063001523
sorted_array,2097152,9,302.5177,6087976039063001523
btree8,2097152,9,261.2122,6087976039063001523
btree8_a64,2097152,9,259.0424,6087976039063001523
fusion8_c,2097152,10,338.5391,6087976039063001523
fusion16_w,2097152,10,321.9299,6087976039063001523
btree8_bl_a64,2097152,10,273.5748,6087976039063001523
fusion8,2097152,10,354.1229,6087976039063001523
btree8_bl,2097152,10,281.3065,6087976039063001523
fusion8_bf,2097152,10,361.2656,6087976039063001523
btree16_bl_a64,2097152,10,250.6485,6087976039063001523
btree8,2097152,10,261.5891,6087976039063001523
btree8_a64,2097152,10,258.6761,6087976039063001523
sorted_array,2097152,10,306.6528,6087976039063001523
fusion8_bf,2097152,11,372.7509,6087976039063001523
sorted_array,2097152,11,307.3746,6087976039063001523
fusion8_c,2097152,11,338.2278,6087976039063001523
btree8_bl_a64,2097152,11,262.5122,6087976039063001523
btree8_bl,2097152,11,273.7793,6087976039063001523
btree8_a64,2097152,11,258.4213,6087976039063001523
btree8,2097152,11,260.9558,6087976039063001523
btree16_bl_a64,2097152,11,237.0911,6087976039063001523
fusion16_w,2097152,11,325.8911,6087976039063001523
fusion8,2097152,11,356.4545,6087976039063001523
btree16_bl_a64,2097152,12,243.0649,6087976039063001523
fusion8,2097152,12,347.4930,6087976039063001523
sorted_array,2097152,12,304.7562,6087976039063001523
fusion16_w,2097152,12,324.1211,6087976039063001523
fusion8_c,2097152,12,334.8343,6087976039063001523
btree8,2097152,12,261.1725,6087976039063001523
btree8_bl,2097152,12,274.9863,6087976039063001523
fusion8_bf,2097152,12,364.5554,6087976039063001523
btree8_bl_a64,2097152,12,266.4383,6087976039063001523
btree8_a64,2097152,12,258.0612,6087976039063001523
fusion8,2097152,13,356.9412,6087976039063001523
fusion8_c,2097152,13,336.9537,6087976039063001523
fusion8_bf,2097152,13,360.1578,6087976039063001523
fusion16_w,2097152,13,357.6523,6087976039063001523
sorted_array,2097152,13,312.0880,6087976039063001523
btree8,2097152,13,259.9899,6087976039063001523
btree16_bl_a64,2097152,13,233.8013,6087976039063001523
btree8_a64,2097152,13,261.7065,6087976039063001523
btree8_bl,2097152,13,279.6326,6087976039063001523
btree8_bl_a64,2097152,13,264.3814,6087976039063001523
fusion8_c,2097152,14,331.7734,6087976039063001523
btree8,2097152,14,259.4299,6087976039063001523
fusion8_bf,2097152,14,373.4222,6087976039063001523
fusion8,2097152,14,356.5948,6087976039063001523
btree8_bl,2097152,14,278.2669,6087976039063001523
btree16_bl_a64,2097152,14,233.3954,6087976039063001523
btree8_a64,2097152,14,260.0830,6087976039063001523
fusion16_w,2097152,14,361.4304,6087976039063001523
btree8_bl_a64,2097152,14,264.9963,6087976039063001523
sorted_array,2097152,14,305.7083,6087976039063001523
fusion8_bf,4194304,0,375.7996,14247903871160904604
btree8_bl_a64,4194304,0,268.9209,14247903871160904604
btree8,4194304,0,265.5777,14247903871160904604
fusion16_w,4194304,0,424.8001,14247903871160904604
fusion8_c,4194304,0,337.0361,14247903871160904604
btree8_a64,4194304,0,264.4638,14247903871160904604
sorted_array,4194304,0,506.7596,14247903871160904604
btree8_bl,4194304,0,281.9641,14247903871160904604
btree16_bl_a64,4194304,0,323.1995,14247903871160904604
fusion8,4194304,0,361.0001,14247903871160904604
btree8_bl_a64,4194304,1,270.2530,14247903871160904604
btree8_a64,4194304,1,263.3972,14247903871160904604
fusion8,4194304,1,433.8913,14247903871160904604
sorted_array,4194304,1,594.7617,14247903871160904604
fusion16_w,4194304,1,387.9623,14247903871160904604
fusion8_bf,4194304,1,367.8528,14247903871160904604
btree16_bl_a64,4194304,1,326.2634,14247903871160904604
btree8_bl,4194304,1,284.4864,14247903871160904604
fusion8_c,4194304,1,339.1479,14247903871160904604
btree8,4194304,1,265.0726,14247903871160904604
fusion16_w,4194304,2,407.1518,14247903871160904604
fusion8,4194304,2,362.1811,14247903871160904604
fusion8_bf,4194304,2,373.1018,14247903871160904604
btree8_bl,4194304,2,280.9540,14247903871160904604
fusion8_c,4194304,2,335.1624,14247903871160904604
sorted_array,4194304,2,503.3279,14247903871160904604
btree8_a64,4194304,2,264.0686,14247903871160904604
btree16_bl_a64,4194304,2,321.0678,14247903871160904604
btree8_bl_a64,4194304,2,267.6636,14247903871160904604
btree8,4194304,2,264.7064,14247903871160904604
fusion8,4194304,3,357.1243,14247903871160904604
fusion8_bf,4194304,3,368.0023,14247903871160904604
btree16_bl_a64,4194304,3,316.3223,14247903871160904604
fusion16_w,4194304,3,379.0070,14247903871160904604
btree8_bl_a64,4194304,3,267.9810,14247903871160904604
sorted_array,4194304,3,515.5197,14247903871160904604
btree8_a64,4194304,3,262.2391,14247903871160904604
fusion8_c,4194304,3,337.6678,14247903871160904604
btree8,4194304,3,261.9659,14247903871160904604
btree8_bl,4194304,3,281.3736,14247903871160904604
fusion8_bf,4194304,4,369.3558,14247903871160904604
btree8,4194304,4,265.5563,14247903871160904604
btree8_bl,4194304,4,279.9057,14247903871160904604
sorted_array,4194304,4,496.3409,14247903871160904604
fusion8_c,4194304,4,337.4405,14247903871160904604
btree16_bl_a64,4194304,4,324.1806,14247903871160904604
fusion8,4194304,4,360.1425,14247903871160904604
btree8_bl_a64,4194304,4,269.0582,14247903871160904604
fusion16_w,4194304,4,377.3438,14247903871160904604
btree8_a64,4194304,4,264.4547,14247903871160904604
fusion16_w,4194304,5,412.8113,14247903871160904604
sorted_array,4194304,5,503.9474,14247903871160904604
btree16_bl_a64,4194304,5,319.7693,14247903871160904604
btree8,4194304,5,264.6225,14247903871160904604
btree8_bl,4194304,5,283.0063,14247903871160904604
fusion8_bf,4194304,5,369.2139,14247903871160904604
btree8_bl_a64,4194304,5,283.1619,14247903871160904604
fusion8,4194304,5,374.9481,14247903871160904604
btree8_a64,4194304,5,263.5086,14247903871160904604
fusion8_c,4194304,5,340.5945,14247903871160904604
btree8_a64,4194304,6,247.2427,14247903871160904604
sorted_array,4194304,6,499.8489,14247903871160904604
btree8_bl_a64,4194304,6,266.2704,14247903871160904604
btree8,4194304,6,263.4399,14247903871160904604
fusion8_c,4194304,6,340.5899,14247903871160904604
fusion8_bf,4194304,6,365.9531,14247903871160904604
btree8_bl,4194304,6,284.5703,14247903871160904604
fusion16_w,4194304,6,379.0665,14247903871160904604
btree16_bl_a64,4194304,6,324.0417,14247903871160904604
fusion8,4194304,6,364.0152,14247903871160904604
btree8,4194304,7,265.3534,14247903871160904604
sorted_array,4194304,7,503.5934,14247903871160904604
fusion16_w,4194304,7,407.9483,14247903871160904604
fusion8,4194304,7,358.4702,14247903871160904604
fusion8_c,4194304,7,336.5570,14247903871160904604
btree8_bl_a64,4194304,7,271.6034,14247903871160904604
btree16_bl_a64,4194304,7,319.3039,14247903871160904604
btree8_bl,4194304,7,282.1060,14247903871160904604
btree8_a64,4194304,7,263.1760,14247903871160904604
fusion8_bf,4194304,7,373.4604,14247903871160904604
fusion8,4194304,8,390.4984,14247903871160904604
fusion16_w,4194304,8,400.9903,14247903871160904604
btree8,4194304,8,266.3071,14247903871160904604
btree16_bl_a64,4194304,8,317.6651,14247903871160904604
btree8_bl,4194304,8,284.6344,14247903871160904604
sorted_array,4194304,8,499.7726,14247903871160904604
fusion8_c,4194304,8,337.6694,14247903871160904604
fusion8_bf,4194304,8,372.4609,14247903871160904604
btree8_bl_a64,4194304,8,268.6096,14247903871160904604
btree8_a64,4194304,8,261.1298,14247903871160904604
btree8_bl_a64,4194304,9,255.9662,14247903871160904604
btree8,4194304,9,268.1305,14247903871160904604
fusion8_bf,4194304,9,366.3589,14247903871160904604
btree8_a64,4194304,9,261.5219,14247903871160904604
fusion8,4194304,9,361.6684,14247903871160904604
btree8_bl,4194304,9,281.7017,14247903871160904604
btree16_bl_a64,4194304,9,316.1942,14247903871160904604
fusion8_c,4194304,9,336.1298,14247903871160904604
fusion16_w,4194304,9,419.6381,14247903871160904604
sorted_array,4194304,9,508.8806,14247903871160904604
fusion8,4194304,10,359.3765,14247903871160904604
fusion16_w,4194304,10,374.9451,14247903871160904604
sorted_array,4194304,10,514.7324,14247903871160904604
fusion8_c,4194304,10,351.0086,14247903871160904604
btree8,4194304,10,272.0505,14247903871160904604
fusion8_bf,4194304,10,367.8726,14247903871160904604
btree8_bl_a64,4194304,10,269.0964,14247903871160904604
btree8_bl,4194304,10,281.1127,14247903871160904604
btree8_a64,4194304,10,260.4645,14247903871160904604
btree16_bl_a64,4194304,10,323.5229,14247903871160904604
fusion8_c,4194304,11,335.0052,14247903871160904604
btree8_bl,4194304,11,283.2367,14247903871160904604
fusion8_bf,4194304,11,369.5862,14247903871160904604
fusion8,4194304,11,372.1054,14247903871160904604
btree8,4194304,11,265.3320,14247903871160904604
btree8_a64,4194304,11,264.4440,14247903871160904604
btree8_bl_a64,4194304,11,272.7310,14247903871160904604
btree16_bl_a64,4194304,11,319.4336,14247903871160904604
sorted_array,4194304,11,510.0204,14247903871160904604
fusion16_w,4194304,11,378.5889,14247903871160904604
fusion8_bf,4194304,12,369.8563,14247903871160904604
btree8_bl_a64,4194304,12,269.5206,14247903871160904604
fusion16_w,4194304,12,375.9567,14247903871160904604
sorted_array,4194304,12,507.7545,14247903871160904604
btree8_bl,4194304,12,287.6450,14247903871160904604
btree16_bl_a64,4194304,12,333.3176,14247903871160904604
fusion8_c,4194304,12,345.3888,14247903871160904604
fusion8,4194304,12,358.7830,14247903871160904604
btree8,4194304,12,261.9553,14247903871160904604
btree8_a64,4194304,12,263.6292,14247903871160904604
sorted_array,4194304,13,500.6226,14247903871160904604
fusion8_bf,4194304,13,373.9075,14247903871160904604
btree8_a64,4194304,13,261.1023,14247903871160904604
btree16_bl_a64,4194304,13,318.7241,14247903871160904604
btree8_bl,4194304,13,287.7762,14247903871160904604
fusion8_c,4194304,13,339.5767,14247903871160904604
fusion16_w,4194304,13,399.7330,14247903871160904604
btree8_bl_a64,4194304,13,270.3262,14247903871160904604
fusion8,4194304,13,357.2220,14247903871160904604
btree8,4194304,13,263.7299,14247903871160904604
fusion8_bf,4194304,14,369.2078,14247903871160904604
fusion16_w,4194304,14,414.7827,14247903871160904604
fusion8,4194304,14,359.9014,14247903871160904604
btree16_bl_a64,4194304,14,322.8027,14247903871160904604
fusion8_c,4194304,14,335.7742,14247903871160904604
btree8,4194304,14,264.0381,14247903871160904604
btree8_bl,4194304,14,283.6212,14247903871160904604
btree8_a64,4194304,14,260.5789,14247903871160904604
btree8_bl_a64,4194304,14,270.9961,14247903871160904604
sorted_array,4194304,14,499.4766,14247903871160904604
btree16_bl_a64,8388608,0,337.8159,16818331115280313399
fusion16_w,8388608,0,398.2605,16818331115280313399
fusion8_bf,8388608,0,535.0143,16818331115280313399
btree8_a64,8388608,0,397.8210,16818331115280313399
btree8_bl,8388608,0,402.8412,16818331115280313399
fusion8_c,8388608,0,488.2065,16818331115280313399
btree8,8388608,0,400.7706,16818331115280313399
fusion8,8388608,0,511.1847,16818331115280313399
sorted_array,8388608,0,851.9775,16818331115280313399
btree8_bl_a64,8388608,0,356.0349,16818331115280313399
btree8_bl,8388608,1,392.5629,16818331115280313399
fusion8,8388608,1,503.0899,16818331115280313399
fusion8_c,8388608,1,481.4743,16818331115280313399
fusion8_bf,8388608,1,547.2076,16818331115280313399
btree16_bl_a64,8388608,1,342.2073,16818331115280313399
fusion16_w,8388608,1,419.2154,16818331115280313399
btree8,8388608,1,398.5504,16818331115280313399
sorted_array,8388608,1,850.2869,16818331115280313399
btree8_a64,8388608,1,395.7001,16818331115280313399
btree8_bl_a64,8388608,1,370.8572,16818331115280313399
btree8_a64,8388608,2,377.5131,16818331115280313399
fusion8_c,8388608,2,506.6544,16818331115280313399
btree16_bl_a64,8388608,2,339.4608,16818331115280313399
sorted_array,8388608,2,856.5125,16818331115280313399
fusion8_bf,8388608,2,529.5731,16818331115280313399
btree8_bl_a64,8388608,2,361.9308,16818331115280313399
fusion8,8388608,2,516.8198,16818331115280313399
btree8_bl,8388608,2,384.1537,16818331115280313399
btree8,8388608,2,398.6877,16818331115280313399
fusion16_w,8388608,2,430.9021,16818331115280313399
btree8_bl_a64,8388608,3,375.7767,16818331115280313399
fusion16_w,8388608,3,395.9457,16818331115280313399
btree16_bl_a64,8388608,3,340.7837,16818331115280313399
fusion8,8388608,3,511.9400,16818331115280313399
fusion8_c,8388608,3,474.0128,16818331115280313399
sorted_array,8388608,3,853.6179,16818331115280313399
btree8_bl,8388608,3,421.7850,16818331115280313399
btree8,8388608,3,398.0728,16818331115280313399
btree8_a64,8388608,3,400.0626,16818331115280313399
fusion8_bf,8388608,3,544.0460,16818331115280313399
btree8_bl,8388608,4,391.1865,16818331115280313399
btree8,8388608,4,416.7831,16818331115280313399
btree16_bl_a64,8388608,4,348.9258,16818331115280313399
fusion16_w,8388608,4,412.6419,16818331115280313399
sorted_array,8388608,4,862.0422,16818331115280313399
fusion8_bf,8388608,4,543.4326,16818331115280313399
btree8_bl_a64,8388608,4,363.4140,16818331115280313399
btree8_a64,8388608,4,401.4877,16818331115280313399
fusion8_c,8388608,4,489.8605,16818331115280313399
fusion8,8388608,4,509.2926,16818331115280313399
fusion8_c,8388608,5,469.3085,16818331115280313399
fusion16_w,8388608,5,416.0248,16818331115280313399
btree8,8388608,5,398.6725,16818331115280313399
sorted_array,8388608,5,865.9515,16818331115280313399
btree16_bl_a64,8388608,5,341.1362,16818331115280313399
btree8_bl_a64,8388608,5,370.1187,16818331115280313399
btree8_bl,8388608,5,389.5096,16818331115280313399
fusion8,8388608,5,525.4486,16818331115280313399
fusion8_bf,8388608,5,531.3293,16818331115280313399
btree8_a64,8388608,5,404.9652,16818331115280313399
fusion8,8388608,6,515.0681,16818331115280313399
btree8_bl,8388608,6,385.1501,16818331115280313399
btree8_a64,8388608,6,396.8231,16818331115280313399
fusion8_c,8388608,6,493.8721,16818331115280313399
fusion16_w,8388608,6,407.6599,16818331115280313399
sorted_array,8388608,6,857.3013,16818331115280313399
fusion8_bf,8388608,6,541.0294,16818331115280313399
btree16_bl_a64,8388608,6,346.4111,16818331115280313399
btree8_bl_a64,8388608,6,364.0472,16818331115280313399
btree8,8388608,6,395.9412,16818331115280313399
btree16_bl_a64,8388608,7,341.0950,16818331115280313399
btree8,8388608,7,381.0501,16818331115280313399
fusion8_bf,8388608,7,545.1065,16818331115280313399
fusion8,8388608,7,515.4465,16818331115280313399
btree8_bl,8388608,7,391.0263,16818331115280313399
btree8_bl_a64,8388608,7,360.4858,16818331115280313399
sorted_array,8388608,7,864.0381,16818331115280313399
fusion16_w,8388608,7,416.2521,16818331115280313399
fusion8_c,8388608,7,475.6470,16818331115280313399
btree8_a64,8388608,7,400.1083,16818331115280313399
fusion8_c,8388608,8,465.8478,16818331115280313399
fusion8_bf,8388608,8,540.9653,16818331115280313399
btree16_bl_a64,8388608,8,345.9137,16818331115280313399
btree8_a64,8388608,8,401.1719,16818331115280313399
sorted_array,8388608,8,883.1802,16818331115280313399
btree8_bl_a64,8388608,8,389.1739,16818331115280313399
btree8,8388608,8,404.2725,16818331115280313399
fusion8,8388608,8,523.3902,16818331115280313399
fusion16_w,8388608,8,418.1946,16818331115280313399
btree8_bl,8388608,8,390.0650,16818331115280313399
fusion8_c,8388608,9,480.5511,16818331115280313399
btree16_bl_a64,8388608,9,342.7856,16818331115280313399
fusion8,8388608,9,509.6375,16818331115280313399
fusion16_w,8388608,9,414.4333,16818331115280313399
btree8_bl,8388608,9,408.0994,16818331115280313399
btree8_a64,8388608,9,394.5114,16818331115280313399
fusion8_bf,8388608,9,539.4882,16818331115280313399
btree8_bl_a64,8388608,9,357.7515,16818331115280313399
btree8,8388608,9,393.8034,16818331115280313399
sorted_array,8388608,9,861.7935,16818331115280313399
fusion8,8388608,10,514.6027,16818331115280313399
sorted_array,8388608,10,848.9059,16818331115280313399
fusion8_c,8388608,10,479.3243,16818331115280313399
fusion8_bf,8388608,10,540.7242,16818331115280313399
btree8_bl_a64,8388608,10,367.8619,16818331115280313399
btree16_bl_a64,8388608,10,345.5826,16818331115280313399
btree8_bl,8388608,10,383.4625,16818331115280313399
fusion16_w,8388608,10,415.6662,16818331115280313399
btree8,8388608,10,394.3298,16818331115280313399
btree8_a64,8388608,10,400.9018,16818331115280313399
btree8,8388608,11,398.6053,16818331115280313399
sorted_array,8388608,11,853.2776,16818331115280313399
btree8_bl,8388608,11,379.7043,16818331115280313399
btree16_bl_a64,8388608,11,344.0002,16818331115280313399
btree8_a64,8388608,11,401.3443,16818331115280313399
fusion8_c,8388608,11,489.3295,16818331115280313399
fusion8_bf,8388608,11,541.9281,16818331115280313399
fusion16_w,8388608,11,409.4910,16818331115280313399
btree8_bl_a64,8388608,11,394.1650,16818331115280313399
fusion8,8388608,11,510.8734,16818331115280313399
sorted_array,8388608,12,885.4980,16818331115280313399
btree8_a64,8388608,12,404.8477,16818331115280313399
btree8,8388608,12,395.4727,16818331115280313399
fusion8_c,8388608,12,495.6604,16818331115280313399
btree8_bl,8388608,12,381.7993,16818331115280313399
fusion8_bf,8388608,12,533.0063,16818331115280313399
fusion16_w,8388608,12,408.4305,16818331115280313399
btree8_bl_a64,8388608,12,400.2060,16818331115280313399
fusion8,8388608,12,522.4503,16818331115280313399
btree16_bl_a64,8388608,12,359.4879,16818331115280313399
btree8,8388608,13,415.0986,16818331115280313399
btree16_bl_a64,8388608,13,345.3598,16818331115280313399
fusion8,8388608,13,504.2770,16818331115280313399
btree8_bl,8388608,13,387.2238,16818331115280313399
btree8_a64,8388608,13,397.8973,16818331115280313399
fusion16_w,8388608,13,431.2622,16818331115280313399
btree8_bl_a64,8388608,13,361.1832,16818331115280313399
fusion8_bf,8388608,13,533.0093,16818331115280313399
fusion8_c,8388608,13,492.7948,16818331115280313399
sorted_array,8388608,13,862.8586,16818331115280313399
fusion8_bf,8388608,14,535.4919,16818331115280313399
btree8_bl,8388608,14,394.1238,16818331115280313399
btree8_bl_a64,8388608,14,379.7516,16818331115280313399
btree8,8388608,14,395.5017,16818331115280313399
sorted_array,8388608,14,854.0421,16818331115280313399
fusion8,8388608,14,519.8212,16818331115280313399
fusion16_w,8388608,14,414.9185,16818331115280313399
fusion8_c,8388608,14,472.0032,16818331115280313399
btree8_a64,8388608,14,402.0340,16818331115280313399
btree16_bl_a64,8388608,14,344.1559,16818331115280313399
fusion8,16777216,0,559.4543,7378316869786178009
fusion16_w,16777216,0,431.9443,7378316869786178009
btree8,16777216,0,438.4995,7378316869786178009
btree16_bl_a64,16777216,0,341.1469,7378316869786178009
btree8_bl_a64,16777216,0,428.4683,7378316869786178009
btree8_bl,16777216,0,455.8594,7378316869786178009
fusion8_bf,16777216,0,582.6416,7378316869786178009
btree8_a64,16777216,0,438.2812,7378316869786178009
fusion8_c,16777216,0,537.5397,7378316869786178009
sorted_array,16777216,0,1161.3525,7378316869786178009
btree8,16777216,1,434.3628,7378316869786178009
btree16_bl_a64,16777216,1,340.0742,7378316869786178009
btree8_bl,16777216,1,446.3791,7378316869786178009
fusion8_c,16777216,1,512.3398,7378316869786178009
btree8_bl_a64,16777216,1,434.7076,7378316869786178009
btree8_a64,16777216,1,430.8441,7378316869786178009
sorted_array,16777216,1,1150.6149,7378316869786178009
fusion8,16777216,1,550.1923,7378316869786178009
fusion8_bf,16777216,1,574.4492,7378316869786178009
fusion16_w,16777216,1,425.8469,7378316869786178009
btree8_a64,16777216,2,431.7352,7378316869786178009
fusion8,16777216,2,550.8820,7378316869786178009
btree8_bl,16777216,2,448.6755,7378316869786178009
sorted_array,16777216,2,1151.5961,7378316869786178009
fusion8_c,16777216,2,511.5662,7378316869786178009
fusion8_bf,16777216,2,573.8510,7378316869786178009
btree8_bl_a64,16777216,2,434.8007,7378316869786178009
btree16_bl_a64,16777216,2,341.1087,7378316869786178009
fusion16_w,16777216,2,429.8264,7378316869786178009
btree8,16777216,2,436.2122,7378316869786178009
btree8,16777216,3,354.7134,7378316869786178009
btree8_a64,16777216,3,434.7977,7378316869786178009
fusion8,16777216,3,550.3082,7378316869786178009
fusion8_bf,16777216,3,571.8079,7378316869786178009
sorted_array,16777216,3,1152.0447,7378316869786178009
fusion16_w,16777216,3,434.1095,7378316869786178009
btree16_bl_a64,16777216,3,340.9409,7378316869786178009
btree8_bl,16777216,3,446.0785,7378316869786178009
fusion8_c,16777216,3,508.5922,7378316869786178009
btree8_bl_a64,16777216,3,422.3694,7378316869786178009
fusion8,16777216,4,549.7910,7378316869786178009
fusion8_c,16777216,4,509.3857,7378316869786178009
btree8,16777216,4,433.3939,7378316869786178009
fusion16_w,16777216,4,433.8348,7378316869786178009
btree8_a64,16777216,4,433.2458,7378316869786178009
btree8_bl,16777216,4,452.3956,7378316869786178009
sorted_array,16777216,4,1153.5782,7378316869786178009
btree8_bl_a64,16777216,4,428.1265,7378316869786178009
btree16_bl_a64,16777216,4,341.0324,7378316869786178009
fusion8_bf,16777216,4,573.4589,7378316869786178009
fusion8,16777216,5,550.9094,7378316869786178009
btree8,16777216,5,436.1984,7378316869786178009
btree8_bl_a64,16777216,5,429.8813,7378316869786178009
fusion8_c,16777216,5,513.5818,7378316869786178009
btree16_bl_a64,16777216,5,349.8398,7378316869786178009
btree8_a64,16777216,5,432.0648,7378316869786178009
btree8_bl,16777216,5,446.4218,7378316869786178009
fusion16_w,16777216,5,431.5659,7378316869786178009
sorted_array,16777216,5,1154.6234,7378316869786178009
fusion8_bf,16777216,5,568.5196,7378316869786178009
sorted_array,16777216,6,1145.0363,7378316869786178009
fusion8_c,16777216,6,516.8274,7378316869786178009
btree8,16777216,6,437.0911,7378316869786178009
fusion8,16777216,6,551.3580,7378316869786178009
btree8_bl,16777216,6,453.5934,7378316869786178009
btree8_a64,16777216,6,439.0076,7378316869786178009
btree16_bl_a64,16777216,6,342.1738,7378316869786178009
fusion16_w,16777216,6,429.8782,7378316869786178009
btree8_bl_a64,16777216,6,430.7144,7378316869786178009
fusion8_bf,16777216,6,569.6777,7378316869786178009
btree8_bl_a64,16777216,7,414.3417,7378316869786178009
btree8,16777216,7,436.4258,7378316869786178009
btree8_a64,16777216,7,433.9691,7378316869786178009
fusion8_c,16777216,7,528.3859,7378316869786178009
btree16_bl_a64,16777216,7,342.0303,7378316869786178009
fusion8_bf,16777216,7,567.8970,7378316869786178009
fusion8,16777216,7,555.9280,7378316869786178009
sorted_array,16777216,7,1148.9899,7378316869786178009
btree8_bl,16777216,7,448.0499,7378316869786178009
fusion16_w,16777216,7,431.3492,7378316869786178009
fusion8,16777216,8,559.9686,7378316869786178009
sorted_array,16777216,8,1155.0797,7378316869786178009
fusion8_c,16777216,8,513.8397,7378316869786178009
btree8,16777216,8,436.6013,7378316869786178009
btree8_bl_a64,16777216,8,429.6890,7378316869786178009
btree8_bl,16777216,8,450.0046,7378316869786178009
fusion16_w,16777216,8,430.7159,7378316869786178009
fusion8_bf,16777216,8,572.4152,7378316869786178009
btree16_bl_a64,16777216,8,339.5279,7378316869786178009
btree8_a64,16777216,8,434.4147,7378316869786178009
fusion8,16777216,9,550.8713,7378316869786178009
btree8,16777216,9,433.2260,7378316869786178009
fusion8_c,16777216,9,556.5140,7378316869786178009
fusion16_w,16777216,9,427.6230,7378316869786178009
sorted_array,16777216,9,1152.5879,7378316869786178009
btree8_bl_a64,16777216,9,434.1949,7378316869786178009
btree16_bl_a64,16777216,9,339.5844,7378316869786178009
btree8_bl,16777216,9,444.5816,7378316869786178009
fusion8_bf,16777216,9,574.0051,7378316869786178009
btree8_a64,16777216,9,440.4266,7378316869786178009
btree8,16777216,10,436.0825,7378316869786178009
fusion16_w,16777216,10,433.5968,7378316869786178009
fusion8_c,16777216,10,509.1248,7378316869786178009
btree8_a64,16777216,10,437.4756,7378316869786178009
fusion8,16777216,10,551.3382,7378316869786178009
btree8_bl_a64,16777216,10,421.8246,7378316869786178009
sorted_array,16777216,10,1147.5281,7378316869786178009
fusion8_bf,16777216,10,569.4031,7378316869786178009
btree8_bl,16777216,10,457.1609,7378316869786178009
btree16_bl_a64,16777216,10,344.6198,7378316869786178009
btree8_a64,16777216,11,431.4697,7378316869786178009
btree8,16777216,11,439.5615,7378316869786178009
fusion8_c,16777216,11,515.3320,7378316869786178009
btree8_bl_a64,16777216,11,431.0410,7378316869786178009
fusion8_bf,16777216,11,568.3105,7378316869786178009
fusion8,16777216,11,551.4938,7378316869786178009
btree8_bl,16777216,11,451.4450,7378316869786178009
fusion16_w,16777216,11,431.2607,7378316869786178009
btree16_bl_a64,16777216,11,338.2294,7378316869786178009
sorted_array,16777216,11,1147.8928,7378316869786178009
fusion8_c,16777216,12,509.5184,7378316869786178009
sorted_array,16777216,12,1152.6016,7378316869786178009
btree8_bl_a64,16777216,12,429.4586,7378316869786178009
btree8_bl,16777216,12,450.4120,7378316869786178009
btree16_bl_a64,16777216,12,340.2557,7378316869786178009
fusion8_bf,16777216,12,568.0679,7378316869786178009
btree8_a64,16777216,12,434.4986,7378316869786178009
fusion16_w,16777216,12,437.4237,7378316869786178009
fusion8,16777216,12,554.2999,7378316869786178009
btree8,16777216,12,435.9421,7378316869786178009
fusion16_w,16777216,13,433.9249,7378316869786178009
btree8_bl,16777216,13,445.9656,7378316869786178009
fusion8_bf,16777216,13,571.2997,7378316869786178009
btree8_bl_a64,16777216,13,426.6541,7378316869786178009
btree8_a64,16777216,13,431.1096,7378316869786178009
fusion8,16777216,13,549.0784,7378316869786178009
btree16_bl_a64,16777216,13,350.3464,7378316869786178009
sorted_array,16777216,13,1147.1588,7378316869786178009
btree8,16777216,13,437.4695,7378316869786178009
fusion8_c,16777216,13,521.9284,7378316869786178009
sorted_array,16777216,14,1148.6191,7378316869786178009
btree8_a64,16777216,14,431.2210,7378316869786178009
btree8_bl_a64,16777216,14,429.4022,7378316869786178009
fusion8_c,16777216,14,509.5062,7378316869786178009
btree8_bl,16777216,14,446.4523,7378316869786178009
btree8,16777216,14,439.7079,7378316869786178009
fusion16_w,16777216,14,436.0596,7378316869786178009
btree16_bl_a64,16777216,14,342.6239,7378316869786178009
fusion8,16777216,14,548.7595,7378316869786178009
fusion8_bf,16777216,14,565.3610,7378316869786178009
fusion8_c,33554432,0,572.6868,14781225337507930917
btree8_bl,33554432,0,516.7816,14781225337507930917
btree8,33554432,0,492.5537,14781225337507930917
fusion8,33554432,0,656.8787,14781225337507930917
btree8_bl_a64,33554432,0,490.5624,14781225337507930917
fusion16_w,33554432,0,654.8309,14781225337507930917
btree16_bl_a64,33554432,0,535.4111,14781225337507930917
fusion8_bf,33554432,0,631.3477,14781225337507930917
sorted_array,33554432,0,1510.0555,14781225337507930917
btree8_a64,33554432,0,483.9706,14781225337507930917
fusion16_w,33554432,1,651.7212,14781225337507930917
sorted_array,33554432,1,1497.2275,14781225337507930917
btree8_bl_a64,33554432,1,446.1304,14781225337507930917
btree8_bl,33554432,1,467.8299,14781225337507930917
fusion8,33554432,1,563.8428,14781225337507930917
btree8,33554432,1,443.8858,14781225337507930917
fusion8_bf,33554432,1,582.0435,14781225337507930917
fusion8_c,33554432,1,542.5003,14781225337507930917
btree16_bl_a64,33554432,1,477.2308,14781225337507930917
btree8_a64,33554432,1,450.1434,14781225337507930917
sorted_array,33554432,2,1393.3670,14781225337507930917
btree8,33554432,2,448.7854,14781225337507930917
fusion8_c,33554432,2,536.5509,14781225337507930917
fusion16_w,33554432,2,611.6302,14781225337507930917
btree8_a64,33554432,2,459.4040,14781225337507930917
btree16_bl_a64,33554432,2,507.2327,14781225337507930917
btree8_bl,33554432,2,478.1677,14781225337507930917
fusion8,33554432,2,591.1499,14781225337507930917
fusion8_bf,33554432,2,605.9769,14781225337507930917
btree8_bl_a64,33554432,2,478.8956,14781225337507930917
fusion16_w,33554432,3,604.9973,14781225337507930917
sorted_array,33554432,3,1395.9595,14781225337507930917
fusion8,33554432,3,566.7908,14781225337507930917
btree8_bl_a64,33554432,3,445.3903,14781225337507930917
fusion8_c,33554432,3,530.6107,14781225337507930917
btree8_a64,33554432,3,456.8375,14781225337507930917
btree8,33554432,3,462.8464,14781225337507930917
btree8_bl,33554432,3,476.1292,14781225337507930917
fusion8_bf,33554432,3,577.2720,14781225337507930917
btree16_bl_a64,33554432,3,482.2601,14781225337507930917
fusion16_w,33554432,4,591.2201,14781225337507930917
btree8_bl_a64,33554432,4,443.8171,14781225337507930917
sorted_array,33554432,4,1381.3705,14781225337507930917
btree8_bl,33554432,4,458.8928,14781225337507930917
fusion8,33554432,4,609.8663,14781225337507930917
fusion8_bf,33554432,4,591.8655,14781225337507930917
btree8,33554432,4,449.3927,14781225337507930917
fusion8_c,33554432,4,529.9484,14781225337507930917
btree8_a64,33554432,4,440.7288,14781225337507930917
btree16_bl_a64,33554432,4,492.1616,14781225337507930917
fusion8,33554432,5,568.4296,14781225337507930917
fusion8_c,33554432,5,525.8286,14781225337507930917
btree16_bl_a64,33554432,5,478.3310,14781225337507930917
btree8_a64,33554432,5,438.8901,14781225337507930917
btree8_bl_a64,33554432,5,447.0947,14781225337507930917
btree8_bl,33554432,5,458.0673,14781225337507930917
fusion16_w,33554432,5,586.5387,14781225337507930917
fusion8_bf,33554432,5,581.6040,14781225337507930917
sorted_array,33554432,5,1388.6993,14781225337507930917
btree8,33554432,5,454.9042,14781225337507930917
fusion8_bf,33554432,6,576.5289,14781225337507930917
fusion16_w,33554432,6,608.2703,14781225337507930917
btree8,33554432,6,444.7769,14781225337507930917
btree8_bl_a64,33554432,6,443.8919,14781225337507930917
fusion8_c,33554432,6,520.8374,14781225337507930917
sorted_array,33554432,6,1379.6936,14781225337507930917
fusion8,33554432,6,567.4957,14781225337507930917
btree16_bl_a64,33554432,6,475.8423,14781225337507930917
btree8_a64,33554432,6,448.4314,14781225337507930917
btree8_bl,33554432,6,464.5493,14781225337507930917
fusion16_w,33554432,7,588.0783,14781225337507930917
btree8_bl_a64,33554432,7,470.0912,14781225337507930917
btree16_bl_a64,33554432,7,498.9746,14781225337507930917
btree8_bl,33554432,7,454.8157,14781225337507930917
fusion8_c,33554432,7,528.4912,14781225337507930917
fusion8_bf,33554432,7,582.8812,14781225337507930917
sorted_array,33554432,7,1384.2789,14781225337507930917
btree8_a64,33554432,7,444.6838,14781225337507930917
fusion8,33554432,7,566.1041,14781225337507930917
btree8,33554432,7,445.2927,14781225337507930917
btree8_bl_a64,33554432,8,445.2332,14781225337507930917
fusion8_c,33554432,8,530.3482,14781225337507930917
fusion8,33554432,8,566.0156,14781225337507930917
fusion8_bf,33554432,8,576.3702,14781225337507930917
btree16_bl_a64,33554432,8,481.8771,14781225337507930917
btree8_a64,33554432,8,439.5340,14781225337507930917
sorted_array,33554432,8,1398.5046,14781225337507930917
btree8_bl,33554432,8,468.1168,14781225337507930917
btree8,33554432,8,447.0963,14781225337507930917
fusion16_w,33554432,8,608.2443,14781225337507930917
btree8_a64,33554432,9,441.2689,14781225337507930917
btree8_bl,33554432,9,455.6732,14781225337507930917
btree8,33554432,9,447.7539,14781225337507930917
btree16_bl_a64,33554432,9,480.3772,14781225337507930917
fusion8,33554432,9,565.5487,14781225337507930917
fusion8_c,33554432,9,535.2875,14781225337507930917
fusion8_bf,33554432,9,581.3690,14781225337507930917
sorted_array,33554432,9,1389.5737,14781225337507930917
btree8_bl_a64,33554432,9,452.0554,14781225337507930917
fusion16_w,33554432,9,592.4683,14781225337507930917
btree8_a64,33554432,10,447.8989,14781225337507930917
btree16_bl_a64,33554432,10,487.7243,14781225337507930917
btree8,33554432,10,441.9022,14781225337507930917
fusion16_w,33554432,10,615.2832,14781225337507930917
sorted_array,33554432,10,1382.9117,14781225337507930917
btree8_bl,33554432,10,474.9466,14781225337507930917
fusion8_c,33554432,10,561.0382,14781225337507930917
fusion8_bf,33554432,10,581.6360,14781225337507930917
fusion8,33554432,10,559.3521,14781225337507930917
btree8_bl_a64,33554432,10,444.9326,14781225337507930917
fusion8_bf,33554432,11,582.2006,14781225337507930917
fusion8,33554432,11,568.7073,14781225337507930917
btree16_bl_a64,33554432,11,478.4164,14781225337507930917
btree8_bl,33554432,11,457.9651,14781225337507930917
fusion16_w,33554432,11,584.2758,14781225337507930917
sorted_array,33554432,11,1379.9881,14781225337507930917
fusion8_c,33554432,11,545.2408,14781225337507930917
btree8,33554432,11,444.2184,14781225337507930917
btree8_a64,33554432,11,440.8417,14781225337507930917
btree8_bl_a64,33554432,11,445.1614,14781225337507930917
btree8_bl,33554432,12,457.4448,14781225337507930917
fusion8_c,33554432,12,530.0507,14781225337507930917
fusion16_w,33554432,12,616.8152,14781225337507930917
btree8_a64,33554432,12,443.7012,14781225337507930917
fusion8_bf,33554432,12,584.6039,14781225337507930917
sorted_array,33554432,12,1390.3778,14781225337507930917
fusion8,33554432,12,569.5312,14781225337507930917
btree8,33554432,12,440.2557,14781225337507930917
btree16_bl_a64,33554432,12,481.4560,14781225337507930917
btree8_bl_a64,33554432,12,441.2674,14781225337507930917
btree8_a64,33554432,13,439.5966,14781225337507930917
fusion8,33554432,13,602.3575,14781225337507930917
fusion8_bf,33554432,13,582.6462,14781225337507930917
btree8_bl_a64,33554432,13,440.8524,14781225337507930917
btree8_bl,33554432,13,468.3090,14781225337507930917
fusion8_c,33554432,13,538.0341,14781225337507930917
btree16_bl_a64,33554432,13,483.2245,14781225337507930917
sorted_array,33554432,13,1389.3402,14781225337507930917
btree8,33554432,13,440.0467,14781225337507930917
fusion16_w,33554432,13,611.0214,14781225337507930917
fusion16_w,33554432,14,499.0997,14781225337507930917
btree8_bl_a64,33554432,14,444.7937,14781225337507930917
fusion8_c,33554432,14,527.2110,14781225337507930917
btree8_a64,33554432,14,442.2455,14781225337507930917
sorted_array,33554432,14,1391.8793,14781225337507930917
fusion8,33554432,14,564.0991,14781225337507930917
btree16_bl_a64,33554432,14,488.1134,14781225337507930917
btree8_bl,33554432,14,457.6370,14781225337507930917
fusion8_bf,33554432,14,584.9670,14781225337507930917
btree8,33554432,14,454.5639,14781225337507930917
