structure,n,rep,ns_per_query,checksum
sorted_array,256,0,12.7899,4651152958151299108
sorted_array,256,1,12.7655,4651152958151299108
sorted_array,256,2,12.7350,4651152958151299108
sorted_array,256,3,12.7350,4651152958151299108
sorted_array,256,4,12.7365,4651152958151299108
sorted_array,256,5,12.9532,4651152958151299108
sorted_array,256,6,12.9425,4651152958151299108
sorted_array,256,7,12.9623,4651152958151299108
sorted_array,256,8,13.0615,4651152958151299108
sorted_array,256,9,13.0371,4651152958151299108
sorted_array,256,10,13.0203,4651152958151299108
sorted_array,256,11,12.7365,4651152958151299108
sorted_array,256,12,12.7655,4651152958151299108
sorted_array,256,13,12.7350,4651152958151299108
sorted_array,256,14,12.7411,4651152958151299108
btree8,256,0,20.4086,4651152958151299108
btree8,256,1,19.8700,4651152958151299108
btree8,256,2,20.0531,4651152958151299108
btree8,256,3,20.0867,4651152958151299108
btree8,256,4,20.1355,4651152958151299108
btree8,256,5,20.1660,4651152958151299108
btree8,256,6,20.0439,4651152958151299108
btree8,256,7,20.4758,4651152958151299108
btree8,256,8,20.4834,4651152958151299108
btree8,256,9,19.8532,4651152958151299108
btree8,256,10,19.8715,4651152958151299108
btree8,256,11,20.1096,4651152958151299108
btree8,256,12,19.7784,4651152958151299108
btree8,256,13,20.0134,4651152958151299108
btree8,256,14,20.0821,4651152958151299108
btree8_bl,256,0,21.1395,4651152958151299108
btree8_bl,256,1,21.0968,4651152958151299108
btree8_bl,256,2,21.0449,4651152958151299108
btree8_bl,256,3,21.3943,4651152958151299108
btree8_bl,256,4,21.2891,4651152958151299108
btree8_bl,256,5,21.3638,4651152958151299108
btree8_bl,256,6,21.1868,4651152958151299108
btree8_bl,256,7,20.9869,4651152958151299108
btree8_bl,256,8,20.9824,4651152958151299108
btree8_bl,256,9,20.9763,4651152958151299108
btree8_bl,256,10,20.9610,4651152958151299108
btree8_bl,256,11,20.9229,4651152958151299108
btree8_bl,256,12,20.9381,4651152958151299108
btree8_bl,256,13,20.9366,4651152958151299108
btree8_bl,256,14,20.9915,4651152958151299108
btree8_a64,256,0,19.2841,4651152958151299108
btree8_a64,256,1,19.2123,4651152958151299108
btree8_a64,256,2,19.1238,4651152958151299108
btree8_a64,256,3,19.0918,4651152958151299108
btree8_a64,256,4,19.1376,4651152958151299108
btree8_a64,256,5,19.0765,4651152958151299108
btree8_a64,256,6,19.0475,4651152958151299108
btree8_a64,256,7,19.1559,4651152958151299108
btree8_a64,256,8,19.4550,4651152958151299108
btree8_a64,256,9,19.4000,4651152958151299108
btree8_a64,256,10,19.3466,4651152958151299108
btree8_a64,256,11,19.4229,4651152958151299108
btree8_a64,256,12,19.3832,4651152958151299108
btree8_a64,256,13,19.0338,4651152958151299108
btree8_a64,256,14,19.0216,4651152958151299108
btree8_bl_a64,256,0,19.5389,4651152958151299108
btree8_bl_a64,256,1,19.4717,4651152958151299108
btree8_bl_a64,256,2,19.4260,4651152958151299108
btree8_bl_a64,256,3,19.4794,4651152958151299108
btree8_bl_a64,256,4,19.3863,4651152958151299108
btree8_bl_a64,256,5,19.3024,4651152958151299108
btree8_bl_a64,256,6,19.3268,4651152958151299108
btree8_bl_a64,256,7,19.4061,4651152958151299108
btree8_bl_a64,256,8,19.4504,4651152958151299108
btree8_bl_a64,256,9,19.4336,4651152958151299108
btree8_bl_a64,256,10,19.4168,4651152958151299108
btree8_bl_a64,256,11,19.4077,4651152958151299108
btree8_bl_a64,256,12,19.3710,4651152958151299108
btree8_bl_a64,256,13,19.3878,4651152958151299108
btree8_bl_a64,256,14,19.3954,4651152958151299108
btree16_bl_a64,256,0,13.6520,4651152958151299108
btree16_bl_a64,256,1,13.6673,4651152958151299108
btree16_bl_a64,256,2,13.6353,4651152958151299108
btree16_bl_a64,256,3,13.6459,4651152958151299108
btree16_bl_a64,256,4,13.6078,4651152958151299108
btree16_bl_a64,256,5,13.6230,4651152958151299108
btree16_bl_a64,256,6,13.5925,4651152958151299108
btree16_bl_a64,256,7,13.6108,4651152958151299108
btree16_bl_a64,256,8,14.3158,4651152958151299108
btree16_bl_a64,256,9,13.6642,4651152958151299108
btree16_bl_a64,256,10,13.5880,4651152958151299108
btree16_bl_a64,256,11,13.6185,4651152958151299108
btree16_bl_a64,256,12,13.5712,4651152958151299108
btree16_bl_a64,256,13,13.6124,4651152958151299108
btree16_bl_a64,256,14,13.5971,4651152958151299108
fusion8,256,0,38.7222,4651152958151299108
fusion8,256,1,38.4613,4651152958151299108
fusion8,256,2,38.3820,4651152958151299108
fusion8,256,3,38.3179,4651152958151299108
fusion8,256,4,38.4064,4651152958151299108
fusion8,256,5,38.3850,4651152958151299108
fusion8,256,6,38.2263,4651152958151299108
fusion8,256,7,38.2599,4651152958151299108
fusion8,256,8,38.2767,4651152958151299108
fusion8,256,9,38.3621,4651152958151299108
fusion8,256,10,38.9221,4651152958151299108
fusion8,256,11,38.3835,4651152958151299108
fusion8,256,12,38.3911,4651152958151299108
fusion8,256,13,38.4506,4651152958151299108
fusion8,256,14,38.3606,4651152958151299108
fusion8_bf,256,0,41.8243,4651152958151299108
fusion8_bf,256,1,42.1265,4651152958151299108
fusion8_bf,256,2,42.4332,4651152958151299108
fusion8_bf,256,3,42.1188,4651152958151299108
fusion8_bf,256,4,41.5817,4651152958151299108
fusion8_bf,256,5,41.6107,4651152958151299108
fusion8_bf,256,6,41.4825,4651152958151299108
fusion8_bf,256,7,41.9647,4651152958151299108
fusion8_bf,256,8,42.0807,4651152958151299108
fusion8_bf,256,9,41.5024,4651152958151299108
fusion8_bf,256,10,41.5054,4651152958151299108
fusion8_bf,256,11,41.4215,4651152958151299108
fusion8_bf,256,12,41.4825,4651152958151299108
fusion8_bf,256,13,41.5634,4651152958151299108
fusion8_bf,256,14,41.5298,4651152958151299108
fusion8_c,256,0,40.5136,4651152958151299108
fusion8_c,256,1,40.4114,4651152958151299108
fusion8_c,256,2,40.3458,4651152958151299108
fusion8_c,256,3,40.3809,4651152958151299108
fusion8_c,256,4,41.1652,4651152958151299108
fusion8_c,256,5,40.2847,4651152958151299108
fusion8_c,256,6,40.3488,4651152958151299108
fusion8_c,256,7,40.2939,4651152958151299108
fusion8_c,256,8,40.6219,4651152958151299108
fusion8_c,256,9,40.3122,4651152958151299108
fusion8_c,256,10,41.3437,4651152958151299108
fusion8_c,256,11,40.2710,4651152958151299108
fusion8_c,256,12,40.3122,4651152958151299108
fusion8_c,256,13,40.2954,4651152958151299108
fusion8_c,256,14,40.2802,4651152958151299108
fusion16_w,256,0,37.6083,4651152958151299108
fusion16_w,256,1,37.7136,4651152958151299108
fusion16_w,256,2,37.5534,4651152958151299108
fusion16_w,256,3,37.6328,4651152958151299108
fusion16_w,256,4,37.5458,4651152958151299108
fusion16_w,256,5,37.4878,4651152958151299108
fusion16_w,256,6,37.4298,4651152958151299108
fusion16_w,256,7,38.8794,4651152958151299108
fusion16_w,256,8,37.9684,4651152958151299108
fusion16_w,256,9,37.8281,4651152958151299108
fusion16_w,256,10,37.4405,4651152958151299108
fusion16_w,256,11,37.4084,4651152958151299108
fusion16_w,256,12,37.4130,4651152958151299108
fusion16_w,256,13,37.5320,4651152958151299108
fusion16_w,256,14,37.6587,4651152958151299108
sorted_array,512,0,14.0640,5099789511540172029
sorted_array,512,1,14.0945,5099789511540172029
sorted_array,512,2,14.0686,5099789511540172029
sorted_array,512,3,14.1006,5099789511540172029
sorted_array,512,4,14.0594,5099789511540172029
sorted_array,512,5,14.0945,5099789511540172029
sorted_array,512,6,14.0625,5099789511540172029
sorted_array,512,7,14.0945,5099789511540172029
sorted_array,512,8,14.0671,5099789511540172029
sorted_array,512,9,14.0961,5099789511540172029
sorted_array,512,10,14.0610,5099789511540172029
sorted_array,512,11,14.0839,5099789511540172029
sorted_array,512,12,14.0594,5099789511540172029
sorted_array,512,13,14.0854,5099789511540172029
sorted_array,512,14,14.2334,5099789511540172029
btree8,512,0,23.8052,5099789511540172029
btree8,512,1,23.5291,5099789511540172029
btree8,512,2,23.5519,5099789511540172029
btree8,512,3,23.2651,5099789511540172029
btree8,512,4,22.9660,5099789511540172029
btree8,512,5,22.9858,5099789511540172029
btree8,512,6,22.7417,5099789511540172029
btree8,512,7,22.7310,5099789511540172029
btree8,512,8,22.8149,5099789511540172029
btree8,512,9,22.8973,5099789511540172029
btree8,512,10,24.2584,5099789511540172029
btree8,512,11,22.8546,5099789511540172029
btree8,512,12,22.8043,5099789511540172029
btree8,512,13,22.9462,5099789511540172029
btree8,512,14,22.9462,5099789511540172029
btree8_bl,512,0,21.4813,5099789511540172029
btree8_bl,512,1,21.4569,5099789511540172029
btree8_bl,512,2,21.4478,5099789511540172029
btree8_bl,512,3,21.4752,5099789511540172029
btree8_bl,512,4,21.3943,5099789511540172029
btree8_bl,512,5,21.4111,5099789511540172029
btree8_bl,512,6,21.5561,5099789511540172029
btree8_bl,512,7,21.4142,5099789511540172029
btree8_bl,512,8,21.4096,5099789511540172029
btree8_bl,512,9,21.4294,5099789511540172029
btree8_bl,512,10,21.4447,5099789511540172029
btree8_bl,512,11,21.4035,5099789511540172029
btree8_bl,512,12,21.3531,5099789511540172029
btree8_bl,512,13,21.3715,5099789511540172029
btree8_bl,512,14,21.3837,5099789511540172029
btree8_a64,512,0,21.9833,5099789511540172029
btree8_a64,512,1,21.9879,5099789511540172029
btree8_a64,512,2,22.5693,5099789511540172029
btree8_a64,512,3,21.5927,5099789511540172029
btree8_a64,512,4,21.5546,5099789511540172029
btree8_a64,512,5,21.5652,5099789511540172029
btree8_a64,512,6,21.5439,5099789511540172029
btree8_a64,512,7,21.5073,5099789511540172029
btree8_a64,512,8,21.5210,5099789511540172029
btree8_a64,512,9,21.5225,5099789511540172029
btree8_a64,512,10,21.5210,5099789511540172029
btree8_a64,512,11,21.5576,5099789511540172029
btree8_a64,512,12,21.4722,5099789511540172029
btree8_a64,512,13,21.5942,5099789511540172029
btree8_a64,512,14,21.6385,5099789511540172029
btree8_bl_a64,512,0,19.2062,5099789511540172029
btree8_bl_a64,512,1,19.1238,5099789511540172029
btree8_bl_a64,512,2,19.1208,5099789511540172029
btree8_bl_a64,512,3,19.0811,5099789511540172029
btree8_bl_a64,512,4,19.0002,5099789511540172029
btree8_bl_a64,512,5,19.0308,5099789511540172029
btree8_bl_a64,512,6,19.0155,5099789511540172029
btree8_bl_a64,512,7,19.0353,5099789511540172029
btree8_bl_a64,512,8,18.9911,5099789511540172029
btree8_bl_a64,512,9,19.0216,5099789511540172029
btree8_bl_a64,512,10,19.0277,5099789511540172029
btree8_bl_a64,512,11,20.0531,5099789511540172029
btree8_bl_a64,512,12,19.0979,5099789511540172029
btree8_bl_a64,512,13,19.0857,5099789511540172029
btree8_bl_a64,512,14,19.0521,5099789511540172029
btree16_bl_a64,512,0,20.5505,5099789511540172029
btree16_bl_a64,512,1,20.4803,5099789511540172029
btree16_bl_a64,512,2,20.4208,5099789511540172029
btree16_bl_a64,512,3,20.3918,5099789511540172029
btree16_bl_a64,512,4,20.3354,5099789511540172029
btree16_bl_a64,512,5,20.3201,5099789511540172029
btree16_bl_a64,512,6,20.3033,5099789511540172029
btree16_bl_a64,512,7,20.3690,5099789511540172029
btree16_bl_a64,512,8,20.6421,5099789511540172029
btree16_bl_a64,512,9,20.7214,5099789511540172029
btree16_bl_a64,512,10,20.7611,5099789511540172029
btree16_bl_a64,512,11,20.7001,5099789511540172029
btree16_bl_a64,512,12,20.3812,5099789511540172029
btree16_bl_a64,512,13,20.2545,5099789511540172029
btree16_bl_a64,512,14,20.2850,5099789511540172029
fusion8,512,0,39.0900,5099789511540172029
fusion8,512,1,38.7329,5099789511540172029
fusion8,512,2,39.9551,5099789511540172029
fusion8,512,3,39.0060,5099789511540172029
fusion8,512,4,39.0244,5099789511540172029
fusion8,512,5,38.9893,5099789511540172029
fusion8,512,6,38.7146,5099789511540172029
fusion8,512,7,39.0137,5099789511540172029
fusion8,512,8,39.0793,5099789511540172029
fusion8,512,9,39.0244,5099789511540172029
fusion8,512,10,39.0533,5099789511540172029
fusion8,512,11,39.0060,5099789511540172029
fusion8,512,12,39.0396,5099789511540172029
fusion8,512,13,39.0091,5099789511540172029
fusion8,512,14,38.8062,5099789511540172029
fusion8_bf,512,0,44.1132,5099789511540172029
fusion8_bf,512,1,42.9947,5099789511540172029
fusion8_bf,512,2,43.0405,5099789511540172029
fusion8_bf,512,3,43.0740,5099789511540172029
fusion8_bf,512,4,42.9916,5099789511540172029
fusion8_bf,512,5,43.1427,5099789511540172029
fusion8_bf,512,6,44.5282,5099789511540172029
fusion8_bf,512,7,43.0679,5099789511540172029
fusion8_bf,512,8,43.0252,5099789511540172029
fusion8_bf,512,9,43.0283,5099789511540172029
fusion8_bf,512,10,42.9581,5099789511540172029
fusion8_bf,512,11,43.4525,5099789511540172029
fusion8_bf,512,12,43.7698,5099789511540172029
fusion8_bf,512,13,43.1320,5099789511540172029
fusion8_bf,512,14,43.0832,5099789511540172029
fusion8_c,512,0,42.2882,5099789511540172029
fusion8_c,512,1,42.1875,5099789511540172029
fusion8_c,512,2,43.9011,5099789511540172029
fusion8_c,512,3,43.1091,5099789511540172029
fusion8_c,512,4,42.5232,5099789511540172029
fusion8_c,512,5,42.2867,5099789511540172029
fusion8_c,512,6,42.2592,5099789511540172029
fusion8_c,512,7,42.3111,5099789511540172029
fusion8_c,512,8,42.3691,5099789511540172029
fusion8_c,512,9,42.2440,5099789511540172029
fusion8_c,512,10,42.3233,5099789511540172029
fusion8_c,512,11,42.1967,5099789511540172029
fusion8_c,512,12,42.1631,5099789511540172029
fusion8_c,512,13,43.3533,5099789511540172029
fusion8_c,512,14,43.0328,5099789511540172029
fusion16_w,512,0,51.0544,5099789511540172029
fusion16_w,512,1,50.8377,5099789511540172029
fusion16_w,512,2,50.8179,5099789511540172029
fusion16_w,512,3,51.1368,5099789511540172029
fusion16_w,512,4,51.8936,5099789511540172029
fusion16_w,512,5,50.7538,5099789511540172029
fusion16_w,512,6,50.7126,5099789511540172029
fusion16_w,512,7,51.3794,5099789511540172029
fusion16_w,512,8,51.0391,5099789511540172029
fusion16_w,512,9,50.7874,5099789511540172029
fusion16_w,512,10,50.6805,5099789511540172029
fusion16_w,512,11,50.6866,5099789511540172029
fusion16_w,512,12,50.7370,5099789511540172029
fusion16_w,512,13,50.8392,5099789511540172029
fusion16_w,512,14,50.6851,5099789511540172029
sorted_array,1024,0,15.4480,16675351655752164294
sorted_array,1024,1,15.4907,16675351655752164294
sorted_array,1024,2,15.4984,16675351655752164294
sorted_array,1024,3,15.4755,16675351655752164294
sorted_array,1024,4,15.4968,16675351655752164294
sorted_array,1024,5,15.7135,16675351655752164294
sorted_array,1024,6,15.7898,16675351655752164294
sorted_array,1024,7,15.7547,16675351655752164294
sorted_array,1024,8,15.6097,16675351655752164294
sorted_array,1024,9,15.4846,16675351655752164294
sorted_array,1024,10,15.5121,16675351655752164294
sorted_array,1024,11,15.4831,16675351655752164294
sorted_array,1024,12,15.5212,16675351655752164294
sorted_array,1024,13,15.4922,16675351655752164294
sorted_array,1024,14,15.4953,16675351655752164294
btree8,1024,0,26.5060,16675351655752164294
btree8,1024,1,26.3092,16675351655752164294
btree8,1024,2,26.2558,16675351655752164294
btree8,1024,3,26.3901,16675351655752164294
btree8,1024,4,26.1353,16675351655752164294
btree8,1024,5,26.1765,16675351655752164294
btree8,1024,6,26.0956,16675351655752164294
btree8,1024,7,25.8377,16675351655752164294
btree8,1024,8,26.1398,16675351655752164294
btree8,1024,9,26.2222,16675351655752164294
btree8,1024,10,26.1871,16675351655752164294
btree8,1024,11,26.1261,16675351655752164294
btree8,1024,12,26.2955,16675351655752164294
btree8,1024,13,26.1429,16675351655752164294
btree8,1024,14,26.1246,16675351655752164294
btree8_bl,1024,0,26.6663,16675351655752164294
btree8_bl,1024,1,26.4465,16675351655752164294
btree8_bl,1024,2,26.3733,16675351655752164294
btree8_bl,1024,3,26.3214,16675351655752164294
btree8_bl,1024,4,26.4664,16675351655752164294
btree8_bl,1024,5,26.4908,16675351655752164294
btree8_bl,1024,6,27.1744,16675351655752164294
btree8_bl,1024,7,27.2385,16675351655752164294
btree8_bl,1024,8,26.8585,16675351655752164294
btree8_bl,1024,9,26.6968,16675351655752164294
btree8_bl,1024,10,26.5167,16675351655752164294
btree8_bl,1024,11,26.5350,16675351655752164294
btree8_bl,1024,12,26.9150,16675351655752164294
btree8_bl,1024,13,26.4236,16675351655752164294
btree8_bl,1024,14,26.5244,16675351655752164294
btree8_a64,1024,0,25.1694,16675351655752164294
btree8_a64,1024,1,25.2029,16675351655752164294
btree8_a64,1024,2,25.0931,16675351655752164294
btree8_a64,1024,3,24.6017,16675351655752164294
btree8_a64,1024,4,24.5560,16675351655752164294
btree8_a64,1024,5,24.5789,16675351655752164294
btree8_a64,1024,6,24.5270,16675351655752164294
btree8_a64,1024,7,24.5575,16675351655752164294
btree8_a64,1024,8,24.5407,16675351655752164294
btree8_a64,1024,9,24.6918,16675351655752164294
btree8_a64,1024,10,24.6674,16675351655752164294
btree8_a64,1024,11,24.9527,16675351655752164294
btree8_a64,1024,12,24.9313,16675351655752164294
btree8_a64,1024,13,25.0305,16675351655752164294
btree8_a64,1024,14,24.5605,16675351655752164294
btree8_bl_a64,1024,0,24.6323,16675351655752164294
btree8_bl_a64,1024,1,24.5026,16675351655752164294
btree8_bl_a64,1024,2,24.4781,16675351655752164294
btree8_bl_a64,1024,3,24.4629,16675351655752164294
btree8_bl_a64,1024,4,24.4888,16675351655752164294
btree8_bl_a64,1024,5,24.6017,16675351655752164294
btree8_bl_a64,1024,6,24.4263,16675351655752164294
btree8_bl_a64,1024,7,24.5026,16675351655752164294
btree8_bl_a64,1024,8,24.4598,16675351655752164294
btree8_bl_a64,1024,9,24.9039,16675351655752164294
btree8_bl_a64,1024,10,25.0381,16675351655752164294
btree8_bl_a64,1024,11,24.8505,16675351655752164294
btree8_bl_a64,1024,12,24.5102,16675351655752164294
btree8_bl_a64,1024,13,24.5041,16675351655752164294
btree8_bl_a64,1024,14,24.4690,16675351655752164294
btree16_bl_a64,1024,0,21.7072,16675351655752164294
btree16_bl_a64,1024,1,21.7896,16675351655752164294
btree16_bl_a64,1024,2,21.8124,16675351655752164294
btree16_bl_a64,1024,3,21.3730,16675351655752164294
btree16_bl_a64,1024,4,21.3242,16675351655752164294
btree16_bl_a64,1024,5,21.3104,16675351655752164294
btree16_bl_a64,1024,6,21.2738,16675351655752164294
btree16_bl_a64,1024,7,21.3028,16675351655752164294
btree16_bl_a64,1024,8,21.2738,16675351655752164294
btree16_bl_a64,1024,9,21.2662,16675351655752164294
btree16_bl_a64,1024,10,21.2997,16675351655752164294
btree16_bl_a64,1024,11,21.3242,16675351655752164294
btree16_bl_a64,1024,12,21.6919,16675351655752164294
btree16_bl_a64,1024,13,21.7010,16675351655752164294
btree16_bl_a64,1024,14,21.7041,16675351655752164294
fusion8,1024,0,46.9254,16675351655752164294
fusion8,1024,1,46.2082,16675351655752164294
fusion8,1024,2,46.1960,16675351655752164294
fusion8,1024,3,46.4417,16675351655752164294
fusion8,1024,4,47.0032,16675351655752164294
fusion8,1024,5,46.9452,16675351655752164294
fusion8,1024,6,45.8939,16675351655752164294
fusion8,1024,7,46.0220,16675351655752164294
fusion8,1024,8,46.2311,16675351655752164294
fusion8,1024,9,46.0571,16675351655752164294
fusion8,1024,10,45.9991,16675351655752164294
fusion8,1024,11,46.0556,16675351655752164294
fusion8,1024,12,46.1029,16675351655752164294
fusion8,1024,13,46.0587,16675351655752164294
fusion8,1024,14,46.7377,16675351655752164294
fusion8_bf,1024,0,53.3554,16675351655752164294
fusion8_bf,1024,1,52.6398,16675351655752164294
fusion8_bf,1024,2,52.5955,16675351655752164294
fusion8_bf,1024,3,52.5604,16675351655752164294
fusion8_bf,1024,4,53.6301,16675351655752164294
fusion8_bf,1024,5,52.3956,16675351655752164294
fusion8_bf,1024,6,52.4704,16675351655752164294
fusion8_bf,1024,7,52.4689,16675351655752164294
fusion8_bf,1024,8,52.7725,16675351655752164294
fusion8_bf,1024,9,53.4775,16675351655752164294
fusion8_bf,1024,10,52.8549,16675351655752164294
fusion8_bf,1024,11,52.5848,16675351655752164294
fusion8_bf,1024,12,52.5299,16675351655752164294
fusion8_bf,1024,13,52.7817,16675351655752164294
fusion8_bf,1024,14,52.7374,16675351655752164294
fusion8_c,1024,0,51.6693,16675351655752164294
fusion8_c,1024,1,51.5091,16675351655752164294
fusion8_c,1024,2,51.6647,16675351655752164294
fusion8_c,1024,3,52.5009,16675351655752164294
fusion8_c,1024,4,51.6907,16675351655752164294
fusion8_c,1024,5,51.5915,16675351655752164294
fusion8_c,1024,6,51.6266,16675351655752164294
fusion8_c,1024,7,51.7151,16675351655752164294
fusion8_c,1024,8,51.4938,16675351655752164294
fusion8_c,1024,9,51.7029,16675351655752164294
fusion8_c,1024,10,51.4420,16675351655752164294
fusion8_c,1024,11,51.4801,16675351655752164294
fusion8_c,1024,12,51.5991,16675351655752164294
fusion8_c,1024,13,51.4420,16675351655752164294
fusion8_c,1024,14,52.9068,16675351655752164294
fusion16_w,1024,0,55.0949,16675351655752164294
fusion16_w,1024,1,55.3223,16675351655752164294
fusion16_w,1024,2,56.1798,16675351655752164294
fusion16_w,1024,3,55.2582,16675351655752164294
fusion16_w,1024,4,55.0522,16675351655752164294
fusion16_w,1024,5,55.1285,16675351655752164294
fusion16_w,1024,6,56.0730,16675351655752164294
fusion16_w,1024,7,55.3940,16675351655752164294
fusion16_w,1024,8,54.9820,16675351655752164294
fusion16_w,1024,9,54.9866,16675351655752164294
fusion16_w,1024,10,55.1575,16675351655752164294
fusion16_w,1024,11,54.9515,16675351655752164294
fusion16_w,1024,12,54.9774,16675351655752164294
fusion16_w,1024,13,55.0842,16675351655752164294
fusion16_w,1024,14,55.2643,16675351655752164294
sorted_array,2048,0,16.9174,12960468969644381222
sorted_array,2048,1,16.9510,12960468969644381222
sorted_array,2048,2,16.9067,12960468969644381222
sorted_array,2048,3,16.9327,12960468969644381222
sorted_array,2048,4,16.9357,12960468969644381222
sorted_array,2048,5,16.9083,12960468969644381222
sorted_array,2048,6,16.9556,12960468969644381222
sorted_array,2048,7,16.9098,12960468969644381222
sorted_array,2048,8,17.1677,12960468969644381222
sorted_array,2048,9,17.3035,12960468969644381222
sorted_array,2048,10,17.2516,12960468969644381222
sorted_array,2048,11,17.2455,12960468969644381222
sorted_array,2048,12,16.9510,12960468969644381222
sorted_array,2048,13,16.9098,12960468969644381222
sorted_array,2048,14,16.9357,12960468969644381222
btree8,2048,0,30.7236,12960468969644381222
btree8,2048,1,30.2185,12960468969644381222
btree8,2048,2,30.0186,12960468969644381222
btree8,2048,3,31.0181,12960468969644381222
btree8,2048,4,30.3574,12960468969644381222
btree8,2048,5,30.8395,12960468969644381222
btree8,2048,6,30.3680,12960468969644381222
btree8,2048,7,30.6427,12960468969644381222
btree8,2048,8,30.2444,12960468969644381222
btree8,2048,9,29.9820,12960468969644381222
btree8,2048,10,29.9316,12960468969644381222
btree8,2048,11,30.5405,12960468969644381222
btree8,2048,12,30.6839,12960468969644381222
btree8,2048,13,30.7663,12960468969644381222
btree8,2048,14,30.7266,12960468969644381222
btree8_bl,2048,0,29.2587,12960468969644381222
btree8_bl,2048,1,28.7689,12960468969644381222
btree8_bl,2048,2,28.6499,12960468969644381222
btree8_bl,2048,3,28.6179,12960468969644381222
btree8_bl,2048,4,28.5645,12960468969644381222
btree8_bl,2048,5,29.8340,12960468969644381222
btree8_bl,2048,6,28.7231,12960468969644381222
btree8_bl,2048,7,28.5828,12960468969644381222
btree8_bl,2048,8,28.5599,12960468969644381222
btree8_bl,2048,9,28.5522,12960468969644381222
btree8_bl,2048,10,28.5706,12960468969644381222
btree8_bl,2048,11,28.5660,12960468969644381222
btree8_bl,2048,12,28.5477,12960468969644381222
btree8_bl,2048,13,29.0283,12960468969644381222
btree8_bl,2048,14,29.7958,12960468969644381222
btree8_a64,2048,0,29.6295,12960468969644381222
btree8_a64,2048,1,28.6087,12960468969644381222
btree8_a64,2048,2,28.4790,12960468969644381222
btree8_a64,2048,3,28.5202,12960468969644381222
btree8_a64,2048,4,28.4195,12960468969644381222
btree8_a64,2048,5,28.4714,12960468969644381222
btree8_a64,2048,6,28.4622,12960468969644381222
btree8_a64,2048,7,28.6072,12960468969644381222
btree8_a64,2048,8,28.4607,12960468969644381222
btree8_a64,2048,9,28.4836,12960468969644381222
btree8_a64,2048,10,28.4851,12960468969644381222
btree8_a64,2048,11,28.4683,12960468969644381222
btree8_a64,2048,12,28.4744,12960468969644381222
btree8_a64,2048,13,28.4775,12960468969644381222
btree8_a64,2048,14,29.4006,12960468969644381222
btree8_bl_a64,2048,0,27.1011,12960468969644381222
btree8_bl_a64,2048,1,26.5884,12960468969644381222
btree8_bl_a64,2048,2,26.3489,12960468969644381222
btree8_bl_a64,2048,3,26.3214,12960468969644381222
btree8_bl_a64,2048,4,26.2802,12960468969644381222
btree8_bl_a64,2048,5,26.2466,12960468969644381222
btree8_bl_a64,2048,6,26.6907,12960468969644381222
btree8_bl_a64,2048,7,26.8356,12960468969644381222
btree8_bl_a64,2048,8,26.6739,12960468969644381222
btree8_bl_a64,2048,9,26.1642,12960468969644381222
btree8_bl_a64,2048,10,26.3351,12960468969644381222
btree8_bl_a64,2048,11,26.2985,12960468969644381222
btree8_bl_a64,2048,12,26.6602,12960468969644381222
btree8_bl_a64,2048,13,26.3962,12960468969644381222
btree8_bl_a64,2048,14,26.2665,12960468969644381222
btree16_bl_a64,2048,0,21.3470,12960468969644381222
btree16_bl_a64,2048,1,21.1548,12960468969644381222
btree16_bl_a64,2048,2,21.1914,12960468969644381222
btree16_bl_a64,2048,3,21.2082,12960468969644381222
btree16_bl_a64,2048,4,21.1288,12960468969644381222
btree16_bl_a64,2048,5,21.1426,12960468969644381222
btree16_bl_a64,2048,6,22.4258,12960468969644381222
btree16_bl_a64,2048,7,21.1380,12960468969644381222
btree16_bl_a64,2048,8,21.1472,12960468969644381222
btree16_bl_a64,2048,9,21.1349,12960468969644381222
btree16_bl_a64,2048,10,21.1227,12960468969644381222
btree16_bl_a64,2048,11,21.1227,12960468969644381222
btree16_bl_a64,2048,12,21.0922,12960468969644381222
btree16_bl_a64,2048,13,21.1365,12960468969644381222
btree16_bl_a64,2048,14,21.1273,12960468969644381222
fusion8,2048,0,55.1636,12960468969644381222
fusion8,2048,1,54.1122,12960468969644381222
fusion8,2048,2,53.9749,12960468969644381222
fusion8,2048,3,53.8528,12960468969644381222
fusion8,2048,4,53.9429,12960468969644381222
fusion8,2048,5,55.5435,12960468969644381222
fusion8,2048,6,55.1056,12960468969644381222
fusion8,2048,7,53.9978,12960468969644381222
fusion8,2048,8,53.9597,12960468969644381222
fusion8,2048,9,53.8498,12960468969644381222
fusion8,2048,10,54.0588,12960468969644381222
fusion8,2048,11,53.9017,12960468969644381222
fusion8,2048,12,53.9719,12960468969644381222
fusion8,2048,13,54.8950,12960468969644381222
fusion8,2048,14,54.5303,12960468969644381222
fusion8_bf,2048,0,61.1938,12960468969644381222
fusion8_bf,2048,1,59.5306,12960468969644381222
fusion8_bf,2048,2,59.4360,12960468969644381222
fusion8_bf,2048,3,59.9808,12960468969644381222
fusion8_bf,2048,4,60.3470,12960468969644381222
fusion8_bf,2048,5,59.7275,12960468969644381222
fusion8_bf,2048,6,59.5200,12960468969644381222
fusion8_bf,2048,7,59.5978,12960468969644381222
fusion8_bf,2048,8,59.3918,12960468969644381222
fusion8_bf,2048,9,59.4727,12960468969644381222
fusion8_bf,2048,10,59.4696,12960468969644381222
fusion8_bf,2048,11,59.3750,12960468969644381222
fusion8_bf,2048,12,59.4421,12960468969644381222
fusion8_bf,2048,13,59.4650,12960468969644381222
fusion8_bf,2048,14,59.4955,12960468969644381222
fusion8_c,2048,0,58.9554,12960468969644381222
fusion8_c,2048,1,59.2148,12960468969644381222
fusion8_c,2048,2,58.3755,12960468969644381222
fusion8_c,2048,3,58.2748,12960468969644381222
fusion8_c,2048,4,57.9498,12960468969644381222
fusion8_c,2048,5,59.0088,12960468969644381222
fusion8_c,2048,6,57.9620,12960468969644381222
fusion8_c,2048,7,57.9559,12960468969644381222
fusion8_c,2048,8,57.9391,12960468969644381222
fusion8_c,2048,9,59.0622,12960468969644381222
fusion8_c,2048,10,57.8812,12960468969644381222
fusion8_c,2048,11,57.9102,12960468969644381222
fusion8_c,2048,12,57.8949,12960468969644381222
fusion8_c,2048,13,58.7616,12960468969644381222
fusion8_c,2048,14,57.8583,12960468969644381222
fusion16_w,2048,0,58.1284,12960468969644381222
fusion16_w,2048,1,58.0017,12960468969644381222
fusion16_w,2048,2,58.1558,12960468969644381222
fusion16_w,2048,3,58.0536,12960468969644381222
fusion16_w,2048,4,57.9651,12960468969644381222
fusion16_w,2048,5,58.1390,12960468969644381222
fusion16_w,2048,6,58.6639,12960468969644381222
fusion16_w,2048,7,57.9971,12960468969644381222
fusion16_w,2048,8,58.0032,12960468969644381222
fusion16_w,2048,9,57.9437,12960468969644381222
fusion16_w,2048,10,58.2031,12960468969644381222
fusion16_w,2048,11,58.9142,12960468969644381222
fusion16_w,2048,12,58.1085,12960468969644381222
fusion16_w,2048,13,57.9651,12960468969644381222
fusion16_w,2048,14,58.4167,12960468969644381222
sorted_array,4096,0,18.3060,4803135936880507992
sorted_array,4096,1,18.3273,4803135936880507992
sorted_array,4096,2,18.3075,4803135936880507992
sorted_array,4096,3,18.3212,4803135936880507992
sorted_array,4096,4,18.9514,4803135936880507992
sorted_array,4096,5,18.2953,4803135936880507992
sorted_array,4096,6,18.3502,4803135936880507992
sorted_array,4096,7,18.3136,4803135936880507992
sorted_array,4096,8,18.3594,4803135936880507992
sorted_array,4096,9,18.3075,4803135936880507992
sorted_array,4096,10,18.3121,4803135936880507992
sorted_array,4096,11,18.2861,4803135936880507992
sorted_array,4096,12,18.3121,4803135936880507992
sorted_array,4096,13,18.2999,4803135936880507992
sorted_array,4096,14,18.2938,4803135936880507992
btree8,4096,0,33.5068,4803135936880507992
btree8,4096,1,32.9788,4803135936880507992
btree8,4096,2,32.7179,4803135936880507992
btree8,4096,3,33.0139,4803135936880507992
btree8,4096,4,33.4137,4803135936880507992
btree8,4096,5,33.0658,4803135936880507992
btree8,4096,6,32.6935,4803135936880507992
btree8,4096,7,32.6370,4803135936880507992
btree8,4096,8,32.9407,4803135936880507992
btree8,4096,9,32.7133,4803135936880507992
btree8,4096,10,32.9468,4803135936880507992
btree8,4096,11,33.6365,4803135936880507992
btree8,4096,12,32.9712,4803135936880507992
btree8,4096,13,32.9468,4803135936880507992
btree8,4096,14,32.8964,4803135936880507992
btree8_bl,4096,0,28.7186,4803135936880507992
btree8_bl,4096,1,28.4744,4803135936880507992
btree8_bl,4096,2,28.4653,4803135936880507992
btree8_bl,4096,3,28.3920,4803135936880507992
btree8_bl,4096,4,28.8452,4803135936880507992
btree8_bl,4096,5,28.9169,4803135936880507992
btree8_bl,4096,6,28.7415,4803135936880507992
btree8_bl,4096,7,28.3478,4803135936880507992
btree8_bl,4096,8,29.5486,4803135936880507992
btree8_bl,4096,9,28.3905,4803135936880507992
btree8_bl,4096,10,28.3630,4803135936880507992
btree8_bl,4096,11,28.3463,4803135936880507992
btree8_bl,4096,12,28.3997,4803135936880507992
btree8_bl,4096,13,28.4180,4803135936880507992
btree8_bl,4096,14,28.3279,4803135936880507992
btree8_a64,4096,0,31.5933,4803135936880507992
btree8_a64,4096,1,30.9555,4803135936880507992
btree8_a64,4096,2,30.9875,4803135936880507992
btree8_a64,4096,3,30.9143,4803135936880507992
btree8_a64,4096,4,30.9723,4803135936880507992
btree8_a64,4096,5,30.9616,4803135936880507992
btree8_a64,4096,6,30.8533,4803135936880507992
btree8_a64,4096,7,30.8395,4803135936880507992
btree8_a64,4096,8,30.8151,4803135936880507992
btree8_a64,4096,9,31.2988,4803135936880507992
btree8_a64,4096,10,30.7693,4803135936880507992
btree8_a64,4096,11,30.8014,4803135936880507992
btree8_a64,4096,12,30.8411,4803135936880507992
btree8_a64,4096,13,30.9433,4803135936880507992
btree8_a64,4096,14,30.5786,4803135936880507992
btree8_bl_a64,4096,0,26.3077,4803135936880507992
btree8_bl_a64,4096,1,26.0300,4803135936880507992
btree8_bl_a64,4096,2,25.9674,4803135936880507992
btree8_bl_a64,4096,3,25.9537,4803135936880507992
btree8_bl_a64,4096,4,25.9674,4803135936880507992
btree8_bl_a64,4096,5,25.9460,4803135936880507992
btree8_bl_a64,4096,6,25.9415,4803135936880507992
btree8_bl_a64,4096,7,26.1719,4803135936880507992
btree8_bl_a64,4096,8,26.4435,4803135936880507992
btree8_bl_a64,4096,9,26.4420,4803135936880507992
btree8_bl_a64,4096,10,27.0279,4803135936880507992
btree8_bl_a64,4096,11,25.8820,4803135936880507992
btree8_bl_a64,4096,12,25.8591,4803135936880507992
btree8_bl_a64,4096,13,25.8636,4803135936880507992
btree8_bl_a64,4096,14,25.8163,4803135936880507992
btree16_bl_a64,4096,0,21.1594,4803135936880507992
btree16_bl_a64,4096,1,20.9564,4803135936880507992
btree16_bl_a64,4096,2,21.5256,4803135936880507992
btree16_bl_a64,4096,3,21.0129,4803135936880507992
btree16_bl_a64,4096,4,20.9213,4803135936880507992
btree16_bl_a64,4096,5,20.9106,4803135936880507992
btree16_bl_a64,4096,6,20.8694,4803135936880507992
btree16_bl_a64,4096,7,20.9061,4803135936880507992
btree16_bl_a64,4096,8,20.8939,4803135936880507992
btree16_bl_a64,4096,9,20.9000,4803135936880507992
btree16_bl_a64,4096,10,20.8572,4803135936880507992
btree16_bl_a64,4096,11,20.8893,4803135936880507992
btree16_bl_a64,4096,12,20.8694,4803135936880507992
btree16_bl_a64,4096,13,21.6110,4803135936880507992
btree16_bl_a64,4096,14,20.8649,4803135936880507992
fusion8,4096,0,56.9763,4803135936880507992
fusion8,4096,1,56.2302,4803135936880507992
fusion8,4096,2,56.1279,4803135936880507992
fusion8,4096,3,56.4087,4803135936880507992
fusion8,4096,4,56.9839,4803135936880507992
fusion8,4096,5,56.1356,4803135936880507992
fusion8,4096,6,56.1295,4803135936880507992
fusion8,4096,7,56.0471,4803135936880507992
fusion8,4096,8,57.2205,4803135936880507992
fusion8,4096,9,56.1203,4803135936880507992
fusion8,4096,10,56.0837,4803135936880507992
fusion8,4096,11,56.0959,4803135936880507992
fusion8,4096,12,56.3995,4803135936880507992
fusion8,4096,13,56.1111,4803135936880507992
fusion8,4096,14,56.0745,4803135936880507992
fusion8_bf,4096,0,62.7747,4803135936880507992
fusion8_bf,4096,1,63.8046,4803135936880507992
fusion8_bf,4096,2,62.2910,4803135936880507992
fusion8_bf,4096,3,62.2452,4803135936880507992
fusion8_bf,4096,4,62.1567,4803135936880507992
fusion8_bf,4096,5,62.4283,4803135936880507992
fusion8_bf,4096,6,62.2620,4803135936880507992
fusion8_bf,4096,7,62.2330,4803135936880507992
fusion8_bf,4096,8,62.1170,4803135936880507992
fusion8_bf,4096,9,63.2446,4803135936880507992
fusion8_bf,4096,10,62.0972,4803135936880507992
fusion8_bf,4096,11,62.2421,4803135936880507992
fusion8_bf,4096,12,62.2284,4803135936880507992
fusion8_bf,4096,13,62.3245,4803135936880507992
fusion8_bf,4096,14,62.3642,4803135936880507992
fusion8_c,4096,0,60.5652,4803135936880507992
fusion8_c,4096,1,60.2036,4803135936880507992
fusion8_c,4096,2,61.0474,4803135936880507992
fusion8_c,4096,3,60.1669,4803135936880507992
fusion8_c,4096,4,60.2905,4803135936880507992
fusion8_c,4096,5,60.2798,4803135936880507992
fusion8_c,4096,6,60.3256,4803135936880507992
fusion8_c,4096,7,60.2310,4803135936880507992
fusion8_c,4096,8,61.1023,4803135936880507992
fusion8_c,4096,9,60.3134,4803135936880507992
fusion8_c,4096,10,60.3897,4803135936880507992
fusion8_c,4096,11,60.1532,4803135936880507992
fusion8_c,4096,12,60.1685,4803135936880507992
fusion8_c,4096,13,60.1212,4803135936880507992
fusion8_c,4096,14,61.1084,4803135936880507992
fusion16_w,4096,0,59.3704,4803135936880507992
fusion16_w,4096,1,58.2520,4803135936880507992
fusion16_w,4096,2,58.2962,4803135936880507992
fusion16_w,4096,3,59.2377,4803135936880507992
fusion16_w,4096,4,58.3145,4803135936880507992
fusion16_w,4096,5,58.2336,4803135936880507992
fusion16_w,4096,6,58.2321,4803135936880507992
fusion16_w,4096,7,58.7738,4803135936880507992
fusion16_w,4096,8,59.4254,4803135936880507992
fusion16_w,4096,9,58.2474,4803135936880507992
fusion16_w,4096,10,58.2504,4803135936880507992
fusion16_w,4096,11,59.3994,4803135936880507992
fusion16_w,4096,12,59.0103,4803135936880507992
fusion16_w,4096,13,58.3466,4803135936880507992
fusion16_w,4096,14,58.3130,4803135936880507992
sorted_array,8192,0,22.7142,159033305566865313
sorted_array,8192,1,22.5418,159033305566865313
sorted_array,8192,2,22.5601,159033305566865313
sorted_array,8192,3,23.3551,159033305566865313
sorted_array,8192,4,22.5677,159033305566865313
sorted_array,8192,5,22.5967,159033305566865313
sorted_array,8192,6,22.5540,159033305566865313
sorted_array,8192,7,22.5235,159033305566865313
sorted_array,8192,8,22.5601,159033305566865313
sorted_array,8192,9,22.5922,159033305566865313
sorted_array,8192,10,22.5418,159033305566865313
sorted_array,8192,11,22.5601,159033305566865313
sorted_array,8192,12,22.5372,159033305566865313
sorted_array,8192,13,22.5525,159033305566865313
sorted_array,8192,14,22.6379,159033305566865313
btree8,8192,0,37.4878,159033305566865313
btree8,8192,1,36.2076,159033305566865313
btree8,8192,2,35.7346,159033305566865313
btree8,8192,3,35.7101,159033305566865313
btree8,8192,4,35.8627,159033305566865313
btree8,8192,5,36.0794,159033305566865313
btree8,8192,6,37.0300,159033305566865313
btree8,8192,7,36.0947,159033305566865313
btree8,8192,8,36.0626,159033305566865313
btree8,8192,9,36.0474,159033305566865313
btree8,8192,10,35.8109,159033305566865313
btree8,8192,11,35.7986,159033305566865313
btree8,8192,12,36.0596,159033305566865313
btree8,8192,13,36.6333,159033305566865313
btree8,8192,14,36.7569,159033305566865313
btree8_bl,8192,0,36.0626,159033305566865313
btree8_bl,8192,1,32.9605,159033305566865313
btree8_bl,8192,2,33.0017,159033305566865313
btree8_bl,8192,3,32.9178,159033305566865313
btree8_bl,8192,4,32.9315,159033305566865313
btree8_bl,8192,5,34.0866,159033305566865313
btree8_bl,8192,6,33.4152,159033305566865313
btree8_bl,8192,7,32.9163,159033305566865313
btree8_bl,8192,8,32.8690,159033305566865313
btree8_bl,8192,9,32.8888,159033305566865313
btree8_bl,8192,10,32.9163,159033305566865313
btree8_bl,8192,11,32.8873,159033305566865313
btree8_bl,8192,12,33.0536,159033305566865313
btree8_bl,8192,13,33.5632,159033305566865313
btree8_bl,8192,14,33.4167,159033305566865313
btree8_a64,8192,0,37.0453,159033305566865313
btree8_a64,8192,1,34.1980,159033305566865313
btree8_a64,8192,2,34.2056,159033305566865313
btree8_a64,8192,3,34.1415,159033305566865313
btree8_a64,8192,4,34.7565,159033305566865313
btree8_a64,8192,5,34.1690,159033305566865313
btree8_a64,8192,6,34.1354,159033305566865313
btree8_a64,8192,7,34.1690,159033305566865313
btree8_a64,8192,8,34.1110,159033305566865313
btree8_a64,8192,9,34.1141,159033305566865313
btree8_a64,8192,10,34.1202,159033305566865313
btree8_a64,8192,11,34.2300,159033305566865313
btree8_a64,8192,12,34.1370,159033305566865313
btree8_a64,8192,13,34.1446,159033305566865313
btree8_a64,8192,14,34.1080,159033305566865313
btree8_bl_a64,8192,0,33.6899,159033305566865313
btree8_bl_a64,8192,1,30.7175,159033305566865313
btree8_bl_a64,8192,2,30.3085,159033305566865313
btree8_bl_a64,8192,3,30.2185,159033305566865313
btree8_bl_a64,8192,4,30.6458,159033305566865313
btree8_bl_a64,8192,5,30.7434,159033305566865313
btree8_bl_a64,8192,6,30.2567,159033305566865313
btree8_bl_a64,8192,7,30.3284,159033305566865313
btree8_bl_a64,8192,8,30.3009,159033305566865313
btree8_bl_a64,8192,9,30.3864,159033305566865313
btree8_bl_a64,8192,10,30.2704,159033305566865313
btree8_bl_a64,8192,11,30.2444,159033305566865313
btree8_bl_a64,8192,12,30.3741,159033305566865313
btree8_bl_a64,8192,13,30.2582,159033305566865313
btree8_bl_a64,8192,14,30.2765,159033305566865313
btree16_bl_a64,8192,0,35.8170,159033305566865313
btree16_bl_a64,8192,1,31.2775,159033305566865313
btree16_bl_a64,8192,2,31.2561,159033305566865313
btree16_bl_a64,8192,3,31.3095,159033305566865313
btree16_bl_a64,8192,4,31.2653,159033305566865313
btree16_bl_a64,8192,5,32.0435,159033305566865313
btree16_bl_a64,8192,6,31.2958,159033305566865313
btree16_bl_a64,8192,7,31.2897,159033305566865313
btree16_bl_a64,8192,8,31.2424,159033305566865313
btree16_bl_a64,8192,9,31.2561,159033305566865313
btree16_bl_a64,8192,10,31.2759,159033305566865313
btree16_bl_a64,8192,11,31.3217,159033305566865313
btree16_bl_a64,8192,12,31.3370,159033305566865313
btree16_bl_a64,8192,13,31.6422,159033305566865313
btree16_bl_a64,8192,14,31.7245,159033305566865313
fusion8,8192,0,65.7990,159033305566865313
fusion8,8192,1,63.2339,159033305566865313
fusion8,8192,2,63.0875,159033305566865313
fusion8,8192,3,63.6337,159033305566865313
fusion8,8192,4,62.8555,159033305566865313
fusion8,8192,5,62.9364,159033305566865313
fusion8,8192,6,63.7558,159033305566865313
fusion8,8192,7,62.8387,159033305566865313
fusion8,8192,8,62.8738,159033305566865313
fusion8,8192,9,62.7060,159033305566865313
fusion8,8192,10,62.9532,159033305566865313
fusion8,8192,11,62.8128,159033305566865313
fusion8,8192,12,62.7899,159033305566865313
fusion8,8192,13,62.8128,159033305566865313
fusion8,8192,14,63.4720,159033305566865313
fusion8_bf,8192,0,72.5815,159033305566865313
fusion8_bf,8192,1,70.9579,159033305566865313
fusion8_bf,8192,2,70.9457,159033305566865313
fusion8_bf,8192,3,70.5887,159033305566865313
fusion8_bf,8192,4,70.6726,159033305566865313
fusion8_bf,8192,5,70.8160,159033305566865313
fusion8_bf,8192,6,73.4863,159033305566865313
fusion8_bf,8192,7,71.0800,159033305566865313
fusion8_bf,8192,8,70.6146,159033305566865313
fusion8_bf,8192,9,70.9366,159033305566865313
fusion8_bf,8192,10,71.7377,159033305566865313
fusion8_bf,8192,11,71.5927,159033305566865313
fusion8_bf,8192,12,71.6537,159033305566865313
fusion8_bf,8192,13,72.2031,159033305566865313
fusion8_bf,8192,14,71.0663,159033305566865313
fusion8_c,8192,0,70.4926,159033305566865313
fusion8_c,8192,1,69.2001,159033305566865313
fusion8_c,8192,2,69.0659,159033305566865313
fusion8_c,8192,3,69.1391,159033305566865313
fusion8_c,8192,4,69.9020,159033305566865313
fusion8_c,8192,5,69.0384,159033305566865313
fusion8_c,8192,6,69.1132,159033305566865313
fusion8_c,8192,7,69.0765,159033305566865313
fusion8_c,8192,8,69.1681,159033305566865313
fusion8_c,8192,9,69.0460,159033305566865313
fusion8_c,8192,10,69.0353,159033305566865313
fusion8_c,8192,11,69.7510,159033305566865313
fusion8_c,8192,12,70.4437,159033305566865313
fusion8_c,8192,13,69.2230,159033305566865313
fusion8_c,8192,14,69.0247,159033305566865313
fusion16_w,8192,0,77.5009,159033305566865313
fusion16_w,8192,1,75.4501,159033305566865313
fusion16_w,8192,2,74.7177,159033305566865313
fusion16_w,8192,3,74.8779,159033305566865313
fusion16_w,8192,4,74.7849,159033305566865313
fusion16_w,8192,5,74.7726,159033305566865313
fusion16_w,8192,6,75.2350,159033305566865313
fusion16_w,8192,7,75.6653,159033305566865313
fusion16_w,8192,8,74.8093,159033305566865313
fusion16_w,8192,9,74.8825,159033305566865313
fusion16_w,8192,10,74.7681,159033305566865313
fusion16_w,8192,11,74.6964,159033305566865313
fusion16_w,8192,12,74.7559,159033305566865313
fusion16_w,8192,13,74.8001,159033305566865313
fusion16_w,8192,14,74.6933,159033305566865313
sorted_array,16384,0,28.8651,9658500957361859441
sorted_array,16384,1,28.6987,9658500957361859441
sorted_array,16384,2,28.7170,9658500957361859441
sorted_array,16384,3,28.6774,9658500957361859441
sorted_array,16384,4,28.6728,9658500957361859441
sorted_array,16384,5,28.7506,9658500957361859441
sorted_array,16384,6,29.3884,9658500957361859441
sorted_array,16384,7,28.8193,9658500957361859441
sorted_array,16384,8,28.8208,9658500957361859441
sorted_array,16384,9,28.6911,9658500957361859441
sorted_array,16384,10,28.6911,9658500957361859441
sorted_array,16384,11,28.6804,9658500957361859441
sorted_array,16384,12,28.7827,9658500957361859441
sorted_array,16384,13,28.7506,9658500957361859441
sorted_array,16384,14,28.7811,9658500957361859441
btree8,16384,0,46.5088,9658500957361859441
btree8,16384,1,45.1050,9658500957361859441
btree8,16384,2,44.7067,9658500957361859441
btree8,16384,3,44.7388,9658500957361859441
btree8,16384,4,44.8212,9658500957361859441
btree8,16384,5,44.6915,9658500957361859441
btree8,16384,6,45.3278,9658500957361859441
btree8,16384,7,44.6579,9658500957361859441
btree8,16384,8,44.3954,9658500957361859441
btree8,16384,9,44.6503,9658500957361859441
btree8,16384,10,44.5450,9658500957361859441
btree8,16384,11,44.9631,9658500957361859441
btree8,16384,12,45.4544,9658500957361859441
btree8,16384,13,44.6350,9658500957361859441
btree8,16384,14,44.3100,9658500957361859441
btree8_bl,16384,0,47.5204,9658500957361859441
btree8_bl,16384,1,39.8682,9658500957361859441
btree8_bl,16384,2,40.8157,9658500957361859441
btree8_bl,16384,3,39.7705,9658500957361859441
btree8_bl,16384,4,39.7385,9658500957361859441
btree8_bl,16384,5,39.7644,9658500957361859441
btree8_bl,16384,6,39.6774,9658500957361859441
btree8_bl,16384,7,39.6942,9658500957361859441
btree8_bl,16384,8,39.7751,9658500957361859441
btree8_bl,16384,9,39.7446,9658500957361859441
btree8_bl,16384,10,39.7461,9658500957361859441
btree8_bl,16384,11,39.6835,9658500957361859441
btree8_bl,16384,12,39.7568,9658500957361859441
btree8_bl,16384,13,39.6973,9658500957361859441
btree8_bl,16384,14,40.7578,9658500957361859441
btree8_a64,16384,0,47.1115,9658500957361859441
btree8_a64,16384,1,43.4998,9658500957361859441
btree8_a64,16384,2,43.4265,9658500957361859441
btree8_a64,16384,3,43.3731,9658500957361859441
btree8_a64,16384,4,43.3563,9658500957361859441
btree8_a64,16384,5,44.0063,9658500957361859441
btree8_a64,16384,6,43.4174,9658500957361859441
btree8_a64,16384,7,44.1040,9658500957361859441
btree8_a64,16384,8,43.3502,9658500957361859441
btree8_a64,16384,9,43.3701,9658500957361859441
btree8_a64,16384,10,43.3807,9658500957361859441
btree8_a64,16384,11,43.4113,9658500957361859441
btree8_a64,16384,12,43.4387,9658500957361859441
btree8_a64,16384,13,43.4006,9658500957361859441
btree8_a64,16384,14,43.3167,9658500957361859441
btree8_bl_a64,16384,0,47.9477,9658500957361859441
btree8_bl_a64,16384,1,38.2339,9658500957361859441
btree8_bl_a64,16384,2,38.1577,9658500957361859441
btree8_bl_a64,16384,3,37.5488,9658500957361859441
btree8_bl_a64,16384,4,37.4924,9658500957361859441
btree8_bl_a64,16384,5,37.5473,9658500957361859441
btree8_bl_a64,16384,6,37.5092,9658500957361859441
btree8_bl_a64,16384,7,38.2614,9658500957361859441
btree8_bl_a64,16384,8,37.5458,9658500957361859441
btree8_bl_a64,16384,9,37.4863,9658500957361859441
btree8_bl_a64,16384,10,37.4603,9658500957361859441
btree8_bl_a64,16384,11,37.4725,9658500957361859441
btree8_bl_a64,16384,12,37.4969,9658500957361859441
btree8_bl_a64,16384,13,37.5107,9658500957361859441
btree8_bl_a64,16384,14,37.6907,9658500957361859441
btree16_bl_a64,16384,0,41.2918,9658500957361859441
btree16_bl_a64,16384,1,34.2804,9658500957361859441
btree16_bl_a64,16384,2,34.2880,9658500957361859441
btree16_bl_a64,16384,3,34.2209,9658500957361859441
btree16_bl_a64,16384,4,34.1934,9658500957361859441
btree16_bl_a64,16384,5,34.2087,9658500957361859441
btree16_bl_a64,16384,6,34.1492,9658500957361859441
btree16_bl_a64,16384,7,34.1415,9658500957361859441
btree16_bl_a64,16384,8,34.2316,9658500957361859441
btree16_bl_a64,16384,9,34.1537,9658500957361859441
btree16_bl_a64,16384,10,34.1553,9658500957361859441
btree16_bl_a64,16384,11,34.1751,9658500957361859441
btree16_bl_a64,16384,12,34.2377,9658500957361859441
btree16_bl_a64,16384,13,34.7717,9658500957361859441
btree16_bl_a64,16384,14,34.4131,9658500957361859441
fusion8,16384,0,80.8472,9658500957361859441
fusion8,16384,1,75.3067,9658500957361859441
fusion8,16384,2,76.3809,9658500957361859441
fusion8,16384,3,75.2426,9658500957361859441
fusion8,16384,4,75.2563,9658500957361859441
fusion8,16384,5,76.1627,9658500957361859441
fusion8,16384,6,75.2502,9658500957361859441
fusion8,16384,7,75.2579,9658500957361859441
fusion8,16384,8,75.7675,9658500957361859441
fusion8,16384,9,75.7050,9658500957361859441
fusion8,16384,10,75.2380,9658500957361859441
fusion8,16384,11,76.3138,9658500957361859441
fusion8,16384,12,75.3265,9658500957361859441
fusion8,16384,13,75.2640,9658500957361859441
fusion8,16384,14,75.2518,9658500957361859441
fusion8_bf,16384,0,92.3935,9658500957361859441
fusion8_bf,16384,1,82.5775,9658500957361859441
fusion8_bf,16384,2,83.0139,9658500957361859441
fusion8_bf,16384,3,81.9687,9658500957361859441
fusion8_bf,16384,4,82.0236,9658500957361859441
fusion8_bf,16384,5,82.0801,9658500957361859441
fusion8_bf,16384,6,82.1640,9658500957361859441
fusion8_bf,16384,7,82.0038,9658500957361859441
fusion8_bf,16384,8,83.0292,9658500957361859441
fusion8_bf,16384,9,82.1579,9658500957361859441
fusion8_bf,16384,10,82.2037,9658500957361859441
fusion8_bf,16384,11,82.2495,9658500957361859441
fusion8_bf,16384,12,82.1487,9658500957361859441
fusion8_bf,16384,13,82.1228,9658500957361859441
fusion8_bf,16384,14,82.9224,9658500957361859441
fusion8_c,16384,0,85.7788,9658500957361859441
fusion8_c,16384,1,81.6864,9658500957361859441
fusion8_c,16384,2,81.7139,9658500957361859441
fusion8_c,16384,3,81.6528,9658500957361859441
fusion8_c,16384,4,81.6345,9658500957361859441
fusion8_c,16384,5,82.6813,9658500957361859441
fusion8_c,16384,6,81.6452,9658500957361859441
fusion8_c,16384,7,81.5918,9658500957361859441
fusion8_c,16384,8,82.4600,9658500957361859441
fusion8_c,16384,9,82.0328,9658500957361859441
fusion8_c,16384,10,81.6269,9658500957361859441
fusion8_c,16384,11,82.6965,9658500957361859441
fusion8_c,16384,12,81.6299,9658500957361859441
fusion8_c,16384,13,81.6910,9658500957361859441
fusion8_c,16384,14,81.9275,9658500957361859441
fusion16_w,16384,0,87.1399,9658500957361859441
fusion16_w,16384,1,81.7841,9658500957361859441
fusion16_w,16384,2,82.8247,9658500957361859441
fusion16_w,16384,3,81.6147,9658500957361859441
fusion16_w,16384,4,81.6696,9658500957361859441
fusion16_w,16384,5,83.1451,9658500957361859441
fusion16_w,16384,6,81.7093,9658500957361859441
fusion16_w,16384,7,81.7200,9658500957361859441
fusion16_w,16384,8,82.7515,9658500957361859441
fusion16_w,16384,9,81.5811,9658500957361859441
fusion16_w,16384,10,82.1732,9658500957361859441
fusion16_w,16384,11,82.0007,9658500957361859441
fusion16_w,16384,12,81.5506,9658500957361859441
fusion16_w,16384,13,81.6513,9658500957361859441
fusion16_w,16384,14,81.4758,9658500957361859441
sorted_array,32768,0,37.8983,11629335647243425761
sorted_array,32768,1,36.0184,11629335647243425761
sorted_array,32768,2,36.0291,11629335647243425761
sorted_array,32768,3,36.0367,11629335647243425761
sorted_array,32768,4,35.9543,11629335647243425761
sorted_array,32768,5,35.9497,11629335647243425761
sorted_array,32768,6,35.9314,11629335647243425761
sorted_array,32768,7,36.1465,11629335647243425761
sorted_array,32768,8,35.9634,11629335647243425761
sorted_array,32768,9,35.9573,11629335647243425761
sorted_array,32768,10,35.9589,11629335647243425761
sorted_array,32768,11,37.1140,11629335647243425761
sorted_array,32768,12,35.9650,11629335647243425761
sorted_array,32768,13,35.9711,11629335647243425761
sorted_array,32768,14,36.0474,11629335647243425761
btree8,32768,0,49.9466,11629335647243425761
btree8,32768,1,46.1731,11629335647243425761
btree8,32768,2,46.3242,11629335647243425761
btree8,32768,3,46.2463,11629335647243425761
btree8,32768,4,46.3501,11629335647243425761
btree8,32768,5,45.9808,11629335647243425761
btree8,32768,6,45.9229,11629335647243425761
btree8,32768,7,46.0754,11629335647243425761
btree8,32768,8,45.9091,11629335647243425761
btree8,32768,9,47.0718,11629335647243425761
btree8,32768,10,47.0413,11629335647243425761
btree8,32768,11,46.1105,11629335647243425761
btree8,32768,12,46.1334,11629335647243425761
btree8,32768,13,45.9717,11629335647243425761
btree8,32768,14,46.1731,11629335647243425761
btree8_bl,32768,0,49.0295,11629335647243425761
btree8_bl,32768,1,40.1260,11629335647243425761
btree8_bl,32768,2,39.6912,11629335647243425761
btree8_bl,32768,3,40.4922,11629335647243425761
btree8_bl,32768,4,39.6820,11629335647243425761
btree8_bl,32768,5,39.7446,11629335647243425761
btree8_bl,32768,6,39.6530,11629335647243425761
btree8_bl,32768,7,39.6713,11629335647243425761
btree8_bl,32768,8,39.6271,11629335647243425761
btree8_bl,32768,9,39.6988,11629335647243425761
btree8_bl,32768,10,39.6637,11629335647243425761
btree8_bl,32768,11,39.6912,11629335647243425761
btree8_bl,32768,12,39.8941,11629335647243425761
btree8_bl,32768,13,39.6561,11629335647243425761
btree8_bl,32768,14,39.6576,11629335647243425761
btree8_a64,32768,0,47.7112,11629335647243425761
btree8_a64,32768,1,43.9651,11629335647243425761
btree8_a64,32768,2,44.6854,11629335647243425761
btree8_a64,32768,3,44.4031,11629335647243425761
btree8_a64,32768,4,43.9087,11629335647243425761
btree8_a64,32768,5,43.7424,11629335647243425761
btree8_a64,32768,6,43.8126,11629335647243425761
btree8_a64,32768,7,43.8019,11629335647243425761
btree8_a64,32768,8,43.8995,11629335647243425761
btree8_a64,32768,9,43.8339,11629335647243425761
btree8_a64,32768,10,43.8843,11629335647243425761
btree8_a64,32768,11,43.8538,11629335647243425761
btree8_a64,32768,12,43.7897,11629335647243425761
btree8_a64,32768,13,44.5297,11629335647243425761
btree8_a64,32768,14,43.8309,11629335647243425761
btree8_bl_a64,32768,0,45.2393,11629335647243425761
btree8_bl_a64,32768,1,37.6755,11629335647243425761
btree8_bl_a64,32768,2,37.7594,11629335647243425761
btree8_bl_a64,32768,3,37.6862,11629335647243425761
btree8_bl_a64,32768,4,37.6785,11629335647243425761
btree8_bl_a64,32768,5,37.6114,11629335647243425761
btree8_bl_a64,32768,6,37.6053,11629335647243425761
btree8_bl_a64,32768,7,37.5809,11629335647243425761
btree8_bl_a64,32768,8,37.5763,11629335647243425761
btree8_bl_a64,32768,9,37.6053,11629335647243425761
btree8_bl_a64,32768,10,37.5671,11629335647243425761
btree8_bl_a64,32768,11,39.3463,11629335647243425761
btree8_bl_a64,32768,12,37.8067,11629335647243425761
btree8_bl_a64,32768,13,37.5687,11629335647243425761
btree8_bl_a64,32768,14,37.6114,11629335647243425761
btree16_bl_a64,32768,0,41.5405,11629335647243425761
btree16_bl_a64,32768,1,34.0302,11629335647243425761
btree16_bl_a64,32768,2,35.0739,11629335647243425761
btree16_bl_a64,32768,3,34.7107,11629335647243425761
btree16_bl_a64,32768,4,34.6619,11629335647243425761
btree16_bl_a64,32768,5,34.6252,11629335647243425761
btree16_bl_a64,32768,6,34.3002,11629335647243425761
btree16_bl_a64,32768,7,33.9508,11629335647243425761
btree16_bl_a64,32768,8,33.9645,11629335647243425761
btree16_bl_a64,32768,9,34.0515,11629335647243425761
btree16_bl_a64,32768,10,33.9813,11629335647243425761
btree16_bl_a64,32768,11,33.9264,11629335647243425761
btree16_bl_a64,32768,12,33.9569,11629335647243425761
btree16_bl_a64,32768,13,33.9432,11629335647243425761
btree16_bl_a64,32768,14,33.9203,11629335647243425761
fusion8,32768,0,88.8123,11629335647243425761
fusion8,32768,1,79.1214,11629335647243425761
fusion8,32768,2,78.6530,11629335647243425761
fusion8,32768,3,78.6911,11629335647243425761
fusion8,32768,4,78.5843,11629335647243425761
fusion8,32768,5,78.5706,11629335647243425761
fusion8,32768,6,79.7501,11629335647243425761
fusion8,32768,7,78.5751,11629335647243425761
fusion8,32768,8,78.5431,11629335647243425761
fusion8,32768,9,78.5889,11629335647243425761
fusion8,32768,10,78.5812,11629335647243425761
fusion8,32768,11,78.5583,11629335647243425761
fusion8,32768,12,79.5242,11629335647243425761
fusion8,32768,13,78.6423,11629335647243425761
fusion8,32768,14,78.5965,11629335647243425761
fusion8_bf,32768,0,95.4269,11629335647243425761
fusion8_bf,32768,1,86.1176,11629335647243425761
fusion8_bf,32768,2,87.0468,11629335647243425761
fusion8_bf,32768,3,86.8988,11629335647243425761
fusion8_bf,32768,4,87.1262,11629335647243425761
fusion8_bf,32768,5,86.0687,11629335647243425761
fusion8_bf,32768,6,87.2147,11629335647243425761
fusion8_bf,32768,7,87.0987,11629335647243425761
fusion8_bf,32768,8,86.0672,11629335647243425761
fusion8_bf,32768,9,88.3545,11629335647243425761
fusion8_bf,32768,10,85.6430,11629335647243425761
fusion8_bf,32768,11,86.0168,11629335647243425761
fusion8_bf,32768,12,86.1298,11629335647243425761
fusion8_bf,32768,13,85.9512,11629335647243425761
fusion8_bf,32768,14,87.0255,11629335647243425761
fusion8_c,32768,0,90.0879,11629335647243425761
fusion8_c,32768,1,85.1074,11629335647243425761
fusion8_c,32768,2,86.2900,11629335647243425761
fusion8_c,32768,3,86.8561,11629335647243425761
fusion8_c,32768,4,85.0800,11629335647243425761
fusion8_c,32768,5,85.3256,11629335647243425761
fusion8_c,32768,6,85.2081,11629335647243425761
fusion8_c,32768,7,85.0952,11629335647243425761
fusion8_c,32768,8,85.8795,11629335647243425761
fusion8_c,32768,9,85.0021,11629335647243425761
fusion8_c,32768,10,85.1120,11629335647243425761
fusion8_c,32768,11,85.0082,11629335647243425761
fusion8_c,32768,12,84.9808,11629335647243425761
fusion8_c,32768,13,85.4324,11629335647243425761
fusion8_c,32768,14,85.5820,11629335647243425761
fusion16_w,32768,0,98.5352,11629335647243425761
fusion16_w,32768,1,86.8210,11629335647243425761
fusion16_w,32768,2,86.9003,11629335647243425761
fusion16_w,32768,3,87.1933,11629335647243425761
fusion16_w,32768,4,87.3459,11629335647243425761
fusion16_w,32768,5,86.9171,11629335647243425761
fusion16_w,32768,6,86.2701,11629335647243425761
fusion16_w,32768,7,86.3007,11629335647243425761
fusion16_w,32768,8,86.2595,11629335647243425761
fusion16_w,32768,9,86.2350,11629335647243425761
fusion16_w,32768,10,87.6862,11629335647243425761
fusion16_w,32768,11,86.2839,11629335647243425761
fusion16_w,32768,12,86.3083,11629335647243425761
fusion16_w,32768,13,86.3037,11629335647243425761
fusion16_w,32768,14,86.2488,11629335647243425761
sorted_array,65536,0,46.8338,5722582458615733357
sorted_array,65536,1,45.5078,5722582458615733357
sorted_array,65536,2,46.4111,5722582458615733357
sorted_array,65536,3,45.6116,5722582458615733357
sorted_array,65536,4,45.5368,5722582458615733357
sorted_array,65536,5,45.7428,5722582458615733357
sorted_array,65536,6,45.5490,5722582458615733357
sorted_array,65536,7,45.5231,5722582458615733357
sorted_array,65536,8,45.5704,5722582458615733357
sorted_array,65536,9,45.5887,5722582458615733357
sorted_array,65536,10,45.8466,5722582458615733357
sorted_array,65536,11,46.4844,5722582458615733357
sorted_array,65536,12,45.7092,5722582458615733357
sorted_array,65536,13,45.5765,5722582458615733357
sorted_array,65536,14,45.5521,5722582458615733357
btree8,65536,0,59.1675,5722582458615733357
btree8,65536,1,51.3504,5722582458615733357
btree8,65536,2,51.3443,5722582458615733357
btree8,65536,3,51.0101,5722582458615733357
btree8,65536,4,51.1673,5722582458615733357
btree8,65536,5,51.0101,5722582458615733357
btree8,65536,6,51.2207,5722582458615733357
btree8,65536,7,51.2695,5722582458615733357
btree8,65536,8,51.2390,5722582458615733357
btree8,65536,9,51.2192,5722582458615733357
btree8,65536,10,52.5238,5722582458615733357
btree8,65536,11,51.2756,5722582458615733357
btree8,65536,12,50.9857,5722582458615733357
btree8,65536,13,51.2024,5722582458615733357
btree8,65536,14,50.8331,5722582458615733357
btree8_bl,65536,0,52.5192,5722582458615733357
btree8_bl,65536,1,43.2907,5722582458615733357
btree8_bl,65536,2,43.1763,5722582458615733357
btree8_bl,65536,3,43.1961,5722582458615733357
btree8_bl,65536,4,43.2297,5722582458615733357
btree8_bl,65536,5,43.3640,5722582458615733357
btree8_bl,65536,6,43.1885,5722582458615733357
btree8_bl,65536,7,43.1992,5722582458615733357
btree8_bl,65536,8,43.1854,5722582458615733357
btree8_bl,65536,9,43.1854,5722582458615733357
btree8_bl,65536,10,43.2083,5722582458615733357
btree8_bl,65536,11,44.4107,5722582458615733357
btree8_bl,65536,12,43.1488,5722582458615733357
btree8_bl,65536,13,43.1580,5722582458615733357
btree8_bl,65536,14,43.1000,5722582458615733357
btree8_a64,65536,0,54.8828,5722582458615733357
btree8_a64,65536,1,50.0534,5722582458615733357
btree8_a64,65536,2,49.8978,5722582458615733357
btree8_a64,65536,3,49.8032,5722582458615733357
btree8_a64,65536,4,49.8886,5722582458615733357
btree8_a64,65536,5,49.9039,5722582458615733357
btree8_a64,65536,6,51.1703,5722582458615733357
btree8_a64,65536,7,49.8642,5722582458615733357
btree8_a64,65536,8,49.8062,5722582458615733357
btree8_a64,65536,9,49.7986,5722582458615733357
btree8_a64,65536,10,49.7391,5722582458615733357
btree8_a64,65536,11,49.8917,5722582458615733357
btree8_a64,65536,12,49.7284,5722582458615733357
btree8_a64,65536,13,49.8352,5722582458615733357
btree8_a64,65536,14,50.5203,5722582458615733357
btree8_bl_a64,65536,0,52.8748,5722582458615733357
btree8_bl_a64,65536,1,42.3203,5722582458615733357
btree8_bl_a64,65536,2,41.7358,5722582458615733357
btree8_bl_a64,65536,3,41.7984,5722582458615733357
btree8_bl_a64,65536,4,41.7465,5722582458615733357
btree8_bl_a64,65536,5,41.7786,5722582458615733357
btree8_bl_a64,65536,6,41.7603,5722582458615733357
btree8_bl_a64,65536,7,42.3981,5722582458615733357
btree8_bl_a64,65536,8,41.8869,5722582458615733357
btree8_bl_a64,65536,9,41.7160,5722582458615733357
btree8_bl_a64,65536,10,41.6306,5722582458615733357
btree8_bl_a64,65536,11,41.7084,5722582458615733357
btree8_bl_a64,65536,12,42.6453,5722582458615733357
btree8_bl_a64,65536,13,41.8015,5722582458615733357
btree8_bl_a64,65536,14,41.6977,5722582458615733357
btree16_bl_a64,65536,0,41.8442,5722582458615733357
btree16_bl_a64,65536,1,33.8715,5722582458615733357
btree16_bl_a64,65536,2,33.8104,5722582458615733357
btree16_bl_a64,65536,3,33.7906,5722582458615733357
btree16_bl_a64,65536,4,33.9676,5722582458615733357
btree16_bl_a64,65536,5,34.0958,5722582458615733357
btree16_bl_a64,65536,6,34.3018,5722582458615733357
btree16_bl_a64,65536,7,33.8135,5722582458615733357
btree16_bl_a64,65536,8,33.7921,5722582458615733357
btree16_bl_a64,65536,9,33.7967,5722582458615733357
btree16_bl_a64,65536,10,33.7769,5722582458615733357
btree16_bl_a64,65536,11,35.2676,5722582458615733357
btree16_bl_a64,65536,12,33.8226,5722582458615733357
btree16_bl_a64,65536,13,33.8364,5722582458615733357
btree16_bl_a64,65536,14,33.8440,5722582458615733357
fusion8,65536,0,94.1101,5722582458615733357
fusion8,65536,1,85.1822,5722582458615733357
fusion8,65536,2,84.0393,5722582458615733357
fusion8,65536,3,84.9243,5722582458615733357
fusion8,65536,4,84.1827,5722582458615733357
fusion8,65536,5,83.9859,5722582458615733357
fusion8,65536,6,84.0042,5722582458615733357
fusion8,65536,7,85.0662,5722582458615733357
fusion8,65536,8,84.6817,5722582458615733357
fusion8,65536,9,84.0302,5722582458615733357
fusion8,65536,10,83.9539,5722582458615733357
fusion8,65536,11,84.0134,5722582458615733357
fusion8,65536,12,84.6848,5722582458615733357
fusion8,65536,13,84.1064,5722582458615733357
fusion8,65536,14,84.0698,5722582458615733357
fusion8_bf,65536,0,110.5713,5722582458615733357
fusion8_bf,65536,1,91.9983,5722582458615733357
fusion8_bf,65536,2,91.6870,5722582458615733357
fusion8_bf,65536,3,93.3182,5722582458615733357
fusion8_bf,65536,4,91.6870,5722582458615733357
fusion8_bf,65536,5,91.9388,5722582458615733357
fusion8_bf,65536,6,92.6117,5722582458615733357
fusion8_bf,65536,7,91.4917,5722582458615733357
fusion8_bf,65536,8,93.2953,5722582458615733357
fusion8_bf,65536,9,91.6733,5722582458615733357
fusion8_bf,65536,10,91.4978,5722582458615733357
fusion8_bf,65536,11,92.6208,5722582458615733357
fusion8_bf,65536,12,91.9479,5722582458615733357
fusion8_bf,65536,13,93.1091,5722582458615733357
fusion8_bf,65536,14,91.6092,5722582458615733357
fusion8_c,65536,0,103.6758,5722582458615733357
fusion8_c,65536,1,91.6367,5722582458615733357
fusion8_c,65536,2,90.4144,5722582458615733357
fusion8_c,65536,3,91.5359,5722582458615733357
fusion8_c,65536,4,90.9729,5722582458615733357
fusion8_c,65536,5,90.0925,5722582458615733357
fusion8_c,65536,6,90.8997,5722582458615733357
fusion8_c,65536,7,91.4490,5722582458615733357
fusion8_c,65536,8,90.1505,5722582458615733357
fusion8_c,65536,9,90.3473,5722582458615733357
fusion8_c,65536,10,90.2267,5722582458615733357
fusion8_c,65536,11,90.4388,5722582458615733357
fusion8_c,65536,12,91.0950,5722582458615733357
fusion8_c,65536,13,90.1550,5722582458615733357
fusion8_c,65536,14,90.8707,5722582458615733357
fusion16_w,65536,0,102.6047,5722582458615733357
fusion16_w,65536,1,87.4374,5722582458615733357
fusion16_w,65536,2,87.4451,5722582458615733357
fusion16_w,65536,3,87.3627,5722582458615733357
fusion16_w,65536,4,88.0112,5722582458615733357
fusion16_w,65536,5,87.7121,5722582458615733357
fusion16_w,65536,6,87.2910,5722582458615733357
fusion16_w,65536,7,87.4512,5722582458615733357
fusion16_w,65536,8,87.2604,5722582458615733357
fusion16_w,65536,9,88.5315,5722582458615733357
fusion16_w,65536,10,88.7054,5722582458615733357
fusion16_w,65536,11,87.9837,5722582458615733357
fusion16_w,65536,12,87.4512,5722582458615733357
fusion16_w,65536,13,89.4073,5722582458615733357
fusion16_w,65536,14,87.3123,5722582458615733357
sorted_array,131072,0,60.1562,15368517120400912463
sorted_array,131072,1,56.6254,15368517120400912463
sorted_array,131072,2,56.6376,15368517120400912463
sorted_array,131072,3,58.0841,15368517120400912463
sorted_array,131072,4,56.6376,15368517120400912463
sorted_array,131072,5,56.6193,15368517120400912463
sorted_array,131072,6,56.6360,15368517120400912463
sorted_array,131072,7,56.7566,15368517120400912463
sorted_array,131072,8,57.4890,15368517120400912463
sorted_array,131072,9,56.6635,15368517120400912463
sorted_array,131072,10,56.6574,15368517120400912463
sorted_array,131072,11,56.7459,15368517120400912463
sorted_array,131072,12,56.6284,15368517120400912463
sorted_array,131072,13,56.5994,15368517120400912463
sorted_array,131072,14,56.6406,15368517120400912463
btree8,131072,0,93.1839,15368517120400912463
btree8,131072,1,70.3400,15368517120400912463
btree8,131072,2,70.1370,15368517120400912463
btree8,131072,3,71.2402,15368517120400912463
btree8,131072,4,71.1044,15368517120400912463
btree8,131072,5,70.3720,15368517120400912463
btree8,131072,6,69.9234,15368517120400912463
btree8,131072,7,71.1090,15368517120400912463
btree8,131072,8,69.4092,15368517120400912463
btree8,131072,9,69.4489,15368517120400912463
btree8,131072,10,69.6167,15368517120400912463
btree8,131072,11,69.2596,15368517120400912463
btree8,131072,12,69.4382,15368517120400912463
btree8,131072,13,69.4351,15368517120400912463
btree8,131072,14,71.0983,15368517120400912463
btree8_bl,131072,0,95.7779,15368517120400912463
btree8_bl,131072,1,63.2416,15368517120400912463
btree8_bl,131072,2,63.4644,15368517120400912463
btree8_bl,131072,3,63.3560,15368517120400912463
btree8_bl,131072,4,62.7731,15368517120400912463
btree8_bl,131072,5,64.1312,15368517120400912463
btree8_bl,131072,6,63.9786,15368517120400912463
btree8_bl,131072,7,63.3896,15368517120400912463
btree8_bl,131072,8,62.7563,15368517120400912463
btree8_bl,131072,9,62.7487,15368517120400912463
btree8_bl,131072,10,63.1531,15368517120400912463
btree8_bl,131072,11,63.1226,15368517120400912463
btree8_bl,131072,12,62.8494,15368517120400912463
btree8_bl,131072,13,63.0371,15368517120400912463
btree8_bl,131072,14,64.3250,15368517120400912463
btree8_a64,131072,0,92.7246,15368517120400912463
btree8_a64,131072,1,69.6045,15368517120400912463
btree8_a64,131072,2,69.2780,15368517120400912463
btree8_a64,131072,3,69.2993,15368517120400912463
btree8_a64,131072,4,69.1681,15368517120400912463
btree8_a64,131072,5,70.6192,15368517120400912463
btree8_a64,131072,6,69.6457,15368517120400912463
btree8_a64,131072,7,69.2215,15368517120400912463
btree8_a64,131072,8,69.5023,15368517120400912463
btree8_a64,131072,9,70.0928,15368517120400912463
btree8_a64,131072,10,69.7556,15368517120400912463
btree8_a64,131072,11,69.1910,15368517120400912463
btree8_a64,131072,12,70.0455,15368517120400912463
btree8_a64,131072,13,70.4651,15368517120400912463
btree8_a64,131072,14,69.7495,15368517120400912463
btree8_bl_a64,131072,0,109.1614,15368517120400912463
btree8_bl_a64,131072,1,60.0220,15368517120400912463
btree8_bl_a64,131072,2,59.5047,15368517120400912463
btree8_bl_a64,131072,3,59.3323,15368517120400912463
btree8_bl_a64,131072,4,60.6522,15368517120400912463
btree8_bl_a64,131072,5,59.1064,15368517120400912463
btree8_bl_a64,131072,6,59.5001,15368517120400912463
btree8_bl_a64,131072,7,59.6054,15368517120400912463
btree8_bl_a64,131072,8,59.8389,15368517120400912463
btree8_bl_a64,131072,9,59.1888,15368517120400912463
btree8_bl_a64,131072,10,59.4376,15368517120400912463
btree8_bl_a64,131072,11,59.5108,15368517120400912463
btree8_bl_a64,131072,12,60.9909,15368517120400912463
btree8_bl_a64,131072,13,59.7397,15368517120400912463
btree8_bl_a64,131072,14,59.3246,15368517120400912463
btree16_bl_a64,131072,0,86.4655,15368517120400912463
btree16_bl_a64,131072,1,60.9390,15368517120400912463
btree16_bl_a64,131072,2,61.9232,15368517120400912463
btree16_bl_a64,131072,3,61.0443,15368517120400912463
btree16_bl_a64,131072,4,61.1832,15368517120400912463
btree16_bl_a64,131072,5,62.7182,15368517120400912463
btree16_bl_a64,131072,6,61.1862,15368517120400912463
btree16_bl_a64,131072,7,60.9711,15368517120400912463
btree16_bl_a64,131072,8,61.0123,15368517120400912463
btree16_bl_a64,131072,9,62.1887,15368517120400912463
btree16_bl_a64,131072,10,61.3586,15368517120400912463
btree16_bl_a64,131072,11,61.3434,15368517120400912463
btree16_bl_a64,131072,12,61.4243,15368517120400912463
btree16_bl_a64,131072,13,67.7200,15368517120400912463
btree16_bl_a64,131072,14,60.3531,15368517120400912463
fusion8,131072,0,155.3055,15368517120400912463
fusion8,131072,1,115.0543,15368517120400912463
fusion8,131072,2,115.0055,15368517120400912463
fusion8,131072,3,114.9139,15368517120400912463
fusion8,131072,4,115.7776,15368517120400912463
fusion8,131072,5,114.8651,15368517120400912463
fusion8,131072,6,115.1047,15368517120400912463
fusion8,131072,7,115.3748,15368517120400912463
fusion8,131072,8,115.0131,15368517120400912463
fusion8,131072,9,116.3147,15368517120400912463
fusion8,131072,10,115.1093,15368517120400912463
fusion8,131072,11,115.7349,15368517120400912463
fusion8,131072,12,115.4083,15368517120400912463
fusion8,131072,13,116.3651,15368517120400912463
fusion8,131072,14,114.3005,15368517120400912463
fusion8_bf,131072,0,161.7859,15368517120400912463
fusion8_bf,131072,1,123.1628,15368517120400912463
fusion8_bf,131072,2,123.9639,15368517120400912463
fusion8_bf,131072,3,122.5876,15368517120400912463
fusion8_bf,131072,4,123.6801,15368517120400912463
fusion8_bf,131072,5,122.4075,15368517120400912463
fusion8_bf,131072,6,123.1201,15368517120400912463
fusion8_bf,131072,7,122.5479,15368517120400912463
fusion8_bf,131072,8,125.1587,15368517120400912463
fusion8_bf,131072,9,123.4711,15368517120400912463
fusion8_bf,131072,10,123.5855,15368517120400912463
fusion8_bf,131072,11,122.6013,15368517120400912463
fusion8_bf,131072,12,122.5311,15368517120400912463
fusion8_bf,131072,13,123.4863,15368517120400912463
fusion8_bf,131072,14,123.0164,15368517120400912463
fusion8_c,131072,0,154.6326,15368517120400912463
fusion8_c,131072,1,114.6439,15368517120400912463
fusion8_c,131072,2,115.4663,15368517120400912463
fusion8_c,131072,3,114.7949,15368517120400912463
fusion8_c,131072,4,114.9277,15368517120400912463
fusion8_c,131072,5,115.3046,15368517120400912463
fusion8_c,131072,6,115.4266,15368517120400912463
fusion8_c,131072,7,115.9363,15368517120400912463
fusion8_c,131072,8,114.0472,15368517120400912463
fusion8_c,131072,9,114.1251,15368517120400912463
fusion8_c,131072,10,114.4089,15368517120400912463
fusion8_c,131072,11,115.5441,15368517120400912463
fusion8_c,131072,12,114.2029,15368517120400912463
fusion8_c,131072,13,116.2567,15368517120400912463
fusion8_c,131072,14,116.6473,15368517120400912463
fusion16_w,131072,0,159.7870,15368517120400912463
fusion16_w,131072,1,127.9816,15368517120400912463
fusion16_w,131072,2,119.7739,15368517120400912463
fusion16_w,131072,3,120.9396,15368517120400912463
fusion16_w,131072,4,120.2240,15368517120400912463
fusion16_w,131072,5,120.3720,15368517120400912463
fusion16_w,131072,6,120.5978,15368517120400912463
fusion16_w,131072,7,121.1090,15368517120400912463
fusion16_w,131072,8,120.6207,15368517120400912463
fusion16_w,131072,9,119.8303,15368517120400912463
fusion16_w,131072,10,120.2347,15368517120400912463
fusion16_w,131072,11,122.5769,15368517120400912463
fusion16_w,131072,12,122.7234,15368517120400912463
fusion16_w,131072,13,120.0653,15368517120400912463
fusion16_w,131072,14,121.1685,15368517120400912463
sorted_array,262144,0,75.6699,13725275285989217998
sorted_array,262144,1,66.5421,13725275285989217998
sorted_array,262144,2,66.3315,13725275285989217998
sorted_array,262144,3,67.6636,13725275285989217998
sorted_array,262144,4,66.2109,13725275285989217998
sorted_array,262144,5,66.1407,13725275285989217998
sorted_array,262144,6,66.2125,13725275285989217998
sorted_array,262144,7,66.3071,13725275285989217998
sorted_array,262144,8,66.1484,13725275285989217998
sorted_array,262144,9,66.1652,13725275285989217998
sorted_array,262144,10,67.1844,13725275285989217998
sorted_array,262144,11,66.4993,13725275285989217998
sorted_array,262144,12,66.2033,13725275285989217998
sorted_array,262144,13,66.2338,13725275285989217998
sorted_array,262144,14,66.2415,13725275285989217998
btree8,262144,0,98.2773,13725275285989217998
btree8,262144,1,73.2010,13725275285989217998
btree8,262144,2,74.2172,13725275285989217998
btree8,262144,3,73.1125,13725275285989217998
btree8,262144,4,73.3765,13725275285989217998
btree8,262144,5,73.6877,13725275285989217998
btree8,262144,6,72.9813,13725275285989217998
btree8,262144,7,73.7579,13725275285989217998
btree8,262144,8,73.6023,13725275285989217998
btree8,262144,9,73.1842,13725275285989217998
btree8,262144,10,72.9141,13725275285989217998
btree8,262144,11,73.2300,13725275285989217998
btree8,262144,12,74.9542,13725275285989217998
btree8,262144,13,73.4894,13725275285989217998
btree8,262144,14,72.8928,13725275285989217998
btree8_bl,262144,0,100.6760,13725275285989217998
btree8_bl,262144,1,66.2048,13725275285989217998
btree8_bl,262144,2,65.6311,13725275285989217998
btree8_bl,262144,3,65.8417,13725275285989217998
btree8_bl,262144,4,67.7475,13725275285989217998
btree8_bl,262144,5,65.2679,13725275285989217998
btree8_bl,262144,6,65.7654,13725275285989217998
btree8_bl,262144,7,66.4154,13725275285989217998
btree8_bl,262144,8,66.1545,13725275285989217998
btree8_bl,262144,9,65.8142,13725275285989217998
btree8_bl,262144,10,66.2003,13725275285989217998
btree8_bl,262144,11,66.9357,13725275285989217998
btree8_bl,262144,12,65.8203,13725275285989217998
btree8_bl,262144,13,65.9866,13725275285989217998
btree8_bl,262144,14,66.2552,13725275285989217998
btree8_a64,262144,0,113.5284,13725275285989217998
btree8_a64,262144,1,72.8195,13725275285989217998
btree8_a64,262144,2,73.8541,13725275285989217998
btree8_a64,262144,3,73.3017,13725275285989217998
btree8_a64,262144,4,72.6242,13725275285989217998
btree8_a64,262144,5,72.5601,13725275285989217998
btree8_a64,262144,6,71.8491,13725275285989217998
btree8_a64,262144,7,71.8613,13725275285989217998
btree8_a64,262144,8,72.0642,13725275285989217998
btree8_a64,262144,9,74.3744,13725275285989217998
btree8_a64,262144,10,71.9223,13725275285989217998
btree8_a64,262144,11,71.9543,13725275285989217998
btree8_a64,262144,12,72.2305,13725275285989217998
btree8_a64,262144,13,71.8063,13725275285989217998
btree8_a64,262144,14,71.8903,13725275285989217998
btree8_bl_a64,262144,0,136.5891,13725275285989217998
btree8_bl_a64,262144,1,63.4705,13725275285989217998
btree8_bl_a64,262144,2,62.2894,13725275285989217998
btree8_bl_a64,262144,3,62.3337,13725275285989217998
btree8_bl_a64,262144,4,62.3337,13725275285989217998
btree8_bl_a64,262144,5,62.0651,13725275285989217998
btree8_bl_a64,262144,6,62.2009,13725275285989217998
btree8_bl_a64,262144,7,62.3337,13725275285989217998
btree8_bl_a64,262144,8,63.9618,13725275285989217998
btree8_bl_a64,262144,9,62.1292,13725275285989217998
btree8_bl_a64,262144,10,62.1841,13725275285989217998
btree8_bl_a64,262144,11,62.3581,13725275285989217998
btree8_bl_a64,262144,12,66.2735,13725275285989217998
btree8_bl_a64,262144,13,62.6999,13725275285989217998
btree8_bl_a64,262144,14,62.1292,13725275285989217998
btree16_bl_a64,262144,0,139.1556,13725275285989217998
btree16_bl_a64,262144,1,80.5664,13725275285989217998
btree16_bl_a64,262144,2,78.1296,13725275285989217998
btree16_bl_a64,262144,3,80.1346,13725275285989217998
btree16_bl_a64,262144,4,78.6011,13725275285989217998
btree16_bl_a64,262144,5,79.4373,13725275285989217998
btree16_bl_a64,262144,6,80.9464,13725275285989217998
btree16_bl_a64,262144,7,78.8254,13725275285989217998
btree16_bl_a64,262144,8,78.2578,13725275285989217998
btree16_bl_a64,262144,9,80.9311,13725275285989217998
btree16_bl_a64,262144,10,79.3182,13725275285989217998
btree16_bl_a64,262144,11,79.3854,13725275285989217998
btree16_bl_a64,262144,12,80.0278,13725275285989217998
btree16_bl_a64,262144,13,79.2007,13725275285989217998
btree16_bl_a64,262144,14,79.6555,13725275285989217998
fusion8,262144,0,162.4283,13725275285989217998
fusion8,262144,1,121.8338,13725275285989217998
fusion8,262144,2,121.3638,13725275285989217998
fusion8,262144,3,123.1461,13725275285989217998
fusion8,262144,4,122.0673,13725275285989217998
fusion8,262144,5,122.9706,13725275285989217998
fusion8,262144,6,122.5281,13725275285989217998
fusion8,262144,7,123.6450,13725275285989217998
fusion8,262144,8,121.9879,13725275285989217998
fusion8,262144,9,122.0932,13725275285989217998
fusion8,262144,10,121.9833,13725275285989217998
fusion8,262144,11,122.8378,13725275285989217998
fusion8,262144,12,121.6812,13725275285989217998
fusion8,262144,13,121.9894,13725275285989217998
fusion8,262144,14,121.8735,13725275285989217998
fusion8_bf,262144,0,174.3423,13725275285989217998
fusion8_bf,262144,1,130.4916,13725275285989217998
fusion8_bf,262144,2,131.0852,13725275285989217998
fusion8_bf,262144,3,130.9280,13725275285989217998
fusion8_bf,262144,4,129.9179,13725275285989217998
fusion8_bf,262144,5,130.1147,13725275285989217998
fusion8_bf,262144,6,130.0186,13725275285989217998
fusion8_bf,262144,7,130.7938,13725275285989217998
fusion8_bf,262144,8,129.8965,13725275285989217998
fusion8_bf,262144,9,132.2220,13725275285989217998
fusion8_bf,262144,10,130.7114,13725275285989217998
fusion8_bf,262144,11,130.4611,13725275285989217998
fusion8_bf,262144,12,130.0171,13725275285989217998
fusion8_bf,262144,13,132.5195,13725275285989217998
fusion8_bf,262144,14,129.8691,13725275285989217998
fusion8_c,262144,0,154.8584,13725275285989217998
fusion8_c,262144,1,121.3974,13725275285989217998
fusion8_c,262144,2,120.3232,13725275285989217998
fusion8_c,262144,3,119.6243,13725275285989217998
fusion8_c,262144,4,121.6980,13725275285989217998
fusion8_c,262144,5,120.6619,13725275285989217998
fusion8_c,262144,6,120.4941,13725275285989217998
fusion8_c,262144,7,119.7342,13725275285989217998
fusion8_c,262144,8,119.9158,13725275285989217998
fusion8_c,262144,9,120.5780,13725275285989217998
fusion8_c,262144,10,120.0912,13725275285989217998
fusion8_c,262144,11,120.0089,13725275285989217998
fusion8_c,262144,12,120.0974,13725275285989217998
fusion8_c,262144,13,119.5831,13725275285989217998
fusion8_c,262144,14,120.6650,13725275285989217998
fusion16_w,262144,0,200.3036,13725275285989217998
fusion16_w,262144,1,144.2993,13725275285989217998
fusion16_w,262144,2,138.9496,13725275285989217998
fusion16_w,262144,3,139.4592,13725275285989217998
fusion16_w,262144,4,139.7034,13725275285989217998
fusion16_w,262144,5,140.7913,13725275285989217998
fusion16_w,262144,6,140.8768,13725275285989217998
fusion16_w,262144,7,140.0192,13725275285989217998
fusion16_w,262144,8,139.5203,13725275285989217998
fusion16_w,262144,9,142.8391,13725275285989217998
fusion16_w,262144,10,140.8783,13725275285989217998
fusion16_w,262144,11,141.8610,13725275285989217998
fusion16_w,262144,12,139.1373,13725275285989217998
fusion16_w,262144,13,139.4882,13725275285989217998
fusion16_w,262144,14,141.8350,13725275285989217998
sorted_array,524288,0,122.2031,8525115047326029414
sorted_array,524288,1,107.0694,8525115047326029414
sorted_array,524288,2,106.1935,8525115047326029414
sorted_array,524288,3,105.9387,8525115047326029414
sorted_array,524288,4,106.4407,8525115047326029414
sorted_array,524288,5,106.0455,8525115047326029414
sorted_array,524288,6,107.2540,8525115047326029414
sorted_array,524288,7,105.9189,8525115047326029414
sorted_array,524288,8,106.3232,8525115047326029414
sorted_array,524288,9,105.4764,8525115047326029414
sorted_array,524288,10,106.6849,8525115047326029414
sorted_array,524288,11,106.2271,8525115047326029414
sorted_array,524288,12,106.0349,8525115047326029414
sorted_array,524288,13,105.7449,8525115047326029414
sorted_array,524288,14,105.7373,8525115047326029414
btree8,524288,0,93.8034,8525115047326029414
btree8,524288,1,74.2126,8525115047326029414
btree8,524288,2,73.4161,8525115047326029414
btree8,524288,3,73.8312,8525115047326029414
btree8,524288,4,73.4024,8525115047326029414
btree8,524288,5,73.4573,8525115047326029414
btree8,524288,6,73.6282,8525115047326029414
btree8,524288,7,74.8184,8525115047326029414
btree8,524288,8,74.0921,8525115047326029414
btree8,524288,9,73.3566,8525115047326029414
btree8,524288,10,73.7198,8525115047326029414
btree8,524288,11,73.1247,8525115047326029414
btree8,524288,12,73.6160,8525115047326029414
btree8,524288,13,73.6374,8525115047326029414
btree8,524288,14,75.0992,8525115047326029414
btree8_bl,524288,0,111.8408,8525115047326029414
btree8_bl,524288,1,65.9027,8525115047326029414
btree8_bl,524288,2,65.4953,8525115047326029414
btree8_bl,524288,3,66.8167,8525115047326029414
btree8_bl,524288,4,65.8646,8525115047326029414
btree8_bl,524288,5,65.9256,8525115047326029414
btree8_bl,524288,6,65.5579,8525115047326029414
btree8_bl,524288,7,65.6723,8525115047326029414
btree8_bl,524288,8,66.0522,8525115047326029414
btree8_bl,524288,9,72.8531,8525115047326029414
btree8_bl,524288,10,66.9891,8525115047326029414
btree8_bl,524288,11,65.7455,8525115047326029414
btree8_bl,524288,12,65.9332,8525115047326029414
btree8_bl,524288,13,65.6113,8525115047326029414
btree8_bl,524288,14,65.9393,8525115047326029414
btree8_a64,524288,0,106.3110,8525115047326029414
btree8_a64,524288,1,74.0524,8525115047326029414
btree8_a64,524288,2,73.3322,8525115047326029414
btree8_a64,524288,3,73.4436,8525115047326029414
btree8_a64,524288,4,73.1155,8525115047326029414
btree8_a64,524288,5,73.1888,8525115047326029414
btree8_a64,524288,6,73.2224,8525115047326029414
btree8_a64,524288,7,74.0601,8525115047326029414
btree8_a64,524288,8,72.8638,8525115047326029414
btree8_a64,524288,9,72.9523,8525115047326029414
btree8_a64,524288,10,73.3444,8525115047326029414
btree8_a64,524288,11,72.9324,8525115047326029414
btree8_a64,524288,12,73.0270,8525115047326029414
btree8_a64,524288,13,73.0606,8525115047326029414
btree8_a64,524288,14,73.8327,8525115047326029414
btree8_bl_a64,524288,0,129.4815,8525115047326029414
btree8_bl_a64,524288,1,63.1393,8525115047326029414
btree8_bl_a64,524288,2,62.5244,8525115047326029414
btree8_bl_a64,524288,3,62.5061,8525115047326029414
btree8_bl_a64,524288,4,62.6068,8525115047326029414
btree8_bl_a64,524288,5,64.0411,8525115047326029414
btree8_bl_a64,524288,6,62.3459,8525115047326029414
btree8_bl_a64,524288,7,62.1918,8525115047326029414
btree8_bl_a64,524288,8,62.1582,8525115047326029414
btree8_bl_a64,524288,9,62.2345,8525115047326029414
btree8_bl_a64,524288,10,62.1307,8525115047326029414
btree8_bl_a64,524288,11,62.9623,8525115047326029414
btree8_bl_a64,524288,12,62.4741,8525115047326029414
btree8_bl_a64,524288,13,62.3566,8525115047326029414
btree8_bl_a64,524288,14,61.9293,8525115047326029414
btree16_bl_a64,524288,0,163.1287,8525115047326029414
btree16_bl_a64,524288,1,84.7214,8525115047326029414
btree16_bl_a64,524288,2,80.6122,8525115047326029414
btree16_bl_a64,524288,3,82.8140,8525115047326029414
btree16_bl_a64,524288,4,85.7697,8525115047326029414
btree16_bl_a64,524288,5,80.6015,8525115047326029414
btree16_bl_a64,524288,6,81.5201,8525115047326029414
btree16_bl_a64,524288,7,81.3614,8525115047326029414
btree16_bl_a64,524288,8,80.3421,8525115047326029414
btree16_bl_a64,524288,9,83.1940,8525115047326029414
btree16_bl_a64,524288,10,82.7164,8525115047326029414
btree16_bl_a64,524288,11,80.6381,8525115047326029414
btree16_bl_a64,524288,12,81.1172,8525115047326029414
btree16_bl_a64,524288,13,81.4896,8525115047326029414
btree16_bl_a64,524288,14,80.3619,8525115047326029414
fusion8,524288,0,163.7512,8525115047326029414
fusion8,524288,1,122.2916,8525115047326029414
fusion8,524288,2,121.9467,8525115047326029414
fusion8,524288,3,123.5916,8525115047326029414
fusion8,524288,4,122.2626,8525115047326029414
fusion8,524288,5,122.6913,8525115047326029414
fusion8,524288,6,123.8937,8525115047326029414
fusion8,524288,7,122.7921,8525115047326029414
fusion8,524288,8,123.1445,8525115047326029414
fusion8,524288,9,123.3841,8525115047326029414
fusion8,524288,10,122.6547,8525115047326029414
fusion8,524288,11,122.6395,8525115047326029414
fusion8,524288,12,122.5739,8525115047326029414
fusion8,524288,13,123.5855,8525115047326029414
fusion8,524288,14,124.2233,8525115047326029414
fusion8_bf,524288,0,174.7147,8525115047326029414
fusion8_bf,524288,1,134.4666,8525115047326029414
fusion8_bf,524288,2,133.8715,8525115047326029414
fusion8_bf,524288,3,133.2062,8525115047326029414
fusion8_bf,524288,4,133.2291,8525115047326029414
fusion8_bf,524288,5,134.3140,8525115047326029414
fusion8_bf,524288,6,136.7096,8525115047326029414
fusion8_bf,524288,7,134.0775,8525115047326029414
fusion8_bf,524288,8,137.1521,8525115047326029414
fusion8_bf,524288,9,134.0683,8525115047326029414
fusion8_bf,524288,10,133.4442,8525115047326029414
fusion8_bf,524288,11,133.8013,8525115047326029414
fusion8_bf,524288,12,135.4584,8525115047326029414
fusion8_bf,524288,13,134.3887,8525115047326029414
fusion8_bf,524288,14,133.5571,8525115047326029414
fusion8_c,524288,0,165.5975,8525115047326029414
fusion8_c,524288,1,125.3067,8525115047326029414
fusion8_c,524288,2,123.1857,8525115047326029414
fusion8_c,524288,3,124.1531,8525115047326029414
fusion8_c,524288,4,123.1064,8525115047326029414
fusion8_c,524288,5,123.0377,8525115047326029414
fusion8_c,524288,6,122.9874,8525115047326029414
fusion8_c,524288,7,124.1730,8525115047326029414
fusion8_c,524288,8,122.9172,8525115047326029414
fusion8_c,524288,9,122.0154,8525115047326029414
fusion8_c,524288,10,121.9559,8525115047326029414
fusion8_c,524288,11,124.9496,8525115047326029414
fusion8_c,524288,12,122.9568,8525115047326029414
fusion8_c,524288,13,122.0764,8525115047326029414
fusion8_c,524288,14,121.8124,8525115047326029414
fusion16_w,524288,0,238.5529,8525115047326029414
fusion16_w,524288,1,156.0944,8525115047326029414
fusion16_w,524288,2,151.9150,8525115047326029414
fusion16_w,524288,3,151.8982,8525115047326029414
fusion16_w,524288,4,158.2397,8525115047326029414
fusion16_w,524288,5,155.7465,8525115047326029414
fusion16_w,524288,6,151.6571,8525115047326029414
fusion16_w,524288,7,150.1144,8525115047326029414
fusion16_w,524288,8,151.0422,8525115047326029414
fusion16_w,524288,9,153.6896,8525115047326029414
fusion16_w,524288,10,152.0386,8525115047326029414
fusion16_w,524288,11,159.6283,8525115047326029414
fusion16_w,524288,12,151.8814,8525115047326029414
fusion16_w,524288,13,150.7721,8525115047326029414
fusion16_w,524288,14,172.0779,8525115047326029414
sorted_array,1048576,0,204.0817,9971055575563239174
sorted_array,1048576,1,168.8843,9971055575563239174
sorted_array,1048576,2,170.1019,9971055575563239174
sorted_array,1048576,3,168.3853,9971055575563239174
sorted_array,1048576,4,170.3140,9971055575563239174
sorted_array,1048576,5,168.3929,9971055575563239174
sorted_array,1048576,6,170.1813,9971055575563239174
sorted_array,1048576,7,169.0399,9971055575563239174
sorted_array,1048576,8,169.4992,9971055575563239174
sorted_array,1048576,9,170.7764,9971055575563239174
sorted_array,1048576,10,168.3807,9971055575563239174
sorted_array,1048576,11,169.2856,9971055575563239174
sorted_array,1048576,12,168.6325,9971055575563239174
sorted_array,1048576,13,169.0857,9971055575563239174
sorted_array,1048576,14,168.6371,9971055575563239174
btree8,1048576,0,243.9941,9971055575563239174
btree8,1048576,1,202.5131,9971055575563239174
btree8,1048576,2,174.5605,9971055575563239174
btree8,1048576,3,155.7373,9971055575563239174
btree8,1048576,4,159.5764,9971055575563239174
btree8,1048576,5,159.7931,9971055575563239174
btree8,1048576,6,161.6013,9971055575563239174
btree8,1048576,7,184.9503,9971055575563239174
btree8,1048576,8,172.6349,9971055575563239174
btree8,1048576,9,166.7831,9971055575563239174
btree8,1048576,10,164.3341,9971055575563239174
btree8,1048576,11,162.0224,9971055575563239174
btree8,1048576,12,165.8554,9971055575563239174
btree8,1048576,13,163.1332,9971055575563239174
btree8,1048576,14,165.6281,9971055575563239174
btree8_bl,1048576,0,223.5229,9971055575563239174
btree8_bl,1048576,1,146.0983,9971055575563239174
btree8_bl,1048576,2,137.7319,9971055575563239174
btree8_bl,1048576,3,134.6756,9971055575563239174
btree8_bl,1048576,4,137.6877,9971055575563239174
btree8_bl,1048576,5,142.7597,9971055575563239174
btree8_bl,1048576,6,137.6999,9971055575563239174
btree8_bl,1048576,7,147.5922,9971055575563239174
btree8_bl,1048576,8,137.9944,9971055575563239174
btree8_bl,1048576,9,140.7440,9971055575563239174
btree8_bl,1048576,10,132.3853,9971055575563239174
btree8_bl,1048576,11,129.1870,9971055575563239174
btree8_bl,1048576,12,146.6553,9971055575563239174
btree8_bl,1048576,13,137.3169,9971055575563239174
btree8_bl,1048576,14,151.6907,9971055575563239174
btree8_a64,1048576,0,246.2509,9971055575563239174
btree8_a64,1048576,1,159.0668,9971055575563239174
btree8_a64,1048576,2,152.3056,9971055575563239174
btree8_a64,1048576,3,165.6418,9971055575563239174
btree8_a64,1048576,4,154.7211,9971055575563239174
btree8_a64,1048576,5,163.4872,9971055575563239174
btree8_a64,1048576,6,161.4838,9971055575563239174
btree8_a64,1048576,7,172.4411,9971055575563239174
btree8_a64,1048576,8,183.5327,9971055575563239174
btree8_a64,1048576,9,162.6144,9971055575563239174
btree8_a64,1048576,10,168.8110,9971055575563239174
btree8_a64,1048576,11,162.5320,9971055575563239174
btree8_a64,1048576,12,160.5865,9971055575563239174
btree8_a64,1048576,13,158.2886,9971055575563239174
btree8_a64,1048576,14,158.5617,9971055575563239174
btree8_bl_a64,1048576,0,207.9681,9971055575563239174
btree8_bl_a64,1048576,1,126.3351,9971055575563239174
btree8_bl_a64,1048576,2,116.1438,9971055575563239174
btree8_bl_a64,1048576,3,116.9846,9971055575563239174
btree8_bl_a64,1048576,4,117.6407,9971055575563239174
btree8_bl_a64,1048576,5,123.3719,9971055575563239174
btree8_bl_a64,1048576,6,114.6561,9971055575563239174
btree8_bl_a64,1048576,7,124.2767,9971055575563239174
btree8_bl_a64,1048576,8,124.6567,9971055575563239174
btree8_bl_a64,1048576,9,116.0172,9971055575563239174
btree8_bl_a64,1048576,10,117.7734,9971055575563239174
btree8_bl_a64,1048576,11,120.3094,9971055575563239174
btree8_bl_a64,1048576,12,117.2394,9971055575563239174
btree8_bl_a64,1048576,13,132.7499,9971055575563239174
btree8_bl_a64,1048576,14,120.7291,9971055575563239174
btree16_bl_a64,1048576,0,154.9194,9971055575563239174
btree16_bl_a64,1048576,1,83.7753,9971055575563239174
btree16_bl_a64,1048576,2,78.1784,9971055575563239174
btree16_bl_a64,1048576,3,78.6514,9971055575563239174
btree16_bl_a64,1048576,4,79.0085,9971055575563239174
btree16_bl_a64,1048576,5,82.2906,9971055575563239174
btree16_bl_a64,1048576,6,79.3304,9971055575563239174
btree16_bl_a64,1048576,7,78.8239,9971055575563239174
btree16_bl_a64,1048576,8,84.8160,9971055575563239174
btree16_bl_a64,1048576,9,80.8472,9971055575563239174
btree16_bl_a64,1048576,10,79.6753,9971055575563239174
btree16_bl_a64,1048576,11,83.3084,9971055575563239174
btree16_bl_a64,1048576,12,80.2689,9971055575563239174
btree16_bl_a64,1048576,13,81.7032,9971055575563239174
btree16_bl_a64,1048576,14,81.4651,9971055575563239174
fusion8,1048576,0,323.6328,9971055575563239174
fusion8,1048576,1,255.7343,9971055575563239174
fusion8,1048576,2,252.5055,9971055575563239174
fusion8,1048576,3,265.9683,9971055575563239174
fusion8,1048576,4,268.4204,9971055575563239174
fusion8,1048576,5,241.6397,9971055575563239174
fusion8,1048576,6,247.4701,9971055575563239174
fusion8,1048576,7,258.4488,9971055575563239174
fusion8,1048576,8,262.1231,9971055575563239174
fusion8,1048576,9,266.0812,9971055575563239174
fusion8,1048576,10,254.2816,9971055575563239174
fusion8,1048576,11,252.1973,9971055575563239174
fusion8,1048576,12,250.6454,9971055575563239174
fusion8,1048576,13,257.1640,9971055575563239174
fusion8,1048576,14,255.1743,9971055575563239174
fusion8_bf,1048576,0,336.7218,9971055575563239174
fusion8_bf,1048576,1,265.0879,9971055575563239174
fusion8_bf,1048576,2,265.2969,9971055575563239174
fusion8_bf,1048576,3,255.8472,9971055575563239174
fusion8_bf,1048576,4,275.0000,9971055575563239174
fusion8_bf,1048576,5,287.9135,9971055575563239174
fusion8_bf,1048576,6,262.5992,9971055575563239174
fusion8_bf,1048576,7,253.6026,9971055575563239174
fusion8_bf,1048576,8,277.3193,9971055575563239174
fusion8_bf,1048576,9,259.2712,9971055575563239174
fusion8_bf,1048576,10,264.7873,9971055575563239174
fusion8_bf,1048576,11,269.0079,9971055575563239174
fusion8_bf,1048576,12,264.1434,9971055575563239174
fusion8_bf,1048576,13,259.4513,9971055575563239174
fusion8_bf,1048576,14,271.7239,9971055575563239174
fusion8_c,1048576,0,304.7272,9971055575563239174
fusion8_c,1048576,1,221.7285,9971055575563239174
fusion8_c,1048576,2,224.0433,9971055575563239174
fusion8_c,1048576,3,225.8224,9971055575563239174
fusion8_c,1048576,4,218.0435,9971055575563239174
fusion8_c,1048576,5,222.2565,9971055575563239174
fusion8_c,1048576,6,225.0626,9971055575563239174
fusion8_c,1048576,7,225.0885,9971055575563239174
fusion8_c,1048576,8,224.5865,9971055575563239174
fusion8_c,1048576,9,220.7092,9971055575563239174
fusion8_c,1048576,10,224.6536,9971055575563239174
fusion8_c,1048576,11,219.5496,9971055575563239174
fusion8_c,1048576,12,220.2484,9971055575563239174
fusion8_c,1048576,13,215.8478,9971055575563239174
fusion8_c,1048576,14,224.9146,9971055575563239174
fusion16_w,1048576,0,216.7755,9971055575563239174
fusion16_w,1048576,1,160.8795,9971055575563239174
fusion16_w,1048576,2,157.6309,9971055575563239174
fusion16_w,1048576,3,158.7280,9971055575563239174
fusion16_w,1048576,4,159.8083,9971055575563239174
fusion16_w,1048576,5,157.4814,9971055575563239174
fusion16_w,1048576,6,158.2138,9971055575563239174
fusion16_w,1048576,7,158.9096,9971055575563239174
fusion16_w,1048576,8,159.9060,9971055575563239174
fusion16_w,1048576,9,157.1869,9971055575563239174
fusion16_w,1048576,10,157.6462,9971055575563239174
fusion16_w,1048576,11,155.8563,9971055575563239174
fusion16_w,1048576,12,156.2103,9971055575563239174
fusion16_w,1048576,13,165.9058,9971055575563239174
fusion16_w,1048576,14,160.0983,9971055575563239174
sorted_array,2097152,0,294.7968,360150140800640134
sorted_array,2097152,1,221.2753,360150140800640134
sorted_array,2097152,2,222.2397,360150140800640134
sorted_array,2097152,3,220.8420,360150140800640134
sorted_array,2097152,4,221.2814,360150140800640134
sorted_array,2097152,5,220.8557,360150140800640134
sorted_array,2097152,6,223.2483,360150140800640134
sorted_array,2097152,7,224.6918,360150140800640134
sorted_array,2097152,8,220.7779,360150140800640134
sorted_array,2097152,9,223.4314,360150140800640134
sorted_array,2097152,10,221.0022,360150140800640134
sorted_array,2097152,11,222.6822,360150140800640134
sorted_array,2097152,12,227.1820,360150140800640134
sorted_array,2097152,13,222.6608,360150140800640134
sorted_array,2097152,14,222.3541,360150140800640134
btree8,2097152,0,264.2532,360150140800640134
btree8,2097152,1,175.5188,360150140800640134
btree8,2097152,2,183.0048,360150140800640134
btree8,2097152,3,192.3325,360150140800640134
btree8,2097152,4,177.7222,360150140800640134
btree8,2097152,5,172.4884,360150140800640134
btree8,2097152,6,165.4312,360150140800640134
btree8,2097152,7,174.0768,360150140800640134
btree8,2097152,8,171.1105,360150140800640134
btree8,2097152,9,172.0657,360150140800640134
btree8,2097152,10,179.4998,360150140800640134
btree8,2097152,11,179.4952,360150140800640134
btree8,2097152,12,173.9410,360150140800640134
btree8,2097152,13,163.3179,360150140800640134
btree8,2097152,14,172.9645,360150140800640134
btree8_bl,2097152,0,273.0499,360150140800640134
btree8_bl,2097152,1,162.5198,360150140800640134
btree8_bl,2097152,2,151.4389,360150140800640134
btree8_bl,2097152,3,155.1285,360150140800640134
btree8_bl,2097152,4,151.4389,360150140800640134
btree8_bl,2097152,5,161.7126,360150140800640134
btree8_bl,2097152,6,169.5511,360150140800640134
btree8_bl,2097152,7,179.3945,360150140800640134
btree8_bl,2097152,8,221.0526,360150140800640134
btree8_bl,2097152,9,181.4758,360150140800640134
btree8_bl,2097152,10,167.4942,360150140800640134
btree8_bl,2097152,11,152.8976,360150140800640134
btree8_bl,2097152,12,148.2620,360150140800640134
btree8_bl,2097152,13,176.2299,360150140800640134
btree8_bl,2097152,14,161.8225,360150140800640134
btree8_a64,2097152,0,251.6098,360150140800640134
btree8_a64,2097152,1,175.0076,360150140800640134
btree8_a64,2097152,2,167.3416,360150140800640134
btree8_a64,2097152,3,178.6499,360150140800640134
btree8_a64,2097152,4,176.4282,360150140800640134
btree8_a64,2097152,5,174.7543,360150140800640134
btree8_a64,2097152,6,175.5997,360150140800640134
btree8_a64,2097152,7,176.5472,360150140800640134
btree8_a64,2097152,8,171.5149,360150140800640134
btree8_a64,2097152,9,173.2193,360150140800640134
btree8_a64,2097152,10,171.7102,360150140800640134
btree8_a64,2097152,11,179.6539,360150140800640134
btree8_a64,2097152,12,178.9444,360150140800640134
btree8_a64,2097152,13,175.7477,360150140800640134
btree8_a64,2097152,14,168.0847,360150140800640134
btree8_bl_a64,2097152,0,262.0483,360150140800640134
btree8_bl_a64,2097152,1,162.1353,360150140800640134
btree8_bl_a64,2097152,2,142.3370,360150140800640134
btree8_bl_a64,2097152,3,128.3035,360150140800640134
btree8_bl_a64,2097152,4,132.4936,360150140800640134
btree8_bl_a64,2097152,5,130.5649,360150140800640134
btree8_bl_a64,2097152,6,123.8846,360150140800640134
btree8_bl_a64,2097152,7,123.1735,360150140800640134
btree8_bl_a64,2097152,8,119.7800,360150140800640134
btree8_bl_a64,2097152,9,142.9123,360150140800640134
btree8_bl_a64,2097152,10,126.1566,360150140800640134
btree8_bl_a64,2097152,11,144.4214,360150140800640134
btree8_bl_a64,2097152,12,139.8849,360150140800640134
btree8_bl_a64,2097152,13,131.9672,360150140800640134
btree8_bl_a64,2097152,14,123.1567,360150140800640134
btree16_bl_a64,2097152,0,237.0300,360150140800640134
btree16_bl_a64,2097152,1,179.2648,360150140800640134
btree16_bl_a64,2097152,2,171.5958,360150140800640134
btree16_bl_a64,2097152,3,169.6777,360150140800640134
btree16_bl_a64,2097152,4,173.7747,360150140800640134
btree16_bl_a64,2097152,5,178.5370,360150140800640134
btree16_bl_a64,2097152,6,186.8423,360150140800640134
btree16_bl_a64,2097152,7,176.3412,360150140800640134
btree16_bl_a64,2097152,8,171.5729,360150140800640134
btree16_bl_a64,2097152,9,181.4484,360150140800640134
btree16_bl_a64,2097152,10,180.9402,360150140800640134
btree16_bl_a64,2097152,11,174.1684,360150140800640134
btree16_bl_a64,2097152,12,176.0605,360150140800640134
btree16_bl_a64,2097152,13,179.1550,360150140800640134
btree16_bl_a64,2097152,14,179.4144,360150140800640134
fusion8,2097152,0,345.1035,360150140800640134
fusion8,2097152,1,273.7793,360150140800640134
fusion8,2097152,2,281.6620,360150140800640134
fusion8,2097152,3,281.6406,360150140800640134
fusion8,2097152,4,277.5543,360150140800640134
fusion8,2097152,5,282.7942,360150140800640134
fusion8,2097152,6,287.0453,360150140800640134
fusion8,2097152,7,291.6733,360150140800640134
fusion8,2097152,8,279.6097,360150140800640134
fusion8,2097152,9,276.5442,360150140800640134
fusion8,2097152,10,294.2017,360150140800640134
fusion8,2097152,11,288.7131,360150140800640134
fusion8,2097152,12,273.7305,360150140800640134
fusion8,2097152,13,281.4468,360150140800640134
fusion8,2097152,14,275.5463,360150140800640134
fusion8_bf,2097152,0,348.6481,360150140800640134
fusion8_bf,2097152,1,283.5754,360150140800640134
fusion8_bf,2097152,2,269.0628,360150140800640134
fusion8_bf,2097152,3,280.7404,360150140800640134
fusion8_bf,2097152,4,286.0107,360150140800640134
fusion8_bf,2097152,5,280.7419,360150140800640134
fusion8_bf,2097152,6,288.5345,360150140800640134
fusion8_bf,2097152,7,288.2233,360150140800640134
fusion8_bf,2097152,8,313.9587,360150140800640134
fusion8_bf,2097152,9,305.6000,360150140800640134
fusion8_bf,2097152,10,288.3270,360150140800640134
fusion8_bf,2097152,11,298.1415,360150140800640134
fusion8_bf,2097152,12,293.3762,360150140800640134
fusion8_bf,2097152,13,288.3041,360150140800640134
fusion8_bf,2097152,14,301.2558,360150140800640134
fusion8_c,2097152,0,324.4278,360150140800640134
fusion8_c,2097152,1,232.3685,360150140800640134
fusion8_c,2097152,2,231.1081,360150140800640134
fusion8_c,2097152,3,234.1476,360150140800640134
fusion8_c,2097152,4,238.6948,360150140800640134
fusion8_c,2097152,5,245.7489,360150140800640134
fusion8_c,2097152,6,232.3563,360150140800640134
fusion8_c,2097152,7,234.7504,360150140800640134
fusion8_c,2097152,8,241.4566,360150140800640134
fusion8_c,2097152,9,235.6445,360150140800640134
fusion8_c,2097152,10,235.5774,360150140800640134
fusion8_c,2097152,11,237.3810,360150140800640134
fusion8_c,2097152,12,231.1371,360150140800640134
fusion8_c,2097152,13,240.8493,360150140800640134
fusion8_c,2097152,14,233.8791,360150140800640134
fusion16_w,2097152,0,316.9067,360150140800640134
fusion16_w,2097152,1,257.9971,360150140800640134
fusion16_w,2097152,2,248.9838,360150140800640134
fusion16_w,2097152,3,244.8746,360150140800640134
fusion16_w,2097152,4,264.9857,360150140800640134
fusion16_w,2097152,5,259.9548,360150140800640134
fusion16_w,2097152,6,260.9360,360150140800640134
fusion16_w,2097152,7,264.3021,360150140800640134
fusion16_w,2097152,8,272.1283,360150140800640134
fusion16_w,2097152,9,262.8616,360150140800640134
fusion16_w,2097152,10,257.4005,360150140800640134
fusion16_w,2097152,11,265.6265,360150140800640134
fusion16_w,2097152,12,259.3399,360150140800640134
fusion16_w,2097152,13,248.4390,360150140800640134
fusion16_w,2097152,14,261.9064,360150140800640134
sorted_array,4194304,0,495.6284,13987696726093534327
sorted_array,4194304,1,406.6544,13987696726093534327
sorted_array,4194304,2,410.3058,13987696726093534327
sorted_array,4194304,3,411.3892,13987696726093534327
sorted_array,4194304,4,412.4557,13987696726093534327
sorted_array,4194304,5,415.1688,13987696726093534327
sorted_array,4194304,6,415.9378,13987696726093534327
sorted_array,4194304,7,416.2582,13987696726093534327
sorted_array,4194304,8,411.6501,13987696726093534327
sorted_array,4194304,9,409.1003,13987696726093534327
sorted_array,4194304,10,529.2908,13987696726093534327
sorted_array,4194304,11,415.2390,13987696726093534327
sorted_array,4194304,12,415.4327,13987696726093534327
sorted_array,4194304,13,408.6685,13987696726093534327
sorted_array,4194304,14,405.3619,13987696726093534327
btree8,4194304,0,256.4209,13987696726093534327
btree8,4194304,1,185.5804,13987696726093534327
btree8,4194304,2,181.0181,13987696726093534327
btree8,4194304,3,179.2038,13987696726093534327
btree8,4194304,4,192.0609,13987696726093534327
btree8,4194304,5,190.5960,13987696726093534327
btree8,4194304,6,180.5206,13987696726093534327
btree8,4194304,7,180.8990,13987696726093534327
btree8,4194304,8,176.6235,13987696726093534327
btree8,4194304,9,180.3665,13987696726093534327
btree8,4194304,10,184.0897,13987696726093534327
btree8,4194304,11,181.6437,13987696726093534327
btree8,4194304,12,180.3986,13987696726093534327
btree8,4194304,13,183.3420,13987696726093534327
btree8,4194304,14,182.2617,13987696726093534327
btree8_bl,4194304,0,276.7807,13987696726093534327
btree8_bl,4194304,1,172.3801,13987696726093534327
btree8_bl,4194304,2,156.2408,13987696726093534327
btree8_bl,4194304,3,161.5417,13987696726093534327
btree8_bl,4194304,4,194.9554,13987696726093534327
btree8_bl,4194304,5,233.7448,13987696726093534327
btree8_bl,4194304,6,224.5834,13987696726093534327
btree8_bl,4194304,7,165.8508,13987696726093534327
btree8_bl,4194304,8,186.8576,13987696726093534327
btree8_bl,4194304,9,166.4200,13987696726093534327
btree8_bl,4194304,10,146.2021,13987696726093534327
btree8_bl,4194304,11,152.7954,13987696726093534327
btree8_bl,4194304,12,168.0923,13987696726093534327
btree8_bl,4194304,13,154.5776,13987696726093534327
btree8_bl,4194304,14,163.1775,13987696726093534327
btree8_a64,4194304,0,255.9982,13987696726093534327
btree8_a64,4194304,1,186.4410,13987696726093534327
btree8_a64,4194304,2,180.5878,13987696726093534327
btree8_a64,4194304,3,163.1775,13987696726093534327
btree8_a64,4194304,4,172.1420,13987696726093534327
btree8_a64,4194304,5,182.5668,13987696726093534327
btree8_a64,4194304,6,182.0068,13987696726093534327
btree8_a64,4194304,7,171.7453,13987696726093534327
btree8_a64,4194304,8,177.1698,13987696726093534327
btree8_a64,4194304,9,175.0977,13987696726093534327
btree8_a64,4194304,10,174.0677,13987696726093534327
btree8_a64,4194304,11,188.3987,13987696726093534327
btree8_a64,4194304,12,181.9092,13987696726093534327
btree8_a64,4194304,13,172.7676,13987696726093534327
btree8_a64,4194304,14,183.3313,13987696726093534327
btree8_bl_a64,4194304,0,267.5323,13987696726093534327
btree8_bl_a64,4194304,1,155.8853,13987696726093534327
btree8_bl_a64,4194304,2,143.7042,13987696726093534327
btree8_bl_a64,4194304,3,124.2859,13987696726093534327
btree8_bl_a64,4194304,4,118.1412,13987696726093534327
btree8_bl_a64,4194304,5,122.5708,13987696726093534327
btree8_bl_a64,4194304,6,136.3510,13987696726093534327
btree8_bl_a64,4194304,7,123.7259,13987696726093534327
btree8_bl_a64,4194304,8,133.3710,13987696726093534327
btree8_bl_a64,4194304,9,136.2564,13987696726093534327
btree8_bl_a64,4194304,10,149.5056,13987696726093534327
btree8_bl_a64,4194304,11,131.2393,13987696726093534327
btree8_bl_a64,4194304,12,129.7668,13987696726093534327
btree8_bl_a64,4194304,13,139.6851,13987696726093534327
btree8_bl_a64,4194304,14,133.9493,13987696726093534327
btree16_bl_a64,4194304,0,317.6086,13987696726093534327
btree16_bl_a64,4194304,1,264.4852,13987696726093534327
btree16_bl_a64,4194304,2,258.3130,13987696726093534327
btree16_bl_a64,4194304,3,262.6205,13987696726093534327
btree16_bl_a64,4194304,4,264.3509,13987696726093534327
btree16_bl_a64,4194304,5,269.4504,13987696726093534327
btree16_bl_a64,4194304,6,272.2137,13987696726093534327
btree16_bl_a64,4194304,7,265.5884,13987696726093534327
btree16_bl_a64,4194304,8,266.7496,13987696726093534327
btree16_bl_a64,4194304,9,266.0217,13987696726093534327
btree16_bl_a64,4194304,10,266.0583,13987696726093534327
btree16_bl_a64,4194304,11,269.7311,13987696726093534327
btree16_bl_a64,4194304,12,270.6268,13987696726093534327
btree16_bl_a64,4194304,13,253.4332,13987696726093534327
btree16_bl_a64,4194304,14,261.0382,13987696726093534327
fusion8,4194304,0,350.5615,13987696726093534327
fusion8,4194304,1,282.6401,13987696726093534327
fusion8,4194304,2,272.0108,13987696726093534327
fusion8,4194304,3,273.6053,13987696726093534327
fusion8,4194304,4,266.4993,13987696726093534327
fusion8,4194304,5,286.5082,13987696726093534327
fusion8,4194304,6,297.6562,13987696726093534327
fusion8,4194304,7,284.1202,13987696726093534327
fusion8,4194304,8,279.2145,13987696726093534327
fusion8,4194304,9,280.9692,13987696726093534327
fusion8,4194304,10,284.4650,13987696726093534327
fusion8,4194304,11,284.6298,13987696726093534327
fusion8,4194304,12,282.3029,13987696726093534327
fusion8,4194304,13,279.9149,13987696726093534327
fusion8,4194304,14,290.3046,13987696726093534327
fusion8_bf,4194304,0,362.2681,13987696726093534327
fusion8_bf,4194304,1,305.6274,13987696726093534327
fusion8_bf,4194304,2,313.6871,13987696726093534327
fusion8_bf,4194304,3,319.7693,13987696726093534327
fusion8_bf,4194304,4,295.7275,13987696726093534327
fusion8_bf,4194304,5,291.4047,13987696726093534327
fusion8_bf,4194304,6,288.0875,13987696726093534327
fusion8_bf,4194304,7,296.9635,13987696726093534327
fusion8_bf,4194304,8,299.4080,13987696726093534327
fusion8_bf,4194304,9,294.4168,13987696726093534327
fusion8_bf,4194304,10,291.3101,13987696726093534327
fusion8_bf,4194304,11,303.2593,13987696726093534327
fusion8_bf,4194304,12,293.1839,13987696726093534327
fusion8_bf,4194304,13,293.1503,13987696726093534327
fusion8_bf,4194304,14,292.8452,13987696726093534327
fusion8_c,4194304,0,339.8575,13987696726093534327
fusion8_c,4194304,1,277.6642,13987696726093534327
fusion8_c,4194304,2,243.7759,13987696726093534327
fusion8_c,4194304,3,236.8256,13987696726093534327
fusion8_c,4194304,4,234.2392,13987696726093534327
fusion8_c,4194304,5,237.4496,13987696726093534327
fusion8_c,4194304,6,248.1812,13987696726093534327
fusion8_c,4194304,7,252.9099,13987696726093534327
fusion8_c,4194304,8,239.1556,13987696726093534327
fusion8_c,4194304,9,232.2067,13987696726093534327
fusion8_c,4194304,10,227.2888,13987696726093534327
fusion8_c,4194304,11,234.2407,13987696726093534327
fusion8_c,4194304,12,235.4797,13987696726093534327
fusion8_c,4194304,13,242.7338,13987696726093534327
fusion8_c,4194304,14,236.7142,13987696726093534327
fusion16_w,4194304,0,372.3251,13987696726093534327
fusion16_w,4194304,1,327.2934,13987696726093534327
fusion16_w,4194304,2,317.1951,13987696726093534327
fusion16_w,4194304,3,319.4672,13987696726093534327
fusion16_w,4194304,4,306.5567,13987696726093534327
fusion16_w,4194304,5,316.2506,13987696726093534327
fusion16_w,4194304,6,329.5609,13987696726093534327
fusion16_w,4194304,7,321.9025,13987696726093534327
fusion16_w,4194304,8,320.7413,13987696726093534327
fusion16_w,4194304,9,316.7175,13987696726093534327
fusion16_w,4194304,10,308.3221,13987696726093534327
fusion16_w,4194304,11,305.9830,13987696726093534327
fusion16_w,4194304,12,301.3901,13987696726093534327
fusion16_w,4194304,13,328.5126,13987696726093534327
fusion16_w,4194304,14,332.5806,13987696726093534327
sorted_array,8388608,0,882.8354,14571906064232911788
sorted_array,8388608,1,1094.9951,14571906064232911788
sorted_array,8388608,2,870.4941,14571906064232911788
sorted_array,8388608,3,860.8490,14571906064232911788
sorted_array,8388608,4,859.7931,14571906064232911788
sorted_array,8388608,5,855.9158,14571906064232911788
sorted_array,8388608,6,858.6823,14571906064232911788
sorted_array,8388608,7,857.9498,14571906064232911788
sorted_array,8388608,8,848.4238,14571906064232911788
sorted_array,8388608,9,858.3496,14571906064232911788
sorted_array,8388608,10,865.4114,14571906064232911788
sorted_array,8388608,11,875.4501,14571906064232911788
sorted_array,8388608,12,869.9448,14571906064232911788
sorted_array,8388608,13,863.0936,14571906064232911788
sorted_array,8388608,14,871.2616,14571906064232911788
btree8,8388608,0,404.4952,14571906064232911788
btree8,8388608,1,356.6422,14571906064232911788
btree8,8388608,2,355.4855,14571906064232911788
btree8,8388608,3,352.6932,14571906064232911788
btree8,8388608,4,351.9028,14571906064232911788
btree8,8388608,5,350.3784,14571906064232911788
btree8,8388608,6,338.0417,14571906064232911788
btree8,8388608,7,352.0752,14571906064232911788
btree8,8388608,8,357.7606,14571906064232911788
btree8,8388608,9,349.8276,14571906064232911788
btree8,8388608,10,353.4561,14571906064232911788
btree8,8388608,11,354.0787,14571906064232911788
btree8,8388608,12,340.4510,14571906064232911788
btree8,8388608,13,347.1558,14571906064232911788
btree8,8388608,14,352.0844,14571906064232911788
btree8_bl,8388608,0,390.7196,14571906064232911788
btree8_bl,8388608,1,324.3774,14571906064232911788
btree8_bl,8388608,2,328.4225,14571906064232911788
btree8_bl,8388608,3,330.1880,14571906064232911788
btree8_bl,8388608,4,339.6225,14571906064232911788
btree8_bl,8388608,5,333.1573,14571906064232911788
btree8_bl,8388608,6,339.3066,14571906064232911788
btree8_bl,8388608,7,341.7725,14571906064232911788
btree8_bl,8388608,8,342.0715,14571906064232911788
btree8_bl,8388608,9,337.6465,14571906064232911788
btree8_bl,8388608,10,314.7675,14571906064232911788
btree8_bl,8388608,11,294.9738,14571906064232911788
btree8_bl,8388608,12,327.7451,14571906064232911788
btree8_bl,8388608,13,340.8005,14571906064232911788
btree8_bl,8388608,14,330.5771,14571906064232911788
btree8_a64,8388608,0,406.5323,14571906064232911788
btree8_a64,8388608,1,350.7019,14571906064232911788
btree8_a64,8388608,2,350.6805,14571906064232911788
btree8_a64,8388608,3,352.6642,14571906064232911788
btree8_a64,8388608,4,353.6942,14571906064232911788
btree8_a64,8388608,5,348.3124,14571906064232911788
btree8_a64,8388608,6,353.3615,14571906064232911788
btree8_a64,8388608,7,350.4120,14571906064232911788
btree8_a64,8388608,8,346.4386,14571906064232911788
btree8_a64,8388608,9,342.5415,14571906064232911788
btree8_a64,8388608,10,340.2176,14571906064232911788
btree8_a64,8388608,11,352.0630,14571906064232911788
btree8_a64,8388608,12,358.9706,14571906064232911788
btree8_a64,8388608,13,353.9078,14571906064232911788
btree8_a64,8388608,14,321.1075,14571906064232911788
btree8_bl_a64,8388608,0,366.6733,14571906064232911788
btree8_bl_a64,8388608,1,278.2990,14571906064232911788
btree8_bl_a64,8388608,2,270.1172,14571906064232911788
btree8_bl_a64,8388608,3,301.5076,14571906064232911788
btree8_bl_a64,8388608,4,305.6854,14571906064232911788
btree8_bl_a64,8388608,5,307.2678,14571906064232911788
btree8_bl_a64,8388608,6,303.6163,14571906064232911788
btree8_bl_a64,8388608,7,305.7480,14571906064232911788
btree8_bl_a64,8388608,8,303.7567,14571906064232911788
btree8_bl_a64,8388608,9,313.1287,14571906064232911788
btree8_bl_a64,8388608,10,310.6934,14571906064232911788
btree8_bl_a64,8388608,11,305.9082,14571906064232911788
btree8_bl_a64,8388608,12,311.5311,14571906064232911788
btree8_bl_a64,8388608,13,311.6989,14571906064232911788
btree8_bl_a64,8388608,14,299.5621,14571906064232911788
btree16_bl_a64,8388608,0,348.0560,14571906064232911788
btree16_bl_a64,8388608,1,309.8846,14571906064232911788
btree16_bl_a64,8388608,2,286.6943,14571906064232911788
btree16_bl_a64,8388608,3,268.8217,14571906064232911788
btree16_bl_a64,8388608,4,270.6024,14571906064232911788
btree16_bl_a64,8388608,5,257.6309,14571906064232911788
btree16_bl_a64,8388608,6,265.1260,14571906064232911788
btree16_bl_a64,8388608,7,261.1954,14571906064232911788
btree16_bl_a64,8388608,8,275.2823,14571906064232911788
btree16_bl_a64,8388608,9,309.3369,14571906064232911788
btree16_bl_a64,8388608,10,304.9911,14571906064232911788
btree16_bl_a64,8388608,11,304.2648,14571906064232911788
btree16_bl_a64,8388608,12,306.1172,14571906064232911788
btree16_bl_a64,8388608,13,304.3762,14571906064232911788
btree16_bl_a64,8388608,14,308.6411,14571906064232911788
fusion8,8388608,0,520.0027,14571906064232911788
fusion8,8388608,1,441.2903,14571906064232911788
fusion8,8388608,2,462.3047,14571906064232911788
fusion8,8388608,3,472.4030,14571906064232911788
fusion8,8388608,4,473.2529,14571906064232911788
fusion8,8388608,5,475.0824,14571906064232911788
fusion8,8388608,6,470.6558,14571906064232911788
fusion8,8388608,7,477.5162,14571906064232911788
fusion8,8388608,8,470.9259,14571906064232911788
fusion8,8388608,9,480.4611,14571906064232911788
fusion8,8388608,10,469.6899,14571906064232911788
fusion8,8388608,11,474.7635,14571906064232911788
fusion8,8388608,12,481.7017,14571906064232911788
fusion8,8388608,13,468.1427,14571906064232911788
fusion8,8388608,14,468.6508,14571906064232911788
fusion8_bf,8388608,0,542.1234,14571906064232911788
fusion8_bf,8388608,1,489.4028,14571906064232911788
fusion8_bf,8388608,2,488.5162,14571906064232911788
fusion8_bf,8388608,3,488.0112,14571906064232911788
fusion8_bf,8388608,4,488.5590,14571906064232911788
fusion8_bf,8388608,5,492.2760,14571906064232911788
fusion8_bf,8388608,6,489.9963,14571906064232911788
fusion8_bf,8388608,7,487.6602,14571906064232911788
fusion8_bf,8388608,8,484.5367,14571906064232911788
fusion8_bf,8388608,9,488.3575,14571906064232911788
fusion8_bf,8388608,10,494.0155,14571906064232911788
fusion8_bf,8388608,11,488.4430,14571906064232911788
fusion8_bf,8388608,12,482.4234,14571906064232911788
fusion8_bf,8388608,13,487.3993,14571906064232911788
fusion8_bf,8388608,14,488.1943,14571906064232911788
fusion8_c,8388608,0,484.2560,14571906064232911788
fusion8_c,8388608,1,445.9946,14571906064232911788
fusion8_c,8388608,2,487.6968,14571906064232911788
fusion8_c,8388608,3,464.1068,14571906064232911788
fusion8_c,8388608,4,450.6119,14571906064232911788
fusion8_c,8388608,5,435.1227,14571906064232911788
fusion8_c,8388608,6,439.3982,14571906064232911788
fusion8_c,8388608,7,436.6241,14571906064232911788
fusion8_c,8388608,8,431.6315,14571906064232911788
fusion8_c,8388608,9,429.8233,14571906064232911788
fusion8_c,8388608,10,427.4460,14571906064232911788
fusion8_c,8388608,11,426.2939,14571906064232911788
fusion8_c,8388608,12,423.3459,14571906064232911788
fusion8_c,8388608,13,429.5654,14571906064232911788
fusion8_c,8388608,14,429.6509,14571906064232911788
fusion16_w,8388608,0,404.6722,14571906064232911788
fusion16_w,8388608,1,341.8396,14571906064232911788
fusion16_w,8388608,2,346.2875,14571906064232911788
fusion16_w,8388608,3,343.1213,14571906064232911788
fusion16_w,8388608,4,358.8043,14571906064232911788
fusion16_w,8388608,5,370.9412,14571906064232911788
fusion16_w,8388608,6,374.6094,14571906064232911788
fusion16_w,8388608,7,370.8862,14571906064232911788
fusion16_w,8388608,8,372.1542,14571906064232911788
fusion16_w,8388608,9,369.3604,14571906064232911788
fusion16_w,8388608,10,375.8423,14571906064232911788
fusion16_w,8388608,11,373.3490,14571906064232911788
fusion16_w,8388608,12,369.7800,14571906064232911788
fusion16_w,8388608,13,371.3730,14571906064232911788
fusion16_w,8388608,14,372.4426,14571906064232911788
sorted_array,16777216,0,1183.6670,762412688173254828
sorted_array,16777216,1,1343.1183,762412688173254828
sorted_array,16777216,2,1184.6756,762412688173254828
sorted_array,16777216,3,1161.0825,762412688173254828
sorted_array,16777216,4,1159.3002,762412688173254828
sorted_array,16777216,5,1163.5590,762412688173254828
sorted_array,16777216,6,1168.8370,762412688173254828
sorted_array,16777216,7,1161.0596,762412688173254828
sorted_array,16777216,8,1155.4153,762412688173254828
sorted_array,16777216,9,1157.1716,762412688173254828
sorted_array,16777216,10,1159.4833,762412688173254828
sorted_array,16777216,11,1171.2585,762412688173254828
sorted_array,16777216,12,1164.7644,762412688173254828
sorted_array,16777216,13,1159.0668,762412688173254828
sorted_array,16777216,14,1159.7351,762412688173254828
btree8,16777216,0,447.5082,762412688173254828
btree8,16777216,1,393.5013,762412688173254828
btree8,16777216,2,387.3962,762412688173254828
btree8,16777216,3,386.0870,762412688173254828
btree8,16777216,4,390.7486,762412688173254828
btree8,16777216,5,386.4868,762412688173254828
btree8,16777216,6,387.1033,762412688173254828
btree8,16777216,7,384.8907,762412688173254828
btree8,16777216,8,382.7805,762412688173254828
btree8,16777216,9,383.5693,762412688173254828
btree8,16777216,10,382.6599,762412688173254828
btree8,16777216,11,394.4504,762412688173254828
btree8,16777216,12,391.8991,762412688173254828
btree8,16777216,13,391.2308,762412688173254828
btree8,16777216,14,396.4767,762412688173254828
btree8_bl,16777216,0,460.7864,762412688173254828
btree8_bl,16777216,1,400.2457,762412688173254828
btree8_bl,16777216,2,397.8470,762412688173254828
btree8_bl,16777216,3,397.3618,762412688173254828
btree8_bl,16777216,4,399.7086,762412688173254828
btree8_bl,16777216,5,395.7764,762412688173254828
btree8_bl,16777216,6,398.6252,762412688173254828
btree8_bl,16777216,7,396.0434,762412688173254828
btree8_bl,16777216,8,404.9576,762412688173254828
btree8_bl,16777216,9,399.3301,762412688173254828
btree8_bl,16777216,10,400.2792,762412688173254828
btree8_bl,16777216,11,406.8008,762412688173254828
btree8_bl,16777216,12,416.5955,762412688173254828
btree8_bl,16777216,13,417.5522,762412688173254828
btree8_bl,16777216,14,430.4245,762412688173254828
btree8_a64,16777216,0,464.3219,762412688173254828
btree8_a64,16777216,1,414.3204,762412688173254828
btree8_a64,16777216,2,390.3961,762412688173254828
btree8_a64,16777216,3,386.1282,762412688173254828
btree8_a64,16777216,4,381.0974,762412688173254828
btree8_a64,16777216,5,378.0167,762412688173254828
btree8_a64,16777216,6,383.0536,762412688173254828
btree8_a64,16777216,7,382.0419,762412688173254828
btree8_a64,16777216,8,380.1773,762412688173254828
btree8_a64,16777216,9,377.4597,762412688173254828
btree8_a64,16777216,10,380.6946,762412688173254828
btree8_a64,16777216,11,377.9510,762412688173254828
btree8_a64,16777216,12,375.9079,762412688173254828
btree8_a64,16777216,13,376.4603,762412688173254828
btree8_a64,16777216,14,375.5051,762412688173254828
btree8_bl_a64,16777216,0,438.2980,762412688173254828
btree8_bl_a64,16777216,1,370.2637,762412688173254828
btree8_bl_a64,16777216,2,363.1546,762412688173254828
btree8_bl_a64,16777216,3,364.2548,762412688173254828
btree8_bl_a64,16777216,4,365.9409,762412688173254828
btree8_bl_a64,16777216,5,377.2293,762412688173254828
btree8_bl_a64,16777216,6,375.8636,762412688173254828
btree8_bl_a64,16777216,7,367.3279,762412688173254828
btree8_bl_a64,16777216,8,376.2100,762412688173254828
btree8_bl_a64,16777216,9,374.6002,762412688173254828
btree8_bl_a64,16777216,10,370.2072,762412688173254828
btree8_bl_a64,16777216,11,365.9500,762412688173254828
btree8_bl_a64,16777216,12,366.6534,762412688173254828
btree8_bl_a64,16777216,13,361.3770,762412688173254828
btree8_bl_a64,16777216,14,359.8190,762412688173254828
btree16_bl_a64,16777216,0,348.7167,762412688173254828
btree16_bl_a64,16777216,1,311.2625,762412688173254828
btree16_bl_a64,16777216,2,306.5048,762412688173254828
btree16_bl_a64,16777216,3,306.8985,762412688173254828
btree16_bl_a64,16777216,4,306.8878,762412688173254828
btree16_bl_a64,16777216,5,307.4814,762412688173254828
btree16_bl_a64,16777216,6,309.4025,762412688173254828
btree16_bl_a64,16777216,7,309.2102,762412688173254828
btree16_bl_a64,16777216,8,320.6223,762412688173254828
btree16_bl_a64,16777216,9,313.0768,762412688173254828
btree16_bl_a64,16777216,10,316.1926,762412688173254828
btree16_bl_a64,16777216,11,314.9948,762412688173254828
btree16_bl_a64,16777216,12,312.9715,762412688173254828
btree16_bl_a64,16777216,13,312.3550,762412688173254828
btree16_bl_a64,16777216,14,309.9564,762412688173254828
fusion8,16777216,0,565.6586,762412688173254828
fusion8,16777216,1,515.4633,762412688173254828
fusion8,16777216,2,508.6197,762412688173254828
fusion8,16777216,3,534.7672,762412688173254828
fusion8,16777216,4,537.0743,762412688173254828
fusion8,16777216,5,512.6877,762412688173254828
fusion8,16777216,6,510.9451,762412688173254828
fusion8,16777216,7,508.4763,762412688173254828
fusion8,16777216,8,508.0658,762412688173254828
fusion8,16777216,9,506.8436,762412688173254828
fusion8,16777216,10,506.0837,762412688173254828
fusion8,16777216,11,505.6717,762412688173254828
fusion8,16777216,12,504.7150,762412688173254828
fusion8,16777216,13,508.8348,762412688173254828
fusion8,16777216,14,513.5544,762412688173254828
fusion8_bf,16777216,0,612.5031,762412688173254828
fusion8_bf,16777216,1,552.2247,762412688173254828
fusion8_bf,16777216,2,527.2644,762412688173254828
fusion8_bf,16777216,3,541.1713,762412688173254828
fusion8_bf,16777216,4,540.2420,762412688173254828
fusion8_bf,16777216,5,525.0946,762412688173254828
fusion8_bf,16777216,6,522.5052,762412688173254828
fusion8_bf,16777216,7,524.7925,762412688173254828
fusion8_bf,16777216,8,521.3028,762412688173254828
fusion8_bf,16777216,9,524.0768,762412688173254828
fusion8_bf,16777216,10,538.4644,762412688173254828
fusion8_bf,16777216,11,539.1266,762412688173254828
fusion8_bf,16777216,12,531.2805,762412688173254828
fusion8_bf,16777216,13,527.3438,762412688173254828
fusion8_bf,16777216,14,523.3047,762412688173254828
fusion8_c,16777216,0,526.7212,762412688173254828
fusion8_c,16777216,1,459.9045,762412688173254828
fusion8_c,16777216,2,458.5770,762412688173254828
fusion8_c,16777216,3,468.0634,762412688173254828
fusion8_c,16777216,4,462.8998,762412688173254828
fusion8_c,16777216,5,455.8411,762412688173254828
fusion8_c,16777216,6,460.3104,762412688173254828
fusion8_c,16777216,7,462.0926,762412688173254828
fusion8_c,16777216,8,461.1618,762412688173254828
fusion8_c,16777216,9,456.5659,762412688173254828
fusion8_c,16777216,10,459.7565,762412688173254828
fusion8_c,16777216,11,431.7535,762412688173254828
fusion8_c,16777216,12,412.0300,762412688173254828
fusion8_c,16777216,13,412.7197,762412688173254828
fusion8_c,16777216,14,421.0526,762412688173254828
fusion16_w,16777216,0,439.1022,762412688173254828
fusion16_w,16777216,1,373.0301,762412688173254828
fusion16_w,16777216,2,366.3406,762412688173254828
fusion16_w,16777216,3,409.1705,762412688173254828
fusion16_w,16777216,4,396.2494,762412688173254828
fusion16_w,16777216,5,398.0545,762412688173254828
fusion16_w,16777216,6,394.7372,762412688173254828
fusion16_w,16777216,7,390.6250,762412688173254828
fusion16_w,16777216,8,387.8311,762412688173254828
fusion16_w,16777216,9,391.2750,762412688173254828
fusion16_w,16777216,10,392.5003,762412688173254828
fusion16_w,16777216,11,391.7740,762412688173254828
fusion16_w,16777216,12,390.6555,762412688173254828
fusion16_w,16777216,13,391.0934,762412688173254828
fusion16_w,16777216,14,392.8436,762412688173254828
sorted_array,33554432,0,1423.6237,11029033927968932563
sorted_array,33554432,1,1405.7526,11029033927968932563
sorted_array,33554432,2,1383.2703,11029033927968932563
sorted_array,33554432,3,1380.8243,11029033927968932563
sorted_array,33554432,4,1371.8353,11029033927968932563
sorted_array,33554432,5,1366.2338,11029033927968932563
sorted_array,33554432,6,1384.1827,11029033927968932563
sorted_array,33554432,7,1370.4437,11029033927968932563
sorted_array,33554432,8,1373.5672,11029033927968932563
sorted_array,33554432,9,1366.3620,11029033927968932563
sorted_array,33554432,10,1384.1156,11029033927968932563
sorted_array,33554432,11,1390.1657,11029033927968932563
sorted_array,33554432,12,1404.8264,11029033927968932563
sorted_array,33554432,13,1388.8962,11029033927968932563
sorted_array,33554432,14,1389.7659,11029033927968932563
btree8,33554432,0,449.2401,11029033927968932563
btree8,33554432,1,377.1255,11029033927968932563
btree8,33554432,2,391.5039,11029033927968932563
btree8,33554432,3,394.7205,11029033927968932563
btree8,33554432,4,390.6403,11029033927968932563
btree8,33554432,5,391.4154,11029033927968932563
btree8,33554432,6,390.3336,11029033927968932563
btree8,33554432,7,399.7757,11029033927968932563
btree8,33554432,8,393.9697,11029033927968932563
btree8,33554432,9,388.2263,11029033927968932563
btree8,33554432,10,386.6196,11029033927968932563
btree8,33554432,11,362.8098,11029033927968932563
btree8,33554432,12,365.0940,11029033927968932563
btree8,33554432,13,382.2159,11029033927968932563
btree8,33554432,14,392.7414,11029033927968932563
btree8_bl,33554432,0,467.3141,11029033927968932563
btree8_bl,33554432,1,409.1248,11029033927968932563
btree8_bl,33554432,2,404.4876,11029033927968932563
btree8_bl,33554432,3,404.0512,11029033927968932563
btree8_bl,33554432,4,405.7571,11029033927968932563
btree8_bl,33554432,5,407.6004,11029033927968932563
btree8_bl,33554432,6,399.4171,11029033927968932563
btree8_bl,33554432,7,366.1423,11029033927968932563
btree8_bl,33554432,8,360.7742,11029033927968932563
btree8_bl,33554432,9,362.8815,11029033927968932563
btree8_bl,33554432,10,388.5574,11029033927968932563
btree8_bl,33554432,11,368.7408,11029033927968932563
btree8_bl,33554432,12,377.7908,11029033927968932563
btree8_bl,33554432,13,371.5942,11029033927968932563
btree8_bl,33554432,14,370.4590,11029033927968932563
btree8_a64,33554432,0,439.9826,11029033927968932563
btree8_a64,33554432,1,370.8893,11029033927968932563
btree8_a64,33554432,2,360.1059,11029033927968932563
btree8_a64,33554432,3,394.0765,11029033927968932563
btree8_a64,33554432,4,390.0497,11029033927968932563
btree8_a64,33554432,5,389.1953,11029033927968932563
btree8_a64,33554432,6,390.0909,11029033927968932563
btree8_a64,33554432,7,390.5548,11029033927968932563
btree8_a64,33554432,8,386.2183,11029033927968932563
btree8_a64,33554432,9,382.8064,11029033927968932563
btree8_a64,33554432,10,379.9301,11029033927968932563
btree8_a64,33554432,11,381.4545,11029033927968932563
btree8_a64,33554432,12,384.0942,11029033927968932563
btree8_a64,33554432,13,384.2392,11029033927968932563
btree8_a64,33554432,14,381.0074,11029033927968932563
btree8_bl_a64,33554432,0,444.1376,11029033927968932563
btree8_bl_a64,33554432,1,384.5901,11029033927968932563
btree8_bl_a64,33554432,2,381.9382,11029033927968932563
btree8_bl_a64,33554432,3,376.0742,11029033927968932563
btree8_bl_a64,33554432,4,371.0754,11029033927968932563
btree8_bl_a64,33554432,5,374.1913,11029033927968932563
btree8_bl_a64,33554432,6,373.7793,11029033927968932563
btree8_bl_a64,33554432,7,454.8019,11029033927968932563
btree8_bl_a64,33554432,8,417.0883,11029033927968932563
btree8_bl_a64,33554432,9,407.2464,11029033927968932563
btree8_bl_a64,33554432,10,383.4991,11029033927968932563
btree8_bl_a64,33554432,11,350.5646,11029033927968932563
btree8_bl_a64,33554432,12,345.9763,11029033927968932563
btree8_bl_a64,33554432,13,325.1007,11029033927968932563
btree8_bl_a64,33554432,14,337.8464,11029033927968932563
btree16_bl_a64,33554432,0,495.1324,11029033927968932563
btree16_bl_a64,33554432,1,427.3087,11029033927968932563
btree16_bl_a64,33554432,2,493.0832,11029033927968932563
btree16_bl_a64,33554432,3,511.6364,11029033927968932563
btree16_bl_a64,33554432,4,485.1929,11029033927968932563
btree16_bl_a64,33554432,5,448.4314,11029033927968932563
btree16_bl_a64,33554432,6,439.4592,11029033927968932563
btree16_bl_a64,33554432,7,438.3621,11029033927968932563
btree16_bl_a64,33554432,8,418.0923,11029033927968932563
btree16_bl_a64,33554432,9,404.6951,11029033927968932563
btree16_bl_a64,33554432,10,443.7698,11029033927968932563
btree16_bl_a64,33554432,11,496.5286,11029033927968932563
btree16_bl_a64,33554432,12,486.5082,11029033927968932563
btree16_bl_a64,33554432,13,456.2378,11029033927968932563
btree16_bl_a64,33554432,14,429.8447,11029033927968932563
fusion8,33554432,0,592.0044,11029033927968932563
fusion8,33554432,1,528.3432,11029033927968932563
fusion8,33554432,2,518.4219,11029033927968932563
fusion8,33554432,3,512.5015,11029033927968932563
fusion8,33554432,4,510.7666,11029033927968932563
fusion8,33554432,5,516.0492,11029033927968932563
fusion8,33554432,6,522.2672,11029033927968932563
fusion8,33554432,7,516.2521,11029033927968932563
fusion8,33554432,8,516.8594,11029033927968932563
fusion8,33554432,9,512.7655,11029033927968932563
fusion8,33554432,10,522.8210,11029033927968932563
fusion8,33554432,11,527.1347,11029033927968932563
fusion8,33554432,12,514.8560,11029033927968932563
fusion8,33554432,13,532.7347,11029033927968932563
fusion8,33554432,14,517.2302,11029033927968932563
fusion8_bf,33554432,0,593.8583,11029033927968932563
fusion8_bf,33554432,1,529.3610,11029033927968932563
fusion8_bf,33554432,2,509.7260,11029033927968932563
fusion8_bf,33554432,3,534.0851,11029033927968932563
fusion8_bf,33554432,4,529.8477,11029033927968932563
fusion8_bf,33554432,5,538.2965,11029033927968932563
fusion8_bf,33554432,6,540.0101,11029033927968932563
fusion8_bf,33554432,7,529.3884,11029033927968932563
fusion8_bf,33554432,8,510.7605,11029033927968932563
fusion8_bf,33554432,9,549.6872,11029033927968932563
fusion8_bf,33554432,10,538.8626,11029033927968932563
fusion8_bf,33554432,11,532.2998,11029033927968932563
fusion8_bf,33554432,12,538.0310,11029033927968932563
fusion8_bf,33554432,13,533.0231,11029033927968932563
fusion8_bf,33554432,14,536.0443,11029033927968932563
fusion8_c,33554432,0,532.4631,11029033927968932563
fusion8_c,33554432,1,475.6058,11029033927968932563
fusion8_c,33554432,2,469.6930,11029033927968932563
fusion8_c,33554432,3,465.7883,11029033927968932563
fusion8_c,33554432,4,473.2162,11029033927968932563
fusion8_c,33554432,5,486.4716,11029033927968932563
fusion8_c,33554432,6,476.4954,11029033927968932563
fusion8_c,33554432,7,473.1216,11029033927968932563
fusion8_c,33554432,8,477.2308,11029033927968932563
fusion8_c,33554432,9,467.2699,11029033927968932563
fusion8_c,33554432,10,478.3798,11029033927968932563
fusion8_c,33554432,11,483.3618,11029033927968932563
fusion8_c,33554432,12,469.0231,11029033927968932563
fusion8_c,33554432,13,462.9486,11029033927968932563
fusion8_c,33554432,14,465.3778,11029033927968932563
fusion16_w,33554432,0,594.2642,11029033927968932563
fusion16_w,33554432,1,545.3369,11029033927968932563
fusion16_w,33554432,2,532.2617,11029033927968932563
fusion16_w,33554432,3,515.5014,11029033927968932563
fusion16_w,33554432,4,501.1093,11029033927968932563
fusion16_w,33554432,5,526.7166,11029033927968932563
fusion16_w,33554432,6,529.4373,11029033927968932563
fusion16_w,33554432,7,540.5136,11029033927968932563
fusion16_w,33554432,8,527.1240,11029033927968932563
fusion16_w,33554432,9,526.4175,11029033927968932563
fusion16_w,33554432,10,543.5654,11029033927968932563
fusion16_w,33554432,11,528.9658,11029033927968932563
fusion16_w,33554432,12,530.8273,11029033927968932563
fusion16_w,33554432,13,526.7014,11029033927968932563
fusion16_w,33554432,14,532.4387,11029033927968932563
