structure,n,rep,ns_per_query,checksum
rs18_e16,256,0,7.2876,4265774587248865526
spline32,256,0,11.9171,4265774587248865526
splus16,256,0,2.9526,4265774587248865526
clusterjump,256,0,7.7805,4265774587248865526
btree8_bl,256,0,12.7380,4265774587248865526
splus8,256,0,3.0685,4265774587248865526
sorted_array,256,0,4.3594,4265774587248865526
pgm16,256,0,12.9395,4265774587248865526
splus8,256,1,3.0838,4265774587248865526
btree8_bl,256,1,12.6602,4265774587248865526
spline32,256,1,11.8759,4265774587248865526
splus16,256,1,2.9526,4265774587248865526
rs18_e16,256,1,7.3105,4265774587248865526
sorted_array,256,1,4.3579,4265774587248865526
pgm16,256,1,12.8540,4265774587248865526
clusterjump,256,1,7.8781,4265774587248865526
splus8,256,2,3.0762,4265774587248865526
spline32,256,2,11.8484,4265774587248865526
rs18_e16,256,2,7.2311,4265774587248865526
btree8_bl,256,2,12.7060,4265774587248865526
splus16,256,2,2.9373,4265774587248865526
clusterjump,256,2,7.7744,4265774587248865526
pgm16,256,2,12.9410,4265774587248865526
sorted_array,256,2,4.3579,4265774587248865526
splus8,256,3,3.0869,4265774587248865526
clusterjump,256,3,7.6233,4265774587248865526
spline32,256,3,11.8988,4265774587248865526
sorted_array,256,3,4.3701,4265774587248865526
rs18_e16,256,3,7.2510,4265774587248865526
btree8_bl,256,3,12.6190,4265774587248865526
pgm16,256,3,12.8952,4265774587248865526
splus16,256,3,2.9495,4265774587248865526
splus16,256,4,2.9419,4265774587248865526
pgm16,256,4,12.7716,4265774587248865526
clusterjump,256,4,7.9147,4265774587248865526
rs18_e16,256,4,7.2205,4265774587248865526
splus8,256,4,3.0807,4265774587248865526
spline32,256,4,11.8423,4265774587248865526
btree8_bl,256,4,12.5580,4265774587248865526
sorted_array,256,4,4.3564,4265774587248865526
btree8_bl,256,5,12.5290,4265774587248865526
sorted_array,256,5,4.3900,4265774587248865526
rs18_e16,256,5,7.2968,4265774587248865526
clusterjump,256,5,7.8278,4265774587248865526
spline32,256,5,11.9034,4265774587248865526
splus8,256,5,3.0777,4265774587248865526
splus16,256,5,2.9465,4265774587248865526
pgm16,256,5,12.8693,4265774587248865526
spline32,256,6,11.8958,4265774587248865526
btree8_bl,256,6,12.7640,4265774587248865526
splus16,256,6,2.8854,4265774587248865526
splus8,256,6,3.0762,4265774587248865526
rs18_e16,256,6,7.2586,4265774587248865526
clusterjump,256,6,7.9651,4265774587248865526
pgm16,256,6,12.8555,4265774587248865526
sorted_array,256,6,4.4006,4265774587248865526
btree8_bl,256,7,12.5778,4265774587248865526
clusterjump,256,7,7.7820,4265774587248865526
splus16,256,7,2.9938,4265774587248865526
sorted_array,256,7,4.3671,4265774587248865526
pgm16,256,7,12.8403,4265774587248865526
splus8,256,7,3.0838,4265774587248865526
spline32,256,7,11.9339,4265774587248865526
rs18_e16,256,7,7.2754,4265774587248865526
btree8_bl,256,8,13.4949,4265774587248865526
clusterjump,256,8,7.8018,4265774587248865526
splus8,256,8,3.1387,4265774587248865526
spline32,256,8,11.8393,4265774587248865526
pgm16,256,8,12.8555,4265774587248865526
sorted_array,256,8,4.3594,4265774587248865526
splus16,256,8,2.9434,4265774587248865526
rs18_e16,256,8,7.2983,4265774587248865526
splus16,256,9,2.9556,4265774587248865526
clusterjump,256,9,7.8262,4265774587248865526
rs18_e16,256,9,7.2113,4265774587248865526
sorted_array,256,9,4.3579,4265774587248865526
splus8,256,9,3.0746,4265774587248865526
pgm16,256,9,12.7640,4265774587248865526
btree8_bl,256,9,12.7090,4265774587248865526
spline32,256,9,11.8546,4265774587248865526
splus16,256,10,2.8992,4265774587248865526
sorted_array,256,10,4.4159,4265774587248865526
rs18_e16,256,10,7.2388,4265774587248865526
pgm16,256,10,12.7716,4265774587248865526
spline32,256,10,11.8958,4265774587248865526
splus8,256,10,3.0746,4265774587248865526
btree8_bl,256,10,12.4451,4265774587248865526
clusterjump,256,10,7.8873,4265774587248865526
pgm16,256,11,12.8357,4265774587248865526
spline32,256,11,11.8881,4265774587248865526
splus16,256,11,2.9465,4265774587248865526
splus8,256,11,3.1784,4265774587248865526
btree8_bl,256,11,12.4573,4265774587248865526
sorted_array,256,11,4.3640,4265774587248865526
clusterjump,256,11,7.8079,4265774587248865526
rs18_e16,256,11,7.3120,4265774587248865526
splus16,256,12,2.9480,4265774587248865526
splus8,256,12,3.0746,4265774587248865526
spline32,256,12,11.8530,4265774587248865526
sorted_array,256,12,4.3594,4265774587248865526
pgm16,256,12,21.8109,4265774587248865526
clusterjump,256,12,7.9025,4265774587248865526
rs18_e16,256,12,7.3822,4265774587248865526
btree8_bl,256,12,12.7029,4265774587248865526
spline32,256,13,11.8500,4265774587248865526
btree8_bl,256,13,12.4252,4265774587248865526
clusterjump,256,13,7.8354,4265774587248865526
pgm16,256,13,12.8632,4265774587248865526
sorted_array,256,13,4.4205,4265774587248865526
rs18_e16,256,13,10.4660,4265774587248865526
splus16,256,13,2.8992,4265774587248865526
splus8,256,13,3.0899,4265774587248865526
sorted_array,256,14,4.3701,4265774587248865526
clusterjump,256,14,9.0515,4265774587248865526
splus16,256,14,2.9419,4265774587248865526
pgm16,256,14,12.8967,4265774587248865526
splus8,256,14,3.0701,4265774587248865526
rs18_e16,256,14,7.2998,4265774587248865526
btree8_bl,256,14,12.6114,4265774587248865526
spline32,256,14,11.9797,4265774587248865526
clusterjump,512,0,7.2571,12136673116396004996
splus16,512,0,4.8996,12136673116396004996
splus8,512,0,3.0731,12136673116396004996
sorted_array,512,0,5.0949,12136673116396004996
rs18_e16,512,0,5.6702,12136673116396004996
btree8_bl,512,0,9.9411,12136673116396004996
spline32,512,0,11.1603,12136673116396004996
pgm16,512,0,15.6693,12136673116396004996
btree8_bl,512,1,9.8251,12136673116396004996
sorted_array,512,1,5.0903,12136673116396004996
pgm16,512,1,15.6601,12136673116396004996
splus16,512,1,4.8706,12136673116396004996
clusterjump,512,1,7.2571,12136673116396004996
rs18_e16,512,1,5.6427,12136673116396004996
spline32,512,1,11.1374,12136673116396004996
splus8,512,1,6.3675,12136673116396004996
sorted_array,512,2,5.1636,12136673116396004996
splus16,512,2,4.8279,12136673116396004996
splus8,512,2,3.0640,12136673116396004996
rs18_e16,512,2,5.6686,12136673116396004996
pgm16,512,2,15.7120,12136673116396004996
btree8_bl,512,2,9.6954,12136673116396004996
spline32,512,2,11.1572,12136673116396004996
clusterjump,512,2,7.1289,12136673116396004996
pgm16,512,3,15.6662,12136673116396004996
btree8_bl,512,3,9.8206,12136673116396004996
splus8,512,3,3.0640,12136673116396004996
rs18_e16,512,3,5.6366,12136673116396004996
clusterjump,512,3,7.1915,12136673116396004996
splus16,512,3,4.8920,12136673116396004996
sorted_array,512,3,5.0934,12136673116396004996
spline32,512,3,11.1130,12136673116396004996
sorted_array,512,4,5.0949,12136673116396004996
rs18_e16,512,4,5.6763,12136673116396004996
splus8,512,4,3.0624,12136673116396004996
splus16,512,4,4.8248,12136673116396004996
btree8_bl,512,4,9.6970,12136673116396004996
spline32,512,4,12.2437,12136673116396004996
pgm16,512,4,15.8554,12136673116396004996
clusterjump,512,4,7.1869,12136673116396004996
splus8,512,5,3.0701,12136673116396004996
rs18_e16,512,5,5.6427,12136673116396004996
pgm16,512,5,15.6555,12136673116396004996
spline32,512,5,11.1435,12136673116396004996
splus16,512,5,4.8248,12136673116396004996
clusterjump,512,5,7.1716,12136673116396004996
btree8_bl,512,5,9.8465,12136673116396004996
sorted_array,512,5,5.0827,12136673116396004996
splus16,512,6,4.8447,12136673116396004996
rs18_e16,512,6,5.6412,12136673116396004996
clusterjump,512,6,7.2418,12136673116396004996
sorted_array,512,6,5.0858,12136673116396004996
spline32,512,6,11.1084,12136673116396004996
pgm16,512,6,15.6509,12136673116396004996
splus8,512,6,3.0624,12136673116396004996
btree8_bl,512,6,9.7717,12136673116396004996
sorted_array,512,7,5.0842,12136673116396004996
pgm16,512,7,15.5884,12136673116396004996
splus16,512,7,4.8218,12136673116396004996
btree8_bl,512,7,9.6954,12136673116396004996
splus8,512,7,3.1052,12136673116396004996
spline32,512,7,11.1069,12136673116396004996
clusterjump,512,7,7.1014,12136673116396004996
rs18_e16,512,7,5.6412,12136673116396004996
pgm16,512,8,15.5045,12136673116396004996
spline32,512,8,11.1130,12136673116396004996
splus8,512,8,3.0594,12136673116396004996
clusterjump,512,8,7.1091,12136673116396004996
splus16,512,8,4.8294,12136673116396004996
btree8_bl,512,8,9.6375,12136673116396004996
sorted_array,512,8,5.0888,12136673116396004996
rs18_e16,512,8,5.7037,12136673116396004996
splus16,512,9,4.8325,12136673116396004996
spline32,512,9,11.1176,12136673116396004996
splus8,512,9,3.0624,12136673116396004996
rs18_e16,512,9,5.6335,12136673116396004996
clusterjump,512,9,7.0145,12136673116396004996
btree8_bl,512,9,9.8099,12136673116396004996
sorted_array,512,9,5.0873,12136673116396004996
pgm16,512,9,15.6006,12136673116396004996
clusterjump,512,10,7.1915,12136673116396004996
spline32,512,10,11.1084,12136673116396004996
splus16,512,10,4.8203,12136673116396004996
splus8,512,10,3.0975,12136673116396004996
rs18_e16,512,10,5.6244,12136673116396004996
sorted_array,512,10,5.0858,12136673116396004996
pgm16,512,10,15.7730,12136673116396004996
btree8_bl,512,10,9.8083,12136673116396004996
btree8_bl,512,11,9.6313,12136673116396004996
splus16,512,11,4.8233,12136673116396004996
pgm16,512,11,15.5106,12136673116396004996
sorted_array,512,11,5.0842,12136673116396004996
rs18_e16,512,11,5.6229,12136673116396004996
clusterjump,512,11,7.1548,12136673116396004996
spline32,512,11,11.2289,12136673116396004996
splus8,512,11,3.0716,12136673116396004996
splus8,512,12,3.0670,12136673116396004996
splus16,512,12,4.8294,12136673116396004996
btree8_bl,512,12,9.7763,12136673116396004996
spline32,512,12,11.1130,12136673116396004996
clusterjump,512,12,7.0892,12136673116396004996
sorted_array,512,12,5.1178,12136673116396004996
pgm16,512,12,15.4572,12136673116396004996
rs18_e16,512,12,5.6366,12136673116396004996
spline32,512,13,11.1435,12136673116396004996
clusterjump,512,13,7.1365,12136673116396004996
pgm16,512,13,15.4892,12136673116396004996
splus16,512,13,4.8233,12136673116396004996
splus8,512,13,3.0640,12136673116396004996
rs18_e16,512,13,5.7663,12136673116396004996
btree8_bl,512,13,9.5978,12136673116396004996
sorted_array,512,13,5.0873,12136673116396004996
sorted_array,512,14,5.1407,12136673116396004996
splus16,512,14,4.8248,12136673116396004996
clusterjump,512,14,7.1426,12136673116396004996
rs18_e16,512,14,5.6396,12136673116396004996
splus8,512,14,3.0487,12136673116396004996
pgm16,512,14,15.4816,12136673116396004996
spline32,512,14,11.1038,12136673116396004996
btree8_bl,512,14,9.6390,12136673116396004996
splus8,1024,0,4.2465,7630405937107469768
spline32,1024,0,11.1023,7630405937107469768
rs18_e16,1024,0,6.3660,7630405937107469768
pgm16,1024,0,17.5888,7630405937107469768
sorted_array,1024,0,5.8228,7630405937107469768
btree8_bl,1024,0,21.4905,7630405937107469768
splus16,1024,0,4.8248,7630405937107469768
clusterjump,1024,0,7.2327,7630405937107469768
sorted_array,1024,1,6.5948,7630405937107469768
pgm16,1024,1,17.5156,7630405937107469768
rs18_e16,1024,1,6.3522,7630405937107469768
spline32,1024,1,11.2030,7630405937107469768
clusterjump,1024,1,7.2876,7630405937107469768
btree8_bl,1024,1,21.6141,7630405937107469768
splus16,1024,1,4.8309,7630405937107469768
splus8,1024,1,4.2313,7630405937107469768
rs18_e16,1024,2,6.3354,7630405937107469768
splus8,1024,2,4.2313,7630405937107469768
btree8_bl,1024,2,22.1191,7630405937107469768
clusterjump,1024,2,6.9946,7630405937107469768
sorted_array,1024,2,5.8594,7630405937107469768
splus16,1024,2,4.8187,7630405937107469768
pgm16,1024,2,20.1492,7630405937107469768
spline32,1024,2,11.1252,7630405937107469768
rs18_e16,1024,3,6.2866,7630405937107469768
splus8,1024,3,4.2648,7630405937107469768
sorted_array,1024,3,5.8197,7630405937107469768
clusterjump,1024,3,7.1075,7630405937107469768
pgm16,1024,3,23.2422,7630405937107469768
splus16,1024,3,4.8172,7630405937107469768
btree8_bl,1024,3,21.9879,7630405937107469768
spline32,1024,3,11.1313,7630405937107469768
rs18_e16,1024,4,6.3095,7630405937107469768
splus16,1024,4,4.8462,7630405937107469768
sorted_array,1024,4,5.8350,7630405937107469768
spline32,1024,4,11.0992,7630405937107469768
clusterjump,1024,4,7.3746,7630405937107469768
splus8,1024,4,4.2236,7630405937107469768
btree8_bl,1024,4,21.5332,7630405937107469768
pgm16,1024,4,17.4561,7630405937107469768
spline32,1024,5,11.1115,7630405937107469768
sorted_array,1024,5,5.8151,7630405937107469768
pgm16,1024,5,17.4103,7630405937107469768
rs18_e16,1024,5,6.2714,7630405937107469768
splus16,1024,5,4.8096,7630405937107469768
clusterjump,1024,5,7.2556,7630405937107469768
splus8,1024,5,4.2145,7630405937107469768
btree8_bl,1024,5,21.5805,7630405937107469768
sorted_array,1024,6,5.8411,7630405937107469768
rs18_e16,1024,6,6.3080,7630405937107469768
btree8_bl,1024,6,21.6080,7630405937107469768
clusterjump,1024,6,7.0999,7630405937107469768
spline32,1024,6,11.1771,7630405937107469768
splus16,1024,6,4.8264,7630405937107469768
pgm16,1024,6,17.5034,7630405937107469768
splus8,1024,6,4.2236,7630405937107469768
splus16,1024,7,4.8248,7630405937107469768
spline32,1024,7,11.1649,7630405937107469768
splus8,1024,7,32.2418,7630405937107469768
btree8_bl,1024,7,21.5332,7630405937107469768
rs18_e16,1024,7,6.4911,7630405937107469768
clusterjump,1024,7,7.1701,7630405937107469768
pgm16,1024,7,17.4271,7630405937107469768
sorted_array,1024,7,5.8731,7630405937107469768
sorted_array,1024,8,5.8380,7630405937107469768
btree8_bl,1024,8,21.6446,7630405937107469768
splus8,1024,8,4.2191,7630405937107469768
rs18_e16,1024,8,6.3293,7630405937107469768
splus16,1024,8,4.8477,7630405937107469768
pgm16,1024,8,17.4759,7630405937107469768
clusterjump,1024,8,7.3288,7630405937107469768
spline32,1024,8,11.1282,7630405937107469768
btree8_bl,1024,9,21.6187,7630405937107469768
rs18_e16,1024,9,6.3141,7630405937107469768
spline32,1024,9,11.1725,7630405937107469768
pgm16,1024,9,17.4484,7630405937107469768
splus16,1024,9,4.8843,7630405937107469768
clusterjump,1024,9,7.2296,7630405937107469768
splus8,1024,9,4.2236,7630405937107469768
sorted_array,1024,9,5.8350,7630405937107469768
btree8_bl,1024,10,21.6263,7630405937107469768
spline32,1024,10,11.0977,7630405937107469768
splus8,1024,10,4.2206,7630405937107469768
clusterjump,1024,10,7.1487,7630405937107469768
sorted_array,1024,10,5.8197,7630405937107469768
pgm16,1024,10,17.4667,7630405937107469768
splus16,1024,10,4.8477,7630405937107469768
rs18_e16,1024,10,6.2881,7630405937107469768
clusterjump,1024,11,7.0969,7630405937107469768
splus8,1024,11,4.2389,7630405937107469768
btree8_bl,1024,11,21.6156,7630405937107469768
pgm16,1024,11,17.4469,7630405937107469768
rs18_e16,1024,11,6.3400,7630405937107469768
sorted_array,1024,11,5.8167,7630405937107469768
spline32,1024,11,11.1160,7630405937107469768
splus16,1024,11,4.8065,7630405937107469768
spline32,1024,12,11.1343,7630405937107469768
clusterjump,1024,12,7.0969,7630405937107469768
sorted_array,1024,12,5.8212,7630405937107469768
btree8_bl,1024,12,21.5622,7630405937107469768
splus16,1024,12,4.8019,7630405937107469768
rs18_e16,1024,12,6.2744,7630405937107469768
pgm16,1024,12,17.5430,7630405937107469768
splus8,1024,12,5.5573,7630405937107469768
sorted_array,1024,13,5.8258,7630405937107469768
splus16,1024,13,4.8401,7630405937107469768
clusterjump,1024,13,7.0969,7630405937107469768
spline32,1024,13,11.1053,7630405937107469768
rs18_e16,1024,13,6.3080,7630405937107469768
splus8,1024,13,4.2007,7630405937107469768
btree8_bl,1024,13,21.5759,7630405937107469768
pgm16,1024,13,17.4072,7630405937107469768
spline32,1024,14,11.1069,7630405937107469768
btree8_bl,1024,14,21.5302,7630405937107469768
sorted_array,1024,14,5.8151,7630405937107469768
splus8,1024,14,4.2038,7630405937107469768
pgm16,1024,14,17.5186,7630405937107469768
clusterjump,1024,14,7.1808,7630405937107469768
rs18_e16,1024,14,6.3553,7630405937107469768
splus16,1024,14,4.8264,7630405937107469768
splus8,2048,0,4.2068,6105265568609705548
splus16,2048,0,4.7943,6105265568609705548
sorted_array,2048,0,6.4926,6105265568609705548
spline32,2048,0,13.9847,6105265568609705548
rs18_e16,2048,0,7.1121,6105265568609705548
clusterjump,2048,0,7.1732,6105265568609705548
pgm16,2048,0,17.3309,6105265568609705548
btree8_bl,2048,0,19.5938,6105265568609705548
sorted_array,2048,1,6.4468,6105265568609705548
pgm16,2048,1,17.1204,6105265568609705548
splus8,2048,1,4.2267,6105265568609705548
splus16,2048,1,4.7989,6105265568609705548
clusterjump,2048,1,6.9382,6105265568609705548
rs18_e16,2048,1,7.1381,6105265568609705548
btree8_bl,2048,1,18.9728,6105265568609705548
spline32,2048,1,13.9740,6105265568609705548
btree8_bl,2048,2,18.7225,6105265568609705548
splus16,2048,2,4.7897,6105265568609705548
sorted_array,2048,2,6.4072,6105265568609705548
rs18_e16,2048,2,7.1976,6105265568609705548
clusterjump,2048,2,6.9366,6105265568609705548
splus8,2048,2,4.1992,6105265568609705548
spline32,2048,2,13.9801,6105265568609705548
pgm16,2048,2,17.3111,6105265568609705548
splus8,2048,3,4.2053,6105265568609705548
btree8_bl,2048,3,19.9234,6105265568609705548
spline32,2048,3,13.9847,6105265568609705548
pgm16,2048,3,17.2318,6105265568609705548
clusterjump,2048,3,7.0053,6105265568609705548
sorted_array,2048,3,6.4514,6105265568609705548
splus16,2048,3,4.8370,6105265568609705548
rs18_e16,2048,3,7.1060,6105265568609705548
splus16,2048,4,4.7943,6105265568609705548
sorted_array,2048,4,6.4102,6105265568609705548
spline32,2048,4,14.0152,6105265568609705548
btree8_bl,2048,4,18.8797,6105265568609705548
splus8,2048,4,4.2633,6105265568609705548
rs18_e16,2048,4,7.0587,6105265568609705548
clusterjump,2048,4,6.9901,6105265568609705548
pgm16,2048,4,17.2760,6105265568609705548
sorted_array,2048,5,6.4102,6105265568609705548
splus8,2048,5,4.1931,6105265568609705548
pgm16,2048,5,17.1783,6105265568609705548
btree8_bl,2048,5,18.8477,6105265568609705548
splus16,2048,5,4.8019,6105265568609705548
spline32,2048,5,14.0335,6105265568609705548
rs18_e16,2048,5,7.0999,6105265568609705548
clusterjump,2048,5,6.9153,6105265568609705548
splus16,2048,6,4.7974,6105265568609705548
rs18_e16,2048,6,7.0786,6105265568609705548
spline32,2048,6,13.9709,6105265568609705548
pgm16,2048,6,17.2272,6105265568609705548
sorted_array,2048,6,6.4255,6105265568609705548
splus8,2048,6,4.1779,6105265568609705548
btree8_bl,2048,6,32.9117,6105265568609705548
clusterjump,2048,6,6.8878,6105265568609705548
rs18_e16,2048,7,8.0154,6105265568609705548
clusterjump,2048,7,6.9870,6105265568609705548
sorted_array,2048,7,6.5674,6105265568609705548
btree8_bl,2048,7,18.9713,6105265568609705548
spline32,2048,7,14.0884,6105265568609705548
splus16,2048,7,4.8386,6105265568609705548
splus8,2048,7,4.2206,6105265568609705548
pgm16,2048,7,17.5461,6105265568609705548
splus8,2048,8,4.2084,6105265568609705548
splus16,2048,8,4.7974,6105265568609705548
rs18_e16,2048,8,7.1121,6105265568609705548
pgm16,2048,8,17.1951,6105265568609705548
spline32,2048,8,13.9847,6105265568609705548
clusterjump,2048,8,6.8817,6105265568609705548
btree8_bl,2048,8,18.9774,6105265568609705548
sorted_array,2048,8,6.4621,6105265568609705548
rs18_e16,2048,9,7.1732,6105265568609705548
btree8_bl,2048,9,18.6172,6105265568609705548
sorted_array,2048,9,6.4819,6105265568609705548
pgm16,2048,9,17.2623,6105265568609705548
splus8,2048,9,4.1992,6105265568609705548
clusterjump,2048,9,7.1274,6105265568609705548
splus16,2048,9,5.1697,6105265568609705548
spline32,2048,9,13.9847,6105265568609705548
splus16,2048,10,4.7897,6105265568609705548
clusterjump,2048,10,7.0297,6105265568609705548
pgm16,2048,10,17.0944,6105265568609705548
spline32,2048,10,14.0121,6105265568609705548
btree8_bl,2048,10,19.0475,6105265568609705548
splus8,2048,10,4.1748,6105265568609705548
rs18_e16,2048,10,7.1533,6105265568609705548
sorted_array,2048,10,6.4041,6105265568609705548
splus16,2048,11,4.7867,6105265568609705548
splus8,2048,11,4.1916,6105265568609705548
btree8_bl,2048,11,18.8278,6105265568609705548
rs18_e16,2048,11,7.0694,6105265568609705548
spline32,2048,11,13.9755,6105265568609705548
pgm16,2048,11,17.3096,6105265568609705548
clusterjump,2048,11,7.0679,6105265568609705548
sorted_array,2048,11,6.4682,6105265568609705548
splus8,2048,12,4.2221,6105265568609705548
rs18_e16,2048,12,7.1152,6105265568609705548
splus16,2048,12,4.8172,6105265568609705548
btree8_bl,2048,12,19.0155,6105265568609705548
pgm16,2048,12,17.2424,6105265568609705548
sorted_array,2048,12,6.4621,6105265568609705548
clusterjump,2048,12,7.1167,6105265568609705548
spline32,2048,12,14.0167,6105265568609705548
btree8_bl,2048,13,19.0094,6105265568609705548
spline32,2048,13,14.0106,6105265568609705548
pgm16,2048,13,17.1997,6105265568609705548
sorted_array,2048,13,6.4468,6105265568609705548
rs18_e16,2048,13,8.6014,6105265568609705548
splus8,2048,13,4.2236,6105265568609705548
clusterjump,2048,13,6.9550,6105265568609705548
splus16,2048,13,4.8508,6105265568609705548
btree8_bl,2048,14,18.8156,6105265568609705548
sorted_array,2048,14,6.4072,6105265568609705548
splus8,2048,14,4.2435,6105265568609705548
pgm16,2048,14,17.1036,6105265568609705548
spline32,2048,14,14.0076,6105265568609705548
rs18_e16,2048,14,7.0602,6105265568609705548
clusterjump,2048,14,7.0953,6105265568609705548
splus16,2048,14,4.7974,6105265568609705548
sorted_array,4096,0,7.2784,13937336474330300748
splus16,4096,0,4.9316,13937336474330300748
spline32,4096,0,13.9267,13937336474330300748
clusterjump,4096,0,7.6035,13937336474330300748
pgm16,4096,0,26.8906,13937336474330300748
btree8_bl,4096,0,14.3814,13937336474330300748
rs18_e16,4096,0,6.5155,13937336474330300748
splus8,4096,0,4.2221,13937336474330300748
clusterjump,4096,1,7.5058,13937336474330300748
spline32,4096,1,14.0366,13937336474330300748
rs18_e16,4096,1,6.4941,13937336474330300748
splus16,4096,1,4.8370,13937336474330300748
sorted_array,4096,1,7.3166,13937336474330300748
btree8_bl,4096,1,31.9397,13937336474330300748
splus8,4096,1,4.3976,13937336474330300748
pgm16,4096,1,27.1332,13937336474330300748
rs18_e16,4096,2,6.6452,13937336474330300748
pgm16,4096,2,26.7944,13937336474330300748
clusterjump,4096,2,7.6416,13937336474330300748
splus8,4096,2,4.3182,13937336474330300748
btree8_bl,4096,2,14.4760,13937336474330300748
sorted_array,4096,2,7.4112,13937336474330300748
splus16,4096,2,4.9271,13937336474330300748
spline32,4096,2,14.0106,13937336474330300748
spline32,4096,3,14.0244,13937336474330300748
sorted_array,4096,3,8.7250,13937336474330300748
clusterjump,4096,3,7.5409,13937336474330300748
rs18_e16,4096,3,6.4804,13937336474330300748
splus16,4096,3,4.9911,13937336474330300748
btree8_bl,4096,3,14.2075,13937336474330300748
splus8,4096,3,4.2114,13937336474330300748
pgm16,4096,3,26.9638,13937336474330300748
rs18_e16,4096,4,6.5033,13937336474330300748
clusterjump,4096,4,7.4738,13937336474330300748
pgm16,4096,4,26.8204,13937336474330300748
sorted_array,4096,4,7.1304,13937336474330300748
splus8,4096,4,4.4830,13937336474330300748
splus16,4096,4,4.9820,13937336474330300748
spline32,4096,4,14.0091,13937336474330300748
btree8_bl,4096,4,14.3326,13937336474330300748
splus16,4096,5,4.9316,13937336474330300748
rs18_e16,4096,5,6.4804,13937336474330300748
pgm16,4096,5,26.8875,13937336474330300748
btree8_bl,4096,5,14.2059,13937336474330300748
sorted_array,4096,5,7.2617,13937336474330300748
splus8,4096,5,4.4724,13937336474330300748
spline32,4096,5,13.9145,13937336474330300748
clusterjump,4096,5,7.4524,13937336474330300748
splus16,4096,6,4.9850,13937336474330300748
pgm16,4096,6,26.7883,13937336474330300748
btree8_bl,4096,6,14.2532,13937336474330300748
spline32,4096,6,14.0244,13937336474330300748
clusterjump,4096,6,7.5638,13937336474330300748
sorted_array,4096,6,7.3074,13937336474330300748
splus8,4096,6,4.2175,13937336474330300748
rs18_e16,4096,6,6.5002,13937336474330300748
splus8,4096,7,4.4861,13937336474330300748
spline32,4096,7,14.0152,13937336474330300748
clusterjump,4096,7,7.4036,13937336474330300748
pgm16,4096,7,26.8341,13937336474330300748
splus16,4096,7,4.8996,13937336474330300748
btree8_bl,4096,7,14.2838,13937336474330300748
rs18_e16,4096,7,6.5979,13937336474330300748
sorted_array,4096,7,7.2906,13937336474330300748
sorted_array,4096,8,7.2586,13937336474330300748
clusterjump,4096,8,7.5317,13937336474330300748
splus8,4096,8,4.2130,13937336474330300748
rs18_e16,4096,8,6.4957,13937336474330300748
splus16,4096,8,4.9484,13937336474330300748
pgm16,4096,8,26.7746,13937336474330300748
btree8_bl,4096,8,14.2685,13937336474330300748
spline32,4096,8,14.0381,13937336474330300748
spline32,4096,9,14.0045,13937336474330300748
btree8_bl,4096,9,14.2563,13937336474330300748
sorted_array,4096,9,7.2601,13937336474330300748
splus8,4096,9,4.1840,13937336474330300748
pgm16,4096,9,26.8036,13937336474330300748
rs18_e16,4096,9,6.5369,13937336474330300748
clusterjump,4096,9,7.2403,13937336474330300748
splus16,4096,9,4.9927,13937336474330300748
rs18_e16,4096,10,6.4758,13937336474330300748
splus16,4096,10,4.9957,13937336474330300748
btree8_bl,4096,10,14.1449,13937336474330300748
pgm16,4096,10,26.7899,13937336474330300748
sorted_array,4096,10,7.2586,13937336474330300748
splus8,4096,10,4.3716,13937336474330300748
clusterjump,4096,10,7.4646,13937336474330300748
spline32,4096,10,14.0244,13937336474330300748
sorted_array,4096,11,7.2617,13937336474330300748
pgm16,4096,11,26.7212,13937336474330300748
splus16,4096,11,4.9835,13937336474330300748
spline32,4096,11,13.9664,13937336474330300748
splus8,4096,11,4.4006,13937336474330300748
btree8_bl,4096,11,14.2120,13937336474330300748
clusterjump,4096,11,7.4295,13937336474330300748
rs18_e16,4096,11,6.5369,13937336474330300748
spline32,4096,12,13.9709,13937336474330300748
sorted_array,4096,12,7.3273,13937336474330300748
btree8_bl,4096,12,14.1129,13937336474330300748
splus16,4096,12,4.9881,13937336474330300748
rs18_e16,4096,12,6.4545,13937336474330300748
clusterjump,4096,12,7.4417,13937336474330300748
pgm16,4096,12,26.8158,13937336474330300748
splus8,4096,12,4.4083,13937336474330300748
btree8_bl,4096,13,14.1403,13937336474330300748
pgm16,4096,13,26.8723,13937336474330300748
rs18_e16,4096,13,6.4896,13937336474330300748
splus16,4096,13,4.9011,13937336474330300748
sorted_array,4096,13,7.2586,13937336474330300748
splus8,4096,13,4.3518,13937336474330300748
spline32,4096,13,13.9404,13937336474330300748
clusterjump,4096,13,7.5424,13937336474330300748
splus8,4096,14,4.3625,13937336474330300748
splus16,4096,14,4.9835,13937336474330300748
sorted_array,4096,14,7.2601,13937336474330300748
btree8_bl,4096,14,14.1861,13937336474330300748
spline32,4096,14,13.9999,13937336474330300748
pgm16,4096,14,26.9379,13937336474330300748
rs18_e16,4096,14,6.4621,13937336474330300748
clusterjump,4096,14,7.5119,13937336474330300748
sorted_array,8192,0,9.1980,15951953033086402595
btree8_bl,8192,0,21.9955,15951953033086402595
clusterjump,8192,0,8.1268,15951953033086402595
pgm16,8192,0,28.6484,15951953033086402595
splus8,8192,0,5.9143,15951953033086402595
splus16,8192,0,7.2250,15951953033086402595
rs18_e16,8192,0,6.7657,15951953033086402595
spline32,8192,0,14.2929,15951953033086402595
splus8,8192,1,6.2180,15951953033086402595
splus16,8192,1,7.1594,15951953033086402595
rs18_e16,8192,1,6.7154,15951953033086402595
btree8_bl,8192,1,21.8796,15951953033086402595
clusterjump,8192,1,7.9941,15951953033086402595
sorted_array,8192,1,9.1812,15951953033086402595
pgm16,8192,1,28.6896,15951953033086402595
spline32,8192,1,14.3097,15951953033086402595
rs18_e16,8192,2,6.7444,15951953033086402595
pgm16,8192,2,28.4103,15951953033086402595
splus16,8192,2,7.2205,15951953033086402595
spline32,8192,2,14.2868,15951953033086402595
clusterjump,8192,2,8.0292,15951953033086402595
splus8,8192,2,5.8777,15951953033086402595
btree8_bl,8192,2,21.7010,15951953033086402595
sorted_array,8192,2,9.1522,15951953033086402595
rs18_e16,8192,3,6.7535,15951953033086402595
pgm16,8192,3,28.6346,15951953033086402595
spline32,8192,3,14.2578,15951953033086402595
sorted_array,8192,3,9.1614,15951953033086402595
splus8,8192,3,6.1722,15951953033086402595
clusterjump,8192,3,7.9666,15951953033086402595
btree8_bl,8192,3,21.7484,15951953033086402595
splus16,8192,3,7.1686,15951953033086402595
sorted_array,8192,4,9.1431,15951953033086402595
rs18_e16,8192,4,6.8085,15951953033086402595
btree8_bl,8192,4,21.4996,15951953033086402595
pgm16,8192,4,28.8971,15951953033086402595
spline32,8192,4,14.3265,15951953033086402595
clusterjump,8192,4,7.9803,15951953033086402595
splus16,8192,4,7.2540,15951953033086402595
splus8,8192,4,6.1722,15951953033086402595
clusterjump,8192,5,8.0002,15951953033086402595
sorted_array,8192,5,9.1034,15951953033086402595
pgm16,8192,5,28.5995,15951953033086402595
rs18_e16,8192,5,6.7963,15951953033086402595
btree8_bl,8192,5,21.7896,15951953033086402595
splus16,8192,5,7.2113,15951953033086402595
splus8,8192,5,5.8762,15951953033086402595
spline32,8192,5,14.2700,15951953033086402595
splus16,8192,6,7.1701,15951953033086402595
spline32,8192,6,14.2715,15951953033086402595
btree8_bl,8192,6,22.0123,15951953033086402595
clusterjump,8192,6,7.9956,15951953033086402595
pgm16,8192,6,28.5995,15951953033086402595
splus8,8192,6,6.2256,15951953033086402595
sorted_array,8192,6,9.1141,15951953033086402595
rs18_e16,8192,6,6.7337,15951953033086402595
splus16,8192,7,7.1625,15951953033086402595
spline32,8192,7,14.3051,15951953033086402595
splus8,8192,7,6.1829,15951953033086402595
pgm16,8192,7,28.6072,15951953033086402595
btree8_bl,8192,7,22.0413,15951953033086402595
clusterjump,8192,7,8.0246,15951953033086402595
rs18_e16,8192,7,6.7490,15951953033086402595
sorted_array,8192,7,9.1858,15951953033086402595
pgm16,8192,8,28.6270,15951953033086402595
sorted_array,8192,8,9.1187,15951953033086402595
spline32,8192,8,14.2914,15951953033086402595
btree8_bl,8192,8,21.8018,15951953033086402595
rs18_e16,8192,8,6.7459,15951953033086402595
clusterjump,8192,8,8.0719,15951953033086402595
splus16,8192,8,7.1793,15951953033086402595
splus8,8192,8,6.1646,15951953033086402595
btree8_bl,8192,9,21.5897,15951953033086402595
splus16,8192,9,7.1686,15951953033086402595
spline32,8192,9,14.2700,15951953033086402595
rs18_e16,8192,9,6.7245,15951953033086402595
sorted_array,8192,9,9.1217,15951953033086402595
clusterjump,8192,9,7.9773,15951953033086402595
splus8,8192,9,5.9418,15951953033086402595
pgm16,8192,9,28.9520,15951953033086402595
btree8_bl,8192,10,21.7697,15951953033086402595
clusterjump,8192,10,8.0490,15951953033086402595
spline32,8192,10,14.2639,15951953033086402595
splus16,8192,10,7.1503,15951953033086402595
pgm16,8192,10,28.7552,15951953033086402595
sorted_array,8192,10,9.1705,15951953033086402595
splus8,8192,10,5.8228,15951953033086402595
rs18_e16,8192,10,6.7444,15951953033086402595
splus8,8192,11,5.9158,15951953033086402595
sorted_array,8192,11,9.1568,15951953033086402595
splus16,8192,11,7.1701,15951953033086402595
spline32,8192,11,14.2700,15951953033086402595
pgm16,8192,11,28.4348,15951953033086402595
clusterjump,8192,11,8.0017,15951953033086402595
rs18_e16,8192,11,6.7261,15951953033086402595
btree8_bl,8192,11,21.6293,15951953033086402595
btree8_bl,8192,12,21.3654,15951953033086402595
pgm16,8192,12,28.7415,15951953033086402595
rs18_e16,8192,12,6.7352,15951953033086402595
spline32,8192,12,14.2868,15951953033086402595
clusterjump,8192,12,8.0582,15951953033086402595
sorted_array,8192,12,9.1339,15951953033086402595
splus16,8192,12,7.1457,15951953033086402595
splus8,8192,12,6.1584,15951953033086402595
btree8_bl,8192,13,21.4783,15951953033086402595
splus8,8192,13,6.1584,15951953033086402595
sorted_array,8192,13,9.1034,15951953033086402595
spline32,8192,13,14.2654,15951953033086402595
clusterjump,8192,13,7.9620,15951953033086402595
pgm16,8192,13,28.8498,15951953033086402595
rs18_e16,8192,13,6.7444,15951953033086402595
splus16,8192,13,7.1701,15951953033086402595
splus16,8192,14,7.1838,15951953033086402595
splus8,8192,14,6.2073,15951953033086402595
spline32,8192,14,14.2639,15951953033086402595
sorted_array,8192,14,9.1141,15951953033086402595
btree8_bl,8192,14,21.7499,15951953033086402595
rs18_e16,8192,14,6.8222,15951953033086402595
clusterjump,8192,14,8.0688,15951953033086402595
pgm16,8192,14,28.6240,15951953033086402595
splus16,16384,0,7.3074,945405240102390383
spline32,16384,0,14.4913,945405240102390383
btree8_bl,16384,0,27.2903,945405240102390383
rs18_e16,16384,0,10.1501,945405240102390383
sorted_array,16384,0,11.9766,945405240102390383
pgm16,16384,0,28.2654,945405240102390383
clusterjump,16384,0,10.0769,945405240102390383
splus8,16384,0,6.4346,945405240102390383
sorted_array,16384,1,11.7996,945405240102390383
splus8,16384,1,5.8777,945405240102390383
spline32,16384,1,14.5309,945405240102390383
clusterjump,16384,1,9.9091,945405240102390383
pgm16,16384,1,28.1540,945405240102390383
splus16,16384,1,7.3746,945405240102390383
rs18_e16,16384,1,10.1166,945405240102390383
btree8_bl,16384,1,27.4384,945405240102390383
splus8,16384,2,6.2729,945405240102390383
btree8_bl,16384,2,26.8204,945405240102390383
rs18_e16,16384,2,9.9808,945405240102390383
pgm16,16384,2,28.2593,945405240102390383
splus16,16384,2,7.3044,945405240102390383
clusterjump,16384,2,10.1852,945405240102390383
sorted_array,16384,2,12.8006,945405240102390383
spline32,16384,2,14.7003,945405240102390383
sorted_array,16384,3,11.7874,945405240102390383
pgm16,16384,3,27.9907,945405240102390383
rs18_e16,16384,3,10.1517,945405240102390383
clusterjump,16384,3,10.0800,945405240102390383
splus8,16384,3,6.3019,945405240102390383
spline32,16384,3,14.6561,945405240102390383
btree8_bl,16384,3,27.5787,945405240102390383
splus16,16384,3,7.2617,945405240102390383
spline32,16384,4,14.4852,945405240102390383
btree8_bl,16384,4,26.7990,945405240102390383
clusterjump,16384,4,10.2158,945405240102390383
pgm16,16384,4,28.2257,945405240102390383
splus16,16384,4,7.2235,945405240102390383
splus8,16384,4,6.1050,945405240102390383
sorted_array,16384,4,11.8576,945405240102390383
rs18_e16,16384,4,10.0754,945405240102390383
spline32,16384,5,14.5554,945405240102390383
pgm16,16384,5,28.1555,945405240102390383
btree8_bl,16384,5,26.8967,945405240102390383
rs18_e16,16384,5,10.1318,945405240102390383
clusterjump,16384,5,10.0632,945405240102390383
splus8,16384,5,6.2576,945405240102390383
sorted_array,16384,5,11.7584,945405240102390383
splus16,16384,5,7.2495,945405240102390383
splus8,16384,6,6.2439,945405240102390383
splus16,16384,6,7.2662,945405240102390383
btree8_bl,16384,6,26.7517,945405240102390383
rs18_e16,16384,6,10.0616,945405240102390383
sorted_array,16384,6,11.4716,945405240102390383
clusterjump,16384,6,10.1349,945405240102390383
pgm16,16384,6,28.3569,945405240102390383
spline32,16384,6,15.6708,945405240102390383
clusterjump,16384,7,9.9548,945405240102390383
sorted_array,16384,7,11.8195,945405240102390383
pgm16,16384,7,28.1876,945405240102390383
rs18_e16,16384,7,10.0754,945405240102390383
spline32,16384,7,14.5889,945405240102390383
splus8,16384,7,6.2592,945405240102390383
btree8_bl,16384,7,27.0737,945405240102390383
splus16,16384,7,7.3654,945405240102390383
rs18_e16,16384,8,10.0693,945405240102390383
splus8,16384,8,6.1218,945405240102390383
spline32,16384,8,14.6835,945405240102390383
pgm16,16384,8,28.2806,945405240102390383
splus16,16384,8,7.2891,945405240102390383
clusterjump,16384,8,10.1913,945405240102390383
sorted_array,16384,8,11.4609,945405240102390383
btree8_bl,16384,8,27.0279,945405240102390383
spline32,16384,9,14.6790,945405240102390383
rs18_e16,16384,9,10.0525,945405240102390383
splus16,16384,9,7.2800,945405240102390383
btree8_bl,16384,9,26.7853,945405240102390383
pgm16,16384,9,28.1235,945405240102390383
clusterjump,16384,9,10.1501,945405240102390383
splus8,16384,9,6.2698,945405240102390383
sorted_array,16384,9,11.8057,945405240102390383
spline32,16384,10,14.5294,945405240102390383
pgm16,16384,10,28.0106,945405240102390383
splus16,16384,10,7.2220,945405240102390383
rs18_e16,16384,10,10.0922,945405240102390383
btree8_bl,16384,10,27.2293,945405240102390383
sorted_array,16384,10,11.7828,945405240102390383
clusterjump,16384,10,10.2264,945405240102390383
splus8,16384,10,6.2531,945405240102390383
clusterjump,16384,11,10.0830,945405240102390383
splus16,16384,11,7.2540,945405240102390383
spline32,16384,11,14.5187,945405240102390383
pgm16,16384,11,28.1662,945405240102390383
btree8_bl,16384,11,27.2308,945405240102390383
rs18_e16,16384,11,10.0723,945405240102390383
sorted_array,16384,11,11.6501,945405240102390383
splus8,16384,11,6.1020,945405240102390383
sorted_array,16384,12,11.7798,945405240102390383
splus8,16384,12,5.8502,945405240102390383
pgm16,16384,12,30.8380,945405240102390383
splus16,16384,12,7.9666,945405240102390383
spline32,16384,12,15.5258,945405240102390383
clusterjump,16384,12,10.3943,945405240102390383
btree8_bl,16384,12,27.5482,945405240102390383
rs18_e16,16384,12,10.0983,945405240102390383
sorted_array,16384,13,11.8103,945405240102390383
clusterjump,16384,13,10.1166,945405240102390383
rs18_e16,16384,13,10.0693,945405240102390383
btree8_bl,16384,13,27.3178,945405240102390383
splus8,16384,13,6.2668,945405240102390383
pgm16,16384,13,28.1998,945405240102390383
splus16,16384,13,7.2601,945405240102390383
spline32,16384,13,14.5340,945405240102390383
rs18_e16,16384,14,10.0876,945405240102390383
splus16,16384,14,7.2266,945405240102390383
btree8_bl,16384,14,26.9073,945405240102390383
sorted_array,16384,14,11.4517,945405240102390383
clusterjump,16384,14,10.0571,945405240102390383
pgm16,16384,14,28.3478,945405240102390383
spline32,16384,14,14.4897,945405240102390383
splus8,16384,14,6.2561,945405240102390383
splus8,32768,0,6.3507,11204019138822939751
pgm16,32768,0,31.1646,11204019138822939751
clusterjump,32768,0,10.4706,11204019138822939751
sorted_array,32768,0,15.5121,11204019138822939751
splus16,32768,0,7.7728,11204019138822939751
spline32,32768,0,18.4296,11204019138822939751
rs18_e16,32768,0,12.4527,11204019138822939751
btree8_bl,32768,0,21.9498,11204019138822939751
rs18_e16,32768,1,12.2314,11204019138822939751
spline32,32768,1,18.3472,11204019138822939751
clusterjump,32768,1,10.5179,11204019138822939751
btree8_bl,32768,1,21.1273,11204019138822939751
splus8,32768,1,6.4911,11204019138822939751
pgm16,32768,1,31.2088,11204019138822939751
sorted_array,32768,1,16.6245,11204019138822939751
splus16,32768,1,7.9346,11204019138822939751
pgm16,32768,2,30.8670,11204019138822939751
rs18_e16,32768,2,12.4756,11204019138822939751
btree8_bl,32768,2,21.3013,11204019138822939751
splus16,32768,2,7.4707,11204019138822939751
spline32,32768,2,18.5089,11204019138822939751
clusterjump,32768,2,10.5972,11204019138822939751
sorted_array,32768,2,15.2451,11204019138822939751
splus8,32768,2,6.5781,11204019138822939751
btree8_bl,32768,3,21.1090,11204019138822939751
pgm16,32768,3,31.1478,11204019138822939751
splus8,32768,3,6.3812,11204019138822939751
sorted_array,32768,3,15.0864,11204019138822939751
rs18_e16,32768,3,12.6053,11204019138822939751
spline32,32768,3,18.4311,11204019138822939751
clusterjump,32768,3,10.6293,11204019138822939751
splus16,32768,3,7.5653,11204019138822939751
rs18_e16,32768,4,12.3032,11204019138822939751
sorted_array,32768,4,15.0528,11204019138822939751
splus8,32768,4,6.4224,11204019138822939751
clusterjump,32768,4,10.4904,11204019138822939751
pgm16,32768,4,31.1691,11204019138822939751
splus16,32768,4,7.4860,11204019138822939751
btree8_bl,32768,4,20.9991,11204019138822939751
spline32,32768,4,18.3746,11204019138822939751
sorted_array,32768,5,14.9918,11204019138822939751
btree8_bl,32768,5,20.7108,11204019138822939751
clusterjump,32768,5,10.5499,11204019138822939751
rs18_e16,32768,5,12.3535,11204019138822939751
splus8,32768,5,7.2983,11204019138822939751
spline32,32768,5,18.4143,11204019138822939751
splus16,32768,5,7.5211,11204019138822939751
pgm16,32768,5,31.2286,11204019138822939751
pgm16,32768,6,30.9647,11204019138822939751
sorted_array,32768,6,15.0879,11204019138822939751
btree8_bl,32768,6,21.7072,11204019138822939751
splus8,32768,6,6.3644,11204019138822939751
rs18_e16,32768,6,12.3032,11204019138822939751
spline32,32768,6,19.1360,11204019138822939751
clusterjump,32768,6,10.5057,11204019138822939751
splus16,32768,6,7.6599,11204019138822939751
clusterjump,32768,7,10.4050,11204019138822939751
splus8,32768,7,6.3812,11204019138822939751
splus16,32768,7,7.5043,11204019138822939751
spline32,32768,7,18.4021,11204019138822939751
sorted_array,32768,7,15.3320,11204019138822939751
btree8_bl,32768,7,21.1838,11204019138822939751
rs18_e16,32768,7,12.3596,11204019138822939751
pgm16,32768,7,31.1340,11204019138822939751
btree8_bl,32768,8,20.8252,11204019138822939751
pgm16,32768,8,30.9280,11204019138822939751
rs18_e16,32768,8,12.2711,11204019138822939751
splus16,32768,8,7.5317,11204019138822939751
clusterjump,32768,8,10.5179,11204019138822939751
spline32,32768,8,18.3655,11204019138822939751
sorted_array,32768,8,15.1016,11204019138822939751
splus8,32768,8,6.4194,11204019138822939751
btree8_bl,32768,9,20.9915,11204019138822939751
splus8,32768,9,6.3309,11204019138822939751
pgm16,32768,9,31.1478,11204019138822939751
clusterjump,32768,9,10.5225,11204019138822939751
rs18_e16,32768,9,12.3444,11204019138822939751
splus16,32768,9,7.6523,11204019138822939751
spline32,32768,9,18.4113,11204019138822939751
sorted_array,32768,9,15.0742,11204019138822939751
splus16,32768,10,7.4890,11204019138822939751
sorted_array,32768,10,14.9750,11204019138822939751
splus8,32768,10,6.4407,11204019138822939751
spline32,32768,10,18.4052,11204019138822939751
btree8_bl,32768,10,21.0953,11204019138822939751
pgm16,32768,10,31.1844,11204019138822939751
clusterjump,32768,10,10.4843,11204019138822939751
rs18_e16,32768,10,12.3581,11204019138822939751
btree8_bl,32768,11,20.9442,11204019138822939751
spline32,32768,11,18.3762,11204019138822939751
splus16,32768,11,7.5974,11204019138822939751
pgm16,32768,11,31.1768,11204019138822939751
clusterjump,32768,11,10.4172,11204019138822939751
splus8,32768,11,6.3721,11204019138822939751
sorted_array,32768,11,15.1382,11204019138822939751
rs18_e16,32768,11,12.3291,11204019138822939751
clusterjump,32768,12,10.5225,11204019138822939751
rs18_e16,32768,12,12.2269,11204019138822939751
splus16,32768,12,7.5134,11204019138822939751
spline32,32768,12,18.4021,11204019138822939751
sorted_array,32768,12,15.4449,11204019138822939751
btree8_bl,32768,12,20.9930,11204019138822939751
pgm16,32768,12,31.3095,11204019138822939751
splus8,32768,12,6.4926,11204019138822939751
btree8_bl,32768,13,20.6604,11204019138822939751
sorted_array,32768,13,15.4480,11204019138822939751
splus16,32768,13,7.5165,11204019138822939751
spline32,32768,13,18.3914,11204019138822939751
pgm16,32768,13,30.8929,11204019138822939751
splus8,32768,13,6.4270,11204019138822939751
clusterjump,32768,13,10.5713,11204019138822939751
rs18_e16,32768,13,12.3764,11204019138822939751
btree8_bl,32768,14,21.0999,11204019138822939751
sorted_array,32768,14,15.4617,11204019138822939751
clusterjump,32768,14,10.5377,11204019138822939751
splus16,32768,14,7.5333,11204019138822939751
pgm16,32768,14,31.1752,11204019138822939751
spline32,32768,14,18.4235,11204019138822939751
splus8,32768,14,6.4209,11204019138822939751
rs18_e16,32768,14,12.3260,11204019138822939751
rs18_e16,65536,0,23.7854,8992109613039412659
splus16,65536,0,7.9666,8992109613039412659
splus8,65536,0,8.6273,8992109613039412659
clusterjump,65536,0,9.4391,8992109613039412659
btree8_bl,65536,0,24.0585,8992109613039412659
spline32,65536,0,19.6228,8992109613039412659
sorted_array,65536,0,20.4849,8992109613039412659
pgm16,65536,0,41.8182,8992109613039412659
splus8,65536,1,8.7906,8992109613039412659
sorted_array,65536,1,20.6848,8992109613039412659
splus16,65536,1,8.0673,8992109613039412659
clusterjump,65536,1,9.5230,8992109613039412659
pgm16,65536,1,41.4429,8992109613039412659
rs18_e16,65536,1,23.9563,8992109613039412659
btree8_bl,65536,1,23.0209,8992109613039412659
spline32,65536,1,19.6014,8992109613039412659
sorted_array,65536,2,20.9763,8992109613039412659
splus16,65536,2,7.9666,8992109613039412659
clusterjump,65536,2,9.6619,8992109613039412659
splus8,65536,2,8.4564,8992109613039412659
btree8_bl,65536,2,22.7997,8992109613039412659
pgm16,65536,2,42.4759,8992109613039412659
spline32,65536,2,19.2383,8992109613039412659
rs18_e16,65536,2,23.4161,8992109613039412659
pgm16,65536,3,41.1972,8992109613039412659
spline32,65536,3,19.5297,8992109613039412659
rs18_e16,65536,3,23.6115,8992109613039412659
sorted_array,65536,3,20.9717,8992109613039412659
btree8_bl,65536,3,22.6852,8992109613039412659
clusterjump,65536,3,9.5291,8992109613039412659
splus16,65536,3,8.0963,8992109613039412659
splus8,65536,3,8.3511,8992109613039412659
spline32,65536,4,19.3130,8992109613039412659
sorted_array,65536,4,20.7855,8992109613039412659
splus16,65536,4,7.9071,8992109613039412659
btree8_bl,65536,4,22.7478,8992109613039412659
pgm16,65536,4,41.5909,8992109613039412659
clusterjump,65536,4,9.5932,8992109613039412659
splus8,65536,4,8.4885,8992109613039412659
rs18_e16,65536,4,23.8495,8992109613039412659
sorted_array,65536,5,20.5475,8992109613039412659
btree8_bl,65536,5,22.7142,8992109613039412659
spline32,65536,5,19.6426,8992109613039412659
rs18_e16,65536,5,23.5748,8992109613039412659
splus8,65536,5,8.8043,8992109613039412659
pgm16,65536,5,41.7206,8992109613039412659
splus16,65536,5,7.9910,8992109613039412659
clusterjump,65536,5,9.6222,8992109613039412659
clusterjump,65536,6,9.4681,8992109613039412659
btree8_bl,65536,6,23.0911,8992109613039412659
spline32,65536,6,19.6564,8992109613039412659
splus16,65536,6,7.9605,8992109613039412659
splus8,65536,6,8.6365,8992109613039412659
rs18_e16,65536,6,23.8586,8992109613039412659
sorted_array,65536,6,20.7581,8992109613039412659
pgm16,65536,6,41.2369,8992109613039412659
spline32,65536,7,19.1971,8992109613039412659
rs18_e16,65536,7,23.6404,8992109613039412659
btree8_bl,65536,7,23.1445,8992109613039412659
splus16,65536,7,8.1497,8992109613039412659
clusterjump,65536,7,9.4803,8992109613039412659
splus8,65536,7,8.4824,8992109613039412659
sorted_array,65536,7,20.9991,8992109613039412659
pgm16,65536,7,41.7847,8992109613039412659
splus8,65536,8,8.6365,8992109613039412659
spline32,65536,8,19.7403,8992109613039412659
clusterjump,65536,8,9.4971,8992109613039412659
sorted_array,65536,8,20.2240,8992109613039412659
splus16,65536,8,8.0856,8992109613039412659
btree8_bl,65536,8,23.5962,8992109613039412659
rs18_e16,65536,8,25.0473,8992109613039412659
pgm16,65536,8,41.7679,8992109613039412659
rs18_e16,65536,9,23.7518,8992109613039412659
sorted_array,65536,9,20.3201,8992109613039412659
btree8_bl,65536,9,23.2956,8992109613039412659
clusterjump,65536,9,9.7153,8992109613039412659
pgm16,65536,9,41.7297,8992109613039412659
splus8,65536,9,9.2346,8992109613039412659
splus16,65536,9,8.6426,8992109613039412659
spline32,65536,9,19.9509,8992109613039412659
btree8_bl,65536,10,23.1110,8992109613039412659
spline32,65536,10,19.5511,8992109613039412659
rs18_e16,65536,10,23.8007,8992109613039412659
pgm16,65536,10,41.6321,8992109613039412659
splus16,65536,10,8.0154,8992109613039412659
clusterjump,65536,10,9.5566,8992109613039412659
splus8,65536,10,8.7128,8992109613039412659
sorted_array,65536,10,20.7367,8992109613039412659
pgm16,65536,11,41.5558,8992109613039412659
splus16,65536,11,7.9544,8992109613039412659
splus8,65536,11,8.3740,8992109613039412659
rs18_e16,65536,11,24.8093,8992109613039412659
sorted_array,65536,11,20.9076,8992109613039412659
clusterjump,65536,11,9.4315,8992109613039412659
btree8_bl,65536,11,22.9141,8992109613039412659
spline32,65536,11,19.2230,8992109613039412659
btree8_bl,65536,12,22.7539,8992109613039412659
spline32,65536,12,19.5709,8992109613039412659
clusterjump,65536,12,9.4574,8992109613039412659
splus16,65536,12,8.2397,8992109613039412659
pgm16,65536,12,42.0425,8992109613039412659
sorted_array,65536,12,21.1823,8992109613039412659
splus8,65536,12,9.2957,8992109613039412659
rs18_e16,65536,12,24.1379,8992109613039412659
pgm16,65536,13,41.4566,8992109613039412659
splus8,65536,13,8.6212,8992109613039412659
clusterjump,65536,13,9.4162,8992109613039412659
btree8_bl,65536,13,23.8144,8992109613039412659
splus16,65536,13,7.9742,8992109613039412659
sorted_array,65536,13,21.0434,8992109613039412659
rs18_e16,65536,13,24.9466,8992109613039412659
spline32,65536,13,19.7418,8992109613039412659
sorted_array,65536,14,20.5017,8992109613039412659
pgm16,65536,14,42.9382,8992109613039412659
clusterjump,65536,14,9.5581,8992109613039412659
splus8,65536,14,10.2570,8992109613039412659
rs18_e16,65536,14,23.8312,8992109613039412659
spline32,65536,14,19.5740,8992109613039412659
splus16,65536,14,7.9559,8992109613039412659
btree8_bl,65536,14,22.9431,8992109613039412659
spline32,131072,0,22.9599,15502177824502989122
splus16,131072,0,15.8737,15502177824502989122
splus8,131072,0,12.6099,15502177824502989122
btree8_bl,131072,0,47.6486,15502177824502989122
pgm16,131072,0,34.6893,15502177824502989122
rs18_e16,131072,0,30.8945,15502177824502989122
clusterjump,131072,0,9.9625,15502177824502989122
sorted_array,131072,0,28.0563,15502177824502989122
splus16,131072,1,13.4384,15502177824502989122
splus8,131072,1,12.0758,15502177824502989122
spline32,131072,1,22.5220,15502177824502989122
clusterjump,131072,1,9.6512,15502177824502989122
sorted_array,131072,1,28.5706,15502177824502989122
pgm16,131072,1,35.4736,15502177824502989122
rs18_e16,131072,1,31.2744,15502177824502989122
btree8_bl,131072,1,53.9383,15502177824502989122
rs18_e16,131072,2,31.4774,15502177824502989122
clusterjump,131072,2,9.2896,15502177824502989122
sorted_array,131072,2,27.5513,15502177824502989122
spline32,131072,2,22.4213,15502177824502989122
splus16,131072,2,15.3839,15502177824502989122
btree8_bl,131072,2,41.6748,15502177824502989122
pgm16,131072,2,35.5789,15502177824502989122
splus8,131072,2,13.6398,15502177824502989122
rs18_e16,131072,3,30.4947,15502177824502989122
spline32,131072,3,22.0169,15502177824502989122
pgm16,131072,3,34.2117,15502177824502989122
sorted_array,131072,3,27.7557,15502177824502989122
btree8_bl,131072,3,46.0846,15502177824502989122
splus16,131072,3,14.5813,15502177824502989122
splus8,131072,3,10.8948,15502177824502989122
clusterjump,131072,3,10.1044,15502177824502989122
clusterjump,131072,4,8.4015,15502177824502989122
pgm16,131072,4,34.5779,15502177824502989122
spline32,131072,4,22.0047,15502177824502989122
splus8,131072,4,9.6664,15502177824502989122
splus16,131072,4,11.9217,15502177824502989122
rs18_e16,131072,4,31.4346,15502177824502989122
sorted_array,131072,4,28.1601,15502177824502989122
btree8_bl,131072,4,50.6821,15502177824502989122
spline32,131072,5,22.8928,15502177824502989122
pgm16,131072,5,35.9100,15502177824502989122
rs18_e16,131072,5,31.2424,15502177824502989122
btree8_bl,131072,5,43.6920,15502177824502989122
sorted_array,131072,5,28.7430,15502177824502989122
splus8,131072,5,14.5416,15502177824502989122
clusterjump,131072,5,11.1710,15502177824502989122
splus16,131072,5,15.9683,15502177824502989122
rs18_e16,131072,6,31.1035,15502177824502989122
clusterjump,131072,6,10.1669,15502177824502989122
btree8_bl,131072,6,42.8253,15502177824502989122
spline32,131072,6,22.5464,15502177824502989122
sorted_array,131072,6,28.3630,15502177824502989122
pgm16,131072,6,36.2320,15502177824502989122
splus16,131072,6,12.4435,15502177824502989122
splus8,131072,6,12.4557,15502177824502989122
sorted_array,131072,7,26.7731,15502177824502989122
splus8,131072,7,8.8547,15502177824502989122
pgm16,131072,7,34.0057,15502177824502989122
splus16,131072,7,11.4655,15502177824502989122
rs18_e16,131072,7,31.4941,15502177824502989122
btree8_bl,131072,7,51.7532,15502177824502989122
spline32,131072,7,22.5922,15502177824502989122
clusterjump,131072,7,10.5499,15502177824502989122
spline32,131072,8,21.9711,15502177824502989122
sorted_array,131072,8,29.3518,15502177824502989122
rs18_e16,131072,8,31.1371,15502177824502989122
pgm16,131072,8,35.6522,15502177824502989122
splus8,131072,8,13.5727,15502177824502989122
splus16,131072,8,13.7161,15502177824502989122
clusterjump,131072,8,9.4925,15502177824502989122
btree8_bl,131072,8,46.1807,15502177824502989122
sorted_array,131072,9,27.6596,15502177824502989122
pgm16,131072,9,35.1791,15502177824502989122
splus8,131072,9,11.9003,15502177824502989122
btree8_bl,131072,9,48.5062,15502177824502989122
spline32,131072,9,23.3475,15502177824502989122
clusterjump,131072,9,11.0458,15502177824502989122
splus16,131072,9,16.4886,15502177824502989122
rs18_e16,131072,9,32.6385,15502177824502989122
btree8_bl,131072,10,41.7084,15502177824502989122
spline32,131072,10,22.5128,15502177824502989122
rs18_e16,131072,10,32.1579,15502177824502989122
sorted_array,131072,10,29.0741,15502177824502989122
splus16,131072,10,15.3748,15502177824502989122
splus8,131072,10,14.0350,15502177824502989122
clusterjump,131072,10,10.8002,15502177824502989122
pgm16,131072,10,37.2849,15502177824502989122
spline32,131072,11,22.2961,15502177824502989122
sorted_array,131072,11,27.4796,15502177824502989122
splus8,131072,11,11.5601,15502177824502989122
pgm16,131072,11,34.0103,15502177824502989122
rs18_e16,131072,11,30.6610,15502177824502989122
splus16,131072,11,13.6093,15502177824502989122
btree8_bl,131072,11,49.4339,15502177824502989122
clusterjump,131072,11,9.8770,15502177824502989122
clusterjump,131072,12,8.3694,15502177824502989122
sorted_array,131072,12,27.4078,15502177824502989122
spline32,131072,12,22.5998,15502177824502989122
splus8,131072,12,11.3373,15502177824502989122
splus16,131072,12,13.4018,15502177824502989122
btree8_bl,131072,12,42.8375,15502177824502989122
pgm16,131072,12,37.5443,15502177824502989122
rs18_e16,131072,12,31.4209,15502177824502989122
splus8,131072,13,10.4630,15502177824502989122
rs18_e16,131072,13,29.5837,15502177824502989122
pgm16,131072,13,34.1690,15502177824502989122
btree8_bl,131072,13,41.6473,15502177824502989122
spline32,131072,13,22.4731,15502177824502989122
clusterjump,131072,13,10.0266,15502177824502989122
splus16,131072,13,13.6887,15502177824502989122
sorted_array,131072,13,27.7817,15502177824502989122
splus16,131072,14,11.2488,15502177824502989122
splus8,131072,14,10.3134,15502177824502989122
sorted_array,131072,14,26.9043,15502177824502989122
pgm16,131072,14,34.8160,15502177824502989122
rs18_e16,131072,14,31.0471,15502177824502989122
clusterjump,131072,14,9.4223,15502177824502989122
spline32,131072,14,22.2824,15502177824502989122
btree8_bl,131072,14,45.9518,15502177824502989122
rs18_e16,262144,0,36.8179,10602480946322266952
pgm16,262144,0,42.8223,10602480946322266952
sorted_array,262144,0,38.3850,10602480946322266952
spline32,262144,0,28.9459,10602480946322266952
splus16,262144,0,18.4967,10602480946322266952
clusterjump,262144,0,13.0844,10602480946322266952
btree8_bl,262144,0,45.4483,10602480946322266952
splus8,262144,0,19.4046,10602480946322266952
spline32,262144,1,27.7466,10602480946322266952
rs18_e16,262144,1,36.6226,10602480946322266952
btree8_bl,262144,1,35.2310,10602480946322266952
splus16,262144,1,18.8217,10602480946322266952
pgm16,262144,1,46.5622,10602480946322266952
sorted_array,262144,1,36.9064,10602480946322266952
splus8,262144,1,16.8411,10602480946322266952
clusterjump,262144,1,14.7583,10602480946322266952
rs18_e16,262144,2,38.8031,10602480946322266952
clusterjump,262144,2,10.9467,10602480946322266952
splus16,262144,2,19.5160,10602480946322266952
splus8,262144,2,17.5751,10602480946322266952
pgm16,262144,2,48.2162,10602480946322266952
spline32,262144,2,29.3945,10602480946322266952
sorted_array,262144,2,35.9512,10602480946322266952
btree8_bl,262144,2,50.4303,10602480946322266952
splus8,262144,3,20.4224,10602480946322266952
rs18_e16,262144,3,40.6189,10602480946322266952
spline32,262144,3,30.3528,10602480946322266952
clusterjump,262144,3,15.8615,10602480946322266952
pgm16,262144,3,49.5316,10602480946322266952
sorted_array,262144,3,35.8383,10602480946322266952
splus16,262144,3,20.8588,10602480946322266952
btree8_bl,262144,3,45.2133,10602480946322266952
pgm16,262144,4,47.4014,10602480946322266952
btree8_bl,262144,4,34.0958,10602480946322266952
splus16,262144,4,19.3542,10602480946322266952
clusterjump,262144,4,14.3814,10602480946322266952
spline32,262144,4,29.8294,10602480946322266952
sorted_array,262144,4,36.3342,10602480946322266952
splus8,262144,4,20.1721,10602480946322266952
rs18_e16,262144,4,37.9715,10602480946322266952
splus16,262144,5,14.0884,10602480946322266952
pgm16,262144,5,45.9610,10602480946322266952
sorted_array,262144,5,35.3851,10602480946322266952
spline32,262144,5,27.3376,10602480946322266952
splus8,262144,5,13.2751,10602480946322266952
clusterjump,262144,5,11.3068,10602480946322266952
rs18_e16,262144,5,33.8776,10602480946322266952
btree8_bl,262144,5,41.9174,10602480946322266952
splus8,262144,6,11.6714,10602480946322266952
rs18_e16,262144,6,34.3216,10602480946322266952
btree8_bl,262144,6,33.2779,10602480946322266952
pgm16,262144,6,46.9528,10602480946322266952
clusterjump,262144,6,11.5616,10602480946322266952
splus16,262144,6,18.1900,10602480946322266952
spline32,262144,6,28.0212,10602480946322266952
sorted_array,262144,6,34.9426,10602480946322266952
splus16,262144,7,15.7471,10602480946322266952
splus8,262144,7,13.5727,10602480946322266952
clusterjump,262144,7,11.0092,10602480946322266952
spline32,262144,7,27.3041,10602480946322266952
sorted_array,262144,7,33.0780,10602480946322266952
pgm16,262144,7,46.7560,10602480946322266952
btree8_bl,262144,7,44.3436,10602480946322266952
rs18_e16,262144,7,36.8546,10602480946322266952
sorted_array,262144,8,32.9071,10602480946322266952
pgm16,262144,8,45.2789,10602480946322266952
rs18_e16,262144,8,33.5556,10602480946322266952
splus8,262144,8,17.2455,10602480946322266952
btree8_bl,262144,8,35.7666,10602480946322266952
spline32,262144,8,27.9633,10602480946322266952
splus16,262144,8,19.4763,10602480946322266952
clusterjump,262144,8,12.4603,10602480946322266952
spline32,262144,9,27.3163,10602480946322266952
splus16,262144,9,16.7572,10602480946322266952
rs18_e16,262144,9,35.3241,10602480946322266952
btree8_bl,262144,9,35.3745,10602480946322266952
clusterjump,262144,9,11.2228,10602480946322266952
pgm16,262144,9,46.2631,10602480946322266952
sorted_array,262144,9,36.5128,10602480946322266952
splus8,262144,9,19.2429,10602480946322266952
splus16,262144,10,18.1580,10602480946322266952
clusterjump,262144,10,10.5286,10602480946322266952
sorted_array,262144,10,35.6934,10602480946322266952
pgm16,262144,10,44.4809,10602480946322266952
btree8_bl,262144,10,42.3843,10602480946322266952
spline32,262144,10,28.1479,10602480946322266952
rs18_e16,262144,10,39.0594,10602480946322266952
splus8,262144,10,17.5476,10602480946322266952
spline32,262144,11,27.2034,10602480946322266952
rs18_e16,262144,11,35.2158,10602480946322266952
sorted_array,262144,11,34.6985,10602480946322266952
splus16,262144,11,18.0450,10602480946322266952
clusterjump,262144,11,13.1897,10602480946322266952
pgm16,262144,11,47.2946,10602480946322266952
splus8,262144,11,14.2899,10602480946322266952
btree8_bl,262144,11,42.3737,10602480946322266952
spline32,262144,12,29.9072,10602480946322266952
splus8,262144,12,12.7960,10602480946322266952
splus16,262144,12,18.7912,10602480946322266952
rs18_e16,262144,12,37.8876,10602480946322266952
sorted_array,262144,12,36.6119,10602480946322266952
clusterjump,262144,12,13.7314,10602480946322266952
pgm16,262144,12,48.3475,10602480946322266952
btree8_bl,262144,12,45.8023,10602480946322266952
splus16,262144,13,19.2490,10602480946322266952
splus8,262144,13,18.1717,10602480946322266952
clusterjump,262144,13,12.8586,10602480946322266952
btree8_bl,262144,13,34.6954,10602480946322266952
rs18_e16,262144,13,37.5626,10602480946322266952
sorted_array,262144,13,35.3180,10602480946322266952
pgm16,262144,13,47.4930,10602480946322266952
spline32,262144,13,30.3955,10602480946322266952
splus8,262144,14,18.7286,10602480946322266952
pgm16,262144,14,45.1324,10602480946322266952
sorted_array,262144,14,34.5810,10602480946322266952
splus16,262144,14,20.9778,10602480946322266952
btree8_bl,262144,14,43.6707,10602480946322266952
clusterjump,262144,14,13.9908,10602480946322266952
spline32,262144,14,29.2953,10602480946322266952
rs18_e16,262144,14,37.0438,10602480946322266952
splus8,524288,0,31.1874,16356480630625438091
spline32,524288,0,33.8776,16356480630625438091
clusterjump,524288,0,19.6564,16356480630625438091
sorted_array,524288,0,58.0551,16356480630625438091
pgm16,524288,0,50.7095,16356480630625438091
rs18_e16,524288,0,41.5146,16356480630625438091
splus16,524288,0,32.1075,16356480630625438091
btree8_bl,524288,0,43.8858,16356480630625438091
btree8_bl,524288,1,28.4515,16356480630625438091
spline32,524288,1,36.6180,16356480630625438091
splus16,524288,1,25.0122,16356480630625438091
splus8,524288,1,33.3450,16356480630625438091
clusterjump,524288,1,24.0448,16356480630625438091
rs18_e16,524288,1,44.0109,16356480630625438091
sorted_array,524288,1,59.6207,16356480630625438091
pgm16,524288,1,55.9341,16356480630625438091
pgm16,524288,2,42.8665,16356480630625438091
splus8,524288,2,29.4495,16356480630625438091
splus16,524288,2,29.4785,16356480630625438091
sorted_array,524288,2,54.8050,16356480630625438091
rs18_e16,524288,2,43.0695,16356480630625438091
clusterjump,524288,2,22.3831,16356480630625438091
btree8_bl,524288,2,46.1044,16356480630625438091
spline32,524288,2,36.9675,16356480630625438091
clusterjump,524288,3,17.2577,16356480630625438091
splus8,524288,3,32.5699,16356480630625438091
rs18_e16,524288,3,40.9241,16356480630625438091
splus16,524288,3,30.9021,16356480630625438091
spline32,524288,3,33.2062,16356480630625438091
pgm16,524288,3,53.4012,16356480630625438091
btree8_bl,524288,3,42.5156,16356480630625438091
sorted_array,524288,3,58.0963,16356480630625438091
pgm16,524288,4,48.2788,16356480630625438091
clusterjump,524288,4,20.9244,16356480630625438091
splus16,524288,4,33.1116,16356480630625438091
sorted_array,524288,4,53.6697,16356480630625438091
splus8,524288,4,33.6777,16356480630625438091
rs18_e16,524288,4,45.1889,16356480630625438091
btree8_bl,524288,4,43.3395,16356480630625438091
spline32,524288,4,34.0668,16356480630625438091
sorted_array,524288,5,57.9941,16356480630625438091
splus8,524288,5,32.1426,16356480630625438091
spline32,524288,5,32.0206,16356480630625438091
btree8_bl,524288,5,40.0467,16356480630625438091
splus16,524288,5,31.3248,16356480630625438091
pgm16,524288,5,58.1238,16356480630625438091
clusterjump,524288,5,24.8734,16356480630625438091
rs18_e16,524288,5,46.1411,16356480630625438091
spline32,524288,6,35.9833,16356480630625438091
splus16,524288,6,27.6184,16356480630625438091
btree8_bl,524288,6,46.6446,16356480630625438091
splus8,524288,6,33.2123,16356480630625438091
clusterjump,524288,6,22.9309,16356480630625438091
sorted_array,524288,6,59.4528,16356480630625438091
pgm16,524288,6,57.6233,16356480630625438091
rs18_e16,524288,6,44.0903,16356480630625438091
sorted_array,524288,7,52.9388,16356480630625438091
btree8_bl,524288,7,43.6646,16356480630625438091
spline32,524288,7,33.5220,16356480630625438091
rs18_e16,524288,7,40.7837,16356480630625438091
splus16,524288,7,32.4005,16356480630625438091
clusterjump,524288,7,23.5718,16356480630625438091
pgm16,524288,7,56.9153,16356480630625438091
splus8,524288,7,33.9371,16356480630625438091
btree8_bl,524288,8,40.1627,16356480630625438091
pgm16,524288,8,47.6715,16356480630625438091
sorted_array,524288,8,59.5764,16356480630625438091
spline32,524288,8,33.5220,16356480630625438091
clusterjump,524288,8,21.9162,16356480630625438091
splus8,524288,8,30.5466,16356480630625438091
splus16,524288,8,34.8740,16356480630625438091
rs18_e16,524288,8,46.3486,16356480630625438091
spline32,524288,9,32.6950,16356480630625438091
btree8_bl,524288,9,45.7611,16356480630625438091
clusterjump,524288,9,20.6696,16356480630625438091
splus8,524288,9,31.3583,16356480630625438091
rs18_e16,524288,9,43.4509,16356480630625438091
pgm16,524288,9,58.5144,16356480630625438091
sorted_array,524288,9,60.2844,16356480630625438091
splus16,524288,9,30.8228,16356480630625438091
btree8_bl,524288,10,45.9320,16356480630625438091
splus8,524288,10,32.6996,16356480630625438091
splus16,524288,10,26.1429,16356480630625438091
spline32,524288,10,37.8372,16356480630625438091
sorted_array,524288,10,58.4015,16356480630625438091
pgm16,524288,10,57.0938,16356480630625438091
rs18_e16,524288,10,44.6396,16356480630625438091
clusterjump,524288,10,23.4558,16356480630625438091
spline32,524288,11,33.0002,16356480630625438091
btree8_bl,524288,11,47.2946,16356480630625438091
pgm16,524288,11,51.7044,16356480630625438091
sorted_array,524288,11,59.6191,16356480630625438091
rs18_e16,524288,11,45.2759,16356480630625438091
clusterjump,524288,11,24.0219,16356480630625438091
splus8,524288,11,35.6339,16356480630625438091
splus16,524288,11,32.3975,16356480630625438091
spline32,524288,12,36.9461,16356480630625438091
clusterjump,524288,12,19.3069,16356480630625438091
rs18_e16,524288,12,42.1524,16356480630625438091
splus16,524288,12,25.8698,16356480630625438091
btree8_bl,524288,12,43.0862,16356480630625438091
sorted_array,524288,12,58.8882,16356480630625438091
splus8,524288,12,33.1070,16356480630625438091
pgm16,524288,12,58.2169,16356480630625438091
btree8_bl,524288,13,37.2299,16356480630625438091
clusterjump,524288,13,22.2183,16356480630625438091
pgm16,524288,13,47.6120,16356480630625438091
rs18_e16,524288,13,44.8288,16356480630625438091
sorted_array,524288,13,57.5638,16356480630625438091
splus16,524288,13,34.6344,16356480630625438091
splus8,524288,13,32.1167,16356480630625438091
spline32,524288,13,33.6319,16356480630625438091
sorted_array,524288,14,53.5736,16356480630625438091
rs18_e16,524288,14,39.5538,16356480630625438091
clusterjump,524288,14,20.1309,16356480630625438091
splus8,524288,14,27.0966,16356480630625438091
splus16,524288,14,29.0558,16356480630625438091
btree8_bl,524288,14,43.7500,16356480630625438091
spline32,524288,14,34.5200,16356480630625438091
pgm16,524288,14,54.1748,16356480630625438091
pgm16,1048576,0,45.9167,7611825509579348097
spline32,1048576,0,48.8922,7611825509579348097
sorted_array,1048576,0,101.8661,7611825509579348097
splus8,1048576,0,44.8196,7611825509579348097
btree8_bl,1048576,0,118.9301,7611825509579348097
splus16,1048576,0,43.6081,7611825509579348097
rs18_e16,1048576,0,57.5958,7611825509579348097
clusterjump,1048576,0,38.7512,7611825509579348097
splus16,1048576,1,35.5453,7611825509579348097
sorted_array,1048576,1,98.2895,7611825509579348097
pgm16,1048576,1,72.8531,7611825509579348097
clusterjump,1048576,1,33.7524,7611825509579348097
splus8,1048576,1,44.2688,7611825509579348097
spline32,1048576,1,41.6580,7611825509579348097
btree8_bl,1048576,1,116.1896,7611825509579348097
rs18_e16,1048576,1,56.2805,7611825509579348097
rs18_e16,1048576,2,36.2259,7611825509579348097
spline32,1048576,2,46.2921,7611825509579348097
sorted_array,1048576,2,98.7213,7611825509579348097
splus8,1048576,2,43.4708,7611825509579348097
splus16,1048576,2,44.7617,7611825509579348097
pgm16,1048576,2,68.1610,7611825509579348097
clusterjump,1048576,2,36.8088,7611825509579348097
btree8_bl,1048576,2,116.1057,7611825509579348097
splus8,1048576,3,46.1670,7611825509579348097
clusterjump,1048576,3,31.7001,7611825509579348097
sorted_array,1048576,3,97.3846,7611825509579348097
rs18_e16,1048576,3,54.5624,7611825509579348097
pgm16,1048576,3,69.3146,7611825509579348097
spline32,1048576,3,49.4125,7611825509579348097
btree8_bl,1048576,3,137.2665,7611825509579348097
splus16,1048576,3,156.2271,7611825509579348097
btree8_bl,1048576,4,124.8352,7611825509579348097
splus8,1048576,4,44.1650,7611825509579348097
sorted_array,1048576,4,103.2486,7611825509579348097
pgm16,1048576,4,72.5677,7611825509579348097
rs18_e16,1048576,4,55.0903,7611825509579348097
splus16,1048576,4,43.3014,7611825509579348097
spline32,1048576,4,47.3450,7611825509579348097
clusterjump,1048576,4,35.0601,7611825509579348097
rs18_e16,1048576,5,51.1459,7611825509579348097
pgm16,1048576,5,67.7902,7611825509579348097
splus8,1048576,5,43.5425,7611825509579348097
clusterjump,1048576,5,30.7266,7611825509579348097
spline32,1048576,5,40.7669,7611825509579348097
btree8_bl,1048576,5,117.2729,7611825509579348097
splus16,1048576,5,45.1981,7611825509579348097
sorted_array,1048576,5,100.1678,7611825509579348097
sorted_array,1048576,6,85.4752,7611825509579348097
splus16,1048576,6,40.6052,7611825509579348097
rs18_e16,1048576,6,56.6696,7611825509579348097
pgm16,1048576,6,72.7310,7611825509579348097
btree8_bl,1048576,6,116.3864,7611825509579348097
clusterjump,1048576,6,36.3449,7611825509579348097
splus8,1048576,6,44.5633,7611825509579348097
spline32,1048576,6,47.8882,7611825509579348097
sorted_array,1048576,7,100.9964,7611825509579348097
pgm16,1048576,7,69.5694,7611825509579348097
splus16,1048576,7,45.5200,7611825509579348097
splus8,1048576,7,43.5013,7611825509579348097
btree8_bl,1048576,7,125.7629,7611825509579348097
rs18_e16,1048576,7,63.1821,7611825509579348097
spline32,1048576,7,51.6464,7611825509579348097
clusterjump,1048576,7,42.9291,7611825509579348097
pgm16,1048576,8,80.8578,7611825509579348097
sorted_array,1048576,8,102.5131,7611825509579348097
btree8_bl,1048576,8,121.8369,7611825509579348097
splus8,1048576,8,45.7718,7611825509579348097
spline32,1048576,8,49.9420,7611825509579348097
splus16,1048576,8,45.7336,7611825509579348097
clusterjump,1048576,8,38.7894,7611825509579348097
rs18_e16,1048576,8,55.4993,7611825509579348097
spline32,1048576,9,48.4528,7611825509579348097
rs18_e16,1048576,9,47.5143,7611825509579348097
pgm16,1048576,9,72.1466,7611825509579348097
clusterjump,1048576,9,39.6713,7611825509579348097
splus16,1048576,9,44.7952,7611825509579348097
sorted_array,1048576,9,99.8276,7611825509579348097
btree8_bl,1048576,9,119.9997,7611825509579348097
splus8,1048576,9,45.3400,7611825509579348097
pgm16,1048576,10,72.7097,7611825509579348097
rs18_e16,1048576,10,57.6874,7611825509579348097
clusterjump,1048576,10,37.2040,7611825509579348097
sorted_array,1048576,10,98.7534,7611825509579348097
spline32,1048576,10,42.2897,7611825509579348097
splus16,1048576,10,46.3318,7611825509579348097
btree8_bl,1048576,10,131.5872,7611825509579348097
splus8,1048576,10,47.7539,7611825509579348097
pgm16,1048576,11,112.1078,7611825509579348097
spline32,1048576,11,48.1598,7611825509579348097
clusterjump,1048576,11,45.6802,7611825509579348097
sorted_array,1048576,11,103.2898,7611825509579348097
splus8,1048576,11,44.5297,7611825509579348097
splus16,1048576,11,42.5613,7611825509579348097
rs18_e16,1048576,11,57.2098,7611825509579348097
btree8_bl,1048576,11,118.0557,7611825509579348097
pgm16,1048576,12,70.3278,7611825509579348097
sorted_array,1048576,12,99.2462,7611825509579348097
btree8_bl,1048576,12,116.1606,7611825509579348097
spline32,1048576,12,48.5077,7611825509579348097
splus8,1048576,12,44.1895,7611825509579348097
splus16,1048576,12,44.1589,7611825509579348097
clusterjump,1048576,12,36.0443,7611825509579348097
rs18_e16,1048576,12,55.2246,7611825509579348097
clusterjump,1048576,13,28.3875,7611825509579348097
pgm16,1048576,13,76.9623,7611825509579348097
sorted_array,1048576,13,103.2608,7611825509579348097
splus8,1048576,13,44.5877,7611825509579348097
splus16,1048576,13,45.5688,7611825509579348097
btree8_bl,1048576,13,118.6356,7611825509579348097
spline32,1048576,13,48.2727,7611825509579348097
rs18_e16,1048576,13,53.5797,7611825509579348097
spline32,1048576,14,38.1714,7611825509579348097
clusterjump,1048576,14,41.2170,7611825509579348097
rs18_e16,1048576,14,55.7327,7611825509579348097
pgm16,1048576,14,73.8464,7611825509579348097
splus16,1048576,14,46.3486,7611825509579348097
sorted_array,1048576,14,100.0198,7611825509579348097
btree8_bl,1048576,14,116.2216,7611825509579348097
splus8,1048576,14,45.2148,7611825509579348097
splus16,2097152,0,59.4696,2312586433062976362
rs18_e16,2097152,0,66.5192,2312586433062976362
spline32,2097152,0,59.3552,2312586433062976362
pgm16,2097152,0,87.3901,2312586433062976362
splus8,2097152,0,54.6494,2312586433062976362
clusterjump,2097152,0,56.7291,2312586433062976362
btree8_bl,2097152,0,113.0829,2312586433062976362
sorted_array,2097152,0,140.5457,2312586433062976362
spline32,2097152,1,62.8128,2312586433062976362
clusterjump,2097152,1,59.9579,2312586433062976362
splus8,2097152,1,53.7964,2312586433062976362
pgm16,2097152,1,82.9315,2312586433062976362
splus16,2097152,1,58.3511,2312586433062976362
btree8_bl,2097152,1,112.8372,2312586433062976362
rs18_e16,2097152,1,69.7235,2312586433062976362
sorted_array,2097152,1,141.1118,2312586433062976362
clusterjump,2097152,2,59.2438,2312586433062976362
btree8_bl,2097152,2,113.7238,2312586433062976362
spline32,2097152,2,67.4637,2312586433062976362
splus16,2097152,2,58.7784,2312586433062976362
pgm16,2097152,2,86.7706,2312586433062976362
sorted_array,2097152,2,142.3157,2312586433062976362
splus8,2097152,2,54.8370,2312586433062976362
rs18_e16,2097152,2,65.5853,2312586433062976362
pgm16,2097152,3,83.7250,2312586433062976362
btree8_bl,2097152,3,112.9395,2312586433062976362
clusterjump,2097152,3,56.6269,2312586433062976362
sorted_array,2097152,3,139.2822,2312586433062976362
spline32,2097152,3,66.8686,2312586433062976362
rs18_e16,2097152,3,67.2012,2312586433062976362
splus16,2097152,3,58.8959,2312586433062976362
splus8,2097152,3,54.4098,2312586433062976362
btree8_bl,2097152,4,111.1023,2312586433062976362
rs18_e16,2097152,4,67.6025,2312586433062976362
sorted_array,2097152,4,136.7432,2312586433062976362
spline32,2097152,4,66.3269,2312586433062976362
splus16,2097152,4,59.0271,2312586433062976362
pgm16,2097152,4,85.5286,2312586433062976362
splus8,2097152,4,54.3365,2312586433062976362
clusterjump,2097152,4,56.3400,2312586433062976362
splus16,2097152,5,57.2708,2312586433062976362
clusterjump,2097152,5,46.8979,2312586433062976362
pgm16,2097152,5,87.5839,2312586433062976362
rs18_e16,2097152,5,66.2704,2312586433062976362
btree8_bl,2097152,5,112.2757,2312586433062976362
sorted_array,2097152,5,141.7145,2312586433062976362
splus8,2097152,5,54.2130,2312586433062976362
spline32,2097152,5,67.0532,2312586433062976362
sorted_array,2097152,6,139.9765,2312586433062976362
splus16,2097152,6,58.7250,2312586433062976362
btree8_bl,2097152,6,110.7285,2312586433062976362
rs18_e16,2097152,6,66.6809,2312586433062976362
clusterjump,2097152,6,60.7330,2312586433062976362
splus8,2097152,6,55.9830,2312586433062976362
pgm16,2097152,6,84.7092,2312586433062976362
spline32,2097152,6,66.6153,2312586433062976362
splus16,2097152,7,58.5526,2312586433062976362
rs18_e16,2097152,7,65.6754,2312586433062976362
clusterjump,2097152,7,58.4091,2312586433062976362
pgm16,2097152,7,86.5234,2312586433062976362
btree8_bl,2097152,7,112.1719,2312586433062976362
sorted_array,2097152,7,141.0126,2312586433062976362
splus8,2097152,7,53.8513,2312586433062976362
spline32,2097152,7,61.4258,2312586433062976362
clusterjump,2097152,8,61.5906,2312586433062976362
pgm16,2097152,8,87.4680,2312586433062976362
spline32,2097152,8,58.8318,2312586433062976362
rs18_e16,2097152,8,72.0734,2312586433062976362
splus16,2097152,8,59.1003,2312586433062976362
splus8,2097152,8,54.4037,2312586433062976362
btree8_bl,2097152,8,112.9517,2312586433062976362
sorted_array,2097152,8,140.1978,2312586433062976362
rs18_e16,2097152,9,66.2140,2312586433062976362
btree8_bl,2097152,9,117.6010,2312586433062976362
sorted_array,2097152,9,168.0237,2312586433062976362
pgm16,2097152,9,97.0627,2312586433062976362
clusterjump,2097152,9,65.2924,2312586433062976362
splus16,2097152,9,61.3358,2312586433062976362
splus8,2097152,9,54.8920,2312586433062976362
spline32,2097152,9,67.2272,2312586433062976362
btree8_bl,2097152,10,116.6016,2312586433062976362
splus16,2097152,10,60.4065,2312586433062976362
pgm16,2097152,10,88.3041,2312586433062976362
clusterjump,2097152,10,63.8855,2312586433062976362
sorted_array,2097152,10,144.4061,2312586433062976362
splus8,2097152,10,57.0831,2312586433062976362
spline32,2097152,10,71.9635,2312586433062976362
rs18_e16,2097152,10,69.2261,2312586433062976362
btree8_bl,2097152,11,116.1026,2312586433062976362
splus16,2097152,11,60.4462,2312586433062976362
clusterjump,2097152,11,67.1143,2312586433062976362
splus8,2097152,11,58.1924,2312586433062976362
sorted_array,2097152,11,152.3468,2312586433062976362
spline32,2097152,11,62.2467,2312586433062976362
pgm16,2097152,11,86.9354,2312586433062976362
rs18_e16,2097152,11,68.5333,2312586433062976362
clusterjump,2097152,12,62.0438,2312586433062976362
splus16,2097152,12,59.4193,2312586433062976362
rs18_e16,2097152,12,67.9443,2312586433062976362
sorted_array,2097152,12,140.0909,2312586433062976362
btree8_bl,2097152,12,111.9095,2312586433062976362
splus8,2097152,12,54.7562,2312586433062976362
spline32,2097152,12,59.9243,2312586433062976362
pgm16,2097152,12,85.6323,2312586433062976362
sorted_array,2097152,13,136.9019,2312586433062976362
spline32,2097152,13,56.2134,2312586433062976362
splus16,2097152,13,58.1802,2312586433062976362
btree8_bl,2097152,13,116.0095,2312586433062976362
splus8,2097152,13,56.9214,2312586433062976362
pgm16,2097152,13,87.1246,2312586433062976362
clusterjump,2097152,13,59.8724,2312586433062976362
rs18_e16,2097152,13,67.3401,2312586433062976362
splus16,2097152,14,56.4926,2312586433062976362
clusterjump,2097152,14,49.8489,2312586433062976362
sorted_array,2097152,14,138.3881,2312586433062976362
spline32,2097152,14,56.2698,2312586433062976362
btree8_bl,2097152,14,114.9506,2312586433062976362
pgm16,2097152,14,89.2395,2312586433062976362
splus8,2097152,14,55.1651,2312586433062976362
rs18_e16,2097152,14,72.7432,2312586433062976362
pgm16,4194304,0,101.5320,4318559463045870694
splus16,4194304,0,72.0627,4318559463045870694
spline32,4194304,0,88.4018,4318559463045870694
clusterjump,4194304,0,89.0808,4318559463045870694
btree8_bl,4194304,0,112.9379,4318559463045870694
splus8,4194304,0,68.4418,4318559463045870694
rs18_e16,4194304,0,89.8666,4318559463045870694
sorted_array,4194304,0,289.9277,4318559463045870694
splus8,4194304,1,69.3390,4318559463045870694
splus16,4194304,1,68.4006,4318559463045870694
pgm16,4194304,1,106.0516,4318559463045870694
clusterjump,4194304,1,90.3931,4318559463045870694
btree8_bl,4194304,1,117.2806,4318559463045870694
spline32,4194304,1,82.4707,4318559463045870694
rs18_e16,4194304,1,79.5792,4318559463045870694
sorted_array,4194304,1,269.2642,4318559463045870694
spline32,4194304,2,87.6862,4318559463045870694
splus8,4194304,2,66.9296,4318559463045870694
pgm16,4194304,2,93.8660,4318559463045870694
clusterjump,4194304,2,83.1024,4318559463045870694
rs18_e16,4194304,2,79.9133,4318559463045870694
splus16,4194304,2,71.0815,4318559463045870694
sorted_array,4194304,2,258.7738,4318559463045870694
btree8_bl,4194304,2,108.4000,4318559463045870694
sorted_array,4194304,3,255.6625,4318559463045870694
spline32,4194304,3,81.0944,4318559463045870694
btree8_bl,4194304,3,110.1074,4318559463045870694
splus8,4194304,3,65.9653,4318559463045870694
pgm16,4194304,3,96.5363,4318559463045870694
rs18_e16,4194304,3,77.2552,4318559463045870694
clusterjump,4194304,3,82.2250,4318559463045870694
splus16,4194304,3,70.0775,4318559463045870694
spline32,4194304,4,80.2551,4318559463045870694
rs18_e16,4194304,4,75.8484,4318559463045870694
pgm16,4194304,4,93.1824,4318559463045870694
clusterjump,4194304,4,82.9681,4318559463045870694
btree8_bl,4194304,4,110.9146,4318559463045870694
splus16,4194304,4,68.6554,4318559463045870694
sorted_array,4194304,4,250.4303,4318559463045870694
splus8,4194304,4,66.6458,4318559463045870694
clusterjump,4194304,5,85.6583,4318559463045870694
rs18_e16,4194304,5,77.3193,4318559463045870694
sorted_array,4194304,5,245.1843,4318559463045870694
btree8_bl,4194304,5,108.7067,4318559463045870694
spline32,4194304,5,82.1747,4318559463045870694
splus16,4194304,5,69.3695,4318559463045870694
pgm16,4194304,5,95.0439,4318559463045870694
splus8,4194304,5,66.0736,4318559463045870694
btree8_bl,4194304,6,107.3929,4318559463045870694
rs18_e16,4194304,6,78.2013,4318559463045870694
clusterjump,4194304,6,80.5664,4318559463045870694
splus16,4194304,6,68.3960,4318559463045870694
splus8,4194304,6,66.8289,4318559463045870694
spline32,4194304,6,83.8104,4318559463045870694
sorted_array,4194304,6,254.6906,4318559463045870694
pgm16,4194304,6,97.0840,4318559463045870694
splus8,4194304,7,65.6265,4318559463045870694
clusterjump,4194304,7,81.0486,4318559463045870694
splus16,4194304,7,65.9393,4318559463045870694
rs18_e16,4194304,7,76.2314,4318559463045870694
sorted_array,4194304,7,250.2060,4318559463045870694
btree8_bl,4194304,7,109.2896,4318559463045870694
spline32,4194304,7,82.7332,4318559463045870694
pgm16,4194304,7,95.6284,4318559463045870694
rs18_e16,4194304,8,76.3214,4318559463045870694
spline32,4194304,8,79.7211,4318559463045870694
splus16,4194304,8,70.8862,4318559463045870694
btree8_bl,4194304,8,113.4521,4318559463045870694
pgm16,4194304,8,96.5118,4318559463045870694
clusterjump,4194304,8,82.7988,4318559463045870694
sorted_array,4194304,8,251.0712,4318559463045870694
splus8,4194304,8,65.8783,4318559463045870694
sorted_array,4194304,9,230.9097,4318559463045870694
rs18_e16,4194304,9,75.4410,4318559463045870694
clusterjump,4194304,9,83.7250,4318559463045870694
pgm16,4194304,9,97.4457,4318559463045870694
btree8_bl,4194304,9,107.4448,4318559463045870694
splus16,4194304,9,67.9611,4318559463045870694
splus8,4194304,9,66.2430,4318559463045870694
spline32,4194304,9,81.0715,4318559463045870694
clusterjump,4194304,10,82.0267,4318559463045870694
btree8_bl,4194304,10,110.5377,4318559463045870694
pgm16,4194304,10,94.2917,4318559463045870694
sorted_array,4194304,10,247.2519,4318559463045870694
splus16,4194304,10,65.6784,4318559463045870694
spline32,4194304,10,81.0822,4318559463045870694
splus8,4194304,10,66.9205,4318559463045870694
rs18_e16,4194304,10,75.9537,4318559463045870694
clusterjump,4194304,11,80.3513,4318559463045870694
btree8_bl,4194304,11,107.9208,4318559463045870694
rs18_e16,4194304,11,76.2695,4318559463045870694
sorted_array,4194304,11,248.3200,4318559463045870694
spline32,4194304,11,77.7649,4318559463045870694
splus16,4194304,11,68.4387,4318559463045870694
pgm16,4194304,11,95.3674,4318559463045870694
splus8,4194304,11,65.1199,4318559463045870694
pgm16,4194304,12,81.4240,4318559463045870694
clusterjump,4194304,12,83.7982,4318559463045870694
splus16,4194304,12,67.3859,4318559463045870694
spline32,4194304,12,79.8599,4318559463045870694
sorted_array,4194304,12,249.6048,4318559463045870694
splus8,4194304,12,67.8024,4318559463045870694
btree8_bl,4194304,12,110.2371,4318559463045870694
rs18_e16,4194304,12,77.2568,4318559463045870694
rs18_e16,4194304,13,63.1882,4318559463045870694
splus8,4194304,13,66.4810,4318559463045870694
clusterjump,4194304,13,80.5862,4318559463045870694
btree8_bl,4194304,13,108.1253,4318559463045870694
splus16,4194304,13,69.6655,4318559463045870694
spline32,4194304,13,84.7183,4318559463045870694
pgm16,4194304,13,95.4681,4318559463045870694
sorted_array,4194304,13,257.4265,4318559463045870694
rs18_e16,4194304,14,90.6357,4318559463045870694
spline32,4194304,14,90.5609,4318559463045870694
sorted_array,4194304,14,266.3254,4318559463045870694
btree8_bl,4194304,14,113.5529,4318559463045870694
pgm16,4194304,14,102.8366,4318559463045870694
clusterjump,4194304,14,87.0209,4318559463045870694
splus8,4194304,14,69.8380,4318559463045870694
splus16,4194304,14,70.9641,4318559463045870694
splus8,8388608,0,103.2150,14323259344577743257
spline32,8388608,0,99.0204,14323259344577743257
pgm16,8388608,0,106.9382,14323259344577743257
clusterjump,8388608,0,138.8824,14323259344577743257
sorted_array,8388608,0,547.4945,14323259344577743257
btree8_bl,8388608,0,208.7646,14323259344577743257
splus16,8388608,0,81.3751,14323259344577743257
rs18_e16,8388608,0,88.8443,14323259344577743257
pgm16,8388608,1,104.0436,14323259344577743257
btree8_bl,8388608,1,183.9264,14323259344577743257
spline32,8388608,1,93.3228,14323259344577743257
splus8,8388608,1,86.9202,14323259344577743257
sorted_array,8388608,1,477.1713,14323259344577743257
rs18_e16,8388608,1,84.5016,14323259344577743257
splus16,8388608,1,78.3508,14323259344577743257
clusterjump,8388608,1,112.2452,14323259344577743257
splus16,8388608,2,84.2545,14323259344577743257
pgm16,8388608,2,106.6696,14323259344577743257
sorted_array,8388608,2,460.6918,14323259344577743257
spline32,8388608,2,95.4468,14323259344577743257
btree8_bl,8388608,2,182.1289,14323259344577743257
splus8,8388608,2,85.9055,14323259344577743257
clusterjump,8388608,2,113.0692,14323259344577743257
rs18_e16,8388608,2,86.5997,14323259344577743257
splus16,8388608,3,85.3943,14323259344577743257
spline32,8388608,3,98.0743,14323259344577743257
clusterjump,8388608,3,112.4893,14323259344577743257
btree8_bl,8388608,3,193.6768,14323259344577743257
rs18_e16,8388608,3,85.5530,14323259344577743257
sorted_array,8388608,3,467.2073,14323259344577743257
pgm16,8388608,3,103.5355,14323259344577743257
splus8,8388608,3,90.3030,14323259344577743257
splus8,8388608,4,80.9967,14323259344577743257
splus16,8388608,4,93.1076,14323259344577743257
clusterjump,8388608,4,120.0668,14323259344577743257
rs18_e16,8388608,4,87.1750,14323259344577743257
pgm16,8388608,4,106.9931,14323259344577743257
spline32,8388608,4,107.8476,14323259344577743257
btree8_bl,8388608,4,203.5385,14323259344577743257
sorted_array,8388608,4,483.7952,14323259344577743257
btree8_bl,8388608,5,192.8024,14323259344577743257
rs18_e16,8388608,5,85.8612,14323259344577743257
splus8,8388608,5,91.8045,14323259344577743257
sorted_array,8388608,5,467.7475,14323259344577743257
clusterjump,8388608,5,114.8987,14323259344577743257
pgm16,8388608,5,104.8233,14323259344577743257
spline32,8388608,5,100.3647,14323259344577743257
splus16,8388608,5,82.6660,14323259344577743257
clusterjump,8388608,6,110.5392,14323259344577743257
pgm16,8388608,6,104.1245,14323259344577743257
rs18_e16,8388608,6,84.4162,14323259344577743257
sorted_array,8388608,6,459.9945,14323259344577743257
spline32,8388608,6,94.5755,14323259344577743257
splus8,8388608,6,85.4065,14323259344577743257
btree8_bl,8388608,6,181.6879,14323259344577743257
splus16,8388608,6,80.2750,14323259344577743257
sorted_array,8388608,7,442.7979,14323259344577743257
splus8,8388608,7,84.9503,14323259344577743257
spline32,8388608,7,90.3519,14323259344577743257
clusterjump,8388608,7,105.9296,14323259344577743257
splus16,8388608,7,80.2307,14323259344577743257
rs18_e16,8388608,7,84.9792,14323259344577743257
pgm16,8388608,7,102.1896,14323259344577743257
btree8_bl,8388608,7,175.4745,14323259344577743257
splus8,8388608,8,85.1120,14323259344577743257
sorted_array,8388608,8,436.0580,14323259344577743257
clusterjump,8388608,8,109.7992,14323259344577743257
spline32,8388608,8,117.2867,14323259344577743257
rs18_e16,8388608,8,87.3276,14323259344577743257
splus16,8388608,8,90.4831,14323259344577743257
pgm16,8388608,8,106.0532,14323259344577743257
btree8_bl,8388608,8,185.8353,14323259344577743257
sorted_array,8388608,9,464.5554,14323259344577743257
btree8_bl,8388608,9,185.2768,14323259344577743257
splus16,8388608,9,77.8076,14323259344577743257
spline32,8388608,9,98.5184,14323259344577743257
splus8,8388608,9,89.7171,14323259344577743257
pgm16,8388608,9,105.5099,14323259344577743257
clusterjump,8388608,9,114.0884,14323259344577743257
rs18_e16,8388608,9,86.8805,14323259344577743257
splus16,8388608,10,77.5131,14323259344577743257
pgm16,8388608,10,105.2032,14323259344577743257
sorted_array,8388608,10,471.8765,14323259344577743257
splus8,8388608,10,87.6892,14323259344577743257
clusterjump,8388608,10,114.6835,14323259344577743257
btree8_bl,8388608,10,187.7106,14323259344577743257
spline32,8388608,10,97.4747,14323259344577743257
rs18_e16,8388608,10,86.5341,14323259344577743257
clusterjump,8388608,11,112.5473,14323259344577743257
btree8_bl,8388608,11,187.5580,14323259344577743257
rs18_e16,8388608,11,85.5804,14323259344577743257
pgm16,8388608,11,103.0472,14323259344577743257
splus16,8388608,11,83.4915,14323259344577743257
sorted_array,8388608,11,459.7473,14323259344577743257
splus8,8388608,11,84.8297,14323259344577743257
spline32,8388608,11,94.1818,14323259344577743257
btree8_bl,8388608,12,177.0218,14323259344577743257
rs18_e16,8388608,12,85.5347,14323259344577743257
spline32,8388608,12,94.0720,14323259344577743257
clusterjump,8388608,12,107.5439,14323259344577743257
pgm16,8388608,12,99.7513,14323259344577743257
sorted_array,8388608,12,457.4203,14323259344577743257
splus8,8388608,12,85.8948,14323259344577743257
splus16,8388608,12,80.5679,14323259344577743257
splus16,8388608,13,46.5439,14323259344577743257
rs18_e16,8388608,13,82.7652,14323259344577743257
spline32,8388608,13,91.5939,14323259344577743257
splus8,8388608,13,84.5901,14323259344577743257
btree8_bl,8388608,13,181.5720,14323259344577743257
sorted_array,8388608,13,457.8690,14323259344577743257
clusterjump,8388608,13,114.9521,14323259344577743257
pgm16,8388608,13,103.7857,14323259344577743257
splus8,8388608,14,86.8469,14323259344577743257
rs18_e16,8388608,14,82.3196,14323259344577743257
btree8_bl,8388608,14,180.5954,14323259344577743257
sorted_array,8388608,14,446.8246,14323259344577743257
spline32,8388608,14,92.2623,14323259344577743257
pgm16,8388608,14,100.2060,14323259344577743257
splus16,8388608,14,78.1876,14323259344577743257
clusterjump,8388608,14,106.9794,14323259344577743257
splus8,16777216,0,101.2100,9585372833267635831
spline32,16777216,0,110.0784,9585372833267635831
splus16,16777216,0,98.2956,9585372833267635831
rs18_e16,16777216,0,93.0222,9585372833267635831
btree8_bl,16777216,0,190.7898,9585372833267635831
clusterjump,16777216,0,155.4703,9585372833267635831
pgm16,16777216,0,111.3327,9585372833267635831
sorted_array,16777216,0,615.5884,9585372833267635831
btree8_bl,16777216,1,189.1602,9585372833267635831
pgm16,16777216,1,110.4492,9585372833267635831
sorted_array,16777216,1,608.6914,9585372833267635831
spline32,16777216,1,107.8003,9585372833267635831
splus16,16777216,1,93.6188,9585372833267635831
rs18_e16,16777216,1,92.2195,9585372833267635831
clusterjump,16777216,1,156.5628,9585372833267635831
splus8,16777216,1,97.9294,9585372833267635831
clusterjump,16777216,2,148.0286,9585372833267635831
splus16,16777216,2,96.0648,9585372833267635831
pgm16,16777216,2,111.8988,9585372833267635831
splus8,16777216,2,100.4272,9585372833267635831
sorted_array,16777216,2,606.6116,9585372833267635831
rs18_e16,16777216,2,91.3071,9585372833267635831
spline32,16777216,2,110.1883,9585372833267635831
btree8_bl,16777216,2,192.4667,9585372833267635831
splus8,16777216,3,96.9833,9585372833267635831
btree8_bl,16777216,3,187.9883,9585372833267635831
pgm16,16777216,3,111.1877,9585372833267635831
clusterjump,16777216,3,152.3819,9585372833267635831
rs18_e16,16777216,3,92.4042,9585372833267635831
splus16,16777216,3,101.5320,9585372833267635831
spline32,16777216,3,107.8720,9585372833267635831
sorted_array,16777216,3,602.2964,9585372833267635831
splus16,16777216,4,96.1166,9585372833267635831
spline32,16777216,4,108.9508,9585372833267635831
btree8_bl,16777216,4,188.6887,9585372833267635831
splus8,16777216,4,97.4106,9585372833267635831
rs18_e16,16777216,4,92.2424,9585372833267635831
clusterjump,16777216,4,153.5934,9585372833267635831
sorted_array,16777216,4,617.2058,9585372833267635831
pgm16,16777216,4,111.8225,9585372833267635831
btree8_bl,16777216,5,189.7171,9585372833267635831
splus8,16777216,5,101.5808,9585372833267635831
sorted_array,16777216,5,611.6409,9585372833267635831
splus16,16777216,5,91.6016,9585372833267635831
rs18_e16,16777216,5,94.1208,9585372833267635831
clusterjump,16777216,5,153.7811,9585372833267635831
pgm16,16777216,5,118.7149,9585372833267635831
spline32,16777216,5,107.2433,9585372833267635831
pgm16,16777216,6,109.4086,9585372833267635831
sorted_array,16777216,6,603.7949,9585372833267635831
splus8,16777216,6,96.5225,9585372833267635831
rs18_e16,16777216,6,91.4978,9585372833267635831
spline32,16777216,6,105.8395,9585372833267635831
btree8_bl,16777216,6,190.6357,9585372833267635831
splus16,16777216,6,96.7239,9585372833267635831
clusterjump,16777216,6,153.9047,9585372833267635831
pgm16,16777216,7,110.3928,9585372833267635831
splus8,16777216,7,96.6782,9585372833267635831
sorted_array,16777216,7,612.0834,9585372833267635831
splus16,16777216,7,93.4677,9585372833267635831
spline32,16777216,7,106.1646,9585372833267635831
rs18_e16,16777216,7,91.7709,9585372833267635831
btree8_bl,16777216,7,188.4262,9585372833267635831
clusterjump,16777216,7,150.8133,9585372833267635831
btree8_bl,16777216,8,189.3158,9585372833267635831
splus8,16777216,8,100.8347,9585372833267635831
pgm16,16777216,8,111.7569,9585372833267635831
sorted_array,16777216,8,609.3552,9585372833267635831
clusterjump,16777216,8,157.8201,9585372833267635831
rs18_e16,16777216,8,94.7403,9585372833267635831
splus16,16777216,8,95.0928,9585372833267635831
spline32,16777216,8,107.4783,9585372833267635831
spline32,16777216,9,93.4464,9585372833267635831
btree8_bl,16777216,9,197.4289,9585372833267635831
sorted_array,16777216,9,603.9764,9585372833267635831
pgm16,16777216,9,109.6069,9585372833267635831
clusterjump,16777216,9,151.7807,9585372833267635831
rs18_e16,16777216,9,91.1896,9585372833267635831
splus8,16777216,9,96.0876,9585372833267635831
splus16,16777216,9,92.3615,9585372833267635831
clusterjump,16777216,10,151.5137,9585372833267635831
sorted_array,16777216,10,599.0997,9585372833267635831
splus8,16777216,10,98.6816,9585372833267635831
splus16,16777216,10,94.3588,9585372833267635831
btree8_bl,16777216,10,185.8719,9585372833267635831
rs18_e16,16777216,10,90.5441,9585372833267635831
spline32,16777216,10,105.3116,9585372833267635831
pgm16,16777216,10,109.4177,9585372833267635831
splus8,16777216,11,97.5449,9585372833267635831
splus16,16777216,11,94.7388,9585372833267635831
btree8_bl,16777216,11,185.3546,9585372833267635831
rs18_e16,16777216,11,90.5151,9585372833267635831
spline32,16777216,11,105.5801,9585372833267635831
pgm16,16777216,11,110.6445,9585372833267635831
clusterjump,16777216,11,148.0988,9585372833267635831
sorted_array,16777216,11,600.0412,9585372833267635831
sorted_array,16777216,12,593.7042,9585372833267635831
spline32,16777216,12,107.3959,9585372833267635831
rs18_e16,16777216,12,90.8279,9585372833267635831
pgm16,16777216,12,110.8444,9585372833267635831
clusterjump,16777216,12,150.8530,9585372833267635831
btree8_bl,16777216,12,187.4939,9585372833267635831
splus8,16777216,12,98.7381,9585372833267635831
splus16,16777216,12,95.1141,9585372833267635831
splus8,16777216,13,90.8920,9585372833267635831
splus16,16777216,13,88.9969,9585372833267635831
pgm16,16777216,13,110.2417,9585372833267635831
rs18_e16,16777216,13,91.4764,9585372833267635831
sorted_array,16777216,13,601.6251,9585372833267635831
clusterjump,16777216,13,151.1398,9585372833267635831
spline32,16777216,13,106.6406,9585372833267635831
btree8_bl,16777216,13,185.8459,9585372833267635831
spline32,16777216,14,108.8120,9585372833267635831
sorted_array,16777216,14,599.4980,9585372833267635831
pgm16,16777216,14,111.0046,9585372833267635831
splus16,16777216,14,92.5034,9585372833267635831
rs18_e16,16777216,14,91.2186,9585372833267635831
splus8,16777216,14,97.3038,9585372833267635831
clusterjump,16777216,14,152.2598,9585372833267635831
btree8_bl,16777216,14,189.4852,9585372833267635831
btree8_bl,33554432,0,185.5621,14477452693595223717
spline32,33554432,0,131.6513,14477452693595223717
clusterjump,33554432,0,217.3203,14477452693595223717
splus16,33554432,0,113.5910,14477452693595223717
sorted_array,33554432,0,716.0004,14477452693595223717
pgm16,33554432,0,128.0411,14477452693595223717
rs18_e16,33554432,0,125.3052,14477452693595223717
splus8,33554432,0,118.6859,14477452693595223717
pgm16,33554432,1,131.3858,14477452693595223717
rs18_e16,33554432,1,104.7348,14477452693595223717
spline32,33554432,1,144.1330,14477452693595223717
splus16,33554432,1,117.1616,14477452693595223717
btree8_bl,33554432,1,186.2320,14477452693595223717
clusterjump,33554432,1,201.6373,14477452693595223717
sorted_array,33554432,1,841.4337,14477452693595223717
splus8,33554432,1,124.9390,14477452693595223717
pgm16,33554432,2,145.2713,14477452693595223717
clusterjump,33554432,2,237.1277,14477452693595223717
sorted_array,33554432,2,805.8777,14477452693595223717
spline32,33554432,2,148.8510,14477452693595223717
splus16,33554432,2,126.8448,14477452693595223717
rs18_e16,33554432,2,116.7740,14477452693595223717
btree8_bl,33554432,2,214.4073,14477452693595223717
splus8,33554432,2,134.4177,14477452693595223717
pgm16,33554432,3,137.7029,14477452693595223717
clusterjump,33554432,3,226.9592,14477452693595223717
splus16,33554432,3,119.6884,14477452693595223717
btree8_bl,33554432,3,182.0251,14477452693595223717
sorted_array,33554432,3,707.4417,14477452693595223717
rs18_e16,33554432,3,106.2698,14477452693595223717
spline32,33554432,3,131.0928,14477452693595223717
splus8,33554432,3,109.6924,14477452693595223717
splus16,33554432,4,115.1505,14477452693595223717
clusterjump,33554432,4,195.8694,14477452693595223717
spline32,33554432,4,134.6573,14477452693595223717
splus8,33554432,4,108.8852,14477452693595223717
btree8_bl,33554432,4,185.3790,14477452693595223717
sorted_array,33554432,4,705.2673,14477452693595223717
pgm16,33554432,4,125.9384,14477452693595223717
rs18_e16,33554432,4,103.5568,14477452693595223717
clusterjump,33554432,5,196.6782,14477452693595223717
btree8_bl,33554432,5,184.8160,14477452693595223717
rs18_e16,33554432,5,103.6835,14477452693595223717
splus8,33554432,5,108.2321,14477452693595223717
spline32,33554432,5,131.7673,14477452693595223717
sorted_array,33554432,5,701.1581,14477452693595223717
splus16,33554432,5,116.3605,14477452693595223717
pgm16,33554432,5,126.4542,14477452693595223717
sorted_array,33554432,6,694.4641,14477452693595223717
btree8_bl,33554432,6,176.2009,14477452693595223717
splus8,33554432,6,108.3664,14477452693595223717
clusterjump,33554432,6,185.0250,14477452693595223717
spline32,33554432,6,133.7250,14477452693595223717
splus16,33554432,6,112.1185,14477452693595223717
rs18_e16,33554432,6,103.3768,14477452693595223717
pgm16,33554432,6,124.3835,14477452693595223717
rs18_e16,33554432,7,95.2682,14477452693595223717
splus8,33554432,7,110.4004,14477452693595223717
clusterjump,33554432,7,190.5609,14477452693595223717
btree8_bl,33554432,7,177.2644,14477452693595223717
pgm16,33554432,7,125.6561,14477452693595223717
splus16,33554432,7,112.2391,14477452693595223717
spline32,33554432,7,129.1321,14477452693595223717
sorted_array,33554432,7,694.2703,14477452693595223717
spline32,33554432,8,114.9551,14477452693595223717
btree8_bl,33554432,8,174.7696,14477452693595223717
splus16,33554432,8,110.7895,14477452693595223717
clusterjump,33554432,8,191.1697,14477452693595223717
rs18_e16,33554432,8,105.2505,14477452693595223717
pgm16,33554432,8,134.4269,14477452693595223717
splus8,33554432,8,115.9363,14477452693595223717
sorted_array,33554432,8,727.0508,14477452693595223717
spline32,33554432,9,135.0998,14477452693595223717
splus16,33554432,9,115.3931,14477452693595223717
rs18_e16,33554432,9,103.8254,14477452693595223717
clusterjump,33554432,9,204.0604,14477452693595223717
splus8,33554432,9,110.9467,14477452693595223717
btree8_bl,33554432,9,193.7363,14477452693595223717
sorted_array,33554432,9,724.7345,14477452693595223717
pgm16,33554432,9,126.5442,14477452693595223717
splus8,33554432,10,113.2401,14477452693595223717
rs18_e16,33554432,10,104.3991,14477452693595223717
btree8_bl,33554432,10,186.2961,14477452693595223717
pgm16,33554432,10,127.3758,14477452693595223717
spline32,33554432,10,135.7452,14477452693595223717
clusterjump,33554432,10,202.2202,14477452693595223717
splus16,33554432,10,117.1539,14477452693595223717
sorted_array,33554432,10,713.5880,14477452693595223717
sorted_array,33554432,11,703.4943,14477452693595223717
rs18_e16,33554432,11,108.2718,14477452693595223717
spline32,33554432,11,133.3694,14477452693595223717
splus8,33554432,11,112.1674,14477452693595223717
splus16,33554432,11,116.1774,14477452693595223717
pgm16,33554432,11,129.4250,14477452693595223717
clusterjump,33554432,11,216.5909,14477452693595223717
btree8_bl,33554432,11,195.3094,14477452693595223717
sorted_array,33554432,12,735.7208,14477452693595223717
splus16,33554432,12,115.1871,14477452693595223717
clusterjump,33554432,12,190.3244,14477452693595223717
rs18_e16,33554432,12,104.6494,14477452693595223717
spline32,33554432,12,129.2557,14477452693595223717
pgm16,33554432,12,125.9140,14477452693595223717
splus8,33554432,12,107.5851,14477452693595223717
btree8_bl,33554432,12,176.4160,14477452693595223717
spline32,33554432,13,132.7835,14477452693595223717
clusterjump,33554432,13,188.5452,14477452693595223717
splus16,33554432,13,117.7048,14477452693595223717
sorted_array,33554432,13,694.1498,14477452693595223717
btree8_bl,33554432,13,173.9365,14477452693595223717
rs18_e16,33554432,13,104.5273,14477452693595223717
pgm16,33554432,13,127.1545,14477452693595223717
splus8,33554432,13,108.3923,14477452693595223717
pgm16,33554432,14,116.7725,14477452693595223717
sorted_array,33554432,14,692.7689,14477452693595223717
clusterjump,33554432,14,189.9460,14477452693595223717
spline32,33554432,14,129.3030,14477452693595223717
btree8_bl,33554432,14,175.8026,14477452693595223717
splus8,33554432,14,108.7433,14477452693595223717
splus16,33554432,14,113.1104,14477452693595223717
rs18_e16,33554432,14,104.1824,14477452693595223717
