structure,n,rep,ns_per_query,checksum
fusion8,256,0,40.8188,4651152958151299108
fusion8_c,256,0,41.1377,4651152958151299108
btree8_a64,256,0,20.9732,4651152958151299108
btree16_bl_a64,256,0,15.1047,4651152958151299108
btree8,256,0,21.4447,4651152958151299108
btree8_bl,256,0,23.8235,4651152958151299108
fusion16_w,256,0,38.2843,4651152958151299108
fusion8_bf,256,0,42.3553,4651152958151299108
btree8_bl_a64,256,0,22.2183,4651152958151299108
sorted_array,256,0,22.5372,4651152958151299108
btree8_bl,256,1,23.8007,4651152958151299108
fusion8,256,1,40.9439,4651152958151299108
btree16_bl_a64,256,1,15.0452,4651152958151299108
fusion16_w,256,1,38.2065,4651152958151299108
btree8_bl_a64,256,1,22.1848,4651152958151299108
btree8_a64,256,1,20.2408,4651152958151299108
fusion8_c,256,1,40.9088,4651152958151299108
sorted_array,256,1,22.5204,4651152958151299108
btree8,256,1,21.4355,4651152958151299108
fusion8_bf,256,1,43.5852,4651152958151299108
btree8_bl,256,2,23.8449,4651152958151299108
sorted_array,256,2,22.4182,4651152958151299108
btree16_bl_a64,256,2,15.0604,4651152958151299108
fusion8_c,256,2,41.1224,4651152958151299108
btree8_a64,256,2,19.9982,4651152958151299108
btree8,256,2,22.8973,4651152958151299108
fusion16_w,256,2,38.2401,4651152958151299108
fusion8,256,2,40.7074,4651152958151299108
fusion8_bf,256,2,42.4225,4651152958151299108
btree8_bl_a64,256,2,22.2107,4651152958151299108
fusion8_c,256,3,41.0324,4651152958151299108
fusion8_bf,256,3,42.4332,4651152958151299108
btree16_bl_a64,256,3,15.0238,4651152958151299108
btree8_bl_a64,256,3,22.1741,4651152958151299108
fusion8,256,3,41.3345,4651152958151299108
btree8,256,3,25.3723,4651152958151299108
sorted_array,256,3,22.5311,4651152958151299108
fusion16_w,256,3,38.3041,4651152958151299108
btree8_a64,256,3,22.0139,4651152958151299108
btree8_bl,256,3,23.8235,4651152958151299108
btree8_bl,256,4,23.7473,4651152958151299108
fusion16_w,256,4,38.1943,4651152958151299108
btree8_bl_a64,256,4,22.1725,4651152958151299108
btree16_bl_a64,256,4,15.0803,4651152958151299108
btree8,256,4,21.4935,4651152958151299108
fusion8,256,4,40.6723,4651152958151299108
fusion8_c,256,4,41.1163,4651152958151299108
fusion8_bf,256,4,42.3599,4651152958151299108
sorted_array,256,4,22.4411,4651152958151299108
btree8_a64,256,4,21.7072,4651152958151299108
fusion8_bf,256,5,42.5552,4651152958151299108
btree8,256,5,21.6232,4651152958151299108
btree8_a64,256,5,21.4035,4651152958151299108
btree8_bl,256,5,23.8083,4651152958151299108
btree16_bl_a64,256,5,15.0360,4651152958151299108
fusion8,256,5,40.6235,4651152958151299108
fusion16_w,256,5,38.2248,4651152958151299108
sorted_array,256,5,22.4899,4651152958151299108
btree8_bl_a64,256,5,22.1817,4651152958151299108
fusion8_c,256,5,41.0370,4651152958151299108
fusion8,256,6,40.7364,4651152958151299108
btree8_a64,256,6,22.1405,4651152958151299108
sorted_array,256,6,23.0682,4651152958151299108
btree8_bl,256,6,23.7869,4651152958151299108
btree16_bl_a64,256,6,15.1077,4651152958151299108
fusion8_bf,256,6,42.6834,4651152958151299108
fusion16_w,256,6,39.4760,4651152958151299108
btree8_bl_a64,256,6,22.2214,4651152958151299108
fusion8_c,256,6,41.1057,4651152958151299108
btree8,256,6,21.4020,4651152958151299108
fusion8_c,256,7,40.9317,4651152958151299108
fusion8_bf,256,7,42.3050,4651152958151299108
sorted_array,256,7,22.3083,4651152958151299108
btree8_bl,256,7,23.7961,4651152958151299108
btree8,256,7,21.5225,4651152958151299108
fusion16_w,256,7,38.2126,4651152958151299108
btree8_a64,256,7,20.7169,4651152958151299108
fusion8,256,7,40.7623,4651152958151299108
btree8_bl_a64,256,7,22.1405,4651152958151299108
btree16_bl_a64,256,7,15.0635,4651152958151299108
fusion8_c,256,8,41.0599,4651152958151299108
btree8_bl,256,8,23.9365,4651152958151299108
btree16_bl_a64,256,8,15.0146,4651152958151299108
fusion16_w,256,8,38.3011,4651152958151299108
btree8_bl_a64,256,8,22.1436,4651152958151299108
btree8,256,8,21.7407,4651152958151299108
btree8_a64,256,8,21.5042,4651152958151299108
fusion8_bf,256,8,42.2836,4651152958151299108
fusion8,256,8,40.6769,4651152958151299108
sorted_array,256,8,24.7345,4651152958151299108
fusion8_bf,256,9,43.6172,4651152958151299108
sorted_array,256,9,22.3877,4651152958151299108
btree8,256,9,21.9574,4651152958151299108
btree8_a64,256,9,21.6629,4651152958151299108
fusion16_w,256,9,38.2935,4651152958151299108
btree8_bl,256,9,23.7778,4651152958151299108
btree8_bl_a64,256,9,22.2656,4651152958151299108
btree16_bl_a64,256,9,15.0269,4651152958151299108
fusion8_c,256,9,41.2888,4651152958151299108
fusion8,256,9,40.6647,4651152958151299108
fusion8,256,10,40.2985,4651152958151299108
btree16_bl_a64,256,10,15.0726,4651152958151299108
btree8_bl_a64,256,10,22.1542,4651152958151299108
sorted_array,256,10,25.3174,4651152958151299108
fusion16_w,256,10,38.2889,4651152958151299108
btree8_bl,256,10,23.8235,4651152958151299108
fusion8_c,256,10,41.2613,4651152958151299108
btree8_a64,256,10,21.2463,4651152958151299108
btree8,256,10,21.4569,4651152958151299108
fusion8_bf,256,10,42.3294,4651152958151299108
fusion8,256,11,40.5762,4651152958151299108
btree8_a64,256,11,20.4697,4651152958151299108
fusion8_bf,256,11,43.4662,4651152958151299108
btree8,256,11,21.4279,4651152958151299108
btree8_bl_a64,256,11,22.1481,4651152958151299108
btree8_bl,256,11,23.7732,4651152958151299108
sorted_array,256,11,22.8302,4651152958151299108
fusion8_c,256,11,41.0950,4651152958151299108
btree16_bl_a64,256,11,15.0787,4651152958151299108
fusion16_w,256,11,38.3118,4651152958151299108
btree8_bl,256,12,23.8220,4651152958151299108
fusion16_w,256,12,38.1989,4651152958151299108
fusion8_bf,256,12,42.2592,4651152958151299108
fusion8,256,12,40.7364,4651152958151299108
sorted_array,256,12,22.4030,4651152958151299108
btree8_a64,256,12,22.7814,4651152958151299108
btree8_bl_a64,256,12,22.1802,4651152958151299108
fusion8_c,256,12,41.0355,4651152958151299108
btree16_bl_a64,256,12,15.9683,4651152958151299108
btree8,256,12,21.3547,4651152958151299108
fusion8,256,13,40.8890,4651152958151299108
fusion16_w,256,13,38.2965,4651152958151299108
btree8_a64,256,13,21.9543,4651152958151299108
fusion8_c,256,13,41.0187,4651152958151299108
btree8,256,13,21.8033,4651152958151299108
btree8_bl,256,13,23.8510,4651152958151299108
fusion8_bf,256,13,42.2455,4651152958151299108
btree16_bl_a64,256,13,15.0635,4651152958151299108
btree8_bl_a64,256,13,22.1939,4651152958151299108
sorted_array,256,13,22.4548,4651152958151299108
btree8_bl_a64,256,14,22.1054,4651152958151299108
fusion16_w,256,14,38.2660,4651152958151299108
btree8,256,14,22.1954,4651152958151299108
btree8_a64,256,14,21.0815,4651152958151299108
sorted_array,256,14,22.5098,4651152958151299108
btree8_bl,256,14,25.1404,4651152958151299108
btree16_bl_a64,256,14,15.0696,4651152958151299108
fusion8_bf,256,14,42.3065,4651152958151299108
fusion8,256,14,40.7349,4651152958151299108
fusion8_c,256,14,40.9821,4651152958151299108
fusion8_c,512,0,43.6325,5099789511540172029
btree8,512,0,25.3372,5099789511540172029
btree8_a64,512,0,26.2924,5099789511540172029
btree8_bl,512,0,23.2346,5099789511540172029
btree8_bl_a64,512,0,21.7346,5099789511540172029
fusion8,512,0,41.5558,5099789511540172029
sorted_array,512,0,30.4855,5099789511540172029
btree16_bl_a64,512,0,22.5891,5099789511540172029
fusion8_bf,512,0,43.8995,5099789511540172029
fusion16_w,512,0,51.4206,5099789511540172029
btree8_a64,512,1,25.6241,5099789511540172029
btree8,512,1,27.8488,5099789511540172029
fusion16_w,512,1,51.2482,5099789511540172029
fusion8,512,1,41.8503,5099789511540172029
btree8_bl,512,1,23.3078,5099789511540172029
btree16_bl_a64,512,1,22.5586,5099789511540172029
btree8_bl_a64,512,1,21.7407,5099789511540172029
fusion8_bf,512,1,43.8660,5099789511540172029
fusion8_c,512,1,42.4377,5099789511540172029
sorted_array,512,1,27.8412,5099789511540172029
fusion16_w,512,2,52.3193,5099789511540172029
btree8_bl_a64,512,2,21.6965,5099789511540172029
btree16_bl_a64,512,2,22.5082,5099789511540172029
fusion8_c,512,2,42.3706,5099789511540172029
fusion8_bf,512,2,43.9987,5099789511540172029
btree8_bl,512,2,23.2681,5099789511540172029
fusion8,512,2,41.4581,5099789511540172029
sorted_array,512,2,29.7913,5099789511540172029
btree8,512,2,25.0626,5099789511540172029
btree8_a64,512,2,26.2054,5099789511540172029
btree8_bl_a64,512,3,21.7163,5099789511540172029
btree8_a64,512,3,24.5773,5099789511540172029
sorted_array,512,3,28.5812,5099789511540172029
fusion8_c,512,3,42.4210,5099789511540172029
btree8,512,3,25.2625,5099789511540172029
fusion8,512,3,41.6260,5099789511540172029
fusion8_bf,512,3,43.9774,5099789511540172029
btree8_bl,512,3,23.2132,5099789511540172029
fusion16_w,512,3,51.3000,5099789511540172029
btree16_bl_a64,512,3,22.6089,5099789511540172029
fusion8_c,512,4,42.3386,5099789511540172029
btree8_bl,512,4,23.2285,5099789511540172029
btree16_bl_a64,512,4,22.5159,5099789511540172029
btree8,512,4,27.9999,5099789511540172029
btree8_bl_a64,512,4,21.7438,5099789511540172029
sorted_array,512,4,28.1525,5099789511540172029
btree8_a64,512,4,25.7996,5099789511540172029
fusion8_bf,512,4,43.7897,5099789511540172029
fusion16_w,512,4,51.3657,5099789511540172029
fusion8,512,4,41.4642,5099789511540172029
btree8_bl_a64,512,5,21.6370,5099789511540172029
btree8_bl,512,5,23.2376,5099789511540172029
fusion8_c,512,5,42.4301,5099789511540172029
btree16_bl_a64,512,5,22.4838,5099789511540172029
btree8,512,5,25.6332,5099789511540172029
btree8_a64,512,5,26.3733,5099789511540172029
fusion16_w,512,5,51.2497,5099789511540172029
sorted_array,512,5,29.0207,5099789511540172029
fusion8_bf,512,5,44.0018,5099789511540172029
fusion8,512,5,41.3956,5099789511540172029
fusion8,512,6,41.3193,5099789511540172029
btree8,512,6,27.7878,5099789511540172029
sorted_array,512,6,28.2288,5099789511540172029
btree16_bl_a64,512,6,22.8561,5099789511540172029
fusion16_w,512,6,52.4246,5099789511540172029
fusion8_c,512,6,42.4530,5099789511540172029
btree8_bl_a64,512,6,21.7026,5099789511540172029
btree8_a64,512,6,24.2447,5099789511540172029
btree8_bl,512,6,23.1873,5099789511540172029
fusion8_bf,512,6,43.9209,5099789511540172029
btree8,512,7,27.3132,5099789511540172029
btree8_a64,512,7,27.1744,5099789511540172029
fusion8_c,512,7,42.5903,5099789511540172029
fusion8_bf,512,7,43.7820,5099789511540172029
fusion8,512,7,41.3330,5099789511540172029
btree8_bl_a64,512,7,21.7010,5099789511540172029
fusion16_w,512,7,51.6266,5099789511540172029
btree16_bl_a64,512,7,22.5601,5099789511540172029
sorted_array,512,7,28.8620,5099789511540172029
btree8_bl,512,7,23.2681,5099789511540172029
sorted_array,512,8,28.0685,5099789511540172029
btree8_bl,512,8,23.2483,5099789511540172029
btree8_bl_a64,512,8,21.6614,5099789511540172029
btree16_bl_a64,512,8,22.5647,5099789511540172029
fusion8_bf,512,8,43.8141,5099789511540172029
fusion8,512,8,41.6046,5099789511540172029
fusion16_w,512,8,51.3168,5099789511540172029
fusion8_c,512,8,42.4988,5099789511540172029
btree8_a64,512,8,24.6384,5099789511540172029
btree8,512,8,28.7994,5099789511540172029
btree8_bl_a64,512,9,21.6843,5099789511540172029
btree8,512,9,26.6907,5099789511540172029
fusion16_w,512,9,51.0361,5099789511540172029
fusion8_c,512,9,42.5323,5099789511540172029
sorted_array,512,9,28.0807,5099789511540172029
btree8_a64,512,9,24.1821,5099789511540172029
btree16_bl_a64,512,9,22.9797,5099789511540172029
fusion8,512,9,41.8015,5099789511540172029
btree8_bl,512,9,23.2529,5099789511540172029
fusion8_bf,512,9,43.9224,5099789511540172029
btree8_bl,512,10,23.2056,5099789511540172029
btree8,512,10,25.2045,5099789511540172029
fusion8_c,512,10,42.3996,5099789511540172029
btree8_bl_a64,512,10,21.7117,5099789511540172029
btree8_a64,512,10,24.1898,5099789511540172029
sorted_array,512,10,28.2196,5099789511540172029
fusion16_w,512,10,51.5198,5099789511540172029
fusion8,512,10,41.4230,5099789511540172029
btree16_bl_a64,512,10,22.6761,5099789511540172029
fusion8_bf,512,10,44.0155,5099789511540172029
btree8_bl_a64,512,11,21.6782,5099789511540172029
fusion8_bf,512,11,43.8232,5099789511540172029
fusion8_c,512,11,43.2861,5099789511540172029
btree8_a64,512,11,24.0952,5099789511540172029
btree8_bl,512,11,23.2101,5099789511540172029
btree16_bl_a64,512,11,22.5067,5099789511540172029
fusion8,512,11,41.4429,5099789511540172029
fusion16_w,512,11,51.6403,5099789511540172029
sorted_array,512,11,30.2933,5099789511540172029
btree8,512,11,25.1770,5099789511540172029
btree8_bl_a64,512,12,21.6888,5099789511540172029
fusion8_bf,512,12,44.0750,5099789511540172029
fusion8_c,512,12,42.5354,5099789511540172029
btree8,512,12,25.2182,5099789511540172029
fusion8,512,12,41.3620,5099789511540172029
btree8_bl,512,12,23.2651,5099789511540172029
btree16_bl_a64,512,12,22.6166,5099789511540172029
btree8_a64,512,12,25.8743,5099789511540172029
sorted_array,512,12,27.8381,5099789511540172029
fusion16_w,512,12,52.5146,5099789511540172029
btree8,512,13,25.5493,5099789511540172029
fusion16_w,512,13,51.2726,5099789511540172029
btree8_a64,512,13,25.2563,5099789511540172029
sorted_array,512,13,28.3524,5099789511540172029
fusion8_bf,512,13,44.2307,5099789511540172029
fusion8,512,13,41.4032,5099789511540172029
btree8_bl,512,13,23.2117,5099789511540172029
btree16_bl_a64,512,13,22.5189,5099789511540172029
btree8_bl_a64,512,13,21.6904,5099789511540172029
fusion8_c,512,13,42.4255,5099789511540172029
btree8_bl_a64,512,14,21.6980,5099789511540172029
fusion8_bf,512,14,45.3796,5099789511540172029
btree8_a64,512,14,24.7650,5099789511540172029
btree8_bl,512,14,23.2285,5099789511540172029
btree16_bl_a64,512,14,22.4701,5099789511540172029
fusion16_w,512,14,51.5030,5099789511540172029
btree8,512,14,26.3702,5099789511540172029
fusion8_c,512,14,42.4774,5099789511540172029
sorted_array,512,14,27.8625,5099789511540172029
fusion8,512,14,41.6504,5099789511540172029
btree8,1024,0,30.4306,16675351655752164294
fusion16_w,1024,0,55.8395,16675351655752164294
btree8_a64,1024,0,29.0039,16675351655752164294
btree8_bl,1024,0,30.0552,16675351655752164294
fusion8_bf,1024,0,53.6301,16675351655752164294
fusion8,1024,0,50.1801,16675351655752164294
btree8_bl_a64,1024,0,27.6672,16675351655752164294
fusion8_c,1024,0,53.2364,16675351655752164294
sorted_array,1024,0,33.4274,16675351655752164294
btree16_bl_a64,1024,0,23.5016,16675351655752164294
btree8,1024,1,29.2633,16675351655752164294
fusion8,1024,1,49.9908,16675351655752164294
fusion8_bf,1024,1,53.8330,16675351655752164294
fusion8_c,1024,1,51.5015,16675351655752164294
fusion16_w,1024,1,56.0196,16675351655752164294
btree8_bl,1024,1,29.9332,16675351655752164294
sorted_array,1024,1,33.3740,16675351655752164294
btree16_bl_a64,1024,1,23.4573,16675351655752164294
btree8_bl_a64,1024,1,28.6026,16675351655752164294
btree8_a64,1024,1,28.4973,16675351655752164294
btree8,1024,2,30.8762,16675351655752164294
fusion8_bf,1024,2,53.6270,16675351655752164294
btree8_a64,1024,2,29.9744,16675351655752164294
btree8_bl,1024,2,29.9683,16675351655752164294
btree16_bl_a64,1024,2,23.3124,16675351655752164294
fusion8_c,1024,2,51.7624,16675351655752164294
fusion16_w,1024,2,55.9677,16675351655752164294
fusion8,1024,2,49.9832,16675351655752164294
sorted_array,1024,2,33.3176,16675351655752164294
btree8_bl_a64,1024,2,27.6184,16675351655752164294
sorted_array,1024,3,34.1980,16675351655752164294
fusion8_c,1024,3,51.5442,16675351655752164294
fusion16_w,1024,3,55.9906,16675351655752164294
btree16_bl_a64,1024,3,23.3093,16675351655752164294
fusion8,1024,3,49.7894,16675351655752164294
btree8_bl_a64,1024,3,27.5604,16675351655752164294
btree8_a64,1024,3,30.5634,16675351655752164294
fusion8_bf,1024,3,54.0024,16675351655752164294
btree8_bl,1024,3,29.9500,16675351655752164294
btree8,1024,3,31.5231,16675351655752164294
btree8_a64,1024,4,28.2303,16675351655752164294
btree8,1024,4,30.4031,16675351655752164294
fusion8_c,1024,4,51.5808,16675351655752164294
btree8_bl,1024,4,29.9271,16675351655752164294
sorted_array,1024,4,34.0561,16675351655752164294
fusion8_bf,1024,4,55.4611,16675351655752164294
btree8_bl_a64,1024,4,27.5589,16675351655752164294
btree16_bl_a64,1024,4,23.3170,16675351655752164294
fusion16_w,1024,4,56.0303,16675351655752164294
fusion8,1024,4,50.0031,16675351655752164294
fusion8,1024,5,49.7757,16675351655752164294
btree16_bl_a64,1024,5,23.2239,16675351655752164294
fusion16_w,1024,5,55.9692,16675351655752164294
btree8_bl,1024,5,31.6040,16675351655752164294
btree8_a64,1024,5,29.6768,16675351655752164294
fusion8_c,1024,5,51.8082,16675351655752164294
btree8,1024,5,30.3192,16675351655752164294
fusion8_bf,1024,5,53.7674,16675351655752164294
btree8_bl_a64,1024,5,27.4887,16675351655752164294
sorted_array,1024,5,34.4421,16675351655752164294
fusion16_w,1024,6,56.7276,16675351655752164294
btree8_bl,1024,6,30.0018,16675351655752164294
fusion8,1024,6,49.8657,16675351655752164294
btree8_a64,1024,6,30.8136,16675351655752164294
btree8,1024,6,29.3518,16675351655752164294
fusion8_c,1024,6,52.8091,16675351655752164294
sorted_array,1024,6,34.0729,16675351655752164294
btree8_bl_a64,1024,6,27.6398,16675351655752164294
btree16_bl_a64,1024,6,23.4818,16675351655752164294
fusion8_bf,1024,6,53.8467,16675351655752164294
sorted_array,1024,7,34.2361,16675351655752164294
fusion8_c,1024,7,51.6953,16675351655752164294
fusion8,1024,7,49.6475,16675351655752164294
btree16_bl_a64,1024,7,23.3185,16675351655752164294
fusion16_w,1024,7,56.0669,16675351655752164294
btree8,1024,7,31.1844,16675351655752164294
btree8_bl_a64,1024,7,27.5452,16675351655752164294
btree8_bl,1024,7,31.1264,16675351655752164294
btree8_a64,1024,7,29.8309,16675351655752164294
fusion8_bf,1024,7,53.6453,16675351655752164294
fusion8,1024,8,50.2548,16675351655752164294
btree8_bl,1024,8,30.0827,16675351655752164294
btree8_bl_a64,1024,8,27.5360,16675351655752164294
fusion8_c,1024,8,51.5915,16675351655752164294
fusion8_bf,1024,8,53.5858,16675351655752164294
btree16_bl_a64,1024,8,23.3475,16675351655752164294
sorted_array,1024,8,34.2178,16675351655752164294
btree8_a64,1024,8,28.9886,16675351655752164294
fusion16_w,1024,8,55.8533,16675351655752164294
btree8,1024,8,31.6177,16675351655752164294
fusion16_w,1024,9,55.7861,16675351655752164294
fusion8,1024,9,50.1053,16675351655752164294
btree8_a64,1024,9,29.1550,16675351655752164294
fusion8_bf,1024,9,53.5950,16675351655752164294
btree16_bl_a64,1024,9,23.3459,16675351655752164294
btree8_bl_a64,1024,9,27.5269,16675351655752164294
btree8_bl,1024,9,29.9911,16675351655752164294
fusion8_c,1024,9,51.9547,16675351655752164294
btree8,1024,9,30.1102,16675351655752164294
sorted_array,1024,9,34.1309,16675351655752164294
fusion8,1024,10,49.8184,16675351655752164294
btree16_bl_a64,1024,10,23.5245,16675351655752164294
fusion8_c,1024,10,52.2827,16675351655752164294
fusion8_bf,1024,10,53.5889,16675351655752164294
fusion16_w,1024,10,55.8929,16675351655752164294
btree8,1024,10,30.7434,16675351655752164294
sorted_array,1024,10,34.0302,16675351655752164294
btree8_bl,1024,10,30.1971,16675351655752164294
btree8_a64,1024,10,28.3157,16675351655752164294
btree8_bl_a64,1024,10,27.4673,16675351655752164294
btree8_bl_a64,1024,11,27.3514,16675351655752164294
sorted_array,1024,11,34.3887,16675351655752164294
btree8,1024,11,30.7907,16675351655752164294
fusion8,1024,11,50.9232,16675351655752164294
fusion8_bf,1024,11,54.5395,16675351655752164294
btree16_bl_a64,1024,11,23.4085,16675351655752164294
fusion16_w,1024,11,56.1554,16675351655752164294
btree8_a64,1024,11,29.2404,16675351655752164294
fusion8_c,1024,11,51.4938,16675351655752164294
btree8_bl,1024,11,29.9377,16675351655752164294
fusion16_w,1024,12,55.9937,16675351655752164294
fusion8,1024,12,49.7314,16675351655752164294
btree16_bl_a64,1024,12,23.3109,16675351655752164294
fusion8_bf,1024,12,53.7567,16675351655752164294
btree8_a64,1024,12,29.2023,16675351655752164294
sorted_array,1024,12,34.5490,16675351655752164294
btree8_bl_a64,1024,12,27.6672,16675351655752164294
btree8_bl,1024,12,30.0110,16675351655752164294
btree8,1024,12,29.7424,16675351655752164294
fusion8_c,1024,12,51.4755,16675351655752164294
btree8_bl,1024,13,30.0079,16675351655752164294
btree8,1024,13,30.3162,16675351655752164294
fusion16_w,1024,13,55.9921,16675351655752164294
sorted_array,1024,13,34.0256,16675351655752164294
btree8_bl_a64,1024,13,27.6016,16675351655752164294
fusion8_bf,1024,13,56.2073,16675351655752164294
btree16_bl_a64,1024,13,23.3246,16675351655752164294
fusion8_c,1024,13,52.9129,16675351655752164294
btree8_a64,1024,13,28.4576,16675351655752164294
fusion8,1024,13,50.0534,16675351655752164294
btree16_bl_a64,1024,14,23.3185,16675351655752164294
fusion8,1024,14,49.6414,16675351655752164294
sorted_array,1024,14,35.5576,16675351655752164294
fusion8_c,1024,14,51.6998,16675351655752164294
btree8,1024,14,30.6824,16675351655752164294
btree8_bl_a64,1024,14,27.5421,16675351655752164294
btree8_bl,1024,14,30.0339,16675351655752164294
fusion16_w,1024,14,56.1432,16675351655752164294
btree8_a64,1024,14,30.3558,16675351655752164294
fusion8_bf,1024,14,53.5355,16675351655752164294
fusion8,2048,0,59.6497,12960468969644381222
fusion16_w,2048,0,59.4131,12960468969644381222
btree8_bl_a64,2048,0,29.8813,12960468969644381222
btree8_bl,2048,0,32.9697,12960468969644381222
fusion8_c,2048,0,57.7347,12960468969644381222
btree16_bl_a64,2048,0,23.4329,12960468969644381222
sorted_array,2048,0,38.7573,12960468969644381222
btree8_a64,2048,0,33.9783,12960468969644381222
btree8,2048,0,33.4625,12960468969644381222
fusion8_bf,2048,0,60.2264,12960468969644381222
fusion8,2048,1,58.0688,12960468969644381222
btree16_bl_a64,2048,1,23.4787,12960468969644381222
sorted_array,2048,1,39.9246,12960468969644381222
btree8_a64,2048,1,33.3405,12960468969644381222
btree8,2048,1,33.9264,12960468969644381222
fusion16_w,2048,1,59.1522,12960468969644381222
fusion8_bf,2048,1,60.4752,12960468969644381222
fusion8_c,2048,1,57.7225,12960468969644381222
btree8_bl,2048,1,32.9285,12960468969644381222
btree8_bl_a64,2048,1,29.8065,12960468969644381222
fusion16_w,2048,2,59.1400,12960468969644381222
btree16_bl_a64,2048,2,24.4186,12960468969644381222
btree8,2048,2,33.7662,12960468969644381222
fusion8_c,2048,2,57.6096,12960468969644381222
sorted_array,2048,2,39.4562,12960468969644381222
btree8_a64,2048,2,33.7311,12960468969644381222
fusion8,2048,2,58.1070,12960468969644381222
fusion8_bf,2048,2,61.0413,12960468969644381222
btree8_bl,2048,2,32.8339,12960468969644381222
btree8_bl_a64,2048,2,29.8401,12960468969644381222
btree8_bl,2048,3,32.7362,12960468969644381222
fusion8_c,2048,3,57.6950,12960468969644381222
sorted_array,2048,3,40.5975,12960468969644381222
btree8_a64,2048,3,32.3654,12960468969644381222
fusion8_bf,2048,3,60.1486,12960468969644381222
btree16_bl_a64,2048,3,23.0911,12960468969644381222
btree8_bl_a64,2048,3,29.8676,12960468969644381222
btree8,2048,3,34.8206,12960468969644381222
fusion16_w,2048,3,59.2514,12960468969644381222
fusion8,2048,3,58.1665,12960468969644381222
btree16_bl_a64,2048,4,23.0316,12960468969644381222
sorted_array,2048,4,39.6164,12960468969644381222
fusion16_w,2048,4,60.6354,12960468969644381222
btree8_bl,2048,4,33.0933,12960468969644381222
btree8_bl_a64,2048,4,30.0903,12960468969644381222
fusion8,2048,4,57.8583,12960468969644381222
btree8_a64,2048,4,33.7418,12960468969644381222
fusion8_bf,2048,4,60.3928,12960468969644381222
btree8,2048,4,33.8242,12960468969644381222
fusion8_c,2048,4,57.6492,12960468969644381222
fusion8,2048,5,57.7652,12960468969644381222
btree8_bl,2048,5,34.6542,12960468969644381222
btree8,2048,5,34.5154,12960468969644381222
fusion8_c,2048,5,58.5739,12960468969644381222
sorted_array,2048,5,39.4287,12960468969644381222
btree8_a64,2048,5,32.1060,12960468969644381222
btree16_bl_a64,2048,5,23.0652,12960468969644381222
btree8_bl_a64,2048,5,29.8615,12960468969644381222
fusion8_bf,2048,5,60.5179,12960468969644381222
fusion16_w,2048,5,59.1629,12960468969644381222
btree8,2048,6,35.1486,12960468969644381222
sorted_array,2048,6,39.4302,12960468969644381222
fusion8,2048,6,59.6832,12960468969644381222
btree8_bl_a64,2048,6,29.8492,12960468969644381222
fusion8_c,2048,6,58.9157,12960468969644381222
fusion8_bf,2048,6,60.4004,12960468969644381222
fusion16_w,2048,6,59.0744,12960468969644381222
btree16_bl_a64,2048,6,23.0499,12960468969644381222
btree8_a64,2048,6,32.5027,12960468969644381222
btree8_bl,2048,6,32.8537,12960468969644381222
fusion8_bf,2048,7,60.4050,12960468969644381222
btree8,2048,7,33.9996,12960468969644381222
btree8_bl,2048,7,32.8873,12960468969644381222
btree16_bl_a64,2048,7,23.0286,12960468969644381222
btree8_bl_a64,2048,7,29.8157,12960468969644381222
fusion8_c,2048,7,57.6965,12960468969644381222
btree8_a64,2048,7,33.2794,12960468969644381222
sorted_array,2048,7,39.1800,12960468969644381222
fusion16_w,2048,7,59.3155,12960468969644381222
fusion8,2048,7,60.7895,12960468969644381222
fusion16_w,2048,8,59.3170,12960468969644381222
btree8,2048,8,33.5297,12960468969644381222
btree8_bl_a64,2048,8,29.8141,12960468969644381222
fusion8_c,2048,8,57.8308,12960468969644381222
btree8_bl,2048,8,32.8186,12960468969644381222
btree8_a64,2048,8,33.2825,12960468969644381222
fusion8_bf,2048,8,60.3943,12960468969644381222
btree16_bl_a64,2048,8,22.9523,12960468969644381222
sorted_array,2048,8,38.4354,12960468969644381222
fusion8,2048,8,60.3287,12960468969644381222
btree8_a64,2048,9,33.9340,12960468969644381222
fusion8,2048,9,57.9620,12960468969644381222
btree8,2048,9,37.0636,12960468969644381222
fusion16_w,2048,9,59.1721,12960468969644381222
btree16_bl_a64,2048,9,22.9843,12960468969644381222
btree8_bl,2048,9,32.8690,12960468969644381222
btree8_bl_a64,2048,9,31.3095,12960468969644381222
fusion8_bf,2048,9,60.4279,12960468969644381222
sorted_array,2048,9,38.4369,12960468969644381222
fusion8_c,2048,9,57.7225,12960468969644381222
btree16_bl_a64,2048,10,23.0026,12960468969644381222
sorted_array,2048,10,38.3041,12960468969644381222
btree8_bl,2048,10,32.9208,12960468969644381222
fusion8_c,2048,10,57.7591,12960468969644381222
fusion8,2048,10,57.8247,12960468969644381222
btree8,2048,10,35.4874,12960468969644381222
fusion16_w,2048,10,60.4828,12960468969644381222
btree8_bl_a64,2048,10,29.8462,12960468969644381222
fusion8_bf,2048,10,60.4050,12960468969644381222
btree8_a64,2048,10,32.9239,12960468969644381222
btree8,2048,11,33.4686,12960468969644381222
btree8_bl_a64,2048,11,29.8096,12960468969644381222
btree8_a64,2048,11,32.7469,12960468969644381222
fusion8_bf,2048,11,60.0769,12960468969644381222
btree8_bl,2048,11,32.9132,12960468969644381222
fusion8_c,2048,11,57.6416,12960468969644381222
fusion16_w,2048,11,59.0591,12960468969644381222
btree16_bl_a64,2048,11,24.2920,12960468969644381222
fusion8,2048,11,57.5912,12960468969644381222
sorted_array,2048,11,39.4913,12960468969644381222
sorted_array,2048,12,38.9771,12960468969644381222
btree16_bl_a64,2048,12,22.9919,12960468969644381222
btree8_bl_a64,2048,12,29.8477,12960468969644381222
fusion8_c,2048,12,57.5272,12960468969644381222
btree8_bl,2048,12,32.8430,12960468969644381222
btree8,2048,12,34.1980,12960468969644381222
fusion8_bf,2048,12,60.3287,12960468969644381222
fusion16_w,2048,12,59.0607,12960468969644381222
btree8_a64,2048,12,34.0073,12960468969644381222
fusion8,2048,12,58.2382,12960468969644381222
fusion16_w,2048,13,59.2728,12960468969644381222
btree8_bl,2048,13,33.0673,12960468969644381222
fusion8,2048,13,57.3776,12960468969644381222
btree16_bl_a64,2048,13,23.0362,12960468969644381222
fusion8_c,2048,13,57.6981,12960468969644381222
btree8_a64,2048,13,32.4142,12960468969644381222
btree8,2048,13,37.5305,12960468969644381222
sorted_array,2048,13,38.4811,12960468969644381222
btree8_bl_a64,2048,13,29.9820,12960468969644381222
fusion8_bf,2048,13,61.8454,12960468969644381222
btree8_bl,2048,14,32.8354,12960468969644381222
btree16_bl_a64,2048,14,23.0042,12960468969644381222
btree8,2048,14,33.7250,12960468969644381222
fusion8_bf,2048,14,60.0769,12960468969644381222
fusion8,2048,14,57.7103,12960468969644381222
btree8_a64,2048,14,34.7183,12960468969644381222
btree8_bl_a64,2048,14,29.8080,12960468969644381222
sorted_array,2048,14,38.3682,12960468969644381222
fusion16_w,2048,14,59.2712,12960468969644381222
fusion8_c,2048,14,58.9417,12960468969644381222
sorted_array,4096,0,42.3721,4803135936880507992
btree8,4096,0,38.8748,4803135936880507992
fusion8_c,4096,0,59.9945,4803135936880507992
fusion8_bf,4096,0,62.8067,4803135936880507992
btree8_bl,4096,0,32.2784,4803135936880507992
fusion16_w,4096,0,59.6146,4803135936880507992
fusion8,4096,0,60.5469,4803135936880507992
btree8_bl_a64,4096,0,29.4739,4803135936880507992
btree16_bl_a64,4096,0,22.7188,4803135936880507992
btree8_a64,4096,0,36.0489,4803135936880507992
fusion16_w,4096,1,60.2264,4803135936880507992
btree16_bl_a64,4096,1,22.8928,4803135936880507992
btree8_bl,4096,1,32.1320,4803135936880507992
btree8_bl_a64,4096,1,29.3350,4803135936880507992
btree8_a64,4096,1,35.5316,4803135936880507992
fusion8_bf,4096,1,62.9837,4803135936880507992
sorted_array,4096,1,42.4149,4803135936880507992
fusion8_c,4096,1,60.8826,4803135936880507992
fusion8,4096,1,60.2997,4803135936880507992
btree8,4096,1,39.2914,4803135936880507992
btree8_bl,4096,2,32.3685,4803135936880507992
fusion8_bf,4096,2,62.8311,4803135936880507992
btree8_bl_a64,4096,2,29.4296,4803135936880507992
fusion16_w,4096,2,59.4360,4803135936880507992
btree8_a64,4096,2,37.2864,4803135936880507992
btree8,4096,2,37.4207,4803135936880507992
btree16_bl_a64,4096,2,22.7142,4803135936880507992
fusion8_c,4096,2,59.8572,4803135936880507992
fusion8,4096,2,60.2081,4803135936880507992
sorted_array,4096,2,43.4479,4803135936880507992
fusion8_c,4096,3,60.5240,4803135936880507992
fusion8_bf,4096,3,64.0137,4803135936880507992
btree8,4096,3,37.7014,4803135936880507992
fusion8,4096,3,60.1562,4803135936880507992
btree16_bl_a64,4096,3,22.6913,4803135936880507992
btree8_bl,4096,3,32.1960,4803135936880507992
sorted_array,4096,3,42.7582,4803135936880507992
fusion16_w,4096,3,59.4391,4803135936880507992
btree8_a64,4096,3,36.1389,4803135936880507992
btree8_bl_a64,4096,3,29.3625,4803135936880507992
btree8_bl,4096,4,32.0297,4803135936880507992
fusion8_c,4096,4,59.7885,4803135936880507992
fusion8,4096,4,60.2707,4803135936880507992
btree8_bl_a64,4096,4,29.3884,4803135936880507992
btree8,4096,4,37.3672,4803135936880507992
sorted_array,4096,4,42.8024,4803135936880507992
fusion16_w,4096,4,59.3918,4803135936880507992
btree16_bl_a64,4096,4,22.7859,4803135936880507992
fusion8_bf,4096,4,62.8113,4803135936880507992
btree8_a64,4096,4,36.4349,4803135936880507992
btree8_bl_a64,4096,5,29.3930,4803135936880507992
btree16_bl_a64,4096,5,22.7386,4803135936880507992
fusion8_c,4096,5,60.8566,4803135936880507992
btree8,4096,5,37.0148,4803135936880507992
fusion16_w,4096,5,59.5230,4803135936880507992
btree8_bl,4096,5,32.1136,4803135936880507992
sorted_array,4096,5,42.2974,4803135936880507992
btree8_a64,4096,5,37.2665,4803135936880507992
fusion8,4096,5,60.1105,4803135936880507992
fusion8_bf,4096,5,63.7222,4803135936880507992
fusion8_bf,4096,6,63.6475,4803135936880507992
btree8_bl,4096,6,32.1350,4803135936880507992
sorted_array,4096,6,43.3014,4803135936880507992
btree8,4096,6,37.6526,4803135936880507992
fusion16_w,4096,6,59.3201,4803135936880507992
btree16_bl_a64,4096,6,22.6501,4803135936880507992
btree8_a64,4096,6,35.9222,4803135936880507992
fusion8,4096,6,60.2600,4803135936880507992
fusion8_c,4096,6,60.2356,4803135936880507992
btree8_bl_a64,4096,6,29.4556,4803135936880507992
btree8,4096,7,37.9135,4803135936880507992
sorted_array,4096,7,42.6819,4803135936880507992
fusion8_c,4096,7,61.6013,4803135936880507992
fusion16_w,4096,7,59.2804,4803135936880507992
btree8_bl_a64,4096,7,29.3549,4803135936880507992
btree8_a64,4096,7,35.9756,4803135936880507992
fusion8_bf,4096,7,62.5565,4803135936880507992
btree16_bl_a64,4096,7,22.7386,4803135936880507992
btree8_bl,4096,7,32.1609,4803135936880507992
fusion8,4096,7,60.2005,4803135936880507992
btree8,4096,8,40.0085,4803135936880507992
btree8_a64,4096,8,36.6074,4803135936880507992
fusion8_c,4096,8,59.8633,4803135936880507992
sorted_array,4096,8,43.6050,4803135936880507992
btree16_bl_a64,4096,8,22.8256,4803135936880507992
btree8_bl_a64,4096,8,29.4495,4803135936880507992
fusion8_bf,4096,8,62.8845,4803135936880507992
fusion16_w,4096,8,59.3170,4803135936880507992
btree8_bl,4096,8,32.0663,4803135936880507992
fusion8,4096,8,60.2753,4803135936880507992
fusion16_w,4096,9,59.4833,4803135936880507992
btree8_a64,4096,9,37.8342,4803135936880507992
sorted_array,4096,9,42.5156,4803135936880507992
btree8_bl_a64,4096,9,30.0934,4803135936880507992
btree8,4096,9,36.9965,4803135936880507992
fusion8_bf,4096,9,62.6007,4803135936880507992
fusion8_c,4096,9,59.7198,4803135936880507992
fusion8,4096,9,60.1807,4803135936880507992
btree8_bl,4096,9,32.1320,4803135936880507992
btree16_bl_a64,4096,9,22.7737,4803135936880507992
sorted_array,4096,10,42.3721,4803135936880507992
fusion16_w,4096,10,59.3704,4803135936880507992
fusion8,4096,10,60.2341,4803135936880507992
btree8_bl_a64,4096,10,30.4443,4803135936880507992
fusion8_c,4096,10,60.2127,4803135936880507992
btree8_a64,4096,10,36.1832,4803135936880507992
btree8,4096,10,39.0121,4803135936880507992
btree8_bl,4096,10,32.0496,4803135936880507992
btree16_bl_a64,4096,10,22.7051,4803135936880507992
fusion8_bf,4096,10,62.8067,4803135936880507992
btree8_bl,4096,11,32.0969,4803135936880507992
btree8_a64,4096,11,36.7874,4803135936880507992
fusion8,4096,11,60.7788,4803135936880507992
btree8_bl_a64,4096,11,29.3884,4803135936880507992
fusion8_c,4096,11,61.3632,4803135936880507992
fusion8_bf,4096,11,62.7853,4803135936880507992
btree16_bl_a64,4096,11,22.6974,4803135936880507992
btree8,4096,11,37.1140,4803135936880507992
fusion16_w,4096,11,59.4391,4803135936880507992
sorted_array,4096,11,42.4133,4803135936880507992
btree8_bl_a64,4096,12,29.4464,4803135936880507992
fusion8_c,4096,12,59.8022,4803135936880507992
btree8_a64,4096,12,36.8820,4803135936880507992
btree16_bl_a64,4096,12,22.7432,4803135936880507992
btree8_bl,4096,12,32.2510,4803135936880507992
btree8,4096,12,38.1866,4803135936880507992
fusion8_bf,4096,12,62.7838,4803135936880507992
fusion8,4096,12,60.3821,4803135936880507992
fusion16_w,4096,12,59.6115,4803135936880507992
sorted_array,4096,12,42.4408,4803135936880507992
btree8_a64,4096,13,37.1918,4803135936880507992
fusion8,4096,13,60.1761,4803135936880507992
btree8_bl,4096,13,32.1289,4803135936880507992
sorted_array,4096,13,43.2190,4803135936880507992
btree8_bl_a64,4096,13,29.4724,4803135936880507992
fusion16_w,4096,13,60.8292,4803135936880507992
btree8,4096,13,36.8988,4803135936880507992
fusion8_bf,4096,13,62.5671,4803135936880507992
btree16_bl_a64,4096,13,22.6959,4803135936880507992
fusion8_c,4096,13,59.7824,4803135936880507992
btree8_bl_a64,4096,14,29.3793,4803135936880507992
fusion8,4096,14,60.2631,4803135936880507992
fusion16_w,4096,14,59.4681,4803135936880507992
fusion8_c,4096,14,60.3851,4803135936880507992
btree8_bl,4096,14,32.2144,4803135936880507992
fusion8_bf,4096,14,62.6663,4803135936880507992
btree16_bl_a64,4096,14,22.7173,4803135936880507992
btree8,4096,14,37.3093,4803135936880507992
btree8_a64,4096,14,36.5005,4803135936880507992
sorted_array,4096,14,42.9779,4803135936880507992
fusion8_bf,8192,0,71.6003,159033305566865313
fusion8_c,8192,0,67.9535,159033305566865313
sorted_array,8192,0,48.9532,159033305566865313
btree8_bl,8192,0,38.5574,159033305566865313
btree8,8192,0,41.2033,159033305566865313
btree16_bl_a64,8192,0,34.6970,159033305566865313
btree8_bl_a64,8192,0,35.4599,159033305566865313
fusion8,8192,0,68.3884,159033305566865313
btree8_a64,8192,0,40.9409,159033305566865313
fusion16_w,8192,0,78.2990,159033305566865313
fusion8_bf,8192,1,73.2956,159033305566865313
btree8_a64,8192,1,41.4810,159033305566865313
fusion8_c,8192,1,68.2541,159033305566865313
fusion16_w,8192,1,75.6027,159033305566865313
sorted_array,8192,1,48.4558,159033305566865313
btree16_bl_a64,8192,1,35.4965,159033305566865313
btree8_bl_a64,8192,1,34.8206,159033305566865313
btree8,8192,1,42.0685,159033305566865313
btree8_bl,8192,1,37.9150,159033305566865313
fusion8,8192,1,68.5471,159033305566865313
btree16_bl_a64,8192,2,34.7031,159033305566865313
btree8_a64,8192,2,39.9704,159033305566865313
fusion8,8192,2,67.5491,159033305566865313
sorted_array,8192,2,48.2452,159033305566865313
fusion8_c,8192,2,68.4784,159033305566865313
btree8_bl_a64,8192,2,34.4910,159033305566865313
fusion16_w,8192,2,79.4739,159033305566865313
fusion8_bf,8192,2,72.2046,159033305566865313
btree8_bl,8192,2,37.5000,159033305566865313
btree8,8192,2,44.0979,159033305566865313
fusion8_bf,8192,3,71.5530,159033305566865313
btree8,8192,3,40.6525,159033305566865313
btree16_bl_a64,8192,3,34.4025,159033305566865313
btree8_a64,8192,3,40.1535,159033305566865313
btree8_bl,8192,3,37.5885,159033305566865313
fusion8_c,8192,3,68.5425,159033305566865313
sorted_array,8192,3,47.9813,159033305566865313
fusion16_w,8192,3,77.4841,159033305566865313
fusion8,8192,3,69.6045,159033305566865313
btree8_bl_a64,8192,3,35.6049,159033305566865313
btree8_bl,8192,4,37.9303,159033305566865313
btree8,8192,4,41.1560,159033305566865313
btree8_a64,8192,4,40.2161,159033305566865313
sorted_array,8192,4,47.9385,159033305566865313
btree8_bl_a64,8192,4,34.9655,159033305566865313
fusion8_c,8192,4,68.1412,159033305566865313
fusion8_bf,8192,4,72.3022,159033305566865313
fusion16_w,8192,4,78.1143,159033305566865313
btree16_bl_a64,8192,4,34.9197,159033305566865313
fusion8,8192,4,68.5257,159033305566865313
btree8_bl,8192,5,38.0508,159033305566865313
btree8_bl_a64,8192,5,35.3317,159033305566865313
btree8_a64,8192,5,39.4714,159033305566865313
btree16_bl_a64,8192,5,33.9905,159033305566865313
sorted_array,8192,5,47.7325,159033305566865313
fusion16_w,8192,5,78.7231,159033305566865313
fusion8_c,8192,5,69.6045,159033305566865313
fusion8_bf,8192,5,72.6196,159033305566865313
fusion8,8192,5,68.1183,159033305566865313
btree8,8192,5,43.3777,159033305566865313
sorted_array,8192,6,48.3490,159033305566865313
fusion8,8192,6,69.2871,159033305566865313
fusion8_c,8192,6,68.8080,159033305566865313
fusion16_w,8192,6,76.8250,159033305566865313
fusion8_bf,8192,6,72.0230,159033305566865313
btree8_bl,8192,6,38.3911,159033305566865313
btree8_a64,8192,6,41.1514,159033305566865313
btree8,8192,6,42.8024,159033305566865313
btree16_bl_a64,8192,6,35.1913,159033305566865313
btree8_bl_a64,8192,6,35.2203,159033305566865313
btree8_bl_a64,8192,7,34.2468,159033305566865313
sorted_array,8192,7,48.5550,159033305566865313
fusion8_bf,8192,7,73.9380,159033305566865313
btree8,8192,7,41.7999,159033305566865313
btree16_bl_a64,8192,7,33.9676,159033305566865313
fusion8,8192,7,69.1757,159033305566865313
btree8_bl,8192,7,38.1912,159033305566865313
fusion8_c,8192,7,70.2454,159033305566865313
btree8_a64,8192,7,40.2863,159033305566865313
fusion16_w,8192,7,78.7689,159033305566865313
fusion8,8192,8,70.1782,159033305566865313
btree16_bl_a64,8192,8,35.0906,159033305566865313
btree8_a64,8192,8,40.0787,159033305566865313
fusion16_w,8192,8,76.2161,159033305566865313
btree8_bl_a64,8192,8,35.0937,159033305566865313
fusion8_c,8192,8,68.1625,159033305566865313
fusion8_bf,8192,8,72.9584,159033305566865313
btree8,8192,8,41.7542,159033305566865313
btree8_bl,8192,8,37.6389,159033305566865313
sorted_array,8192,8,48.4344,159033305566865313
sorted_array,8192,9,49.0952,159033305566865313
btree8,8192,9,41.1118,159033305566865313
fusion8_c,8192,9,68.0847,159033305566865313
fusion8,8192,9,68.8629,159033305566865313
fusion16_w,8192,9,78.4027,159033305566865313
btree8_bl,8192,9,38.0569,159033305566865313
fusion8_bf,8192,9,72.6746,159033305566865313
btree16_bl_a64,8192,9,35.6888,159033305566865313
btree8_bl_a64,8192,9,35.9894,159033305566865313
btree8_a64,8192,9,40.2100,159033305566865313
fusion16_w,8192,10,75.8636,159033305566865313
btree16_bl_a64,8192,10,34.3689,159033305566865313
btree8_a64,8192,10,39.2303,159033305566865313
fusion8_bf,8192,10,71.7285,159033305566865313
sorted_array,8192,10,47.9034,159033305566865313
btree8,8192,10,41.3086,159033305566865313
fusion8,8192,10,69.9661,159033305566865313
fusion8_c,8192,10,70.0363,159033305566865313
btree8_bl,8192,10,37.8693,159033305566865313
btree8_bl_a64,8192,10,34.8068,159033305566865313
btree8,8192,11,41.0416,159033305566865313
fusion8,8192,11,68.6386,159033305566865313
btree8_a64,8192,11,39.8468,159033305566865313
fusion8_c,8192,11,67.8970,159033305566865313
btree16_bl_a64,8192,11,35.4782,159033305566865313
btree8_bl_a64,8192,11,34.4955,159033305566865313
btree8_bl,8192,11,38.9038,159033305566865313
fusion8_bf,8192,11,75.1099,159033305566865313
sorted_array,8192,11,47.8088,159033305566865313
fusion16_w,8192,11,80.1590,159033305566865313
fusion8_c,8192,12,68.1870,159033305566865313
btree8_bl,8192,12,37.4176,159033305566865313
fusion8_bf,8192,12,73.4161,159033305566865313
btree16_bl_a64,8192,12,34.4864,159033305566865313
sorted_array,8192,12,49.9298,159033305566865313
fusion8,8192,12,68.3716,159033305566865313
btree8_a64,8192,12,41.2201,159033305566865313
fusion16_w,8192,12,78.7018,159033305566865313
btree8_bl_a64,8192,12,35.6491,159033305566865313
btree8,8192,12,42.3172,159033305566865313
btree8_bl,8192,13,38.8580,159033305566865313
btree8_bl_a64,8192,13,34.3201,159033305566865313
btree16_bl_a64,8192,13,34.8160,159033305566865313
btree8,8192,13,42.7231,159033305566865313
fusion8_bf,8192,13,73.1003,159033305566865313
fusion16_w,8192,13,76.7838,159033305566865313
fusion8,8192,13,68.8583,159033305566865313
sorted_array,8192,13,48.8846,159033305566865313
btree8_a64,8192,13,40.4526,159033305566865313
fusion8_c,8192,13,68.4402,159033305566865313
fusion16_w,8192,14,75.8240,159033305566865313
fusion8,8192,14,69.9036,159033305566865313
btree16_bl_a64,8192,14,34.9548,159033305566865313
btree8_a64,8192,14,39.9887,159033305566865313
btree8_bl_a64,8192,14,35.4797,159033305566865313
fusion8_bf,8192,14,72.0047,159033305566865313
sorted_array,8192,14,48.7076,159033305566865313
btree8,8192,14,41.5466,159033305566865313
fusion8_c,8192,14,68.3823,159033305566865313
btree8_bl,8192,14,38.5437,159033305566865313
fusion8,16384,0,83.2397,9658500957361859441
btree16_bl_a64,16384,0,43.6371,9658500957361859441
btree8,16384,0,49.4659,9658500957361859441
fusion8_c,16384,0,81.8710,9658500957361859441
btree8_bl,16384,0,51.4084,9658500957361859441
sorted_array,16384,0,54.4388,9658500957361859441
btree8_a64,16384,0,51.2070,9658500957361859441
fusion16_w,16384,0,85.9009,9658500957361859441
fusion8_bf,16384,0,87.9456,9658500957361859441
btree8_bl_a64,16384,0,46.2433,9658500957361859441
fusion8_c,16384,1,80.8838,9658500957361859441
fusion8_bf,16384,1,84.6512,9658500957361859441
btree8_bl,16384,1,46.7987,9658500957361859441
btree16_bl_a64,16384,1,40.4816,9658500957361859441
fusion16_w,16384,1,84.5383,9658500957361859441
btree8_bl_a64,16384,1,42.9611,9658500957361859441
btree8,16384,1,49.7375,9658500957361859441
btree8_a64,16384,1,49.2844,9658500957361859441
sorted_array,16384,1,55.3223,9658500957361859441
fusion8,16384,1,90.0711,9658500957361859441
btree8_bl_a64,16384,2,43.1656,9658500957361859441
sorted_array,16384,2,55.4855,9658500957361859441
fusion8_bf,16384,2,85.1578,9658500957361859441
btree8,16384,2,49.5667,9658500957361859441
fusion8_c,16384,2,84.6024,9658500957361859441
btree8_bl,16384,2,47.2519,9658500957361859441
btree16_bl_a64,16384,2,42.3553,9658500957361859441
fusion16_w,16384,2,88.2111,9658500957361859441
btree8_a64,16384,2,49.6765,9658500957361859441
fusion8,16384,2,83.5541,9658500957361859441
btree16_bl_a64,16384,3,39.1739,9658500957361859441
btree8,16384,3,49.1943,9658500957361859441
fusion16_w,16384,3,83.6212,9658500957361859441
fusion8,16384,3,81.1935,9658500957361859441
btree8_bl_a64,16384,3,46.6660,9658500957361859441
fusion8_c,16384,3,81.4224,9658500957361859441
btree8_a64,16384,3,48.7915,9658500957361859441
sorted_array,16384,3,55.7556,9658500957361859441
fusion8_bf,16384,3,85.5820,9658500957361859441
btree8_bl,16384,3,47.8226,9658500957361859441
btree8_bl,16384,4,44.5557,9658500957361859441
btree8_bl_a64,16384,4,44.7983,9658500957361859441
fusion8_bf,16384,4,81.8787,9658500957361859441
fusion8,16384,4,82.3639,9658500957361859441
fusion16_w,16384,4,85.6873,9658500957361859441
btree8,16384,4,51.0651,9658500957361859441
sorted_array,16384,4,55.0735,9658500957361859441
btree8_a64,16384,4,48.6328,9658500957361859441
btree16_bl_a64,16384,4,44.8715,9658500957361859441
fusion8_c,16384,4,80.9906,9658500957361859441
btree8_bl,16384,5,46.4020,9658500957361859441
btree8_a64,16384,5,48.6893,9658500957361859441
btree8,16384,5,50.1572,9658500957361859441
btree16_bl_a64,16384,5,39.4318,9658500957361859441
fusion16_w,16384,5,85.2203,9658500957361859441
btree8_bl_a64,16384,5,44.8151,9658500957361859441
sorted_array,16384,5,56.0272,9658500957361859441
fusion8_c,16384,5,82.1884,9658500957361859441
fusion8,16384,5,83.3374,9658500957361859441
fusion8_bf,16384,5,87.0361,9658500957361859441
sorted_array,16384,6,55.7007,9658500957361859441
btree16_bl_a64,16384,6,39.1693,9658500957361859441
fusion8,16384,6,83.8028,9658500957361859441
btree8_bl_a64,16384,6,46.9482,9658500957361859441
btree8_a64,16384,6,48.7717,9658500957361859441
fusion16_w,16384,6,84.7580,9658500957361859441
btree8_bl,16384,6,47.0490,9658500957361859441
fusion8_bf,16384,6,85.5728,9658500957361859441
btree8,16384,6,50.8484,9658500957361859441
fusion8_c,16384,6,80.8960,9658500957361859441
fusion16_w,16384,7,84.8984,9658500957361859441
btree8_bl,16384,7,46.1029,9658500957361859441
fusion8_bf,16384,7,84.4788,9658500957361859441
btree16_bl_a64,16384,7,40.3641,9658500957361859441
btree8,16384,7,49.1882,9658500957361859441
btree8_bl_a64,16384,7,45.9229,9658500957361859441
btree8_a64,16384,7,48.1827,9658500957361859441
fusion8_c,16384,7,80.5023,9658500957361859441
fusion8,16384,7,85.8658,9658500957361859441
sorted_array,16384,7,55.5603,9658500957361859441
btree16_bl_a64,16384,8,39.9536,9658500957361859441
btree8_a64,16384,8,47.3602,9658500957361859441
btree8,16384,8,48.9136,9658500957361859441
sorted_array,16384,8,55.0247,9658500957361859441
btree8_bl_a64,16384,8,43.4830,9658500957361859441
fusion8_c,16384,8,79.9881,9658500957361859441
btree8_bl,16384,8,48.0377,9658500957361859441
fusion8,16384,8,83.2138,9658500957361859441
fusion8_bf,16384,8,88.3118,9658500957361859441
fusion16_w,16384,8,86.8317,9658500957361859441
sorted_array,16384,9,55.3436,9658500957361859441
btree8,16384,9,48.6649,9658500957361859441
btree16_bl_a64,16384,9,39.7476,9658500957361859441
fusion8_bf,16384,9,84.7214,9658500957361859441
fusion8,16384,9,82.5653,9658500957361859441
btree8_bl,16384,9,47.6913,9658500957361859441
fusion16_w,16384,9,85.3210,9658500957361859441
btree8_a64,16384,9,49.9023,9658500957361859441
btree8_bl_a64,16384,9,44.7342,9658500957361859441
fusion8_c,16384,9,81.0486,9658500957361859441
btree8,16384,10,49.2111,9658500957361859441
fusion8_bf,16384,10,82.9803,9658500957361859441
fusion8_c,16384,10,80.9906,9658500957361859441
btree8_a64,16384,10,48.6084,9658500957361859441
fusion16_w,16384,10,86.1420,9658500957361859441
fusion8,16384,10,84.5840,9658500957361859441
btree16_bl_a64,16384,10,44.0002,9658500957361859441
btree8_bl,16384,10,46.3486,9658500957361859441
btree8_bl_a64,16384,10,44.4077,9658500957361859441
sorted_array,16384,10,54.4952,9658500957361859441
fusion8,16384,11,82.9681,9658500957361859441
btree8_a64,16384,11,48.0896,9658500957361859441
btree8_bl_a64,16384,11,42.7368,9658500957361859441
fusion8_bf,16384,11,88.1577,9658500957361859441
fusion8_c,16384,11,82.6599,9658500957361859441
btree8,16384,11,50.4623,9658500957361859441
sorted_array,16384,11,54.5990,9658500957361859441
btree16_bl_a64,16384,11,39.7186,9658500957361859441
btree8_bl,16384,11,46.1975,9658500957361859441
fusion16_w,16384,11,86.2228,9658500957361859441
btree8_a64,16384,12,48.4360,9658500957361859441
sorted_array,16384,12,54.4006,9658500957361859441
btree8,16384,12,49.4553,9658500957361859441
btree8_bl,16384,12,45.6726,9658500957361859441
btree8_bl_a64,16384,12,45.7443,9658500957361859441
fusion8_c,16384,12,81.9153,9658500957361859441
fusion8,16384,12,85.8688,9658500957361859441
fusion16_w,16384,12,87.6999,9658500957361859441
btree16_bl_a64,16384,12,43.1961,9658500957361859441
fusion8_bf,16384,12,86.1496,9658500957361859441
btree16_bl_a64,16384,13,39.1312,9658500957361859441
btree8_bl,16384,13,46.5317,9658500957361859441
fusion8_c,16384,13,81.1462,9658500957361859441
btree8,16384,13,49.0662,9658500957361859441
fusion16_w,16384,13,85.3577,9658500957361859441
btree8_bl_a64,16384,13,45.9991,9658500957361859441
btree8_a64,16384,13,50.2808,9658500957361859441
fusion8_bf,16384,13,86.5723,9658500957361859441
fusion8,16384,13,82.9208,9658500957361859441
sorted_array,16384,13,54.7806,9658500957361859441
fusion8_c,16384,14,80.8151,9658500957361859441
sorted_array,16384,14,54.5303,9658500957361859441
btree16_bl_a64,16384,14,42.0868,9658500957361859441
fusion16_w,16384,14,89.1037,9658500957361859441
btree8_a64,16384,14,49.0524,9658500957361859441
btree8,16384,14,49.5117,9658500957361859441
btree8_bl_a64,16384,14,45.3445,9658500957361859441
fusion8,16384,14,83.0093,9658500957361859441
btree8_bl,16384,14,47.0856,9658500957361859441
fusion8_bf,16384,14,86.6760,9658500957361859441
btree8_a64,32768,0,54.1595,11629335647243425761
fusion16_w,32768,0,87.8952,11629335647243425761
sorted_array,32768,0,63.6566,11629335647243425761
btree8,32768,0,52.4704,11629335647243425761
fusion8_bf,32768,0,91.0248,11629335647243425761
fusion8,32768,0,85.1028,11629335647243425761
btree16_bl_a64,32768,0,40.3198,11629335647243425761
btree8_bl,32768,0,47.1619,11629335647243425761
btree8_bl_a64,32768,0,45.5261,11629335647243425761
fusion8_c,32768,0,85.2631,11629335647243425761
btree8_bl,32768,1,44.7601,11629335647243425761
btree8_bl_a64,32768,1,42.5415,11629335647243425761
fusion16_w,32768,1,92.9916,11629335647243425761
fusion8,32768,1,84.5856,11629335647243425761
sorted_array,32768,1,62.9990,11629335647243425761
btree16_bl_a64,32768,1,41.0873,11629335647243425761
fusion8_bf,32768,1,87.3962,11629335647243425761
fusion8_c,32768,1,87.7045,11629335647243425761
btree8_a64,32768,1,53.3981,11629335647243425761
btree8,32768,1,54.1977,11629335647243425761
btree8,32768,2,50.7721,11629335647243425761
fusion8,32768,2,86.5891,11629335647243425761
btree8_bl,32768,2,46.8704,11629335647243425761
btree16_bl_a64,32768,2,41.4810,11629335647243425761
fusion16_w,32768,2,92.7856,11629335647243425761
fusion8_bf,32768,2,89.5081,11629335647243425761
btree8_a64,32768,2,51.3443,11629335647243425761
sorted_array,32768,2,62.7579,11629335647243425761
fusion8_c,32768,2,86.1084,11629335647243425761
btree8_bl_a64,32768,2,48.5046,11629335647243425761
fusion8_c,32768,3,82.9544,11629335647243425761
btree8_bl_a64,32768,3,42.1799,11629335647243425761
btree8_bl,32768,3,46.6949,11629335647243425761
fusion8,32768,3,85.6033,11629335647243425761
sorted_array,32768,3,62.3154,11629335647243425761
btree8_a64,32768,3,50.7690,11629335647243425761
fusion8_bf,32768,3,86.9644,11629335647243425761
btree8,32768,3,53.5400,11629335647243425761
fusion16_w,32768,3,94.1345,11629335647243425761
btree16_bl_a64,32768,3,44.2383,11629335647243425761
fusion8,32768,4,86.1954,11629335647243425761
btree8_bl_a64,32768,4,48.4711,11629335647243425761
fusion8_bf,32768,4,90.4282,11629335647243425761
fusion16_w,32768,4,92.8741,11629335647243425761
btree8_bl,32768,4,47.0871,11629335647243425761
fusion8_c,32768,4,85.6018,11629335647243425761
sorted_array,32768,4,64.1403,11629335647243425761
btree8_a64,32768,4,52.9922,11629335647243425761
btree16_bl_a64,32768,4,43.8675,11629335647243425761
btree8,32768,4,53.6392,11629335647243425761
fusion8_bf,32768,5,90.1489,11629335647243425761
fusion16_w,32768,5,91.7221,11629335647243425761
btree8_bl_a64,32768,5,48.1537,11629335647243425761
btree8_a64,32768,5,54.1916,11629335647243425761
fusion8,32768,5,88.8290,11629335647243425761
fusion8_c,32768,5,89.0289,11629335647243425761
btree8,32768,5,53.2974,11629335647243425761
sorted_array,32768,5,62.3734,11629335647243425761
btree16_bl_a64,32768,5,43.8461,11629335647243425761
btree8_bl,32768,5,49.6292,11629335647243425761
btree8,32768,6,53.7659,11629335647243425761
fusion8_bf,32768,6,87.4268,11629335647243425761
fusion8,32768,6,88.2492,11629335647243425761
btree16_bl_a64,32768,6,38.2858,11629335647243425761
btree8_a64,32768,6,51.2222,11629335647243425761
fusion8_c,32768,6,86.6486,11629335647243425761
fusion16_w,32768,6,91.8060,11629335647243425761
sorted_array,32768,6,62.4649,11629335647243425761
btree8_bl_a64,32768,6,46.3028,11629335647243425761
btree8_bl,32768,6,47.0444,11629335647243425761
fusion8,32768,7,84.1278,11629335647243425761
fusion8_bf,32768,7,91.8228,11629335647243425761
fusion8_c,32768,7,86.2625,11629335647243425761
sorted_array,32768,7,63.4857,11629335647243425761
btree8_bl_a64,32768,7,44.9524,11629335647243425761
btree16_bl_a64,32768,7,40.9134,11629335647243425761
btree8,32768,7,53.7781,11629335647243425761
btree8_bl,32768,7,48.8708,11629335647243425761
fusion16_w,32768,7,91.8457,11629335647243425761
btree8_a64,32768,7,51.3824,11629335647243425761
fusion8_bf,32768,8,86.2534,11629335647243425761
btree16_bl_a64,32768,8,40.8417,11629335647243425761
btree8_bl,32768,8,47.2626,11629335647243425761
fusion8_c,32768,8,85.6064,11629335647243425761
fusion8,32768,8,85.0021,11629335647243425761
btree8,32768,8,53.0685,11629335647243425761
btree8_bl_a64,32768,8,47.8027,11629335647243425761
sorted_array,32768,8,62.3276,11629335647243425761
btree8_a64,32768,8,53.3890,11629335647243425761
fusion16_w,32768,8,95.2591,11629335647243425761
btree8_bl_a64,32768,9,46.0709,11629335647243425761
fusion8,32768,9,84.2255,11629335647243425761
fusion8_bf,32768,9,91.8335,11629335647243425761
btree8_a64,32768,9,50.5981,11629335647243425761
sorted_array,32768,9,62.2787,11629335647243425761
btree8_bl,32768,9,46.9788,11629335647243425761
btree16_bl_a64,32768,9,44.2490,11629335647243425761
fusion16_w,32768,9,93.3304,11629335647243425761
btree8,32768,9,53.0182,11629335647243425761
fusion8_c,32768,9,85.0479,11629335647243425761
fusion8_c,32768,10,82.8232,11629335647243425761
fusion16_w,32768,10,90.8829,11629335647243425761
sorted_array,32768,10,62.3734,11629335647243425761
fusion8_bf,32768,10,93.5959,11629335647243425761
btree16_bl_a64,32768,10,41.7969,11629335647243425761
btree8_bl_a64,32768,10,45.2408,11629335647243425761
fusion8,32768,10,84.8083,11629335647243425761
btree8,32768,10,54.9377,11629335647243425761
btree8_bl,32768,10,49.2264,11629335647243425761
btree8_a64,32768,10,52.2842,11629335647243425761
fusion8_bf,32768,11,87.4985,11629335647243425761
btree16_bl_a64,32768,11,40.9348,11629335647243425761
btree8,32768,11,52.5070,11629335647243425761
btree8_bl,32768,11,45.9961,11629335647243425761
fusion8,32768,11,87.6114,11629335647243425761
btree8_a64,32768,11,51.4984,11629335647243425761
btree8_bl_a64,32768,11,48.0972,11629335647243425761
fusion16_w,32768,11,91.7328,11629335647243425761
fusion8_c,32768,11,85.6354,11629335647243425761
sorted_array,32768,11,62.5381,11629335647243425761
fusion8_c,32768,12,84.8083,11629335647243425761
btree8_bl,32768,12,46.6080,11629335647243425761
btree8_a64,32768,12,51.0834,11629335647243425761
sorted_array,32768,12,63.7619,11629335647243425761
btree8_bl_a64,32768,12,46.9406,11629335647243425761
fusion8,32768,12,87.8937,11629335647243425761
btree16_bl_a64,32768,12,40.9637,11629335647243425761
fusion8_bf,32768,12,88.7817,11629335647243425761
fusion16_w,32768,12,91.1606,11629335647243425761
btree8,32768,12,54.1504,11629335647243425761
sorted_array,32768,13,62.6480,11629335647243425761
fusion8_c,32768,13,85.6110,11629335647243425761
btree8_a64,32768,13,52.0752,11629335647243425761
btree8_bl,32768,13,48.7320,11629335647243425761
fusion16_w,32768,13,91.6321,11629335647243425761
btree8,32768,13,53.0289,11629335647243425761
fusion8_bf,32768,13,91.6214,11629335647243425761
btree8_bl_a64,32768,13,45.3339,11629335647243425761
btree16_bl_a64,32768,13,40.4053,11629335647243425761
fusion8,32768,13,86.9843,11629335647243425761
btree16_bl_a64,32768,14,40.8829,11629335647243425761
fusion8_bf,32768,14,86.9446,11629335647243425761
btree8_bl_a64,32768,14,46.1517,11629335647243425761
fusion8,32768,14,83.1802,11629335647243425761
fusion16_w,32768,14,97.0078,11629335647243425761
btree8_bl,32768,14,49.4797,11629335647243425761
btree8,32768,14,54.9637,11629335647243425761
sorted_array,32768,14,62.5916,11629335647243425761
fusion8_c,32768,14,87.5854,11629335647243425761
btree8_a64,32768,14,52.4658,11629335647243425761
fusion8,65536,0,98.3673,5722582458615733357
fusion8_bf,65536,0,103.0319,5722582458615733357
fusion8_c,65536,0,97.9568,5722582458615733357
btree8_bl_a64,65536,0,52.6718,5722582458615733357
btree8_a64,65536,0,58.4488,5722582458615733357
btree16_bl_a64,65536,0,45.1462,5722582458615733357
fusion16_w,65536,0,96.7560,5722582458615733357
btree8_bl,65536,0,58.7997,5722582458615733357
sorted_array,65536,0,71.2341,5722582458615733357
btree8,65536,0,61.9324,5722582458615733357
btree8_bl_a64,65536,1,56.6315,5722582458615733357
fusion16_w,65536,1,92.3172,5722582458615733357
fusion8_c,65536,1,97.4106,5722582458615733357
fusion8,65536,1,102.6276,5722582458615733357
sorted_array,65536,1,71.4279,5722582458615733357
btree16_bl_a64,65536,1,45.2866,5722582458615733357
btree8,65536,1,62.3291,5722582458615733357
btree8_bl,65536,1,57.9071,5722582458615733357
fusion8_bf,65536,1,103.0991,5722582458615733357
btree8_a64,65536,1,60.3790,5722582458615733357
btree8_a64,65536,2,55.0018,5722582458615733357
sorted_array,65536,2,71.2708,5722582458615733357
btree16_bl_a64,65536,2,43.2663,5722582458615733357
fusion8_c,65536,2,99.2188,5722582458615733357
btree8,65536,2,60.1822,5722582458615733357
btree8_bl,65536,2,57.2281,5722582458615733357
fusion8,65536,2,101.7761,5722582458615733357
fusion16_w,65536,2,93.2068,5722582458615733357
fusion8_bf,65536,2,98.7289,5722582458615733357
btree8_bl_a64,65536,2,57.2876,5722582458615733357
btree8_a64,65536,3,60.8597,5722582458615733357
fusion16_w,65536,3,98.0209,5722582458615733357
fusion8_bf,65536,3,101.6525,5722582458615733357
btree8_bl,65536,3,57.4844,5722582458615733357
sorted_array,65536,3,71.5134,5722582458615733357
fusion8_c,65536,3,99.9161,5722582458615733357
btree8,65536,3,61.5158,5722582458615733357
fusion8,65536,3,119.8257,5722582458615733357
btree8_bl_a64,65536,3,57.6813,5722582458615733357
btree16_bl_a64,65536,3,44.5908,5722582458615733357
fusion8_bf,65536,4,103.6789,5722582458615733357
btree8_a64,65536,4,58.7952,5722582458615733357
btree16_bl_a64,65536,4,41.8060,5722582458615733357
sorted_array,65536,4,71.4661,5722582458615733357
btree8,65536,4,61.1938,5722582458615733357
btree8_bl,65536,4,56.8451,5722582458615733357
fusion8,65536,4,98.9655,5722582458615733357
fusion16_w,65536,4,97.4426,5722582458615733357
btree8_bl_a64,65536,4,56.9077,5722582458615733357
fusion8_c,65536,4,98.7823,5722582458615733357
btree8_bl_a64,65536,5,50.1053,5722582458615733357
sorted_array,65536,5,71.3959,5722582458615733357
fusion8_bf,65536,5,105.8716,5722582458615733357
fusion8_c,65536,5,92.1646,5722582458615733357
btree16_bl_a64,65536,5,44.6594,5722582458615733357
fusion16_w,65536,5,97.0825,5722582458615733357
btree8,65536,5,62.2940,5722582458615733357
btree8_bl,65536,5,58.6472,5722582458615733357
fusion8,65536,5,101.2527,5722582458615733357
btree8_a64,65536,5,59.3430,5722582458615733357
fusion8,65536,6,93.9224,5722582458615733357
fusion8_bf,65536,6,100.1572,5722582458615733357
fusion8_c,65536,6,97.7768,5722582458615733357
btree8_a64,65536,6,59.1949,5722582458615733357
btree16_bl_a64,65536,6,44.8090,5722582458615733357
btree8,65536,6,61.2137,5722582458615733357
fusion16_w,65536,6,96.8918,5722582458615733357
btree8_bl_a64,65536,6,57.4707,5722582458615733357
sorted_array,65536,6,71.3943,5722582458615733357
btree8_bl,65536,6,59.4131,5722582458615733357
btree8_bl,65536,7,48.5641,5722582458615733357
fusion8_bf,65536,7,103.0197,5722582458615733357
sorted_array,65536,7,71.3608,5722582458615733357
fusion8,65536,7,108.2825,5722582458615733357
fusion16_w,65536,7,96.8674,5722582458615733357
btree16_bl_a64,65536,7,40.5167,5722582458615733357
btree8,65536,7,61.3342,5722582458615733357
btree8_a64,65536,7,61.8301,5722582458615733357
btree8_bl_a64,65536,7,52.4857,5722582458615733357
fusion8_c,65536,7,97.8043,5722582458615733357
fusion8_bf,65536,8,102.7847,5722582458615733357
fusion16_w,65536,8,98.1506,5722582458615733357
btree8,65536,8,60.9085,5722582458615733357
btree16_bl_a64,65536,8,40.8035,5722582458615733357
fusion8_c,65536,8,95.5460,5722582458615733357
btree8_bl_a64,65536,8,53.0075,5722582458615733357
sorted_array,65536,8,71.9193,5722582458615733357
btree8_a64,65536,8,63.5437,5722582458615733357
btree8_bl,65536,8,58.3374,5722582458615733357
fusion8,65536,8,102.5864,5722582458615733357
btree8,65536,9,81.3980,5722582458615733357
btree8_bl_a64,65536,9,56.2286,5722582458615733357
btree16_bl_a64,65536,9,44.5328,5722582458615733357
fusion8_bf,65536,9,105.6625,5722582458615733357
btree8_bl,65536,9,54.0359,5722582458615733357
fusion8,65536,9,95.4468,5722582458615733357
btree8_a64,65536,9,62.3245,5722582458615733357
fusion16_w,65536,9,97.1054,5722582458615733357
sorted_array,65536,9,71.2814,5722582458615733357
fusion8_c,65536,9,96.1578,5722582458615733357
btree16_bl_a64,65536,10,40.5838,5722582458615733357
btree8_a64,65536,10,58.0002,5722582458615733357
fusion8,65536,10,94.2352,5722582458615733357
fusion8_c,65536,10,105.5862,5722582458615733357
sorted_array,65536,10,71.4615,5722582458615733357
btree8_bl_a64,65536,10,54.1656,5722582458615733357
btree8,65536,10,61.6165,5722582458615733357
fusion8_bf,65536,10,97.8790,5722582458615733357
fusion16_w,65536,10,96.7239,5722582458615733357
btree8_bl,65536,10,54.3915,5722582458615733357
fusion8,65536,11,96.0678,5722582458615733357
btree8,65536,11,60.5026,5722582458615733357
fusion16_w,65536,11,91.7603,5722582458615733357
btree8_bl,65536,11,55.4489,5722582458615733357
fusion8_c,65536,11,93.6066,5722582458615733357
btree8_bl_a64,65536,11,56.5430,5722582458615733357
btree8_a64,65536,11,58.0475,5722582458615733357
fusion8_bf,65536,11,96.1487,5722582458615733357
btree16_bl_a64,65536,11,40.7684,5722582458615733357
sorted_array,65536,11,71.2509,5722582458615733357
fusion16_w,65536,12,91.6779,5722582458615733357
fusion8_c,65536,12,96.5393,5722582458615733357
btree8_bl_a64,65536,12,51.7868,5722582458615733357
fusion8,65536,12,101.6220,5722582458615733357
fusion8_bf,65536,12,97.1878,5722582458615733357
sorted_array,65536,12,71.3821,5722582458615733357
btree8_bl,65536,12,54.5639,5722582458615733357
btree16_bl_a64,65536,12,40.7303,5722582458615733357
btree8,65536,12,61.5158,5722582458615733357
btree8_a64,65536,12,60.9100,5722582458615733357
btree8_bl_a64,65536,13,52.1484,5722582458615733357
fusion8_bf,65536,13,99.5895,5722582458615733357
btree16_bl_a64,65536,13,39.9323,5722582458615733357
btree8_a64,65536,13,57.9269,5722582458615733357
fusion16_w,65536,13,93.1320,5722582458615733357
fusion8,65536,13,97.9660,5722582458615733357
sorted_array,65536,13,71.5134,5722582458615733357
btree8,65536,13,61.9629,5722582458615733357
btree8_bl,65536,13,56.7429,5722582458615733357
fusion8_c,65536,13,98.2773,5722582458615733357
btree8_bl_a64,65536,14,52.0432,5722582458615733357
btree8_a64,65536,14,60.1318,5722582458615733357
fusion16_w,65536,14,92.5369,5722582458615733357
btree8_bl,65536,14,54.0543,5722582458615733357
fusion8_bf,65536,14,97.2183,5722582458615733357
sorted_array,65536,14,71.2692,5722582458615733357
fusion8_c,65536,14,93.7241,5722582458615733357
btree8,65536,14,61.2732,5722582458615733357
fusion8,65536,14,99.0631,5722582458615733357
btree16_bl_a64,65536,14,43.5745,5722582458615733357
btree8_bl_a64,131072,0,97.8912,15368517120400912463
btree8,131072,0,96.7834,15368517120400912463
fusion8_bf,131072,0,159.1080,15368517120400912463
fusion16_w,131072,0,153.5690,15368517120400912463
fusion8,131072,0,173.7366,15368517120400912463
btree16_bl_a64,131072,0,92.7887,15368517120400912463
btree8_a64,131072,0,93.9774,15368517120400912463
sorted_array,131072,0,82.1274,15368517120400912463
fusion8_c,131072,0,140.5075,15368517120400912463
btree8_bl,131072,0,108.8531,15368517120400912463
fusion8_c,131072,1,130.8777,15368517120400912463
fusion8,131072,1,156.2439,15368517120400912463
sorted_array,131072,1,82.1457,15368517120400912463
btree8_a64,131072,1,95.0851,15368517120400912463
fusion8_bf,131072,1,165.6158,15368517120400912463
btree8_bl,131072,1,99.9603,15368517120400912463
btree8,131072,1,91.6199,15368517120400912463
btree16_bl_a64,131072,1,91.9388,15368517120400912463
fusion16_w,131072,1,151.4236,15368517120400912463
btree8_bl_a64,131072,1,99.2767,15368517120400912463
btree8,131072,2,95.8954,15368517120400912463
sorted_array,131072,2,82.1579,15368517120400912463
fusion8_c,131072,2,138.6032,15368517120400912463
btree16_bl_a64,131072,2,94.0201,15368517120400912463
fusion8,131072,2,153.5217,15368517120400912463
fusion16_w,131072,2,172.8027,15368517120400912463
btree8_a64,131072,2,98.7061,15368517120400912463
btree8_bl_a64,131072,2,90.5914,15368517120400912463
fusion8_bf,131072,2,156.0013,15368517120400912463
btree8_bl,131072,2,93.8354,15368517120400912463
fusion8,131072,3,162.3276,15368517120400912463
btree8_bl,131072,3,93.8858,15368517120400912463
btree16_bl_a64,131072,3,95.5978,15368517120400912463
fusion8_bf,131072,3,159.5963,15368517120400912463
sorted_array,131072,3,82.2052,15368517120400912463
btree8,131072,3,90.7059,15368517120400912463
fusion8_c,131072,3,149.2569,15368517120400912463
btree8_a64,131072,3,91.8076,15368517120400912463
btree8_bl_a64,131072,3,95.4819,15368517120400912463
fusion16_w,131072,3,156.7520,15368517120400912463
btree16_bl_a64,131072,4,95.0348,15368517120400912463
fusion8_bf,131072,4,170.8588,15368517120400912463
btree8,131072,4,96.9025,15368517120400912463
fusion8_c,131072,4,148.6725,15368517120400912463
fusion8,131072,4,156.0684,15368517120400912463
btree8_bl_a64,131072,4,93.7607,15368517120400912463
sorted_array,131072,4,82.1640,15368517120400912463
btree8_bl,131072,4,102.6047,15368517120400912463
fusion16_w,131072,4,151.5015,15368517120400912463
btree8_a64,131072,4,93.8461,15368517120400912463
fusion8_bf,131072,5,165.9241,15368517120400912463
fusion8_c,131072,5,148.6588,15368517120400912463
fusion16_w,131072,5,154.3060,15368517120400912463
btree16_bl_a64,131072,5,98.0804,15368517120400912463
btree8_a64,131072,5,98.8556,15368517120400912463
btree8_bl_a64,131072,5,98.1720,15368517120400912463
fusion8,131072,5,163.0951,15368517120400912463
btree8,131072,5,85.4782,15368517120400912463
btree8_bl,131072,5,94.9036,15368517120400912463
sorted_array,131072,5,82.5104,15368517120400912463
btree16_bl_a64,131072,6,96.1380,15368517120400912463
fusion8_c,131072,6,164.7476,15368517120400912463
btree8_bl_a64,131072,6,102.1408,15368517120400912463
sorted_array,131072,6,82.9941,15368517120400912463
btree8_bl,131072,6,93.6432,15368517120400912463
btree8,131072,6,95.5780,15368517120400912463
btree8_a64,131072,6,93.8599,15368517120400912463
fusion16_w,131072,6,160.0967,15368517120400912463
fusion8_bf,131072,6,164.8132,15368517120400912463
fusion8,131072,6,176.1932,15368517120400912463
btree8_a64,131072,7,99.7711,15368517120400912463
fusion8_bf,131072,7,160.9955,15368517120400912463
fusion8,131072,7,161.2396,15368517120400912463
btree8_bl,131072,7,98.7778,15368517120400912463
btree8_bl_a64,131072,7,94.2139,15368517120400912463
btree16_bl_a64,131072,7,96.3593,15368517120400912463
fusion8_c,131072,7,159.9258,15368517120400912463
btree8,131072,7,101.0605,15368517120400912463
fusion16_w,131072,7,196.6385,15368517120400912463
sorted_array,131072,7,84.0271,15368517120400912463
fusion8_c,131072,8,170.0821,15368517120400912463
btree16_bl_a64,131072,8,101.4267,15368517120400912463
btree8_bl_a64,131072,8,103.4317,15368517120400912463
fusion8_bf,131072,8,233.4702,15368517120400912463
fusion16_w,131072,8,170.7474,15368517120400912463
btree8_bl,131072,8,102.3666,15368517120400912463
btree8_a64,131072,8,106.5231,15368517120400912463
btree8,131072,8,99.7665,15368517120400912463
fusion8,131072,8,190.6021,15368517120400912463
sorted_array,131072,8,108.9874,15368517120400912463
fusion8,131072,9,188.3484,15368517120400912463
fusion16_w,131072,9,179.3396,15368517120400912463
sorted_array,131072,9,82.8781,15368517120400912463
btree8_bl_a64,131072,9,104.1458,15368517120400912463
btree16_bl_a64,131072,9,99.8718,15368517120400912463
fusion8_bf,131072,9,188.8153,15368517120400912463
btree8_a64,131072,9,104.3182,15368517120400912463
btree8_bl,131072,9,107.5806,15368517120400912463
btree8,131072,9,100.6348,15368517120400912463
fusion8_c,131072,9,157.4738,15368517120400912463
fusion8,131072,10,185.5011,15368517120400912463
sorted_array,131072,10,83.6456,15368517120400912463
fusion8_bf,131072,10,182.6904,15368517120400912463
btree8,131072,10,97.7524,15368517120400912463
fusion8_c,131072,10,160.4614,15368517120400912463
btree16_bl_a64,131072,10,101.1139,15368517120400912463
fusion16_w,131072,10,157.8110,15368517120400912463
btree8_bl_a64,131072,10,96.8170,15368517120400912463
btree8_bl,131072,10,103.3081,15368517120400912463
btree8_a64,131072,10,103.7750,15368517120400912463
btree8_a64,131072,11,72.8851,15368517120400912463
btree8_bl_a64,131072,11,96.8094,15368517120400912463
fusion8,131072,11,163.5300,15368517120400912463
btree8_bl,131072,11,108.0627,15368517120400912463
fusion8_c,131072,11,147.7493,15368517120400912463
fusion16_w,131072,11,164.4608,15368517120400912463
sorted_array,131072,11,83.0780,15368517120400912463
btree16_bl_a64,131072,11,94.8288,15368517120400912463
fusion8_bf,131072,11,165.9332,15368517120400912463
btree8,131072,11,90.4968,15368517120400912463
fusion8_bf,131072,12,156.9427,15368517120400912463
fusion8,131072,12,157.0602,15368517120400912463
btree16_bl_a64,131072,12,92.1066,15368517120400912463
btree8_bl_a64,131072,12,102.3254,15368517120400912463
sorted_array,131072,12,82.5256,15368517120400912463
fusion16_w,131072,12,168.7180,15368517120400912463
fusion8_c,131072,12,150.1602,15368517120400912463
btree8_a64,131072,12,105.8563,15368517120400912463
btree8,131072,12,100.0122,15368517120400912463
btree8_bl,131072,12,113.7527,15368517120400912463
sorted_array,131072,13,82.6019,15368517120400912463
btree8,131072,13,100.9415,15368517120400912463
fusion8,131072,13,190.6357,15368517120400912463
btree8_a64,131072,13,107.0312,15368517120400912463
fusion8_c,131072,13,159.0958,15368517120400912463
fusion8_bf,131072,13,181.2302,15368517120400912463
btree8_bl,131072,13,103.4653,15368517120400912463
btree16_bl_a64,131072,13,98.8861,15368517120400912463
btree8_bl_a64,131072,13,99.4110,15368517120400912463
fusion16_w,131072,13,171.9833,15368517120400912463
fusion8_c,131072,14,161.1771,15368517120400912463
btree8_a64,131072,14,106.2775,15368517120400912463
btree8,131072,14,102.0996,15368517120400912463
fusion16_w,131072,14,165.2817,15368517120400912463
btree8_bl_a64,131072,14,107.2342,15368517120400912463
fusion8,131072,14,184.6405,15368517120400912463
fusion8_bf,131072,14,190.1764,15368517120400912463
btree16_bl_a64,131072,14,99.1058,15368517120400912463
btree8_bl,131072,14,104.8843,15368517120400912463
sorted_array,131072,14,82.6309,15368517120400912463
btree16_bl_a64,262144,0,160.5896,13725275285989217998
btree8_bl,262144,0,128.7094,13725275285989217998
btree8_bl_a64,262144,0,124.0845,13725275285989217998
btree8,262144,0,104.6844,13725275285989217998
fusion8_c,262144,0,172.4442,13725275285989217998
fusion8_bf,262144,0,208.2672,13725275285989217998
fusion8,262144,0,199.0051,13725275285989217998
sorted_array,262144,0,93.6615,13725275285989217998
btree8_a64,262144,0,111.8652,13725275285989217998
fusion16_w,262144,0,208.5480,13725275285989217998
sorted_array,262144,1,114.7491,13725275285989217998
fusion16_w,262144,1,210.8994,13725275285989217998
fusion8_c,262144,1,176.0056,13725275285989217998
btree8,262144,1,103.0991,13725275285989217998
btree8_a64,262144,1,112.0712,13725275285989217998
btree8_bl,262144,1,124.4171,13725275285989217998
fusion8_bf,262144,1,208.4854,13725275285989217998
btree8_bl_a64,262144,1,128.8544,13725275285989217998
btree16_bl_a64,262144,1,180.8685,13725275285989217998
fusion8,262144,1,211.1496,13725275285989217998
fusion8_c,262144,2,197.2931,13725275285989217998
fusion16_w,262144,2,251.9257,13725275285989217998
btree8,262144,2,164.6255,13725275285989217998
btree8_bl,262144,2,157.3944,13725275285989217998
sorted_array,262144,2,93.1900,13725275285989217998
btree8_a64,262144,2,154.8813,13725275285989217998
fusion8,262144,2,258.5602,13725275285989217998
btree8_bl_a64,262144,2,133.2336,13725275285989217998
btree16_bl_a64,262144,2,167.4683,13725275285989217998
fusion8_bf,262144,2,279.1367,13725275285989217998
btree8_bl_a64,262144,3,128.6819,13725275285989217998
btree8_a64,262144,3,113.3270,13725275285989217998
fusion8_bf,262144,3,229.8096,13725275285989217998
sorted_array,262144,3,93.8034,13725275285989217998
fusion8_c,262144,3,202.6230,13725275285989217998
fusion8,262144,3,221.8170,13725275285989217998
btree8,262144,3,105.6412,13725275285989217998
btree16_bl_a64,262144,3,167.3340,13725275285989217998
btree8_bl,262144,3,126.1765,13725275285989217998
fusion16_w,262144,3,225.2518,13725275285989217998
btree8,262144,4,162.0529,13725275285989217998
btree8_a64,262144,4,115.7318,13725275285989217998
btree8_bl_a64,262144,4,126.8616,13725275285989217998
btree16_bl_a64,262144,4,165.0726,13725275285989217998
fusion8_bf,262144,4,189.1953,13725275285989217998
sorted_array,262144,4,94.7403,13725275285989217998
btree8_bl,262144,4,118.6005,13725275285989217998
fusion8,262144,4,202.0905,13725275285989217998
fusion16_w,262144,4,230.5389,13725275285989217998
fusion8_c,262144,4,183.3450,13725275285989217998
fusion16_w,262144,5,211.2030,13725275285989217998
fusion8_bf,262144,5,191.5512,13725275285989217998
btree8_a64,262144,5,108.2947,13725275285989217998
fusion8_c,262144,5,169.0765,13725275285989217998
btree16_bl_a64,262144,5,160.5087,13725275285989217998
fusion8,262144,5,184.1934,13725275285989217998
btree8_bl_a64,262144,5,121.8628,13725275285989217998
btree8_bl,262144,5,117.6071,13725275285989217998
sorted_array,262144,5,94.5343,13725275285989217998
btree8,262144,5,101.6342,13725275285989217998
fusion8_c,262144,6,154.3427,13725275285989217998
btree8_bl_a64,262144,6,122.2305,13725275285989217998
btree16_bl_a64,262144,6,156.1737,13725275285989217998
btree8_bl,262144,6,121.3150,13725275285989217998
btree8,262144,6,105.5710,13725275285989217998
fusion8,262144,6,198.4695,13725275285989217998
fusion8_bf,262144,6,241.2354,13725275285989217998
fusion16_w,262144,6,214.5798,13725275285989217998
sorted_array,262144,6,93.4052,13725275285989217998
btree8_a64,262144,6,112.3215,13725275285989217998
btree8_bl_a64,262144,7,123.2635,13725275285989217998
fusion8,262144,7,222.4991,13725275285989217998
fusion8_c,262144,7,175.6729,13725275285989217998
fusion16_w,262144,7,220.8115,13725275285989217998
btree8,262144,7,100.2884,13725275285989217998
sorted_array,262144,7,99.8215,13725275285989217998
btree16_bl_a64,262144,7,160.6659,13725275285989217998
fusion8_bf,262144,7,196.7484,13725275285989217998
btree8_bl,262144,7,124.3668,13725275285989217998
btree8_a64,262144,7,114.4058,13725275285989217998
sorted_array,262144,8,101.0025,13725275285989217998
btree8_a64,262144,8,109.9182,13725275285989217998
btree16_bl_a64,262144,8,169.7281,13725275285989217998
btree8,262144,8,107.4524,13725275285989217998
fusion8,262144,8,205.8136,13725275285989217998
btree8_bl_a64,262144,8,129.0741,13725275285989217998
fusion8_c,262144,8,188.1195,13725275285989217998
fusion16_w,262144,8,255.3436,13725275285989217998
fusion8_bf,262144,8,206.6605,13725275285989217998
btree8_bl,262144,8,122.7478,13725275285989217998
btree8,262144,9,109.3964,13725275285989217998
btree8_bl,262144,9,124.5712,13725275285989217998
btree8_bl_a64,262144,9,123.2407,13725275285989217998
fusion16_w,262144,9,221.4905,13725275285989217998
fusion8_c,262144,9,177.7512,13725275285989217998
btree8_a64,262144,9,113.4933,13725275285989217998
fusion8_bf,262144,9,246.1395,13725275285989217998
sorted_array,262144,9,93.4631,13725275285989217998
fusion8,262144,9,206.6711,13725275285989217998
btree16_bl_a64,262144,9,228.3401,13725275285989217998
fusion8,262144,10,224.7269,13725275285989217998
sorted_array,262144,10,93.3731,13725275285989217998
btree8_a64,262144,10,118.1900,13725275285989217998
btree8_bl,262144,10,125.0259,13725275285989217998
btree8,262144,10,105.4733,13725275285989217998
btree8_bl_a64,262144,10,128.2089,13725275285989217998
btree16_bl_a64,262144,10,178.3676,13725275285989217998
fusion16_w,262144,10,230.2109,13725275285989217998
fusion8_c,262144,10,183.4030,13725275285989217998
fusion8_bf,262144,10,214.7552,13725275285989217998
btree8_bl,262144,11,130.9860,13725275285989217998
btree16_bl_a64,262144,11,184.5139,13725275285989217998
fusion8_bf,262144,11,216.7938,13725275285989217998
sorted_array,262144,11,92.9962,13725275285989217998
fusion16_w,262144,11,284.4147,13725275285989217998
btree8_a64,262144,11,195.6940,13725275285989217998
btree8_bl_a64,262144,11,179.7470,13725275285989217998
fusion8_c,262144,11,248.8800,13725275285989217998
btree8,262144,11,127.3865,13725275285989217998
fusion8,262144,11,258.5144,13725275285989217998
btree8_bl_a64,262144,12,132.8690,13725275285989217998
fusion8_bf,262144,12,208.6151,13725275285989217998
fusion8,262144,12,228.4653,13725275285989217998
btree16_bl_a64,262144,12,168.7531,13725275285989217998
btree8,262144,12,114.6774,13725275285989217998
fusion8_c,262144,12,201.4984,13725275285989217998
btree8_bl,262144,12,128.8727,13725275285989217998
sorted_array,262144,12,93.4647,13725275285989217998
btree8_a64,262144,12,115.5518,13725275285989217998
fusion16_w,262144,12,220.7520,13725275285989217998
fusion8,262144,13,209.9670,13725275285989217998
btree8_a64,262144,13,115.7562,13725275285989217998
btree16_bl_a64,262144,13,163.3102,13725275285989217998
fusion8_c,262144,13,182.7805,13725275285989217998
btree8_bl_a64,262144,13,129.6585,13725275285989217998
sorted_array,262144,13,93.0496,13725275285989217998
fusion16_w,262144,13,229.2007,13725275285989217998
btree8,262144,13,103.4988,13725275285989217998
btree8_bl,262144,13,126.7670,13725275285989217998
fusion8_bf,262144,13,244.1147,13725275285989217998
btree8_a64,262144,14,116.3498,13725275285989217998
sorted_array,262144,14,92.8268,13725275285989217998
fusion8_c,262144,14,176.3412,13725275285989217998
btree8_bl_a64,262144,14,128.4607,13725275285989217998
btree16_bl_a64,262144,14,162.5229,13725275285989217998
fusion16_w,262144,14,216.1438,13725275285989217998
fusion8_bf,262144,14,207.3685,13725275285989217998
btree8_bl,262144,14,125.4227,13725275285989217998
fusion8,262144,14,226.7410,13725275285989217998
btree8,262144,14,104.3411,13725275285989217998
sorted_array,524288,0,117.6361,8525115047326029414
fusion8_c,524288,0,170.0333,8525115047326029414
btree8_bl,524288,0,124.2233,8525115047326029414
btree8_a64,524288,0,111.1145,8525115047326029414
fusion8_bf,524288,0,189.8819,8525115047326029414
fusion8,524288,0,176.2299,8525115047326029414
btree8,524288,0,111.0260,8525115047326029414
btree8_bl_a64,524288,0,123.7610,8525115047326029414
btree16_bl_a64,524288,0,179.2694,8525115047326029414
fusion16_w,524288,0,238.4476,8525115047326029414
btree8,524288,1,107.2189,8525115047326029414
fusion8_bf,524288,1,198.9456,8525115047326029414
btree8_bl_a64,524288,1,125.5524,8525115047326029414
sorted_array,524288,1,118.1168,8525115047326029414
btree8_bl,524288,1,125.5249,8525115047326029414
btree8_a64,524288,1,108.8043,8525115047326029414
fusion16_w,524288,1,245.3247,8525115047326029414
fusion8_c,524288,1,177.9053,8525115047326029414
fusion8,524288,1,197.2427,8525115047326029414
btree16_bl_a64,524288,1,179.8462,8525115047326029414
btree8_bl,524288,2,125.3311,8525115047326029414
btree8,524288,2,110.8002,8525115047326029414
fusion8,524288,2,197.4579,8525115047326029414
btree8_a64,524288,2,121.1807,8525115047326029414
btree16_bl_a64,524288,2,178.4760,8525115047326029414
fusion8_c,524288,2,179.4922,8525115047326029414
btree8_bl_a64,524288,2,130.9128,8525115047326029414
fusion8_bf,524288,2,209.8145,8525115047326029414
fusion16_w,524288,2,239.3082,8525115047326029414
sorted_array,524288,2,117.9428,8525115047326029414
sorted_array,524288,3,115.4526,8525115047326029414
btree8_a64,524288,3,116.2048,8525115047326029414
btree16_bl_a64,524288,3,175.0687,8525115047326029414
fusion8_c,524288,3,179.5227,8525115047326029414
btree8,524288,3,110.0128,8525115047326029414
fusion8,524288,3,196.5363,8525115047326029414
btree8_bl_a64,524288,3,126.8433,8525115047326029414
btree8_bl,524288,3,123.6603,8525115047326029414
fusion16_w,524288,3,243.7454,8525115047326029414
fusion8_bf,524288,3,189.7446,8525115047326029414
btree8_a64,524288,4,115.2847,8525115047326029414
btree8_bl_a64,524288,4,124.2874,8525115047326029414
btree16_bl_a64,524288,4,161.2457,8525115047326029414
sorted_array,524288,4,118.0862,8525115047326029414
btree8_bl,524288,4,107.6691,8525115047326029414
fusion8,524288,4,171.5439,8525115047326029414
fusion8_bf,524288,4,236.0809,8525115047326029414
btree8,524288,4,105.7205,8525115047326029414
fusion16_w,524288,4,214.6942,8525115047326029414
fusion8_c,524288,4,151.8753,8525115047326029414
btree8_bl,524288,5,119.9066,8525115047326029414
btree8_bl_a64,524288,5,120.2805,8525115047326029414
btree16_bl_a64,524288,5,149.0463,8525115047326029414
fusion8_c,524288,5,167.1051,8525115047326029414
fusion16_w,524288,5,240.4694,8525115047326029414
btree8,524288,5,104.7546,8525115047326029414
fusion8,524288,5,201.3062,8525115047326029414
sorted_array,524288,5,118.2480,8525115047326029414
fusion8_bf,524288,5,210.2890,8525115047326029414
btree8_a64,524288,5,116.2384,8525115047326029414
btree16_bl_a64,524288,6,175.6165,8525115047326029414
sorted_array,524288,6,118.4280,8525115047326029414
btree8_bl_a64,524288,6,129.8859,8525115047326029414
fusion8,524288,6,201.0361,8525115047326029414
fusion8_bf,524288,6,206.0593,8525115047326029414
btree8,524288,6,106.9626,8525115047326029414
fusion16_w,524288,6,241.8732,8525115047326029414
btree8_a64,524288,6,113.1363,8525115047326029414
btree8_bl,524288,6,122.8134,8525115047326029414
fusion8_c,524288,6,177.7283,8525115047326029414
fusion8,524288,7,202.0203,8525115047326029414
sorted_array,524288,7,117.9169,8525115047326029414
fusion16_w,524288,7,252.4155,8525115047326029414
fusion8_bf,524288,7,206.7856,8525115047326029414
btree16_bl_a64,524288,7,175.0900,8525115047326029414
btree8_bl,524288,7,126.3321,8525115047326029414
btree8_bl_a64,524288,7,128.3630,8525115047326029414
btree8_a64,524288,7,116.5787,8525115047326029414
btree8,524288,7,108.4152,8525115047326029414
fusion8_c,524288,7,175.5585,8525115047326029414
fusion8_bf,524288,8,205.9570,8525115047326029414
fusion8_c,524288,8,176.2573,8525115047326029414
fusion16_w,524288,8,247.8928,8525115047326029414
btree16_bl_a64,524288,8,171.4508,8525115047326029414
sorted_array,524288,8,117.8680,8525115047326029414
btree8,524288,8,106.5872,8525115047326029414
btree8_bl_a64,524288,8,127.6230,8525115047326029414
btree8_bl,524288,8,127.0142,8525115047326029414
fusion8,524288,8,203.8284,8525115047326029414
btree8_a64,524288,8,114.9750,8525115047326029414
sorted_array,524288,9,118.5287,8525115047326029414
fusion8_bf,524288,9,211.2183,8525115047326029414
fusion8,524288,9,197.5189,8525115047326029414
fusion8_c,524288,9,178.4607,8525115047326029414
btree8_bl_a64,524288,9,148.0240,8525115047326029414
btree16_bl_a64,524288,9,182.6324,8525115047326029414
btree8,524288,9,108.5007,8525115047326029414
btree8_bl,524288,9,126.1566,8525115047326029414
fusion16_w,524288,9,243.2770,8525115047326029414
btree8_a64,524288,9,111.0458,8525115047326029414
btree8_a64,524288,10,80.8014,8525115047326029414
fusion16_w,524288,10,239.4287,8525115047326029414
fusion8_bf,524288,10,207.9041,8525115047326029414
fusion8,524288,10,207.2754,8525115047326029414
btree8,524288,10,107.1594,8525115047326029414
btree16_bl_a64,524288,10,173.1903,8525115047326029414
btree8_bl,524288,10,133.0795,8525115047326029414
btree8_bl_a64,524288,10,127.5757,8525115047326029414
sorted_array,524288,10,118.6874,8525115047326029414
fusion8_c,524288,10,177.0493,8525115047326029414
fusion8_bf,524288,11,188.9923,8525115047326029414
btree8,524288,11,115.7166,8525115047326029414
fusion8,524288,11,176.5060,8525115047326029414
btree8_a64,524288,11,104.1458,8525115047326029414
btree16_bl_a64,524288,11,164.8102,8525115047326029414
fusion8_c,524288,11,163.8824,8525115047326029414
btree8_bl,524288,11,121.9193,8525115047326029414
fusion16_w,524288,11,231.6788,8525115047326029414
btree8_bl_a64,524288,11,126.9608,8525115047326029414
sorted_array,524288,11,119.3909,8525115047326029414
fusion16_w,524288,12,227.7802,8525115047326029414
btree16_bl_a64,524288,12,154.8279,8525115047326029414
btree8_bl,524288,12,116.3574,8525115047326029414
sorted_array,524288,12,117.7856,8525115047326029414
fusion8_c,524288,12,160.8688,8525115047326029414
btree8,524288,12,99.7345,8525115047326029414
fusion8,524288,12,160.1822,8525115047326029414
fusion8_bf,524288,12,165.1871,8525115047326029414
btree8_bl_a64,524288,12,114.0396,8525115047326029414
btree8_a64,524288,12,100.6989,8525115047326029414
btree8_bl_a64,524288,13,77.9434,8525115047326029414
btree8,524288,13,102.4582,8525115047326029414
fusion16_w,524288,13,224.3713,8525115047326029414
btree16_bl_a64,524288,13,158.4457,8525115047326029414
btree8_bl,524288,13,105.1331,8525115047326029414
btree8_a64,524288,13,105.6381,8525115047326029414
fusion8_c,524288,13,151.5213,8525115047326029414
fusion8_bf,524288,13,187.2025,8525115047326029414
fusion8,524288,13,167.7719,8525115047326029414
sorted_array,524288,13,117.6163,8525115047326029414
fusion8_bf,524288,14,166.1499,8525115047326029414
btree16_bl_a64,524288,14,167.8619,8525115047326029414
fusion16_w,524288,14,218.9163,8525115047326029414
fusion8_c,524288,14,154.1718,8525115047326029414
sorted_array,524288,14,119.3253,8525115047326029414
fusion8,524288,14,171.0159,8525115047326029414
btree8_bl,524288,14,102.8580,8525115047326029414
btree8_a64,524288,14,104.7028,8525115047326029414
btree8,524288,14,98.4360,8525115047326029414
btree8_bl_a64,524288,14,116.4337,8525115047326029414
btree8_bl,1048576,0,264.7568,9971055575563239174
fusion16_w,1048576,0,258.6319,9971055575563239174
fusion8_bf,1048576,0,400.6775,9971055575563239174
btree16_bl_a64,1048576,0,181.4011,9971055575563239174
fusion8_c,1048576,0,367.6987,9971055575563239174
btree8,1048576,0,294.0353,9971055575563239174
btree8_a64,1048576,0,297.3328,9971055575563239174
fusion8,1048576,0,402.2980,9971055575563239174
sorted_array,1048576,0,164.6820,9971055575563239174
btree8_bl_a64,1048576,0,255.8426,9971055575563239174
sorted_array,1048576,1,164.8987,9971055575563239174
btree8_bl,1048576,1,271.4508,9971055575563239174
fusion8,1048576,1,364.2197,9971055575563239174
btree8_a64,1048576,1,268.1702,9971055575563239174
btree8,1048576,1,268.1488,9971055575563239174
btree8_bl_a64,1048576,1,286.8134,9971055575563239174
fusion8_bf,1048576,1,478.3035,9971055575563239174
btree16_bl_a64,1048576,1,179.4083,9971055575563239174
fusion16_w,1048576,1,242.4164,9971055575563239174
fusion8_c,1048576,1,362.6358,9971055575563239174
fusion8,1048576,2,402.1103,9971055575563239174
btree16_bl_a64,1048576,2,186.2122,9971055575563239174
btree8,1048576,2,336.1862,9971055575563239174
fusion8_bf,1048576,2,424.1043,9971055575563239174
btree8_bl,1048576,2,263.3347,9971055575563239174
btree8_bl_a64,1048576,2,253.0411,9971055575563239174
fusion8_c,1048576,2,413.1241,9971055575563239174
btree8_a64,1048576,2,298.9487,9971055575563239174
sorted_array,1048576,2,164.8758,9971055575563239174
fusion16_w,1048576,2,255.5328,9971055575563239174
fusion8_bf,1048576,3,394.1956,9971055575563239174
fusion8,1048576,3,387.3642,9971055575563239174
fusion16_w,1048576,3,249.0829,9971055575563239174
btree8,1048576,3,270.1630,9971055575563239174
fusion8_c,1048576,3,327.3285,9971055575563239174
sorted_array,1048576,3,169.2734,9971055575563239174
btree8_bl_a64,1048576,3,251.0468,9971055575563239174
btree16_bl_a64,1048576,3,175.0488,9971055575563239174
btree8_bl,1048576,3,251.9180,9971055575563239174
btree8_a64,1048576,3,296.1548,9971055575563239174
btree8_bl_a64,1048576,4,250.3204,9971055575563239174
btree8,1048576,4,296.7880,9971055575563239174
fusion8_bf,1048576,4,422.2351,9971055575563239174
btree16_bl_a64,1048576,4,181.8817,9971055575563239174
btree8_a64,1048576,4,297.9843,9971055575563239174
btree8_bl,1048576,4,276.2024,9971055575563239174
sorted_array,1048576,4,167.6956,9971055575563239174
fusion8,1048576,4,412.4985,9971055575563239174
fusion8_c,1048576,4,375.2670,9971055575563239174
fusion16_w,1048576,4,269.8593,9971055575563239174
fusion8,1048576,5,492.1890,9971055575563239174
btree8,1048576,5,370.4086,9971055575563239174
btree8_bl_a64,1048576,5,346.1853,9971055575563239174
fusion8_c,1048576,5,517.1967,9971055575563239174
sorted_array,1048576,5,234.9182,9971055575563239174
btree8_a64,1048576,5,357.5775,9971055575563239174
fusion16_w,1048576,5,351.2115,9971055575563239174
btree16_bl_a64,1048576,5,262.8540,9971055575563239174
btree8_bl,1048576,5,339.2181,9971055575563239174
fusion8_bf,1048576,5,504.4373,9971055575563239174
btree8,1048576,6,366.4062,9971055575563239174
sorted_array,1048576,6,165.5472,9971055575563239174
fusion8,1048576,6,409.5383,9971055575563239174
fusion8_c,1048576,6,370.3735,9971055575563239174
fusion8_bf,1048576,6,408.3267,9971055575563239174
fusion16_w,1048576,6,253.8940,9971055575563239174
btree8_bl_a64,1048576,6,265.4755,9971055575563239174
btree16_bl_a64,1048576,6,201.1093,9971055575563239174
btree8_bl,1048576,6,277.9892,9971055575563239174
btree8_a64,1048576,6,310.8826,9971055575563239174
fusion8,1048576,7,388.4735,9971055575563239174
btree8_bl_a64,1048576,7,230.5069,9971055575563239174
btree8,1048576,7,295.5917,9971055575563239174
fusion8_c,1048576,7,337.1567,9971055575563239174
fusion16_w,1048576,7,246.7041,9971055575563239174
fusion8_bf,1048576,7,366.8747,9971055575563239174
btree8_a64,1048576,7,276.2344,9971055575563239174
btree16_bl_a64,1048576,7,164.5111,9971055575563239174
sorted_array,1048576,7,163.4125,9971055575563239174
btree8_bl,1048576,7,247.1313,9971055575563239174
btree8,1048576,8,274.5148,9971055575563239174
fusion8_bf,1048576,8,400.4623,9971055575563239174
fusion8,1048576,8,379.6875,9971055575563239174
fusion16_w,1048576,8,253.2974,9971055575563239174
btree8_a64,1048576,8,271.6476,9971055575563239174
btree8_bl_a64,1048576,8,240.9424,9971055575563239174
fusion8_c,1048576,8,337.5336,9971055575563239174
btree8_bl,1048576,8,244.6091,9971055575563239174
sorted_array,1048576,8,164.2899,9971055575563239174
btree16_bl_a64,1048576,8,170.4681,9971055575563239174
fusion16_w,1048576,9,251.9943,9971055575563239174
btree8_a64,1048576,9,268.8782,9971055575563239174
fusion8_c,1048576,9,327.5421,9971055575563239174
fusion8,1048576,9,367.5293,9971055575563239174
sorted_array,1048576,9,164.1006,9971055575563239174
fusion8_bf,1048576,9,376.5793,9971055575563239174
btree8,1048576,9,273.5672,9971055575563239174
btree16_bl_a64,1048576,9,181.6010,9971055575563239174
btree8_bl_a64,1048576,9,232.9590,9971055575563239174
btree8_bl,1048576,9,241.9617,9971055575563239174
fusion16_w,1048576,10,245.4025,9971055575563239174
btree8_bl_a64,1048576,10,234.9045,9971055575563239174
fusion8,1048576,10,398.8617,9971055575563239174
fusion8_bf,1048576,10,403.2135,9971055575563239174
btree16_bl_a64,1048576,10,171.5988,9971055575563239174
btree8_bl,1048576,10,235.1715,9971055575563239174
btree8,1048576,10,262.4680,9971055575563239174
fusion8_c,1048576,10,312.6953,9971055575563239174
btree8_a64,1048576,10,263.0188,9971055575563239174
sorted_array,1048576,10,189.4913,9971055575563239174
btree8_bl_a64,1048576,11,234.5352,9971055575563239174
fusion8,1048576,11,349.1806,9971055575563239174
sorted_array,1048576,11,203.7598,9971055575563239174
btree8,1048576,11,258.1039,9971055575563239174
fusion8_c,1048576,11,310.7529,9971055575563239174
btree16_bl_a64,1048576,11,162.3291,9971055575563239174
btree8_bl,1048576,11,233.2809,9971055575563239174
btree8_a64,1048576,11,255.4077,9971055575563239174
fusion16_w,1048576,11,234.6024,9971055575563239174
fusion8_bf,1048576,11,344.4595,9971055575563239174
sorted_array,1048576,12,166.1453,9971055575563239174
fusion8_c,1048576,12,345.7718,9971055575563239174
btree8,1048576,12,259.6985,9971055575563239174
btree8_bl,1048576,12,229.7897,9971055575563239174
fusion8,1048576,12,353.0670,9971055575563239174
fusion16_w,1048576,12,239.6591,9971055575563239174
btree8_a64,1048576,12,256.8954,9971055575563239174
btree8_bl_a64,1048576,12,223.2559,9971055575563239174
btree16_bl_a64,1048576,12,162.1063,9971055575563239174
fusion8_bf,1048576,12,346.8796,9971055575563239174
fusion8,1048576,13,347.5677,9971055575563239174
sorted_array,1048576,13,164.1312,9971055575563239174
btree8_bl_a64,1048576,13,241.1606,9971055575563239174
btree16_bl_a64,1048576,13,162.5366,9971055575563239174
fusion8_bf,1048576,13,356.1417,9971055575563239174
btree8_a64,1048576,13,254.1504,9971055575563239174
fusion16_w,1048576,13,234.1019,9971055575563239174
fusion8_c,1048576,13,333.6594,9971055575563239174
btree8,1048576,13,256.6025,9971055575563239174
btree8_bl,1048576,13,236.0825,9971055575563239174
btree16_bl_a64,1048576,14,161.5082,9971055575563239174
btree8_bl,1048576,14,207.8018,9971055575563239174
sorted_array,1048576,14,164.1418,9971055575563239174
btree8,1048576,14,254.8630,9971055575563239174
fusion16_w,1048576,14,232.2678,9971055575563239174
fusion8_c,1048576,14,326.5717,9971055575563239174
btree8_a64,1048576,14,258.3832,9971055575563239174
fusion8_bf,1048576,14,359.0744,9971055575563239174
btree8_bl_a64,1048576,14,217.6025,9971055575563239174
fusion8,1048576,14,357.2647,9971055575563239174
btree8_a64,2097152,0,264.4379,360150140800640134
btree8_bl_a64,2097152,0,283.5983,360150140800640134
fusion8_c,2097152,0,329.4754,360150140800640134
fusion16_w,2097152,0,354.5013,360150140800640134
btree16_bl_a64,2097152,0,249.3073,360150140800640134
fusion8,2097152,0,354.1962,360150140800640134
fusion8_bf,2097152,0,369.1666,360150140800640134
btree8,2097152,0,262.9196,360150140800640134
btree8_bl,2097152,0,304.7104,360150140800640134
sorted_array,2097152,0,224.3286,360150140800640134
fusion8_c,2097152,1,331.0547,360150140800640134
fusion16_w,2097152,1,355.4733,360150140800640134
fusion8_bf,2097152,1,388.7009,360150140800640134
btree8_a64,2097152,1,260.3699,360150140800640134
sorted_array,2097152,1,270.7657,360150140800640134
btree8_bl,2097152,1,279.0482,360150140800640134
btree8,2097152,1,260.2203,360150140800640134
btree8_bl_a64,2097152,1,271.6095,360150140800640134
fusion8,2097152,1,359.3384,360150140800640134
btree16_bl_a64,2097152,1,238.3804,360150140800640134
sorted_array,2097152,2,244.7739,360150140800640134
btree8_a64,2097152,2,266.6763,360150140800640134
btree8_bl,2097152,2,273.9716,360150140800640134
fusion8_c,2097152,2,339.1174,360150140800640134
btree8,2097152,2,260.4858,360150140800640134
fusion8,2097152,2,466.7374,360150140800640134
btree16_bl_a64,2097152,2,265.6708,360150140800640134
fusion16_w,2097152,2,362.0331,360150140800640134
fusion8_bf,2097152,2,367.8986,360150140800640134
btree8_bl_a64,2097152,2,277.5482,360150140800640134
btree16_bl_a64,2097152,3,240.6998,360150140800640134
btree8_bl,2097152,3,289.2456,360150140800640134
fusion8_c,2097152,3,333.7997,360150140800640134
btree8_a64,2097152,3,276.7731,360150140800640134
fusion16_w,2097152,3,349.0646,360150140800640134
btree8,2097152,3,270.2499,360150140800640134
sorted_array,2097152,3,282.1503,360150140800640134
fusion8,2097152,3,357.8751,360150140800640134
fusion8_bf,2097152,3,365.1306,360150140800640134
btree8_bl_a64,2097152,3,271.8552,360150140800640134
btree8_bl_a64,2097152,4,179.2923,360150140800640134
btree8_a64,2097152,4,270.2148,360150140800640134
btree8,2097152,4,287.3505,360150140800640134
btree16_bl_a64,2097152,4,253.9108,360150140800640134
fusion16_w,2097152,4,357.6721,360150140800640134
btree8_bl,2097152,4,295.9503,360150140800640134
fusion8,2097152,4,368.7241,360150140800640134
sorted_array,2097152,4,250.0198,360150140800640134
fusion8_c,2097152,4,339.7156,360150140800640134
fusion8_bf,2097152,4,389.0976,360150140800640134
fusion16_w,2097152,5,354.4922,360150140800640134
btree8,2097152,5,283.0002,360150140800640134
fusion8,2097152,5,372.9324,360150140800640134
sorted_array,2097152,5,254.4373,360150140800640134
fusion8_c,2097152,5,339.4180,360150140800640134
fusion8_bf,2097152,5,381.0471,360150140800640134
btree8_bl_a64,2097152,5,281.1035,360150140800640134
btree16_bl_a64,2097152,5,250.5249,360150140800640134
btree8_a64,2097152,5,274.8383,360150140800640134
btree8_bl,2097152,5,297.7951,360150140800640134
btree8,2097152,6,272.9004,360150140800640134
btree8_bl_a64,2097152,6,276.2100,360150140800640134
fusion8_bf,2097152,6,364.5111,360150140800640134
fusion8_c,2097152,6,333.1085,360150140800640134
fusion16_w,2097152,6,340.3992,360150140800640134
sorted_array,2097152,6,271.5103,360150140800640134
fusion8,2097152,6,357.2586,360150140800640134
btree8_bl,2097152,6,279.1626,360150140800640134
btree16_bl_a64,2097152,6,231.2866,360150140800640134
btree8_a64,2097152,6,266.6122,360150140800640134
btree8_bl_a64,2097152,7,268.0695,360150140800640134
fusion16_w,2097152,7,345.7245,360150140800640134
btree16_bl_a64,2097152,7,244.8975,360150140800640134
btree8_a64,2097152,7,266.3162,360150140800640134
fusion8_bf,2097152,7,351.3901,360150140800640134
fusion8_c,2097152,7,358.6502,360150140800640134
fusion8,2097152,7,349.9649,360150140800640134
btree8,2097152,7,265.8615,360150140800640134
btree8_bl,2097152,7,279.8920,360150140800640134
sorted_array,2097152,7,222.9492,360150140800640134
fusion16_w,2097152,8,352.5070,360150140800640134
btree8_bl,2097152,8,283.8959,360150140800640134
sorted_array,2097152,8,252.8351,360150140800640134
fusion8_bf,2097152,8,399.9176,360150140800640134
btree8,2097152,8,273.4924,360150140800640134
fusion8_c,2097152,8,351.4526,360150140800640134
btree16_bl_a64,2097152,8,246.4584,360150140800640134
btree8_a64,2097152,8,266.6977,360150140800640134
fusion8,2097152,8,393.4494,360150140800640134
btree8_bl_a64,2097152,8,282.1533,360150140800640134
btree8_bl,2097152,9,285.3775,360150140800640134
fusion8,2097152,9,388.0829,360150140800640134
fusion8_c,2097152,9,323.8068,360150140800640134
fusion8_bf,2097152,9,366.4612,360150140800640134
fusion16_w,2097152,9,350.0290,360150140800640134
btree8_bl_a64,2097152,9,271.0602,360150140800640134
btree16_bl_a64,2097152,9,236.1984,360150140800640134
sorted_array,2097152,9,267.1494,360150140800640134
btree8,2097152,9,271.7285,360150140800640134
btree8_a64,2097152,9,276.0056,360150140800640134
fusion8_c,2097152,10,338.4171,360150140800640134
fusion16_w,2097152,10,363.1195,360150140800640134
btree8_bl_a64,2097152,10,280.2567,360150140800640134
fusion8,2097152,10,374.1257,360150140800640134
btree8_bl,2097152,10,280.3268,360150140800640134
fusion8_bf,2097152,10,378.0304,360150140800640134
btree16_bl_a64,2097152,10,248.5443,360150140800640134
btree8,2097152,10,270.5032,360150140800640134
btree8_a64,2097152,10,269.4122,360150140800640134
sorted_array,2097152,10,230.3833,360150140800640134
fusion8_bf,2097152,11,364.8148,360150140800640134
sorted_array,2097152,11,245.5139,360150140800640134
fusion8_c,2097152,11,333.4412,360150140800640134
btree8_bl_a64,2097152,11,285.0082,360150140800640134
btree8_bl,2097152,11,283.8821,360150140800640134
btree8_a64,2097152,11,272.3709,360150140800640134
btree8,2097152,11,257.9758,360150140800640134
btree16_bl_a64,2097152,11,236.0245,360150140800640134
fusion16_w,2097152,11,344.5465,360150140800640134
fusion8,2097152,11,359.0759,360150140800640134
btree16_bl_a64,2097152,12,236.9095,360150140800640134
fusion8,2097152,12,346.9299,360150140800640134
sorted_array,2097152,12,234.3872,360150140800640134
fusion16_w,2097152,12,343.6325,360150140800640134
fusion8_c,2097152,12,329.2587,360150140800640134
btree8,2097152,12,263.5452,360150140800640134
btree8_bl,2097152,12,282.5470,360150140800640134
fusion8_bf,2097152,12,359.5825,360150140800640134
btree8_bl_a64,2097152,12,265.2618,360150140800640134
btree8_a64,2097152,12,261.3205,360150140800640134
fusion8,2097152,13,357.8094,360150140800640134
fusion8_c,2097152,13,340.0406,360150140800640134
fusion8_bf,2097152,13,353.0640,360150140800640134
fusion16_w,2097152,13,356.9672,360150140800640134
sorted_array,2097152,13,257.6477,360150140800640134
btree8,2097152,13,257.0724,360150140800640134
btree16_bl_a64,2097152,13,235.1425,360150140800640134
btree8_a64,2097152,13,264.0686,360150140800640134
btree8_bl,2097152,13,288.0157,360150140800640134
btree8_bl_a64,2097152,13,267.4316,360150140800640134
fusion8_c,2097152,14,337.6617,360150140800640134
btree8,2097152,14,255.8914,360150140800640134
fusion8_bf,2097152,14,369.0292,360150140800640134
fusion8,2097152,14,347.9660,360150140800640134
btree8_bl,2097152,14,286.0550,360150140800640134
btree16_bl_a64,2097152,14,233.3740,360150140800640134
btree8_a64,2097152,14,269.7891,360150140800640134
fusion16_w,2097152,14,342.0715,360150140800640134
btree8_bl_a64,2097152,14,278.3020,360150140800640134
sorted_array,2097152,14,277.9327,360150140800640134
fusion8_bf,4194304,0,365.9271,13987696726093534327
btree8_bl_a64,4194304,0,274.8749,13987696726093534327
btree8,4194304,0,261.7462,13987696726093534327
fusion16_w,4194304,0,405.2048,13987696726093534327
fusion8_c,4194304,0,325.7095,13987696726093534327
btree8_a64,4194304,0,344.5404,13987696726093534327
sorted_array,4194304,0,434.4543,13987696726093534327
btree8_bl,4194304,0,290.5807,13987696726093534327
btree16_bl_a64,4194304,0,334.1385,13987696726093534327
fusion8,4194304,0,357.3364,13987696726093534327
btree8_bl_a64,4194304,1,278.3859,13987696726093534327
btree8_a64,4194304,1,263.2004,13987696726093534327
fusion8,4194304,1,367.4072,13987696726093534327
sorted_array,4194304,1,367.7689,13987696726093534327
fusion16_w,4194304,1,434.5993,13987696726093534327
fusion8_bf,4194304,1,354.4617,13987696726093534327
btree16_bl_a64,4194304,1,338.4628,13987696726093534327
btree8_bl,4194304,1,282.3715,13987696726093534327
fusion8_c,4194304,1,336.7386,13987696726093534327
btree8,4194304,1,261.6745,13987696726093534327
fusion16_w,4194304,2,417.8360,13987696726093534327
fusion8,4194304,2,361.5829,13987696726093534327
fusion8_bf,4194304,2,367.2104,13987696726093534327
btree8_bl,4194304,2,284.3628,13987696726093534327
fusion8_c,4194304,2,329.4891,13987696726093534327
sorted_array,4194304,2,425.0961,13987696726093534327
btree8_a64,4194304,2,263.1638,13987696726093534327
btree16_bl_a64,4194304,2,332.0480,13987696726093534327
btree8_bl_a64,4194304,2,274.9420,13987696726093534327
btree8,4194304,2,274.2081,13987696726093534327
fusion8,4194304,3,364.0289,13987696726093534327
fusion8_bf,4194304,3,363.6520,13987696726093534327
btree16_bl_a64,4194304,3,323.3932,13987696726093534327
fusion16_w,4194304,3,408.7173,13987696726093534327
btree8_bl_a64,4194304,3,284.1064,13987696726093534327
sorted_array,4194304,3,395.4071,13987696726093534327
btree8_a64,4194304,3,271.2982,13987696726093534327
fusion8_c,4194304,3,326.0834,13987696726093534327
btree8,4194304,3,270.3323,13987696726093534327
btree8_bl,4194304,3,277.8244,13987696726093534327
fusion8_bf,4194304,4,365.5426,13987696726093534327
btree8,4194304,4,263.1409,13987696726093534327
btree8_bl,4194304,4,290.7898,13987696726093534327
sorted_array,4194304,4,425.5981,13987696726093534327
fusion8_c,4194304,4,324.1241,13987696726093534327
btree16_bl_a64,4194304,4,331.1417,13987696726093534327
fusion8,4194304,4,352.4536,13987696726093534327
btree8_bl_a64,4194304,4,273.3109,13987696726093534327
fusion16_w,4194304,4,419.4687,13987696726093534327
btree8_a64,4194304,4,273.0743,13987696726093534327
fusion16_w,4194304,5,399.1013,13987696726093534327
sorted_array,4194304,5,398.6801,13987696726093534327
btree16_bl_a64,4194304,5,335.7391,13987696726093534327
btree8,4194304,5,261.2869,13987696726093534327
btree8_bl,4194304,5,278.2867,13987696726093534327
fusion8_bf,4194304,5,363.6124,13987696726093534327
btree8_bl_a64,4194304,5,274.9603,13987696726093534327
fusion8,4194304,5,355.5954,13987696726093534327
btree8_a64,4194304,5,269.4855,13987696726093534327
fusion8_c,4194304,5,335.1334,13987696726093534327
btree8_a64,4194304,6,265.0711,13987696726093534327
sorted_array,4194304,6,381.1081,13987696726093534327
btree8_bl_a64,4194304,6,280.7541,13987696726093534327
btree8,4194304,6,262.1811,13987696726093534327
fusion8_c,4194304,6,331.6101,13987696726093534327
fusion8_bf,4194304,6,357.4799,13987696726093534327
btree8_bl,4194304,6,290.6662,13987696726093534327
fusion16_w,4194304,6,419.2368,13987696726093534327
btree16_bl_a64,4194304,6,348.8525,13987696726093534327
fusion8,4194304,6,377.8656,13987696726093534327
btree8,4194304,7,278.5507,13987696726093534327
sorted_array,4194304,7,373.6389,13987696726093534327
fusion16_w,4194304,7,444.9997,13987696726093534327
fusion8,4194304,7,375.8423,13987696726093534327
fusion8_c,4194304,7,344.6777,13987696726093534327
btree8_bl_a64,4194304,7,285.4523,13987696726093534327
btree16_bl_a64,4194304,7,348.2681,13987696726093534327
btree8_bl,4194304,7,299.5316,13987696726093534327
btree8_a64,4194304,7,274.4690,13987696726093534327
fusion8_bf,4194304,7,392.8680,13987696726093534327
fusion8,4194304,8,396.7804,13987696726093534327
fusion16_w,4194304,8,464.6103,13987696726093534327
btree8,4194304,8,333.9508,13987696726093534327
btree16_bl_a64,4194304,8,372.8348,13987696726093534327
btree8_bl,4194304,8,303.9200,13987696726093534327
sorted_array,4194304,8,392.5858,13987696726093534327
fusion8_c,4194304,8,343.6157,13987696726093534327
fusion8_bf,4194304,8,393.5135,13987696726093534327
btree8_bl_a64,4194304,8,290.9927,13987696726093534327
btree8_a64,4194304,8,267.7628,13987696726093534327
btree8_bl_a64,4194304,9,277.1942,13987696726093534327
btree8,4194304,9,286.1740,13987696726093534327
fusion8_bf,4194304,9,382.9071,13987696726093534327
btree8_a64,4194304,9,289.3906,13987696726093534327
fusion8,4194304,9,397.1298,13987696726093534327
btree8_bl,4194304,9,321.2082,13987696726093534327
btree16_bl_a64,4194304,9,370.3339,13987696726093534327
fusion8_c,4194304,9,358.7921,13987696726093534327
fusion16_w,4194304,9,441.8762,13987696726093534327
sorted_array,4194304,9,374.9100,13987696726093534327
fusion8,4194304,10,392.7155,13987696726093534327
fusion16_w,4194304,10,458.7738,13987696726093534327
sorted_array,4194304,10,387.0941,13987696726093534327
fusion8_c,4194304,10,368.4586,13987696726093534327
btree8,4194304,10,294.2886,13987696726093534327
fusion8_bf,4194304,10,403.1799,13987696726093534327
btree8_bl_a64,4194304,10,299.4370,13987696726093534327
btree8_bl,4194304,10,302.8915,13987696726093534327
btree8_a64,4194304,10,269.4839,13987696726093534327
btree16_bl_a64,4194304,10,327.7725,13987696726093534327
fusion8_c,4194304,11,340.9393,13987696726093534327
btree8_bl,4194304,11,281.9748,13987696726093534327
fusion8_bf,4194304,11,364.8163,13987696726093534327
fusion8,4194304,11,366.0202,13987696726093534327
btree8,4194304,11,268.2205,13987696726093534327
btree8_a64,4194304,11,270.1233,13987696726093534327
btree8_bl_a64,4194304,11,272.1146,13987696726093534327
btree16_bl_a64,4194304,11,341.4108,13987696726093534327
sorted_array,4194304,11,363.9603,13987696726093534327
fusion16_w,4194304,11,470.1035,13987696726093534327
fusion8_bf,4194304,12,395.3476,13987696726093534327
btree8_bl_a64,4194304,12,280.0964,13987696726093534327
fusion16_w,4194304,12,414.4760,13987696726093534327
sorted_array,4194304,12,386.6119,13987696726093534327
btree8_bl,4194304,12,301.9287,13987696726093534327
btree16_bl_a64,4194304,12,334.5383,13987696726093534327
fusion8_c,4194304,12,343.5425,13987696726093534327
fusion8,4194304,12,358.8058,13987696726093534327
btree8,4194304,12,267.1951,13987696726093534327
btree8_a64,4194304,12,265.8630,13987696726093534327
sorted_array,4194304,13,413.3102,13987696726093534327
fusion8_bf,4194304,13,366.5329,13987696726093534327
btree8_a64,4194304,13,266.0049,13987696726093534327
btree16_bl_a64,4194304,13,331.0150,13987696726093534327
btree8_bl,4194304,13,282.7850,13987696726093534327
fusion8_c,4194304,13,335.9818,13987696726093534327
fusion16_w,4194304,13,414.9292,13987696726093534327
btree8_bl_a64,4194304,13,279.3106,13987696726093534327
fusion8,4194304,13,347.9874,13987696726093534327
btree8,4194304,13,269.4138,13987696726093534327
fusion8_bf,4194304,14,359.6115,13987696726093534327
fusion16_w,4194304,14,426.2161,13987696726093534327
fusion8,4194304,14,362.6770,13987696726093534327
btree16_bl_a64,4194304,14,330.3162,13987696726093534327
fusion8_c,4194304,14,338.4903,13987696726093534327
btree8,4194304,14,261.4075,13987696726093534327
btree8_bl,4194304,14,290.2206,13987696726093534327
btree8_a64,4194304,14,266.7679,13987696726093534327
btree8_bl_a64,4194304,14,282.4127,13987696726093534327
sorted_array,4194304,14,430.9708,13987696726093534327
btree16_bl_a64,8388608,0,343.5364,14571906064232911788
fusion16_w,8388608,0,447.0078,14571906064232911788
fusion8_bf,8388608,0,616.2659,14571906064232911788
btree8_a64,8388608,0,656.2744,14571906064232911788
btree8_bl,8388608,0,541.7709,14571906064232911788
fusion8_c,8388608,0,544.1193,14571906064232911788
btree8,8388608,0,455.2155,14571906064232911788
fusion8,8388608,0,649.5605,14571906064232911788
sorted_array,8388608,0,643.8858,14571906064232911788
btree8_bl_a64,8388608,0,457.9254,14571906064232911788
btree8_bl,8388608,1,481.7047,14571906064232911788
fusion8,8388608,1,651.2405,14571906064232911788
fusion8_c,8388608,1,588.7024,14571906064232911788
fusion8_bf,8388608,1,584.4559,14571906064232911788
btree16_bl_a64,8388608,1,382.4219,14571906064232911788
fusion16_w,8388608,1,478.4851,14571906064232911788
btree8,8388608,1,450.7401,14571906064232911788
sorted_array,8388608,1,631.8954,14571906064232911788
btree8_a64,8388608,1,432.2784,14571906064232911788
btree8_bl_a64,8388608,1,406.7215,14571906064232911788
btree8_a64,8388608,2,430.6107,14571906064232911788
fusion8_c,8388608,2,482.3074,14571906064232911788
btree16_bl_a64,8388608,2,351.5167,14571906064232911788
sorted_array,8388608,2,609.9030,14571906064232911788
fusion8_bf,8388608,2,535.6400,14571906064232911788
btree8_bl_a64,8388608,2,370.2133,14571906064232911788
fusion8,8388608,2,531.5201,14571906064232911788
btree8_bl,8388608,2,427.3773,14571906064232911788
btree8,8388608,2,412.7838,14571906064232911788
fusion16_w,8388608,2,427.8030,14571906064232911788
btree8_bl_a64,8388608,3,383.9844,14571906064232911788
fusion16_w,8388608,3,435.5301,14571906064232911788
btree16_bl_a64,8388608,3,340.8829,14571906064232911788
fusion8,8388608,3,526.2436,14571906064232911788
fusion8_c,8388608,3,492.9703,14571906064232911788
sorted_array,8388608,3,643.7469,14571906064232911788
btree8_bl,8388608,3,406.4819,14571906064232911788
btree8,8388608,3,406.1096,14571906064232911788
btree8_a64,8388608,3,417.5568,14571906064232911788
fusion8_bf,8388608,3,540.0299,14571906064232911788
btree8_bl,8388608,4,392.9031,14571906064232911788
btree8,8388608,4,409.4208,14571906064232911788
btree16_bl_a64,8388608,4,354.0115,14571906064232911788
fusion16_w,8388608,4,433.6197,14571906064232911788
sorted_array,8388608,4,624.7513,14571906064232911788
fusion8_bf,8388608,4,539.4684,14571906064232911788
btree8_bl_a64,8388608,4,382.3517,14571906064232911788
btree8_a64,8388608,4,413.9740,14571906064232911788
fusion8_c,8388608,4,478.6896,14571906064232911788
fusion8,8388608,4,518.5379,14571906064232911788
fusion8_c,8388608,5,485.4614,14571906064232911788
fusion16_w,8388608,5,443.6218,14571906064232911788
btree8,8388608,5,408.3633,14571906064232911788
sorted_array,8388608,5,642.1692,14571906064232911788
btree16_bl_a64,8388608,5,345.0760,14571906064232911788
btree8_bl_a64,8388608,5,387.9974,14571906064232911788
btree8_bl,8388608,5,390.5273,14571906064232911788
fusion8,8388608,5,533.9355,14571906064232911788
fusion8_bf,8388608,5,540.6509,14571906064232911788
btree8_a64,8388608,5,422.0062,14571906064232911788
fusion8,8388608,6,527.5711,14571906064232911788
btree8_bl,8388608,6,394.7281,14571906064232911788
btree8_a64,8388608,6,416.6992,14571906064232911788
fusion8_c,8388608,6,496.6248,14571906064232911788
fusion16_w,8388608,6,431.8558,14571906064232911788
sorted_array,8388608,6,647.4289,14571906064232911788
fusion8_bf,8388608,6,540.8401,14571906064232911788
btree16_bl_a64,8388608,6,355.4230,14571906064232911788
btree8_bl_a64,8388608,6,402.2339,14571906064232911788
btree8,8388608,6,420.0485,14571906064232911788
btree16_bl_a64,8388608,7,357.2495,14571906064232911788
btree8,8388608,7,437.1780,14571906064232911788
fusion8_bf,8388608,7,564.5477,14571906064232911788
fusion8,8388608,7,523.3688,14571906064232911788
btree8_bl,8388608,7,413.2965,14571906064232911788
btree8_bl_a64,8388608,7,423.0103,14571906064232911788
sorted_array,8388608,7,628.8147,14571906064232911788
fusion16_w,8388608,7,445.9961,14571906064232911788
fusion8_c,8388608,7,504.9866,14571906064232911788
btree8_a64,8388608,7,415.0528,14571906064232911788
fusion8_c,8388608,8,493.9178,14571906064232911788
fusion8_bf,8388608,8,547.0001,14571906064232911788
btree16_bl_a64,8388608,8,349.8245,14571906064232911788
btree8_a64,8388608,8,412.6877,14571906064232911788
sorted_array,8388608,8,616.0538,14571906064232911788
btree8_bl_a64,8388608,8,405.4764,14571906064232911788
btree8,8388608,8,417.6300,14571906064232911788
fusion8,8388608,8,526.5961,14571906064232911788
fusion16_w,8388608,8,440.3030,14571906064232911788
btree8_bl,8388608,8,406.0226,14571906064232911788
fusion8_c,8388608,9,493.7607,14571906064232911788
btree16_bl_a64,8388608,9,353.0350,14571906064232911788
fusion8,8388608,9,524.7498,14571906064232911788
fusion16_w,8388608,9,441.5192,14571906064232911788
btree8_bl,8388608,9,394.1376,14571906064232911788
btree8_a64,8388608,9,422.0963,14571906064232911788
fusion8_bf,8388608,9,638.1073,14571906064232911788
btree8_bl_a64,8388608,9,420.8282,14571906064232911788
btree8,8388608,9,435.9497,14571906064232911788
sorted_array,8388608,9,641.3849,14571906064232911788
fusion8,8388608,10,548.2620,14571906064232911788
sorted_array,8388608,10,610.7773,14571906064232911788
fusion8_c,8388608,10,487.3871,14571906064232911788
fusion8_bf,8388608,10,560.1181,14571906064232911788
btree8_bl_a64,8388608,10,390.0787,14571906064232911788
btree16_bl_a64,8388608,10,351.6632,14571906064232911788
btree8_bl,8388608,10,400.3922,14571906064232911788
fusion16_w,8388608,10,436.5799,14571906064232911788
btree8,8388608,10,416.0034,14571906064232911788
btree8_a64,8388608,10,409.7473,14571906064232911788
btree8,8388608,11,414.8743,14571906064232911788
sorted_array,8388608,11,631.0349,14571906064232911788
btree8_bl,8388608,11,394.6976,14571906064232911788
btree16_bl_a64,8388608,11,348.4512,14571906064232911788
btree8_a64,8388608,11,417.5507,14571906064232911788
fusion8_c,8388608,11,491.0675,14571906064232911788
fusion8_bf,8388608,11,529.6051,14571906064232911788
fusion16_w,8388608,11,443.7653,14571906064232911788
btree8_bl_a64,8388608,11,395.4773,14571906064232911788
fusion8,8388608,11,524.0189,14571906064232911788
sorted_array,8388608,12,638.7939,14571906064232911788
btree8_a64,8388608,12,402.7542,14571906064232911788
btree8,8388608,12,422.7615,14571906064232911788
fusion8_c,8388608,12,488.1485,14571906064232911788
btree8_bl,8388608,12,394.5526,14571906064232911788
fusion8_bf,8388608,12,531.8802,14571906064232911788
fusion16_w,8388608,12,438.1516,14571906064232911788
btree8_bl_a64,8388608,12,390.5136,14571906064232911788
fusion8,8388608,12,523.1537,14571906064232911788
btree16_bl_a64,8388608,12,347.4930,14571906064232911788
btree8,8388608,13,411.7722,14571906064232911788
btree16_bl_a64,8388608,13,343.7164,14571906064232911788
fusion8,8388608,13,522.7737,14571906064232911788
btree8_bl,8388608,13,420.0668,14571906064232911788
btree8_a64,8388608,13,413.0310,14571906064232911788
fusion16_w,8388608,13,428.1052,14571906064232911788
btree8_bl_a64,8388608,13,387.0773,14571906064232911788
fusion8_bf,8388608,13,536.3953,14571906064232911788
fusion8_c,8388608,13,495.6390,14571906064232911788
sorted_array,8388608,13,647.8912,14571906064232911788
fusion8_bf,8388608,14,526.9348,14571906064232911788
btree8_bl,8388608,14,398.2407,14571906064232911788
btree8_bl_a64,8388608,14,393.0344,14571906064232911788
btree8,8388608,14,410.1730,14571906064232911788
sorted_array,8388608,14,635.1913,14571906064232911788
fusion8,8388608,14,536.0046,14571906064232911788
fusion16_w,8388608,14,433.4595,14571906064232911788
fusion8_c,8388608,14,502.8107,14571906064232911788
btree8_a64,8388608,14,416.8182,14571906064232911788
btree16_bl_a64,8388608,14,341.5283,14571906064232911788
fusion8,16777216,0,610.6506,762412688173254828
fusion16_w,16777216,0,450.5112,762412688173254828
btree8,16777216,0,459.1324,762412688173254828
btree16_bl_a64,16777216,0,364.6973,762412688173254828
btree8_bl_a64,16777216,0,470.1050,762412688173254828
btree8_bl,16777216,0,487.7243,762412688173254828
fusion8_bf,16777216,0,591.3620,762412688173254828
btree8_a64,16777216,0,458.9890,762412688173254828
fusion8_c,16777216,0,567.7597,762412688173254828
sorted_array,16777216,0,803.8574,762412688173254828
btree8,16777216,1,465.5396,762412688173254828
btree16_bl_a64,16777216,1,369.9753,762412688173254828
btree8_bl,16777216,1,479.9408,762412688173254828
fusion8_c,16777216,1,542.3355,762412688173254828
btree8_bl_a64,16777216,1,465.0696,762412688173254828
btree8_a64,16777216,1,470.0989,762412688173254828
sorted_array,16777216,1,896.7651,762412688173254828
fusion8,16777216,1,600.5615,762412688173254828
fusion8_bf,16777216,1,595.0302,762412688173254828
fusion16_w,16777216,1,458.9966,762412688173254828
btree8_a64,16777216,2,458.8791,762412688173254828
fusion8,16777216,2,598.1506,762412688173254828
btree8_bl,16777216,2,482.5653,762412688173254828
sorted_array,16777216,2,802.0767,762412688173254828
fusion8_c,16777216,2,551.1688,762412688173254828
fusion8_bf,16777216,2,599.0997,762412688173254828
btree8_bl_a64,16777216,2,469.3207,762412688173254828
btree16_bl_a64,16777216,2,369.5648,762412688173254828
fusion16_w,16777216,2,457.5912,762412688173254828
btree8,16777216,2,459.8221,762412688173254828
btree8,16777216,3,441.9846,762412688173254828
btree8_a64,16777216,3,458.3939,762412688173254828
fusion8,16777216,3,588.5956,762412688173254828
fusion8_bf,16777216,3,663.1287,762412688173254828
sorted_array,16777216,3,825.5493,762412688173254828
fusion16_w,16777216,3,521.4767,762412688173254828
btree16_bl_a64,16777216,3,390.3534,762412688173254828
btree8_bl,16777216,3,537.7274,762412688173254828
fusion8_c,16777216,3,603.1097,762412688173254828
btree8_bl_a64,16777216,3,515.9225,762412688173254828
fusion8,16777216,4,644.6274,762412688173254828
fusion8_c,16777216,4,609.0805,762412688173254828
btree8,16777216,4,471.6751,762412688173254828
fusion16_w,16777216,4,454.7592,762412688173254828
btree8_a64,16777216,4,466.9983,762412688173254828
btree8_bl,16777216,4,478.1265,762412688173254828
sorted_array,16777216,4,808.4885,762412688173254828
btree8_bl_a64,16777216,4,499.0067,762412688173254828
btree16_bl_a64,16777216,4,384.7549,762412688173254828
fusion8_bf,16777216,4,632.9208,762412688173254828
fusion8,16777216,5,581.0379,762412688173254828
btree8,16777216,5,462.2955,762412688173254828
btree8_bl_a64,16777216,5,461.7325,762412688173254828
fusion8_c,16777216,5,552.9648,762412688173254828
btree16_bl_a64,16777216,5,360.5072,762412688173254828
btree8_a64,16777216,5,459.8816,762412688173254828
btree8_bl,16777216,5,478.1372,762412688173254828
fusion16_w,16777216,5,453.7476,762412688173254828
sorted_array,16777216,5,807.8888,762412688173254828
fusion8_bf,16777216,5,590.6830,762412688173254828
sorted_array,16777216,6,828.4073,762412688173254828
fusion8_c,16777216,6,545.7306,762412688173254828
btree8,16777216,6,467.0258,762412688173254828
fusion8,16777216,6,589.4226,762412688173254828
btree8_bl,16777216,6,489.2822,762412688173254828
btree8_a64,16777216,6,472.4335,762412688173254828
btree16_bl_a64,16777216,6,381.0272,762412688173254828
fusion16_w,16777216,6,486.3083,762412688173254828
btree8_bl_a64,16777216,6,473.1262,762412688173254828
fusion8_bf,16777216,6,639.7919,762412688173254828
btree8_bl_a64,16777216,7,500.2151,762412688173254828
btree8,16777216,7,469.6045,762412688173254828
btree8_a64,16777216,7,486.2869,762412688173254828
fusion8_c,16777216,7,617.1539,762412688173254828
btree16_bl_a64,16777216,7,373.9624,762412688173254828
fusion8_bf,16777216,7,592.2882,762412688173254828
fusion8,16777216,7,588.6932,762412688173254828
sorted_array,16777216,7,841.3757,762412688173254828
btree8_bl,16777216,7,476.5060,762412688173254828
fusion16_w,16777216,7,450.3311,762412688173254828
fusion8,16777216,8,589.4775,762412688173254828
sorted_array,16777216,8,787.3901,762412688173254828
fusion8_c,16777216,8,560.7498,762412688173254828
btree8,16777216,8,465.3534,762412688173254828
btree8_bl_a64,16777216,8,480.4947,762412688173254828
btree8_bl,16777216,8,497.3160,762412688173254828
fusion16_w,16777216,8,467.6056,762412688173254828
fusion8_bf,16777216,8,620.5795,762412688173254828
btree16_bl_a64,16777216,8,366.5451,762412688173254828
btree8_a64,16777216,8,467.2714,762412688173254828
fusion8,16777216,9,607.8156,762412688173254828
btree8,16777216,9,483.1268,762412688173254828
fusion8_c,16777216,9,567.8146,762412688173254828
fusion16_w,16777216,9,451.5518,762412688173254828
sorted_array,16777216,9,828.2425,762412688173254828
btree8_bl_a64,16777216,9,462.8403,762412688173254828
btree16_bl_a64,16777216,9,362.4634,762412688173254828
btree8_bl,16777216,9,469.3787,762412688173254828
fusion8_bf,16777216,9,633.4824,762412688173254828
btree8_a64,16777216,9,536.6440,762412688173254828
btree8,16777216,10,543.2114,762412688173254828
fusion16_w,16777216,10,529.4815,762412688173254828
fusion8_c,16777216,10,642.5674,762412688173254828
btree8_a64,16777216,10,523.3521,762412688173254828
fusion8,16777216,10,683.9798,762412688173254828
btree8_bl_a64,16777216,10,539.4867,762412688173254828
sorted_array,16777216,10,800.7095,762412688173254828
fusion8_bf,16777216,10,656.9763,762412688173254828
btree8_bl,16777216,10,483.1100,762412688173254828
btree16_bl_a64,16777216,10,361.4838,762412688173254828
btree8_a64,16777216,11,489.6454,762412688173254828
btree8,16777216,11,593.3014,762412688173254828
fusion8_c,16777216,11,654.9728,762412688173254828
btree8_bl_a64,16777216,11,558.9401,762412688173254828
fusion8_bf,16777216,11,792.0090,762412688173254828
fusion8,16777216,11,698.2864,762412688173254828
btree8_bl,16777216,11,545.4132,762412688173254828
fusion16_w,16777216,11,479.1565,762412688173254828
btree16_bl_a64,16777216,11,383.0490,762412688173254828
sorted_array,16777216,11,792.5125,762412688173254828
fusion8_c,16777216,12,607.5333,762412688173254828
sorted_array,16777216,12,798.2071,762412688173254828
btree8_bl_a64,16777216,12,576.4374,762412688173254828
btree8_bl,16777216,12,557.7286,762412688173254828
btree16_bl_a64,16777216,12,383.4351,762412688173254828
fusion8_bf,16777216,12,642.5171,762412688173254828
btree8_a64,16777216,12,521.9101,762412688173254828
fusion16_w,16777216,12,524.9023,762412688173254828
fusion8,16777216,12,682.7881,762412688173254828
btree8,16777216,12,519.4763,762412688173254828
fusion16_w,16777216,13,460.9756,762412688173254828
btree8_bl,16777216,13,483.2642,762412688173254828
fusion8_bf,16777216,13,609.0836,762412688173254828
btree8_bl_a64,16777216,13,476.7075,762412688173254828
btree8_a64,16777216,13,467.4774,762412688173254828
fusion8,16777216,13,598.2895,762412688173254828
btree16_bl_a64,16777216,13,372.8668,762412688173254828
sorted_array,16777216,13,817.6544,762412688173254828
btree8,16777216,13,472.8516,762412688173254828
fusion8_c,16777216,13,553.2410,762412688173254828
sorted_array,16777216,14,814.9826,762412688173254828
btree8_a64,16777216,14,470.0531,762412688173254828
btree8_bl_a64,16777216,14,475.6134,762412688173254828
fusion8_c,16777216,14,575.6805,762412688173254828
btree8_bl,16777216,14,537.5946,762412688173254828
btree8,16777216,14,552.4780,762412688173254828
fusion16_w,16777216,14,490.3320,762412688173254828
btree16_bl_a64,16777216,14,393.1656,762412688173254828
fusion8,16777216,14,652.2202,762412688173254828
fusion8_bf,16777216,14,662.3810,762412688173254828
fusion8_c,33554432,0,502.2705,11029033927968932563
btree8_bl,33554432,0,466.8793,11029033927968932563
btree8,33554432,0,444.9448,11029033927968932563
fusion8,33554432,0,561.7096,11029033927968932563
btree8_bl_a64,33554432,0,444.5053,11029033927968932563
fusion16_w,33554432,0,603.6087,11029033927968932563
btree16_bl_a64,33554432,0,487.9501,11029033927968932563
fusion8_bf,33554432,0,566.3467,11029033927968932563
sorted_array,33554432,0,1045.7245,11029033927968932563
btree8_a64,33554432,0,434.9014,11029033927968932563
fusion16_w,33554432,1,606.4590,11029033927968932563
sorted_array,33554432,1,1109.4833,11029033927968932563
btree8_bl_a64,33554432,1,447.8226,11029033927968932563
btree8_bl,33554432,1,469.4656,11029033927968932563
fusion8,33554432,1,562.1063,11029033927968932563
btree8,33554432,1,439.0610,11029033927968932563
fusion8_bf,33554432,1,569.5724,11029033927968932563
fusion8_c,33554432,1,517.6270,11029033927968932563
btree16_bl_a64,33554432,1,470.5582,11029033927968932563
btree8_a64,33554432,1,434.8297,11029033927968932563
sorted_array,33554432,2,1100.1144,11029033927968932563
btree8,33554432,2,442.3325,11029033927968932563
fusion8_c,33554432,2,511.6669,11029033927968932563
fusion16_w,33554432,2,610.3729,11029033927968932563
btree8_a64,33554432,2,436.4456,11029033927968932563
btree16_bl_a64,33554432,2,475.7263,11029033927968932563
btree8_bl,33554432,2,469.3634,11029033927968932563
fusion8,33554432,2,560.2478,11029033927968932563
fusion8_bf,33554432,2,567.4515,11029033927968932563
btree8_bl_a64,33554432,2,452.9388,11029033927968932563
fusion16_w,33554432,3,612.4222,11029033927968932563
sorted_array,33554432,3,1094.5557,11029033927968932563
fusion8,33554432,3,558.7204,11029033927968932563
btree8_bl_a64,33554432,3,446.8262,11029033927968932563
fusion8_c,33554432,3,520.2026,11029033927968932563
btree8_a64,33554432,3,439.3539,11029033927968932563
btree8,33554432,3,443.6615,11029033927968932563
btree8_bl,33554432,3,469.2383,11029033927968932563
fusion8_bf,33554432,3,564.4653,11029033927968932563
btree16_bl_a64,33554432,3,474.7177,11029033927968932563
fusion16_w,33554432,4,606.2073,11029033927968932563
btree8_bl_a64,33554432,4,446.7010,11029033927968932563
sorted_array,33554432,4,1100.7675,11029033927968932563
btree8_bl,33554432,4,466.7847,11029033927968932563
fusion8,33554432,4,548.1659,11029033927968932563
fusion8_bf,33554432,4,571.2067,11029033927968932563
btree8,33554432,4,439.7614,11029033927968932563
fusion8_c,33554432,4,519.9356,11029033927968932563
btree8_a64,33554432,4,444.2322,11029033927968932563
btree16_bl_a64,33554432,4,477.7679,11029033927968932563
fusion8,33554432,5,570.1920,11029033927968932563
fusion8_c,33554432,5,515.4099,11029033927968932563
btree16_bl_a64,33554432,5,471.9543,11029033927968932563
btree8_a64,33554432,5,437.2696,11029033927968932563
btree8_bl_a64,33554432,5,449.7131,11029033927968932563
btree8_bl,33554432,5,463.9740,11029033927968932563
fusion16_w,33554432,5,605.6534,11029033927968932563
fusion8_bf,33554432,5,563.6383,11029033927968932563
sorted_array,33554432,5,1110.8215,11029033927968932563
btree8,33554432,5,435.5713,11029033927968932563
fusion8_bf,33554432,6,564.5630,11029033927968932563
fusion16_w,33554432,6,601.4175,11029033927968932563
btree8,33554432,6,444.7495,11029033927968932563
btree8_bl_a64,33554432,6,458.7891,11029033927968932563
fusion8_c,33554432,6,520.0745,11029033927968932563
sorted_array,33554432,6,1114.6606,11029033927968932563
fusion8,33554432,6,556.4514,11029033927968932563
btree16_bl_a64,33554432,6,485.8734,11029033927968932563
btree8_a64,33554432,6,443.6127,11029033927968932563
btree8_bl,33554432,6,464.3646,11029033927968932563
fusion16_w,33554432,7,604.5074,11029033927968932563
btree8_bl_a64,33554432,7,448.4161,11029033927968932563
btree16_bl_a64,33554432,7,472.5113,11029033927968932563
btree8_bl,33554432,7,476.9531,11029033927968932563
fusion8_c,33554432,7,513.2385,11029033927968932563
fusion8_bf,33554432,7,564.7858,11029033927968932563
sorted_array,33554432,7,1100.5066,11029033927968932563
btree8_a64,33554432,7,435.8582,11029033927968932563
fusion8,33554432,7,556.7078,11029033927968932563
btree8,33554432,7,441.4825,11029033927968932563
btree8_bl_a64,33554432,8,444.4992,11029033927968932563
fusion8_c,33554432,8,514.5721,11029033927968932563
fusion8,33554432,8,561.6638,11029033927968932563
fusion8_bf,33554432,8,568.0679,11029033927968932563
btree16_bl_a64,33554432,8,478.2364,11029033927968932563
btree8_a64,33554432,8,438.7482,11029033927968932563
sorted_array,33554432,8,1099.8978,11029033927968932563
btree8_bl,33554432,8,459.6405,11029033927968932563
btree8,33554432,8,436.7905,11029033927968932563
fusion16_w,33554432,8,607.5317,11029033927968932563
btree8_a64,33554432,9,448.9548,11029033927968932563
btree8_bl,33554432,9,462.0255,11029033927968932563
btree8,33554432,9,439.5142,11029033927968932563
btree16_bl_a64,33554432,9,469.6457,11029033927968932563
fusion8,33554432,9,553.9856,11029033927968932563
fusion8_c,33554432,9,511.9797,11029033927968932563
fusion8_bf,33554432,9,564.6759,11029033927968932563
sorted_array,33554432,9,1101.8036,11029033927968932563
btree8_bl_a64,33554432,9,443.9392,11029033927968932563
fusion16_w,33554432,9,599.6536,11029033927968932563
btree8_a64,33554432,10,444.2429,11029033927968932563
btree16_bl_a64,33554432,10,474.5804,11029033927968932563
btree8,33554432,10,436.4609,11029033927968932563
fusion16_w,33554432,10,600.1648,11029033927968932563
sorted_array,33554432,10,1111.9019,11029033927968932563
btree8_bl,33554432,10,462.0758,11029033927968932563
fusion8_c,33554432,10,516.9250,11029033927968932563
fusion8_bf,33554432,10,566.3132,11029033927968932563
fusion8,33554432,10,560.8917,11029033927968932563
btree8_bl_a64,33554432,10,442.3737,11029033927968932563
fusion8_bf,33554432,11,562.3337,11029033927968932563
fusion8,33554432,11,561.9797,11029033927968932563
btree16_bl_a64,33554432,11,472.6974,11029033927968932563
btree8_bl,33554432,11,463.4247,11029033927968932563
fusion16_w,33554432,11,599.0143,11029033927968932563
sorted_array,33554432,11,1094.7281,11029033927968932563
fusion8_c,33554432,11,534.0103,11029033927968932563
btree8,33554432,11,439.7110,11029033927968932563
btree8_a64,33554432,11,443.0237,11029033927968932563
btree8_bl_a64,33554432,11,447.9919,11029033927968932563
btree8_bl,33554432,12,466.7664,11029033927968932563
fusion8_c,33554432,12,516.8518,11029033927968932563
fusion16_w,33554432,12,604.3640,11029033927968932563
btree8_a64,33554432,12,439.6912,11029033927968932563
fusion8_bf,33554432,12,568.5486,11029033927968932563
sorted_array,33554432,12,1113.1302,11029033927968932563
fusion8,33554432,12,548.3368,11029033927968932563
btree8,33554432,12,449.1028,11029033927968932563
btree16_bl_a64,33554432,12,478.1555,11029033927968932563
btree8_bl_a64,33554432,12,454.5883,11029033927968932563
btree8_a64,33554432,13,436.5173,11029033927968932563
fusion8,33554432,13,554.8279,11029033927968932563
fusion8_bf,33554432,13,570.6360,11029033927968932563
btree8_bl_a64,33554432,13,446.7361,11029033927968932563
btree8_bl,33554432,13,469.4000,11029033927968932563
fusion8_c,33554432,13,520.3415,11029033927968932563
btree16_bl_a64,33554432,13,476.1292,11029033927968932563
sorted_array,33554432,13,1138.2492,11029033927968932563
btree8,33554432,13,439.0442,11029033927968932563
fusion16_w,33554432,13,599.3988,11029033927968932563
fusion16_w,33554432,14,531.8054,11029033927968932563
btree8_bl_a64,33554432,14,446.5927,11029033927968932563
fusion8_c,33554432,14,523.4695,11029033927968932563
btree8_a64,33554432,14,442.1768,11029033927968932563
sorted_array,33554432,14,1059.7168,11029033927968932563
fusion8,33554432,14,548.3963,11029033927968932563
btree16_bl_a64,33554432,14,472.9248,11029033927968932563
btree8_bl,33554432,14,462.1628,11029033927968932563
fusion8_bf,33554432,14,555.3497,11029033927968932563
btree8,33554432,14,435.7712,11029033927968932563
