structure,n,rep,ns_per_query,checksum
fusion8,256,0,41.0110,3802318259966007189
fusion8_c,256,0,41.7755,3802318259966007189
btree8_a64,256,0,21.8704,3802318259966007189
btree16_bl_a64,256,0,15.2527,3802318259966007189
btree8,256,0,22.0139,3802318259966007189
btree8_bl,256,0,26.1398,3802318259966007189
fusion16_w,256,0,38.6368,3802318259966007189
fusion8_bf,256,0,43.0374,3802318259966007189
btree8_bl_a64,256,0,22.6654,3802318259966007189
sorted_array,256,0,23.4177,3802318259966007189
btree8_bl,256,1,25.1266,3802318259966007189
fusion8,256,1,40.8752,3802318259966007189
btree16_bl_a64,256,1,15.3183,3802318259966007189
fusion16_w,256,1,38.2553,3802318259966007189
btree8_bl_a64,256,1,22.6654,3802318259966007189
btree8_a64,256,1,21.6003,3802318259966007189
fusion8_c,256,1,41.7526,3802318259966007189
sorted_array,256,1,23.3231,3802318259966007189
btree8,256,1,25.3464,3802318259966007189
fusion8_bf,256,1,43.0511,3802318259966007189
btree8_bl,256,2,25.1480,3802318259966007189
sorted_array,256,2,23.2285,3802318259966007189
btree16_bl_a64,256,2,15.2573,3802318259966007189
fusion8_c,256,2,41.9922,3802318259966007189
btree8_a64,256,2,21.9025,3802318259966007189
btree8,256,2,22.3785,3802318259966007189
fusion16_w,256,2,38.1439,3802318259966007189
fusion8,256,2,40.9454,3802318259966007189
fusion8_bf,256,2,42.9703,3802318259966007189
btree8_bl_a64,256,2,22.6532,3802318259966007189
fusion8_c,256,3,41.7038,3802318259966007189
fusion8_bf,256,3,43.0252,3802318259966007189
btree16_bl_a64,256,3,15.3015,3802318259966007189
btree8_bl_a64,256,3,22.6913,3802318259966007189
fusion8,256,3,40.9103,3802318259966007189
btree8,256,3,24.7513,3802318259966007189
sorted_array,256,3,24.0265,3802318259966007189
fusion16_w,256,3,38.5452,3802318259966007189
btree8_a64,256,3,21.2952,3802318259966007189
btree8_bl,256,3,25.1434,3802318259966007189
btree8_bl,256,4,25.0275,3802318259966007189
fusion16_w,256,4,38.2538,3802318259966007189
btree8_bl_a64,256,4,22.6196,3802318259966007189
btree16_bl_a64,256,4,15.2435,3802318259966007189
btree8,256,4,22.6288,3802318259966007189
fusion8,256,4,40.8737,3802318259966007189
fusion8_c,256,4,41.8289,3802318259966007189
fusion8_bf,256,4,43.4235,3802318259966007189
sorted_array,256,4,23.2147,3802318259966007189
btree8_a64,256,4,23.7137,3802318259966007189
fusion8_bf,256,5,43.0298,3802318259966007189
btree8,256,5,23.1247,3802318259966007189
btree8_a64,256,5,22.9599,3802318259966007189
btree8_bl,256,5,25.1358,3802318259966007189
btree16_bl_a64,256,5,15.2252,3802318259966007189
fusion8,256,5,41.2796,3802318259966007189
fusion16_w,256,5,38.5025,3802318259966007189
sorted_array,256,5,25.9415,3802318259966007189
btree8_bl_a64,256,5,22.7036,3802318259966007189
fusion8_c,256,5,41.8137,3802318259966007189
fusion8,256,6,40.8676,3802318259966007189
btree8_a64,256,6,21.8918,3802318259966007189
sorted_array,256,6,25.9094,3802318259966007189
btree8_bl,256,6,25.1587,3802318259966007189
btree16_bl_a64,256,6,15.2542,3802318259966007189
fusion8_bf,256,6,43.1732,3802318259966007189
fusion16_w,256,6,38.6200,3802318259966007189
btree8_bl_a64,256,6,22.7692,3802318259966007189
fusion8_c,256,6,41.9373,3802318259966007189
btree8,256,6,22.3434,3802318259966007189
fusion8_c,256,7,41.6916,3802318259966007189
fusion8_bf,256,7,43.0267,3802318259966007189
sorted_array,256,7,23.1537,3802318259966007189
btree8_bl,256,7,25.0839,3802318259966007189
btree8,256,7,26.2222,3802318259966007189
fusion16_w,256,7,38.3774,3802318259966007189
btree8_a64,256,7,21.4752,3802318259966007189
fusion8,256,7,41.2689,3802318259966007189
btree8_bl_a64,256,7,22.6303,3802318259966007189
btree16_bl_a64,256,7,15.2573,3802318259966007189
fusion8_c,256,8,41.8900,3802318259966007189
btree8_bl,256,8,25.0885,3802318259966007189
btree16_bl_a64,256,8,15.2725,3802318259966007189
fusion16_w,256,8,38.3423,3802318259966007189
btree8_bl_a64,256,8,22.6685,3802318259966007189
btree8,256,8,23.8846,3802318259966007189
btree8_a64,256,8,21.3882,3802318259966007189
fusion8_bf,256,8,43.1824,3802318259966007189
fusion8,256,8,41.3574,3802318259966007189
sorted_array,256,8,25.6683,3802318259966007189
fusion8_bf,256,9,43.0252,3802318259966007189
sorted_array,256,9,23.1567,3802318259966007189
btree8,256,9,24.9649,3802318259966007189
btree8_a64,256,9,21.8796,3802318259966007189
fusion16_w,256,9,38.2446,3802318259966007189
btree8_bl,256,9,25.0397,3802318259966007189
btree8_bl_a64,256,9,22.7142,3802318259966007189
btree16_bl_a64,256,9,15.2603,3802318259966007189
fusion8_c,256,9,41.8518,3802318259966007189
fusion8,256,9,41.8304,3802318259966007189
fusion8,256,10,40.8295,3802318259966007189
btree16_bl_a64,256,10,15.2374,3802318259966007189
btree8_bl_a64,256,10,22.6303,3802318259966007189
sorted_array,256,10,26.3596,3802318259966007189
fusion16_w,256,10,38.3606,3802318259966007189
btree8_bl,256,10,25.0824,3802318259966007189
fusion8_c,256,10,41.9556,3802318259966007189
btree8_a64,256,10,21.2112,3802318259966007189
btree8,256,10,24.2950,3802318259966007189
fusion8_bf,256,10,43.3228,3802318259966007189
fusion8,256,11,41.1270,3802318259966007189
btree8_a64,256,11,21.1533,3802318259966007189
fusion8_bf,256,11,43.1427,3802318259966007189
btree8,256,11,22.6288,3802318259966007189
btree8_bl_a64,256,11,22.8851,3802318259966007189
btree8_bl,256,11,25.0824,3802318259966007189
sorted_array,256,11,23.4207,3802318259966007189
fusion8_c,256,11,41.8350,3802318259966007189
btree16_bl_a64,256,11,15.3122,3802318259966007189
fusion16_w,256,11,38.5498,3802318259966007189
btree8_bl,256,12,25.0427,3802318259966007189
fusion16_w,256,12,38.4308,3802318259966007189
fusion8_bf,256,12,43.0969,3802318259966007189
fusion8,256,12,41.1209,3802318259966007189
sorted_array,256,12,23.2468,3802318259966007189
btree8_a64,256,12,24.2722,3802318259966007189
btree8_bl_a64,256,12,22.6822,3802318259966007189
fusion8_c,256,12,41.7725,3802318259966007189
btree16_bl_a64,256,12,15.4419,3802318259966007189
btree8,256,12,22.2534,3802318259966007189
fusion8,256,13,42.1021,3802318259966007189
fusion16_w,256,13,38.2416,3802318259966007189
btree8_a64,256,13,21.4279,3802318259966007189
fusion8_c,256,13,41.8457,3802318259966007189
btree8,256,13,22.3282,3802318259966007189
btree8_bl,256,13,25.0137,3802318259966007189
fusion8_bf,256,13,43.2602,3802318259966007189
btree16_bl_a64,256,13,15.2481,3802318259966007189
btree8_bl_a64,256,13,22.8531,3802318259966007189
sorted_array,256,13,23.1171,3802318259966007189
btree8_bl_a64,256,14,48.2529,3802318259966007189
fusion16_w,256,14,38.3316,3802318259966007189
btree8,256,14,25.0305,3802318259966007189
btree8_a64,256,14,23.1781,3802318259966007189
sorted_array,256,14,24.5361,3802318259966007189
btree8_bl,256,14,25.0900,3802318259966007189
btree16_bl_a64,256,14,15.2161,3802318259966007189
fusion8_bf,256,14,43.2190,3802318259966007189
fusion8,256,14,41.2704,3802318259966007189
fusion8_c,256,14,42.1082,3802318259966007189
fusion8_c,512,0,43.3990,18445980686323395203
btree8,512,0,25.3174,18445980686323395203
btree8_a64,512,0,26.3138,18445980686323395203
btree8_bl,512,0,24.0585,18445980686323395203
btree8_bl_a64,512,0,21.6660,18445980686323395203
fusion8,512,0,41.9113,18445980686323395203
sorted_array,512,0,30.6778,18445980686323395203
btree16_bl_a64,512,0,21.6949,18445980686323395203
fusion8_bf,512,0,45.1340,18445980686323395203
fusion16_w,512,0,50.0610,18445980686323395203
btree8_a64,512,1,25.5173,18445980686323395203
btree8,512,1,27.2049,18445980686323395203
fusion16_w,512,1,50.0366,18445980686323395203
fusion8,512,1,42.2516,18445980686323395203
btree8_bl,512,1,24.0845,18445980686323395203
btree16_bl_a64,512,1,21.6965,18445980686323395203
btree8_bl_a64,512,1,21.6766,18445980686323395203
fusion8_bf,512,1,44.9936,18445980686323395203
fusion8_c,512,1,43.5150,18445980686323395203
sorted_array,512,1,28.4027,18445980686323395203
fusion16_w,512,2,52.0111,18445980686323395203
btree8_bl_a64,512,2,21.5759,18445980686323395203
btree16_bl_a64,512,2,21.7651,18445980686323395203
fusion8_c,512,2,43.4464,18445980686323395203
fusion8_bf,512,2,44.9158,18445980686323395203
btree8_bl,512,2,24.1241,18445980686323395203
fusion8,512,2,41.9540,18445980686323395203
sorted_array,512,2,29.8630,18445980686323395203
btree8,512,2,25.3540,18445980686323395203
btree8_a64,512,2,26.4282,18445980686323395203
btree8_bl_a64,512,3,21.7026,18445980686323395203
btree8_a64,512,3,24.3530,18445980686323395203
sorted_array,512,3,28.8742,18445980686323395203
fusion8_c,512,3,43.6111,18445980686323395203
btree8,512,3,25.6424,18445980686323395203
fusion8,512,3,41.8228,18445980686323395203
fusion8_bf,512,3,45.0027,18445980686323395203
btree8_bl,512,3,24.4003,18445980686323395203
fusion16_w,512,3,49.8611,18445980686323395203
btree16_bl_a64,512,3,21.5912,18445980686323395203
fusion8_c,512,4,43.9255,18445980686323395203
btree8_bl,512,4,24.1806,18445980686323395203
btree16_bl_a64,512,4,21.5424,18445980686323395203
btree8,512,4,26.8967,18445980686323395203
btree8_bl_a64,512,4,21.6522,18445980686323395203
sorted_array,512,4,28.4897,18445980686323395203
btree8_a64,512,4,25.8026,18445980686323395203
fusion8_bf,512,4,45.1950,18445980686323395203
fusion16_w,512,4,50.1663,18445980686323395203
fusion8,512,4,42.2668,18445980686323395203
btree8_bl_a64,512,5,21.8704,18445980686323395203
btree8_bl,512,5,24.0204,18445980686323395203
fusion8_c,512,5,43.4219,18445980686323395203
btree16_bl_a64,512,5,21.6110,18445980686323395203
btree8,512,5,25.3891,18445980686323395203
btree8_a64,512,5,26.6449,18445980686323395203
fusion16_w,512,5,49.9588,18445980686323395203
sorted_array,512,5,29.2023,18445980686323395203
fusion8_bf,512,5,44.9890,18445980686323395203
fusion8,512,5,42.1738,18445980686323395203
fusion8,512,6,41.6840,18445980686323395203
btree8,512,6,26.9699,18445980686323395203
sorted_array,512,6,28.6652,18445980686323395203
btree16_bl_a64,512,6,21.7010,18445980686323395203
fusion16_w,512,6,50.1083,18445980686323395203
fusion8_c,512,6,43.6523,18445980686323395203
btree8_bl_a64,512,6,21.6629,18445980686323395203
btree8_a64,512,6,24.4354,18445980686323395203
btree8_bl,512,6,24.1211,18445980686323395203
fusion8_bf,512,6,44.8853,18445980686323395203
btree8,512,7,26.0635,18445980686323395203
btree8_a64,512,7,25.5981,18445980686323395203
fusion8_c,512,7,43.4509,18445980686323395203
fusion8_bf,512,7,44.8883,18445980686323395203
fusion8,512,7,41.9922,18445980686323395203
btree8_bl_a64,512,7,21.8491,18445980686323395203
fusion16_w,512,7,50.9033,18445980686323395203
btree16_bl_a64,512,7,21.6949,18445980686323395203
sorted_array,512,7,28.5583,18445980686323395203
btree8_bl,512,7,24.0250,18445980686323395203
sorted_array,512,8,28.1845,18445980686323395203
btree8_bl,512,8,24.0036,18445980686323395203
btree8_bl_a64,512,8,21.5988,18445980686323395203
btree16_bl_a64,512,8,124.6323,18445980686323395203
fusion8_bf,512,8,45.9473,18445980686323395203
fusion8,512,8,42.4194,18445980686323395203
fusion16_w,512,8,50.3662,18445980686323395203
fusion8_c,512,8,47.0062,18445980686323395203
btree8_a64,512,8,46.8155,18445980686323395203
btree8,512,8,28.4973,18445980686323395203
btree8_bl_a64,512,9,21.6904,18445980686323395203
btree8,512,9,25.7919,18445980686323395203
fusion16_w,512,9,55.2963,18445980686323395203
fusion8_c,512,9,43.5852,18445980686323395203
sorted_array,512,9,28.5965,18445980686323395203
btree8_a64,512,9,24.8825,18445980686323395203
btree16_bl_a64,512,9,21.8155,18445980686323395203
fusion8,512,9,43.1702,18445980686323395203
btree8_bl,512,9,24.2310,18445980686323395203
fusion8_bf,512,9,45.9000,18445980686323395203
btree8_bl,512,10,24.1119,18445980686323395203
btree8,512,10,28.7323,18445980686323395203
fusion8_c,512,10,44.2688,18445980686323395203
btree8_bl_a64,512,10,21.9803,18445980686323395203
btree8_a64,512,10,26.4389,18445980686323395203
sorted_array,512,10,30.4214,18445980686323395203
fusion16_w,512,10,63.5986,18445980686323395203
fusion8,512,10,69.8120,18445980686323395203
btree16_bl_a64,512,10,24.6170,18445980686323395203
fusion8_bf,512,10,49.0158,18445980686323395203
btree8_bl_a64,512,11,22.9782,18445980686323395203
fusion8_bf,512,11,45.5688,18445980686323395203
fusion8_c,512,11,43.7439,18445980686323395203
btree8_a64,512,11,25.5814,18445980686323395203
btree8_bl,512,11,29.4586,18445980686323395203
btree16_bl_a64,512,11,22.8043,18445980686323395203
fusion8,512,11,44.1315,18445980686323395203
fusion16_w,512,11,55.5649,18445980686323395203
sorted_array,512,11,32.2433,18445980686323395203
btree8,512,11,25.5081,18445980686323395203
btree8_bl_a64,512,12,21.8033,18445980686323395203
fusion8_bf,512,12,47.9034,18445980686323395203
fusion8_c,512,12,43.6005,18445980686323395203
btree8,512,12,26.1246,18445980686323395203
fusion8,512,12,41.9128,18445980686323395203
btree8_bl,512,12,24.0417,18445980686323395203
btree16_bl_a64,512,12,22.1863,18445980686323395203
btree8_a64,512,12,26.8768,18445980686323395203
sorted_array,512,12,29.5624,18445980686323395203
fusion16_w,512,12,52.4170,18445980686323395203
btree8,512,13,26.7731,18445980686323395203
fusion16_w,512,13,50.1724,18445980686323395203
btree8_a64,512,13,24.6262,18445980686323395203
sorted_array,512,13,29.0817,18445980686323395203
fusion8_bf,512,13,45.0623,18445980686323395203
fusion8,512,13,42.8238,18445980686323395203
btree8_bl,512,13,24.1043,18445980686323395203
btree16_bl_a64,512,13,21.9360,18445980686323395203
btree8_bl_a64,512,13,21.9650,18445980686323395203
fusion8_c,512,13,43.8049,18445980686323395203
btree8_bl_a64,512,14,21.6064,18445980686323395203
fusion8_bf,512,14,45.2850,18445980686323395203
btree8_a64,512,14,25.1358,18445980686323395203
btree8_bl,512,14,24.3118,18445980686323395203
btree16_bl_a64,512,14,22.0993,18445980686323395203
fusion16_w,512,14,49.9664,18445980686323395203
btree8,512,14,36.0123,18445980686323395203
fusion8_c,512,14,43.7607,18445980686323395203
sorted_array,512,14,29.1061,18445980686323395203
fusion8,512,14,43.2877,18445980686323395203
btree8,1024,0,29.5944,13330139387826418850
fusion16_w,1024,0,56.8817,13330139387826418850
btree8_a64,1024,0,29.0573,13330139387826418850
btree8_bl,1024,0,30.4626,13330139387826418850
fusion8_bf,1024,0,55.3253,13330139387826418850
fusion8,1024,0,50.1923,13330139387826418850
btree8_bl_a64,1024,0,27.6306,13330139387826418850
fusion8_c,1024,0,53.9124,13330139387826418850
sorted_array,1024,0,33.4076,13330139387826418850
btree16_bl_a64,1024,0,23.7091,13330139387826418850
btree8,1024,1,28.9963,13330139387826418850
fusion8,1024,1,50.1892,13330139387826418850
fusion8_bf,1024,1,54.2267,13330139387826418850
fusion8_c,1024,1,51.8951,13330139387826418850
fusion16_w,1024,1,56.0455,13330139387826418850
btree8_bl,1024,1,30.2567,13330139387826418850
sorted_array,1024,1,33.6395,13330139387826418850
btree16_bl_a64,1024,1,23.5199,13330139387826418850
btree8_bl_a64,1024,1,27.6443,13330139387826418850
btree8_a64,1024,1,28.0014,13330139387826418850
btree8,1024,2,32.0862,13330139387826418850
fusion8_bf,1024,2,54.1382,13330139387826418850
btree8_a64,1024,2,29.0604,13330139387826418850
btree8_bl,1024,2,30.2612,13330139387826418850
btree16_bl_a64,1024,2,23.4009,13330139387826418850
fusion8_c,1024,2,52.0294,13330139387826418850
fusion16_w,1024,2,56.1340,13330139387826418850
fusion8,1024,2,49.8657,13330139387826418850
sorted_array,1024,2,33.8852,13330139387826418850
btree8_bl_a64,1024,2,27.7344,13330139387826418850
sorted_array,1024,3,33.3481,13330139387826418850
fusion8_c,1024,3,51.9348,13330139387826418850
fusion16_w,1024,3,56.2241,13330139387826418850
btree16_bl_a64,1024,3,23.3658,13330139387826418850
fusion8,1024,3,49.7513,13330139387826418850
btree8_bl_a64,1024,3,27.5650,13330139387826418850
btree8_a64,1024,3,30.6412,13330139387826418850
fusion8_bf,1024,3,55.6625,13330139387826418850
btree8_bl,1024,3,30.2872,13330139387826418850
btree8,1024,3,32.2037,13330139387826418850
btree8_a64,1024,4,28.9047,13330139387826418850
btree8,1024,4,29.9973,13330139387826418850
fusion8_c,1024,4,52.2720,13330139387826418850
btree8_bl,1024,4,32.1671,13330139387826418850
sorted_array,1024,4,33.7784,13330139387826418850
fusion8_bf,1024,4,56.2988,13330139387826418850
btree8_bl_a64,1024,4,27.8122,13330139387826418850
btree16_bl_a64,1024,4,23.3643,13330139387826418850
fusion16_w,1024,4,56.3370,13330139387826418850
fusion8,1024,4,49.9710,13330139387826418850
fusion8,1024,5,49.7665,13330139387826418850
btree16_bl_a64,1024,5,23.3490,13330139387826418850
fusion16_w,1024,5,56.3385,13330139387826418850
btree8_bl,1024,5,30.3574,13330139387826418850
btree8_a64,1024,5,27.6917,13330139387826418850
fusion8_c,1024,5,52.0844,13330139387826418850
btree8,1024,5,29.3228,13330139387826418850
fusion8_bf,1024,5,54.1016,13330139387826418850
btree8_bl_a64,1024,5,27.6138,13330139387826418850
sorted_array,1024,5,33.5312,13330139387826418850
fusion16_w,1024,6,57.2296,13330139387826418850
btree8_bl,1024,6,30.3970,13330139387826418850
fusion8,1024,6,49.7986,13330139387826418850
btree8_a64,1024,6,30.7663,13330139387826418850
btree8,1024,6,29.7180,13330139387826418850
fusion8_c,1024,6,51.9608,13330139387826418850
sorted_array,1024,6,33.7265,13330139387826418850
btree8_bl_a64,1024,6,27.8259,13330139387826418850
btree16_bl_a64,1024,6,23.6145,13330139387826418850
fusion8_bf,1024,6,54.4312,13330139387826418850
sorted_array,1024,7,33.7280,13330139387826418850
fusion8_c,1024,7,52.0676,13330139387826418850
fusion8,1024,7,49.8367,13330139387826418850
btree16_bl_a64,1024,7,23.4116,13330139387826418850
fusion16_w,1024,7,56.6269,13330139387826418850
btree8,1024,7,31.3797,13330139387826418850
btree8_bl_a64,1024,7,27.5772,13330139387826418850
btree8_bl,1024,7,30.3574,13330139387826418850
btree8_a64,1024,7,30.0156,13330139387826418850
fusion8_bf,1024,7,54.3106,13330139387826418850
fusion8,1024,8,50.0427,13330139387826418850
btree8_bl,1024,8,30.6351,13330139387826418850
btree8_bl_a64,1024,8,27.6459,13330139387826418850
fusion8_c,1024,8,53.1815,13330139387826418850
fusion8_bf,1024,8,54.0115,13330139387826418850
btree16_bl_a64,1024,8,23.3734,13330139387826418850
sorted_array,1024,8,33.3557,13330139387826418850
btree8_a64,1024,8,29.9164,13330139387826418850
fusion16_w,1024,8,56.4667,13330139387826418850
btree8,1024,8,31.5903,13330139387826418850
fusion16_w,1024,9,56.2103,13330139387826418850
fusion8,1024,9,50.4242,13330139387826418850
btree8_a64,1024,9,29.8416,13330139387826418850
fusion8_bf,1024,9,54.0421,13330139387826418850
btree16_bl_a64,1024,9,23.4573,13330139387826418850
btree8_bl_a64,1024,9,27.7573,13330139387826418850
btree8_bl,1024,9,30.3314,13330139387826418850
fusion8_c,1024,9,52.3666,13330139387826418850
btree8,1024,9,31.2225,13330139387826418850
sorted_array,1024,9,33.5785,13330139387826418850
fusion8,1024,10,50.0046,13330139387826418850
btree16_bl_a64,1024,10,23.5016,13330139387826418850
fusion8_c,1024,10,52.8931,13330139387826418850
fusion8_bf,1024,10,54.1275,13330139387826418850
fusion16_w,1024,10,56.3339,13330139387826418850
btree8,1024,10,31.1539,13330139387826418850
sorted_array,1024,10,33.6945,13330139387826418850
btree8_bl,1024,10,30.3314,13330139387826418850
btree8_a64,1024,10,28.2669,13330139387826418850
btree8_bl_a64,1024,10,27.8503,13330139387826418850
btree8_bl_a64,1024,11,27.5909,13330139387826418850
sorted_array,1024,11,33.4976,13330139387826418850
btree8,1024,11,31.1996,13330139387826418850
fusion8,1024,11,50.0427,13330139387826418850
fusion8_bf,1024,11,55.4077,13330139387826418850
btree16_bl_a64,1024,11,23.4894,13330139387826418850
fusion16_w,1024,11,56.5460,13330139387826418850
btree8_a64,1024,11,29.6326,13330139387826418850
fusion8_c,1024,11,51.8570,13330139387826418850
btree8_bl,1024,11,30.2597,13330139387826418850
fusion16_w,1024,12,56.1646,13330139387826418850
fusion8,1024,12,49.8795,13330139387826418850
btree16_bl_a64,1024,12,24.4553,13330139387826418850
fusion8_bf,1024,12,55.1575,13330139387826418850
btree8_a64,1024,12,27.9892,13330139387826418850
sorted_array,1024,12,33.8821,13330139387826418850
btree8_bl_a64,1024,12,27.9282,13330139387826418850
btree8_bl,1024,12,30.4901,13330139387826418850
btree8,1024,12,31.9183,13330139387826418850
fusion8_c,1024,12,52.4002,13330139387826418850
btree8_bl,1024,13,30.3101,13330139387826418850
btree8,1024,13,30.9097,13330139387826418850
fusion16_w,1024,13,56.1707,13330139387826418850
sorted_array,1024,13,33.9417,13330139387826418850
btree8_bl_a64,1024,13,27.6550,13330139387826418850
fusion8_bf,1024,13,54.1504,13330139387826418850
btree16_bl_a64,1024,13,23.4161,13330139387826418850
fusion8_c,1024,13,51.9852,13330139387826418850
btree8_a64,1024,13,28.5645,13330139387826418850
fusion8,1024,13,50.2350,13330139387826418850
btree16_bl_a64,1024,14,23.3597,13330139387826418850
fusion8,1024,14,49.5605,13330139387826418850
sorted_array,1024,14,34.6649,13330139387826418850
fusion8_c,1024,14,52.0630,13330139387826418850
btree8,1024,14,30.5389,13330139387826418850
btree8_bl_a64,1024,14,28.0579,13330139387826418850
btree8_bl,1024,14,30.3207,13330139387826418850
fusion16_w,1024,14,56.3477,13330139387826418850
btree8_a64,1024,14,30.1743,13330139387826418850
fusion8_bf,1024,14,54.3900,13330139387826418850
fusion8,2048,0,57.8613,8649855807846794996
fusion16_w,2048,0,59.5154,8649855807846794996
btree8_bl_a64,2048,0,30.2673,8649855807846794996
btree8_bl,2048,0,32.6157,8649855807846794996
fusion8_c,2048,0,57.4936,8649855807846794996
btree16_bl_a64,2048,0,22.9523,8649855807846794996
sorted_array,2048,0,38.1424,8649855807846794996
btree8_a64,2048,0,32.8064,8649855807846794996
btree8,2048,0,37.3962,8649855807846794996
fusion8_bf,2048,0,60.1929,8649855807846794996
fusion8,2048,1,57.7682,8649855807846794996
btree16_bl_a64,2048,1,22.9446,8649855807846794996
sorted_array,2048,1,38.1714,8649855807846794996
btree8_a64,2048,1,32.9315,8649855807846794996
btree8,2048,1,35.9283,8649855807846794996
fusion16_w,2048,1,59.2453,8649855807846794996
fusion8_bf,2048,1,60.2280,8649855807846794996
fusion8_c,2048,1,57.3273,8649855807846794996
btree8_bl,2048,1,32.3868,8649855807846794996
btree8_bl_a64,2048,1,29.7577,8649855807846794996
fusion16_w,2048,2,61.0153,8649855807846794996
btree16_bl_a64,2048,2,23.0240,8649855807846794996
btree8,2048,2,34.1812,8649855807846794996
fusion8_c,2048,2,57.5562,8649855807846794996
sorted_array,2048,2,38.4567,8649855807846794996
btree8_a64,2048,2,32.2189,8649855807846794996
fusion8,2048,2,57.7728,8649855807846794996
fusion8_bf,2048,2,60.0586,8649855807846794996
btree8_bl,2048,2,32.5439,8649855807846794996
btree8_bl_a64,2048,2,29.9011,8649855807846794996
btree8_bl,2048,3,32.4585,8649855807846794996
fusion8_c,2048,3,57.3456,8649855807846794996
sorted_array,2048,3,38.0615,8649855807846794996
btree8_a64,2048,3,33.0978,8649855807846794996
fusion8_bf,2048,3,60.0296,8649855807846794996
btree16_bl_a64,2048,3,23.4116,8649855807846794996
btree8_bl_a64,2048,3,30.0232,8649855807846794996
btree8,2048,3,34.1385,8649855807846794996
fusion16_w,2048,3,59.0851,8649855807846794996
fusion8,2048,3,57.8369,8649855807846794996
btree16_bl_a64,2048,4,22.9996,8649855807846794996
sorted_array,2048,4,38.8458,8649855807846794996
fusion16_w,2048,4,59.4864,8649855807846794996
btree8_bl,2048,4,32.6797,8649855807846794996
btree8_bl_a64,2048,4,29.7501,8649855807846794996
fusion8,2048,4,58.0261,8649855807846794996
btree8_a64,2048,4,33.0551,8649855807846794996
fusion8_bf,2048,4,59.8862,8649855807846794996
btree8,2048,4,34.4147,8649855807846794996
fusion8_c,2048,4,57.6859,8649855807846794996
fusion8,2048,5,57.7713,8649855807846794996
btree8_bl,2048,5,32.5912,8649855807846794996
btree8,2048,5,33.3496,8649855807846794996
fusion8_c,2048,5,57.5989,8649855807846794996
sorted_array,2048,5,38.2645,8649855807846794996
btree8_a64,2048,5,32.5195,8649855807846794996
btree16_bl_a64,2048,5,22.9492,8649855807846794996
btree8_bl_a64,2048,5,30.1788,8649855807846794996
fusion8_bf,2048,5,59.9640,8649855807846794996
fusion16_w,2048,5,59.2300,8649855807846794996
btree8,2048,6,33.7708,8649855807846794996
sorted_array,2048,6,38.3026,8649855807846794996
fusion8,2048,6,57.7621,8649855807846794996
btree8_bl_a64,2048,6,29.9759,8649855807846794996
fusion8_c,2048,6,57.2769,8649855807846794996
fusion8_bf,2048,6,60.0067,8649855807846794996
fusion16_w,2048,6,59.2773,8649855807846794996
btree16_bl_a64,2048,6,23.0301,8649855807846794996
btree8_a64,2048,6,34.4696,8649855807846794996
btree8_bl,2048,6,32.8369,8649855807846794996
fusion8_bf,2048,7,59.8160,8649855807846794996
btree8,2048,7,33.9752,8649855807846794996
btree8_bl,2048,7,32.4341,8649855807846794996
btree16_bl_a64,2048,7,22.9019,8649855807846794996
btree8_bl_a64,2048,7,29.7867,8649855807846794996
fusion8_c,2048,7,57.4051,8649855807846794996
btree8_a64,2048,7,32.9758,8649855807846794996
sorted_array,2048,7,39.0152,8649855807846794996
fusion16_w,2048,7,59.5276,8649855807846794996
fusion8,2048,7,57.7454,8649855807846794996
fusion16_w,2048,8,59.2117,8649855807846794996
btree8,2048,8,35.7635,8649855807846794996
btree8_bl_a64,2048,8,29.8767,8649855807846794996
fusion8_c,2048,8,57.2128,8649855807846794996
btree8_bl,2048,8,32.5256,8649855807846794996
btree8_a64,2048,8,33.3984,8649855807846794996
fusion8_bf,2048,8,59.9274,8649855807846794996
btree16_bl_a64,2048,8,22.9630,8649855807846794996
sorted_array,2048,8,38.3179,8649855807846794996
fusion8,2048,8,57.5409,8649855807846794996
btree8_a64,2048,9,34.2224,8649855807846794996
fusion8,2048,9,57.2311,8649855807846794996
btree8,2048,9,34.4681,8649855807846794996
fusion16_w,2048,9,59.1766,8649855807846794996
btree16_bl_a64,2048,9,22.9950,8649855807846794996
btree8_bl,2048,9,32.5195,8649855807846794996
btree8_bl_a64,2048,9,29.7226,8649855807846794996
fusion8_bf,2048,9,59.6542,8649855807846794996
sorted_array,2048,9,38.1027,8649855807846794996
fusion8_c,2048,9,58.7173,8649855807846794996
btree16_bl_a64,2048,10,23.0194,8649855807846794996
sorted_array,2048,10,38.0600,8649855807846794996
btree8_bl,2048,10,32.7271,8649855807846794996
fusion8_c,2048,10,57.4524,8649855807846794996
fusion8,2048,10,58.0795,8649855807846794996
btree8,2048,10,35.1776,8649855807846794996
fusion16_w,2048,10,59.9075,8649855807846794996
btree8_bl_a64,2048,10,29.7653,8649855807846794996
fusion8_bf,2048,10,60.1685,8649855807846794996
btree8_a64,2048,10,33.6349,8649855807846794996
btree8,2048,11,35.1822,8649855807846794996
btree8_bl_a64,2048,11,29.7897,8649855807846794996
btree8_a64,2048,11,32.5470,8649855807846794996
fusion8_bf,2048,11,59.5520,8649855807846794996
btree8_bl,2048,11,32.4966,8649855807846794996
fusion8_c,2048,11,57.4905,8649855807846794996
fusion16_w,2048,11,59.3826,8649855807846794996
btree16_bl_a64,2048,11,22.9385,8649855807846794996
fusion8,2048,11,57.7698,8649855807846794996
sorted_array,2048,11,38.1897,8649855807846794996
sorted_array,2048,12,37.9166,8649855807846794996
btree16_bl_a64,2048,12,23.1079,8649855807846794996
btree8_bl_a64,2048,12,30.1163,8649855807846794996
fusion8_c,2048,12,57.3273,8649855807846794996
btree8_bl,2048,12,32.4295,8649855807846794996
btree8,2048,12,34.3094,8649855807846794996
fusion8_bf,2048,12,59.7916,8649855807846794996
fusion16_w,2048,12,59.3002,8649855807846794996
btree8_a64,2048,12,34.8450,8649855807846794996
fusion8,2048,12,57.6462,8649855807846794996
fusion16_w,2048,13,59.2865,8649855807846794996
btree8_bl,2048,13,32.5348,8649855807846794996
fusion8,2048,13,57.9453,8649855807846794996
btree16_bl_a64,2048,13,23.0011,8649855807846794996
fusion8_c,2048,13,57.6096,8649855807846794996
btree8_a64,2048,13,33.3603,8649855807846794996
btree8,2048,13,35.2509,8649855807846794996
sorted_array,2048,13,38.5086,8649855807846794996
btree8_bl_a64,2048,13,29.8264,8649855807846794996
fusion8_bf,2048,13,60.3729,8649855807846794996
btree8_bl,2048,14,32.4982,8649855807846794996
btree16_bl_a64,2048,14,23.0408,8649855807846794996
btree8,2048,14,34.6222,8649855807846794996
fusion8_bf,2048,14,59.8587,8649855807846794996
fusion8,2048,14,57.6797,8649855807846794996
btree8_a64,2048,14,34.2880,8649855807846794996
btree8_bl_a64,2048,14,29.8035,8649855807846794996
sorted_array,2048,14,38.2614,8649855807846794996
fusion16_w,2048,14,59.7565,8649855807846794996
fusion8_c,2048,14,57.3029,8649855807846794996
sorted_array,4096,0,42.3767,201817674810245547
btree8,4096,0,37.9303,201817674810245547
fusion8_c,4096,0,60.3439,201817674810245547
fusion8_bf,4096,0,63.1012,201817674810245547
btree8_bl,4096,0,32.2418,201817674810245547
fusion16_w,4096,0,59.5612,201817674810245547
fusion8,4096,0,59.9670,201817674810245547
btree8_bl_a64,4096,0,29.4510,201817674810245547
btree16_bl_a64,4096,0,22.9767,201817674810245547
btree8_a64,4096,0,36.3586,201817674810245547
fusion16_w,4096,1,59.6298,201817674810245547
btree16_bl_a64,4096,1,22.6852,201817674810245547
btree8_bl,4096,1,32.1976,201817674810245547
btree8_bl_a64,4096,1,29.3182,201817674810245547
btree8_a64,4096,1,35.8978,201817674810245547
fusion8_bf,4096,1,63.1180,201817674810245547
sorted_array,4096,1,42.4271,201817674810245547
fusion8_c,4096,1,60.5789,201817674810245547
fusion8,4096,1,59.8068,201817674810245547
btree8,4096,1,38.4949,201817674810245547
btree8_bl,4096,2,32.2296,201817674810245547
fusion8_bf,4096,2,63.1775,201817674810245547
btree8_bl_a64,4096,2,29.4785,201817674810245547
fusion16_w,4096,2,59.9030,201817674810245547
btree8_a64,4096,2,37.9898,201817674810245547
btree8,4096,2,37.2131,201817674810245547
btree16_bl_a64,4096,2,22.7341,201817674810245547
fusion8_c,4096,2,59.8907,201817674810245547
fusion8,4096,2,60.0266,201817674810245547
sorted_array,4096,2,42.5491,201817674810245547
fusion8_c,4096,3,60.8292,201817674810245547
fusion8_bf,4096,3,62.7396,201817674810245547
btree8,4096,3,37.7045,201817674810245547
fusion8,4096,3,59.7855,201817674810245547
btree16_bl_a64,4096,3,22.7707,201817674810245547
btree8_bl,4096,3,32.2418,201817674810245547
sorted_array,4096,3,42.4103,201817674810245547
fusion16_w,4096,3,59.8145,201817674810245547
btree8_a64,4096,3,35.9329,201817674810245547
btree8_bl_a64,4096,3,29.3716,201817674810245547
btree8_bl,4096,4,32.1777,201817674810245547
fusion8_c,4096,4,59.9167,201817674810245547
fusion8,4096,4,59.7717,201817674810245547
btree8_bl_a64,4096,4,29.6600,201817674810245547
btree8,4096,4,38.0783,201817674810245547
sorted_array,4096,4,42.5354,201817674810245547
fusion16_w,4096,4,59.5810,201817674810245547
btree16_bl_a64,4096,4,22.6913,201817674810245547
fusion8_bf,4096,4,63.2233,201817674810245547
btree8_a64,4096,4,36.3052,201817674810245547
btree8_bl_a64,4096,5,29.3900,201817674810245547
btree16_bl_a64,4096,5,22.9218,201817674810245547
fusion8_c,4096,5,59.9838,201817674810245547
btree8,4096,5,37.8601,201817674810245547
fusion16_w,4096,5,59.5718,201817674810245547
btree8_bl,4096,5,32.2403,201817674810245547
sorted_array,4096,5,42.6819,201817674810245547
btree8_a64,4096,5,35.6232,201817674810245547
fusion8,4096,5,60.0693,201817674810245547
fusion8_bf,4096,5,63.0371,201817674810245547
fusion8_bf,4096,6,62.7579,201817674810245547
btree8_bl,4096,6,32.2098,201817674810245547
sorted_array,4096,6,42.3035,201817674810245547
btree8,4096,6,38.7634,201817674810245547
fusion16_w,4096,6,59.7900,201817674810245547
btree16_bl_a64,4096,6,22.7036,201817674810245547
btree8_a64,4096,6,36.7783,201817674810245547
fusion8,4096,6,59.7977,201817674810245547
fusion8_c,4096,6,60.3577,201817674810245547
btree8_bl_a64,4096,6,29.5746,201817674810245547
btree8,4096,7,37.7686,201817674810245547
sorted_array,4096,7,42.5812,201817674810245547
fusion8_c,4096,7,60.8475,201817674810245547
fusion16_w,4096,7,59.6024,201817674810245547
btree8_bl_a64,4096,7,29.3915,201817674810245547
btree8_a64,4096,7,37.7075,201817674810245547
fusion8_bf,4096,7,63.1409,201817674810245547
btree16_bl_a64,4096,7,22.7188,201817674810245547
btree8_bl,4096,7,32.2525,201817674810245547
fusion8,4096,7,59.7321,201817674810245547
btree8,4096,8,40.3915,201817674810245547
btree8_a64,4096,8,36.3586,201817674810245547
fusion8_c,4096,8,59.8907,201817674810245547
sorted_array,4096,8,42.6727,201817674810245547
btree16_bl_a64,4096,8,22.7890,201817674810245547
btree8_bl_a64,4096,8,31.1325,201817674810245547
fusion8_bf,4096,8,63.0127,201817674810245547
fusion16_w,4096,8,59.7015,201817674810245547
btree8_bl,4096,8,32.2830,201817674810245547
fusion8,4096,8,59.9655,201817674810245547
fusion16_w,4096,9,59.8938,201817674810245547
btree8_a64,4096,9,39.3875,201817674810245547
sorted_array,4096,9,42.4332,201817674810245547
btree8_bl_a64,4096,9,29.4739,201817674810245547
btree8,4096,9,37.0132,201817674810245547
fusion8_bf,4096,9,62.9852,201817674810245547
fusion8_c,4096,9,59.9533,201817674810245547
fusion8,4096,9,60.1486,201817674810245547
btree8_bl,4096,9,32.2800,201817674810245547
btree16_bl_a64,4096,9,22.7753,201817674810245547
sorted_array,4096,10,42.4133,201817674810245547
fusion16_w,4096,10,59.7107,201817674810245547
fusion8,4096,10,59.7122,201817674810245547
btree8_bl_a64,4096,10,29.3686,201817674810245547
fusion8_c,4096,10,60.3577,201817674810245547
btree8_a64,4096,10,36.1893,201817674810245547
btree8,4096,10,38.1241,201817674810245547
btree8_bl,4096,10,32.2418,201817674810245547
btree16_bl_a64,4096,10,22.7524,201817674810245547
fusion8_bf,4096,10,62.8510,201817674810245547
btree8_bl,4096,11,32.1350,201817674810245547
btree8_a64,4096,11,36.3861,201817674810245547
fusion8,4096,11,112.9822,201817674810245547
btree8_bl_a64,4096,11,29.8523,201817674810245547
fusion8_c,4096,11,60.8047,201817674810245547
fusion8_bf,4096,11,65.5701,201817674810245547
btree16_bl_a64,4096,11,23.3246,201817674810245547
btree8,4096,11,38.2339,201817674810245547
fusion16_w,4096,11,59.9731,201817674810245547
sorted_array,4096,11,42.5812,201817674810245547
btree8_bl_a64,4096,12,29.7882,201817674810245547
fusion8_c,4096,12,60.1257,201817674810245547
btree8_a64,4096,12,36.7142,201817674810245547
btree16_bl_a64,4096,12,22.9599,201817674810245547
btree8_bl,4096,12,32.7621,201817674810245547
btree8,4096,12,37.4634,201817674810245547
fusion8_bf,4096,12,62.8189,201817674810245547
fusion8,4096,12,60.4828,201817674810245547
fusion16_w,4096,12,59.8541,201817674810245547
sorted_array,4096,12,43.2022,201817674810245547
btree8_a64,4096,13,36.9080,201817674810245547
fusion8,4096,13,59.8557,201817674810245547
btree8_bl,4096,13,32.2449,201817674810245547
sorted_array,4096,13,42.9001,201817674810245547
btree8_bl_a64,4096,13,29.4815,201817674810245547
fusion16_w,4096,13,59.9823,201817674810245547
btree8,4096,13,37.2986,201817674810245547
fusion8_bf,4096,13,62.9288,201817674810245547
btree16_bl_a64,4096,13,22.6929,201817674810245547
fusion8_c,4096,13,60.0159,201817674810245547
btree8_bl_a64,4096,14,29.4922,201817674810245547
fusion8,4096,14,60.0067,201817674810245547
fusion16_w,4096,14,59.8557,201817674810245547
fusion8_c,4096,14,60.6003,201817674810245547
btree8_bl,4096,14,32.2098,201817674810245547
fusion8_bf,4096,14,62.9486,201817674810245547
btree16_bl_a64,4096,14,22.6608,201817674810245547
btree8,4096,14,37.2849,201817674810245547
btree8_a64,4096,14,36.9644,201817674810245547
sorted_array,4096,14,42.3294,201817674810245547
fusion8_bf,8192,0,71.4905,14779494332775015852
fusion8_c,8192,0,67.8772,14779494332775015852
sorted_array,8192,0,48.0072,14779494332775015852
btree8_bl,8192,0,39.2242,14779494332775015852
btree8,8192,0,42.0074,14779494332775015852
btree16_bl_a64,8192,0,37.3337,14779494332775015852
btree8_bl_a64,8192,0,35.5316,14779494332775015852
fusion8,8192,0,71.8338,14779494332775015852
btree8_a64,8192,0,43.4631,14779494332775015852
fusion16_w,8192,0,80.8868,14779494332775015852
fusion8_bf,8192,1,73.5458,14779494332775015852
btree8_a64,8192,1,40.1932,14779494332775015852
fusion8_c,8192,1,69.0140,14779494332775015852
fusion16_w,8192,1,75.8881,14779494332775015852
sorted_array,8192,1,47.8897,14779494332775015852
btree16_bl_a64,8192,1,38.8351,14779494332775015852
btree8_bl_a64,8192,1,36.3190,14779494332775015852
btree8,8192,1,41.7969,14779494332775015852
btree8_bl,8192,1,38.5208,14779494332775015852
fusion8,8192,1,69.1833,14779494332775015852
btree16_bl_a64,8192,2,35.1227,14779494332775015852
btree8_a64,8192,2,40.8630,14779494332775015852
fusion8,8192,2,68.5043,14779494332775015852
sorted_array,8192,2,48.2361,14779494332775015852
fusion8_c,8192,2,70.6085,14779494332775015852
btree8_bl_a64,8192,2,34.6664,14779494332775015852
fusion16_w,8192,2,78.1204,14779494332775015852
fusion8_bf,8192,2,74.2218,14779494332775015852
btree8_bl,8192,2,38.3148,14779494332775015852
btree8,8192,2,41.9205,14779494332775015852
fusion8_bf,8192,3,71.0526,14779494332775015852
btree8,8192,3,40.8554,14779494332775015852
btree16_bl_a64,8192,3,35.7788,14779494332775015852
btree8_a64,8192,3,40.3793,14779494332775015852
btree8_bl,8192,3,37.2971,14779494332775015852
fusion8_c,8192,3,68.9285,14779494332775015852
sorted_array,8192,3,47.9416,14779494332775015852
fusion16_w,8192,3,77.7893,14779494332775015852
fusion8,8192,3,70.1721,14779494332775015852
btree8_bl_a64,8192,3,35.8414,14779494332775015852
btree8_bl,8192,4,37.9745,14779494332775015852
btree8,8192,4,41.4215,14779494332775015852
btree8_a64,8192,4,40.1169,14779494332775015852
sorted_array,8192,4,48.0133,14779494332775015852
btree8_bl_a64,8192,4,34.8969,14779494332775015852
fusion8_c,8192,4,68.3197,14779494332775015852
fusion8_bf,8192,4,72.5555,14779494332775015852
fusion16_w,8192,4,76.7029,14779494332775015852
btree16_bl_a64,8192,4,36.3754,14779494332775015852
fusion8,8192,4,69.6640,14779494332775015852
btree8_bl,8192,5,38.5361,14779494332775015852
btree8_bl_a64,8192,5,35.5637,14779494332775015852
btree8_a64,8192,5,39.7827,14779494332775015852
btree16_bl_a64,8192,5,34.0332,14779494332775015852
sorted_array,8192,5,47.9263,14779494332775015852
fusion16_w,8192,5,78.5858,14779494332775015852
fusion8_c,8192,5,69.4458,14779494332775015852
fusion8_bf,8192,5,72.7692,14779494332775015852
fusion8,8192,5,70.8618,14779494332775015852
btree8,8192,5,43.9621,14779494332775015852
sorted_array,8192,6,48.1644,14779494332775015852
fusion8,8192,6,70.6314,14779494332775015852
fusion8_c,8192,6,67.8909,14779494332775015852
fusion16_w,8192,6,76.2787,14779494332775015852
fusion8_bf,8192,6,72.4838,14779494332775015852
btree8_bl,8192,6,38.5788,14779494332775015852
btree8_a64,8192,6,40.7990,14779494332775015852
btree8,8192,6,41.3910,14779494332775015852
btree16_bl_a64,8192,6,36.2885,14779494332775015852
btree8_bl_a64,8192,6,35.4507,14779494332775015852
btree8_bl_a64,8192,7,34.2331,14779494332775015852
sorted_array,8192,7,48.5336,14779494332775015852
fusion8_bf,8192,7,71.9345,14779494332775015852
btree8,8192,7,42.0761,14779494332775015852
btree16_bl_a64,8192,7,33.9996,14779494332775015852
fusion8,8192,7,69.7083,14779494332775015852
btree8_bl,8192,7,38.3240,14779494332775015852
fusion8_c,8192,7,69.2017,14779494332775015852
btree8_a64,8192,7,40.2222,14779494332775015852
fusion16_w,8192,7,80.3482,14779494332775015852
fusion8,8192,8,69.0964,14779494332775015852
btree16_bl_a64,8192,8,36.2564,14779494332775015852
btree8_a64,8192,8,39.9399,14779494332775015852
fusion16_w,8192,8,76.0986,14779494332775015852
btree8_bl_a64,8192,8,35.5453,14779494332775015852
fusion8_c,8192,8,68.7927,14779494332775015852
fusion8_bf,8192,8,73.9441,14779494332775015852
btree8,8192,8,41.8518,14779494332775015852
btree8_bl,8192,8,38.1287,14779494332775015852
sorted_array,8192,8,48.1522,14779494332775015852
sorted_array,8192,9,47.9935,14779494332775015852
btree8,8192,9,41.5665,14779494332775015852
fusion8_c,8192,9,68.5486,14779494332775015852
fusion8,8192,9,69.6121,14779494332775015852
fusion16_w,8192,9,78.6514,14779494332775015852
btree8_bl,8192,9,37.8265,14779494332775015852
fusion8_bf,8192,9,74.9741,14779494332775015852
btree16_bl_a64,8192,9,36.9232,14779494332775015852
btree8_bl_a64,8192,9,35.2600,14779494332775015852
btree8_a64,8192,9,41.0828,14779494332775015852
fusion16_w,8192,10,76.1887,14779494332775015852
btree16_bl_a64,8192,10,34.1370,14779494332775015852
btree8_a64,8192,10,39.4318,14779494332775015852
fusion8_bf,8192,10,71.9147,14779494332775015852
sorted_array,8192,10,48.0804,14779494332775015852
btree8,8192,10,41.7252,14779494332775015852
fusion8,8192,10,69.6381,14779494332775015852
fusion8_c,8192,10,69.1925,14779494332775015852
btree8_bl,8192,10,38.2019,14779494332775015852
btree8_bl_a64,8192,10,35.2692,14779494332775015852
btree8,8192,11,41.1423,14779494332775015852
fusion8,8192,11,68.6523,14779494332775015852
btree8_a64,8192,11,40.1138,14779494332775015852
fusion8_c,8192,11,68.1885,14779494332775015852
btree16_bl_a64,8192,11,35.6705,14779494332775015852
btree8_bl_a64,8192,11,34.3872,14779494332775015852
btree8_bl,8192,11,37.4542,14779494332775015852
fusion8_bf,8192,11,75.9476,14779494332775015852
sorted_array,8192,11,48.9014,14779494332775015852
fusion16_w,8192,11,81.0837,14779494332775015852
fusion8_c,8192,12,68.5165,14779494332775015852
btree8_bl,8192,12,37.3962,14779494332775015852
fusion8_bf,8192,12,72.0261,14779494332775015852
btree16_bl_a64,8192,12,35.0616,14779494332775015852
sorted_array,8192,12,48.2178,14779494332775015852
fusion8,8192,12,68.9865,14779494332775015852
btree8_a64,8192,12,41.5161,14779494332775015852
fusion16_w,8192,12,77.0782,14779494332775015852
btree8_bl_a64,8192,12,35.0998,14779494332775015852
btree8,8192,12,43.4723,14779494332775015852
btree8_bl,8192,13,37.4802,14779494332775015852
btree8_bl_a64,8192,13,34.3185,14779494332775015852
btree16_bl_a64,8192,13,35.2158,14779494332775015852
btree8,8192,13,43.0267,14779494332775015852
fusion8_bf,8192,13,71.5347,14779494332775015852
fusion16_w,8192,13,76.7609,14779494332775015852
fusion8,8192,13,68.7454,14779494332775015852
sorted_array,8192,13,48.7152,14779494332775015852
btree8_a64,8192,13,40.7120,14779494332775015852
fusion8_c,8192,13,68.8217,14779494332775015852
fusion16_w,8192,14,75.8484,14779494332775015852
fusion8,8192,14,68.9453,14779494332775015852
btree16_bl_a64,8192,14,35.5484,14779494332775015852
btree8_a64,8192,14,40.7684,14779494332775015852
btree8_bl_a64,8192,14,35.3867,14779494332775015852
fusion8_bf,8192,14,71.9223,14779494332775015852
sorted_array,8192,14,48.2162,14779494332775015852
btree8,8192,14,42.1005,14779494332775015852
fusion8_c,8192,14,68.5944,14779494332775015852
btree8_bl,8192,14,39.0945,14779494332775015852
fusion8,16384,0,87.7151,5257893481483210933
btree16_bl_a64,16384,0,43.8721,5257893481483210933
btree8,16384,0,51.2177,5257893481483210933
fusion8_c,16384,0,84.0668,5257893481483210933
btree8_bl,16384,0,49.0906,5257893481483210933
sorted_array,16384,0,54.9164,5257893481483210933
btree8_a64,16384,0,52.3010,5257893481483210933
fusion16_w,16384,0,228.6499,5257893481483210933
fusion8_bf,16384,0,256.8359,5257893481483210933
btree8_bl_a64,16384,0,47.8500,5257893481483210933
fusion8_c,16384,1,86.0123,5257893481483210933
fusion8_bf,16384,1,87.4008,5257893481483210933
btree8_bl,16384,1,48.9822,5257893481483210933
btree16_bl_a64,16384,1,44.6121,5257893481483210933
fusion16_w,16384,1,89.4836,5257893481483210933
btree8_bl_a64,16384,1,46.4340,5257893481483210933
btree8,16384,1,51.6724,5257893481483210933
btree8_a64,16384,1,51.5442,5257893481483210933
sorted_array,16384,1,54.8477,5257893481483210933
fusion8,16384,1,86.8561,5257893481483210933
btree8_bl_a64,16384,2,45.2438,5257893481483210933
sorted_array,16384,2,55.0278,5257893481483210933
fusion8_bf,16384,2,91.1545,5257893481483210933
btree8,16384,2,50.0732,5257893481483210933
fusion8_c,16384,2,83.7448,5257893481483210933
btree8_bl,16384,2,48.9883,5257893481483210933
btree16_bl_a64,16384,2,44.1254,5257893481483210933
fusion16_w,16384,2,88.9343,5257893481483210933
btree8_a64,16384,2,49.0295,5257893481483210933
fusion8,16384,2,85.8383,5257893481483210933
btree16_bl_a64,16384,3,42.3920,5257893481483210933
btree8,16384,3,50.1358,5257893481483210933
fusion16_w,16384,3,85.8566,5257893481483210933
fusion8,16384,3,82.7682,5257893481483210933
btree8_bl_a64,16384,3,46.9238,5257893481483210933
fusion8_c,16384,3,83.7448,5257893481483210933
btree8_a64,16384,3,49.2264,5257893481483210933
sorted_array,16384,3,55.1041,5257893481483210933
fusion8_bf,16384,3,87.5244,5257893481483210933
btree8_bl,16384,3,48.9075,5257893481483210933
btree8_bl,16384,4,44.5816,5257893481483210933
btree8_bl_a64,16384,4,46.4874,5257893481483210933
fusion8_bf,16384,4,82.9971,5257893481483210933
fusion8,16384,4,86.6867,5257893481483210933
fusion16_w,16384,4,89.5447,5257893481483210933
btree8,16384,4,51.8143,5257893481483210933
sorted_array,16384,4,54.8370,5257893481483210933
btree8_a64,16384,4,49.9359,5257893481483210933
btree16_bl_a64,16384,4,44.5389,5257893481483210933
fusion8_c,16384,4,84.4086,5257893481483210933
btree8_bl,16384,5,47.7402,5257893481483210933
btree8_a64,16384,5,48.7335,5257893481483210933
btree8,16384,5,51.7609,5257893481483210933
btree16_bl_a64,16384,5,41.3086,5257893481483210933
fusion16_w,16384,5,88.4232,5257893481483210933
btree8_bl_a64,16384,5,51.5244,5257893481483210933
sorted_array,16384,5,54.8508,5257893481483210933
fusion8_c,16384,5,83.5510,5257893481483210933
fusion8,16384,5,88.5651,5257893481483210933
fusion8_bf,16384,5,89.3936,5257893481483210933
sorted_array,16384,6,54.7226,5257893481483210933
btree16_bl_a64,16384,6,43.2053,5257893481483210933
fusion8,16384,6,84.2819,5257893481483210933
btree8_bl_a64,16384,6,46.4142,5257893481483210933
btree8_a64,16384,6,50.6470,5257893481483210933
fusion16_w,16384,6,88.4979,5257893481483210933
btree8_bl,16384,6,49.2783,5257893481483210933
fusion8_bf,16384,6,86.4670,5257893481483210933
btree8,16384,6,51.5457,5257893481483210933
fusion8_c,16384,6,83.5724,5257893481483210933
fusion16_w,16384,7,87.5198,5257893481483210933
btree8_bl,16384,7,48.6267,5257893481483210933
fusion8_bf,16384,7,88.0310,5257893481483210933
btree16_bl_a64,16384,7,43.3548,5257893481483210933
btree8,16384,7,50.4669,5257893481483210933
btree8_bl_a64,16384,7,46.9574,5257893481483210933
btree8_a64,16384,7,49.7055,5257893481483210933
fusion8_c,16384,7,83.4793,5257893481483210933
fusion8,16384,7,85.8444,5257893481483210933
sorted_array,16384,7,54.9576,5257893481483210933
btree16_bl_a64,16384,8,42.6910,5257893481483210933
btree8_a64,16384,8,49.2554,5257893481483210933
btree8,16384,8,50.5920,5257893481483210933
sorted_array,16384,8,55.3650,5257893481483210933
btree8_bl_a64,16384,8,46.4417,5257893481483210933
fusion8_c,16384,8,82.3883,5257893481483210933
btree8_bl,16384,8,49.2004,5257893481483210933
fusion8,16384,8,84.4574,5257893481483210933
fusion8_bf,16384,8,88.7482,5257893481483210933
fusion16_w,16384,8,89.0488,5257893481483210933
sorted_array,16384,9,55.5237,5257893481483210933
btree8,16384,9,50.6485,5257893481483210933
btree16_bl_a64,16384,9,43.1244,5257893481483210933
fusion8_bf,16384,9,86.0504,5257893481483210933
fusion8,16384,9,87.5641,5257893481483210933
btree8_bl,16384,9,48.7488,5257893481483210933
fusion16_w,16384,9,86.9019,5257893481483210933
btree8_a64,16384,9,50.4868,5257893481483210933
btree8_bl_a64,16384,9,47.4136,5257893481483210933
fusion8_c,16384,9,83.9478,5257893481483210933
btree8,16384,10,50.4730,5257893481483210933
fusion8_bf,16384,10,86.4944,5257893481483210933
fusion8_c,16384,10,81.8985,5257893481483210933
btree8_a64,16384,10,49.7711,5257893481483210933
fusion16_w,16384,10,86.6882,5257893481483210933
fusion8,16384,10,86.4929,5257893481483210933
btree16_bl_a64,16384,10,44.1055,5257893481483210933
btree8_bl,16384,10,48.5001,5257893481483210933
btree8_bl_a64,16384,10,46.8872,5257893481483210933
sorted_array,16384,10,55.4596,5257893481483210933
fusion8,16384,11,85.7986,5257893481483210933
btree8_a64,16384,11,50.2487,5257893481483210933
btree8_bl_a64,16384,11,43.4418,5257893481483210933
fusion8_bf,16384,11,87.3138,5257893481483210933
fusion8_c,16384,11,83.5312,5257893481483210933
btree8,16384,11,50.8011,5257893481483210933
sorted_array,16384,11,55.5267,5257893481483210933
btree16_bl_a64,16384,11,42.7383,5257893481483210933
btree8_bl,16384,11,49.0982,5257893481483210933
fusion16_w,16384,11,88.8977,5257893481483210933
btree8_a64,16384,12,48.6252,5257893481483210933
sorted_array,16384,12,54.8355,5257893481483210933
btree8,16384,12,51.3962,5257893481483210933
btree8_bl,16384,12,47.1207,5257893481483210933
btree8_bl_a64,16384,12,45.4590,5257893481483210933
fusion8_c,16384,12,82.9681,5257893481483210933
fusion8,16384,12,86.8896,5257893481483210933
fusion16_w,16384,12,88.0234,5257893481483210933
btree16_bl_a64,16384,12,43.8080,5257893481483210933
fusion8_bf,16384,12,87.9410,5257893481483210933
btree16_bl_a64,16384,13,38.6444,5257893481483210933
btree8_bl,16384,13,48.2697,5257893481483210933
fusion8_c,16384,13,83.3786,5257893481483210933
btree8,16384,13,51.1169,5257893481483210933
fusion16_w,16384,13,87.0239,5257893481483210933
btree8_bl_a64,16384,13,46.8521,5257893481483210933
btree8_a64,16384,13,50.5096,5257893481483210933
fusion8_bf,16384,13,87.2559,5257893481483210933
fusion8,16384,13,86.3800,5257893481483210933
sorted_array,16384,13,55.0522,5257893481483210933
fusion8_c,16384,14,83.3649,5257893481483210933
sorted_array,16384,14,54.7897,5257893481483210933
btree16_bl_a64,16384,14,42.6453,5257893481483210933
fusion16_w,16384,14,89.5676,5257893481483210933
btree8_a64,16384,14,49.9786,5257893481483210933
btree8,16384,14,51.5808,5257893481483210933
btree8_bl_a64,16384,14,47.4960,5257893481483210933
fusion8,16384,14,89.7354,5257893481483210933
btree8_bl,16384,14,49.5651,5257893481483210933
fusion8_bf,16384,14,88.8336,5257893481483210933
btree8_a64,32768,0,52.7618,8916881238133207675
fusion16_w,32768,0,88.1454,8916881238133207675
sorted_array,32768,0,62.6587,8916881238133207675
btree8,32768,0,54.2404,8916881238133207675
fusion8_bf,32768,0,90.2496,8916881238133207675
fusion8,32768,0,88.7680,8916881238133207675
btree16_bl_a64,32768,0,44.1299,8916881238133207675
btree8_bl,32768,0,49.6567,8916881238133207675
btree8_bl_a64,32768,0,48.3597,8916881238133207675
fusion8_c,32768,0,87.2772,8916881238133207675
btree8_bl,32768,1,46.8933,8916881238133207675
btree8_bl_a64,32768,1,43.2465,8916881238133207675
fusion16_w,32768,1,94.3939,8916881238133207675
fusion8,32768,1,94.0994,8916881238133207675
sorted_array,32768,1,63.1516,8916881238133207675
btree16_bl_a64,32768,1,43.8293,8916881238133207675
fusion8_bf,32768,1,91.1316,8916881238133207675
fusion8_c,32768,1,86.6791,8916881238133207675
btree8_a64,32768,1,53.2410,8916881238133207675
btree8,32768,1,54.2160,8916881238133207675
btree8,32768,2,51.0773,8916881238133207675
fusion8,32768,2,87.2833,8916881238133207675
btree8_bl,32768,2,48.9761,8916881238133207675
btree16_bl_a64,32768,2,43.2877,8916881238133207675
fusion16_w,32768,2,95.2774,8916881238133207675
fusion8_bf,32768,2,91.2125,8916881238133207675
btree8_a64,32768,2,52.4170,8916881238133207675
sorted_array,32768,2,62.5183,8916881238133207675
fusion8_c,32768,2,89.0335,8916881238133207675
btree8_bl_a64,32768,2,48.7427,8916881238133207675
fusion8_c,32768,3,84.0790,8916881238133207675
btree8_bl_a64,32768,3,42.4194,8916881238133207675
btree8_bl,32768,3,49.1837,8916881238133207675
fusion8,32768,3,87.3627,8916881238133207675
sorted_array,32768,3,62.5534,8916881238133207675
btree8_a64,32768,3,53.0182,8916881238133207675
fusion8_bf,32768,3,90.7822,8916881238133207675
btree8,32768,3,54.4556,8916881238133207675
fusion16_w,32768,3,94.8868,8916881238133207675
btree16_bl_a64,32768,3,44.2200,8916881238133207675
fusion8,32768,4,88.0661,8916881238133207675
btree8_bl_a64,32768,4,47.9523,8916881238133207675
fusion8_bf,32768,4,91.0950,8916881238133207675
fusion16_w,32768,4,93.2663,8916881238133207675
btree8_bl,32768,4,49.4690,8916881238133207675
fusion8_c,32768,4,87.8662,8916881238133207675
sorted_array,32768,4,62.6953,8916881238133207675
btree8_a64,32768,4,53.0472,8916881238133207675
btree16_bl_a64,32768,4,43.5272,8916881238133207675
btree8,32768,4,54.0329,8916881238133207675
fusion8_bf,32768,5,89.3219,8916881238133207675
fusion16_w,32768,5,92.4683,8916881238133207675
btree8_bl_a64,32768,5,47.1695,8916881238133207675
btree8_a64,32768,5,53.0289,8916881238133207675
fusion8,32768,5,88.1042,8916881238133207675
fusion8_c,32768,5,88.9999,8916881238133207675
btree8,32768,5,53.6530,8916881238133207675
sorted_array,32768,5,63.0066,8916881238133207675
btree16_bl_a64,32768,5,46.8796,8916881238133207675
btree8_bl,32768,5,50.8438,8916881238133207675
btree8,32768,6,53.5126,8916881238133207675
fusion8_bf,32768,6,93.7866,8916881238133207675
fusion8,32768,6,92.5476,8916881238133207675
btree16_bl_a64,32768,6,47.4182,8916881238133207675
btree8_a64,32768,6,56.3248,8916881238133207675
fusion8_c,32768,6,90.0818,8916881238133207675
fusion16_w,32768,6,99.7070,8916881238133207675
sorted_array,32768,6,62.7838,8916881238133207675
btree8_bl_a64,32768,6,49.7086,8916881238133207675
btree8_bl,32768,6,58.4915,8916881238133207675
fusion8,32768,7,91.2643,8916881238133207675
fusion8_bf,32768,7,93.3060,8916881238133207675
fusion8_c,32768,7,88.1302,8916881238133207675
sorted_array,32768,7,62.6923,8916881238133207675
btree8_bl_a64,32768,7,51.2299,8916881238133207675
btree16_bl_a64,32768,7,48.9670,8916881238133207675
btree8,32768,7,60.2783,8916881238133207675
btree8_bl,32768,7,49.8672,8916881238133207675
fusion16_w,32768,7,97.5021,8916881238133207675
btree8_a64,32768,7,55.2704,8916881238133207675
fusion8_bf,32768,8,107.0099,8916881238133207675
btree16_bl_a64,32768,8,46.6171,8916881238133207675
btree8_bl,32768,8,50.2060,8916881238133207675
fusion8_c,32768,8,88.3713,8916881238133207675
fusion8,32768,8,92.8940,8916881238133207675
btree8,32768,8,55.4550,8916881238133207675
btree8_bl_a64,32768,8,49.3835,8916881238133207675
sorted_array,32768,8,232.8156,8916881238133207675
btree8_a64,32768,8,210.8002,8916881238133207675
fusion16_w,32768,8,100.2090,8916881238133207675
btree8_bl_a64,32768,9,113.0646,8916881238133207675
fusion8,32768,9,89.3204,8916881238133207675
fusion8_bf,32768,9,95.0424,8916881238133207675
btree8_a64,32768,9,53.9795,8916881238133207675
sorted_array,32768,9,62.8494,8916881238133207675
btree8_bl,32768,9,49.7498,8916881238133207675
btree16_bl_a64,32768,9,45.0668,8916881238133207675
fusion16_w,32768,9,96.4081,8916881238133207675
btree8,32768,9,54.0298,8916881238133207675
fusion8_c,32768,9,88.0783,8916881238133207675
fusion8_c,32768,10,82.8796,8916881238133207675
fusion16_w,32768,10,93.9224,8916881238133207675
sorted_array,32768,10,62.8784,8916881238133207675
fusion8_bf,32768,10,92.7231,8916881238133207675
btree16_bl_a64,32768,10,44.3893,8916881238133207675
btree8_bl_a64,32768,10,52.3514,8916881238133207675
fusion8,32768,10,90.2191,8916881238133207675
btree8,32768,10,54.8080,8916881238133207675
btree8_bl,32768,10,50.0732,8916881238133207675
btree8_a64,32768,10,53.6682,8916881238133207675
fusion8_bf,32768,11,91.9067,8916881238133207675
btree16_bl_a64,32768,11,46.1243,8916881238133207675
btree8,32768,11,53.8010,8916881238133207675
btree8_bl,32768,11,50.9384,8916881238133207675
fusion8,32768,11,90.3442,8916881238133207675
btree8_a64,32768,11,53.3234,8916881238133207675
btree8_bl_a64,32768,11,50.2258,8916881238133207675
fusion16_w,32768,11,96.5652,8916881238133207675
fusion8_c,32768,11,87.6160,8916881238133207675
sorted_array,32768,11,62.6968,8916881238133207675
fusion8_c,32768,12,84.8785,8916881238133207675
btree8_bl,32768,12,50.6073,8916881238133207675
btree8_a64,32768,12,53.8727,8916881238133207675
sorted_array,32768,12,62.4588,8916881238133207675
btree8_bl_a64,32768,12,49.4171,8916881238133207675
fusion8,32768,12,89.2426,8916881238133207675
btree16_bl_a64,32768,12,45.4239,8916881238133207675
fusion8_bf,32768,12,92.4957,8916881238133207675
fusion16_w,32768,12,95.1859,8916881238133207675
btree8,32768,12,54.4754,8916881238133207675
sorted_array,32768,13,63.0569,8916881238133207675
fusion8_c,32768,13,88.2965,8916881238133207675
btree8_a64,32768,13,53.1555,8916881238133207675
btree8_bl,32768,13,50.1114,8916881238133207675
fusion16_w,32768,13,94.7235,8916881238133207675
btree8,32768,13,54.5319,8916881238133207675
fusion8_bf,32768,13,91.3879,8916881238133207675
btree8_bl_a64,32768,13,48.3017,8916881238133207675
btree16_bl_a64,32768,13,44.3466,8916881238133207675
fusion8,32768,13,89.5081,8916881238133207675
btree16_bl_a64,32768,14,41.4749,8916881238133207675
fusion8_bf,32768,14,93.4799,8916881238133207675
btree8_bl_a64,32768,14,47.8546,8916881238133207675
fusion8,32768,14,87.8235,8916881238133207675
fusion16_w,32768,14,96.4294,8916881238133207675
btree8_bl,32768,14,49.8642,8916881238133207675
btree8,32768,14,54.7348,8916881238133207675
sorted_array,32768,14,62.6587,8916881238133207675
fusion8_c,32768,14,88.0493,8916881238133207675
btree8_a64,32768,14,53.4973,8916881238133207675
fusion8,65536,0,102.4445,13538052259203909017
fusion8_bf,65536,0,108.3160,13538052259203909017
fusion8_c,65536,0,98.6389,13538052259203909017
btree8_bl_a64,65536,0,57.5592,13538052259203909017
btree8_a64,65536,0,61.1053,13538052259203909017
btree16_bl_a64,65536,0,44.7327,13538052259203909017
fusion16_w,65536,0,97.0703,13538052259203909017
btree8_bl,65536,0,59.8007,13538052259203909017
sorted_array,65536,0,72.1161,13538052259203909017
btree8,65536,0,62.0972,13538052259203909017
btree8_bl_a64,65536,1,57.9208,13538052259203909017
fusion16_w,65536,1,98.6877,13538052259203909017
fusion8_c,65536,1,108.1146,13538052259203909017
fusion8,65536,1,104.7745,13538052259203909017
sorted_array,65536,1,72.3297,13538052259203909017
btree16_bl_a64,65536,1,44.8715,13538052259203909017
btree8,65536,1,61.6852,13538052259203909017
btree8_bl,65536,1,58.8455,13538052259203909017
fusion8_bf,65536,1,108.7158,13538052259203909017
btree8_a64,65536,1,76.8448,13538052259203909017
btree8_a64,65536,2,54.0283,13538052259203909017
sorted_array,65536,2,71.7941,13538052259203909017
btree16_bl_a64,65536,2,44.4122,13538052259203909017
fusion8_c,65536,2,102.4811,13538052259203909017
btree8,65536,2,62.3703,13538052259203909017
btree8_bl,65536,2,58.5266,13538052259203909017
fusion8,65536,2,102.7420,13538052259203909017
fusion16_w,65536,2,97.6807,13538052259203909017
fusion8_bf,65536,2,106.9153,13538052259203909017
btree8_bl_a64,65536,2,57.9971,13538052259203909017
btree8_a64,65536,3,61.5875,13538052259203909017
fusion16_w,65536,3,97.0688,13538052259203909017
fusion8_bf,65536,3,114.8224,13538052259203909017
btree8_bl,65536,3,59.9182,13538052259203909017
sorted_array,65536,3,73.2269,13538052259203909017
fusion8_c,65536,3,98.5138,13538052259203909017
btree8,65536,3,63.9511,13538052259203909017
fusion8,65536,3,104.0329,13538052259203909017
btree8_bl_a64,65536,3,59.3124,13538052259203909017
btree16_bl_a64,65536,3,45.1828,13538052259203909017
fusion8_bf,65536,4,104.2343,13538052259203909017
btree8_a64,65536,4,61.5509,13538052259203909017
btree16_bl_a64,65536,4,43.9590,13538052259203909017
sorted_array,65536,4,71.8750,13538052259203909017
btree8,65536,4,62.5061,13538052259203909017
btree8_bl,65536,4,58.8455,13538052259203909017
fusion8,65536,4,101.6479,13538052259203909017
fusion16_w,65536,4,97.6685,13538052259203909017
btree8_bl_a64,65536,4,58.1314,13538052259203909017
fusion8_c,65536,4,99.1013,13538052259203909017
btree8_bl_a64,65536,5,52.1408,13538052259203909017
sorted_array,65536,5,72.3221,13538052259203909017
fusion8_bf,65536,5,107.8690,13538052259203909017
fusion8_c,65536,5,99.2218,13538052259203909017
btree16_bl_a64,65536,5,45.0531,13538052259203909017
fusion16_w,65536,5,97.8561,13538052259203909017
btree8,65536,5,61.0168,13538052259203909017
btree8_bl,65536,5,58.6411,13538052259203909017
fusion8,65536,5,101.5671,13538052259203909017
btree8_a64,65536,5,63.5529,13538052259203909017
fusion8,65536,6,95.3232,13538052259203909017
fusion8_bf,65536,6,102.4780,13538052259203909017
fusion8_c,65536,6,99.0631,13538052259203909017
btree8_a64,65536,6,60.8185,13538052259203909017
btree16_bl_a64,65536,6,44.8456,13538052259203909017
btree8,65536,6,62.0193,13538052259203909017
fusion16_w,65536,6,96.8689,13538052259203909017
btree8_bl_a64,65536,6,57.7667,13538052259203909017
sorted_array,65536,6,71.8765,13538052259203909017
btree8_bl,65536,6,59.4818,13538052259203909017
btree8_bl,65536,7,48.4970,13538052259203909017
fusion8_bf,65536,7,102.4643,13538052259203909017
sorted_array,65536,7,72.1680,13538052259203909017
fusion8,65536,7,103.7216,13538052259203909017
fusion16_w,65536,7,97.4365,13538052259203909017
btree16_bl_a64,65536,7,44.3329,13538052259203909017
btree8,65536,7,61.5860,13538052259203909017
btree8_a64,65536,7,60.9039,13538052259203909017
btree8_bl_a64,65536,7,57.1701,13538052259203909017
fusion8_c,65536,7,98.1277,13538052259203909017
fusion8_bf,65536,8,102.4979,13538052259203909017
fusion16_w,65536,8,97.0428,13538052259203909017
btree8,65536,8,77.4155,13538052259203909017
btree16_bl_a64,65536,8,45.0592,13538052259203909017
fusion8_c,65536,8,98.3673,13538052259203909017
btree8_bl_a64,65536,8,57.3746,13538052259203909017
sorted_array,65536,8,71.8445,13538052259203909017
btree8_a64,65536,8,66.9769,13538052259203909017
btree8_bl,65536,8,58.1726,13538052259203909017
fusion8,65536,8,102.2278,13538052259203909017
btree8,65536,9,62.9501,13538052259203909017
btree8_bl_a64,65536,9,57.3578,13538052259203909017
btree16_bl_a64,65536,9,45.2896,13538052259203909017
fusion8_bf,65536,9,103.6194,13538052259203909017
btree8_bl,65536,9,58.3908,13538052259203909017
fusion8,65536,9,102.9678,13538052259203909017
btree8_a64,65536,9,61.8301,13538052259203909017
fusion16_w,65536,9,97.3053,13538052259203909017
sorted_array,65536,9,71.8170,13538052259203909017
fusion8_c,65536,9,101.9806,13538052259203909017
btree16_bl_a64,65536,10,44.5343,13538052259203909017
btree8_a64,65536,10,61.3785,13538052259203909017
fusion8,65536,10,101.1139,13538052259203909017
fusion8_c,65536,10,100.7416,13538052259203909017
sorted_array,65536,10,71.9604,13538052259203909017
btree8_bl_a64,65536,10,58.5617,13538052259203909017
btree8,65536,10,61.7203,13538052259203909017
fusion8_bf,65536,10,103.0670,13538052259203909017
fusion16_w,65536,10,97.3923,13538052259203909017
btree8_bl,65536,10,58.6685,13538052259203909017
fusion8,65536,11,105.1865,13538052259203909017
btree8,65536,11,62.0346,13538052259203909017
fusion16_w,65536,11,96.5729,13538052259203909017
btree8_bl,65536,11,54.4724,13538052259203909017
fusion8_c,65536,11,94.2337,13538052259203909017
btree8_bl_a64,65536,11,56.8832,13538052259203909017
btree8_a64,65536,11,61.6302,13538052259203909017
fusion8_bf,65536,11,105.6915,13538052259203909017
btree16_bl_a64,65536,11,44.7113,13538052259203909017
sorted_array,65536,11,72.8775,13538052259203909017
fusion16_w,65536,12,97.6242,13538052259203909017
fusion8_c,65536,12,98.1079,13538052259203909017
btree8_bl_a64,65536,12,56.8893,13538052259203909017
fusion8,65536,12,115.8676,13538052259203909017
fusion8_bf,65536,12,107.1991,13538052259203909017
sorted_array,65536,12,71.8582,13538052259203909017
btree8_bl,65536,12,59.2590,13538052259203909017
btree16_bl_a64,65536,12,44.3390,13538052259203909017
btree8,65536,12,61.5173,13538052259203909017
btree8_a64,65536,12,61.9141,13538052259203909017
btree8_bl_a64,65536,13,57.7774,13538052259203909017
fusion8_bf,65536,13,101.2466,13538052259203909017
btree16_bl_a64,65536,13,44.1025,13538052259203909017
btree8_a64,65536,13,59.1202,13538052259203909017
fusion16_w,65536,13,97.0703,13538052259203909017
fusion8,65536,13,106.5292,13538052259203909017
sorted_array,65536,13,71.7865,13538052259203909017
btree8,65536,13,61.4624,13538052259203909017
btree8_bl,65536,13,57.9742,13538052259203909017
fusion8_c,65536,13,97.8348,13538052259203909017
btree8_bl_a64,65536,14,56.6818,13538052259203909017
btree8_a64,65536,14,60.3149,13538052259203909017
fusion16_w,65536,14,95.5643,13538052259203909017
btree8_bl,65536,14,57.0389,13538052259203909017
fusion8_bf,65536,14,102.9388,13538052259203909017
sorted_array,65536,14,72.1237,13538052259203909017
fusion8_c,65536,14,98.2574,13538052259203909017
btree8,65536,14,61.2839,13538052259203909017
fusion8,65536,14,102.5391,13538052259203909017
btree16_bl_a64,65536,14,44.6045,13538052259203909017
btree8_bl_a64,131072,0,100.0732,18322359750267561758
btree8,131072,0,97.8867,18322359750267561758
fusion8_bf,131072,0,171.4050,18322359750267561758
fusion16_w,131072,0,162.8998,18322359750267561758
fusion8,131072,0,225.5829,18322359750267561758
btree16_bl_a64,131072,0,96.5683,18322359750267561758
btree8_a64,131072,0,104.5456,18322359750267561758
sorted_array,131072,0,82.5226,18322359750267561758
fusion8_c,131072,0,158.9798,18322359750267561758
btree8_bl,131072,0,102.9099,18322359750267561758
fusion8_c,131072,1,144.4199,18322359750267561758
fusion8,131072,1,167.3126,18322359750267561758
sorted_array,131072,1,82.7591,18322359750267561758
btree8_a64,131072,1,99.8703,18322359750267561758
fusion8_bf,131072,1,172.6822,18322359750267561758
btree8_bl,131072,1,105.8731,18322359750267561758
btree8,131072,1,114.1785,18322359750267561758
btree16_bl_a64,131072,1,111.2015,18322359750267561758
fusion16_w,131072,1,209.9319,18322359750267561758
btree8_bl_a64,131072,1,121.0068,18322359750267561758
btree8,131072,2,136.5982,18322359750267561758
sorted_array,131072,2,93.1366,18322359750267561758
fusion8_c,131072,2,197.0627,18322359750267561758
btree16_bl_a64,131072,2,131.4758,18322359750267561758
fusion8,131072,2,290.3397,18322359750267561758
fusion16_w,131072,2,230.1849,18322359750267561758
btree8_a64,131072,2,149.0540,18322359750267561758
btree8_bl_a64,131072,2,128.4866,18322359750267561758
fusion8_bf,131072,2,222.8027,18322359750267561758
btree8_bl,131072,2,126.9806,18322359750267561758
fusion8,131072,3,241.0645,18322359750267561758
btree8_bl,131072,3,127.2873,18322359750267561758
btree16_bl_a64,131072,3,118.8293,18322359750267561758
fusion8_bf,131072,3,216.6763,18322359750267561758
sorted_array,131072,3,85.7483,18322359750267561758
btree8,131072,3,111.1801,18322359750267561758
fusion8_c,131072,3,180.7358,18322359750267561758
btree8_a64,131072,3,118.4601,18322359750267561758
btree8_bl_a64,131072,3,112.7289,18322359750267561758
fusion16_w,131072,3,189.8865,18322359750267561758
btree16_bl_a64,131072,4,144.4946,18322359750267561758
fusion8_bf,131072,4,317.1326,18322359750267561758
btree8,131072,4,112.3306,18322359750267561758
fusion8_c,131072,4,182.9803,18322359750267561758
fusion8,131072,4,197.4731,18322359750267561758
btree8_bl_a64,131072,4,102.7603,18322359750267561758
sorted_array,131072,4,82.4615,18322359750267561758
btree8_bl,131072,4,109.1354,18322359750267561758
fusion16_w,131072,4,163.8535,18322359750267561758
btree8_a64,131072,4,105.5618,18322359750267561758
fusion8_bf,131072,5,190.6937,18322359750267561758
fusion8_c,131072,5,165.5914,18322359750267561758
fusion16_w,131072,5,179.0359,18322359750267561758
btree16_bl_a64,131072,5,100.5493,18322359750267561758
btree8_a64,131072,5,119.6564,18322359750267561758
btree8_bl_a64,131072,5,108.8181,18322359750267561758
fusion8,131072,5,191.8289,18322359750267561758
btree8,131072,5,98.0270,18322359750267561758
btree8_bl,131072,5,104.3549,18322359750267561758
sorted_array,131072,5,83.2520,18322359750267561758
btree16_bl_a64,131072,6,114.7659,18322359750267561758
fusion8_c,131072,6,171.0739,18322359750267561758
btree8_bl_a64,131072,6,104.9362,18322359750267561758
sorted_array,131072,6,82.7225,18322359750267561758
btree8_bl,131072,6,115.0604,18322359750267561758
btree8,131072,6,105.1071,18322359750267561758
btree8_a64,131072,6,138.7802,18322359750267561758
fusion16_w,131072,6,196.4508,18322359750267561758
fusion8_bf,131072,6,255.1270,18322359750267561758
fusion8,131072,6,237.2467,18322359750267561758
btree8_a64,131072,7,139.1174,18322359750267561758
fusion8_bf,131072,7,234.2560,18322359750267561758
fusion8,131072,7,239.6667,18322359750267561758
btree8_bl,131072,7,115.2863,18322359750267561758
btree8_bl_a64,131072,7,114.6500,18322359750267561758
btree16_bl_a64,131072,7,122.2473,18322359750267561758
fusion8_c,131072,7,191.9174,18322359750267561758
btree8,131072,7,106.7566,18322359750267561758
fusion16_w,131072,7,190.8432,18322359750267561758
sorted_array,131072,7,85.3012,18322359750267561758
fusion8_c,131072,8,179.2007,18322359750267561758
btree16_bl_a64,131072,8,124.3423,18322359750267561758
btree8_bl_a64,131072,8,123.2315,18322359750267561758
fusion8_bf,131072,8,231.1035,18322359750267561758
fusion16_w,131072,8,182.3380,18322359750267561758
btree8_bl,131072,8,103.5187,18322359750267561758
btree8_a64,131072,8,105.4016,18322359750267561758
btree8,131072,8,99.2004,18322359750267561758
fusion8,131072,8,197.1466,18322359750267561758
sorted_array,131072,8,83.7280,18322359750267561758
fusion8,131072,9,176.1154,18322359750267561758
fusion16_w,131072,9,168.2114,18322359750267561758
sorted_array,131072,9,82.6904,18322359750267561758
btree8_bl_a64,131072,9,100.1785,18322359750267561758
btree16_bl_a64,131072,9,99.6964,18322359750267561758
fusion8_bf,131072,9,192.9947,18322359750267561758
btree8_a64,131072,9,104.4876,18322359750267561758
btree8_bl,131072,9,104.5364,18322359750267561758
btree8,131072,9,98.8419,18322359750267561758
fusion8_c,131072,9,156.6605,18322359750267561758
fusion8,131072,10,184.5337,18322359750267561758
sorted_array,131072,10,82.5226,18322359750267561758
fusion8_bf,131072,10,201.0971,18322359750267561758
btree8,131072,10,104.1245,18322359750267561758
fusion8_c,131072,10,176.4908,18322359750267561758
btree16_bl_a64,131072,10,133.5724,18322359750267561758
fusion16_w,131072,10,211.2473,18322359750267561758
btree8_bl_a64,131072,10,121.5576,18322359750267561758
btree8_bl,131072,10,109.9411,18322359750267561758
btree8_a64,131072,10,110.8246,18322359750267561758
btree8_a64,131072,11,86.2885,18322359750267561758
btree8_bl_a64,131072,11,105.8716,18322359750267561758
fusion8,131072,11,201.1810,18322359750267561758
btree8_bl,131072,11,116.5771,18322359750267561758
fusion8_c,131072,11,161.9232,18322359750267561758
fusion16_w,131072,11,166.8839,18322359750267561758
sorted_array,131072,11,83.8074,18322359750267561758
btree16_bl_a64,131072,11,97.2382,18322359750267561758
fusion8_bf,131072,11,182.1716,18322359750267561758
btree8,131072,11,99.7299,18322359750267561758
fusion8_bf,131072,12,178.2654,18322359750267561758
fusion8,131072,12,171.8445,18322359750267561758
btree16_bl_a64,131072,12,105.1514,18322359750267561758
btree8_bl_a64,131072,12,98.1171,18322359750267561758
sorted_array,131072,12,82.6431,18322359750267561758
fusion16_w,131072,12,160.4736,18322359750267561758
fusion8_c,131072,12,156.4545,18322359750267561758
btree8_a64,131072,12,103.4439,18322359750267561758
btree8,131072,12,97.7219,18322359750267561758
btree8_bl,131072,12,102.9129,18322359750267561758
sorted_array,131072,13,82.5073,18322359750267561758
btree8,131072,13,89.9887,18322359750267561758
fusion8,131072,13,175.5753,18322359750267561758
btree8_a64,131072,13,103.8559,18322359750267561758
fusion8_c,131072,13,153.7521,18322359750267561758
fusion8_bf,131072,13,178.7140,18322359750267561758
btree8_bl,131072,13,100.5951,18322359750267561758
btree16_bl_a64,131072,13,94.2993,18322359750267561758
btree8_bl_a64,131072,13,102.2675,18322359750267561758
fusion16_w,131072,13,159.8129,18322359750267561758
fusion8_c,131072,14,155.7678,18322359750267561758
btree8_a64,131072,14,104.8416,18322359750267561758
btree8,131072,14,97.9385,18322359750267561758
fusion16_w,131072,14,159.9594,18322359750267561758
btree8_bl_a64,131072,14,110.6018,18322359750267561758
fusion8,131072,14,174.3698,18322359750267561758
fusion8_bf,131072,14,190.0024,18322359750267561758
btree16_bl_a64,131072,14,95.6863,18322359750267561758
btree8_bl,131072,14,102.3804,18322359750267561758
sorted_array,131072,14,82.5394,18322359750267561758
btree16_bl_a64,262144,0,182.3929,10037066851814254848
btree8_bl,262144,0,142.3401,10037066851814254848
btree8_bl_a64,262144,0,185.3958,10037066851814254848
btree8,262144,0,129.3915,10037066851814254848
fusion8_c,262144,0,355.2002,10037066851814254848
fusion8_bf,262144,0,196.9376,10037066851814254848
fusion8,262144,0,231.7825,10037066851814254848
sorted_array,262144,0,100.4379,10037066851814254848
btree8_a64,262144,0,114.8361,10037066851814254848
fusion16_w,262144,0,238.0020,10037066851814254848
sorted_array,262144,1,176.6617,10037066851814254848
fusion16_w,262144,1,679.6829,10037066851814254848
fusion8_c,262144,1,313.0264,10037066851814254848
btree8,262144,1,153.1204,10037066851814254848
btree8_a64,262144,1,154.9759,10037066851814254848
btree8_bl,262144,1,166.7831,10037066851814254848
fusion8_bf,262144,1,377.5360,10037066851814254848
btree8_bl_a64,262144,1,137.9028,10037066851814254848
btree16_bl_a64,262144,1,191.6061,10037066851814254848
fusion8,262144,1,262.4161,10037066851814254848
fusion8_c,262144,2,197.1268,10037066851814254848
fusion16_w,262144,2,318.6340,10037066851814254848
btree8,262144,2,138.8077,10037066851814254848
btree8_bl,262144,2,155.5710,10037066851814254848
sorted_array,262144,2,96.0251,10037066851814254848
btree8_a64,262144,2,134.6649,10037066851814254848
fusion8,262144,2,254.6112,10037066851814254848
btree8_bl_a64,262144,2,174.7009,10037066851814254848
btree16_bl_a64,262144,2,215.6708,10037066851814254848
fusion8_bf,262144,2,258.5175,10037066851814254848
btree8_bl_a64,262144,3,178.1250,10037066851814254848
btree8_a64,262144,3,129.1168,10037066851814254848
fusion8_bf,262144,3,248.2056,10037066851814254848
sorted_array,262144,3,95.8572,10037066851814254848
fusion8_c,262144,3,239.3631,10037066851814254848
fusion8,262144,3,242.4149,10037066851814254848
btree8,262144,3,124.3683,10037066851814254848
btree16_bl_a64,262144,3,237.3123,10037066851814254848
btree8_bl,262144,3,145.0226,10037066851814254848
fusion16_w,262144,3,268.6081,10037066851814254848
btree8,262144,4,136.9568,10037066851814254848
btree8_a64,262144,4,138.7207,10037066851814254848
btree8_bl_a64,262144,4,143.7958,10037066851814254848
btree16_bl_a64,262144,4,194.5648,10037066851814254848
fusion8_bf,262144,4,228.5706,10037066851814254848
sorted_array,262144,4,93.2175,10037066851814254848
btree8_bl,262144,4,131.8176,10037066851814254848
fusion8,262144,4,230.8075,10037066851814254848
fusion16_w,262144,4,279.0604,10037066851814254848
fusion8_c,262144,4,200.8698,10037066851814254848
fusion16_w,262144,5,263.2812,10037066851814254848
fusion8_bf,262144,5,232.0786,10037066851814254848
btree8_a64,262144,5,128.8727,10037066851814254848
fusion8_c,262144,5,193.2022,10037066851814254848
btree16_bl_a64,262144,5,202.3514,10037066851814254848
fusion8,262144,5,222.7890,10037066851814254848
btree8_bl_a64,262144,5,145.1965,10037066851814254848
btree8_bl,262144,5,131.3019,10037066851814254848
sorted_array,262144,5,93.4219,10037066851814254848
btree8,262144,5,117.7414,10037066851814254848
fusion8_c,262144,6,198.1766,10037066851814254848
btree8_bl_a64,262144,6,164.8132,10037066851814254848
btree16_bl_a64,262144,6,248.8434,10037066851814254848
btree8_bl,262144,6,142.7780,10037066851814254848
btree8,262144,6,141.1423,10037066851814254848
fusion8,262144,6,238.0417,10037066851814254848
fusion8_bf,262144,6,232.7164,10037066851814254848
fusion16_w,262144,6,272.4152,10037066851814254848
sorted_array,262144,6,93.3655,10037066851814254848
btree8_a64,262144,6,128.1723,10037066851814254848
btree8_bl_a64,262144,7,124.7101,10037066851814254848
fusion8,262144,7,218.9850,10037066851814254848
fusion8_c,262144,7,186.9797,10037066851814254848
fusion16_w,262144,7,205.5710,10037066851814254848
btree8,262144,7,105.4230,10037066851814254848
sorted_array,262144,7,93.1534,10037066851814254848
btree16_bl_a64,262144,7,175.6104,10037066851814254848
fusion8_bf,262144,7,211.2167,10037066851814254848
btree8_bl,262144,7,110.2722,10037066851814254848
btree8_a64,262144,7,113.8214,10037066851814254848
sorted_array,262144,8,94.1742,10037066851814254848
btree8_a64,262144,8,130.6763,10037066851814254848
btree16_bl_a64,262144,8,183.5571,10037066851814254848
btree8,262144,8,115.5411,10037066851814254848
fusion8,262144,8,241.5817,10037066851814254848
btree8_bl_a64,262144,8,132.0679,10037066851814254848
fusion8_c,262144,8,200.2884,10037066851814254848
fusion16_w,262144,8,241.6199,10037066851814254848
fusion8_bf,262144,8,192.2134,10037066851814254848
btree8_bl,262144,8,125.0137,10037066851814254848
btree8,262144,9,113.3133,10037066851814254848
btree8_bl,262144,9,136.7889,10037066851814254848
btree8_bl_a64,262144,9,143.0450,10037066851814254848
fusion16_w,262144,9,727.7390,10037066851814254848
fusion8_c,262144,9,461.1618,10037066851814254848
btree8_a64,262144,9,155.5618,10037066851814254848
fusion8_bf,262144,9,247.3724,10037066851814254848
sorted_array,262144,9,150.5035,10037066851814254848
fusion8,262144,9,318.8156,10037066851814254848
btree16_bl_a64,262144,9,193.9514,10037066851814254848
fusion8,262144,10,279.1611,10037066851814254848
sorted_array,262144,10,97.5739,10037066851814254848
btree8_a64,262144,10,128.0014,10037066851814254848
btree8_bl,262144,10,153.1876,10037066851814254848
btree8,262144,10,117.7399,10037066851814254848
btree8_bl_a64,262144,10,142.3264,10037066851814254848
btree16_bl_a64,262144,10,192.7139,10037066851814254848
fusion16_w,262144,10,262.9456,10037066851814254848
fusion8_c,262144,10,191.9891,10037066851814254848
fusion8_bf,262144,10,236.1435,10037066851814254848
btree8_bl,262144,11,152.0737,10037066851814254848
btree16_bl_a64,262144,11,192.4011,10037066851814254848
fusion8_bf,262144,11,233.3099,10037066851814254848
sorted_array,262144,11,96.2097,10037066851814254848
fusion16_w,262144,11,267.1173,10037066851814254848
btree8_a64,262144,11,120.6741,10037066851814254848
btree8_bl_a64,262144,11,141.4185,10037066851814254848
fusion8_c,262144,11,203.5873,10037066851814254848
btree8,262144,11,132.1442,10037066851814254848
fusion8,262144,11,232.7286,10037066851814254848
btree8_bl_a64,262144,12,145.0592,10037066851814254848
fusion8_bf,262144,12,246.8445,10037066851814254848
fusion8,262144,12,226.9287,10037066851814254848
btree16_bl_a64,262144,12,199.9863,10037066851814254848
btree8,262144,12,115.2084,10037066851814254848
fusion8_c,262144,12,228.4790,10037066851814254848
btree8_bl,262144,12,138.0798,10037066851814254848
sorted_array,262144,12,94.9173,10037066851814254848
btree8_a64,262144,12,124.8337,10037066851814254848
fusion16_w,262144,12,250.0656,10037066851814254848
fusion8,262144,13,255.1529,10037066851814254848
btree8_a64,262144,13,120.1080,10037066851814254848
btree16_bl_a64,262144,13,197.6166,10037066851814254848
fusion8_c,262144,13,197.1115,10037066851814254848
btree8_bl_a64,262144,13,141.8549,10037066851814254848
sorted_array,262144,13,95.1706,10037066851814254848
fusion16_w,262144,13,242.6270,10037066851814254848
btree8,262144,13,120.0027,10037066851814254848
btree8_bl,262144,13,135.0113,10037066851814254848
fusion8_bf,262144,13,240.2420,10037066851814254848
btree8_a64,262144,14,119.8059,10037066851814254848
sorted_array,262144,14,95.0943,10037066851814254848
fusion8_c,262144,14,190.8798,10037066851814254848
btree8_bl_a64,262144,14,148.4497,10037066851814254848
btree16_bl_a64,262144,14,192.2928,10037066851814254848
fusion16_w,262144,14,276.1429,10037066851814254848
fusion8_bf,262144,14,247.1649,10037066851814254848
btree8_bl,262144,14,152.1759,10037066851814254848
fusion8,262144,14,230.6915,10037066851814254848
btree8,262144,14,111.6699,10037066851814254848
sorted_array,524288,0,121.0754,12494368574949970434
fusion8_c,524288,0,207.2968,12494368574949970434
btree8_bl,524288,0,139.3265,12494368574949970434
btree8_a64,524288,0,126.3046,12494368574949970434
fusion8_bf,524288,0,225.0549,12494368574949970434
fusion8,524288,0,229.3350,12494368574949970434
btree8,524288,0,149.9939,12494368574949970434
btree8_bl_a64,524288,0,137.5076,12494368574949970434
btree16_bl_a64,524288,0,279.8889,12494368574949970434
fusion16_w,524288,0,363.6444,12494368574949970434
btree8,524288,1,226.7136,12494368574949970434
fusion8_bf,524288,1,350.5722,12494368574949970434
btree8_bl_a64,524288,1,154.8630,12494368574949970434
sorted_array,524288,1,157.6797,12494368574949970434
btree8_bl,524288,1,123.4848,12494368574949970434
btree8_a64,524288,1,121.7834,12494368574949970434
fusion16_w,524288,1,237.7396,12494368574949970434
fusion8_c,524288,1,191.2888,12494368574949970434
fusion8,524288,1,312.6617,12494368574949970434
btree16_bl_a64,524288,1,246.6171,12494368574949970434
btree8_bl,524288,2,286.7142,12494368574949970434
btree8,524288,2,226.1246,12494368574949970434
fusion8,524288,2,310.7452,12494368574949970434
btree8_a64,524288,2,190.0345,12494368574949970434
btree16_bl_a64,524288,2,265.9454,12494368574949970434
fusion8_c,524288,2,280.7022,12494368574949970434
btree8_bl_a64,524288,2,321.0678,12494368574949970434
fusion8_bf,524288,2,289.9246,12494368574949970434
fusion16_w,524288,2,309.2987,12494368574949970434
sorted_array,524288,2,137.2925,12494368574949970434
sorted_array,524288,3,123.8861,12494368574949970434
btree8_a64,524288,3,167.9733,12494368574949970434
btree16_bl_a64,524288,3,369.9478,12494368574949970434
fusion8_c,524288,3,224.7879,12494368574949970434
btree8,524288,3,135.4248,12494368574949970434
fusion8,524288,3,293.1274,12494368574949970434
btree8_bl_a64,524288,3,164.0152,12494368574949970434
btree8_bl,524288,3,162.9440,12494368574949970434
fusion16_w,524288,3,317.3981,12494368574949970434
fusion8_bf,524288,3,276.7929,12494368574949970434
btree8_a64,524288,4,671.8765,12494368574949970434
btree8_bl_a64,524288,4,314.7186,12494368574949970434
btree16_bl_a64,524288,4,222.4792,12494368574949970434
sorted_array,524288,4,122.3709,12494368574949970434
btree8_bl,524288,4,147.9813,12494368574949970434
fusion8,524288,4,247.4030,12494368574949970434
fusion8_bf,524288,4,250.6256,12494368574949970434
btree8,524288,4,127.4933,12494368574949970434
fusion16_w,524288,4,417.4484,12494368574949970434
fusion8_c,524288,4,214.8285,12494368574949970434
btree8_bl,524288,5,279.5456,12494368574949970434
btree8_bl_a64,524288,5,203.4439,12494368574949970434
btree16_bl_a64,524288,5,243.4448,12494368574949970434
fusion8_c,524288,5,306.7429,12494368574949970434
fusion16_w,524288,5,283.7952,12494368574949970434
btree8,524288,5,128.8681,12494368574949970434
fusion8,524288,5,266.7816,12494368574949970434
sorted_array,524288,5,122.9904,12494368574949970434
fusion8_bf,524288,5,297.5342,12494368574949970434
btree8_a64,524288,5,144.8944,12494368574949970434
btree16_bl_a64,524288,6,218.5287,12494368574949970434
sorted_array,524288,6,126.4206,12494368574949970434
btree8_bl_a64,524288,6,156.1081,12494368574949970434
fusion8,524288,6,232.6614,12494368574949970434
fusion8_bf,524288,6,262.2406,12494368574949970434
btree8,524288,6,124.2950,12494368574949970434
fusion16_w,524288,6,347.3785,12494368574949970434
btree8_a64,524288,6,146.0938,12494368574949970434
btree8_bl,524288,6,141.7130,12494368574949970434
fusion8_c,524288,6,172.0200,12494368574949970434
fusion8,524288,7,227.6886,12494368574949970434
sorted_array,524288,7,124.7345,12494368574949970434
fusion16_w,524288,7,264.1983,12494368574949970434
fusion8_bf,524288,7,323.3047,12494368574949970434
btree16_bl_a64,524288,7,220.5719,12494368574949970434
btree8_bl,524288,7,277.9053,12494368574949970434
btree8_bl_a64,524288,7,218.9194,12494368574949970434
btree8_a64,524288,7,114.8346,12494368574949970434
btree8,524288,7,112.0712,12494368574949970434
fusion8_c,524288,7,193.5364,12494368574949970434
fusion8_bf,524288,8,215.9821,12494368574949970434
fusion8_c,524288,8,192.2134,12494368574949970434
fusion16_w,524288,8,261.8637,12494368574949970434
btree16_bl_a64,524288,8,189.3784,12494368574949970434
sorted_array,524288,8,132.4524,12494368574949970434
btree8,524288,8,111.0107,12494368574949970434
btree8_bl_a64,524288,8,146.2341,12494368574949970434
btree8_bl,524288,8,147.2198,12494368574949970434
fusion8,524288,8,202.9892,12494368574949970434
btree8_a64,524288,8,116.4307,12494368574949970434
sorted_array,524288,9,121.0098,12494368574949970434
fusion8_bf,524288,9,208.6380,12494368574949970434
fusion8,524288,9,202.5574,12494368574949970434
fusion8_c,524288,9,176.8173,12494368574949970434
btree8_bl_a64,524288,9,137.3581,12494368574949970434
btree16_bl_a64,524288,9,174.6078,12494368574949970434
btree8,524288,9,108.5938,12494368574949970434
btree8_bl,524288,9,125.7126,12494368574949970434
fusion16_w,524288,9,310.3714,12494368574949970434
btree8_a64,524288,9,128.6026,12494368574949970434
btree8_a64,524288,10,87.4680,12494368574949970434
fusion16_w,524288,10,280.1422,12494368574949970434
fusion8_bf,524288,10,286.0138,12494368574949970434
fusion8,524288,10,238.4186,12494368574949970434
btree8,524288,10,120.1431,12494368574949970434
btree16_bl_a64,524288,10,228.5065,12494368574949970434
btree8_bl,524288,10,147.5739,12494368574949970434
btree8_bl_a64,524288,10,158.7082,12494368574949970434
sorted_array,524288,10,121.1456,12494368574949970434
fusion8_c,524288,10,209.4849,12494368574949970434
fusion8_bf,524288,11,230.7709,12494368574949970434
btree8,524288,11,120.4224,12494368574949970434
fusion8,524288,11,230.0842,12494368574949970434
btree8_a64,524288,11,128.7521,12494368574949970434
btree16_bl_a64,524288,11,207.9193,12494368574949970434
fusion8_c,524288,11,192.7307,12494368574949970434
btree8_bl,524288,11,132.9849,12494368574949970434
fusion16_w,524288,11,274.6628,12494368574949970434
btree8_bl_a64,524288,11,139.5004,12494368574949970434
sorted_array,524288,11,123.5550,12494368574949970434
fusion16_w,524288,12,271.8918,12494368574949970434
btree16_bl_a64,524288,12,183.2245,12494368574949970434
btree8_bl,524288,12,126.5625,12494368574949970434
sorted_array,524288,12,125.8621,12494368574949970434
fusion8_c,524288,12,209.8663,12494368574949970434
btree8,524288,12,130.7449,12494368574949970434
fusion8,524288,12,292.9367,12494368574949970434
fusion8_bf,524288,12,273.3475,12494368574949970434
btree8_bl_a64,524288,12,166.9403,12494368574949970434
btree8_a64,524288,12,110.4324,12494368574949970434
btree8_bl_a64,524288,13,117.8131,12494368574949970434
btree8,524288,13,107.4814,12494368574949970434
fusion16_w,524288,13,284.5078,12494368574949970434
btree16_bl_a64,524288,13,189.9033,12494368574949970434
btree8_bl,524288,13,137.4390,12494368574949970434
btree8_a64,524288,13,118.8080,12494368574949970434
fusion8_c,524288,13,227.7847,12494368574949970434
fusion8_bf,524288,13,231.4346,12494368574949970434
fusion8,524288,13,559.9960,12494368574949970434
sorted_array,524288,13,127.1484,12494368574949970434
fusion8_bf,524288,14,285.2585,12494368574949970434
btree16_bl_a64,524288,14,268.5837,12494368574949970434
fusion16_w,524288,14,290.4236,12494368574949970434
fusion8_c,524288,14,238.3453,12494368574949970434
sorted_array,524288,14,134.2621,12494368574949970434
fusion8,524288,14,248.3459,12494368574949970434
btree8_bl,524288,14,168.2632,12494368574949970434
btree8_a64,524288,14,170.3003,12494368574949970434
btree8,524288,14,133.5007,12494368574949970434
btree8_bl_a64,524288,14,717.2806,12494368574949970434
btree8_bl,1048576,0,340.2588,16362192324183350314
fusion16_w,1048576,0,300.4364,16362192324183350314
fusion8_bf,1048576,0,474.2630,16362192324183350314
btree16_bl_a64,1048576,0,235.9177,16362192324183350314
fusion8_c,1048576,0,506.6757,16362192324183350314
btree8,1048576,0,368.4616,16362192324183350314
btree8_a64,1048576,0,355.5939,16362192324183350314
fusion8,1048576,0,485.0754,16362192324183350314
sorted_array,1048576,0,173.7274,16362192324183350314
btree8_bl_a64,1048576,0,305.0156,16362192324183350314
sorted_array,1048576,1,175.1968,16362192324183350314
btree8_bl,1048576,1,332.2723,16362192324183350314
fusion8,1048576,1,502.9419,16362192324183350314
btree8_a64,1048576,1,408.7341,16362192324183350314
btree8,1048576,1,466.3284,16362192324183350314
btree8_bl_a64,1048576,1,353.7430,16362192324183350314
fusion8_bf,1048576,1,511.1877,16362192324183350314
btree16_bl_a64,1048576,1,573.3337,16362192324183350314
fusion16_w,1048576,1,328.7872,16362192324183350314
fusion8_c,1048576,1,662.9791,16362192324183350314
fusion8,1048576,2,1202.0584,16362192324183350314
btree16_bl_a64,1048576,2,308.6380,16362192324183350314
btree8,1048576,2,373.5550,16362192324183350314
fusion8_bf,1048576,2,518.2648,16362192324183350314
btree8_bl,1048576,2,359.8999,16362192324183350314
btree8_bl_a64,1048576,2,345.9671,16362192324183350314
fusion8_c,1048576,2,502.6733,16362192324183350314
btree8_a64,1048576,2,366.2903,16362192324183350314
sorted_array,1048576,2,188.9511,16362192324183350314
fusion16_w,1048576,2,321.5347,16362192324183350314
fusion8_bf,1048576,3,577.1286,16362192324183350314
fusion8,1048576,3,486.1847,16362192324183350314
fusion16_w,1048576,3,333.0338,16362192324183350314
btree8,1048576,3,375.9964,16362192324183350314
fusion8_c,1048576,3,475.5295,16362192324183350314
sorted_array,1048576,3,170.6161,16362192324183350314
btree8_bl_a64,1048576,3,291.4673,16362192324183350314
btree16_bl_a64,1048576,3,217.9184,16362192324183350314
btree8_bl,1048576,3,318.0984,16362192324183350314
btree8_a64,1048576,3,352.7023,16362192324183350314
btree8_bl_a64,1048576,4,291.2537,16362192324183350314
btree8,1048576,4,361.7126,16362192324183350314
fusion8_bf,1048576,4,488.4247,16362192324183350314
btree16_bl_a64,1048576,4,215.9027,16362192324183350314
btree8_a64,1048576,4,364.5416,16362192324183350314
btree8_bl,1048576,4,365.1031,16362192324183350314
sorted_array,1048576,4,178.6102,16362192324183350314
fusion8,1048576,4,526.0208,16362192324183350314
fusion8_c,1048576,4,430.4855,16362192324183350314
fusion16_w,1048576,4,312.1979,16362192324183350314
fusion8,1048576,5,420.6421,16362192324183350314
btree8,1048576,5,295.8710,16362192324183350314
btree8_bl_a64,1048576,5,269.9493,16362192324183350314
fusion8_c,1048576,5,379.7882,16362192324183350314
sorted_array,1048576,5,168.6386,16362192324183350314
btree8_a64,1048576,5,305.0522,16362192324183350314
fusion16_w,1048576,5,258.8272,16362192324183350314
btree16_bl_a64,1048576,5,195.3537,16362192324183350314
btree8_bl,1048576,5,276.0239,16362192324183350314
fusion8_bf,1048576,5,407.5027,16362192324183350314
btree8,1048576,6,321.8323,16362192324183350314
sorted_array,1048576,6,170.1477,16362192324183350314
fusion8,1048576,6,371.5836,16362192324183350314
fusion8_c,1048576,6,339.4730,16362192324183350314
fusion8_bf,1048576,6,352.2781,16362192324183350314
fusion16_w,1048576,6,238.7070,16362192324183350314
btree8_bl_a64,1048576,6,244.7830,16362192324183350314
btree16_bl_a64,1048576,6,164.6042,16362192324183350314
btree8_bl,1048576,6,233.8486,16362192324183350314
btree8_a64,1048576,6,264.7919,16362192324183350314
fusion8,1048576,7,349.3347,16362192324183350314
btree8_bl_a64,1048576,7,244.6167,16362192324183350314
btree8,1048576,7,263.9740,16362192324183350314
fusion8_c,1048576,7,319.9890,16362192324183350314
fusion16_w,1048576,7,238.0753,16362192324183350314
fusion8_bf,1048576,7,377.4155,16362192324183350314
btree8_a64,1048576,7,269.5908,16362192324183350314
btree16_bl_a64,1048576,7,166.9281,16362192324183350314
sorted_array,1048576,7,167.2653,16362192324183350314
btree8_bl,1048576,7,237.0331,16362192324183350314
btree8,1048576,8,265.8539,16362192324183350314
fusion8_bf,1048576,8,354.9377,16362192324183350314
fusion8,1048576,8,357.2266,16362192324183350314
fusion16_w,1048576,8,248.6420,16362192324183350314
btree8_a64,1048576,8,271.8948,16362192324183350314
btree8_bl_a64,1048576,8,221.4203,16362192324183350314
fusion8_c,1048576,8,338.3682,16362192324183350314
btree8_bl,1048576,8,233.4839,16362192324183350314
sorted_array,1048576,8,167.7917,16362192324183350314
btree16_bl_a64,1048576,8,168.0466,16362192324183350314
fusion16_w,1048576,9,238.5010,16362192324183350314
btree8_a64,1048576,9,262.9303,16362192324183350314
fusion8_c,1048576,9,324.7955,16362192324183350314
fusion8,1048576,9,363.0630,16362192324183350314
sorted_array,1048576,9,167.3141,16362192324183350314
fusion8_bf,1048576,9,361.9064,16362192324183350314
btree8,1048576,9,269.6655,16362192324183350314
btree16_bl_a64,1048576,9,180.6396,16362192324183350314
btree8_bl_a64,1048576,9,246.0648,16362192324183350314
btree8_bl,1048576,9,256.2973,16362192324183350314
fusion16_w,1048576,10,253.1265,16362192324183350314
btree8_bl_a64,1048576,10,253.8300,16362192324183350314
fusion8,1048576,10,397.1832,16362192324183350314
fusion8_bf,1048576,10,396.0678,16362192324183350314
btree16_bl_a64,1048576,10,188.0615,16362192324183350314
btree8_bl,1048576,10,307.3013,16362192324183350314
btree8,1048576,10,290.7898,16362192324183350314
fusion8_c,1048576,10,339.0427,16362192324183350314
btree8_a64,1048576,10,309.9503,16362192324183350314
sorted_array,1048576,10,168.9499,16362192324183350314
btree8_bl_a64,1048576,11,233.9035,16362192324183350314
fusion8,1048576,11,372.5723,16362192324183350314
sorted_array,1048576,11,166.7862,16362192324183350314
btree8,1048576,11,259.7778,16362192324183350314
fusion8_c,1048576,11,332.1762,16362192324183350314
btree16_bl_a64,1048576,11,168.2449,16362192324183350314
btree8_bl,1048576,11,244.5328,16362192324183350314
btree8_a64,1048576,11,266.6519,16362192324183350314
fusion16_w,1048576,11,239.1647,16362192324183350314
fusion8_bf,1048576,11,384.3155,16362192324183350314
sorted_array,1048576,12,167.8909,16362192324183350314
fusion8_c,1048576,12,332.5684,16362192324183350314
btree8,1048576,12,264.2883,16362192324183350314
btree8_bl,1048576,12,240.8310,16362192324183350314
fusion8,1048576,12,357.4402,16362192324183350314
fusion16_w,1048576,12,252.5253,16362192324183350314
btree8_a64,1048576,12,269.4885,16362192324183350314
btree8_bl_a64,1048576,12,228.0334,16362192324183350314
btree16_bl_a64,1048576,12,167.1646,16362192324183350314
fusion8_bf,1048576,12,373.6435,16362192324183350314
fusion8,1048576,13,359.5535,16362192324183350314
sorted_array,1048576,13,167.3813,16362192324183350314
btree8_bl_a64,1048576,13,242.3508,16362192324183350314
btree16_bl_a64,1048576,13,221.3181,16362192324183350314
fusion8_bf,1048576,13,393.8538,16362192324183350314
btree8_a64,1048576,13,315.7684,16362192324183350314
fusion16_w,1048576,13,255.8228,16362192324183350314
fusion8_c,1048576,13,442.6437,16362192324183350314
btree8,1048576,13,442.9352,16362192324183350314
btree8_bl,1048576,13,441.2476,16362192324183350314
btree16_bl_a64,1048576,14,177.4933,16362192324183350314
btree8_bl,1048576,14,256.9916,16362192324183350314
sorted_array,1048576,14,168.3167,16362192324183350314
btree8,1048576,14,276.5228,16362192324183350314
fusion16_w,1048576,14,254.3488,16362192324183350314
fusion8_c,1048576,14,340.3107,16362192324183350314
btree8_a64,1048576,14,288.5269,16362192324183350314
fusion8_bf,1048576,14,382.3135,16362192324183350314
btree8_bl_a64,1048576,14,241.0248,16362192324183350314
fusion8,1048576,14,395.7748,16362192324183350314
btree8_a64,2097152,0,305.5267,6087976039063001523
btree8_bl_a64,2097152,0,281.7368,6087976039063001523
fusion8_c,2097152,0,352.7878,6087976039063001523
fusion16_w,2097152,0,363.8565,6087976039063001523
btree16_bl_a64,2097152,0,247.0306,6087976039063001523
fusion8,2097152,0,358.9310,6087976039063001523
fusion8_bf,2097152,0,379.1046,6087976039063001523
btree8,2097152,0,270.5109,6087976039063001523
btree8_bl,2097152,0,287.0956,6087976039063001523
sorted_array,2097152,0,237.6328,6087976039063001523
fusion8_c,2097152,1,352.7710,6087976039063001523
fusion16_w,2097152,1,357.2739,6087976039063001523
fusion8_bf,2097152,1,384.4482,6087976039063001523
btree8_a64,2097152,1,273.9197,6087976039063001523
sorted_array,2097152,1,232.1259,6087976039063001523
btree8_bl,2097152,1,296.8353,6087976039063001523
btree8,2097152,1,273.9670,6087976039063001523
btree8_bl_a64,2097152,1,283.7036,6087976039063001523
fusion8,2097152,1,378.5355,6087976039063001523
btree16_bl_a64,2097152,1,245.2087,6087976039063001523
sorted_array,2097152,2,230.5862,6087976039063001523
btree8_a64,2097152,2,275.1160,6087976039063001523
btree8_bl,2097152,2,287.7350,6087976039063001523
fusion8_c,2097152,2,346.2616,6087976039063001523
btree8,2097152,2,273.2407,6087976039063001523
fusion8,2097152,2,371.7178,6087976039063001523
btree16_bl_a64,2097152,2,260.2783,6087976039063001523
fusion16_w,2097152,2,354.7989,6087976039063001523
fusion8_bf,2097152,2,382.1442,6087976039063001523
btree8_bl_a64,2097152,2,273.5733,6087976039063001523
btree16_bl_a64,2097152,3,243.6188,6087976039063001523
btree8_bl,2097152,3,288.6169,6087976039063001523
fusion8_c,2097152,3,338.2965,6087976039063001523
btree8_a64,2097152,3,265.1917,6087976039063001523
fusion16_w,2097152,3,352.6688,6087976039063001523
btree8,2097152,3,288.0783,6087976039063001523
sorted_array,2097152,3,227.6077,6087976039063001523
fusion8,2097152,3,358.3679,6087976039063001523
fusion8_bf,2097152,3,370.2942,6087976039063001523
btree8_bl_a64,2097152,3,277.2629,6087976039063001523
btree8_bl_a64,2097152,4,210.0693,6087976039063001523
btree8_a64,2097152,4,265.1154,6087976039063001523
btree8,2097152,4,269.1528,6087976039063001523
btree16_bl_a64,2097152,4,236.5372,6087976039063001523
fusion16_w,2097152,4,347.6700,6087976039063001523
btree8_bl,2097152,4,297.9355,6087976039063001523
fusion8,2097152,4,364.5645,6087976039063001523
sorted_array,2097152,4,231.5475,6087976039063001523
fusion8_c,2097152,4,339.5050,6087976039063001523
fusion8_bf,2097152,4,366.9846,6087976039063001523
fusion16_w,2097152,5,354.9683,6087976039063001523
btree8,2097152,5,264.2899,6087976039063001523
fusion8,2097152,5,354.6860,6087976039063001523
sorted_array,2097152,5,227.7527,6087976039063001523
fusion8_c,2097152,5,329.6677,6087976039063001523
fusion8_bf,2097152,5,362.2681,6087976039063001523
btree8_bl_a64,2097152,5,270.6558,6087976039063001523
btree16_bl_a64,2097152,5,234.9228,6087976039063001523
btree8_a64,2097152,5,266.7557,6087976039063001523
btree8_bl,2097152,5,279.1290,6087976039063001523
btree8,2097152,6,262.2772,6087976039063001523
btree8_bl_a64,2097152,6,271.2494,6087976039063001523
fusion8_bf,2097152,6,403.5431,6087976039063001523
fusion8_c,2097152,6,332.1701,6087976039063001523
fusion16_w,2097152,6,352.0111,6087976039063001523
sorted_array,2097152,6,227.0248,6087976039063001523
fusion8,2097152,6,356.2546,6087976039063001523
btree8_bl,2097152,6,285.4996,6087976039063001523
btree16_bl_a64,2097152,6,234.9228,6087976039063001523
btree8_a64,2097152,6,266.3086,6087976039063001523
btree8_bl_a64,2097152,7,271.6522,6087976039063001523
fusion16_w,2097152,7,339.9048,6087976039063001523
btree16_bl_a64,2097152,7,255.5771,6087976039063001523
btree8_a64,2097152,7,265.9454,6087976039063001523
fusion8_bf,2097152,7,363.1256,6087976039063001523
fusion8_c,2097152,7,335.6400,6087976039063001523
fusion8,2097152,7,373.0927,6087976039063001523
btree8,2097152,7,262.7380,6087976039063001523
btree8_bl,2097152,7,284.3597,6087976039063001523
sorted_array,2097152,7,228.4683,6087976039063001523
fusion16_w,2097152,8,340.8890,6087976039063001523
btree8_bl,2097152,8,289.3311,6087976039063001523
sorted_array,2097152,8,227.2705,6087976039063001523
fusion8_bf,2097152,8,365.6540,6087976039063001523
btree8,2097152,8,264.1678,6087976039063001523
fusion8_c,2097152,8,329.8615,6087976039063001523
btree16_bl_a64,2097152,8,235.8536,6087976039063001523
btree8_a64,2097152,8,261.9141,6087976039063001523
fusion8,2097152,8,355.5008,6087976039063001523
btree8_bl_a64,2097152,8,271.3074,6087976039063001523
btree8_bl,2097152,9,281.2469,6087976039063001523
fusion8,2097152,9,355.0339,6087976039063001523
fusion8_c,2097152,9,336.2549,6087976039063001523
fusion8_bf,2097152,9,362.7930,6087976039063001523
fusion16_w,2097152,9,350.8804,6087976039063001523
btree8_bl_a64,2097152,9,270.2454,6087976039063001523
btree16_bl_a64,2097152,9,233.3740,6087976039063001523
sorted_array,2097152,9,229.6021,6087976039063001523
btree8,2097152,9,264.6149,6087976039063001523
btree8_a64,2097152,9,262.7838,6087976039063001523
fusion8_c,2097152,10,339.7568,6087976039063001523
fusion16_w,2097152,10,357.6401,6087976039063001523
btree8_bl_a64,2097152,10,285.2661,6087976039063001523
fusion8,2097152,10,362.6068,6087976039063001523
btree8_bl,2097152,10,301.3458,6087976039063001523
fusion8_bf,2097152,10,361.6852,6087976039063001523
btree16_bl_a64,2097152,10,242.6239,6087976039063001523
btree8,2097152,10,266.9525,6087976039063001523
btree8_a64,2097152,10,266.2613,6087976039063001523
sorted_array,2097152,10,228.8467,6087976039063001523
fusion8_bf,2097152,11,376.8494,6087976039063001523
sorted_array,2097152,11,228.6102,6087976039063001523
fusion8_c,2097152,11,333.3496,6087976039063001523
btree8_bl_a64,2097152,11,277.8351,6087976039063001523
btree8_bl,2097152,11,283.8715,6087976039063001523
btree8_a64,2097152,11,266.0385,6087976039063001523
btree8,2097152,11,266.6687,6087976039063001523
btree16_bl_a64,2097152,11,236.0748,6087976039063001523
fusion16_w,2097152,11,350.6561,6087976039063001523
fusion8,2097152,11,361.9385,6087976039063001523
btree16_bl_a64,2097152,12,236.7249,6087976039063001523
fusion8,2097152,12,355.5008,6087976039063001523
sorted_array,2097152,12,227.9419,6087976039063001523
fusion16_w,2097152,12,341.2766,6087976039063001523
fusion8_c,2097152,12,343.3716,6087976039063001523
btree8,2097152,12,269.9326,6087976039063001523
btree8_bl,2097152,12,288.2263,6087976039063001523
fusion8_bf,2097152,12,380.7983,6087976039063001523
btree8_bl_a64,2097152,12,270.1981,6087976039063001523
btree8_a64,2097152,12,267.2928,6087976039063001523
fusion8,2097152,13,354.9423,6087976039063001523
fusion8_c,2097152,13,336.9247,6087976039063001523
fusion8_bf,2097152,13,385.7986,6087976039063001523
fusion16_w,2097152,13,366.6443,6087976039063001523
sorted_array,2097152,13,228.9215,6087976039063001523
btree8,2097152,13,270.9595,6087976039063001523
btree16_bl_a64,2097152,13,239.0656,6087976039063001523
btree8_a64,2097152,13,266.6611,6087976039063001523
btree8_bl,2097152,13,288.4796,6087976039063001523
btree8_bl_a64,2097152,13,274.6460,6087976039063001523
fusion8_c,2097152,14,354.2419,6087976039063001523
btree8,2097152,14,269.0628,6087976039063001523
fusion8_bf,2097152,14,371.0938,6087976039063001523
fusion8,2097152,14,372.3129,6087976039063001523
btree8_bl,2097152,14,285.9909,6087976039063001523
btree16_bl_a64,2097152,14,233.8394,6087976039063001523
btree8_a64,2097152,14,262.7060,6087976039063001523
fusion16_w,2097152,14,358.2870,6087976039063001523
btree8_bl_a64,2097152,14,276.5976,6087976039063001523
sorted_array,2097152,14,232.6340,6087976039063001523
fusion8_bf,4194304,0,384.6649,14247903871160904604
btree8_bl_a64,4194304,0,282.3334,14247903871160904604
btree8,4194304,0,268.8995,14247903871160904604
fusion16_w,4194304,0,411.2061,14247903871160904604
fusion8_c,4194304,0,347.1008,14247903871160904604
btree8_a64,4194304,0,274.2264,14247903871160904604
sorted_array,4194304,0,353.0273,14247903871160904604
btree8_bl,4194304,0,285.6796,14247903871160904604
btree16_bl_a64,4194304,0,337.1719,14247903871160904604
fusion8,4194304,0,370.2866,14247903871160904604
btree8_bl_a64,4194304,1,293.2785,14247903871160904604
btree8_a64,4194304,1,274.1837,14247903871160904604
fusion8,4194304,1,365.6601,14247903871160904604
sorted_array,4194304,1,375.2518,14247903871160904604
fusion16_w,4194304,1,579.9530,14247903871160904604
fusion8_bf,4194304,1,470.1736,14247903871160904604
btree16_bl_a64,4194304,1,358.0536,14247903871160904604
btree8_bl,4194304,1,292.9337,14247903871160904604
fusion8_c,4194304,1,340.4190,14247903871160904604
btree8,4194304,1,277.6825,14247903871160904604
fusion16_w,4194304,2,415.2771,14247903871160904604
fusion8,4194304,2,357.0496,14247903871160904604
fusion8_bf,4194304,2,366.9754,14247903871160904604
btree8_bl,4194304,2,308.8470,14247903871160904604
fusion8_c,4194304,2,353.4607,14247903871160904604
sorted_array,4194304,2,366.0797,14247903871160904604
btree8_a64,4194304,2,277.5864,14247903871160904604
btree16_bl_a64,4194304,2,337.7289,14247903871160904604
btree8_bl_a64,4194304,2,289.4684,14247903871160904604
btree8,4194304,2,282.1350,14247903871160904604
fusion8,4194304,3,387.8342,14247903871160904604
fusion8_bf,4194304,3,367.2592,14247903871160904604
btree16_bl_a64,4194304,3,320.8481,14247903871160904604
fusion16_w,4194304,3,419.1345,14247903871160904604
btree8_bl_a64,4194304,3,276.4343,14247903871160904604
sorted_array,4194304,3,367.6056,14247903871160904604
btree8_a64,4194304,3,273.8464,14247903871160904604
fusion8_c,4194304,3,347.3114,14247903871160904604
btree8,4194304,3,269.3985,14247903871160904604
btree8_bl,4194304,3,285.6598,14247903871160904604
fusion8_bf,4194304,4,363.7177,14247903871160904604
btree8,4194304,4,267.5964,14247903871160904604
btree8_bl,4194304,4,320.9320,14247903871160904604
sorted_array,4194304,4,356.6864,14247903871160904604
fusion8_c,4194304,4,346.8979,14247903871160904604
btree16_bl_a64,4194304,4,338.2233,14247903871160904604
fusion8,4194304,4,367.8818,14247903871160904604
btree8_bl_a64,4194304,4,288.5849,14247903871160904604
fusion16_w,4194304,4,428.6606,14247903871160904604
btree8_a64,4194304,4,274.8367,14247903871160904604
fusion16_w,4194304,5,416.6779,14247903871160904604
sorted_array,4194304,5,376.8860,14247903871160904604
btree16_bl_a64,4194304,5,331.5002,14247903871160904604
btree8,4194304,5,274.7391,14247903871160904604
btree8_bl,4194304,5,291.5192,14247903871160904604
fusion8_bf,4194304,5,371.8842,14247903871160904604
btree8_bl_a64,4194304,5,280.4260,14247903871160904604
fusion8,4194304,5,377.1164,14247903871160904604
btree8_a64,4194304,5,271.4722,14247903871160904604
fusion8_c,4194304,5,358.0597,14247903871160904604
btree8_a64,4194304,6,261.9370,14247903871160904604
sorted_array,4194304,6,362.3581,14247903871160904604
btree8_bl_a64,4194304,6,280.1163,14247903871160904604
btree8,4194304,6,278.4042,14247903871160904604
fusion8_c,4194304,6,340.0894,14247903871160904604
fusion8_bf,4194304,6,373.6740,14247903871160904604
btree8_bl,4194304,6,293.2388,14247903871160904604
fusion16_w,4194304,6,414.9811,14247903871160904604
btree16_bl_a64,4194304,6,332.0679,14247903871160904604
fusion8,4194304,6,364.8590,14247903871160904604
btree8,4194304,7,276.9318,14247903871160904604
sorted_array,4194304,7,364.4302,14247903871160904604
fusion16_w,4194304,7,405.4504,14247903871160904604
fusion8,4194304,7,366.3696,14247903871160904604
fusion8_c,4194304,7,343.0710,14247903871160904604
btree8_bl_a64,4194304,7,277.0309,14247903871160904604
btree16_bl_a64,4194304,7,336.7310,14247903871160904604
btree8_bl,4194304,7,284.0836,14247903871160904604
btree8_a64,4194304,7,270.5963,14247903871160904604
fusion8_bf,4194304,7,374.3607,14247903871160904604
fusion8,4194304,8,368.4341,14247903871160904604
fusion16_w,4194304,8,418.1412,14247903871160904604
btree8,4194304,8,277.2720,14247903871160904604
btree16_bl_a64,4194304,8,331.2347,14247903871160904604
btree8_bl,4194304,8,288.8794,14247903871160904604
sorted_array,4194304,8,349.3744,14247903871160904604
fusion8_c,4194304,8,335.5438,14247903871160904604
fusion8_bf,4194304,8,378.9490,14247903871160904604
btree8_bl_a64,4194304,8,282.3486,14247903871160904604
btree8_a64,4194304,8,275.3342,14247903871160904604
btree8_bl_a64,4194304,9,277.5208,14247903871160904604
btree8,4194304,9,271.2021,14247903871160904604
fusion8_bf,4194304,9,377.8000,14247903871160904604
btree8_a64,4194304,9,265.4282,14247903871160904604
fusion8,4194304,9,355.7755,14247903871160904604
btree8_bl,4194304,9,284.9548,14247903871160904604
btree16_bl_a64,4194304,9,318.2220,14247903871160904604
fusion8_c,4194304,9,342.2867,14247903871160904604
fusion16_w,4194304,9,410.8994,14247903871160904604
sorted_array,4194304,9,351.9867,14247903871160904604
fusion8,4194304,10,358.1085,14247903871160904604
fusion16_w,4194304,10,421.9910,14247903871160904604
sorted_array,4194304,10,347.4686,14247903871160904604
fusion8_c,4194304,10,380.2231,14247903871160904604
btree8,4194304,10,261.9904,14247903871160904604
fusion8_bf,4194304,10,401.1765,14247903871160904604
btree8_bl_a64,4194304,10,277.0569,14247903871160904604
btree8_bl,4194304,10,288.0157,14247903871160904604
btree8_a64,4194304,10,264.9841,14247903871160904604
btree16_bl_a64,4194304,10,330.6702,14247903871160904604
fusion8_c,4194304,11,336.4090,14247903871160904604
btree8_bl,4194304,11,283.3496,14247903871160904604
fusion8_bf,4194304,11,362.3047,14247903871160904604
fusion8,4194304,11,361.2564,14247903871160904604
btree8,4194304,11,269.8013,14247903871160904604
btree8_a64,4194304,11,263.8550,14247903871160904604
btree8_bl_a64,4194304,11,276.9180,14247903871160904604
btree16_bl_a64,4194304,11,319.2749,14247903871160904604
sorted_array,4194304,11,351.4282,14247903871160904604
fusion16_w,4194304,11,400.5020,14247903871160904604
fusion8_bf,4194304,12,364.4836,14247903871160904604
btree8_bl_a64,4194304,12,275.9094,14247903871160904604
fusion16_w,4194304,12,403.3340,14247903871160904604
sorted_array,4194304,12,350.9659,14247903871160904604
btree8_bl,4194304,12,286.2228,14247903871160904604
btree16_bl_a64,4194304,12,327.9968,14247903871160904604
fusion8_c,4194304,12,334.7946,14247903871160904604
fusion8,4194304,12,357.0435,14247903871160904604
btree8,4194304,12,272.0703,14247903871160904604
btree8_a64,4194304,12,272.9736,14247903871160904604
sorted_array,4194304,13,356.6025,14247903871160904604
fusion8_bf,4194304,13,377.5894,14247903871160904604
btree8_a64,4194304,13,263.9542,14247903871160904604
btree16_bl_a64,4194304,13,319.7693,14247903871160904604
btree8_bl,4194304,13,287.8845,14247903871160904604
fusion8_c,4194304,13,332.3212,14247903871160904604
fusion16_w,4194304,13,422.9996,14247903871160904604
btree8_bl_a64,4194304,13,274.7589,14247903871160904604
fusion8,4194304,13,356.9839,14247903871160904604
btree8,4194304,13,265.5777,14247903871160904604
fusion8_bf,4194304,14,366.8320,14247903871160904604
fusion16_w,4194304,14,398.7656,14247903871160904604
fusion8,4194304,14,356.1066,14247903871160904604
btree16_bl_a64,4194304,14,314.6042,14247903871160904604
fusion8_c,4194304,14,333.6716,14247903871160904604
btree8,4194304,14,265.6784,14247903871160904604
btree8_bl,4194304,14,282.3441,14247903871160904604
btree8_a64,4194304,14,265.1566,14247903871160904604
btree8_bl_a64,4194304,14,274.7208,14247903871160904604
sorted_array,4194304,14,348.5947,14247903871160904604
btree16_bl_a64,8388608,0,358.5846,16818331115280313399
fusion16_w,8388608,0,446.0846,16818331115280313399
fusion8_bf,8388608,0,565.3641,16818331115280313399
btree8_a64,8388608,0,430.9570,16818331115280313399
btree8_bl,8388608,0,424.8093,16818331115280313399
fusion8_c,8388608,0,540.6891,16818331115280313399
btree8,8388608,0,442.5674,16818331115280313399
fusion8,8388608,0,727.4231,16818331115280313399
sorted_array,8388608,0,681.8665,16818331115280313399
btree8_bl_a64,8388608,0,452.6657,16818331115280313399
btree8_bl,8388608,1,438.0020,16818331115280313399
fusion8,8388608,1,549.7040,16818331115280313399
fusion8_c,8388608,1,501.4694,16818331115280313399
fusion8_bf,8388608,1,559.9411,16818331115280313399
btree16_bl_a64,8388608,1,423.9349,16818331115280313399
fusion16_w,8388608,1,457.4646,16818331115280313399
btree8,8388608,1,440.3778,16818331115280313399
sorted_array,8388608,1,593.6935,16818331115280313399
btree8_a64,8388608,1,439.4028,16818331115280313399
btree8_bl_a64,8388608,1,399.8596,16818331115280313399
btree8_a64,8388608,2,449.6475,16818331115280313399
fusion8_c,8388608,2,529.1565,16818331115280313399
btree16_bl_a64,8388608,2,368.8004,16818331115280313399
sorted_array,8388608,2,673.5336,16818331115280313399
fusion8_bf,8388608,2,623.3429,16818331115280313399
btree8_bl_a64,8388608,2,480.8411,16818331115280313399
fusion8,8388608,2,629.7577,16818331115280313399
btree8_bl,8388608,2,1056.9504,16818331115280313399
btree8,8388608,2,454.4434,16818331115280313399
fusion16_w,8388608,2,503.6026,16818331115280313399
btree8_bl_a64,8388608,3,438.7970,16818331115280313399
fusion16_w,8388608,3,457.6508,16818331115280313399
btree16_bl_a64,8388608,3,370.3384,16818331115280313399
fusion8,8388608,3,572.9721,16818331115280313399
fusion8_c,8388608,3,534.8816,16818331115280313399
sorted_array,8388608,3,597.5647,16818331115280313399
btree8_bl,8388608,3,443.3517,16818331115280313399
btree8,8388608,3,451.4206,16818331115280313399
btree8_a64,8388608,3,429.9957,16818331115280313399
fusion8_bf,8388608,3,557.5089,16818331115280313399
btree8_bl,8388608,4,411.1954,16818331115280313399
btree8,8388608,4,429.7470,16818331115280313399
btree16_bl_a64,8388608,4,402.0035,16818331115280313399
fusion16_w,8388608,4,445.0470,16818331115280313399
sorted_array,8388608,4,623.5703,16818331115280313399
fusion8_bf,8388608,4,613.8611,16818331115280313399
btree8_bl_a64,8388608,4,392.6514,16818331115280313399
btree8_a64,8388608,4,426.0696,16818331115280313399
fusion8_c,8388608,4,497.9034,16818331115280313399
fusion8,8388608,4,549.1135,16818331115280313399
fusion8_c,8388608,5,503.0914,16818331115280313399
fusion16_w,8388608,5,475.9949,16818331115280313399
btree8,8388608,5,449.1867,16818331115280313399
sorted_array,8388608,5,600.6622,16818331115280313399
btree16_bl_a64,8388608,5,370.5643,16818331115280313399
btree8_bl_a64,8388608,5,421.8567,16818331115280313399
btree8_bl,8388608,5,445.2789,16818331115280313399
fusion8,8388608,5,585.7925,16818331115280313399
fusion8_bf,8388608,5,664.0945,16818331115280313399
btree8_a64,8388608,5,669.5602,16818331115280313399
fusion8,8388608,6,1054.0695,16818331115280313399
btree8_bl,8388608,6,623.3505,16818331115280313399
btree8_a64,8388608,6,627.6947,16818331115280313399
fusion8_c,8388608,6,691.0797,16818331115280313399
fusion16_w,8388608,6,575.5692,16818331115280313399
sorted_array,8388608,6,741.8793,16818331115280313399
fusion8_bf,8388608,6,723.2452,16818331115280313399
btree16_bl_a64,8388608,6,458.7265,16818331115280313399
btree8_bl_a64,8388608,6,543.6203,16818331115280313399
btree8,8388608,6,605.4382,16818331115280313399
btree16_bl_a64,8388608,7,555.9387,16818331115280313399
btree8,8388608,7,563.9145,16818331115280313399
fusion8_bf,8388608,7,810.6567,16818331115280313399
fusion8,8388608,7,802.9160,16818331115280313399
btree8_bl,8388608,7,570.6406,16818331115280313399
btree8_bl_a64,8388608,7,570.0607,16818331115280313399
sorted_array,8388608,7,755.8640,16818331115280313399
fusion16_w,8388608,7,624.8306,16818331115280313399
fusion8_c,8388608,7,673.0621,16818331115280313399
btree8_a64,8388608,7,475.2441,16818331115280313399
fusion8_c,8388608,8,686.4807,16818331115280313399
fusion8_bf,8388608,8,756.0181,16818331115280313399
btree16_bl_a64,8388608,8,430.7510,16818331115280313399
btree8_a64,8388608,8,512.1078,16818331115280313399
sorted_array,8388608,8,704.6371,16818331115280313399
btree8_bl_a64,8388608,8,501.7838,16818331115280313399
btree8,8388608,8,565.3244,16818331115280313399
fusion8,8388608,8,662.3184,16818331115280313399
fusion16_w,8388608,8,492.3386,16818331115280313399
btree8_bl,8388608,8,465.7669,16818331115280313399
fusion8_c,8388608,9,670.0928,16818331115280313399
btree16_bl_a64,8388608,9,476.5625,16818331115280313399
fusion8,8388608,9,791.3773,16818331115280313399
fusion16_w,8388608,9,571.1502,16818331115280313399
btree8_bl,8388608,9,1092.7032,16818331115280313399
btree8_a64,8388608,9,533.1726,16818331115280313399
fusion8_bf,8388608,9,704.6509,16818331115280313399
btree8_bl_a64,8388608,9,590.4694,16818331115280313399
btree8,8388608,9,644.5709,16818331115280313399
sorted_array,8388608,9,624.7009,16818331115280313399
fusion8,8388608,10,791.3666,16818331115280313399
sorted_array,8388608,10,1489.5508,16818331115280313399
fusion8_c,8388608,10,744.3451,16818331115280313399
fusion8_bf,8388608,10,855.4367,16818331115280313399
btree8_bl_a64,8388608,10,565.5960,16818331115280313399
btree16_bl_a64,8388608,10,516.0690,16818331115280313399
btree8_bl,8388608,10,622.0169,16818331115280313399
fusion16_w,8388608,10,642.7521,16818331115280313399
btree8,8388608,10,642.0410,16818331115280313399
btree8_a64,8388608,10,594.7861,16818331115280313399
btree8,8388608,11,578.7628,16818331115280313399
sorted_array,8388608,11,757.1991,16818331115280313399
btree8_bl,8388608,11,579.9088,16818331115280313399
btree16_bl_a64,8388608,11,478.5980,16818331115280313399
btree8_a64,8388608,11,570.7367,16818331115280313399
fusion8_c,8388608,11,677.0355,16818331115280313399
fusion8_bf,8388608,11,779.1733,16818331115280313399
fusion16_w,8388608,11,516.2262,16818331115280313399
btree8_bl_a64,8388608,11,464.1708,16818331115280313399
fusion8,8388608,11,649.4949,16818331115280313399
sorted_array,8388608,12,640.4419,16818331115280313399
btree8_a64,8388608,12,502.7756,16818331115280313399
btree8,8388608,12,542.8421,16818331115280313399
fusion8_c,8388608,12,599.2065,16818331115280313399
btree8_bl,8388608,12,518.5883,16818331115280313399
fusion8_bf,8388608,12,733.8181,16818331115280313399
fusion16_w,8388608,12,488.2980,16818331115280313399
btree8_bl_a64,8388608,12,432.1060,16818331115280313399
fusion8,8388608,12,610.9299,16818331115280313399
btree16_bl_a64,8388608,12,459.3979,16818331115280313399
btree8,8388608,13,582.8842,16818331115280313399
btree16_bl_a64,8388608,13,462.1536,16818331115280313399
fusion8,8388608,13,690.5472,16818331115280313399
btree8_bl,8388608,13,526.6037,16818331115280313399
btree8_a64,8388608,13,508.1894,16818331115280313399
fusion16_w,8388608,13,548.6435,16818331115280313399
btree8_bl_a64,8388608,13,462.6678,16818331115280313399
fusion8_bf,8388608,13,635.1837,16818331115280313399
fusion8_c,8388608,13,563.3133,16818331115280313399
sorted_array,8388608,13,617.6392,16818331115280313399
fusion8_bf,8388608,14,541.0980,16818331115280313399
btree8_bl,8388608,14,398.9349,16818331115280313399
btree8_bl_a64,8388608,14,390.8768,16818331115280313399
btree8,8388608,14,438.9267,16818331115280313399
sorted_array,8388608,14,581.8451,16818331115280313399
fusion8,8388608,14,537.4115,16818331115280313399
fusion16_w,8388608,14,439.3646,16818331115280313399
fusion8_c,8388608,14,506.9336,16818331115280313399
btree8_a64,8388608,14,433.2397,16818331115280313399
btree16_bl_a64,8388608,14,354.7165,16818331115280313399
fusion8,16777216,0,850.5142,7378316869786178009
fusion16_w,16777216,0,609.4803,7378316869786178009
btree8,16777216,0,655.7663,7378316869786178009
btree16_bl_a64,16777216,0,550.3632,7378316869786178009
btree8_bl_a64,16777216,0,735.6125,7378316869786178009
btree8_bl,16777216,0,879.0695,7378316869786178009
fusion8_bf,16777216,0,984.2712,7378316869786178009
btree8_a64,16777216,0,1279.8981,7378316869786178009
fusion8_c,16777216,0,817.8741,7378316869786178009
sorted_array,16777216,0,1033.0582,7378316869786178009
btree8,16777216,1,712.1399,7378316869786178009
btree16_bl_a64,16777216,1,513.7222,7378316869786178009
btree8_bl,16777216,1,634.2850,7378316869786178009
fusion8_c,16777216,1,731.8390,7378316869786178009
btree8_bl_a64,16777216,1,628.9169,7378316869786178009
btree8_a64,16777216,1,628.6606,7378316869786178009
sorted_array,16777216,1,974.8047,7378316869786178009
fusion8,16777216,1,917.5018,7378316869786178009
fusion8_bf,16777216,1,1007.1838,7378316869786178009
fusion16_w,16777216,1,763.6322,7378316869786178009
btree8_a64,16777216,2,717.1158,7378316869786178009
fusion8,16777216,2,841.3498,7378316869786178009
btree8_bl,16777216,2,679.4525,7378316869786178009
sorted_array,16777216,2,1047.3389,7378316869786178009
fusion8_c,16777216,2,734.8251,7378316869786178009
fusion8_bf,16777216,2,847.6791,7378316869786178009
btree8_bl_a64,16777216,2,625.1328,7378316869786178009
btree16_bl_a64,16777216,2,483.9569,7378316869786178009
fusion16_w,16777216,2,618.6432,7378316869786178009
btree8,16777216,2,757.0099,7378316869786178009
btree8,16777216,3,581.1737,7378316869786178009
btree8_a64,16777216,3,634.6436,7378316869786178009
fusion8,16777216,3,791.1942,7378316869786178009
fusion8_bf,16777216,3,778.1036,7378316869786178009
sorted_array,16777216,3,970.0500,7378316869786178009
fusion16_w,16777216,3,530.2032,7378316869786178009
btree16_bl_a64,16777216,3,471.4203,7378316869786178009
btree8_bl,16777216,3,688.1699,7378316869786178009
fusion8_c,16777216,3,750.1038,7378316869786178009
btree8_bl_a64,16777216,3,675.1923,7378316869786178009
fusion8,16777216,4,825.1602,7378316869786178009
fusion8_c,16777216,4,653.1265,7378316869786178009
btree8,16777216,4,552.2797,7378316869786178009
fusion16_w,16777216,4,708.8303,7378316869786178009
btree8_a64,16777216,4,598.4680,7378316869786178009
btree8_bl,16777216,4,578.7476,7378316869786178009
sorted_array,16777216,4,850.8224,7378316869786178009
btree8_bl_a64,16777216,4,505.8105,7378316869786178009
btree16_bl_a64,16777216,4,377.2476,7378316869786178009
fusion8_bf,16777216,4,706.4301,7378316869786178009
fusion8,16777216,5,1013.4201,7378316869786178009
btree8,16777216,5,572.1771,7378316869786178009
btree8_bl_a64,16777216,5,550.2319,7378316869786178009
fusion8_c,16777216,5,600.4303,7378316869786178009
btree16_bl_a64,16777216,5,382.8857,7378316869786178009
btree8_a64,16777216,5,499.8383,7378316869786178009
btree8_bl,16777216,5,492.8833,7378316869786178009
fusion16_w,16777216,5,521.6751,7378316869786178009
sorted_array,16777216,5,878.6896,7378316869786178009
fusion8_bf,16777216,5,653.9398,7378316869786178009
sorted_array,16777216,6,803.4882,7378316869786178009
fusion8_c,16777216,6,589.7751,7378316869786178009
btree8,16777216,6,479.3747,7378316869786178009
fusion8,16777216,6,612.3032,7378316869786178009
btree8_bl,16777216,6,474.5316,7378316869786178009
btree8_a64,16777216,6,446.9269,7378316869786178009
btree16_bl_a64,16777216,6,351.6052,7378316869786178009
fusion16_w,16777216,6,474.5316,7378316869786178009
btree8_bl_a64,16777216,6,518.6600,7378316869786178009
fusion8_bf,16777216,6,690.7608,7378316869786178009
btree8_bl_a64,16777216,7,477.0935,7378316869786178009
btree8,16777216,7,453.8300,7378316869786178009
btree8_a64,16777216,7,457.5897,7378316869786178009
fusion8_c,16777216,7,533.3252,7378316869786178009
btree16_bl_a64,16777216,7,351.3779,7378316869786178009
fusion8_bf,16777216,7,577.4338,7378316869786178009
fusion8,16777216,7,571.4081,7378316869786178009
sorted_array,16777216,7,777.5253,7378316869786178009
btree8_bl,16777216,7,573.8800,7378316869786178009
fusion16_w,16777216,7,505.3207,7378316869786178009
fusion8,16777216,8,629.4128,7378316869786178009
sorted_array,16777216,8,805.6427,7378316869786178009
fusion8_c,16777216,8,571.9528,7378316869786178009
btree8,16777216,8,516.1713,7378316869786178009
btree8_bl_a64,16777216,8,501.6800,7378316869786178009
btree8_bl,16777216,8,511.4365,7378316869786178009
fusion16_w,16777216,8,457.2113,7378316869786178009
fusion8_bf,16777216,8,593.6722,7378316869786178009
btree16_bl_a64,16777216,8,358.3618,7378316869786178009
btree8_a64,16777216,8,448.6649,7378316869786178009
fusion8,16777216,9,573.4756,7378316869786178009
btree8,16777216,9,446.2952,7378316869786178009
fusion8_c,16777216,9,530.7220,7378316869786178009
fusion16_w,16777216,9,445.2484,7378316869786178009
sorted_array,16777216,9,777.7878,7378316869786178009
btree8_bl_a64,16777216,9,668.7210,7378316869786178009
btree16_bl_a64,16777216,9,414.0320,7378316869786178009
btree8_bl,16777216,9,547.7646,7378316869786178009
fusion8_bf,16777216,9,644.2947,7378316869786178009
btree8_a64,16777216,9,482.4768,7378316869786178009
btree8,16777216,10,483.0536,7378316869786178009
fusion16_w,16777216,10,493.6249,7378316869786178009
fusion8_c,16777216,10,601.3916,7378316869786178009
btree8_a64,16777216,10,492.6437,7378316869786178009
fusion8,16777216,10,659.0195,7378316869786178009
btree8_bl_a64,16777216,10,1061.4365,7378316869786178009
sorted_array,16777216,10,780.9540,7378316869786178009
fusion8_bf,16777216,10,603.1631,7378316869786178009
btree8_bl,16777216,10,499.7681,7378316869786178009
btree16_bl_a64,16777216,10,375.3525,7378316869786178009
btree8_a64,16777216,11,479.3365,7378316869786178009
btree8,16777216,11,503.8742,7378316869786178009
fusion8_c,16777216,11,553.8010,7378316869786178009
btree8_bl_a64,16777216,11,461.2823,7378316869786178009
fusion8_bf,16777216,11,578.8635,7378316869786178009
fusion8,16777216,11,587.2604,7378316869786178009
btree8_bl,16777216,11,482.5195,7378316869786178009
fusion16_w,16777216,11,449.6536,7378316869786178009
btree16_bl_a64,16777216,11,381.1539,7378316869786178009
sorted_array,16777216,11,798.5504,7378316869786178009
fusion8_c,16777216,12,544.6396,7378316869786178009
sorted_array,16777216,12,778.9047,7378316869786178009
btree8_bl_a64,16777216,12,484.6695,7378316869786178009
btree8_bl,16777216,12,503.7155,7378316869786178009
btree16_bl_a64,16777216,12,391.6931,7378316869786178009
fusion8_bf,16777216,12,611.0214,7378316869786178009
btree8_a64,16777216,12,466.0645,7378316869786178009
fusion16_w,16777216,12,471.6370,7378316869786178009
fusion8,16777216,12,639.4394,7378316869786178009
btree8,16777216,12,489.6301,7378316869786178009
fusion16_w,16777216,13,492.1417,7378316869786178009
btree8_bl,16777216,13,506.6101,7378316869786178009
fusion8_bf,16777216,13,596.9238,7378316869786178009
btree8_bl_a64,16777216,13,477.1271,7378316869786178009
btree8_a64,16777216,13,466.0202,7378316869786178009
fusion8,16777216,13,597.3221,7378316869786178009
btree16_bl_a64,16777216,13,364.9384,7378316869786178009
sorted_array,16777216,13,790.9866,7378316869786178009
btree8,16777216,13,495.1981,7378316869786178009
fusion8_c,16777216,13,551.1932,7378316869786178009
sorted_array,16777216,14,792.5110,7378316869786178009
btree8_a64,16777216,14,459.2392,7378316869786178009
btree8_bl_a64,16777216,14,465.4190,7378316869786178009
fusion8_c,16777216,14,532.3746,7378316869786178009
btree8_bl,16777216,14,478.1342,7378316869786178009
btree8,16777216,14,463.8138,7378316869786178009
fusion16_w,16777216,14,458.3542,7378316869786178009
btree16_bl_a64,16777216,14,361.7569,7378316869786178009
fusion8,16777216,14,591.3803,7378316869786178009
fusion8_bf,16777216,14,579.2221,7378316869786178009
fusion8_c,33554432,0,532.9376,14781225337507930917
btree8_bl,33554432,0,473.8190,14781225337507930917
btree8,33554432,0,457.2266,14781225337507930917
fusion8,33554432,0,579.3564,14781225337507930917
btree8_bl_a64,33554432,0,460.2417,14781225337507930917
fusion16_w,33554432,0,615.1016,14781225337507930917
btree16_bl_a64,33554432,0,495.0470,14781225337507930917
fusion8_bf,33554432,0,592.5919,14781225337507930917
sorted_array,33554432,0,931.7139,14781225337507930917
btree8_a64,33554432,0,460.2798,14781225337507930917
fusion16_w,33554432,1,620.8359,14781225337507930917
sorted_array,33554432,1,929.1534,14781225337507930917
btree8_bl_a64,33554432,1,459.1064,14781225337507930917
btree8_bl,33554432,1,479.0497,14781225337507930917
fusion8,33554432,1,594.1620,14781225337507930917
btree8,33554432,1,455.9860,14781225337507930917
fusion8_bf,33554432,1,590.5228,14781225337507930917
fusion8_c,33554432,1,550.5127,14781225337507930917
btree16_bl_a64,33554432,1,530.0598,14781225337507930917
btree8_a64,33554432,1,453.9886,14781225337507930917
sorted_array,33554432,2,934.9869,14781225337507930917
btree8,33554432,2,465.8524,14781225337507930917
fusion8_c,33554432,2,543.4769,14781225337507930917
fusion16_w,33554432,2,640.4266,14781225337507930917
btree8_a64,33554432,2,459.4315,14781225337507930917
btree16_bl_a64,33554432,2,521.0861,14781225337507930917
btree8_bl,33554432,2,497.0596,14781225337507930917
fusion8,33554432,2,704.2618,14781225337507930917
fusion8_bf,33554432,2,609.7092,14781225337507930917
btree8_bl_a64,33554432,2,464.2822,14781225337507930917
fusion16_w,33554432,3,648.6237,14781225337507930917
sorted_array,33554432,3,931.2866,14781225337507930917
fusion8,33554432,3,582.6080,14781225337507930917
btree8_bl_a64,33554432,3,469.7922,14781225337507930917
fusion8_c,33554432,3,538.1393,14781225337507930917
btree8_a64,33554432,3,450.9705,14781225337507930917
btree8,33554432,3,453.5629,14781225337507930917
btree8_bl,33554432,3,472.3251,14781225337507930917
fusion8_bf,33554432,3,587.2589,14781225337507930917
btree16_bl_a64,33554432,3,491.7923,14781225337507930917
fusion16_w,33554432,4,622.9462,14781225337507930917
btree8_bl_a64,33554432,4,468.1763,14781225337507930917
sorted_array,33554432,4,926.6373,14781225337507930917
btree8_bl,33554432,4,473.1796,14781225337507930917
fusion8,33554432,4,584.3674,14781225337507930917
fusion8_bf,33554432,4,607.9285,14781225337507930917
btree8,33554432,4,459.5444,14781225337507930917
fusion8_c,33554432,4,538.6765,14781225337507930917
btree8_a64,33554432,4,454.0665,14781225337507930917
btree16_bl_a64,33554432,4,562.7121,14781225337507930917
fusion8,33554432,5,595.1050,14781225337507930917
fusion8_c,33554432,5,554.9606,14781225337507930917
btree16_bl_a64,33554432,5,507.6614,14781225337507930917
btree8_a64,33554432,5,453.9352,14781225337507930917
btree8_bl_a64,33554432,5,463.4598,14781225337507930917
btree8_bl,33554432,5,476.0834,14781225337507930917
fusion16_w,33554432,5,625.8347,14781225337507930917
fusion8_bf,33554432,5,586.0657,14781225337507930917
sorted_array,33554432,5,935.9222,14781225337507930917
btree8,33554432,5,458.7616,14781225337507930917
fusion8_bf,33554432,6,599.7986,14781225337507930917
fusion16_w,33554432,6,641.8091,14781225337507930917
btree8,33554432,6,458.5663,14781225337507930917
btree8_bl_a64,33554432,6,475.8057,14781225337507930917
fusion8_c,33554432,6,539.9673,14781225337507930917
sorted_array,33554432,6,942.5323,14781225337507930917
fusion8,33554432,6,599.4553,14781225337507930917
btree16_bl_a64,33554432,6,530.9204,14781225337507930917
btree8_a64,33554432,6,476.0086,14781225337507930917
btree8_bl,33554432,6,495.7458,14781225337507930917
fusion16_w,33554432,7,638.4232,14781225337507930917
btree8_bl_a64,33554432,7,470.3201,14781225337507930917
btree16_bl_a64,33554432,7,524.1974,14781225337507930917
btree8_bl,33554432,7,503.7964,14781225337507930917
fusion8_c,33554432,7,571.2753,14781225337507930917
fusion8_bf,33554432,7,625.9628,14781225337507930917
sorted_array,33554432,7,940.4297,14781225337507930917
btree8_a64,33554432,7,459.1644,14781225337507930917
fusion8,33554432,7,814.7400,14781225337507930917
btree8,33554432,7,673.5855,14781225337507930917
btree8_bl_a64,33554432,8,602.1286,14781225337507930917
fusion8_c,33554432,8,600.9750,14781225337507930917
fusion8,33554432,8,639.8788,14781225337507930917
fusion8_bf,33554432,8,648.2666,14781225337507930917
btree16_bl_a64,33554432,8,545.4102,14781225337507930917
btree8_a64,33554432,8,478.9383,14781225337507930917
sorted_array,33554432,8,954.2496,14781225337507930917
btree8_bl,33554432,8,489.0182,14781225337507930917
btree8,33554432,8,471.9513,14781225337507930917
fusion16_w,33554432,8,649.0204,14781225337507930917
btree8_a64,33554432,9,474.6033,14781225337507930917
btree8_bl,33554432,9,486.4838,14781225337507930917
btree8,33554432,9,464.6515,14781225337507930917
btree16_bl_a64,33554432,9,488.5788,14781225337507930917
fusion8,33554432,9,600.5417,14781225337507930917
fusion8_c,33554432,9,565.7639,14781225337507930917
fusion8_bf,33554432,9,603.2944,14781225337507930917
sorted_array,33554432,9,942.8711,14781225337507930917
btree8_bl_a64,33554432,9,470.5185,14781225337507930917
fusion16_w,33554432,9,764.1647,14781225337507930917
btree8_a64,33554432,10,662.3734,14781225337507930917
btree16_bl_a64,33554432,10,716.4856,14781225337507930917
btree8,33554432,10,568.4052,14781225337507930917
fusion16_w,33554432,10,681.0791,14781225337507930917
sorted_array,33554432,10,940.1733,14781225337507930917
btree8_bl,33554432,10,489.9185,14781225337507930917
fusion8_c,33554432,10,543.2007,14781225337507930917
fusion8_bf,33554432,10,592.4149,14781225337507930917
fusion8,33554432,10,681.5979,14781225337507930917
btree8_bl_a64,33554432,10,563.9709,14781225337507930917
fusion8_bf,33554432,11,659.5840,14781225337507930917
fusion8,33554432,11,702.4612,14781225337507930917
btree16_bl_a64,33554432,11,512.0209,14781225337507930917
btree8_bl,33554432,11,502.8946,14781225337507930917
fusion16_w,33554432,11,723.3765,14781225337507930917
sorted_array,33554432,11,1348.3322,14781225337507930917
fusion8_c,33554432,11,689.4775,14781225337507930917
btree8,33554432,11,556.8573,14781225337507930917
btree8_a64,33554432,11,456.5033,14781225337507930917
btree8_bl_a64,33554432,11,475.6271,14781225337507930917
btree8_bl,33554432,12,499.1791,14781225337507930917
fusion8_c,33554432,12,560.0403,14781225337507930917
fusion16_w,33554432,12,651.6037,14781225337507930917
btree8_a64,33554432,12,455.1071,14781225337507930917
fusion8_bf,33554432,12,648.3673,14781225337507930917
sorted_array,33554432,12,1006.5353,14781225337507930917
fusion8,33554432,12,695.7275,14781225337507930917
btree8,33554432,12,512.9837,14781225337507930917
btree16_bl_a64,33554432,12,613.9755,14781225337507930917
btree8_bl_a64,33554432,12,680.0674,14781225337507930917
btree8_a64,33554432,13,583.8699,14781225337507930917
fusion8,33554432,13,626.1703,14781225337507930917
fusion8_bf,33554432,13,628.3035,14781225337507930917
btree8_bl_a64,33554432,13,487.0361,14781225337507930917
btree8_bl,33554432,13,504.0375,14781225337507930917
fusion8_c,33554432,13,575.1328,14781225337507930917
btree16_bl_a64,33554432,13,515.3992,14781225337507930917
sorted_array,33554432,13,942.6468,14781225337507930917
btree8,33554432,13,487.7884,14781225337507930917
fusion16_w,33554432,13,794.3466,14781225337507930917
fusion16_w,33554432,14,687.1979,14781225337507930917
btree8_bl_a64,33554432,14,539.1510,14781225337507930917
fusion8_c,33554432,14,690.4663,14781225337507930917
btree8_a64,33554432,14,567.2150,14781225337507930917
sorted_array,33554432,14,994.4000,14781225337507930917
fusion8,33554432,14,648.3017,14781225337507930917
btree16_bl_a64,33554432,14,520.8160,14781225337507930917
btree8_bl,33554432,14,487.9776,14781225337507930917
fusion8_bf,33554432,14,627.8244,14781225337507930917
btree8,33554432,14,481.1447,14781225337507930917
