structure,n,rep,ns_per_query,checksum
sorted_array,256,0,4.4876,3802318259966007189
sorted_array,256,1,4.5288,3802318259966007189
sorted_array,256,2,4.4800,3802318259966007189
sorted_array,256,3,4.4693,3802318259966007189
sorted_array,256,4,4.4678,3802318259966007189
sorted_array,256,5,4.4708,3802318259966007189
sorted_array,256,6,4.4678,3802318259966007189
sorted_array,256,7,4.4876,3802318259966007189
sorted_array,256,8,4.5364,3802318259966007189
sorted_array,256,9,4.4785,3802318259966007189
sorted_array,256,10,4.4846,3802318259966007189
sorted_array,256,11,4.4800,3802318259966007189
sorted_array,256,12,4.4785,3802318259966007189
sorted_array,256,13,4.4815,3802318259966007189
sorted_array,256,14,4.4876,3802318259966007189
btree8,256,0,21.6415,3802318259966007189
btree8,256,1,21.3562,3802318259966007189
btree8,256,2,21.4035,3802318259966007189
btree8,256,3,21.2494,3802318259966007189
btree8,256,4,21.3303,3802318259966007189
btree8,256,5,21.3608,3802318259966007189
btree8,256,6,22.1909,3802318259966007189
btree8,256,7,21.2326,3802318259966007189
btree8,256,8,21.2296,3802318259966007189
btree8,256,9,21.2158,3802318259966007189
btree8,256,10,21.2006,3802318259966007189
btree8,256,11,21.2143,3802318259966007189
btree8,256,12,21.2311,3802318259966007189
btree8,256,13,21.1929,3802318259966007189
btree8,256,14,21.1777,3802318259966007189
btree8_bl,256,0,13.3102,3802318259966007189
btree8_bl,256,1,13.2248,3802318259966007189
btree8_bl,256,2,13.3743,3802318259966007189
btree8_bl,256,3,13.1912,3802318259966007189
btree8_bl,256,4,13.1287,3802318259966007189
btree8_bl,256,5,13.0371,3802318259966007189
btree8_bl,256,6,13.0157,3802318259966007189
btree8_bl,256,7,12.9700,3802318259966007189
btree8_bl,256,8,12.9959,3802318259966007189
btree8_bl,256,9,12.9440,3802318259966007189
btree8_bl,256,10,12.9333,3802318259966007189
btree8_bl,256,11,12.8952,3802318259966007189
btree8_bl,256,12,12.8830,3802318259966007189
btree8_bl,256,13,12.8616,3802318259966007189
btree8_bl,256,14,12.9211,3802318259966007189
btree8_a64,256,0,20.2423,3802318259966007189
btree8_a64,256,1,19.7739,3802318259966007189
btree8_a64,256,2,19.7556,3802318259966007189
btree8_a64,256,3,19.7281,3802318259966007189
btree8_a64,256,4,19.7693,3802318259966007189
btree8_a64,256,5,19.7189,3802318259966007189
btree8_a64,256,6,19.7495,3802318259966007189
btree8_a64,256,7,19.7449,3802318259966007189
btree8_a64,256,8,19.6777,3802318259966007189
btree8_a64,256,9,19.6671,3802318259966007189
btree8_a64,256,10,19.7891,3802318259966007189
btree8_a64,256,11,19.7525,3802318259966007189
btree8_a64,256,12,19.7052,3802318259966007189
btree8_a64,256,13,19.7189,3802318259966007189
btree8_a64,256,14,19.6915,3802318259966007189
btree8_bl_a64,256,0,11.9415,3802318259966007189
btree8_bl_a64,256,1,11.8225,3802318259966007189
btree8_bl_a64,256,2,11.8790,3802318259966007189
btree8_bl_a64,256,3,11.8866,3802318259966007189
btree8_bl_a64,256,4,11.7020,3802318259966007189
btree8_bl_a64,256,5,11.7355,3802318259966007189
btree8_bl_a64,256,6,11.6394,3802318259966007189
btree8_bl_a64,256,7,11.7188,3802318259966007189
btree8_bl_a64,256,8,11.6196,3802318259966007189
btree8_bl_a64,256,9,11.6364,3802318259966007189
btree8_bl_a64,256,10,11.6409,3802318259966007189
btree8_bl_a64,256,11,11.5845,3802318259966007189
btree8_bl_a64,256,12,11.6226,3802318259966007189
btree8_bl_a64,256,13,11.5326,3802318259966007189
btree8_bl_a64,256,14,11.5662,3802318259966007189
btree16_bl_a64,256,0,5.0568,3802318259966007189
btree16_bl_a64,256,1,4.7684,3802318259966007189
btree16_bl_a64,256,2,4.6417,3802318259966007189
btree16_bl_a64,256,3,4.6295,3802318259966007189
btree16_bl_a64,256,4,4.6631,3802318259966007189
btree16_bl_a64,256,5,4.6600,3802318259966007189
btree16_bl_a64,256,6,4.6967,3802318259966007189
btree16_bl_a64,256,7,4.6356,3802318259966007189
btree16_bl_a64,256,8,4.6097,3802318259966007189
btree16_bl_a64,256,9,4.5929,3802318259966007189
btree16_bl_a64,256,10,4.5853,3802318259966007189
btree16_bl_a64,256,11,4.5639,3802318259966007189
btree16_bl_a64,256,12,4.5593,3802318259966007189
btree16_bl_a64,256,13,4.6097,3802318259966007189
btree16_bl_a64,256,14,4.5654,3802318259966007189
fusion8,256,0,35.9161,3802318259966007189
fusion8,256,1,35.5942,3802318259966007189
fusion8,256,2,35.9161,3802318259966007189
fusion8,256,3,35.8841,3802318259966007189
fusion8,256,4,35.4767,3802318259966007189
fusion8,256,5,35.4996,3802318259966007189
fusion8,256,6,35.8734,3802318259966007189
fusion8,256,7,36.0870,3802318259966007189
fusion8,256,8,35.3989,3802318259966007189
fusion8,256,9,35.5560,3802318259966007189
fusion8,256,10,35.5087,3802318259966007189
fusion8,256,11,35.5911,3802318259966007189
fusion8,256,12,35.5423,3802318259966007189
fusion8,256,13,35.5057,3802318259966007189
fusion8,256,14,35.3195,3802318259966007189
fusion8_bf,256,0,37.8891,3802318259966007189
fusion8_bf,256,1,37.9028,3802318259966007189
fusion8_bf,256,2,37.7899,3802318259966007189
fusion8_bf,256,3,37.8174,3802318259966007189
fusion8_bf,256,4,37.9532,3802318259966007189
fusion8_bf,256,5,37.7945,3802318259966007189
fusion8_bf,256,6,37.7518,3802318259966007189
fusion8_bf,256,7,37.7914,3802318259966007189
fusion8_bf,256,8,37.7533,3802318259966007189
fusion8_bf,256,9,37.8799,3802318259966007189
fusion8_bf,256,10,47.2931,3802318259966007189
fusion8_bf,256,11,38.2935,3802318259966007189
fusion8_bf,256,12,39.8331,3802318259966007189
fusion8_bf,256,13,37.8342,3802318259966007189
fusion8_bf,256,14,38.0402,3802318259966007189
fusion8_c,256,0,38.9862,3802318259966007189
fusion8_c,256,1,37.0193,3802318259966007189
fusion8_c,256,2,36.8286,3802318259966007189
fusion8_c,256,3,36.8607,3802318259966007189
fusion8_c,256,4,36.7157,3802318259966007189
fusion8_c,256,5,36.7554,3802318259966007189
fusion8_c,256,6,36.9064,3802318259966007189
fusion8_c,256,7,36.6867,3802318259966007189
fusion8_c,256,8,36.7142,3802318259966007189
fusion8_c,256,9,36.7233,3802318259966007189
fusion8_c,256,10,36.6989,3802318259966007189
fusion8_c,256,11,36.6669,3802318259966007189
fusion8_c,256,12,36.8652,3802318259966007189
fusion8_c,256,13,36.9720,3802318259966007189
fusion8_c,256,14,36.7722,3802318259966007189
fusion16_w,256,0,27.8519,3802318259966007189
fusion16_w,256,1,27.8259,3802318259966007189
fusion16_w,256,2,27.6459,3802318259966007189
fusion16_w,256,3,27.8107,3802318259966007189
fusion16_w,256,4,27.7771,3802318259966007189
fusion16_w,256,5,27.5528,3802318259966007189
fusion16_w,256,6,27.6428,3802318259966007189
fusion16_w,256,7,27.9129,3802318259966007189
fusion16_w,256,8,27.6443,3802318259966007189
fusion16_w,256,9,30.4871,3802318259966007189
fusion16_w,256,10,27.6657,3802318259966007189
fusion16_w,256,11,27.5253,3802318259966007189
fusion16_w,256,12,27.4750,3802318259966007189
fusion16_w,256,13,27.4841,3802318259966007189
fusion16_w,256,14,27.5650,3802318259966007189
sorted_array,512,0,5.0491,18445980686323395203
sorted_array,512,1,5.0400,18445980686323395203
sorted_array,512,2,5.0751,18445980686323395203
sorted_array,512,3,5.0888,18445980686323395203
sorted_array,512,4,5.0659,18445980686323395203
sorted_array,512,5,5.0568,18445980686323395203
sorted_array,512,6,5.0644,18445980686323395203
sorted_array,512,7,5.0537,18445980686323395203
sorted_array,512,8,5.0827,18445980686323395203
sorted_array,512,9,5.0507,18445980686323395203
sorted_array,512,10,5.0537,18445980686323395203
sorted_array,512,11,5.0522,18445980686323395203
sorted_array,512,12,5.0507,18445980686323395203
sorted_array,512,13,5.0781,18445980686323395203
sorted_array,512,14,5.0537,18445980686323395203
btree8,512,0,24.6918,18445980686323395203
btree8,512,1,24.0723,18445980686323395203
btree8,512,2,24.2859,18445980686323395203
btree8,512,3,24.3057,18445980686323395203
btree8,512,4,24.3179,18445980686323395203
btree8,512,5,24.3500,18445980686323395203
btree8,512,6,24.3408,18445980686323395203
btree8,512,7,24.3912,18445980686323395203
btree8,512,8,24.2599,18445980686323395203
btree8,512,9,24.1226,18445980686323395203
btree8,512,10,24.1653,18445980686323395203
btree8,512,11,24.2874,18445980686323395203
btree8,512,12,24.2401,18445980686323395203
btree8,512,13,23.8647,18445980686323395203
btree8,512,14,24.1638,18445980686323395203
btree8_bl,512,0,8.8638,18445980686323395203
btree8_bl,512,1,8.6639,18445980686323395203
btree8_bl,512,2,8.6197,18445980686323395203
btree8_bl,512,3,8.5999,18445980686323395203
btree8_bl,512,4,8.6365,18445980686323395203
btree8_bl,512,5,8.7006,18445980686323395203
btree8_bl,512,6,8.5342,18445980686323395203
btree8_bl,512,7,8.5861,18445980686323395203
btree8_bl,512,8,8.5220,18445980686323395203
btree8_bl,512,9,8.5083,18445980686323395203
btree8_bl,512,10,8.5571,18445980686323395203
btree8_bl,512,11,8.6411,18445980686323395203
btree8_bl,512,12,8.6304,18445980686323395203
btree8_bl,512,13,8.6594,18445980686323395203
btree8_bl,512,14,8.6029,18445980686323395203
btree8_a64,512,0,22.5433,18445980686323395203
btree8_a64,512,1,22.5067,18445980686323395203
btree8_a64,512,2,22.6471,18445980686323395203
btree8_a64,512,3,22.5296,18445980686323395203
btree8_a64,512,4,22.2031,18445980686323395203
btree8_a64,512,5,22.0581,18445980686323395203
btree8_a64,512,6,22.0566,18445980686323395203
btree8_a64,512,7,22.2504,18445980686323395203
btree8_a64,512,8,22.3557,18445980686323395203
btree8_a64,512,9,22.4152,18445980686323395203
btree8_a64,512,10,22.2214,18445980686323395203
btree8_a64,512,11,22.3694,18445980686323395203
btree8_a64,512,12,22.3923,18445980686323395203
btree8_a64,512,13,22.3145,18445980686323395203
btree8_a64,512,14,22.4365,18445980686323395203
btree8_bl_a64,512,0,9.1080,18445980686323395203
btree8_bl_a64,512,1,7.8049,18445980686323395203
btree8_bl_a64,512,2,7.8247,18445980686323395203
btree8_bl_a64,512,3,7.7515,18445980686323395203
btree8_bl_a64,512,4,7.7301,18445980686323395203
btree8_bl_a64,512,5,7.7255,18445980686323395203
btree8_bl_a64,512,6,7.7362,18445980686323395203
btree8_bl_a64,512,7,7.5821,18445980686323395203
btree8_bl_a64,512,8,7.5607,18445980686323395203
btree8_bl_a64,512,9,7.6889,18445980686323395203
btree8_bl_a64,512,10,7.6492,18445980686323395203
btree8_bl_a64,512,11,7.5684,18445980686323395203
btree8_bl_a64,512,12,7.8079,18445980686323395203
btree8_bl_a64,512,13,7.7667,18445980686323395203
btree8_bl_a64,512,14,7.6828,18445980686323395203
btree16_bl_a64,512,0,14.7507,18445980686323395203
btree16_bl_a64,512,1,14.4974,18445980686323395203
btree16_bl_a64,512,2,14.3356,18445980686323395203
btree16_bl_a64,512,3,14.3585,18445980686323395203
btree16_bl_a64,512,4,14.2395,18445980686323395203
btree16_bl_a64,512,5,14.2807,18445980686323395203
btree16_bl_a64,512,6,14.2014,18445980686323395203
btree16_bl_a64,512,7,14.2365,18445980686323395203
btree16_bl_a64,512,8,13.9954,18445980686323395203
btree16_bl_a64,512,9,13.9847,18445980686323395203
btree16_bl_a64,512,10,13.8962,18445980686323395203
btree16_bl_a64,512,11,13.9847,18445980686323395203
btree16_bl_a64,512,12,14.0045,18445980686323395203
btree16_bl_a64,512,13,14.0030,18445980686323395203
btree16_bl_a64,512,14,14.1876,18445980686323395203
fusion8,512,0,35.6155,18445980686323395203
fusion8,512,1,35.2844,18445980686323395203
fusion8,512,2,35.2570,18445980686323395203
fusion8,512,3,35.0891,18445980686323395203
fusion8,512,4,35.1349,18445980686323395203
fusion8,512,5,35.0586,18445980686323395203
fusion8,512,6,35.0327,18445980686323395203
fusion8,512,7,35.1410,18445980686323395203
fusion8,512,8,35.0601,18445980686323395203
fusion8,512,9,35.1044,18445980686323395203
fusion8,512,10,35.1059,18445980686323395203
fusion8,512,11,35.0174,18445980686323395203
fusion8,512,12,35.0235,18445980686323395203
fusion8,512,13,35.0021,18445980686323395203
fusion8,512,14,35.0830,18445980686323395203
fusion8_bf,512,0,38.2401,18445980686323395203
fusion8_bf,512,1,38.1577,18445980686323395203
fusion8_bf,512,2,39.5340,18445980686323395203
fusion8_bf,512,3,38.2843,18445980686323395203
fusion8_bf,512,4,38.2309,18445980686323395203
fusion8_bf,512,5,38.1088,18445980686323395203
fusion8_bf,512,6,38.2355,18445980686323395203
fusion8_bf,512,7,38.2446,18445980686323395203
fusion8_bf,512,8,38.0859,18445980686323395203
fusion8_bf,512,9,38.1607,18445980686323395203
fusion8_bf,512,10,38.1027,18445980686323395203
fusion8_bf,512,11,38.1256,18445980686323395203
fusion8_bf,512,12,38.1561,18445980686323395203
fusion8_bf,512,13,38.2080,18445980686323395203
fusion8_bf,512,14,38.0844,18445980686323395203
fusion8_c,512,0,39.4974,18445980686323395203
fusion8_c,512,1,38.1393,18445980686323395203
fusion8_c,512,2,37.5397,18445980686323395203
fusion8_c,512,3,37.5656,18445980686323395203
fusion8_c,512,4,37.5076,18445980686323395203
fusion8_c,512,5,37.5015,18445980686323395203
fusion8_c,512,6,37.5076,18445980686323395203
fusion8_c,512,7,37.4390,18445980686323395203
fusion8_c,512,8,37.5824,18445980686323395203
fusion8_c,512,9,37.5351,18445980686323395203
fusion8_c,512,10,37.4268,18445980686323395203
fusion8_c,512,11,37.4268,18445980686323395203
fusion8_c,512,12,38.3316,18445980686323395203
fusion8_c,512,13,37.5702,18445980686323395203
fusion8_c,512,14,37.5488,18445980686323395203
fusion16_w,512,0,42.1158,18445980686323395203
fusion16_w,512,1,41.9296,18445980686323395203
fusion16_w,512,2,41.8716,18445980686323395203
fusion16_w,512,3,41.8915,18445980686323395203
fusion16_w,512,4,41.9586,18445980686323395203
fusion16_w,512,5,41.9922,18445980686323395203
fusion16_w,512,6,42.0807,18445980686323395203
fusion16_w,512,7,41.8869,18445980686323395203
fusion16_w,512,8,41.8747,18445980686323395203
fusion16_w,512,9,41.2460,18445980686323395203
fusion16_w,512,10,41.6351,18445980686323395203
fusion16_w,512,11,41.8457,18445980686323395203
fusion16_w,512,12,41.8198,18445980686323395203
fusion16_w,512,13,41.9769,18445980686323395203
fusion16_w,512,14,41.9785,18445980686323395203
sorted_array,1024,0,5.8655,13330139387826418850
sorted_array,1024,1,5.8334,13330139387826418850
sorted_array,1024,2,5.8136,13330139387826418850
sorted_array,1024,3,5.8182,13330139387826418850
sorted_array,1024,4,5.8319,13330139387826418850
sorted_array,1024,5,5.8701,13330139387826418850
sorted_array,1024,6,5.8304,13330139387826418850
sorted_array,1024,7,5.8365,13330139387826418850
sorted_array,1024,8,5.8319,13330139387826418850
sorted_array,1024,9,5.8624,13330139387826418850
sorted_array,1024,10,5.8090,13330139387826418850
sorted_array,1024,11,5.8014,13330139387826418850
sorted_array,1024,12,5.8151,13330139387826418850
sorted_array,1024,13,5.8289,13330139387826418850
sorted_array,1024,14,5.8792,13330139387826418850
btree8,1024,0,27.9419,13330139387826418850
btree8,1024,1,27.1042,13330139387826418850
btree8,1024,2,27.6138,13330139387826418850
btree8,1024,3,27.6016,13330139387826418850
btree8,1024,4,27.7100,13330139387826418850
btree8,1024,5,26.9669,13330139387826418850
btree8,1024,6,27.4826,13330139387826418850
btree8,1024,7,27.4124,13330139387826418850
btree8,1024,8,27.4551,13330139387826418850
btree8,1024,9,27.4689,13330139387826418850
btree8,1024,10,26.9333,13330139387826418850
btree8,1024,11,27.4811,13330139387826418850
btree8,1024,12,27.4597,13330139387826418850
btree8,1024,13,27.4918,13330139387826418850
btree8,1024,14,27.5391,13330139387826418850
btree8_bl,1024,0,21.8628,13330139387826418850
btree8_bl,1024,1,21.8277,13330139387826418850
btree8_bl,1024,2,21.9055,13330139387826418850
btree8_bl,1024,3,21.7178,13330139387826418850
btree8_bl,1024,4,21.6705,13330139387826418850
btree8_bl,1024,5,21.7621,13330139387826418850
btree8_bl,1024,6,21.6629,13330139387826418850
btree8_bl,1024,7,21.6690,13330139387826418850
btree8_bl,1024,8,22.8638,13330139387826418850
btree8_bl,1024,9,21.7392,13330139387826418850
btree8_bl,1024,10,21.7087,13330139387826418850
btree8_bl,1024,11,21.6583,13330139387826418850
btree8_bl,1024,12,21.6415,13330139387826418850
btree8_bl,1024,13,21.6690,13330139387826418850
btree8_bl,1024,14,21.7468,13330139387826418850
btree8_a64,1024,0,25.3342,13330139387826418850
btree8_a64,1024,1,24.8169,13330139387826418850
btree8_a64,1024,2,24.8230,13330139387826418850
btree8_a64,1024,3,24.8474,13330139387826418850
btree8_a64,1024,4,24.7925,13330139387826418850
btree8_a64,1024,5,24.8245,13330139387826418850
btree8_a64,1024,6,24.7742,13330139387826418850
btree8_a64,1024,7,24.8245,13330139387826418850
btree8_a64,1024,8,24.8642,13330139387826418850
btree8_a64,1024,9,24.7986,13330139387826418850
btree8_a64,1024,10,24.6552,13330139387826418850
btree8_a64,1024,11,24.8123,13330139387826418850
btree8_a64,1024,12,24.8505,13330139387826418850
btree8_a64,1024,13,24.8871,13330139387826418850
btree8_a64,1024,14,25.7919,13330139387826418850
btree8_bl_a64,1024,0,19.3359,13330139387826418850
btree8_bl_a64,1024,1,19.3054,13330139387826418850
btree8_bl_a64,1024,2,19.2337,13330139387826418850
btree8_bl_a64,1024,3,19.2200,13330139387826418850
btree8_bl_a64,1024,4,19.2017,13330139387826418850
btree8_bl_a64,1024,5,19.1345,13330139387826418850
btree8_bl_a64,1024,6,19.1544,13330139387826418850
btree8_bl_a64,1024,7,19.1971,13330139387826418850
btree8_bl_a64,1024,8,19.1238,13330139387826418850
btree8_bl_a64,1024,9,19.2780,13330139387826418850
btree8_bl_a64,1024,10,19.2947,13330139387826418850
btree8_bl_a64,1024,11,19.0308,13330139387826418850
btree8_bl_a64,1024,12,19.2429,13330139387826418850
btree8_bl_a64,1024,13,19.2276,13330139387826418850
btree8_bl_a64,1024,14,19.2276,13330139387826418850
btree16_bl_a64,1024,0,11.6135,13330139387826418850
btree16_bl_a64,1024,1,11.4136,13330139387826418850
btree16_bl_a64,1024,2,11.3312,13330139387826418850
btree16_bl_a64,1024,3,11.3419,13330139387826418850
btree16_bl_a64,1024,4,11.2534,13330139387826418850
btree16_bl_a64,1024,5,11.2900,13330139387826418850
btree16_bl_a64,1024,6,11.2213,13330139387826418850
btree16_bl_a64,1024,7,11.2030,13330139387826418850
btree16_bl_a64,1024,8,11.2305,13330139387826418850
btree16_bl_a64,1024,9,11.2015,13330139387826418850
btree16_bl_a64,1024,10,11.2488,13330139387826418850
btree16_bl_a64,1024,11,11.2167,13330139387826418850
btree16_bl_a64,1024,12,11.2289,13330139387826418850
btree16_bl_a64,1024,13,11.2305,13330139387826418850
btree16_bl_a64,1024,14,11.1588,13330139387826418850
fusion8,1024,0,43.7256,13330139387826418850
fusion8,1024,1,44.0613,13330139387826418850
fusion8,1024,2,43.1961,13330139387826418850
fusion8,1024,3,43.0511,13330139387826418850
fusion8,1024,4,43.1107,13330139387826418850
fusion8,1024,5,43.0023,13330139387826418850
fusion8,1024,6,43.1168,13330139387826418850
fusion8,1024,7,43.1580,13330139387826418850
fusion8,1024,8,43.0405,13330139387826418850
fusion8,1024,9,43.1137,13330139387826418850
fusion8,1024,10,43.0481,13330139387826418850
fusion8,1024,11,42.9718,13330139387826418850
fusion8,1024,12,43.0176,13330139387826418850
fusion8,1024,13,42.9199,13330139387826418850
fusion8,1024,14,42.9855,13330139387826418850
fusion8_bf,1024,0,51.2863,13330139387826418850
fusion8_bf,1024,1,49.8077,13330139387826418850
fusion8_bf,1024,2,49.6597,13330139387826418850
fusion8_bf,1024,3,49.6918,13330139387826418850
fusion8_bf,1024,4,49.7406,13330139387826418850
fusion8_bf,1024,5,49.6292,13330139387826418850
fusion8_bf,1024,6,49.9710,13330139387826418850
fusion8_bf,1024,7,49.6872,13330139387826418850
fusion8_bf,1024,8,49.8016,13330139387826418850
fusion8_bf,1024,9,49.6063,13330139387826418850
fusion8_bf,1024,10,49.5865,13330139387826418850
fusion8_bf,1024,11,49.7253,13330139387826418850
fusion8_bf,1024,12,49.8108,13330139387826418850
fusion8_bf,1024,13,49.6338,13330139387826418850
fusion8_bf,1024,14,49.7787,13330139387826418850
fusion8_c,1024,0,51.8707,13330139387826418850
fusion8_c,1024,1,51.7349,13330139387826418850
fusion8_c,1024,2,51.7685,13330139387826418850
fusion8_c,1024,3,51.6953,13330139387826418850
fusion8_c,1024,4,51.7212,13330139387826418850
fusion8_c,1024,5,51.7181,13330139387826418850
fusion8_c,1024,6,51.5976,13330139387826418850
fusion8_c,1024,7,52.1484,13330139387826418850
fusion8_c,1024,8,51.6663,13330139387826418850
fusion8_c,1024,9,51.7410,13330139387826418850
fusion8_c,1024,10,51.6785,13330139387826418850
fusion8_c,1024,11,51.6891,13330139387826418850
fusion8_c,1024,12,51.6266,13330139387826418850
fusion8_c,1024,13,51.7181,13330139387826418850
fusion8_c,1024,14,51.6891,13330139387826418850
fusion16_w,1024,0,47.5830,13330139387826418850
fusion16_w,1024,1,47.7814,13330139387826418850
fusion16_w,1024,2,47.7386,13330139387826418850
fusion16_w,1024,3,47.5113,13330139387826418850
fusion16_w,1024,4,47.4518,13330139387826418850
fusion16_w,1024,5,50.9659,13330139387826418850
fusion16_w,1024,6,47.4731,13330139387826418850
fusion16_w,1024,7,47.4503,13330139387826418850
fusion16_w,1024,8,47.3907,13330139387826418850
fusion16_w,1024,9,47.4304,13330139387826418850
fusion16_w,1024,10,47.3587,13330139387826418850
fusion16_w,1024,11,47.5479,13330139387826418850
fusion16_w,1024,12,47.2961,13330139387826418850
fusion16_w,1024,13,47.5403,13330139387826418850
fusion16_w,1024,14,47.3602,13330139387826418850
sorted_array,2048,0,6.4728,8649855807846794996
sorted_array,2048,1,6.3965,8649855807846794996
sorted_array,2048,2,6.3873,8649855807846794996
sorted_array,2048,3,6.4194,8649855807846794996
sorted_array,2048,4,6.3980,8649855807846794996
sorted_array,2048,5,6.4285,8649855807846794996
sorted_array,2048,6,7.1609,8649855807846794996
sorted_array,2048,7,6.7017,8649855807846794996
sorted_array,2048,8,6.4102,8649855807846794996
sorted_array,2048,9,6.4621,8649855807846794996
sorted_array,2048,10,6.4499,8649855807846794996
sorted_array,2048,11,6.4102,8649855807846794996
sorted_array,2048,12,6.3904,8649855807846794996
sorted_array,2048,13,6.3812,8649855807846794996
sorted_array,2048,14,6.4377,8649855807846794996
btree8,2048,0,31.0913,8649855807846794996
btree8,2048,1,30.4474,8649855807846794996
btree8,2048,2,30.1361,8649855807846794996
btree8,2048,3,30.1010,8649855807846794996
btree8,2048,4,30.0598,8649855807846794996
btree8,2048,5,30.3436,8649855807846794996
btree8,2048,6,30.4749,8649855807846794996
btree8,2048,7,30.4779,8649855807846794996
btree8,2048,8,30.4688,8649855807846794996
btree8,2048,9,30.4398,8649855807846794996
btree8,2048,10,30.5618,8649855807846794996
btree8,2048,11,30.3711,8649855807846794996
btree8,2048,12,30.3726,8649855807846794996
btree8,2048,13,30.4718,8649855807846794996
btree8,2048,14,30.4428,8649855807846794996
btree8_bl,2048,0,18.2220,8649855807846794996
btree8_bl,2048,1,18.2251,8649855807846794996
btree8_bl,2048,2,17.9855,8649855807846794996
btree8_bl,2048,3,17.9749,8649855807846794996
btree8_bl,2048,4,17.8101,8649855807846794996
btree8_bl,2048,5,17.6941,8649855807846794996
btree8_bl,2048,6,17.6453,8649855807846794996
btree8_bl,2048,7,17.5217,8649855807846794996
btree8_bl,2048,8,17.6453,8649855807846794996
btree8_bl,2048,9,17.5018,8649855807846794996
btree8_bl,2048,10,17.5629,8649855807846794996
btree8_bl,2048,11,17.5140,8649855807846794996
btree8_bl,2048,12,17.4805,8649855807846794996
btree8_bl,2048,13,17.5430,8649855807846794996
btree8_bl,2048,14,17.4438,8649855807846794996
btree8_a64,2048,0,29.1443,8649855807846794996
btree8_a64,2048,1,28.7918,8649855807846794996
btree8_a64,2048,2,28.7354,8649855807846794996
btree8_a64,2048,3,28.7552,8649855807846794996
btree8_a64,2048,4,29.0314,8649855807846794996
btree8_a64,2048,5,28.6102,8649855807846794996
btree8_a64,2048,6,28.7781,8649855807846794996
btree8_a64,2048,7,28.7170,8649855807846794996
btree8_a64,2048,8,28.6499,8649855807846794996
btree8_a64,2048,9,28.7247,8649855807846794996
btree8_a64,2048,10,28.7567,8649855807846794996
btree8_a64,2048,11,28.7125,8649855807846794996
btree8_a64,2048,12,28.6652,8649855807846794996
btree8_a64,2048,13,28.7781,8649855807846794996
btree8_a64,2048,14,28.2501,8649855807846794996
btree8_bl_a64,2048,0,16.3025,8649855807846794996
btree8_bl_a64,2048,1,16.3818,8649855807846794996
btree8_bl_a64,2048,2,16.4032,8649855807846794996
btree8_bl_a64,2048,3,16.1224,8649855807846794996
btree8_bl_a64,2048,4,16.0919,8649855807846794996
btree8_bl_a64,2048,5,16.9128,8649855807846794996
btree8_bl_a64,2048,6,15.9393,8649855807846794996
btree8_bl_a64,2048,7,16.0202,8649855807846794996
btree8_bl_a64,2048,8,15.9805,8649855807846794996
btree8_bl_a64,2048,9,15.7837,8649855807846794996
btree8_bl_a64,2048,10,15.7684,8649855807846794996
btree8_bl_a64,2048,11,15.8676,8649855807846794996
btree8_bl_a64,2048,12,15.9668,8649855807846794996
btree8_bl_a64,2048,13,15.8844,8649855807846794996
btree8_bl_a64,2048,14,15.8813,8649855807846794996
btree16_bl_a64,2048,0,9.5200,8649855807846794996
btree16_bl_a64,2048,1,9.4009,8649855807846794996
btree16_bl_a64,2048,2,9.3079,8649855807846794996
btree16_bl_a64,2048,3,9.2896,8649855807846794996
btree16_bl_a64,2048,4,9.2621,8649855807846794996
btree16_bl_a64,2048,5,9.2026,8649855807846794996
btree16_bl_a64,2048,6,9.1843,8649855807846794996
btree16_bl_a64,2048,7,9.2102,8649855807846794996
btree16_bl_a64,2048,8,9.1797,8649855807846794996
btree16_bl_a64,2048,9,9.1751,8649855807846794996
btree16_bl_a64,2048,10,9.2041,8649855807846794996
btree16_bl_a64,2048,11,9.1446,8649855807846794996
btree16_bl_a64,2048,12,9.1354,8649855807846794996
btree16_bl_a64,2048,13,9.1599,8649855807846794996
btree16_bl_a64,2048,14,9.1232,8649855807846794996
fusion8,2048,0,51.9989,8649855807846794996
fusion8,2048,1,51.4206,8649855807846794996
fusion8,2048,2,51.6815,8649855807846794996
fusion8,2048,3,51.2543,8649855807846794996
fusion8,2048,4,51.3107,8649855807846794996
fusion8,2048,5,51.2482,8649855807846794996
fusion8,2048,6,51.0361,8649855807846794996
fusion8,2048,7,51.1307,8649855807846794996
fusion8,2048,8,51.2268,8649855807846794996
fusion8,2048,9,51.2085,8649855807846794996
fusion8,2048,10,51.2146,8649855807846794996
fusion8,2048,11,51.1765,8649855807846794996
fusion8,2048,12,51.3519,8649855807846794996
fusion8,2048,13,51.1429,8649855807846794996
fusion8,2048,14,51.1444,8649855807846794996
fusion8_bf,2048,0,54.2099,8649855807846794996
fusion8_bf,2048,1,53.7247,8649855807846794996
fusion8_bf,2048,2,53.6102,8649855807846794996
fusion8_bf,2048,3,53.6179,8649855807846794996
fusion8_bf,2048,4,53.7216,8649855807846794996
fusion8_bf,2048,5,53.5797,8649855807846794996
fusion8_bf,2048,6,53.5370,8649855807846794996
fusion8_bf,2048,7,53.5385,8649855807846794996
fusion8_bf,2048,8,53.5141,8649855807846794996
fusion8_bf,2048,9,53.5324,8649855807846794996
fusion8_bf,2048,10,53.5034,8649855807846794996
fusion8_bf,2048,11,53.6209,8649855807846794996
fusion8_bf,2048,12,53.3920,8649855807846794996
fusion8_bf,2048,13,52.7420,8649855807846794996
fusion8_bf,2048,14,54.6387,8649855807846794996
fusion8_c,2048,0,54.3427,8649855807846794996
fusion8_c,2048,1,54.6829,8649855807846794996
fusion8_c,2048,2,54.6417,8649855807846794996
fusion8_c,2048,3,53.9841,8649855807846794996
fusion8_c,2048,4,53.7949,8649855807846794996
fusion8_c,2048,5,55.2689,8649855807846794996
fusion8_c,2048,6,54.6448,8649855807846794996
fusion8_c,2048,7,54.6936,8649855807846794996
fusion8_c,2048,8,54.6753,8649855807846794996
fusion8_c,2048,9,54.6478,8649855807846794996
fusion8_c,2048,10,54.7379,8649855807846794996
fusion8_c,2048,11,54.7104,8649855807846794996
fusion8_c,2048,12,54.6875,8649855807846794996
fusion8_c,2048,13,54.6829,8649855807846794996
fusion8_c,2048,14,54.6875,8649855807846794996
fusion16_w,2048,0,50.4364,8649855807846794996
fusion16_w,2048,1,50.2777,8649855807846794996
fusion16_w,2048,2,50.2716,8649855807846794996
fusion16_w,2048,3,50.2884,8649855807846794996
fusion16_w,2048,4,50.2609,8649855807846794996
fusion16_w,2048,5,50.1175,8649855807846794996
fusion16_w,2048,6,50.1709,8649855807846794996
fusion16_w,2048,7,50.1221,8649855807846794996
fusion16_w,2048,8,50.5661,8649855807846794996
fusion16_w,2048,9,50.3677,8649855807846794996
fusion16_w,2048,10,50.2029,8649855807846794996
fusion16_w,2048,11,50.2487,8649855807846794996
fusion16_w,2048,12,50.2045,8649855807846794996
fusion16_w,2048,13,50.1907,8649855807846794996
fusion16_w,2048,14,50.1007,8649855807846794996
sorted_array,4096,0,7.3578,201817674810245547
sorted_array,4096,1,7.2754,201817674810245547
sorted_array,4096,2,7.3013,201817674810245547
sorted_array,4096,3,7.2784,201817674810245547
sorted_array,4096,4,7.3273,201817674810245547
sorted_array,4096,5,7.2769,201817674810245547
sorted_array,4096,6,7.2754,201817674810245547
sorted_array,4096,7,7.2739,201817674810245547
sorted_array,4096,8,7.3288,201817674810245547
sorted_array,4096,9,7.2708,201817674810245547
sorted_array,4096,10,7.2708,201817674810245547
sorted_array,4096,11,7.2708,201817674810245547
sorted_array,4096,12,7.3120,201817674810245547
sorted_array,4096,13,7.2723,201817674810245547
sorted_array,4096,14,7.2754,201817674810245547
btree8,4096,0,34.7351,201817674810245547
btree8,4096,1,34.0576,201817674810245547
btree8,4096,2,34.0164,201817674810245547
btree8,4096,3,33.9676,201817674810245547
btree8,4096,4,33.7646,201817674810245547
btree8,4096,5,33.9508,201817674810245547
btree8,4096,6,33.7082,201817674810245547
btree8,4096,7,33.6136,201817674810245547
btree8,4096,8,33.5205,201817674810245547
btree8,4096,9,33.7601,201817674810245547
btree8,4096,10,33.6166,201817674810245547
btree8,4096,11,33.9127,201817674810245547
btree8,4096,12,33.7097,201817674810245547
btree8,4096,13,33.7357,201817674810245547
btree8,4096,14,35.2982,201817674810245547
btree8_bl,4096,0,14.9384,201817674810245547
btree8_bl,4096,1,14.4669,201817674810245547
btree8_bl,4096,2,14.4409,201817674810245547
btree8_bl,4096,3,14.3616,201817674810245547
btree8_bl,4096,4,14.3021,201817674810245547
btree8_bl,4096,5,14.3494,201817674810245547
btree8_bl,4096,6,14.3021,201817674810245547
btree8_bl,4096,7,14.2258,201817674810245547
btree8_bl,4096,8,14.2365,201817674810245547
btree8_bl,4096,9,14.2624,201817674810245547
btree8_bl,4096,10,14.2334,201817674810245547
btree8_bl,4096,11,14.2731,201817674810245547
btree8_bl,4096,12,14.2075,201817674810245547
btree8_bl,4096,13,14.2365,201817674810245547
btree8_bl,4096,14,14.2349,201817674810245547
btree8_a64,4096,0,32.6569,201817674810245547
btree8_a64,4096,1,32.0892,201817674810245547
btree8_a64,4096,2,32.0618,201817674810245547
btree8_a64,4096,3,32.0709,201817674810245547
btree8_a64,4096,4,31.9824,201817674810245547
btree8_a64,4096,5,31.9931,201817674810245547
btree8_a64,4096,6,31.9748,201817674810245547
btree8_a64,4096,7,32.0084,201817674810245547
btree8_a64,4096,8,31.9824,201817674810245547
btree8_a64,4096,9,31.9519,201817674810245547
btree8_a64,4096,10,31.9382,201817674810245547
btree8_a64,4096,11,32.0145,201817674810245547
btree8_a64,4096,12,31.9626,201817674810245547
btree8_a64,4096,13,31.9824,201817674810245547
btree8_a64,4096,14,32.0999,201817674810245547
btree8_bl_a64,4096,0,12.9089,201817674810245547
btree8_bl_a64,4096,1,12.6877,201817674810245547
btree8_bl_a64,4096,2,12.6846,201817674810245547
btree8_bl_a64,4096,3,12.5305,201817674810245547
btree8_bl_a64,4096,4,12.5183,201817674810245547
btree8_bl_a64,4096,5,12.4756,201817674810245547
btree8_bl_a64,4096,6,12.4435,201817674810245547
btree8_bl_a64,4096,7,12.4634,201817674810245547
btree8_bl_a64,4096,8,12.4115,201817674810245547
btree8_bl_a64,4096,9,12.4573,201817674810245547
btree8_bl_a64,4096,10,12.3703,201817674810245547
btree8_bl_a64,4096,11,12.3962,201817674810245547
btree8_bl_a64,4096,12,12.4451,201817674810245547
btree8_bl_a64,4096,13,12.3581,201817674810245547
btree8_bl_a64,4096,14,12.4344,201817674810245547
btree16_bl_a64,4096,0,8.3069,201817674810245547
btree16_bl_a64,4096,1,8.1833,201817674810245547
btree16_bl_a64,4096,2,8.1879,201817674810245547
btree16_bl_a64,4096,3,8.1223,201817674810245547
btree16_bl_a64,4096,4,8.0978,201817674810245547
btree16_bl_a64,4096,5,8.0826,201817674810245547
btree16_bl_a64,4096,6,8.0933,201817674810245547
btree16_bl_a64,4096,7,8.0688,201817674810245547
btree16_bl_a64,4096,8,8.0582,201817674810245547
btree16_bl_a64,4096,9,8.0963,201817674810245547
btree16_bl_a64,4096,10,8.0338,201817674810245547
btree16_bl_a64,4096,11,8.0246,201817674810245547
btree16_bl_a64,4096,12,8.0292,201817674810245547
btree16_bl_a64,4096,13,8.0688,201817674810245547
btree16_bl_a64,4096,14,7.9987,201817674810245547
fusion8,4096,0,52.6459,201817674810245547
fusion8,4096,1,52.0660,201817674810245547
fusion8,4096,2,51.9318,201817674810245547
fusion8,4096,3,51.8982,201817674810245547
fusion8,4096,4,51.8250,201817674810245547
fusion8,4096,5,51.8387,201817674810245547
fusion8,4096,6,52.0599,201817674810245547
fusion8,4096,7,51.8326,201817674810245547
fusion8,4096,8,51.7136,201817674810245547
fusion8,4096,9,51.7700,201817674810245547
fusion8,4096,10,51.6907,201817674810245547
fusion8,4096,11,52.4811,201817674810245547
fusion8,4096,12,51.7593,201817674810245547
fusion8,4096,13,51.6724,201817674810245547
fusion8,4096,14,51.6953,201817674810245547
fusion8_bf,4096,0,57.2495,201817674810245547
fusion8_bf,4096,1,56.0486,201817674810245547
fusion8_bf,4096,2,55.9357,201817674810245547
fusion8_bf,4096,3,55.9204,201817674810245547
fusion8_bf,4096,4,55.8792,201817674810245547
fusion8_bf,4096,5,57.3715,201817674810245547
fusion8_bf,4096,6,55.8594,201817674810245547
fusion8_bf,4096,7,55.8197,201817674810245547
fusion8_bf,4096,8,55.5756,201817674810245547
fusion8_bf,4096,9,55.6885,201817674810245547
fusion8_bf,4096,10,55.3329,201817674810245547
fusion8_bf,4096,11,55.5969,201817674810245547
fusion8_bf,4096,12,55.4718,201817674810245547
fusion8_bf,4096,13,55.8884,201817674810245547
fusion8_bf,4096,14,55.1682,201817674810245547
fusion8_c,4096,0,55.7571,201817674810245547
fusion8_c,4096,1,56.2653,201817674810245547
fusion8_c,4096,2,56.0837,201817674810245547
fusion8_c,4096,3,55.4382,201817674810245547
fusion8_c,4096,4,55.8151,201817674810245547
fusion8_c,4096,5,55.9937,201817674810245547
fusion8_c,4096,6,55.0812,201817674810245547
fusion8_c,4096,7,55.6931,201817674810245547
fusion8_c,4096,8,55.0171,201817674810245547
fusion8_c,4096,9,55.3253,201817674810245547
fusion8_c,4096,10,56.0516,201817674810245547
fusion8_c,4096,11,55.3650,201817674810245547
fusion8_c,4096,12,55.5511,201817674810245547
fusion8_c,4096,13,55.1529,201817674810245547
fusion8_c,4096,14,56.8771,201817674810245547
fusion16_w,4096,0,48.3963,201817674810245547
fusion16_w,4096,1,47.7219,201817674810245547
fusion16_w,4096,2,47.4564,201817674810245547
fusion16_w,4096,3,48.0606,201817674810245547
fusion16_w,4096,4,48.1033,201817674810245547
fusion16_w,4096,5,47.3083,201817674810245547
fusion16_w,4096,6,48.5519,201817674810245547
fusion16_w,4096,7,47.3709,201817674810245547
fusion16_w,4096,8,47.4197,201817674810245547
fusion16_w,4096,9,47.5754,201817674810245547
fusion16_w,4096,10,47.4075,201817674810245547
fusion16_w,4096,11,47.2565,201817674810245547
fusion16_w,4096,12,47.3267,201817674810245547
fusion16_w,4096,13,47.3740,201817674810245547
fusion16_w,4096,14,47.8760,201817674810245547
sorted_array,8192,0,9.2560,14779494332775015852
sorted_array,8192,1,9.1232,14779494332775015852
sorted_array,8192,2,9.1309,14779494332775015852
sorted_array,8192,3,9.1141,14779494332775015852
sorted_array,8192,4,9.1614,14779494332775015852
sorted_array,8192,5,9.1248,14779494332775015852
sorted_array,8192,6,9.1721,14779494332775015852
sorted_array,8192,7,9.1293,14779494332775015852
sorted_array,8192,8,9.1293,14779494332775015852
sorted_array,8192,9,9.1141,14779494332775015852
sorted_array,8192,10,9.1080,14779494332775015852
sorted_array,8192,11,8.9767,14779494332775015852
sorted_array,8192,12,8.9645,14779494332775015852
sorted_array,8192,13,8.9813,14779494332775015852
sorted_array,8192,14,8.9462,14779494332775015852
btree8,8192,0,36.6974,14779494332775015852
btree8,8192,1,37.3337,14779494332775015852
btree8,8192,2,36.4685,14779494332775015852
btree8,8192,3,36.9827,14779494332775015852
btree8,8192,4,36.3541,14779494332775015852
btree8,8192,5,36.6776,14779494332775015852
btree8,8192,6,36.8790,14779494332775015852
btree8,8192,7,36.4380,14779494332775015852
btree8,8192,8,36.3861,14779494332775015852
btree8,8192,9,40.7166,14779494332775015852
btree8,8192,10,39.9628,14779494332775015852
btree8,8192,11,39.5706,14779494332775015852
btree8,8192,12,37.3505,14779494332775015852
btree8,8192,13,38.0051,14779494332775015852
btree8,8192,14,36.7783,14779494332775015852
btree8_bl,8192,0,23.2925,14779494332775015852
btree8_bl,8192,1,21.7758,14779494332775015852
btree8_bl,8192,2,21.6644,14779494332775015852
btree8_bl,8192,3,21.6202,14779494332775015852
btree8_bl,8192,4,21.5912,14779494332775015852
btree8_bl,8192,5,21.4966,14779494332775015852
btree8_bl,8192,6,21.5637,14779494332775015852
btree8_bl,8192,7,21.5607,14779494332775015852
btree8_bl,8192,8,21.5622,14779494332775015852
btree8_bl,8192,9,21.5820,14779494332775015852
btree8_bl,8192,10,21.4951,14779494332775015852
btree8_bl,8192,11,21.5164,14779494332775015852
btree8_bl,8192,12,21.5057,14779494332775015852
btree8_bl,8192,13,21.4554,14779494332775015852
btree8_bl,8192,14,21.4874,14779494332775015852
btree8_a64,8192,0,36.2152,14779494332775015852
btree8_a64,8192,1,34.7809,14779494332775015852
btree8_a64,8192,2,34.6970,14779494332775015852
btree8_a64,8192,3,34.6283,14779494332775015852
btree8_a64,8192,4,34.5367,14779494332775015852
btree8_a64,8192,5,34.4925,14779494332775015852
btree8_a64,8192,6,34.6130,14779494332775015852
btree8_a64,8192,7,34.5825,14779494332775015852
btree8_a64,8192,8,34.4772,14779494332775015852
btree8_a64,8192,9,34.4772,14779494332775015852
btree8_a64,8192,10,34.6069,14779494332775015852
btree8_a64,8192,11,34.6146,14779494332775015852
btree8_a64,8192,12,34.5749,14779494332775015852
btree8_a64,8192,13,34.4940,14779494332775015852
btree8_a64,8192,14,34.5917,14779494332775015852
btree8_bl_a64,8192,0,20.9000,14779494332775015852
btree8_bl_a64,8192,1,19.2505,14779494332775015852
btree8_bl_a64,8192,2,19.0918,14779494332775015852
btree8_bl_a64,8192,3,19.0109,14779494332775015852
btree8_bl_a64,8192,4,18.9987,14779494332775015852
btree8_bl_a64,8192,5,18.9850,14779494332775015852
btree8_bl_a64,8192,6,18.8110,14779494332775015852
btree8_bl_a64,8192,7,18.6661,14779494332775015852
btree8_bl_a64,8192,8,18.6844,14779494332775015852
btree8_bl_a64,8192,9,19.0323,14779494332775015852
btree8_bl_a64,8192,10,18.9865,14779494332775015852
btree8_bl_a64,8192,11,19.0079,14779494332775015852
btree8_bl_a64,8192,12,19.0201,14779494332775015852
btree8_bl_a64,8192,13,19.0903,14779494332775015852
btree8_bl_a64,8192,14,18.6493,14779494332775015852
btree16_bl_a64,8192,0,27.8381,14779494332775015852
btree16_bl_a64,8192,1,22.7127,14779494332775015852
btree16_bl_a64,8192,2,22.7066,14779494332775015852
btree16_bl_a64,8192,3,22.8485,14779494332775015852
btree16_bl_a64,8192,4,22.6654,14779494332775015852
btree16_bl_a64,8192,5,22.5739,14779494332775015852
btree16_bl_a64,8192,6,22.2015,14779494332775015852
btree16_bl_a64,8192,7,22.6517,14779494332775015852
btree16_bl_a64,8192,8,22.6318,14779494332775015852
btree16_bl_a64,8192,9,22.6044,14779494332775015852
btree16_bl_a64,8192,10,22.5891,14779494332775015852
btree16_bl_a64,8192,11,22.4503,14779494332775015852
btree16_bl_a64,8192,12,22.4380,14779494332775015852
btree16_bl_a64,8192,13,22.5037,14779494332775015852
btree16_bl_a64,8192,14,22.5067,14779494332775015852
fusion8,8192,0,60.6277,14779494332775015852
fusion8,8192,1,58.1573,14779494332775015852
fusion8,8192,2,58.1757,14779494332775015852
fusion8,8192,3,58.0048,14779494332775015852
fusion8,8192,4,58.0963,14779494332775015852
fusion8,8192,5,58.2794,14779494332775015852
fusion8,8192,6,58.0505,14779494332775015852
fusion8,8192,7,58.1512,14779494332775015852
fusion8,8192,8,58.0673,14779494332775015852
fusion8,8192,9,57.9971,14779494332775015852
fusion8,8192,10,58.0170,14779494332775015852
fusion8,8192,11,58.0887,14779494332775015852
fusion8,8192,12,58.1284,14779494332775015852
fusion8,8192,13,58.0505,14779494332775015852
fusion8,8192,14,58.0566,14779494332775015852
fusion8_bf,8192,0,68.5104,14779494332775015852
fusion8_bf,8192,1,66.2277,14779494332775015852
fusion8_bf,8192,2,66.2048,14779494332775015852
fusion8_bf,8192,3,66.2262,14779494332775015852
fusion8_bf,8192,4,66.1957,14779494332775015852
fusion8_bf,8192,5,66.0934,14779494332775015852
fusion8_bf,8192,6,66.1453,14779494332775015852
fusion8_bf,8192,7,66.0248,14779494332775015852
fusion8_bf,8192,8,66.0980,14779494332775015852
fusion8_bf,8192,9,66.3116,14779494332775015852
fusion8_bf,8192,10,66.2338,14779494332775015852
fusion8_bf,8192,11,66.0553,14779494332775015852
fusion8_bf,8192,12,66.6351,14779494332775015852
fusion8_bf,8192,13,66.0507,14779494332775015852
fusion8_bf,8192,14,66.2231,14779494332775015852
fusion8_c,8192,0,68.6066,14779494332775015852
fusion8_c,8192,1,64.5874,14779494332775015852
fusion8_c,8192,2,64.5065,14779494332775015852
fusion8_c,8192,3,64.8254,14779494332775015852
fusion8_c,8192,4,64.9689,14779494332775015852
fusion8_c,8192,5,64.7827,14779494332775015852
fusion8_c,8192,6,64.0823,14779494332775015852
fusion8_c,8192,7,64.0137,14779494332775015852
fusion8_c,8192,8,64.0427,14779494332775015852
fusion8_c,8192,9,65.3275,14779494332775015852
fusion8_c,8192,10,64.0305,14779494332775015852
fusion8_c,8192,11,64.6805,14779494332775015852
fusion8_c,8192,12,64.3768,14779494332775015852
fusion8_c,8192,13,64.3753,14779494332775015852
fusion8_c,8192,14,64.9017,14779494332775015852
fusion16_w,8192,0,71.7499,14779494332775015852
fusion16_w,8192,1,67.3889,14779494332775015852
fusion16_w,8192,2,66.3605,14779494332775015852
fusion16_w,8192,3,67.4011,14779494332775015852
fusion16_w,8192,4,66.8274,14779494332775015852
fusion16_w,8192,5,67.2699,14779494332775015852
fusion16_w,8192,6,67.6270,14779494332775015852
fusion16_w,8192,7,66.8381,14779494332775015852
fusion16_w,8192,8,67.6895,14779494332775015852
fusion16_w,8192,9,67.5415,14779494332775015852
fusion16_w,8192,10,67.5598,14779494332775015852
fusion16_w,8192,11,66.5970,14779494332775015852
fusion16_w,8192,12,67.5583,14779494332775015852
fusion16_w,8192,13,67.0059,14779494332775015852
fusion16_w,8192,14,67.0349,14779494332775015852
sorted_array,16384,0,12.0209,5257893481483210933
sorted_array,16384,1,11.8134,5257893481483210933
sorted_array,16384,2,11.7630,5257893481483210933
sorted_array,16384,3,11.5784,5257893481483210933
sorted_array,16384,4,11.5387,5257893481483210933
sorted_array,16384,5,11.6043,5257893481483210933
sorted_array,16384,6,11.5860,5257893481483210933
sorted_array,16384,7,11.7264,5257893481483210933
sorted_array,16384,8,11.8011,5257893481483210933
sorted_array,16384,9,11.7767,5257893481483210933
sorted_array,16384,10,11.7828,5257893481483210933
sorted_array,16384,11,11.8118,5257893481483210933
sorted_array,16384,12,11.7691,5257893481483210933
sorted_array,16384,13,11.7447,5257893481483210933
sorted_array,16384,14,11.7767,5257893481483210933
btree8,16384,0,49.1272,5257893481483210933
btree8,16384,1,46.8399,5257893481483210933
btree8,16384,2,46.2921,5257893481483210933
btree8,16384,3,46.1166,5257893481483210933
btree8,16384,4,46.8750,5257893481483210933
btree8,16384,5,46.9604,5257893481483210933
btree8,16384,6,46.1411,5257893481483210933
btree8,16384,7,45.7916,5257893481483210933
btree8,16384,8,46.2311,5257893481483210933
btree8,16384,9,46.9330,5257893481483210933
btree8,16384,10,46.9070,5257893481483210933
btree8,16384,11,46.8277,5257893481483210933
btree8,16384,12,46.1212,5257893481483210933
btree8,16384,13,46.0617,5257893481483210933
btree8,16384,14,46.8414,5257893481483210933
btree8_bl,16384,0,32.0297,5257893481483210933
btree8_bl,16384,1,27.1301,5257893481483210933
btree8_bl,16384,2,26.3062,5257893481483210933
btree8_bl,16384,3,26.2329,5257893481483210933
btree8_bl,16384,4,25.9949,5257893481483210933
btree8_bl,16384,5,26.3947,5257893481483210933
btree8_bl,16384,6,26.4725,5257893481483210933
btree8_bl,16384,7,26.1169,5257893481483210933
btree8_bl,16384,8,26.4130,5257893481483210933
btree8_bl,16384,9,26.4847,5257893481483210933
btree8_bl,16384,10,27.3071,5257893481483210933
btree8_bl,16384,11,26.3153,5257893481483210933
btree8_bl,16384,12,26.2802,5257893481483210933
btree8_bl,16384,13,26.2177,5257893481483210933
btree8_bl,16384,14,25.7263,5257893481483210933
btree8_a64,16384,0,45.6451,5257893481483210933
btree8_a64,16384,1,44.0857,5257893481483210933
btree8_a64,16384,2,43.7195,5257893481483210933
btree8_a64,16384,3,43.3792,5257893481483210933
btree8_a64,16384,4,43.8309,5257893481483210933
btree8_a64,16384,5,43.7668,5257893481483210933
btree8_a64,16384,6,43.3472,5257893481483210933
btree8_a64,16384,7,43.5410,5257893481483210933
btree8_a64,16384,8,44.0964,5257893481483210933
btree8_a64,16384,9,44.2627,5257893481483210933
btree8_a64,16384,10,43.6539,5257893481483210933
btree8_a64,16384,11,44.1360,5257893481483210933
btree8_a64,16384,12,43.4860,5257893481483210933
btree8_a64,16384,13,43.4250,5257893481483210933
btree8_a64,16384,14,43.7683,5257893481483210933
btree8_bl_a64,16384,0,27.8519,5257893481483210933
btree8_bl_a64,16384,1,23.6008,5257893481483210933
btree8_bl_a64,16384,2,23.5092,5257893481483210933
btree8_bl_a64,16384,3,23.4650,5257893481483210933
btree8_bl_a64,16384,4,23.3719,5257893481483210933
btree8_bl_a64,16384,5,23.4116,5257893481483210933
btree8_bl_a64,16384,6,23.8052,5257893481483210933
btree8_bl_a64,16384,7,23.7549,5257893481483210933
btree8_bl_a64,16384,8,23.8052,5257893481483210933
btree8_bl_a64,16384,9,23.5062,5257893481483210933
btree8_bl_a64,16384,10,23.2590,5257893481483210933
btree8_bl_a64,16384,11,23.2529,5257893481483210933
btree8_bl_a64,16384,12,24.3729,5257893481483210933
btree8_bl_a64,16384,13,23.7381,5257893481483210933
btree8_bl_a64,16384,14,23.2880,5257893481483210933
btree16_bl_a64,16384,0,23.4375,5257893481483210933
btree16_bl_a64,16384,1,19.0781,5257893481483210933
btree16_bl_a64,16384,2,19.0231,5257893481483210933
btree16_bl_a64,16384,3,18.9804,5257893481483210933
btree16_bl_a64,16384,4,18.8293,5257893481483210933
btree16_bl_a64,16384,5,18.8919,5257893481483210933
btree16_bl_a64,16384,6,18.8263,5257893481483210933
btree16_bl_a64,16384,7,18.5699,5257893481483210933
btree16_bl_a64,16384,8,18.4082,5257893481483210933
btree16_bl_a64,16384,9,18.4311,5257893481483210933
btree16_bl_a64,16384,10,18.3655,5257893481483210933
btree16_bl_a64,16384,11,18.3731,5257893481483210933
btree16_bl_a64,16384,12,18.4097,5257893481483210933
btree16_bl_a64,16384,13,18.6508,5257893481483210933
btree16_bl_a64,16384,14,18.8660,5257893481483210933
fusion8,16384,0,82.2571,5257893481483210933
fusion8,16384,1,71.2845,5257893481483210933
fusion8,16384,2,70.7443,5257893481483210933
fusion8,16384,3,72.0032,5257893481483210933
fusion8,16384,4,72.1436,5257893481483210933
fusion8,16384,5,71.9055,5257893481483210933
fusion8,16384,6,72.9324,5257893481483210933
fusion8,16384,7,70.7535,5257893481483210933
fusion8,16384,8,70.4681,5257893481483210933
fusion8,16384,9,70.8862,5257893481483210933
fusion8,16384,10,71.9284,5257893481483210933
fusion8,16384,11,70.5292,5257893481483210933
fusion8,16384,12,71.1502,5257893481483210933
fusion8,16384,13,72.9797,5257893481483210933
fusion8,16384,14,71.8399,5257893481483210933
fusion8_bf,16384,0,86.9583,5257893481483210933
fusion8_bf,16384,1,75.6882,5257893481483210933
fusion8_bf,16384,2,75.6424,5257893481483210933
fusion8_bf,16384,3,75.5371,5257893481483210933
fusion8_bf,16384,4,75.7568,5257893481483210933
fusion8_bf,16384,5,75.4883,5257893481483210933
fusion8_bf,16384,6,74.4904,5257893481483210933
fusion8_bf,16384,7,75.2213,5257893481483210933
fusion8_bf,16384,8,75.5753,5257893481483210933
fusion8_bf,16384,9,75.5417,5257893481483210933
fusion8_bf,16384,10,74.0311,5257893481483210933
fusion8_bf,16384,11,75.1862,5257893481483210933
fusion8_bf,16384,12,75.3448,5257893481483210933
fusion8_bf,16384,13,75.2792,5257893481483210933
fusion8_bf,16384,14,74.2538,5257893481483210933
fusion8_c,16384,0,83.1818,5257893481483210933
fusion8_c,16384,1,78.2272,5257893481483210933
fusion8_c,16384,2,79.2801,5257893481483210933
fusion8_c,16384,3,79.6295,5257893481483210933
fusion8_c,16384,4,79.7668,5257893481483210933
fusion8_c,16384,5,79.7668,5257893481483210933
fusion8_c,16384,6,79.5486,5257893481483210933
fusion8_c,16384,7,79.2801,5257893481483210933
fusion8_c,16384,8,79.9194,5257893481483210933
fusion8_c,16384,9,79.4327,5257893481483210933
fusion8_c,16384,10,78.4760,5257893481483210933
fusion8_c,16384,11,78.6453,5257893481483210933
fusion8_c,16384,12,79.7943,5257893481483210933
fusion8_c,16384,13,79.7211,5257893481483210933
fusion8_c,16384,14,78.5446,5257893481483210933
fusion16_w,16384,0,79.5486,5257893481483210933
fusion16_w,16384,1,71.4569,5257893481483210933
fusion16_w,16384,2,72.3007,5257893481483210933
fusion16_w,16384,3,72.2717,5257893481483210933
fusion16_w,16384,4,72.5464,5257893481483210933
fusion16_w,16384,5,73.8037,5257893481483210933
fusion16_w,16384,6,72.2794,5257893481483210933
fusion16_w,16384,7,72.6562,5257893481483210933
fusion16_w,16384,8,72.0978,5257893481483210933
fusion16_w,16384,9,73.0988,5257893481483210933
fusion16_w,16384,10,72.4152,5257893481483210933
fusion16_w,16384,11,72.3083,5257893481483210933
fusion16_w,16384,12,71.5195,5257893481483210933
fusion16_w,16384,13,71.9940,5257893481483210933
fusion16_w,16384,14,70.8405,5257893481483210933
sorted_array,32768,0,16.0110,8916881238133207675
sorted_array,32768,1,15.0925,8916881238133207675
sorted_array,32768,2,15.4846,8916881238133207675
sorted_array,32768,3,15.3015,8916881238133207675
sorted_array,32768,4,15.1733,8916881238133207675
sorted_array,32768,5,15.1245,8916881238133207675
sorted_array,32768,6,15.1337,8916881238133207675
sorted_array,32768,7,15.1596,8916881238133207675
sorted_array,32768,8,15.0955,8916881238133207675
sorted_array,32768,9,15.1260,8916881238133207675
sorted_array,32768,10,15.1855,8916881238133207675
sorted_array,32768,11,15.1642,8916881238133207675
sorted_array,32768,12,15.1611,8916881238133207675
sorted_array,32768,13,15.1123,8916881238133207675
sorted_array,32768,14,20.3781,8916881238133207675
btree8,32768,0,49.4843,8916881238133207675
btree8,32768,1,47.4792,8916881238133207675
btree8,32768,2,46.8826,8916881238133207675
btree8,32768,3,47.0886,8916881238133207675
btree8,32768,4,47.0581,8916881238133207675
btree8,32768,5,47.0047,8916881238133207675
btree8,32768,6,46.4218,8916881238133207675
btree8,32768,7,46.0342,8916881238133207675
btree8,32768,8,46.0724,8916881238133207675
btree8,32768,9,46.2021,8916881238133207675
btree8,32768,10,45.8389,8916881238133207675
btree8,32768,11,46.1151,8916881238133207675
btree8,32768,12,46.8063,8916881238133207675
btree8,32768,13,46.8567,8916881238133207675
btree8,32768,14,47.3206,8916881238133207675
btree8_bl,32768,0,24.6399,8916881238133207675
btree8_bl,32768,1,20.9717,8916881238133207675
btree8_bl,32768,2,20.5505,8916881238133207675
btree8_bl,32768,3,20.4590,8916881238133207675
btree8_bl,32768,4,20.4605,8916881238133207675
btree8_bl,32768,5,20.3903,8916881238133207675
btree8_bl,32768,6,20.4056,8916881238133207675
btree8_bl,32768,7,20.8298,8916881238133207675
btree8_bl,32768,8,20.5978,8916881238133207675
btree8_bl,32768,9,20.2820,8916881238133207675
btree8_bl,32768,10,20.3522,8916881238133207675
btree8_bl,32768,11,20.6512,8916881238133207675
btree8_bl,32768,12,20.7260,8916881238133207675
btree8_bl,32768,13,20.6726,8916881238133207675
btree8_bl,32768,14,20.7031,8916881238133207675
btree8_a64,32768,0,48.2086,8916881238133207675
btree8_a64,32768,1,44.9707,8916881238133207675
btree8_a64,32768,2,46.5485,8916881238133207675
btree8_a64,32768,3,45.1065,8916881238133207675
btree8_a64,32768,4,45.1477,8916881238133207675
btree8_a64,32768,5,44.9951,8916881238133207675
btree8_a64,32768,6,45.0851,8916881238133207675
btree8_a64,32768,7,45.2057,8916881238133207675
btree8_a64,32768,8,45.0150,8916881238133207675
btree8_a64,32768,9,44.3832,8916881238133207675
btree8_a64,32768,10,44.9036,8916881238133207675
btree8_a64,32768,11,44.6304,8916881238133207675
btree8_a64,32768,12,44.3222,8916881238133207675
btree8_a64,32768,13,44.9280,8916881238133207675
btree8_a64,32768,14,44.7113,8916881238133207675
btree8_bl_a64,32768,0,26.0864,8916881238133207675
btree8_bl_a64,32768,1,18.7958,8916881238133207675
btree8_bl_a64,32768,2,18.6569,8916881238133207675
btree8_bl_a64,32768,3,18.7286,8916881238133207675
btree8_bl_a64,32768,4,18.7592,8916881238133207675
btree8_bl_a64,32768,5,18.7759,8916881238133207675
btree8_bl_a64,32768,6,18.7271,8916881238133207675
btree8_bl_a64,32768,7,18.6752,8916881238133207675
btree8_bl_a64,32768,8,18.5913,8916881238133207675
btree8_bl_a64,32768,9,18.3884,8916881238133207675
btree8_bl_a64,32768,10,18.6859,8916881238133207675
btree8_bl_a64,32768,11,19.4565,8916881238133207675
btree8_bl_a64,32768,12,18.6493,8916881238133207675
btree8_bl_a64,32768,13,18.4982,8916881238133207675
btree8_bl_a64,32768,14,18.2724,8916881238133207675
btree16_bl_a64,32768,0,20.7703,8916881238133207675
btree16_bl_a64,32768,1,15.6006,8916881238133207675
btree16_bl_a64,32768,2,15.5411,8916881238133207675
btree16_bl_a64,32768,3,15.5014,8916881238133207675
btree16_bl_a64,32768,4,15.4358,8916881238133207675
btree16_bl_a64,32768,5,15.4861,8916881238133207675
btree16_bl_a64,32768,6,15.4495,8916881238133207675
btree16_bl_a64,32768,7,15.4190,8916881238133207675
btree16_bl_a64,32768,8,15.4053,8916881238133207675
btree16_bl_a64,32768,9,15.3992,8916881238133207675
btree16_bl_a64,32768,10,15.4251,8916881238133207675
btree16_bl_a64,32768,11,15.4160,8916881238133207675
btree16_bl_a64,32768,12,15.3717,8916881238133207675
btree16_bl_a64,32768,13,15.3198,8916881238133207675
btree16_bl_a64,32768,14,15.4388,8916881238133207675
fusion8,32768,0,78.2806,8916881238133207675
fusion8,32768,1,73.6816,8916881238133207675
fusion8,32768,2,73.7198,8916881238133207675
fusion8,32768,3,74.6536,8916881238133207675
fusion8,32768,4,74.0036,8916881238133207675
fusion8,32768,5,74.4156,8916881238133207675
fusion8,32768,6,74.6918,8916881238133207675
fusion8,32768,7,73.6267,8916881238133207675
fusion8,32768,8,74.4446,8916881238133207675
fusion8,32768,9,75.3571,8916881238133207675
fusion8,32768,10,75.2914,8916881238133207675
fusion8,32768,11,74.7726,8916881238133207675
fusion8,32768,12,74.8413,8916881238133207675
fusion8,32768,13,74.9664,8916881238133207675
fusion8,32768,14,74.6552,8916881238133207675
fusion8_bf,32768,0,84.3033,8916881238133207675
fusion8_bf,32768,1,78.6713,8916881238133207675
fusion8_bf,32768,2,78.0289,8916881238133207675
fusion8_bf,32768,3,78.4515,8916881238133207675
fusion8_bf,32768,4,78.6728,8916881238133207675
fusion8_bf,32768,5,78.3783,8916881238133207675
fusion8_bf,32768,6,78.7827,8916881238133207675
fusion8_bf,32768,7,78.5431,8916881238133207675
fusion8_bf,32768,8,77.5070,8916881238133207675
fusion8_bf,32768,9,78.3325,8916881238133207675
fusion8_bf,32768,10,79.3564,8916881238133207675
fusion8_bf,32768,11,79.7302,8916881238133207675
fusion8_bf,32768,12,78.6835,8916881238133207675
fusion8_bf,32768,13,80.6198,8916881238133207675
fusion8_bf,32768,14,78.7338,8916881238133207675
fusion8_c,32768,0,85.8765,8916881238133207675
fusion8_c,32768,1,82.5500,8916881238133207675
fusion8_c,32768,2,77.7573,8916881238133207675
fusion8_c,32768,3,77.6962,8916881238133207675
fusion8_c,32768,4,77.5879,8916881238133207675
fusion8_c,32768,5,77.6413,8916881238133207675
fusion8_c,32768,6,77.6321,8916881238133207675
fusion8_c,32768,7,79.0680,8916881238133207675
fusion8_c,32768,8,77.5192,8916881238133207675
fusion8_c,32768,9,77.5940,8916881238133207675
fusion8_c,32768,10,77.5955,8916881238133207675
fusion8_c,32768,11,77.5925,8916881238133207675
fusion8_c,32768,12,77.6779,8916881238133207675
fusion8_c,32768,13,77.7313,8916881238133207675
fusion8_c,32768,14,77.6184,8916881238133207675
fusion16_w,32768,0,81.0333,8916881238133207675
fusion16_w,32768,1,76.4526,8916881238133207675
fusion16_w,32768,2,75.8301,8916881238133207675
fusion16_w,32768,3,75.7568,8916881238133207675
fusion16_w,32768,4,77.6901,8916881238133207675
fusion16_w,32768,5,75.8606,8916881238133207675
fusion16_w,32768,6,75.8575,8916881238133207675
fusion16_w,32768,7,75.9293,8916881238133207675
fusion16_w,32768,8,75.8118,8916881238133207675
fusion16_w,32768,9,75.7736,8916881238133207675
fusion16_w,32768,10,77.7405,8916881238133207675
fusion16_w,32768,11,75.9521,8916881238133207675
fusion16_w,32768,12,75.8209,8916881238133207675
fusion16_w,32768,13,75.7935,8916881238133207675
fusion16_w,32768,14,75.7492,8916881238133207675
sorted_array,65536,0,21.8277,13538052259203909017
sorted_array,65536,1,20.2194,13538052259203909017
sorted_array,65536,2,20.1904,13538052259203909017
sorted_array,65536,3,20.2545,13538052259203909017
sorted_array,65536,4,20.7855,13538052259203909017
sorted_array,65536,5,20.6451,13538052259203909017
sorted_array,65536,6,20.3522,13538052259203909017
sorted_array,65536,7,20.8572,13538052259203909017
sorted_array,65536,8,20.8282,13538052259203909017
sorted_array,65536,9,20.6741,13538052259203909017
sorted_array,65536,10,20.1752,13538052259203909017
sorted_array,65536,11,20.0760,13538052259203909017
sorted_array,65536,12,20.2850,13538052259203909017
sorted_array,65536,13,20.2621,13538052259203909017
sorted_array,65536,14,20.5841,13538052259203909017
btree8,65536,0,56.5826,13538052259203909017
btree8,65536,1,53.2593,13538052259203909017
btree8,65536,2,53.5690,13538052259203909017
btree8,65536,3,53.4348,13538052259203909017
btree8,65536,4,53.3203,13538052259203909017
btree8,65536,5,53.4103,13538052259203909017
btree8,65536,6,53.5965,13538052259203909017
btree8,65536,7,53.3386,13538052259203909017
btree8,65536,8,53.0273,13538052259203909017
btree8,65536,9,53.2135,13538052259203909017
btree8,65536,10,53.6041,13538052259203909017
btree8,65536,11,53.1128,13538052259203909017
btree8,65536,12,53.4866,13538052259203909017
btree8,65536,13,53.4164,13538052259203909017
btree8,65536,14,53.3340,13538052259203909017
btree8_bl,65536,0,29.8386,13538052259203909017
btree8_bl,65536,1,23.1049,13538052259203909017
btree8_bl,65536,2,22.6257,13538052259203909017
btree8_bl,65536,3,22.5922,13538052259203909017
btree8_bl,65536,4,22.5052,13538052259203909017
btree8_bl,65536,5,22.4472,13538052259203909017
btree8_bl,65536,6,22.4655,13538052259203909017
btree8_bl,65536,7,22.5479,13538052259203909017
btree8_bl,65536,8,22.4808,13538052259203909017
btree8_bl,65536,9,22.3969,13538052259203909017
btree8_bl,65536,10,22.4655,13538052259203909017
btree8_bl,65536,11,23.8724,13538052259203909017
btree8_bl,65536,12,22.6715,13538052259203909017
btree8_bl,65536,13,22.4365,13538052259203909017
btree8_bl,65536,14,22.4594,13538052259203909017
btree8_a64,65536,0,56.7978,13538052259203909017
btree8_a64,65536,1,50.9720,13538052259203909017
btree8_a64,65536,2,50.5417,13538052259203909017
btree8_a64,65536,3,50.7782,13538052259203909017
btree8_a64,65536,4,50.7462,13538052259203909017
btree8_a64,65536,5,50.6653,13538052259203909017
btree8_a64,65536,6,50.4776,13538052259203909017
btree8_a64,65536,7,50.5753,13538052259203909017
btree8_a64,65536,8,50.6485,13538052259203909017
btree8_a64,65536,9,50.5493,13538052259203909017
btree8_a64,65536,10,50.7034,13538052259203909017
btree8_a64,65536,11,50.6180,13538052259203909017
btree8_a64,65536,12,50.5722,13538052259203909017
btree8_a64,65536,13,50.4959,13538052259203909017
btree8_a64,65536,14,50.5524,13538052259203909017
btree8_bl_a64,65536,0,28.2578,13538052259203909017
btree8_bl_a64,65536,1,21.5347,13538052259203909017
btree8_bl_a64,65536,2,21.2631,13538052259203909017
btree8_bl_a64,65536,3,21.1716,13538052259203909017
btree8_bl_a64,65536,4,21.1945,13538052259203909017
btree8_bl_a64,65536,5,21.2051,13538052259203909017
btree8_bl_a64,65536,6,21.1212,13538052259203909017
btree8_bl_a64,65536,7,21.1121,13538052259203909017
btree8_bl_a64,65536,8,21.1166,13538052259203909017
btree8_bl_a64,65536,9,21.1197,13538052259203909017
btree8_bl_a64,65536,10,21.1029,13538052259203909017
btree8_bl_a64,65536,11,22.8394,13538052259203909017
btree8_bl_a64,65536,12,21.2006,13538052259203909017
btree8_bl_a64,65536,13,21.1426,13538052259203909017
btree8_bl_a64,65536,14,21.1533,13538052259203909017
btree16_bl_a64,65536,0,18.4692,13538052259203909017
btree16_bl_a64,65536,1,14.3906,13538052259203909017
btree16_bl_a64,65536,2,14.7552,13538052259203909017
btree16_bl_a64,65536,3,14.3692,13538052259203909017
btree16_bl_a64,65536,4,14.3539,13538052259203909017
btree16_bl_a64,65536,5,14.3097,13538052259203909017
btree16_bl_a64,65536,6,14.3143,13538052259203909017
btree16_bl_a64,65536,7,14.3112,13538052259203909017
btree16_bl_a64,65536,8,14.3234,13538052259203909017
btree16_bl_a64,65536,9,14.2609,13538052259203909017
btree16_bl_a64,65536,10,14.3677,13538052259203909017
btree16_bl_a64,65536,11,14.2654,13538052259203909017
btree16_bl_a64,65536,12,14.2761,13538052259203909017
btree16_bl_a64,65536,13,14.2502,13538052259203909017
btree16_bl_a64,65536,14,14.3097,13538052259203909017
fusion8,65536,0,92.5812,13538052259203909017
fusion8,65536,1,80.9387,13538052259203909017
fusion8,65536,2,79.3320,13538052259203909017
fusion8,65536,3,79.0115,13538052259203909017
fusion8,65536,4,78.8879,13538052259203909017
fusion8,65536,5,78.9413,13538052259203909017
fusion8,65536,6,78.9383,13538052259203909017
fusion8,65536,7,81.2576,13538052259203909017
fusion8,65536,8,79.0161,13538052259203909017
fusion8,65536,9,78.8956,13538052259203909017
fusion8,65536,10,78.9474,13538052259203909017
fusion8,65536,11,79.1626,13538052259203909017
fusion8,65536,12,78.8757,13538052259203909017
fusion8,65536,13,80.3696,13538052259203909017
fusion8,65536,14,84.2026,13538052259203909017
fusion8_bf,65536,0,99.4919,13538052259203909017
fusion8_bf,65536,1,86.0062,13538052259203909017
fusion8_bf,65536,2,85.9497,13538052259203909017
fusion8_bf,65536,3,85.9558,13538052259203909017
fusion8_bf,65536,4,85.8093,13538052259203909017
fusion8_bf,65536,5,85.7895,13538052259203909017
fusion8_bf,65536,6,88.9069,13538052259203909017
fusion8_bf,65536,7,85.8063,13538052259203909017
fusion8_bf,65536,8,86.8988,13538052259203909017
fusion8_bf,65536,9,86.2320,13538052259203909017
fusion8_bf,65536,10,90.2145,13538052259203909017
fusion8_bf,65536,11,85.7727,13538052259203909017
fusion8_bf,65536,12,85.8276,13538052259203909017
fusion8_bf,65536,13,85.7010,13538052259203909017
fusion8_bf,65536,14,87.0239,13538052259203909017
fusion8_c,65536,0,95.6650,13538052259203909017
fusion8_c,65536,1,86.9858,13538052259203909017
fusion8_c,65536,2,86.8698,13538052259203909017
fusion8_c,65536,3,86.7844,13538052259203909017
fusion8_c,65536,4,88.7131,13538052259203909017
fusion8_c,65536,5,86.8484,13538052259203909017
fusion8_c,65536,6,86.8256,13538052259203909017
fusion8_c,65536,7,86.8591,13538052259203909017
fusion8_c,65536,8,86.8011,13538052259203909017
fusion8_c,65536,9,86.8790,13538052259203909017
fusion8_c,65536,10,86.8011,13538052259203909017
fusion8_c,65536,11,86.7920,13538052259203909017
fusion8_c,65536,12,86.8134,13538052259203909017
fusion8_c,65536,13,86.8256,13538052259203909017
fusion8_c,65536,14,87.6221,13538052259203909017
fusion16_w,65536,0,80.2689,13538052259203909017
fusion16_w,65536,1,74.8688,13538052259203909017
fusion16_w,65536,2,75.0641,13538052259203909017
fusion16_w,65536,3,74.7971,13538052259203909017
fusion16_w,65536,4,74.7406,13538052259203909017
fusion16_w,65536,5,74.9908,13538052259203909017
fusion16_w,65536,6,74.7192,13538052259203909017
fusion16_w,65536,7,74.6902,13538052259203909017
fusion16_w,65536,8,74.7116,13538052259203909017
fusion16_w,65536,9,74.6796,13538052259203909017
fusion16_w,65536,10,74.7269,13538052259203909017
fusion16_w,65536,11,78.0579,13538052259203909017
fusion16_w,65536,12,74.6872,13538052259203909017
fusion16_w,65536,13,74.5972,13538052259203909017
fusion16_w,65536,14,74.5239,13538052259203909017
sorted_array,131072,0,29.7913,18322359750267561758
sorted_array,131072,1,26.3992,18322359750267561758
sorted_array,131072,2,26.4999,18322359750267561758
sorted_array,131072,3,26.4389,18322359750267561758
sorted_array,131072,4,26.4908,18322359750267561758
sorted_array,131072,5,26.3382,18322359750267561758
sorted_array,131072,6,26.4771,18322359750267561758
sorted_array,131072,7,26.4893,18322359750267561758
sorted_array,131072,8,26.4908,18322359750267561758
sorted_array,131072,9,26.6052,18322359750267561758
sorted_array,131072,10,26.4908,18322359750267561758
sorted_array,131072,11,26.6998,18322359750267561758
sorted_array,131072,12,26.5045,18322359750267561758
sorted_array,131072,13,26.4816,18322359750267561758
sorted_array,131072,14,26.3931,18322359750267561758
btree8,131072,0,92.4637,18322359750267561758
btree8,131072,1,70.3705,18322359750267561758
btree8,131072,2,70.3171,18322359750267561758
btree8,131072,3,70.2377,18322359750267561758
btree8,131072,4,72.2092,18322359750267561758
btree8,131072,5,69.7250,18322359750267561758
btree8,131072,6,70.1889,18322359750267561758
btree8,131072,7,70.2011,18322359750267561758
btree8,131072,8,70.7245,18322359750267561758
btree8,131072,9,69.9966,18322359750267561758
btree8,131072,10,69.9722,18322359750267561758
btree8,131072,11,70.1920,18322359750267561758
btree8,131072,12,69.8959,18322359750267561758
btree8,131072,13,69.9570,18322359750267561758
btree8,131072,14,69.9600,18322359750267561758
btree8_bl,131072,0,71.4996,18322359750267561758
btree8_bl,131072,1,40.0009,18322359750267561758
btree8_bl,131072,2,39.8285,18322359750267561758
btree8_bl,131072,3,39.5630,18322359750267561758
btree8_bl,131072,4,40.4709,18322359750267561758
btree8_bl,131072,5,58.8318,18322359750267561758
btree8_bl,131072,6,45.6192,18322359750267561758
btree8_bl,131072,7,64.2517,18322359750267561758
btree8_bl,131072,8,60.6613,18322359750267561758
btree8_bl,131072,9,47.3434,18322359750267561758
btree8_bl,131072,10,45.1920,18322359750267561758
btree8_bl,131072,11,41.3940,18322359750267561758
btree8_bl,131072,12,41.2689,18322359750267561758
btree8_bl,131072,13,50.7965,18322359750267561758
btree8_bl,131072,14,46.2891,18322359750267561758
btree8_a64,131072,0,104.1183,18322359750267561758
btree8_a64,131072,1,72.0825,18322359750267561758
btree8_a64,131072,2,72.6898,18322359750267561758
btree8_a64,131072,3,74.1989,18322359750267561758
btree8_a64,131072,4,82.4173,18322359750267561758
btree8_a64,131072,5,92.7933,18322359750267561758
btree8_a64,131072,6,76.6296,18322359750267561758
btree8_a64,131072,7,87.1170,18322359750267561758
btree8_a64,131072,8,84.3079,18322359750267561758
btree8_a64,131072,9,76.5808,18322359750267561758
btree8_a64,131072,10,76.6357,18322359750267561758
btree8_a64,131072,11,70.9641,18322359750267561758
btree8_a64,131072,12,112.1002,18322359750267561758
btree8_a64,131072,13,86.4990,18322359750267561758
btree8_a64,131072,14,78.0624,18322359750267561758
btree8_bl_a64,131072,0,78.2761,18322359750267561758
btree8_bl_a64,131072,1,66.8152,18322359750267561758
btree8_bl_a64,131072,2,67.4149,18322359750267561758
btree8_bl_a64,131072,3,49.9420,18322359750267561758
btree8_bl_a64,131072,4,69.4839,18322359750267561758
btree8_bl_a64,131072,5,143.0710,18322359750267561758
btree8_bl_a64,131072,6,50.4776,18322359750267561758
btree8_bl_a64,131072,7,42.8833,18322359750267561758
btree8_bl_a64,131072,8,43.3273,18322359750267561758
btree8_bl_a64,131072,9,42.0959,18322359750267561758
btree8_bl_a64,131072,10,47.4609,18322359750267561758
btree8_bl_a64,131072,11,62.4542,18322359750267561758
btree8_bl_a64,131072,12,42.8940,18322359750267561758
btree8_bl_a64,131072,13,40.2084,18322359750267561758
btree8_bl_a64,131072,14,40.8310,18322359750267561758
btree16_bl_a64,131072,0,77.1698,18322359750267561758
btree16_bl_a64,131072,1,60.1593,18322359750267561758
btree16_bl_a64,131072,2,54.5502,18322359750267561758
btree16_bl_a64,131072,3,64.6347,18322359750267561758
btree16_bl_a64,131072,4,61.2244,18322359750267561758
btree16_bl_a64,131072,5,55.3223,18322359750267561758
btree16_bl_a64,131072,6,67.1005,18322359750267561758
btree16_bl_a64,131072,7,51.3733,18322359750267561758
btree16_bl_a64,131072,8,54.9576,18322359750267561758
btree16_bl_a64,131072,9,75.2014,18322359750267561758
btree16_bl_a64,131072,10,60.3577,18322359750267561758
btree16_bl_a64,131072,11,50.4593,18322359750267561758
btree16_bl_a64,131072,12,43.4921,18322359750267561758
btree16_bl_a64,131072,13,44.2230,18322359750267561758
btree16_bl_a64,131072,14,48.8480,18322359750267561758
fusion8,131072,0,151.6617,18322359750267561758
fusion8,131072,1,148.3017,18322359750267561758
fusion8,131072,2,156.0867,18322359750267561758
fusion8,131072,3,138.1760,18322359750267561758
fusion8,131072,4,137.2833,18322359750267561758
fusion8,131072,5,196.3455,18322359750267561758
fusion8,131072,6,152.9999,18322359750267561758
fusion8,131072,7,225.0824,18322359750267561758
fusion8,131072,8,329.9622,18322359750267561758
fusion8,131072,9,198.2819,18322359750267561758
fusion8,131072,10,155.5939,18322359750267561758
fusion8,131072,11,151.3107,18322359750267561758
fusion8,131072,12,161.5326,18322359750267561758
fusion8,131072,13,207.6004,18322359750267561758
fusion8,131072,14,165.3580,18322359750267561758
fusion8_bf,131072,0,177.1759,18322359750267561758
fusion8_bf,131072,1,166.2872,18322359750267561758
fusion8_bf,131072,2,167.8970,18322359750267561758
fusion8_bf,131072,3,162.7747,18322359750267561758
fusion8_bf,131072,4,158.9264,18322359750267561758
fusion8_bf,131072,5,160.5072,18322359750267561758
fusion8_bf,131072,6,148.4375,18322359750267561758
fusion8_bf,131072,7,157.0236,18322359750267561758
fusion8_bf,131072,8,167.5262,18322359750267561758
fusion8_bf,131072,9,150.0153,18322359750267561758
fusion8_bf,131072,10,133.5556,18322359750267561758
fusion8_bf,131072,11,250.7248,18322359750267561758
fusion8_bf,131072,12,238.0798,18322359750267561758
fusion8_bf,131072,13,137.2559,18322359750267561758
fusion8_bf,131072,14,141.3345,18322359750267561758
fusion8_c,131072,0,155.8029,18322359750267561758
fusion8_c,131072,1,115.8005,18322359750267561758
fusion8_c,131072,2,118.5486,18322359750267561758
fusion8_c,131072,3,112.7487,18322359750267561758
fusion8_c,131072,4,136.9583,18322359750267561758
fusion8_c,131072,5,118.3670,18322359750267561758
fusion8_c,131072,6,121.2067,18322359750267561758
fusion8_c,131072,7,125.4532,18322359750267561758
fusion8_c,131072,8,119.0125,18322359750267561758
fusion8_c,131072,9,128.1738,18322359750267561758
fusion8_c,131072,10,139.6362,18322359750267561758
fusion8_c,131072,11,122.5555,18322359750267561758
fusion8_c,131072,12,152.1759,18322359750267561758
fusion8_c,131072,13,187.8006,18322359750267561758
fusion8_c,131072,14,115.0696,18322359750267561758
fusion16_w,131072,0,141.5482,18322359750267561758
fusion16_w,131072,1,118.7729,18322359750267561758
fusion16_w,131072,2,148.9258,18322359750267561758
fusion16_w,131072,3,133.9462,18322359750267561758
fusion16_w,131072,4,127.3087,18322359750267561758
fusion16_w,131072,5,127.2308,18322359750267561758
fusion16_w,131072,6,120.9488,18322359750267561758
fusion16_w,131072,7,117.5323,18322359750267561758
fusion16_w,131072,8,137.8464,18322359750267561758
fusion16_w,131072,9,120.9625,18322359750267561758
fusion16_w,131072,10,119.5358,18322359750267561758
fusion16_w,131072,11,127.1439,18322359750267561758
fusion16_w,131072,12,124.5850,18322359750267561758
fusion16_w,131072,13,116.3422,18322359750267561758
fusion16_w,131072,14,122.9370,18322359750267561758
sorted_array,262144,0,38.9053,10037066851814254848
sorted_array,262144,1,31.8481,10037066851814254848
sorted_array,262144,2,31.8344,10037066851814254848
sorted_array,262144,3,31.9077,10037066851814254848
sorted_array,262144,4,48.5840,10037066851814254848
sorted_array,262144,5,32.4631,10037066851814254848
sorted_array,262144,6,33.2169,10037066851814254848
sorted_array,262144,7,31.9107,10037066851814254848
sorted_array,262144,8,31.8329,10037066851814254848
sorted_array,262144,9,31.9061,10037066851814254848
sorted_array,262144,10,31.8771,10037066851814254848
sorted_array,262144,11,31.8497,10037066851814254848
sorted_array,262144,12,32.0816,10037066851814254848
sorted_array,262144,13,32.1411,10037066851814254848
sorted_array,262144,14,32.1976,10037066851814254848
btree8,262144,0,109.7443,10037066851814254848
btree8,262144,1,82.0145,10037066851814254848
btree8,262144,2,74.3103,10037066851814254848
btree8,262144,3,73.4848,10037066851814254848
btree8,262144,4,73.8693,10037066851814254848
btree8,262144,5,74.0356,10037066851814254848
btree8,262144,6,75.9491,10037066851814254848
btree8,262144,7,73.9761,10037066851814254848
btree8,262144,8,75.3311,10037066851814254848
btree8,262144,9,74.0860,10037066851814254848
btree8,262144,10,74.1730,10037066851814254848
btree8,262144,11,72.6303,10037066851814254848
btree8,262144,12,72.7509,10037066851814254848
btree8,262144,13,72.8821,10037066851814254848
btree8,262144,14,72.7982,10037066851814254848
btree8_bl,262144,0,53.9276,10037066851814254848
btree8_bl,262144,1,32.6187,10037066851814254848
btree8_bl,262144,2,32.1823,10037066851814254848
btree8_bl,262144,3,32.0435,10037066851814254848
btree8_bl,262144,4,33.4305,10037066851814254848
btree8_bl,262144,5,35.2921,10037066851814254848
btree8_bl,262144,6,33.6563,10037066851814254848
btree8_bl,262144,7,32.0145,10037066851814254848
btree8_bl,262144,8,32.9010,10037066851814254848
btree8_bl,262144,9,31.9138,10037066851814254848
btree8_bl,262144,10,31.7917,10037066851814254848
btree8_bl,262144,11,31.7108,10037066851814254848
btree8_bl,262144,12,35.4614,10037066851814254848
btree8_bl,262144,13,33.5922,10037066851814254848
btree8_bl,262144,14,32.1335,10037066851814254848
btree8_a64,262144,0,99.4766,10037066851814254848
btree8_a64,262144,1,73.1537,10037066851814254848
btree8_a64,262144,2,73.7610,10037066851814254848
btree8_a64,262144,3,73.5886,10037066851814254848
btree8_a64,262144,4,73.1918,10037066851814254848
btree8_a64,262144,5,72.7692,10037066851814254848
btree8_a64,262144,6,72.8500,10037066851814254848
btree8_a64,262144,7,73.1110,10037066851814254848
btree8_a64,262144,8,73.2864,10037066851814254848
btree8_a64,262144,9,74.7253,10037066851814254848
btree8_a64,262144,10,78.2745,10037066851814254848
btree8_a64,262144,11,74.1013,10037066851814254848
btree8_a64,262144,12,72.5006,10037066851814254848
btree8_a64,262144,13,72.8683,10037066851814254848
btree8_a64,262144,14,74.7711,10037066851814254848
btree8_bl_a64,262144,0,54.2221,10037066851814254848
btree8_bl_a64,262144,1,30.3696,10037066851814254848
btree8_bl_a64,262144,2,29.8035,10037066851814254848
btree8_bl_a64,262144,3,29.5425,10037066851814254848
btree8_bl_a64,262144,4,31.4346,10037066851814254848
btree8_bl_a64,262144,5,29.3610,10037066851814254848
btree8_bl_a64,262144,6,29.2801,10037066851814254848
btree8_bl_a64,262144,7,29.1870,10037066851814254848
btree8_bl_a64,262144,8,29.1199,10037066851814254848
btree8_bl_a64,262144,9,29.1229,10037066851814254848
btree8_bl_a64,262144,10,29.0359,10037066851814254848
btree8_bl_a64,262144,11,29.1031,10037066851814254848
btree8_bl_a64,262144,12,29.0085,10037066851814254848
btree8_bl_a64,262144,13,29.3259,10037066851814254848
btree8_bl_a64,262144,14,30.3284,10037066851814254848
btree16_bl_a64,262144,0,69.0903,10037066851814254848
btree16_bl_a64,262144,1,44.3069,10037066851814254848
btree16_bl_a64,262144,2,48.5443,10037066851814254848
btree16_bl_a64,262144,3,40.7822,10037066851814254848
btree16_bl_a64,262144,4,37.7182,10037066851814254848
btree16_bl_a64,262144,5,37.8098,10037066851814254848
btree16_bl_a64,262144,6,45.8771,10037066851814254848
btree16_bl_a64,262144,7,44.8166,10037066851814254848
btree16_bl_a64,262144,8,37.6495,10037066851814254848
btree16_bl_a64,262144,9,37.1170,10037066851814254848
btree16_bl_a64,262144,10,37.6221,10037066851814254848
btree16_bl_a64,262144,11,36.8027,10037066851814254848
btree16_bl_a64,262144,12,36.7966,10037066851814254848
btree16_bl_a64,262144,13,37.9593,10037066851814254848
btree16_bl_a64,262144,14,37.4115,10037066851814254848
fusion8,262144,0,164.5203,10037066851814254848
fusion8,262144,1,118.0008,10037066851814254848
fusion8,262144,2,116.9662,10037066851814254848
fusion8,262144,3,121.8124,10037066851814254848
fusion8,262144,4,118.5104,10037066851814254848
fusion8,262144,5,118.4891,10037066851814254848
fusion8,262144,6,144.0948,10037066851814254848
fusion8,262144,7,117.3752,10037066851814254848
fusion8,262144,8,124.3988,10037066851814254848
fusion8,262144,9,129.7806,10037066851814254848
fusion8,262144,10,116.6733,10037066851814254848
fusion8,262144,11,130.7098,10037066851814254848
fusion8,262144,12,117.2089,10037066851814254848
fusion8,262144,13,117.6224,10037066851814254848
fusion8,262144,14,116.0019,10037066851814254848
fusion8_bf,262144,0,170.0195,10037066851814254848
fusion8_bf,262144,1,120.1477,10037066851814254848
fusion8_bf,262144,2,123.0515,10037066851814254848
fusion8_bf,262144,3,132.8400,10037066851814254848
fusion8_bf,262144,4,125.0397,10037066851814254848
fusion8_bf,262144,5,126.7059,10037066851814254848
fusion8_bf,262144,6,123.3887,10037066851814254848
fusion8_bf,262144,7,117.9459,10037066851814254848
fusion8_bf,262144,8,119.8715,10037066851814254848
fusion8_bf,262144,9,121.8933,10037066851814254848
fusion8_bf,262144,10,125.9155,10037066851814254848
fusion8_bf,262144,11,135.2859,10037066851814254848
fusion8_bf,262144,12,120.8054,10037066851814254848
fusion8_bf,262144,13,123.4512,10037066851814254848
fusion8_bf,262144,14,128.9276,10037066851814254848
fusion8_c,262144,0,157.0724,10037066851814254848
fusion8_c,262144,1,115.7440,10037066851814254848
fusion8_c,262144,2,117.1127,10037066851814254848
fusion8_c,262144,3,112.4573,10037066851814254848
fusion8_c,262144,4,113.3453,10037066851814254848
fusion8_c,262144,5,112.9242,10037066851814254848
fusion8_c,262144,6,114.3051,10037066851814254848
fusion8_c,262144,7,129.4098,10037066851814254848
fusion8_c,262144,8,116.3361,10037066851814254848
fusion8_c,262144,9,115.5289,10037066851814254848
fusion8_c,262144,10,115.3259,10037066851814254848
fusion8_c,262144,11,111.7020,10037066851814254848
fusion8_c,262144,12,113.3682,10037066851814254848
fusion8_c,262144,13,112.5351,10037066851814254848
fusion8_c,262144,14,125.9521,10037066851814254848
fusion16_w,262144,0,181.8192,10037066851814254848
fusion16_w,262144,1,164.8560,10037066851814254848
fusion16_w,262144,2,144.4885,10037066851814254848
fusion16_w,262144,3,160.1364,10037066851814254848
fusion16_w,262144,4,154.3884,10037066851814254848
fusion16_w,262144,5,144.8914,10037066851814254848
fusion16_w,262144,6,144.2932,10037066851814254848
fusion16_w,262144,7,142.2165,10037066851814254848
fusion16_w,262144,8,134.2972,10037066851814254848
fusion16_w,262144,9,134.5764,10037066851814254848
fusion16_w,262144,10,133.6807,10037066851814254848
fusion16_w,262144,11,136.4120,10037066851814254848
fusion16_w,262144,12,141.8594,10037066851814254848
fusion16_w,262144,13,149.6811,10037066851814254848
fusion16_w,262144,14,142.1295,10037066851814254848
sorted_array,524288,0,61.6043,12494368574949970434
sorted_array,524288,1,52.1851,12494368574949970434
sorted_array,524288,2,51.8967,12494368574949970434
sorted_array,524288,3,52.4063,12494368574949970434
sorted_array,524288,4,51.9653,12494368574949970434
sorted_array,524288,5,52.0996,12494368574949970434
sorted_array,524288,6,51.9196,12494368574949970434
sorted_array,524288,7,52.9175,12494368574949970434
sorted_array,524288,8,55.0568,12494368574949970434
sorted_array,524288,9,53.8513,12494368574949970434
sorted_array,524288,10,52.3575,12494368574949970434
sorted_array,524288,11,52.0569,12494368574949970434
sorted_array,524288,12,51.8631,12494368574949970434
sorted_array,524288,13,52.4872,12494368574949970434
sorted_array,524288,14,52.0370,12494368574949970434
btree8,524288,0,95.7520,12494368574949970434
btree8,524288,1,75.0717,12494368574949970434
btree8,524288,2,76.4450,12494368574949970434
btree8,524288,3,78.2166,12494368574949970434
btree8,524288,4,76.1093,12494368574949970434
btree8,524288,5,76.0101,12494368574949970434
btree8,524288,6,77.0203,12494368574949970434
btree8,524288,7,76.2039,12494368574949970434
btree8,524288,8,77.9343,12494368574949970434
btree8,524288,9,76.0910,12494368574949970434
btree8,524288,10,76.1429,12494368574949970434
btree8,524288,11,75.9979,12494368574949970434
btree8,524288,12,76.2711,12494368574949970434
btree8,524288,13,75.9125,12494368574949970434
btree8,524288,14,75.8865,12494368574949970434
btree8_bl,524288,0,56.6269,12494368574949970434
btree8_bl,524288,1,29.2969,12494368574949970434
btree8_bl,524288,2,28.4256,12494368574949970434
btree8_bl,524288,3,28.3432,12494368574949970434
btree8_bl,524288,4,27.9556,12494368574949970434
btree8_bl,524288,5,28.8147,12494368574949970434
btree8_bl,524288,6,28.4042,12494368574949970434
btree8_bl,524288,7,28.3417,12494368574949970434
btree8_bl,524288,8,27.9617,12494368574949970434
btree8_bl,524288,9,27.9526,12494368574949970434
btree8_bl,524288,10,27.7496,12494368574949970434
btree8_bl,524288,11,27.7893,12494368574949970434
btree8_bl,524288,12,27.8168,12494368574949970434
btree8_bl,524288,13,27.9312,12494368574949970434
btree8_bl,524288,14,27.9480,12494368574949970434
btree8_a64,524288,0,102.9221,12494368574949970434
btree8_a64,524288,1,77.0126,12494368574949970434
btree8_a64,524288,2,74.9130,12494368574949970434
btree8_a64,524288,3,75.3464,12494368574949970434
btree8_a64,524288,4,76.0208,12494368574949970434
btree8_a64,524288,5,74.1409,12494368574949970434
btree8_a64,524288,6,73.6572,12494368574949970434
btree8_a64,524288,7,74.0982,12494368574949970434
btree8_a64,524288,8,73.8480,12494368574949970434
btree8_a64,524288,9,73.8998,12494368574949970434
btree8_a64,524288,10,74.9695,12494368574949970434
btree8_a64,524288,11,74.5682,12494368574949970434
btree8_a64,524288,12,73.9197,12494368574949970434
btree8_a64,524288,13,74.8383,12494368574949970434
btree8_a64,524288,14,74.1669,12494368574949970434
btree8_bl_a64,524288,0,53.4286,12494368574949970434
btree8_bl_a64,524288,1,29.0512,12494368574949970434
btree8_bl_a64,524288,2,26.1444,12494368574949970434
btree8_bl_a64,524288,3,26.1398,12494368574949970434
btree8_bl_a64,524288,4,26.0361,12494368574949970434
btree8_bl_a64,524288,5,25.9140,12494368574949970434
btree8_bl_a64,524288,6,27.5192,12494368574949970434
btree8_bl_a64,524288,7,26.0651,12494368574949970434
btree8_bl_a64,524288,8,25.8316,12494368574949970434
btree8_bl_a64,524288,9,26.0132,12494368574949970434
btree8_bl_a64,524288,10,26.0040,12494368574949970434
btree8_bl_a64,524288,11,25.7874,12494368574949970434
btree8_bl_a64,524288,12,26.2024,12494368574949970434
btree8_bl_a64,524288,13,26.0574,12494368574949970434
btree8_bl_a64,524288,14,25.7019,12494368574949970434
btree16_bl_a64,524288,0,67.1555,12494368574949970434
btree16_bl_a64,524288,1,44.2200,12494368574949970434
btree16_bl_a64,524288,2,40.1733,12494368574949970434
btree16_bl_a64,524288,3,37.3627,12494368574949970434
btree16_bl_a64,524288,4,37.6633,12494368574949970434
btree16_bl_a64,524288,5,38.8092,12494368574949970434
btree16_bl_a64,524288,6,37.8021,12494368574949970434
btree16_bl_a64,524288,7,35.2844,12494368574949970434
btree16_bl_a64,524288,8,37.7121,12494368574949970434
btree16_bl_a64,524288,9,39.8743,12494368574949970434
btree16_bl_a64,524288,10,43.2480,12494368574949970434
btree16_bl_a64,524288,11,38.4155,12494368574949970434
btree16_bl_a64,524288,12,37.4496,12494368574949970434
btree16_bl_a64,524288,13,37.1536,12494368574949970434
btree16_bl_a64,524288,14,37.4008,12494368574949970434
fusion8,524288,0,165.6036,12494368574949970434
fusion8,524288,1,126.5839,12494368574949970434
fusion8,524288,2,124.6384,12494368574949970434
fusion8,524288,3,124.6536,12494368574949970434
fusion8,524288,4,125.8102,12494368574949970434
fusion8,524288,5,128.0411,12494368574949970434
fusion8,524288,6,184.8434,12494368574949970434
fusion8,524288,7,135.9741,12494368574949970434
fusion8,524288,8,137.1918,12494368574949970434
fusion8,524288,9,128.0014,12494368574949970434
fusion8,524288,10,132.2586,12494368574949970434
fusion8,524288,11,144.2062,12494368574949970434
fusion8,524288,12,145.8572,12494368574949970434
fusion8,524288,13,153.3646,12494368574949970434
fusion8,524288,14,144.0140,12494368574949970434
fusion8_bf,524288,0,175.2914,12494368574949970434
fusion8_bf,524288,1,137.9868,12494368574949970434
fusion8_bf,524288,2,144.2703,12494368574949970434
fusion8_bf,524288,3,145.7870,12494368574949970434
fusion8_bf,524288,4,134.8663,12494368574949970434
fusion8_bf,524288,5,129.9072,12494368574949970434
fusion8_bf,524288,6,132.0343,12494368574949970434
fusion8_bf,524288,7,163.1363,12494368574949970434
fusion8_bf,524288,8,139.6744,12494368574949970434
fusion8_bf,524288,9,156.6605,12494368574949970434
fusion8_bf,524288,10,137.9807,12494368574949970434
fusion8_bf,524288,11,139.1113,12494368574949970434
fusion8_bf,524288,12,147.9218,12494368574949970434
fusion8_bf,524288,13,141.3467,12494368574949970434
fusion8_bf,524288,14,137.3932,12494368574949970434
fusion8_c,524288,0,154.2480,12494368574949970434
fusion8_c,524288,1,114.9933,12494368574949970434
fusion8_c,524288,2,115.9882,12494368574949970434
fusion8_c,524288,3,114.6439,12494368574949970434
fusion8_c,524288,4,127.7542,12494368574949970434
fusion8_c,524288,5,120.9839,12494368574949970434
fusion8_c,524288,6,115.6311,12494368574949970434
fusion8_c,524288,7,123.6938,12494368574949970434
fusion8_c,524288,8,113.1866,12494368574949970434
fusion8_c,524288,9,114.1418,12494368574949970434
fusion8_c,524288,10,113.1149,12494368574949970434
fusion8_c,524288,11,121.4859,12494368574949970434
fusion8_c,524288,12,125.9872,12494368574949970434
fusion8_c,524288,13,122.5250,12494368574949970434
fusion8_c,524288,14,113.3453,12494368574949970434
fusion16_w,524288,0,188.8611,12494368574949970434
fusion16_w,524288,1,162.3276,12494368574949970434
fusion16_w,524288,2,163.0219,12494368574949970434
fusion16_w,524288,3,172.3648,12494368574949970434
fusion16_w,524288,4,159.6909,12494368574949970434
fusion16_w,524288,5,156.4407,12494368574949970434
fusion16_w,524288,6,157.3318,12494368574949970434
fusion16_w,524288,7,158.1421,12494368574949970434
fusion16_w,524288,8,157.5623,12494368574949970434
fusion16_w,524288,9,161.4777,12494368574949970434
fusion16_w,524288,10,159.8694,12494368574949970434
fusion16_w,524288,11,170.9122,12494368574949970434
fusion16_w,524288,12,174.1302,12494368574949970434
fusion16_w,524288,13,167.1890,12494368574949970434
fusion16_w,524288,14,171.3272,12494368574949970434
sorted_array,1048576,0,101.0498,16362192324183350314
sorted_array,1048576,1,86.1191,16362192324183350314
sorted_array,1048576,2,85.9970,16362192324183350314
sorted_array,1048576,3,86.2534,16362192324183350314
sorted_array,1048576,4,86.4975,16362192324183350314
sorted_array,1048576,5,86.4761,16362192324183350314
sorted_array,1048576,6,86.5753,16362192324183350314
sorted_array,1048576,7,86.4990,16362192324183350314
sorted_array,1048576,8,86.2030,16362192324183350314
sorted_array,1048576,9,88.1622,16362192324183350314
sorted_array,1048576,10,86.1084,16362192324183350314
sorted_array,1048576,11,86.4410,16362192324183350314
sorted_array,1048576,12,86.7355,16362192324183350314
sorted_array,1048576,13,86.3937,16362192324183350314
sorted_array,1048576,14,88.7680,16362192324183350314
btree8,1048576,0,232.2662,16362192324183350314
btree8,1048576,1,209.7427,16362192324183350314
btree8,1048576,2,191.6656,16362192324183350314
btree8,1048576,3,196.2814,16362192324183350314
btree8,1048576,4,200.6531,16362192324183350314
btree8,1048576,5,189.0427,16362192324183350314
btree8,1048576,6,185.8582,16362192324183350314
btree8,1048576,7,184.4177,16362192324183350314
btree8,1048576,8,212.5977,16362192324183350314
btree8,1048576,9,208.9996,16362192324183350314
btree8,1048576,10,200.9750,16362192324183350314
btree8,1048576,11,183.3328,16362192324183350314
btree8,1048576,12,209.0683,16362192324183350314
btree8,1048576,13,201.5411,16362192324183350314
btree8,1048576,14,194.7754,16362192324183350314
btree8_bl,1048576,0,141.8106,16362192324183350314
btree8_bl,1048576,1,96.9986,16362192324183350314
btree8_bl,1048576,2,96.8430,16362192324183350314
btree8_bl,1048576,3,99.8108,16362192324183350314
btree8_bl,1048576,4,109.6786,16362192324183350314
btree8_bl,1048576,5,109.4727,16362192324183350314
btree8_bl,1048576,6,106.9550,16362192324183350314
btree8_bl,1048576,7,100.4944,16362192324183350314
btree8_bl,1048576,8,106.7200,16362192324183350314
btree8_bl,1048576,9,100.9216,16362192324183350314
btree8_bl,1048576,10,92.8223,16362192324183350314
btree8_bl,1048576,11,96.8384,16362192324183350314
btree8_bl,1048576,12,98.5519,16362192324183350314
btree8_bl,1048576,13,102.0828,16362192324183350314
btree8_bl,1048576,14,103.1021,16362192324183350314
btree8_a64,1048576,0,229.3961,16362192324183350314
btree8_a64,1048576,1,188.9969,16362192324183350314
btree8_a64,1048576,2,215.0436,16362192324183350314
btree8_a64,1048576,3,210.8002,16362192324183350314
btree8_a64,1048576,4,188.9542,16362192324183350314
btree8_a64,1048576,5,186.8546,16362192324183350314
btree8_a64,1048576,6,300.3387,16362192324183350314
btree8_a64,1048576,7,232.2464,16362192324183350314
btree8_a64,1048576,8,212.8036,16362192324183350314
btree8_a64,1048576,9,208.7250,16362192324183350314
btree8_a64,1048576,10,193.0389,16362192324183350314
btree8_a64,1048576,11,209.5551,16362192324183350314
btree8_a64,1048576,12,207.7316,16362192324183350314
btree8_a64,1048576,13,189.4073,16362192324183350314
btree8_a64,1048576,14,191.3071,16362192324183350314
btree8_bl_a64,1048576,0,134.0530,16362192324183350314
btree8_bl_a64,1048576,1,104.5700,16362192324183350314
btree8_bl_a64,1048576,2,93.9194,16362192324183350314
btree8_bl_a64,1048576,3,92.8482,16362192324183350314
btree8_bl_a64,1048576,4,100.2457,16362192324183350314
btree8_bl_a64,1048576,5,89.4318,16362192324183350314
btree8_bl_a64,1048576,6,82.5256,16362192324183350314
btree8_bl_a64,1048576,7,79.4586,16362192324183350314
btree8_bl_a64,1048576,8,86.4777,16362192324183350314
btree8_bl_a64,1048576,9,101.9135,16362192324183350314
btree8_bl_a64,1048576,10,91.6428,16362192324183350314
btree8_bl_a64,1048576,11,86.5128,16362192324183350314
btree8_bl_a64,1048576,12,98.1842,16362192324183350314
btree8_bl_a64,1048576,13,89.5447,16362192324183350314
btree8_bl_a64,1048576,14,80.2078,16362192324183350314
btree16_bl_a64,1048576,0,65.3915,16362192324183350314
btree16_bl_a64,1048576,1,44.1833,16362192324183350314
btree16_bl_a64,1048576,2,40.4434,16362192324183350314
btree16_bl_a64,1048576,3,37.7228,16362192324183350314
btree16_bl_a64,1048576,4,33.4549,16362192324183350314
btree16_bl_a64,1048576,5,36.3358,16362192324183350314
btree16_bl_a64,1048576,6,50.8163,16362192324183350314
btree16_bl_a64,1048576,7,41.8564,16362192324183350314
btree16_bl_a64,1048576,8,40.9607,16362192324183350314
btree16_bl_a64,1048576,9,33.7189,16362192324183350314
btree16_bl_a64,1048576,10,38.7711,16362192324183350314
btree16_bl_a64,1048576,11,36.1511,16362192324183350314
btree16_bl_a64,1048576,12,35.1547,16362192324183350314
btree16_bl_a64,1048576,13,36.5250,16362192324183350314
btree16_bl_a64,1048576,14,33.5648,16362192324183350314
fusion8,1048576,0,322.2610,16362192324183350314
fusion8,1048576,1,323.2529,16362192324183350314
fusion8,1048576,2,307.3532,16362192324183350314
fusion8,1048576,3,307.5653,16362192324183350314
fusion8,1048576,4,310.1364,16362192324183350314
fusion8,1048576,5,297.3145,16362192324183350314
fusion8,1048576,6,312.5763,16362192324183350314
fusion8,1048576,7,311.8134,16362192324183350314
fusion8,1048576,8,307.5455,16362192324183350314
fusion8,1048576,9,310.9131,16362192324183350314
fusion8,1048576,10,293.7210,16362192324183350314
fusion8,1048576,11,293.2648,16362192324183350314
fusion8,1048576,12,302.0950,16362192324183350314
fusion8,1048576,13,316.3651,16362192324183350314
fusion8,1048576,14,310.9390,16362192324183350314
fusion8_bf,1048576,0,346.4554,16362192324183350314
fusion8_bf,1048576,1,338.0417,16362192324183350314
fusion8_bf,1048576,2,317.2089,16362192324183350314
fusion8_bf,1048576,3,328.0914,16362192324183350314
fusion8_bf,1048576,4,331.8375,16362192324183350314
fusion8_bf,1048576,5,316.9724,16362192324183350314
fusion8_bf,1048576,6,328.1464,16362192324183350314
fusion8_bf,1048576,7,314.3204,16362192324183350314
fusion8_bf,1048576,8,303.3630,16362192324183350314
fusion8_bf,1048576,9,310.7315,16362192324183350314
fusion8_bf,1048576,10,332.8323,16362192324183350314
fusion8_bf,1048576,11,324.1898,16362192324183350314
fusion8_bf,1048576,12,319.4183,16362192324183350314
fusion8_bf,1048576,13,302.8214,16362192324183350314
fusion8_bf,1048576,14,293.7805,16362192324183350314
fusion8_c,1048576,0,304.8599,16362192324183350314
fusion8_c,1048576,1,273.2452,16362192324183350314
fusion8_c,1048576,2,301.0498,16362192324183350314
fusion8_c,1048576,3,285.0616,16362192324183350314
fusion8_c,1048576,4,284.5642,16362192324183350314
fusion8_c,1048576,5,281.2897,16362192324183350314
fusion8_c,1048576,6,252.2598,16362192324183350314
fusion8_c,1048576,7,226.3443,16362192324183350314
fusion8_c,1048576,8,233.3435,16362192324183350314
fusion8_c,1048576,9,253.4210,16362192324183350314
fusion8_c,1048576,10,240.7745,16362192324183350314
fusion8_c,1048576,11,231.0883,16362192324183350314
fusion8_c,1048576,12,239.7568,16362192324183350314
fusion8_c,1048576,13,237.4054,16362192324183350314
fusion8_c,1048576,14,229.5959,16362192324183350314
fusion16_w,1048576,0,168.6859,16362192324183350314
fusion16_w,1048576,1,135.1318,16362192324183350314
fusion16_w,1048576,2,130.0385,16362192324183350314
fusion16_w,1048576,3,157.7606,16362192324183350314
fusion16_w,1048576,4,152.0020,16362192324183350314
fusion16_w,1048576,5,150.9232,16362192324183350314
fusion16_w,1048576,6,144.1940,16362192324183350314
fusion16_w,1048576,7,130.1529,16362192324183350314
fusion16_w,1048576,8,133.9279,16362192324183350314
fusion16_w,1048576,9,149.1959,16362192324183350314
fusion16_w,1048576,10,144.6152,16362192324183350314
fusion16_w,1048576,11,141.3071,16362192324183350314
fusion16_w,1048576,12,154.7348,16362192324183350314
fusion16_w,1048576,13,144.6548,16362192324183350314
fusion16_w,1048576,14,155.6778,16362192324183350314
sorted_array,2097152,0,168.1152,6087976039063001523
sorted_array,2097152,1,141.0248,6087976039063001523
sorted_array,2097152,2,171.7804,6087976039063001523
sorted_array,2097152,3,154.9118,6087976039063001523
sorted_array,2097152,4,213.3148,6087976039063001523
sorted_array,2097152,5,252.8336,6087976039063001523
sorted_array,2097152,6,186.8271,6087976039063001523
sorted_array,2097152,7,170.9412,6087976039063001523
sorted_array,2097152,8,184.8755,6087976039063001523
sorted_array,2097152,9,160.3226,6087976039063001523
sorted_array,2097152,10,146.0403,6087976039063001523
sorted_array,2097152,11,145.3217,6087976039063001523
sorted_array,2097152,12,240.1138,6087976039063001523
sorted_array,2097152,13,384.1858,6087976039063001523
sorted_array,2097152,14,309.4177,6087976039063001523
btree8,2097152,0,419.7311,6087976039063001523
btree8,2097152,1,362.9425,6087976039063001523
btree8,2097152,2,376.5335,6087976039063001523
btree8,2097152,3,541.8381,6087976039063001523
btree8,2097152,4,334.7290,6087976039063001523
btree8,2097152,5,251.5884,6087976039063001523
btree8,2097152,6,342.3233,6087976039063001523
btree8,2097152,7,310.0876,6087976039063001523
btree8,2097152,8,457.7225,6087976039063001523
btree8,2097152,9,292.9565,6087976039063001523
btree8,2097152,10,375.4807,6087976039063001523
btree8,2097152,11,306.6498,6087976039063001523
btree8,2097152,12,292.2623,6087976039063001523
btree8,2097152,13,540.5853,6087976039063001523
btree8,2097152,14,416.5787,6087976039063001523
btree8_bl,2097152,0,175.7935,6087976039063001523
btree8_bl,2097152,1,149.1699,6087976039063001523
btree8_bl,2097152,2,113.8229,6087976039063001523
btree8_bl,2097152,3,105.8014,6087976039063001523
btree8_bl,2097152,4,104.0405,6087976039063001523
btree8_bl,2097152,5,105.9906,6087976039063001523
btree8_bl,2097152,6,129.3442,6087976039063001523
btree8_bl,2097152,7,112.2528,6087976039063001523
btree8_bl,2097152,8,106.3965,6087976039063001523
btree8_bl,2097152,9,119.5999,6087976039063001523
btree8_bl,2097152,10,109.0027,6087976039063001523
btree8_bl,2097152,11,106.5216,6087976039063001523
btree8_bl,2097152,12,106.7566,6087976039063001523
btree8_bl,2097152,13,108.6761,6087976039063001523
btree8_bl,2097152,14,117.2134,6087976039063001523
btree8_a64,2097152,0,281.7612,6087976039063001523
btree8_a64,2097152,1,295.4361,6087976039063001523
btree8_a64,2097152,2,272.9202,6087976039063001523
btree8_a64,2097152,3,254.8325,6087976039063001523
btree8_a64,2097152,4,242.8452,6087976039063001523
btree8_a64,2097152,5,257.2601,6087976039063001523
btree8_a64,2097152,6,260.4202,6087976039063001523
btree8_a64,2097152,7,239.2975,6087976039063001523
btree8_a64,2097152,8,235.8734,6087976039063001523
btree8_a64,2097152,9,254.0039,6087976039063001523
btree8_a64,2097152,10,233.9584,6087976039063001523
btree8_a64,2097152,11,227.7557,6087976039063001523
btree8_a64,2097152,12,253.6240,6087976039063001523
btree8_a64,2097152,13,230.7755,6087976039063001523
btree8_a64,2097152,14,239.2349,6087976039063001523
btree8_bl_a64,2097152,0,136.5585,6087976039063001523
btree8_bl_a64,2097152,1,145.8878,6087976039063001523
btree8_bl_a64,2097152,2,112.5946,6087976039063001523
btree8_bl_a64,2097152,3,103.3951,6087976039063001523
btree8_bl_a64,2097152,4,98.0118,6087976039063001523
btree8_bl_a64,2097152,5,99.7101,6087976039063001523
btree8_bl_a64,2097152,6,96.0114,6087976039063001523
btree8_bl_a64,2097152,7,98.4024,6087976039063001523
btree8_bl_a64,2097152,8,102.3544,6087976039063001523
btree8_bl_a64,2097152,9,113.6734,6087976039063001523
btree8_bl_a64,2097152,10,102.1484,6087976039063001523
btree8_bl_a64,2097152,11,166.3437,6087976039063001523
btree8_bl_a64,2097152,12,109.2804,6087976039063001523
btree8_bl_a64,2097152,13,108.3603,6087976039063001523
btree8_bl_a64,2097152,14,102.5818,6087976039063001523
btree16_bl_a64,2097152,0,134.5840,6087976039063001523
btree16_bl_a64,2097152,1,128.4119,6087976039063001523
btree16_bl_a64,2097152,2,150.3799,6087976039063001523
btree16_bl_a64,2097152,3,171.8781,6087976039063001523
btree16_bl_a64,2097152,4,167.5903,6087976039063001523
btree16_bl_a64,2097152,5,163.6276,6087976039063001523
btree16_bl_a64,2097152,6,153.4958,6087976039063001523
btree16_bl_a64,2097152,7,127.9739,6087976039063001523
btree16_bl_a64,2097152,8,145.3079,6087976039063001523
btree16_bl_a64,2097152,9,127.6077,6087976039063001523
btree16_bl_a64,2097152,10,121.0571,6087976039063001523
btree16_bl_a64,2097152,11,151.9379,6087976039063001523
btree16_bl_a64,2097152,12,117.3370,6087976039063001523
btree16_bl_a64,2097152,13,108.4579,6087976039063001523
btree16_bl_a64,2097152,14,119.4199,6087976039063001523
fusion8,2097152,0,352.8336,6087976039063001523
fusion8,2097152,1,322.3877,6087976039063001523
fusion8,2097152,2,319.5816,6087976039063001523
fusion8,2097152,3,314.4897,6087976039063001523
fusion8,2097152,4,309.6878,6087976039063001523
fusion8,2097152,5,310.7788,6087976039063001523
fusion8,2097152,6,303.3539,6087976039063001523
fusion8,2097152,7,306.6376,6087976039063001523
fusion8,2097152,8,305.0797,6087976039063001523
fusion8,2097152,9,310.7086,6087976039063001523
fusion8,2097152,10,331.7017,6087976039063001523
fusion8,2097152,11,339.1815,6087976039063001523
fusion8,2097152,12,332.4295,6087976039063001523
fusion8,2097152,13,365.9332,6087976039063001523
fusion8,2097152,14,389.5096,6087976039063001523
fusion8_bf,2097152,0,359.1080,6087976039063001523
fusion8_bf,2097152,1,347.2580,6087976039063001523
fusion8_bf,2097152,2,347.5357,6087976039063001523
fusion8_bf,2097152,3,381.1371,6087976039063001523
fusion8_bf,2097152,4,327.0660,6087976039063001523
fusion8_bf,2097152,5,300.3052,6087976039063001523
fusion8_bf,2097152,6,303.4561,6087976039063001523
fusion8_bf,2097152,7,306.6132,6087976039063001523
fusion8_bf,2097152,8,326.2238,6087976039063001523
fusion8_bf,2097152,9,317.3264,6087976039063001523
fusion8_bf,2097152,10,341.6672,6087976039063001523
fusion8_bf,2097152,11,425.2396,6087976039063001523
fusion8_bf,2097152,12,364.7812,6087976039063001523
fusion8_bf,2097152,13,376.8936,6087976039063001523
fusion8_bf,2097152,14,373.0927,6087976039063001523
fusion8_c,2097152,0,384.5047,6087976039063001523
fusion8_c,2097152,1,333.0917,6087976039063001523
fusion8_c,2097152,2,323.2956,6087976039063001523
fusion8_c,2097152,3,367.5232,6087976039063001523
fusion8_c,2097152,4,364.0594,6087976039063001523
fusion8_c,2097152,5,349.7665,6087976039063001523
fusion8_c,2097152,6,408.1955,6087976039063001523
fusion8_c,2097152,7,395.2133,6087976039063001523
fusion8_c,2097152,8,357.7133,6087976039063001523
fusion8_c,2097152,9,324.9008,6087976039063001523
fusion8_c,2097152,10,330.4962,6087976039063001523
fusion8_c,2097152,11,315.7623,6087976039063001523
fusion8_c,2097152,12,318.4341,6087976039063001523
fusion8_c,2097152,13,317.5644,6087976039063001523
fusion8_c,2097152,14,302.6321,6087976039063001523
fusion16_w,2097152,0,330.2063,6087976039063001523
fusion16_w,2097152,1,291.3895,6087976039063001523
fusion16_w,2097152,2,322.7509,6087976039063001523
fusion16_w,2097152,3,313.9816,6087976039063001523
fusion16_w,2097152,4,271.4920,6087976039063001523
fusion16_w,2097152,5,273.9502,6087976039063001523
fusion16_w,2097152,6,279.8782,6087976039063001523
fusion16_w,2097152,7,333.7265,6087976039063001523
fusion16_w,2097152,8,320.9106,6087976039063001523
fusion16_w,2097152,9,287.3444,6087976039063001523
fusion16_w,2097152,10,279.2221,6087976039063001523
fusion16_w,2097152,11,280.2811,6087976039063001523
fusion16_w,2097152,12,288.5269,6087976039063001523
fusion16_w,2097152,13,284.5398,6087976039063001523
fusion16_w,2097152,14,372.1619,6087976039063001523
sorted_array,4194304,0,260.8734,14247903871160904604
sorted_array,4194304,1,270.8160,14247903871160904604
sorted_array,4194304,2,303.8712,14247903871160904604
sorted_array,4194304,3,276.2131,14247903871160904604
sorted_array,4194304,4,278.2486,14247903871160904604
sorted_array,4194304,5,254.5242,14247903871160904604
sorted_array,4194304,6,229.6921,14247903871160904604
sorted_array,4194304,7,226.0529,14247903871160904604
sorted_array,4194304,8,215.6815,14247903871160904604
sorted_array,4194304,9,220.6360,14247903871160904604
sorted_array,4194304,10,221.2509,14247903871160904604
sorted_array,4194304,11,228.7140,14247903871160904604
sorted_array,4194304,12,218.1412,14247903871160904604
sorted_array,4194304,13,215.5090,14247903871160904604
sorted_array,4194304,14,219.2352,14247903871160904604
btree8,4194304,0,238.7741,14247903871160904604
btree8,4194304,1,189.6317,14247903871160904604
btree8,4194304,2,184.7397,14247903871160904604
btree8,4194304,3,183.5281,14247903871160904604
btree8,4194304,4,178.4714,14247903871160904604
btree8,4194304,5,180.3116,14247903871160904604
btree8,4194304,6,198.6481,14247903871160904604
btree8,4194304,7,218.8187,14247903871160904604
btree8,4194304,8,199.3591,14247903871160904604
btree8,4194304,9,182.9163,14247903871160904604
btree8,4194304,10,186.4334,14247903871160904604
btree8,4194304,11,180.5374,14247903871160904604
btree8,4194304,12,182.6218,14247903871160904604
btree8,4194304,13,186.5509,14247903871160904604
btree8,4194304,14,194.2352,14247903871160904604
btree8_bl,4194304,0,112.1872,14247903871160904604
btree8_bl,4194304,1,82.4478,14247903871160904604
btree8_bl,4194304,2,78.0136,14247903871160904604
btree8_bl,4194304,3,73.9792,14247903871160904604
btree8_bl,4194304,4,79.4006,14247903871160904604
btree8_bl,4194304,5,80.3009,14247903871160904604
btree8_bl,4194304,6,77.1713,14247903871160904604
btree8_bl,4194304,7,72.1420,14247903871160904604
btree8_bl,4194304,8,70.3720,14247903871160904604
btree8_bl,4194304,9,77.9266,14247903871160904604
btree8_bl,4194304,10,76.5060,14247903871160904604
btree8_bl,4194304,11,77.6749,14247903871160904604
btree8_bl,4194304,12,81.6772,14247903871160904604
btree8_bl,4194304,13,83.9813,14247903871160904604
btree8_bl,4194304,14,85.0464,14247903871160904604
btree8_a64,4194304,0,246.4096,14247903871160904604
btree8_a64,4194304,1,197.6151,14247903871160904604
btree8_a64,4194304,2,195.2362,14247903871160904604
btree8_a64,4194304,3,193.7241,14247903871160904604
btree8_a64,4194304,4,254.6310,14247903871160904604
btree8_a64,4194304,5,192.6926,14247903871160904604
btree8_a64,4194304,6,201.3672,14247903871160904604
btree8_a64,4194304,7,198.4604,14247903871160904604
btree8_a64,4194304,8,208.2077,14247903871160904604
btree8_a64,4194304,9,212.0773,14247903871160904604
btree8_a64,4194304,10,214.2883,14247903871160904604
btree8_a64,4194304,11,202.5192,14247903871160904604
btree8_a64,4194304,12,203.4409,14247903871160904604
btree8_a64,4194304,13,197.4289,14247903871160904604
btree8_a64,4194304,14,197.6700,14247903871160904604
btree8_bl_a64,4194304,0,126.3947,14247903871160904604
btree8_bl_a64,4194304,1,81.6589,14247903871160904604
btree8_bl_a64,4194304,2,74.3866,14247903871160904604
btree8_bl_a64,4194304,3,66.7099,14247903871160904604
btree8_bl_a64,4194304,4,81.3324,14247903871160904604
btree8_bl_a64,4194304,5,74.1180,14247903871160904604
btree8_bl_a64,4194304,6,68.4143,14247903871160904604
btree8_bl_a64,4194304,7,67.5507,14247903871160904604
btree8_bl_a64,4194304,8,85.0708,14247903871160904604
btree8_bl_a64,4194304,9,73.7579,14247903871160904604
btree8_bl_a64,4194304,10,74.4217,14247903871160904604
btree8_bl_a64,4194304,11,73.6145,14247903871160904604
btree8_bl_a64,4194304,12,66.9769,14247903871160904604
btree8_bl_a64,4194304,13,65.9958,14247903871160904604
btree8_bl_a64,4194304,14,70.9656,14247903871160904604
btree16_bl_a64,4194304,0,138.9313,14247903871160904604
btree16_bl_a64,4194304,1,126.0315,14247903871160904604
btree16_bl_a64,4194304,2,123.1140,14247903871160904604
btree16_bl_a64,4194304,3,123.2803,14247903871160904604
btree16_bl_a64,4194304,4,120.6619,14247903871160904604
btree16_bl_a64,4194304,5,121.5881,14247903871160904604
btree16_bl_a64,4194304,6,120.9961,14247903871160904604
btree16_bl_a64,4194304,7,123.1430,14247903871160904604
btree16_bl_a64,4194304,8,120.5811,14247903871160904604
btree16_bl_a64,4194304,9,121.2982,14247903871160904604
btree16_bl_a64,4194304,10,122.3007,14247903871160904604
btree16_bl_a64,4194304,11,122.9462,14247903871160904604
btree16_bl_a64,4194304,12,119.4214,14247903871160904604
btree16_bl_a64,4194304,13,123.3261,14247903871160904604
btree16_bl_a64,4194304,14,124.1608,14247903871160904604
fusion8,4194304,0,340.5518,14247903871160904604
fusion8,4194304,1,314.8682,14247903871160904604
fusion8,4194304,2,334.9838,14247903871160904604
fusion8,4194304,3,334.2285,14247903871160904604
fusion8,4194304,4,317.3584,14247903871160904604
fusion8,4194304,5,329.0070,14247903871160904604
fusion8,4194304,6,302.3560,14247903871160904604
fusion8,4194304,7,284.4742,14247903871160904604
fusion8,4194304,8,298.9716,14247903871160904604
fusion8,4194304,9,291.0751,14247903871160904604
fusion8,4194304,10,306.4545,14247903871160904604
fusion8,4194304,11,291.7938,14247903871160904604
fusion8,4194304,12,282.0938,14247903871160904604
fusion8,4194304,13,287.6556,14247903871160904604
fusion8,4194304,14,293.4235,14247903871160904604
fusion8_bf,4194304,0,327.5421,14247903871160904604
fusion8_bf,4194304,1,292.4042,14247903871160904604
fusion8_bf,4194304,2,286.5158,14247903871160904604
fusion8_bf,4194304,3,287.6709,14247903871160904604
fusion8_bf,4194304,4,295.0409,14247903871160904604
fusion8_bf,4194304,5,299.5880,14247903871160904604
fusion8_bf,4194304,6,306.3019,14247903871160904604
fusion8_bf,4194304,7,311.6745,14247903871160904604
fusion8_bf,4194304,8,314.9780,14247903871160904604
fusion8_bf,4194304,9,309.0714,14247903871160904604
fusion8_bf,4194304,10,315.7639,14247903871160904604
fusion8_bf,4194304,11,320.2850,14247903871160904604
fusion8_bf,4194304,12,312.6694,14247903871160904604
fusion8_bf,4194304,13,312.8571,14247903871160904604
fusion8_bf,4194304,14,311.9186,14247903871160904604
fusion8_c,4194304,0,308.6609,14247903871160904604
fusion8_c,4194304,1,257.0831,14247903871160904604
fusion8_c,4194304,2,239.0121,14247903871160904604
fusion8_c,4194304,3,255.8517,14247903871160904604
fusion8_c,4194304,4,255.1468,14247903871160904604
fusion8_c,4194304,5,251.8143,14247903871160904604
fusion8_c,4194304,6,256.8207,14247903871160904604
fusion8_c,4194304,7,252.4185,14247903871160904604
fusion8_c,4194304,8,259.5306,14247903871160904604
fusion8_c,4194304,9,251.1490,14247903871160904604
fusion8_c,4194304,10,251.5320,14247903871160904604
fusion8_c,4194304,11,250.9491,14247903871160904604
fusion8_c,4194304,12,250.2396,14247903871160904604
fusion8_c,4194304,13,258.0917,14247903871160904604
fusion8_c,4194304,14,255.2521,14247903871160904604
fusion16_w,4194304,0,320.9946,14247903871160904604
fusion16_w,4194304,1,293.7485,14247903871160904604
fusion16_w,4194304,2,288.9420,14247903871160904604
fusion16_w,4194304,3,290.9805,14247903871160904604
fusion16_w,4194304,4,295.1447,14247903871160904604
fusion16_w,4194304,5,299.9634,14247903871160904604
fusion16_w,4194304,6,291.1011,14247903871160904604
fusion16_w,4194304,7,284.1110,14247903871160904604
fusion16_w,4194304,8,289.4348,14247903871160904604
fusion16_w,4194304,9,285.1089,14247903871160904604
fusion16_w,4194304,10,282.8995,14247903871160904604
fusion16_w,4194304,11,286.0474,14247903871160904604
fusion16_w,4194304,12,295.7932,14247903871160904604
fusion16_w,4194304,13,310.1547,14247903871160904604
fusion16_w,4194304,14,305.3329,14247903871160904604
sorted_array,8388608,0,442.0822,16818331115280313399
sorted_array,8388608,1,417.7460,16818331115280313399
sorted_array,8388608,2,416.7984,16818331115280313399
sorted_array,8388608,3,423.3826,16818331115280313399
sorted_array,8388608,4,430.1300,16818331115280313399
sorted_array,8388608,5,427.1271,16818331115280313399
sorted_array,8388608,6,436.2534,16818331115280313399
sorted_array,8388608,7,432.5439,16818331115280313399
sorted_array,8388608,8,457.5470,16818331115280313399
sorted_array,8388608,9,459.5108,16818331115280313399
sorted_array,8388608,10,455.7785,16818331115280313399
sorted_array,8388608,11,460.2859,16818331115280313399
sorted_array,8388608,12,455.3833,16818331115280313399
sorted_array,8388608,13,452.9633,16818331115280313399
sorted_array,8388608,14,451.9653,16818331115280313399
btree8,8388608,0,402.5177,16818331115280313399
btree8,8388608,1,388.9603,16818331115280313399
btree8,8388608,2,378.3478,16818331115280313399
btree8,8388608,3,373.9075,16818331115280313399
btree8,8388608,4,381.2302,16818331115280313399
btree8,8388608,5,376.5625,16818331115280313399
btree8,8388608,6,364.0045,16818331115280313399
btree8,8388608,7,354.8828,16818331115280313399
btree8,8388608,8,355.4733,16818331115280313399
btree8,8388608,9,334.6130,16818331115280313399
btree8,8388608,10,377.4475,16818331115280313399
btree8,8388608,11,368.6523,16818331115280313399
btree8,8388608,12,348.1216,16818331115280313399
btree8,8388608,13,330.0812,16818331115280313399
btree8,8388608,14,330.2765,16818331115280313399
btree8_bl,8388608,0,179.5578,16818331115280313399
btree8_bl,8388608,1,152.1088,16818331115280313399
btree8_bl,8388608,2,155.2856,16818331115280313399
btree8_bl,8388608,3,150.4562,16818331115280313399
btree8_bl,8388608,4,150.2975,16818331115280313399
btree8_bl,8388608,5,154.7470,16818331115280313399
btree8_bl,8388608,6,151.6083,16818331115280313399
btree8_bl,8388608,7,149.6399,16818331115280313399
btree8_bl,8388608,8,149.2279,16818331115280313399
btree8_bl,8388608,9,149.6078,16818331115280313399
btree8_bl,8388608,10,152.4796,16818331115280313399
btree8_bl,8388608,11,153.1052,16818331115280313399
btree8_bl,8388608,12,159.4925,16818331115280313399
btree8_bl,8388608,13,159.6420,16818331115280313399
btree8_bl,8388608,14,159.0317,16818331115280313399
btree8_a64,8388608,0,374.5621,16818331115280313399
btree8_a64,8388608,1,325.5615,16818331115280313399
btree8_a64,8388608,2,315.8951,16818331115280313399
btree8_a64,8388608,3,312.7762,16818331115280313399
btree8_a64,8388608,4,309.4086,16818331115280313399
btree8_a64,8388608,5,315.0742,16818331115280313399
btree8_a64,8388608,6,313.3087,16818331115280313399
btree8_a64,8388608,7,316.9952,16818331115280313399
btree8_a64,8388608,8,330.8533,16818331115280313399
btree8_a64,8388608,9,328.3768,16818331115280313399
btree8_a64,8388608,10,366.0843,16818331115280313399
btree8_a64,8388608,11,339.5905,16818331115280313399
btree8_a64,8388608,12,323.6191,16818331115280313399
btree8_a64,8388608,13,331.2576,16818331115280313399
btree8_a64,8388608,14,345.4437,16818331115280313399
btree8_bl_a64,8388608,0,225.3189,16818331115280313399
btree8_bl_a64,8388608,1,138.2111,16818331115280313399
btree8_bl_a64,8388608,2,140.2832,16818331115280313399
btree8_bl_a64,8388608,3,135.0174,16818331115280313399
btree8_bl_a64,8388608,4,135.6003,16818331115280313399
btree8_bl_a64,8388608,5,133.9783,16818331115280313399
btree8_bl_a64,8388608,6,135.0357,16818331115280313399
btree8_bl_a64,8388608,7,136.0382,16818331115280313399
btree8_bl_a64,8388608,8,131.5720,16818331115280313399
btree8_bl_a64,8388608,9,129.3076,16818331115280313399
btree8_bl_a64,8388608,10,130.2658,16818331115280313399
btree8_bl_a64,8388608,11,128.0045,16818331115280313399
btree8_bl_a64,8388608,12,129.7897,16818331115280313399
btree8_bl_a64,8388608,13,136.7706,16818331115280313399
btree8_bl_a64,8388608,14,133.3817,16818331115280313399
btree16_bl_a64,8388608,0,135.2966,16818331115280313399
btree16_bl_a64,8388608,1,116.3116,16818331115280313399
btree16_bl_a64,8388608,2,117.0135,16818331115280313399
btree16_bl_a64,8388608,3,114.8651,16818331115280313399
btree16_bl_a64,8388608,4,113.4964,16818331115280313399
btree16_bl_a64,8388608,5,113.4308,16818331115280313399
btree16_bl_a64,8388608,6,112.2070,16818331115280313399
btree16_bl_a64,8388608,7,112.5977,16818331115280313399
btree16_bl_a64,8388608,8,114.4287,16818331115280313399
btree16_bl_a64,8388608,9,114.3097,16818331115280313399
btree16_bl_a64,8388608,10,113.7100,16818331115280313399
btree16_bl_a64,8388608,11,114.0320,16818331115280313399
btree16_bl_a64,8388608,12,116.3422,16818331115280313399
btree16_bl_a64,8388608,13,119.1925,16818331115280313399
btree16_bl_a64,8388608,14,119.6838,16818331115280313399
fusion8,8388608,0,544.2932,16818331115280313399
fusion8,8388608,1,528.0655,16818331115280313399
fusion8,8388608,2,508.1909,16818331115280313399
fusion8,8388608,3,465.1459,16818331115280313399
fusion8,8388608,4,470.8542,16818331115280313399
fusion8,8388608,5,491.9479,16818331115280313399
fusion8,8388608,6,461.5997,16818331115280313399
fusion8,8388608,7,454.3579,16818331115280313399
fusion8,8388608,8,465.7410,16818331115280313399
fusion8,8388608,9,458.2520,16818331115280313399
fusion8,8388608,10,455.7373,16818331115280313399
fusion8,8388608,11,461.0107,16818331115280313399
fusion8,8388608,12,461.3510,16818331115280313399
fusion8,8388608,13,461.8347,16818331115280313399
fusion8,8388608,14,466.5024,16818331115280313399
fusion8_bf,8388608,0,513.5666,16818331115280313399
fusion8_bf,8388608,1,474.2966,16818331115280313399
fusion8_bf,8388608,2,477.4399,16818331115280313399
fusion8_bf,8388608,3,471.5866,16818331115280313399
fusion8_bf,8388608,4,479.6478,16818331115280313399
fusion8_bf,8388608,5,468.7759,16818331115280313399
fusion8_bf,8388608,6,467.7673,16818331115280313399
fusion8_bf,8388608,7,474.6078,16818331115280313399
fusion8_bf,8388608,8,503.9551,16818331115280313399
fusion8_bf,8388608,9,511.1847,16818331115280313399
fusion8_bf,8388608,10,497.7524,16818331115280313399
fusion8_bf,8388608,11,539.9521,16818331115280313399
fusion8_bf,8388608,12,629.5853,16818331115280313399
fusion8_bf,8388608,13,560.7590,16818331115280313399
fusion8_bf,8388608,14,553.2166,16818331115280313399
fusion8_c,8388608,0,480.6717,16818331115280313399
fusion8_c,8388608,1,490.9073,16818331115280313399
fusion8_c,8388608,2,581.1554,16818331115280313399
fusion8_c,8388608,3,529.7958,16818331115280313399
fusion8_c,8388608,4,498.4390,16818331115280313399
fusion8_c,8388608,5,462.0087,16818331115280313399
fusion8_c,8388608,6,488.7238,16818331115280313399
fusion8_c,8388608,7,454.1687,16818331115280313399
fusion8_c,8388608,8,434.4269,16818331115280313399
fusion8_c,8388608,9,443.0634,16818331115280313399
fusion8_c,8388608,10,436.8408,16818331115280313399
fusion8_c,8388608,11,423.0087,16818331115280313399
fusion8_c,8388608,12,437.8265,16818331115280313399
fusion8_c,8388608,13,421.5668,16818331115280313399
fusion8_c,8388608,14,411.6577,16818331115280313399
fusion16_w,8388608,0,326.1200,16818331115280313399
fusion16_w,8388608,1,297.9843,16818331115280313399
fusion16_w,8388608,2,286.0443,16818331115280313399
fusion16_w,8388608,3,281.1218,16818331115280313399
fusion16_w,8388608,4,281.6864,16818331115280313399
fusion16_w,8388608,5,288.2797,16818331115280313399
fusion16_w,8388608,6,295.0012,16818331115280313399
fusion16_w,8388608,7,290.9760,16818331115280313399
fusion16_w,8388608,8,287.5565,16818331115280313399
fusion16_w,8388608,9,287.2559,16818331115280313399
fusion16_w,8388608,10,290.5289,16818331115280313399
fusion16_w,8388608,11,293.6813,16818331115280313399
fusion16_w,8388608,12,288.5605,16818331115280313399
fusion16_w,8388608,13,288.1805,16818331115280313399
fusion16_w,8388608,14,290.9775,16818331115280313399
sorted_array,16777216,0,594.5374,7378316869786178009
sorted_array,16777216,1,580.4459,7378316869786178009
sorted_array,16777216,2,588.5101,7378316869786178009
sorted_array,16777216,3,581.2149,7378316869786178009
sorted_array,16777216,4,579.3304,7378316869786178009
sorted_array,16777216,5,584.5154,7378316869786178009
sorted_array,16777216,6,587.1552,7378316869786178009
sorted_array,16777216,7,582.7042,7378316869786178009
sorted_array,16777216,8,589.5599,7378316869786178009
sorted_array,16777216,9,588.2202,7378316869786178009
sorted_array,16777216,10,585.2570,7378316869786178009
sorted_array,16777216,11,587.8189,7378316869786178009
sorted_array,16777216,12,581.7688,7378316869786178009
sorted_array,16777216,13,581.2576,7378316869786178009
sorted_array,16777216,14,581.5475,7378316869786178009
btree8,16777216,0,399.1974,7378316869786178009
btree8,16777216,1,353.7018,7378316869786178009
btree8,16777216,2,351.7014,7378316869786178009
btree8,16777216,3,369.4595,7378316869786178009
btree8,16777216,4,388.3484,7378316869786178009
btree8,16777216,5,361.2656,7378316869786178009
btree8,16777216,6,353.8055,7378316869786178009
btree8,16777216,7,342.5873,7378316869786178009
btree8,16777216,8,341.7130,7378316869786178009
btree8,16777216,9,340.8859,7378316869786178009
btree8,16777216,10,352.6367,7378316869786178009
btree8,16777216,11,362.9059,7378316869786178009
btree8,16777216,12,365.3046,7378316869786178009
btree8,16777216,13,360.7605,7378316869786178009
btree8,16777216,14,365.0406,7378316869786178009
btree8_bl,16777216,0,183.1070,7378316869786178009
btree8_bl,16777216,1,159.7290,7378316869786178009
btree8_bl,16777216,2,159.9182,7378316869786178009
btree8_bl,16777216,3,157.6218,7378316869786178009
btree8_bl,16777216,4,159.9442,7378316869786178009
btree8_bl,16777216,5,159.6512,7378316869786178009
btree8_bl,16777216,6,158.0917,7378316869786178009
btree8_bl,16777216,7,159.6619,7378316869786178009
btree8_bl,16777216,8,158.4015,7378316869786178009
btree8_bl,16777216,9,158.5464,7378316869786178009
btree8_bl,16777216,10,160.9512,7378316869786178009
btree8_bl,16777216,11,161.5082,7378316869786178009
btree8_bl,16777216,12,161.2045,7378316869786178009
btree8_bl,16777216,13,161.2518,7378316869786178009
btree8_bl,16777216,14,161.9247,7378316869786178009
btree8_a64,16777216,0,397.3129,7378316869786178009
btree8_a64,16777216,1,355.9753,7378316869786178009
btree8_a64,16777216,2,348.9960,7378316869786178009
btree8_a64,16777216,3,350.9216,7378316869786178009
btree8_a64,16777216,4,354.1672,7378316869786178009
btree8_a64,16777216,5,342.0059,7378316869786178009
btree8_a64,16777216,6,347.5891,7378316869786178009
btree8_a64,16777216,7,340.2084,7378316869786178009
btree8_a64,16777216,8,328.0045,7378316869786178009
btree8_a64,16777216,9,336.9858,7378316869786178009
btree8_a64,16777216,10,341.3208,7378316869786178009
btree8_a64,16777216,11,361.5631,7378316869786178009
btree8_a64,16777216,12,354.2343,7378316869786178009
btree8_a64,16777216,13,356.5781,7378316869786178009
btree8_a64,16777216,14,354.5303,7378316869786178009
btree8_bl_a64,16777216,0,211.6898,7378316869786178009
btree8_bl_a64,16777216,1,145.5032,7378316869786178009
btree8_bl_a64,16777216,2,141.5680,7378316869786178009
btree8_bl_a64,16777216,3,139.1281,7378316869786178009
btree8_bl_a64,16777216,4,142.3431,7378316869786178009
btree8_bl_a64,16777216,5,147.4899,7378316869786178009
btree8_bl_a64,16777216,6,153.1158,7378316869786178009
btree8_bl_a64,16777216,7,148.1949,7378316869786178009
btree8_bl_a64,16777216,8,147.2626,7378316869786178009
btree8_bl_a64,16777216,9,142.6285,7378316869786178009
btree8_bl_a64,16777216,10,152.1072,7378316869786178009
btree8_bl_a64,16777216,11,149.4705,7378316869786178009
btree8_bl_a64,16777216,12,144.0521,7378316869786178009
btree8_bl_a64,16777216,13,141.7648,7378316869786178009
btree8_bl_a64,16777216,14,141.9159,7378316869786178009
btree16_bl_a64,16777216,0,130.2887,7378316869786178009
btree16_bl_a64,16777216,1,117.3645,7378316869786178009
btree16_bl_a64,16777216,2,113.6749,7378316869786178009
btree16_bl_a64,16777216,3,116.5283,7378316869786178009
btree16_bl_a64,16777216,4,115.5273,7378316869786178009
btree16_bl_a64,16777216,5,116.2704,7378316869786178009
btree16_bl_a64,16777216,6,116.7450,7378316869786178009
btree16_bl_a64,16777216,7,116.2003,7378316869786178009
btree16_bl_a64,16777216,8,114.7598,7378316869786178009
btree16_bl_a64,16777216,9,112.2040,7378316869786178009
btree16_bl_a64,16777216,10,115.9256,7378316869786178009
btree16_bl_a64,16777216,11,117.2729,7378316869786178009
btree16_bl_a64,16777216,12,117.4973,7378316869786178009
btree16_bl_a64,16777216,13,112.4603,7378316869786178009
btree16_bl_a64,16777216,14,117.4988,7378316869786178009
fusion8,16777216,0,551.1078,7378316869786178009
fusion8,16777216,1,503.6011,7378316869786178009
fusion8,16777216,2,497.9080,7378316869786178009
fusion8,16777216,3,497.5571,7378316869786178009
fusion8,16777216,4,493.3075,7378316869786178009
fusion8,16777216,5,487.6083,7378316869786178009
fusion8,16777216,6,487.5854,7378316869786178009
fusion8,16777216,7,489.9765,7378316869786178009
fusion8,16777216,8,490.5777,7378316869786178009
fusion8,16777216,9,498.5672,7378316869786178009
fusion8,16777216,10,499.0936,7378316869786178009
fusion8,16777216,11,494.4016,7378316869786178009
fusion8,16777216,12,493.0969,7378316869786178009
fusion8,16777216,13,489.0503,7378316869786178009
fusion8,16777216,14,485.5591,7378316869786178009
fusion8_bf,16777216,0,549.9252,7378316869786178009
fusion8_bf,16777216,1,503.3707,7378316869786178009
fusion8_bf,16777216,2,503.5187,7378316869786178009
fusion8_bf,16777216,3,491.1926,7378316869786178009
fusion8_bf,16777216,4,517.5934,7378316869786178009
fusion8_bf,16777216,5,511.5311,7378316869786178009
fusion8_bf,16777216,6,520.9961,7378316869786178009
fusion8_bf,16777216,7,505.3604,7378316869786178009
fusion8_bf,16777216,8,500.5997,7378316869786178009
fusion8_bf,16777216,9,492.9474,7378316869786178009
fusion8_bf,16777216,10,490.6494,7378316869786178009
fusion8_bf,16777216,11,488.1104,7378316869786178009
fusion8_bf,16777216,12,514.8041,7378316869786178009
fusion8_bf,16777216,13,549.1959,7378316869786178009
fusion8_bf,16777216,14,506.0928,7378316869786178009
fusion8_c,16777216,0,505.3360,7378316869786178009
fusion8_c,16777216,1,468.6996,7378316869786178009
fusion8_c,16777216,2,453.7888,7378316869786178009
fusion8_c,16777216,3,447.1115,7378316869786178009
fusion8_c,16777216,4,450.7431,7378316869786178009
fusion8_c,16777216,5,439.0945,7378316869786178009
fusion8_c,16777216,6,424.2538,7378316869786178009
fusion8_c,16777216,7,427.7191,7378316869786178009
fusion8_c,16777216,8,437.9089,7378316869786178009
fusion8_c,16777216,9,472.2366,7378316869786178009
fusion8_c,16777216,10,470.4269,7378316869786178009
fusion8_c,16777216,11,448.5382,7378316869786178009
fusion8_c,16777216,12,440.6967,7378316869786178009
fusion8_c,16777216,13,430.9357,7378316869786178009
fusion8_c,16777216,14,440.0589,7378316869786178009
fusion16_w,16777216,0,324.3027,7378316869786178009
fusion16_w,16777216,1,294.5465,7378316869786178009
fusion16_w,16777216,2,294.7281,7378316869786178009
fusion16_w,16777216,3,306.2607,7378316869786178009
fusion16_w,16777216,4,303.3463,7378316869786178009
fusion16_w,16777216,5,297.7509,7378316869786178009
fusion16_w,16777216,6,292.8711,7378316869786178009
fusion16_w,16777216,7,293.3838,7378316869786178009
fusion16_w,16777216,8,289.3738,7378316869786178009
fusion16_w,16777216,9,287.3215,7378316869786178009
fusion16_w,16777216,10,285.4401,7378316869786178009
fusion16_w,16777216,11,297.1466,7378316869786178009
fusion16_w,16777216,12,298.5031,7378316869786178009
fusion16_w,16777216,13,299.6750,7378316869786178009
fusion16_w,16777216,14,298.8831,7378316869786178009
sorted_array,33554432,0,812.0270,14781225337507930917
sorted_array,33554432,1,751.8250,14781225337507930917
sorted_array,33554432,2,716.0782,14781225337507930917
sorted_array,33554432,3,1124.8795,14781225337507930917
sorted_array,33554432,4,713.4293,14781225337507930917
sorted_array,33554432,5,711.4166,14781225337507930917
sorted_array,33554432,6,727.8015,14781225337507930917
sorted_array,33554432,7,712.1872,14781225337507930917
sorted_array,33554432,8,709.0820,14781225337507930917
sorted_array,33554432,9,708.9096,14781225337507930917
sorted_array,33554432,10,734.6542,14781225337507930917
sorted_array,33554432,11,713.9633,14781225337507930917
sorted_array,33554432,12,724.2050,14781225337507930917
sorted_array,33554432,13,741.3757,14781225337507930917
sorted_array,33554432,14,706.4835,14781225337507930917
btree8,33554432,0,434.3750,14781225337507930917
btree8,33554432,1,380.1025,14781225337507930917
btree8,33554432,2,371.3867,14781225337507930917
btree8,33554432,3,367.9794,14781225337507930917
btree8,33554432,4,381.0577,14781225337507930917
btree8,33554432,5,416.1407,14781225337507930917
btree8,33554432,6,388.7283,14781225337507930917
btree8,33554432,7,378.5583,14781225337507930917
btree8,33554432,8,377.4277,14781225337507930917
btree8,33554432,9,365.9653,14781225337507930917
btree8,33554432,10,373.2941,14781225337507930917
btree8,33554432,11,369.0216,14781225337507930917
btree8,33554432,12,386.3983,14781225337507930917
btree8,33554432,13,381.6986,14781225337507930917
btree8,33554432,14,369.4275,14781225337507930917
btree8_bl,33554432,0,220.8710,14781225337507930917
btree8_bl,33554432,1,145.9076,14781225337507930917
btree8_bl,33554432,2,142.2760,14781225337507930917
btree8_bl,33554432,3,140.1398,14781225337507930917
btree8_bl,33554432,4,145.7596,14781225337507930917
btree8_bl,33554432,5,151.1490,14781225337507930917
btree8_bl,33554432,6,146.7056,14781225337507930917
btree8_bl,33554432,7,147.1573,14781225337507930917
btree8_bl,33554432,8,146.3837,14781225337507930917
btree8_bl,33554432,9,142.4011,14781225337507930917
btree8_bl,33554432,10,147.4426,14781225337507930917
btree8_bl,33554432,11,146.8643,14781225337507930917
btree8_bl,33554432,12,146.8079,14781225337507930917
btree8_bl,33554432,13,146.2738,14781225337507930917
btree8_bl,33554432,14,149.4537,14781225337507930917
btree8_a64,33554432,0,469.8166,14781225337507930917
btree8_a64,33554432,1,389.5844,14781225337507930917
btree8_a64,33554432,2,373.3200,14781225337507930917
btree8_a64,33554432,3,380.8655,14781225337507930917
btree8_a64,33554432,4,364.5630,14781225337507930917
btree8_a64,33554432,5,373.6496,14781225337507930917
btree8_a64,33554432,6,382.7179,14781225337507930917
btree8_a64,33554432,7,374.9084,14781225337507930917
btree8_a64,33554432,8,362.7197,14781225337507930917
btree8_a64,33554432,9,370.1355,14781225337507930917
btree8_a64,33554432,10,522.7783,14781225337507930917
btree8_a64,33554432,11,410.8734,14781225337507930917
btree8_a64,33554432,12,394.5511,14781225337507930917
btree8_a64,33554432,13,385.3333,14781225337507930917
btree8_a64,33554432,14,390.7349,14781225337507930917
btree8_bl_a64,33554432,0,200.1923,14781225337507930917
btree8_bl_a64,33554432,1,146.7316,14781225337507930917
btree8_bl_a64,33554432,2,139.9994,14781225337507930917
btree8_bl_a64,33554432,3,135.5728,14781225337507930917
btree8_bl_a64,33554432,4,133.2687,14781225337507930917
btree8_bl_a64,33554432,5,134.0988,14781225337507930917
btree8_bl_a64,33554432,6,151.2421,14781225337507930917
btree8_bl_a64,33554432,7,139.5660,14781225337507930917
btree8_bl_a64,33554432,8,146.8750,14781225337507930917
btree8_bl_a64,33554432,9,143.1137,14781225337507930917
btree8_bl_a64,33554432,10,135.7910,14781225337507930917
btree8_bl_a64,33554432,11,133.5449,14781225337507930917
btree8_bl_a64,33554432,12,132.2708,14781225337507930917
btree8_bl_a64,33554432,13,134.6985,14781225337507930917
btree8_bl_a64,33554432,14,136.4182,14781225337507930917
btree16_bl_a64,33554432,0,226.5884,14781225337507930917
btree16_bl_a64,33554432,1,196.4294,14781225337507930917
btree16_bl_a64,33554432,2,190.1993,14781225337507930917
btree16_bl_a64,33554432,3,188.5513,14781225337507930917
btree16_bl_a64,33554432,4,189.6927,14781225337507930917
btree16_bl_a64,33554432,5,186.4944,14781225337507930917
btree16_bl_a64,33554432,6,184.0698,14781225337507930917
btree16_bl_a64,33554432,7,185.8002,14781225337507930917
btree16_bl_a64,33554432,8,185.4187,14781225337507930917
btree16_bl_a64,33554432,9,182.6706,14781225337507930917
btree16_bl_a64,33554432,10,184.9487,14781225337507930917
btree16_bl_a64,33554432,11,183.9996,14781225337507930917
btree16_bl_a64,33554432,12,182.9575,14781225337507930917
btree16_bl_a64,33554432,13,186.3770,14781225337507930917
btree16_bl_a64,33554432,14,185.6537,14781225337507930917
fusion8,33554432,0,647.9462,14781225337507930917
fusion8,33554432,1,556.3080,14781225337507930917
fusion8,33554432,2,532.3196,14781225337507930917
fusion8,33554432,3,518.1656,14781225337507930917
fusion8,33554432,4,512.4023,14781225337507930917
fusion8,33554432,5,555.2536,14781225337507930917
fusion8,33554432,6,539.2670,14781225337507930917
fusion8,33554432,7,530.6519,14781225337507930917
fusion8,33554432,8,512.6099,14781225337507930917
fusion8,33554432,9,535.6918,14781225337507930917
fusion8,33554432,10,529.4907,14781225337507930917
fusion8,33554432,11,521.8185,14781225337507930917
fusion8,33554432,12,585.3836,14781225337507930917
fusion8,33554432,13,538.1485,14781225337507930917
fusion8,33554432,14,494.5801,14781225337507930917
fusion8_bf,33554432,0,565.7883,14781225337507930917
fusion8_bf,33554432,1,540.7883,14781225337507930917
fusion8_bf,33554432,2,585.1517,14781225337507930917
fusion8_bf,33554432,3,580.3207,14781225337507930917
fusion8_bf,33554432,4,581.3324,14781225337507930917
fusion8_bf,33554432,5,613.8580,14781225337507930917
fusion8_bf,33554432,6,643.3960,14781225337507930917
fusion8_bf,33554432,7,584.5306,14781225337507930917
fusion8_bf,33554432,8,527.3239,14781225337507930917
fusion8_bf,33554432,9,555.8212,14781225337507930917
fusion8_bf,33554432,10,552.5497,14781225337507930917
fusion8_bf,33554432,11,505.6229,14781225337507930917
fusion8_bf,33554432,12,513.0173,14781225337507930917
fusion8_bf,33554432,13,502.6749,14781225337507930917
fusion8_bf,33554432,14,529.8996,14781225337507930917
fusion8_c,33554432,0,525.5264,14781225337507930917
fusion8_c,33554432,1,479.1580,14781225337507930917
fusion8_c,33554432,2,477.9160,14781225337507930917
fusion8_c,33554432,3,457.9575,14781225337507930917
fusion8_c,33554432,4,509.9991,14781225337507930917
fusion8_c,33554432,5,481.8390,14781225337507930917
fusion8_c,33554432,6,471.7117,14781225337507930917
fusion8_c,33554432,7,459.9243,14781225337507930917
fusion8_c,33554432,8,461.1832,14781225337507930917
fusion8_c,33554432,9,509.1110,14781225337507930917
fusion8_c,33554432,10,486.8866,14781225337507930917
fusion8_c,33554432,11,465.5319,14781225337507930917
fusion8_c,33554432,12,455.8136,14781225337507930917
fusion8_c,33554432,13,463.3514,14781225337507930917
fusion8_c,33554432,14,471.2906,14781225337507930917
fusion16_w,33554432,0,552.5055,14781225337507930917
fusion16_w,33554432,1,492.5934,14781225337507930917
fusion16_w,33554432,2,508.0811,14781225337507930917
fusion16_w,33554432,3,515.6616,14781225337507930917
fusion16_w,33554432,4,481.9183,14781225337507930917
fusion16_w,33554432,5,474.6246,14781225337507930917
fusion16_w,33554432,6,454.9728,14781225337507930917
fusion16_w,33554432,7,501.3901,14781225337507930917
fusion16_w,33554432,8,471.8918,14781225337507930917
fusion16_w,33554432,9,460.1959,14781225337507930917
fusion16_w,33554432,10,452.6932,14781225337507930917
fusion16_w,33554432,11,460.7559,14781225337507930917
fusion16_w,33554432,12,483.9813,14781225337507930917
fusion16_w,33554432,13,474.4797,14781225337507930917
fusion16_w,33554432,14,468.2846,14781225337507930917
