structure,n,rep,ns_per_query,checksum
sorted_array,256,0,13.0661,11530405409878601149
sorted_array,256,1,13.0341,11530405409878601149
sorted_array,256,2,13.0707,11530405409878601149
sorted_array,256,3,13.0295,11530405409878601149
sorted_array,256,4,13.0615,11530405409878601149
sorted_array,256,5,13.0463,11530405409878601149
sorted_array,256,6,13.0554,11530405409878601149
sorted_array,256,7,13.0295,11530405409878601149
sorted_array,256,8,13.0646,11530405409878601149
sorted_array,256,9,13.0325,11530405409878601149
sorted_array,256,10,13.0753,11530405409878601149
sorted_array,256,11,13.0295,11530405409878601149
sorted_array,256,12,13.0661,11530405409878601149
sorted_array,256,13,13.0280,11530405409878601149
sorted_array,256,14,13.0539,11530405409878601149
btree8,256,0,21.0876,11530405409878601149
btree8,256,1,20.7382,11530405409878601149
btree8,256,2,20.6039,11530405409878601149
btree8,256,3,20.4453,11530405409878601149
btree8,256,4,20.4834,11530405409878601149
btree8,256,5,20.5460,11530405409878601149
btree8,256,6,20.6100,11530405409878601149
btree8,256,7,20.5688,11530405409878601149
btree8,256,8,20.5658,11530405409878601149
btree8,256,9,20.6741,11530405409878601149
btree8,256,10,20.6085,11530405409878601149
btree8,256,11,20.5170,11530405409878601149
btree8,256,12,20.3979,11530405409878601149
btree8,256,13,20.3903,11530405409878601149
btree8,256,14,20.5765,11530405409878601149
btree8_bl,256,0,21.9360,11530405409878601149
btree8_bl,256,1,21.9147,11530405409878601149
btree8_bl,256,2,21.8918,11530405409878601149
btree8_bl,256,3,22.8683,11530405409878601149
btree8_bl,256,4,21.9116,11530405409878601149
btree8_bl,256,5,21.8857,11530405409878601149
btree8_bl,256,6,21.8384,11530405409878601149
btree8_bl,256,7,21.8414,11530405409878601149
btree8_bl,256,8,21.7194,11530405409878601149
btree8_bl,256,9,21.7270,11530405409878601149
btree8_bl,256,10,21.7178,11530405409878601149
btree8_bl,256,11,21.7102,11530405409878601149
btree8_bl,256,12,21.6660,11530405409878601149
btree8_bl,256,13,21.7041,11530405409878601149
btree8_bl,256,14,21.6736,11530405409878601149
btree8_a64,256,0,20.0317,11530405409878601149
btree8_a64,256,1,19.8349,11530405409878601149
btree8_a64,256,2,19.7037,11530405409878601149
btree8_a64,256,3,19.6594,11530405409878601149
btree8_a64,256,4,19.5953,11530405409878601149
btree8_a64,256,5,19.6243,11530405409878601149
btree8_a64,256,6,19.6030,11530405409878601149
btree8_a64,256,7,19.5831,11530405409878601149
btree8_a64,256,8,19.5938,11530405409878601149
btree8_a64,256,9,19.6060,11530405409878601149
btree8_a64,256,10,19.6259,11530405409878601149
btree8_a64,256,11,19.5892,11530405409878601149
btree8_a64,256,12,19.6060,11530405409878601149
btree8_a64,256,13,19.6045,11530405409878601149
btree8_a64,256,14,19.6335,11530405409878601149
btree8_bl_a64,256,0,20.3033,11530405409878601149
btree8_bl_a64,256,1,20.2866,11530405409878601149
btree8_bl_a64,256,2,20.2057,11530405409878601149
btree8_bl_a64,256,3,20.1584,11530405409878601149
btree8_bl_a64,256,4,20.1462,11530405409878601149
btree8_bl_a64,256,5,20.2148,11530405409878601149
btree8_bl_a64,256,6,20.2148,11530405409878601149
btree8_bl_a64,256,7,20.1874,11530405409878601149
btree8_bl_a64,256,8,20.0546,11530405409878601149
btree8_bl_a64,256,9,20.1645,11530405409878601149
btree8_bl_a64,256,10,20.9549,11530405409878601149
btree8_bl_a64,256,11,20.1599,11530405409878601149
btree8_bl_a64,256,12,20.1019,11530405409878601149
btree8_bl_a64,256,13,20.0699,11530405409878601149
btree8_bl_a64,256,14,20.0760,11530405409878601149
btree16_bl_a64,256,0,13.9297,11530405409878601149
btree16_bl_a64,256,1,13.9450,11530405409878601149
btree16_bl_a64,256,2,13.9008,11530405409878601149
btree16_bl_a64,256,3,13.9206,11530405409878601149
btree16_bl_a64,256,4,13.8916,11530405409878601149
btree16_bl_a64,256,5,13.9008,11530405409878601149
btree16_bl_a64,256,6,13.8733,11530405409878601149
btree16_bl_a64,256,7,13.9053,11530405409878601149
btree16_bl_a64,256,8,13.9145,11530405409878601149
btree16_bl_a64,256,9,13.8443,11530405409878601149
btree16_bl_a64,256,10,13.8382,11530405409878601149
btree16_bl_a64,256,11,13.8702,11530405409878601149
btree16_bl_a64,256,12,13.8809,11530405409878601149
btree16_bl_a64,256,13,13.8290,11530405409878601149
btree16_bl_a64,256,14,13.8245,11530405409878601149
fusion8,256,0,39.5264,11530405409878601149
fusion8,256,1,39.2471,11530405409878601149
fusion8,256,2,39.2288,11530405409878601149
fusion8,256,3,39.3402,11530405409878601149
fusion8,256,4,39.2273,11530405409878601149
fusion8,256,5,39.2319,11530405409878601149
fusion8,256,6,39.2410,11530405409878601149
fusion8,256,7,39.1357,11530405409878601149
fusion8,256,8,39.2517,11530405409878601149
fusion8,256,9,39.2639,11530405409878601149
fusion8,256,10,39.1724,11530405409878601149
fusion8,256,11,39.1479,11530405409878601149
fusion8,256,12,39.0762,11530405409878601149
fusion8,256,13,39.1144,11530405409878601149
fusion8,256,14,39.1632,11530405409878601149
fusion8_bf,256,0,43.6630,11530405409878601149
fusion8_bf,256,1,43.6523,11530405409878601149
fusion8_bf,256,2,43.4937,11530405409878601149
fusion8_bf,256,3,43.4189,11530405409878601149
fusion8_bf,256,4,43.4128,11530405409878601149
fusion8_bf,256,5,43.7668,11530405409878601149
fusion8_bf,256,6,43.5394,11530405409878601149
fusion8_bf,256,7,43.4479,11530405409878601149
fusion8_bf,256,8,43.5059,11530405409878601149
fusion8_bf,256,9,43.5043,11530405409878601149
fusion8_bf,256,10,43.4784,11530405409878601149
fusion8_bf,256,11,43.5989,11530405409878601149
fusion8_bf,256,12,43.5303,11530405409878601149
fusion8_bf,256,13,43.5211,11530405409878601149
fusion8_bf,256,14,43.3121,11530405409878601149
fusion8_c,256,0,42.2729,11530405409878601149
fusion8_c,256,1,42.0441,11530405409878601149
fusion8_c,256,2,42.2638,11530405409878601149
fusion8_c,256,3,42.2226,11530405409878601149
fusion8_c,256,4,42.2348,11530405409878601149
fusion8_c,256,5,42.2134,11530405409878601149
fusion8_c,256,6,42.2394,11530405409878601149
fusion8_c,256,7,42.1417,11530405409878601149
fusion8_c,256,8,42.1310,11530405409878601149
fusion8_c,256,9,42.1814,11530405409878601149
fusion8_c,256,10,42.1829,11530405409878601149
fusion8_c,256,11,42.1951,11530405409878601149
fusion8_c,256,12,42.1570,11530405409878601149
fusion8_c,256,13,42.1265,11530405409878601149
fusion8_c,256,14,42.0807,11530405409878601149
fusion16_w,256,0,37.8357,11530405409878601149
fusion16_w,256,1,37.7747,11530405409878601149
fusion16_w,256,2,37.8830,11530405409878601149
fusion16_w,256,3,37.7380,11530405409878601149
fusion16_w,256,4,37.8204,11530405409878601149
fusion16_w,256,5,37.7014,11530405409878601149
fusion16_w,256,6,37.7991,11530405409878601149
fusion16_w,256,7,37.9333,11530405409878601149
fusion16_w,256,8,37.6785,11530405409878601149
fusion16_w,256,9,37.6358,11530405409878601149
fusion16_w,256,10,37.6389,11530405409878601149
fusion16_w,256,11,37.8357,11530405409878601149
fusion16_w,256,12,37.6175,11530405409878601149
fusion16_w,256,13,39.4333,11530405409878601149
fusion16_w,256,14,37.7350,11530405409878601149
sorted_array,512,0,14.3753,16697882275220540387
sorted_array,512,1,14.3356,16697882275220540387
sorted_array,512,2,14.3402,16697882275220540387
sorted_array,512,3,14.3951,16697882275220540387
sorted_array,512,4,14.3677,16697882275220540387
sorted_array,512,5,14.3677,16697882275220540387
sorted_array,512,6,14.4196,16697882275220540387
sorted_array,512,7,14.3524,16697882275220540387
sorted_array,512,8,14.4104,16697882275220540387
sorted_array,512,9,14.3372,16697882275220540387
sorted_array,512,10,14.3677,16697882275220540387
sorted_array,512,11,14.3372,16697882275220540387
sorted_array,512,12,14.3646,16697882275220540387
sorted_array,512,13,14.3356,16697882275220540387
sorted_array,512,14,14.3753,16697882275220540387
btree8,512,0,24.4827,16697882275220540387
btree8,512,1,24.1669,16697882275220540387
btree8,512,2,23.7061,16697882275220540387
btree8,512,3,23.7213,16697882275220540387
btree8,512,4,23.7991,16697882275220540387
btree8,512,5,23.9502,16697882275220540387
btree8,512,6,23.9273,16697882275220540387
btree8,512,7,23.9166,16697882275220540387
btree8,512,8,23.8708,16697882275220540387
btree8,512,9,23.8678,16697882275220540387
btree8,512,10,23.6755,16697882275220540387
btree8,512,11,23.8495,16697882275220540387
btree8,512,12,23.8525,16697882275220540387
btree8,512,13,23.7442,16697882275220540387
btree8,512,14,23.9182,16697882275220540387
btree8_bl,512,0,21.8353,16697882275220540387
btree8_bl,512,1,21.8216,16697882275220540387
btree8_bl,512,2,21.8002,16697882275220540387
btree8_bl,512,3,21.7926,16697882275220540387
btree8_bl,512,4,21.7773,16697882275220540387
btree8_bl,512,5,21.7575,16697882275220540387
btree8_bl,512,6,21.7911,16697882275220540387
btree8_bl,512,7,21.8979,16697882275220540387
btree8_bl,512,8,21.8231,16697882275220540387
btree8_bl,512,9,21.7560,16697882275220540387
btree8_bl,512,10,21.7987,16697882275220540387
btree8_bl,512,11,21.8231,16697882275220540387
btree8_bl,512,12,21.7941,16697882275220540387
btree8_bl,512,13,21.7896,16697882275220540387
btree8_bl,512,14,21.7941,16697882275220540387
btree8_a64,512,0,23.0560,16697882275220540387
btree8_a64,512,1,22.9172,16697882275220540387
btree8_a64,512,2,22.8668,16697882275220540387
btree8_a64,512,3,22.8256,16697882275220540387
btree8_a64,512,4,22.7463,16697882275220540387
btree8_a64,512,5,22.8073,16697882275220540387
btree8_a64,512,6,22.7631,16697882275220540387
btree8_a64,512,7,22.7539,16697882275220540387
btree8_a64,512,8,22.7524,16697882275220540387
btree8_a64,512,9,22.6929,16697882275220540387
btree8_a64,512,10,22.7707,16697882275220540387
btree8_a64,512,11,22.7478,16697882275220540387
btree8_a64,512,12,22.7356,16697882275220540387
btree8_a64,512,13,22.7097,16697882275220540387
btree8_a64,512,14,22.8485,16697882275220540387
btree8_bl_a64,512,0,19.4382,16697882275220540387
btree8_bl_a64,512,1,19.4962,16697882275220540387
btree8_bl_a64,512,2,19.4321,16697882275220540387
btree8_bl_a64,512,3,19.3985,16697882275220540387
btree8_bl_a64,512,4,19.4366,16697882275220540387
btree8_bl_a64,512,5,19.4382,16697882275220540387
btree8_bl_a64,512,6,19.3863,16697882275220540387
btree8_bl_a64,512,7,19.3954,16697882275220540387
btree8_bl_a64,512,8,19.3878,16697882275220540387
btree8_bl_a64,512,9,19.4077,16697882275220540387
btree8_bl_a64,512,10,19.3756,16697882275220540387
btree8_bl_a64,512,11,19.3756,16697882275220540387
btree8_bl_a64,512,12,19.3649,16697882275220540387
btree8_bl_a64,512,13,19.3558,16697882275220540387
btree8_bl_a64,512,14,19.3481,16697882275220540387
btree16_bl_a64,512,0,20.8252,16697882275220540387
btree16_bl_a64,512,1,20.6894,16697882275220540387
btree16_bl_a64,512,2,20.5917,16697882275220540387
btree16_bl_a64,512,3,20.5826,16697882275220540387
btree16_bl_a64,512,4,20.5933,16697882275220540387
btree16_bl_a64,512,5,21.2158,16697882275220540387
btree16_bl_a64,512,6,20.5643,16697882275220540387
btree16_bl_a64,512,7,20.5246,16697882275220540387
btree16_bl_a64,512,8,20.6543,16697882275220540387
btree16_bl_a64,512,9,20.6238,16697882275220540387
btree16_bl_a64,512,10,20.5673,16697882275220540387
btree16_bl_a64,512,11,20.5048,16697882275220540387
btree16_bl_a64,512,12,20.5292,16697882275220540387
btree16_bl_a64,512,13,20.5917,16697882275220540387
btree16_bl_a64,512,14,20.5521,16697882275220540387
fusion8,512,0,40.1672,16697882275220540387
fusion8,512,1,39.9475,16697882275220540387
fusion8,512,2,39.9139,16697882275220540387
fusion8,512,3,39.8346,16697882275220540387
fusion8,512,4,39.8438,16697882275220540387
fusion8,512,5,39.8026,16697882275220540387
fusion8,512,6,39.7949,16697882275220540387
fusion8,512,7,39.8270,16697882275220540387
fusion8,512,8,39.9185,16697882275220540387
fusion8,512,9,39.8483,16697882275220540387
fusion8,512,10,39.8148,16697882275220540387
fusion8,512,11,39.8300,16697882275220540387
fusion8,512,12,39.8651,16697882275220540387
fusion8,512,13,39.7797,16697882275220540387
fusion8,512,14,39.7720,16697882275220540387
fusion8_bf,512,0,45.4529,16697882275220540387
fusion8_bf,512,1,45.3598,16697882275220540387
fusion8_bf,512,2,45.3323,16697882275220540387
fusion8_bf,512,3,45.3110,16697882275220540387
fusion8_bf,512,4,45.2667,16697882275220540387
fusion8_bf,512,5,45.3583,16697882275220540387
fusion8_bf,512,6,45.2209,16697882275220540387
fusion8_bf,512,7,45.2515,16697882275220540387
fusion8_bf,512,8,45.2881,16697882275220540387
fusion8_bf,512,9,45.3033,16697882275220540387
fusion8_bf,512,10,45.9595,16697882275220540387
fusion8_bf,512,11,45.2499,16697882275220540387
fusion8_bf,512,12,45.2499,16697882275220540387
fusion8_bf,512,13,45.2606,16697882275220540387
fusion8_bf,512,14,45.2972,16697882275220540387
fusion8_c,512,0,44.2383,16697882275220540387
fusion8_c,512,1,44.3771,16697882275220540387
fusion8_c,512,2,44.3268,16697882275220540387
fusion8_c,512,3,44.3527,16697882275220540387
fusion8_c,512,4,44.3451,16697882275220540387
fusion8_c,512,5,44.3695,16697882275220540387
fusion8_c,512,6,44.3970,16697882275220540387
fusion8_c,512,7,44.1849,16697882275220540387
fusion8_c,512,8,44.2581,16697882275220540387
fusion8_c,512,9,44.2154,16697882275220540387
fusion8_c,512,10,44.2062,16697882275220540387
fusion8_c,512,11,44.1452,16697882275220540387
fusion8_c,512,12,44.2307,16697882275220540387
fusion8_c,512,13,44.1422,16697882275220540387
fusion8_c,512,14,44.1788,16697882275220540387
fusion16_w,512,0,51.2527,16697882275220540387
fusion16_w,512,1,51.1826,16697882275220540387
fusion16_w,512,2,51.1383,16697882275220540387
fusion16_w,512,3,51.1551,16697882275220540387
fusion16_w,512,4,51.3123,16697882275220540387
fusion16_w,512,5,51.2283,16697882275220540387
fusion16_w,512,6,51.1765,16697882275220540387
fusion16_w,512,7,51.1703,16697882275220540387
fusion16_w,512,8,51.2192,16697882275220540387
fusion16_w,512,9,51.1475,16697882275220540387
fusion16_w,512,10,51.2283,16697882275220540387
fusion16_w,512,11,51.2390,16697882275220540387
fusion16_w,512,12,51.9699,16697882275220540387
fusion16_w,512,13,51.4938,16697882275220540387
fusion16_w,512,14,51.1795,16697882275220540387
sorted_array,1024,0,15.8295,1822299186294993737
sorted_array,1024,1,15.7990,1822299186294993737
sorted_array,1024,2,15.7608,1822299186294993737
sorted_array,1024,3,15.7990,1822299186294993737
sorted_array,1024,4,15.7608,1822299186294993737
sorted_array,1024,5,15.8142,1822299186294993737
sorted_array,1024,6,15.7883,1822299186294993737
sorted_array,1024,7,15.7730,1822299186294993737
sorted_array,1024,8,15.7837,1822299186294993737
sorted_array,1024,9,15.7608,1822299186294993737
sorted_array,1024,10,15.7867,1822299186294993737
sorted_array,1024,11,15.7913,1822299186294993737
sorted_array,1024,12,15.7623,1822299186294993737
sorted_array,1024,13,15.7837,1822299186294993737
sorted_array,1024,14,15.7608,1822299186294993737
btree8,1024,0,27.0126,1822299186294993737
btree8,1024,1,26.5457,1822299186294993737
btree8,1024,2,26.8494,1822299186294993737
btree8,1024,3,26.9150,1822299186294993737
btree8,1024,4,26.8631,1822299186294993737
btree8,1024,5,26.7395,1822299186294993737
btree8,1024,6,26.6373,1822299186294993737
btree8,1024,7,26.6815,1822299186294993737
btree8,1024,8,26.5167,1822299186294993737
btree8,1024,9,26.8082,1822299186294993737
btree8,1024,10,26.7792,1822299186294993737
btree8,1024,11,26.7151,1822299186294993737
btree8,1024,12,26.4938,1822299186294993737
btree8,1024,13,26.7838,1822299186294993737
btree8,1024,14,26.6968,1822299186294993737
btree8_bl,1024,0,27.8549,1822299186294993737
btree8_bl,1024,1,27.4567,1822299186294993737
btree8_bl,1024,2,27.5391,1822299186294993737
btree8_bl,1024,3,27.4902,1822299186294993737
btree8_bl,1024,4,27.4460,1822299186294993737
btree8_bl,1024,5,27.4811,1822299186294993737
btree8_bl,1024,6,27.6459,1822299186294993737
btree8_bl,1024,7,27.5116,1822299186294993737
btree8_bl,1024,8,27.4658,1822299186294993737
btree8_bl,1024,9,27.4811,1822299186294993737
btree8_bl,1024,10,27.5513,1822299186294993737
btree8_bl,1024,11,27.4673,1822299186294993737
btree8_bl,1024,12,27.4841,1822299186294993737
btree8_bl,1024,13,27.4872,1822299186294993737
btree8_bl,1024,14,27.4353,1822299186294993737
btree8_a64,1024,0,25.9521,1822299186294993737
btree8_a64,1024,1,25.4105,1822299186294993737
btree8_a64,1024,2,25.4105,1822299186294993737
btree8_a64,1024,3,25.4013,1822299186294993737
btree8_a64,1024,4,25.6454,1822299186294993737
btree8_a64,1024,5,25.4257,1822299186294993737
btree8_a64,1024,6,25.3021,1822299186294993737
btree8_a64,1024,7,25.3479,1822299186294993737
btree8_a64,1024,8,25.4547,1822299186294993737
btree8_a64,1024,9,25.3448,1822299186294993737
btree8_a64,1024,10,25.3418,1822299186294993737
btree8_a64,1024,11,25.3601,1822299186294993737
btree8_a64,1024,12,25.3784,1822299186294993737
btree8_a64,1024,13,25.2487,1822299186294993737
btree8_a64,1024,14,25.3723,1822299186294993737
btree8_bl_a64,1024,0,25.3616,1822299186294993737
btree8_bl_a64,1024,1,25.0977,1822299186294993737
btree8_bl_a64,1024,2,25.0717,1822299186294993737
btree8_bl_a64,1024,3,25.0854,1822299186294993737
btree8_bl_a64,1024,4,25.1038,1822299186294993737
btree8_bl_a64,1024,5,25.0961,1822299186294993737
btree8_bl_a64,1024,6,25.0443,1822299186294993737
btree8_bl_a64,1024,7,25.0580,1822299186294993737
btree8_bl_a64,1024,8,25.0748,1822299186294993737
btree8_bl_a64,1024,9,25.0458,1822299186294993737
btree8_bl_a64,1024,10,25.0656,1822299186294993737
btree8_bl_a64,1024,11,25.0549,1822299186294993737
btree8_bl_a64,1024,12,25.0534,1822299186294993737
btree8_bl_a64,1024,13,25.2121,1822299186294993737
btree8_bl_a64,1024,14,25.1129,1822299186294993737
btree16_bl_a64,1024,0,23.0133,1822299186294993737
btree16_bl_a64,1024,1,22.1695,1822299186294993737
btree16_bl_a64,1024,2,21.8628,1822299186294993737
btree16_bl_a64,1024,3,21.8430,1822299186294993737
btree16_bl_a64,1024,4,21.7728,1822299186294993737
btree16_bl_a64,1024,5,21.8399,1822299186294993737
btree16_bl_a64,1024,6,21.8124,1822299186294993737
btree16_bl_a64,1024,7,21.7804,1822299186294993737
btree16_bl_a64,1024,8,21.8170,1822299186294993737
btree16_bl_a64,1024,9,21.8048,1822299186294993737
btree16_bl_a64,1024,10,21.7941,1822299186294993737
btree16_bl_a64,1024,11,21.7773,1822299186294993737
btree16_bl_a64,1024,12,21.7545,1822299186294993737
btree16_bl_a64,1024,13,21.8460,1822299186294993737
btree16_bl_a64,1024,14,21.9254,1822299186294993737
fusion8,1024,0,48.8556,1822299186294993737
fusion8,1024,1,47.3282,1822299186294993737
fusion8,1024,2,47.2855,1822299186294993737
fusion8,1024,3,47.2839,1822299186294993737
fusion8,1024,4,47.1100,1822299186294993737
fusion8,1024,5,47.1771,1822299186294993737
fusion8,1024,6,47.2473,1822299186294993737
fusion8,1024,7,47.2046,1822299186294993737
fusion8,1024,8,47.1619,1822299186294993737
fusion8,1024,9,47.1512,1822299186294993737
fusion8,1024,10,47.2153,1822299186294993737
fusion8,1024,11,47.1573,1822299186294993737
fusion8,1024,12,48.1613,1822299186294993737
fusion8,1024,13,47.1893,1822299186294993737
fusion8,1024,14,47.2122,1822299186294993737
fusion8_bf,1024,0,54.8645,1822299186294993737
fusion8_bf,1024,1,54.4174,1822299186294993737
fusion8_bf,1024,2,54.3716,1822299186294993737
fusion8_bf,1024,3,54.3579,1822299186294993737
fusion8_bf,1024,4,54.3015,1822299186294993737
fusion8_bf,1024,5,54.3243,1822299186294993737
fusion8_bf,1024,6,54.3198,1822299186294993737
fusion8_bf,1024,7,54.3274,1822299186294993737
fusion8_bf,1024,8,55.0064,1822299186294993737
fusion8_bf,1024,9,54.1779,1822299186294993737
fusion8_bf,1024,10,54.2297,1822299186294993737
fusion8_bf,1024,11,54.2557,1822299186294993737
fusion8_bf,1024,12,54.3121,1822299186294993737
fusion8_bf,1024,13,54.3854,1822299186294993737
fusion8_bf,1024,14,54.2725,1822299186294993737
fusion8_c,1024,0,53.5355,1822299186294993737
fusion8_c,1024,1,53.3066,1822299186294993737
fusion8_c,1024,2,53.3218,1822299186294993737
fusion8_c,1024,3,53.2761,1822299186294993737
fusion8_c,1024,4,53.2974,1822299186294993737
fusion8_c,1024,5,53.2349,1822299186294993737
fusion8_c,1024,6,53.1570,1822299186294993737
fusion8_c,1024,7,53.3035,1822299186294993737
fusion8_c,1024,8,53.0838,1822299186294993737
fusion8_c,1024,9,53.2578,1822299186294993737
fusion8_c,1024,10,53.0640,1822299186294993737
fusion8_c,1024,11,53.2181,1822299186294993737
fusion8_c,1024,12,53.2578,1822299186294993737
fusion8_c,1024,13,53.0624,1822299186294993737
fusion8_c,1024,14,53.2196,1822299186294993737
fusion16_w,1024,0,56.4987,1822299186294993737
fusion16_w,1024,1,56.2164,1822299186294993737
fusion16_w,1024,2,55.7907,1822299186294993737
fusion16_w,1024,3,56.2881,1822299186294993737
fusion16_w,1024,4,56.2363,1822299186294993737
fusion16_w,1024,5,56.0455,1822299186294993737
fusion16_w,1024,6,56.1066,1822299186294993737
fusion16_w,1024,7,55.7587,1822299186294993737
fusion16_w,1024,8,56.0257,1822299186294993737
fusion16_w,1024,9,56.2454,1822299186294993737
fusion16_w,1024,10,55.9967,1822299186294993737
fusion16_w,1024,11,56.2180,1822299186294993737
fusion16_w,1024,12,57.0312,1822299186294993737
fusion16_w,1024,13,56.1096,1822299186294993737
fusion16_w,1024,14,56.4362,1822299186294993737
sorted_array,2048,0,17.1173,6787589965792239204
sorted_array,2048,1,17.2531,6787589965792239204
sorted_array,2048,2,17.2943,6787589965792239204
sorted_array,2048,3,17.2318,6787589965792239204
sorted_array,2048,4,17.3141,6787589965792239204
sorted_array,2048,5,17.2791,6787589965792239204
sorted_array,2048,6,17.3004,6787589965792239204
sorted_array,2048,7,17.2836,6787589965792239204
sorted_array,2048,8,17.2531,6787589965792239204
sorted_array,2048,9,17.2684,6787589965792239204
sorted_array,2048,10,17.2333,6787589965792239204
sorted_array,2048,11,17.2745,6787589965792239204
sorted_array,2048,12,17.2440,6787589965792239204
sorted_array,2048,13,17.2318,6787589965792239204
sorted_array,2048,14,17.3843,6787589965792239204
btree8,2048,0,31.2820,6787589965792239204
btree8,2048,1,30.7098,6787589965792239204
btree8,2048,2,30.7343,6787589965792239204
btree8,2048,3,30.4718,6787589965792239204
btree8,2048,4,30.6473,6787589965792239204
btree8,2048,5,30.5908,6787589965792239204
btree8,2048,6,30.7846,6787589965792239204
btree8,2048,7,30.8502,6787589965792239204
btree8,2048,8,30.8487,6787589965792239204
btree8,2048,9,30.8609,6787589965792239204
btree8,2048,10,30.7831,6787589965792239204
btree8,2048,11,30.7724,6787589965792239204
btree8,2048,12,30.7693,6787589965792239204
btree8,2048,13,30.7846,6787589965792239204
btree8,2048,14,30.0079,6787589965792239204
btree8_bl,2048,0,29.8599,6787589965792239204
btree8_bl,2048,1,29.5944,6787589965792239204
btree8_bl,2048,2,29.3289,6787589965792239204
btree8_bl,2048,3,29.1962,6787589965792239204
btree8_bl,2048,4,29.1321,6787589965792239204
btree8_bl,2048,5,28.9047,6787589965792239204
btree8_bl,2048,6,29.0161,6787589965792239204
btree8_bl,2048,7,29.1580,6787589965792239204
btree8_bl,2048,8,29.1046,6787589965792239204
btree8_bl,2048,9,29.0421,6787589965792239204
btree8_bl,2048,10,29.2480,6787589965792239204
btree8_bl,2048,11,29.2084,6787589965792239204
btree8_bl,2048,12,29.1885,6787589965792239204
btree8_bl,2048,13,29.2038,6787589965792239204
btree8_bl,2048,14,29.1489,6787589965792239204
btree8_a64,2048,0,29.4632,6787589965792239204
btree8_a64,2048,1,29.3472,6787589965792239204
btree8_a64,2048,2,29.2709,6787589965792239204
btree8_a64,2048,3,29.0543,6787589965792239204
btree8_a64,2048,4,29.3427,6787589965792239204
btree8_a64,2048,5,29.2694,6787589965792239204
btree8_a64,2048,6,29.1061,6787589965792239204
btree8_a64,2048,7,29.2252,6787589965792239204
btree8_a64,2048,8,29.2587,6787589965792239204
btree8_a64,2048,9,29.0726,6787589965792239204
btree8_a64,2048,10,29.1580,6787589965792239204
btree8_a64,2048,11,29.2618,6787589965792239204
btree8_a64,2048,12,29.1580,6787589965792239204
btree8_a64,2048,13,29.6417,6787589965792239204
btree8_a64,2048,14,29.2862,6787589965792239204
btree8_bl_a64,2048,0,27.1744,6787589965792239204
btree8_bl_a64,2048,1,26.7258,6787589965792239204
btree8_bl_a64,2048,2,26.7899,6787589965792239204
btree8_bl_a64,2048,3,26.6968,6787589965792239204
btree8_bl_a64,2048,4,26.6891,6787589965792239204
btree8_bl_a64,2048,5,27.3193,6787589965792239204
btree8_bl_a64,2048,6,26.7059,6787589965792239204
btree8_bl_a64,2048,7,26.6891,6787589965792239204
btree8_bl_a64,2048,8,26.6937,6787589965792239204
btree8_bl_a64,2048,9,26.6708,6787589965792239204
btree8_bl_a64,2048,10,26.6754,6787589965792239204
btree8_bl_a64,2048,11,26.5518,6787589965792239204
btree8_bl_a64,2048,12,26.7075,6787589965792239204
btree8_bl_a64,2048,13,26.6937,6787589965792239204
btree8_bl_a64,2048,14,26.7090,6787589965792239204
btree16_bl_a64,2048,0,21.5775,6787589965792239204
btree16_bl_a64,2048,1,21.5317,6787589965792239204
btree16_bl_a64,2048,2,21.5500,6787589965792239204
btree16_bl_a64,2048,3,21.5424,6787589965792239204
btree16_bl_a64,2048,4,21.5256,6787589965792239204
btree16_bl_a64,2048,5,21.4844,6787589965792239204
btree16_bl_a64,2048,6,21.5424,6787589965792239204
btree16_bl_a64,2048,7,21.4584,6787589965792239204
btree16_bl_a64,2048,8,21.2860,6787589965792239204
btree16_bl_a64,2048,9,21.4493,6787589965792239204
btree16_bl_a64,2048,10,21.6843,6787589965792239204
btree16_bl_a64,2048,11,21.5134,6787589965792239204
btree16_bl_a64,2048,12,21.4951,6787589965792239204
btree16_bl_a64,2048,13,21.3318,6787589965792239204
btree16_bl_a64,2048,14,21.5332,6787589965792239204
fusion8,2048,0,55.3223,6787589965792239204
fusion8,2048,1,55.3589,6787589965792239204
fusion8,2048,2,54.8599,6787589965792239204
fusion8,2048,3,55.0751,6787589965792239204
fusion8,2048,4,54.9118,6787589965792239204
fusion8,2048,5,54.7760,6787589965792239204
fusion8,2048,6,54.8477,6787589965792239204
fusion8,2048,7,54.6463,6787589965792239204
fusion8,2048,8,54.9820,6787589965792239204
fusion8,2048,9,54.7104,6787589965792239204
fusion8,2048,10,54.7760,6787589965792239204
fusion8,2048,11,54.9911,6787589965792239204
fusion8,2048,12,54.8141,6787589965792239204
fusion8,2048,13,54.9835,6787589965792239204
fusion8,2048,14,54.8279,6787589965792239204
fusion8_bf,2048,0,61.1740,6787589965792239204
fusion8_bf,2048,1,60.5896,6787589965792239204
fusion8_bf,2048,2,60.1974,6787589965792239204
fusion8_bf,2048,3,60.3561,6787589965792239204
fusion8_bf,2048,4,60.3989,6787589965792239204
fusion8_bf,2048,5,60.4950,6787589965792239204
fusion8_bf,2048,6,60.4645,6787589965792239204
fusion8_bf,2048,7,60.2112,6787589965792239204
fusion8_bf,2048,8,60.2371,6787589965792239204
fusion8_bf,2048,9,60.4843,6787589965792239204
fusion8_bf,2048,10,60.1700,6787589965792239204
fusion8_bf,2048,11,60.5545,6787589965792239204
fusion8_bf,2048,12,60.4904,6787589965792239204
fusion8_bf,2048,13,60.2386,6787589965792239204
fusion8_bf,2048,14,60.1685,6787589965792239204
fusion8_c,2048,0,59.0057,6787589965792239204
fusion8_c,2048,1,58.6212,6787589965792239204
fusion8_c,2048,2,58.5358,6787589965792239204
fusion8_c,2048,3,58.7799,6787589965792239204
fusion8_c,2048,4,58.7814,6787589965792239204
fusion8_c,2048,5,58.7616,6787589965792239204
fusion8_c,2048,6,58.6746,6787589965792239204
fusion8_c,2048,7,58.4808,6787589965792239204
fusion8_c,2048,8,58.8104,6787589965792239204
fusion8_c,2048,9,58.4915,6787589965792239204
fusion8_c,2048,10,58.4564,6787589965792239204
fusion8_c,2048,11,58.8226,6787589965792239204
fusion8_c,2048,12,58.4595,6787589965792239204
fusion8_c,2048,13,59.3048,6787589965792239204
fusion8_c,2048,14,58.9310,6787589965792239204
fusion16_w,2048,0,59.2178,6787589965792239204
fusion16_w,2048,1,59.0851,6787589965792239204
fusion16_w,2048,2,59.1415,6787589965792239204
fusion16_w,2048,3,59.2346,6787589965792239204
fusion16_w,2048,4,59.1309,6787589965792239204
fusion16_w,2048,5,58.8913,6787589965792239204
fusion16_w,2048,6,58.8562,6787589965792239204
fusion16_w,2048,7,59.3460,6787589965792239204
fusion16_w,2048,8,62.5137,6787589965792239204
fusion16_w,2048,9,59.3872,6787589965792239204
fusion16_w,2048,10,59.1431,6787589965792239204
fusion16_w,2048,11,59.3491,6787589965792239204
fusion16_w,2048,12,58.9737,6787589965792239204
fusion16_w,2048,13,59.1324,6787589965792239204
fusion16_w,2048,14,58.8120,6787589965792239204
sorted_array,4096,0,18.5486,1914815765761774336
sorted_array,4096,1,18.7103,1914815765761774336
sorted_array,4096,2,18.7057,1914815765761774336
sorted_array,4096,3,18.6172,1914815765761774336
sorted_array,4096,4,18.3136,1914815765761774336
sorted_array,4096,5,18.5287,1914815765761774336
sorted_array,4096,6,18.7439,1914815765761774336
sorted_array,4096,7,18.6905,1914815765761774336
sorted_array,4096,8,18.6813,1914815765761774336
sorted_array,4096,9,18.7378,1914815765761774336
sorted_array,4096,10,18.6844,1914815765761774336
sorted_array,4096,11,18.6584,1914815765761774336
sorted_array,4096,12,18.7195,1914815765761774336
sorted_array,4096,13,18.6905,1914815765761774336
sorted_array,4096,14,18.6722,1914815765761774336
btree8,4096,0,33.6929,1914815765761774336
btree8,4096,1,34.0195,1914815765761774336
btree8,4096,2,32.5409,1914815765761774336
btree8,4096,3,33.1589,1914815765761774336
btree8,4096,4,33.2916,1914815765761774336
btree8,4096,5,33.1406,1914815765761774336
btree8,4096,6,33.2870,1914815765761774336
btree8,4096,7,33.0017,1914815765761774336
btree8,4096,8,32.9498,1914815765761774336
btree8,4096,9,33.0719,1914815765761774336
btree8,4096,10,33.0185,1914815765761774336
btree8,4096,11,33.2611,1914815765761774336
btree8,4096,12,33.2077,1914815765761774336
btree8,4096,13,32.8857,1914815765761774336
btree8,4096,14,33.0994,1914815765761774336
btree8_bl,4096,0,29.5364,1914815765761774336
btree8_bl,4096,1,28.9154,1914815765761774336
btree8_bl,4096,2,29.0543,1914815765761774336
btree8_bl,4096,3,29.0970,1914815765761774336
btree8_bl,4096,4,29.1687,1914815765761774336
btree8_bl,4096,5,29.1351,1914815765761774336
btree8_bl,4096,6,29.0894,1914815765761774336
btree8_bl,4096,7,29.0771,1914815765761774336
btree8_bl,4096,8,28.9001,1914815765761774336
btree8_bl,4096,9,29.0756,1914815765761774336
btree8_bl,4096,10,29.0466,1914815765761774336
btree8_bl,4096,11,28.7216,1914815765761774336
btree8_bl,4096,12,29.0894,1914815765761774336
btree8_bl,4096,13,29.0787,1914815765761774336
btree8_bl,4096,14,28.8559,1914815765761774336
btree8_a64,4096,0,32.5104,1914815765761774336
btree8_a64,4096,1,31.7230,1914815765761774336
btree8_a64,4096,2,31.4499,1914815765761774336
btree8_a64,4096,3,31.9870,1914815765761774336
btree8_a64,4096,4,31.9092,1914815765761774336
btree8_a64,4096,5,32.4417,1914815765761774336
btree8_a64,4096,6,31.9382,1914815765761774336
btree8_a64,4096,7,31.7703,1914815765761774336
btree8_a64,4096,8,31.3812,1914815765761774336
btree8_a64,4096,9,31.7642,1914815765761774336
btree8_a64,4096,10,31.8054,1914815765761774336
btree8_a64,4096,11,31.7688,1914815765761774336
btree8_a64,4096,12,31.8619,1914815765761774336
btree8_a64,4096,13,31.8253,1914815765761774336
btree8_a64,4096,14,31.8375,1914815765761774336
btree8_bl_a64,4096,0,26.8402,1914815765761774336
btree8_bl_a64,4096,1,26.4816,1914815765761774336
btree8_bl_a64,4096,2,26.1215,1914815765761774336
btree8_bl_a64,4096,3,26.4328,1914815765761774336
btree8_bl_a64,4096,4,26.4114,1914815765761774336
btree8_bl_a64,4096,5,26.2436,1914815765761774336
btree8_bl_a64,4096,6,26.4343,1914815765761774336
btree8_bl_a64,4096,7,26.4893,1914815765761774336
btree8_bl_a64,4096,8,26.4038,1914815765761774336
btree8_bl_a64,4096,9,26.2482,1914815765761774336
btree8_bl_a64,4096,10,26.4191,1914815765761774336
btree8_bl_a64,4096,11,26.4084,1914815765761774336
btree8_bl_a64,4096,12,26.2283,1914815765761774336
btree8_bl_a64,4096,13,26.2497,1914815765761774336
btree8_bl_a64,4096,14,26.4389,1914815765761774336
btree16_bl_a64,4096,0,21.6293,1914815765761774336
btree16_bl_a64,4096,1,21.4325,1914815765761774336
btree16_bl_a64,4096,2,34.7183,1914815765761774336
btree16_bl_a64,4096,3,21.3318,1914815765761774336
btree16_bl_a64,4096,4,21.3608,1914815765761774336
btree16_bl_a64,4096,5,21.3379,1914815765761774336
btree16_bl_a64,4096,6,21.3181,1914815765761774336
btree16_bl_a64,4096,7,21.2677,1914815765761774336
btree16_bl_a64,4096,8,21.3074,1914815765761774336
btree16_bl_a64,4096,9,21.2143,1914815765761774336
btree16_bl_a64,4096,10,21.2036,1914815765761774336
btree16_bl_a64,4096,11,21.2540,1914815765761774336
btree16_bl_a64,4096,12,21.3165,1914815765761774336
btree16_bl_a64,4096,13,21.1838,1914815765761774336
btree16_bl_a64,4096,14,21.0434,1914815765761774336
fusion8,4096,0,58.2169,1914815765761774336
fusion8,4096,1,57.1793,1914815765761774336
fusion8,4096,2,57.1487,1914815765761774336
fusion8,4096,3,57.0770,1914815765761774336
fusion8,4096,4,56.8222,1914815765761774336
fusion8,4096,5,57.1106,1914815765761774336
fusion8,4096,6,56.9336,1914815765761774336
fusion8,4096,7,56.9229,1914815765761774336
fusion8,4096,8,57.0572,1914815765761774336
fusion8,4096,9,58.3160,1914815765761774336
fusion8,4096,10,56.8314,1914815765761774336
fusion8,4096,11,56.8680,1914815765761774336
fusion8,4096,12,56.7871,1914815765761774336
fusion8,4096,13,57.2159,1914815765761774336
fusion8,4096,14,57.1274,1914815765761774336
fusion8_bf,4096,0,63.9511,1914815765761774336
fusion8_bf,4096,1,63.3621,1914815765761774336
fusion8_bf,4096,2,63.3499,1914815765761774336
fusion8_bf,4096,3,62.9257,1914815765761774336
fusion8_bf,4096,4,63.2492,1914815765761774336
fusion8_bf,4096,5,62.8677,1914815765761774336
fusion8_bf,4096,6,63.2812,1914815765761774336
fusion8_bf,4096,7,63.2309,1914815765761774336
fusion8_bf,4096,8,62.8494,1914815765761774336
fusion8_bf,4096,9,62.7930,1914815765761774336
fusion8_bf,4096,10,64.8895,1914815765761774336
fusion8_bf,4096,11,63.3438,1914815765761774336
fusion8_bf,4096,12,63.2477,1914815765761774336
fusion8_bf,4096,13,62.7457,1914815765761774336
fusion8_bf,4096,14,63.1149,1914815765761774336
fusion8_c,4096,0,61.6501,1914815765761774336
fusion8_c,4096,1,60.7498,1914815765761774336
fusion8_c,4096,2,60.8887,1914815765761774336
fusion8_c,4096,3,60.8917,1914815765761774336
fusion8_c,4096,4,60.7407,1914815765761774336
fusion8_c,4096,5,60.9650,1914815765761774336
fusion8_c,4096,6,60.7208,1914815765761774336
fusion8_c,4096,7,61.0123,1914815765761774336
fusion8_c,4096,8,61.0336,1914815765761774336
fusion8_c,4096,9,60.6171,1914815765761774336
fusion8_c,4096,10,60.9497,1914815765761774336
fusion8_c,4096,11,60.5331,1914815765761774336
fusion8_c,4096,12,60.8414,1914815765761774336
fusion8_c,4096,13,60.7941,1914815765761774336
fusion8_c,4096,14,60.5698,1914815765761774336
fusion16_w,4096,0,60.1486,1914815765761774336
fusion16_w,4096,1,60.0723,1914815765761774336
fusion16_w,4096,2,59.6771,1914815765761774336
fusion16_w,4096,3,59.4894,1914815765761774336
fusion16_w,4096,4,59.8648,1914815765761774336
fusion16_w,4096,5,59.8694,1914815765761774336
fusion16_w,4096,6,59.5276,1914815765761774336
fusion16_w,4096,7,60.1990,1914815765761774336
fusion16_w,4096,8,59.9228,1914815765761774336
fusion16_w,4096,9,59.4162,1914815765761774336
fusion16_w,4096,10,59.8068,1914815765761774336
fusion16_w,4096,11,59.5398,1914815765761774336
fusion16_w,4096,12,59.8358,1914815765761774336
fusion16_w,4096,13,59.8373,1914815765761774336
fusion16_w,4096,14,59.6527,1914815765761774336
sorted_array,8192,0,23.0545,6370395544211917414
sorted_array,8192,1,22.9904,6370395544211917414
sorted_array,8192,2,22.8500,6370395544211917414
sorted_array,8192,3,23.0057,6370395544211917414
sorted_array,8192,4,22.9630,6370395544211917414
sorted_array,8192,5,22.9660,6370395544211917414
sorted_array,8192,6,22.8943,6370395544211917414
sorted_array,8192,7,22.9889,6370395544211917414
sorted_array,8192,8,22.9828,6370395544211917414
sorted_array,8192,9,22.8394,6370395544211917414
sorted_array,8192,10,22.7798,6370395544211917414
sorted_array,8192,11,22.9996,6370395544211917414
sorted_array,8192,12,22.9950,6370395544211917414
sorted_array,8192,13,22.9980,6370395544211917414
sorted_array,8192,14,23.1094,6370395544211917414
btree8,8192,0,38.4750,6370395544211917414
btree8,8192,1,37.0758,6370395544211917414
btree8,8192,2,37.0773,6370395544211917414
btree8,8192,3,37.1841,6370395544211917414
btree8,8192,4,37.0422,6370395544211917414
btree8,8192,5,37.1399,6370395544211917414
btree8,8192,6,36.8774,6370395544211917414
btree8,8192,7,36.9827,6370395544211917414
btree8,8192,8,36.6959,6370395544211917414
btree8,8192,9,36.4746,6370395544211917414
btree8,8192,10,37.0804,6370395544211917414
btree8,8192,11,36.7142,6370395544211917414
btree8,8192,12,36.9370,6370395544211917414
btree8,8192,13,36.9461,6370395544211917414
btree8,8192,14,36.6745,6370395544211917414
btree8_bl,8192,0,35.3394,6370395544211917414
btree8_bl,8192,1,33.3237,6370395544211917414
btree8_bl,8192,2,33.2642,6370395544211917414
btree8_bl,8192,3,33.4717,6370395544211917414
btree8_bl,8192,4,33.0673,6370395544211917414
btree8_bl,8192,5,33.2977,6370395544211917414
btree8_bl,8192,6,33.4854,6370395544211917414
btree8_bl,8192,7,33.4534,6370395544211917414
btree8_bl,8192,8,33.4198,6370395544211917414
btree8_bl,8192,9,33.4808,6370395544211917414
btree8_bl,8192,10,33.2397,6370395544211917414
btree8_bl,8192,11,33.4137,6370395544211917414
btree8_bl,8192,12,33.4106,6370395544211917414
btree8_bl,8192,13,34.4193,6370395544211917414
btree8_bl,8192,14,33.4686,6370395544211917414
btree8_a64,8192,0,36.3113,6370395544211917414
btree8_a64,8192,1,34.7992,6370395544211917414
btree8_a64,8192,2,34.7366,6370395544211917414
btree8_a64,8192,3,34.3765,6370395544211917414
btree8_a64,8192,4,34.7031,6370395544211917414
btree8_a64,8192,5,34.6848,6370395544211917414
btree8_a64,8192,6,34.5032,6370395544211917414
btree8_a64,8192,7,34.6695,6370395544211917414
btree8_a64,8192,8,34.6344,6370395544211917414
btree8_a64,8192,9,34.9777,6370395544211917414
btree8_a64,8192,10,34.6786,6370395544211917414
btree8_a64,8192,11,34.1782,6370395544211917414
btree8_a64,8192,12,34.6817,6370395544211917414
btree8_a64,8192,13,34.5764,6370395544211917414
btree8_a64,8192,14,34.3323,6370395544211917414
btree8_bl_a64,8192,0,32.8232,6370395544211917414
btree8_bl_a64,8192,1,30.7907,6370395544211917414
btree8_bl_a64,8192,2,30.7632,6370395544211917414
btree8_bl_a64,8192,3,30.7220,6370395544211917414
btree8_bl_a64,8192,4,30.7770,6370395544211917414
btree8_bl_a64,8192,5,30.5313,6370395544211917414
btree8_bl_a64,8192,6,30.7388,6370395544211917414
btree8_bl_a64,8192,7,30.5008,6370395544211917414
btree8_bl_a64,8192,8,30.8014,6370395544211917414
btree8_bl_a64,8192,9,30.7358,6370395544211917414
btree8_bl_a64,8192,10,30.7175,6370395544211917414
btree8_bl_a64,8192,11,30.5115,6370395544211917414
btree8_bl_a64,8192,12,30.6702,6370395544211917414
btree8_bl_a64,8192,13,30.7220,6370395544211917414
btree8_bl_a64,8192,14,30.4825,6370395544211917414
btree16_bl_a64,8192,0,34.2087,6370395544211917414
btree16_bl_a64,8192,1,31.8024,6370395544211917414
btree16_bl_a64,8192,2,31.5750,6370395544211917414
btree16_bl_a64,8192,3,31.4697,6370395544211917414
btree16_bl_a64,8192,4,31.3858,6370395544211917414
btree16_bl_a64,8192,5,31.3354,6370395544211917414
btree16_bl_a64,8192,6,31.3339,6370395544211917414
btree16_bl_a64,8192,7,31.2607,6370395544211917414
btree16_bl_a64,8192,8,31.2683,6370395544211917414
btree16_bl_a64,8192,9,31.3217,6370395544211917414
btree16_bl_a64,8192,10,30.9814,6370395544211917414
btree16_bl_a64,8192,11,31.2729,6370395544211917414
btree16_bl_a64,8192,12,31.4285,6370395544211917414
btree16_bl_a64,8192,13,31.4102,6370395544211917414
btree16_bl_a64,8192,14,31.3416,6370395544211917414
fusion8,8192,0,67.1600,6370395544211917414
fusion8,8192,1,64.1922,6370395544211917414
fusion8,8192,2,63.7863,6370395544211917414
fusion8,8192,3,64.1556,6370395544211917414
fusion8,8192,4,63.8306,6370395544211917414
fusion8,8192,5,63.8351,6370395544211917414
fusion8,8192,6,63.5864,6370395544211917414
fusion8,8192,7,64.0717,6370395544211917414
fusion8,8192,8,63.8336,6370395544211917414
fusion8,8192,9,63.8504,6370395544211917414
fusion8,8192,10,63.6841,6370395544211917414
fusion8,8192,11,65.1520,6370395544211917414
fusion8,8192,12,63.8351,6370395544211917414
fusion8,8192,13,63.5712,6370395544211917414
fusion8,8192,14,64.0884,6370395544211917414
fusion8_bf,8192,0,75.2045,6370395544211917414
fusion8_bf,8192,1,71.5485,6370395544211917414
fusion8_bf,8192,2,71.4493,6370395544211917414
fusion8_bf,8192,3,72.0520,6370395544211917414
fusion8_bf,8192,4,71.6202,6370395544211917414
fusion8_bf,8192,5,71.3348,6370395544211917414
fusion8_bf,8192,6,71.5408,6370395544211917414
fusion8_bf,8192,7,71.9955,6370395544211917414
fusion8_bf,8192,8,71.9589,6370395544211917414
fusion8_bf,8192,9,71.8781,6370395544211917414
fusion8_bf,8192,10,71.9559,6370395544211917414
fusion8_bf,8192,11,71.5714,6370395544211917414
fusion8_bf,8192,12,71.8765,6370395544211917414
fusion8_bf,8192,13,71.6599,6370395544211917414
fusion8_bf,8192,14,71.7194,6370395544211917414
fusion8_c,8192,0,70.7809,6370395544211917414
fusion8_c,8192,1,70.3491,6370395544211917414
fusion8_c,8192,2,70.1508,6370395544211917414
fusion8_c,8192,3,69.9982,6370395544211917414
fusion8_c,8192,4,69.9493,6370395544211917414
fusion8_c,8192,5,70.1355,6370395544211917414
fusion8_c,8192,6,70.2057,6370395544211917414
fusion8_c,8192,7,69.9310,6370395544211917414
fusion8_c,8192,8,70.1691,6370395544211917414
fusion8_c,8192,9,69.9829,6370395544211917414
fusion8_c,8192,10,70.1294,6370395544211917414
fusion8_c,8192,11,69.8929,6370395544211917414
fusion8_c,8192,12,69.8853,6370395544211917414
fusion8_c,8192,13,70.9946,6370395544211917414
fusion8_c,8192,14,70.1859,6370395544211917414
fusion16_w,8192,0,78.5492,6370395544211917414
fusion16_w,8192,1,75.6363,6370395544211917414
fusion16_w,8192,2,75.3342,6370395544211917414
fusion16_w,8192,3,75.5463,6370395544211917414
fusion16_w,8192,4,76.4709,6370395544211917414
fusion16_w,8192,5,75.6744,6370395544211917414
fusion16_w,8192,6,75.4547,6370395544211917414
fusion16_w,8192,7,75.5798,6370395544211917414
fusion16_w,8192,8,75.7431,6370395544211917414
fusion16_w,8192,9,75.5356,6370395544211917414
fusion16_w,8192,10,75.5035,6370395544211917414
fusion16_w,8192,11,75.3815,6370395544211917414
fusion16_w,8192,12,75.8316,6370395544211917414
fusion16_w,8192,13,75.3693,6370395544211917414
fusion16_w,8192,14,75.3769,6370395544211917414
sorted_array,16384,0,29.3808,8091356701843327338
sorted_array,16384,1,29.2862,8091356701843327338
sorted_array,16384,2,29.2282,8091356701843327338
sorted_array,16384,3,28.8345,8091356701843327338
sorted_array,16384,4,29.4220,8091356701843327338
sorted_array,16384,5,29.2603,8091356701843327338
sorted_array,16384,6,29.0894,8091356701843327338
sorted_array,16384,7,29.2770,8091356701843327338
sorted_array,16384,8,29.2633,8091356701843327338
sorted_array,16384,9,28.8132,8091356701843327338
sorted_array,16384,10,29.1779,8091356701843327338
sorted_array,16384,11,29.2542,8091356701843327338
sorted_array,16384,12,29.0237,8091356701843327338
sorted_array,16384,13,29.4220,8091356701843327338
sorted_array,16384,14,29.2221,8091356701843327338
btree8,16384,0,48.9243,8091356701843327338
btree8,16384,1,46.5897,8091356701843327338
btree8,16384,2,46.2692,8091356701843327338
btree8,16384,3,46.5134,8091356701843327338
btree8,16384,4,46.7438,8091356701843327338
btree8,16384,5,46.7972,8091356701843327338
btree8,16384,6,46.3837,8091356701843327338
btree8,16384,7,46.6095,8091356701843327338
btree8,16384,8,45.9930,8091356701843327338
btree8,16384,9,46.0449,8091356701843327338
btree8,16384,10,46.2616,8091356701843327338
btree8,16384,11,46.6278,8091356701843327338
btree8,16384,12,45.7977,8091356701843327338
btree8,16384,13,46.4340,8091356701843327338
btree8,16384,14,46.0739,8091356701843327338
btree8_bl,16384,0,43.6249,8091356701843327338
btree8_bl,16384,1,40.3839,8091356701843327338
btree8_bl,16384,2,40.6357,8091356701843327338
btree8_bl,16384,3,40.3442,8091356701843327338
btree8_bl,16384,4,40.3015,8091356701843327338
btree8_bl,16384,5,40.4190,8091356701843327338
btree8_bl,16384,6,41.4810,8091356701843327338
btree8_bl,16384,7,40.7364,8091356701843327338
btree8_bl,16384,8,40.4984,8091356701843327338
btree8_bl,16384,9,41.1057,8091356701843327338
btree8_bl,16384,10,40.4297,8091356701843327338
btree8_bl,16384,11,40.4297,8091356701843327338
btree8_bl,16384,12,40.4984,8091356701843327338
btree8_bl,16384,13,40.1871,8091356701843327338
btree8_bl,16384,14,40.4495,8091356701843327338
btree8_a64,16384,0,47.6654,8091356701843327338
btree8_a64,16384,1,43.6966,8091356701843327338
btree8_a64,16384,2,43.2556,8091356701843327338
btree8_a64,16384,3,43.5226,8091356701843327338
btree8_a64,16384,4,43.2159,8091356701843327338
btree8_a64,16384,5,43.5730,8091356701843327338
btree8_a64,16384,6,43.2144,8091356701843327338
btree8_a64,16384,7,43.5455,8091356701843327338
btree8_a64,16384,8,43.2465,8091356701843327338
btree8_a64,16384,9,43.5226,8091356701843327338
btree8_a64,16384,10,43.3853,8091356701843327338
btree8_a64,16384,11,43.6829,8091356701843327338
btree8_a64,16384,12,43.5944,8091356701843327338
btree8_a64,16384,13,44.4260,8091356701843327338
btree8_a64,16384,14,43.5852,8091356701843327338
btree8_bl_a64,16384,0,44.4901,8091356701843327338
btree8_bl_a64,16384,1,38.3896,8091356701843327338
btree8_bl_a64,16384,2,38.0310,8091356701843327338
btree8_bl_a64,16384,3,38.2416,8091356701843327338
btree8_bl_a64,16384,4,38.0020,8091356701843327338
btree8_bl_a64,16384,5,44.0277,8091356701843327338
btree8_bl_a64,16384,6,38.2828,8091356701843327338
btree8_bl_a64,16384,7,37.9364,8091356701843327338
btree8_bl_a64,16384,8,38.2324,8091356701843327338
btree8_bl_a64,16384,9,39.0549,8091356701843327338
btree8_bl_a64,16384,10,81.0181,8091356701843327338
btree8_bl_a64,16384,11,270.8237,8091356701843327338
btree8_bl_a64,16384,12,42.8833,8091356701843327338
btree8_bl_a64,16384,13,38.3118,8091356701843327338
btree8_bl_a64,16384,14,115.3793,8091356701843327338
btree16_bl_a64,16384,0,44.0567,8091356701843327338
btree16_bl_a64,16384,1,35.0876,8091356701843327338
btree16_bl_a64,16384,2,34.9655,8091356701843327338
btree16_bl_a64,16384,3,35.0098,8091356701843327338
btree16_bl_a64,16384,4,34.7427,8091356701843327338
btree16_bl_a64,16384,5,34.8694,8091356701843327338
btree16_bl_a64,16384,6,34.8404,8091356701843327338
btree16_bl_a64,16384,7,34.9457,8091356701843327338
btree16_bl_a64,16384,8,34.9136,8091356701843327338
btree16_bl_a64,16384,9,34.7855,8091356701843327338
btree16_bl_a64,16384,10,34.8206,8091356701843327338
btree16_bl_a64,16384,11,34.9426,8091356701843327338
btree16_bl_a64,16384,12,34.4116,8091356701843327338
btree16_bl_a64,16384,13,35.0143,8091356701843327338
btree16_bl_a64,16384,14,34.9091,8091356701843327338
fusion8,16384,0,84.6436,8091356701843327338
fusion8,16384,1,77.1378,8091356701843327338
fusion8,16384,2,76.7654,8091356701843327338
fusion8,16384,3,76.6937,8091356701843327338
fusion8,16384,4,76.9424,8091356701843327338
fusion8,16384,5,76.9943,8091356701843327338
fusion8,16384,6,76.8341,8091356701843327338
fusion8,16384,7,76.5411,8091356701843327338
fusion8,16384,8,77.0889,8091356701843327338
fusion8,16384,9,76.7273,8091356701843327338
fusion8,16384,10,77.5192,8091356701843327338
fusion8,16384,11,77.0615,8091356701843327338
fusion8,16384,12,76.8646,8091356701843327338
fusion8,16384,13,76.6861,8091356701843327338
fusion8,16384,14,77.1423,8091356701843327338
fusion8_bf,16384,0,90.7883,8091356701843327338
fusion8_bf,16384,1,83.6777,8091356701843327338
fusion8_bf,16384,2,83.9111,8091356701843327338
fusion8_bf,16384,3,83.9783,8091356701843327338
fusion8_bf,16384,4,83.6472,8091356701843327338
fusion8_bf,16384,5,84.0424,8091356701843327338
fusion8_bf,16384,6,83.7906,8091356701843327338
fusion8_bf,16384,7,83.6288,8091356701843327338
fusion8_bf,16384,8,83.8364,8091356701843327338
fusion8_bf,16384,9,83.7570,8091356701843327338
fusion8_bf,16384,10,83.4595,8091356701843327338
fusion8_bf,16384,11,84.1476,8091356701843327338
fusion8_bf,16384,12,83.2382,8091356701843327338
fusion8_bf,16384,13,83.4671,8091356701843327338
fusion8_bf,16384,14,83.8394,8091356701843327338
fusion8_c,16384,0,87.0789,8091356701843327338
fusion8_c,16384,1,83.9874,8091356701843327338
fusion8_c,16384,2,85.3241,8091356701843327338
fusion8_c,16384,3,83.1055,8091356701843327338
fusion8_c,16384,4,82.1106,8091356701843327338
fusion8_c,16384,5,81.6513,8091356701843327338
fusion8_c,16384,6,81.6711,8091356701843327338
fusion8_c,16384,7,81.3004,8091356701843327338
fusion8_c,16384,8,82.9422,8091356701843327338
fusion8_c,16384,9,81.4194,8091356701843327338
fusion8_c,16384,10,81.6681,8091356701843327338
fusion8_c,16384,11,81.5094,8091356701843327338
fusion8_c,16384,12,81.9473,8091356701843327338
fusion8_c,16384,13,81.5247,8091356701843327338
fusion8_c,16384,14,81.4209,8091356701843327338
fusion16_w,16384,0,89.7507,8091356701843327338
fusion16_w,16384,1,83.2550,8091356701843327338
fusion16_w,16384,2,83.0261,8091356701843327338
fusion16_w,16384,3,83.2474,8091356701843327338
fusion16_w,16384,4,83.2474,8091356701843327338
fusion16_w,16384,5,83.8028,8091356701843327338
fusion16_w,16384,6,83.4335,8091356701843327338
fusion16_w,16384,7,84.5917,8091356701843327338
fusion16_w,16384,8,83.0734,8091356701843327338
fusion16_w,16384,9,83.3862,8091356701843327338
fusion16_w,16384,10,83.0261,8091356701843327338
fusion16_w,16384,11,83.0338,8091356701843327338
fusion16_w,16384,12,84.1415,8091356701843327338
fusion16_w,16384,13,83.0124,8091356701843327338
fusion16_w,16384,14,83.7479,8091356701843327338
sorted_array,32768,0,37.0575,1451882096117854496
sorted_array,32768,1,36.7065,1451882096117854496
sorted_array,32768,2,36.3205,1451882096117854496
sorted_array,32768,3,38.8809,1451882096117854496
sorted_array,32768,4,36.6974,1451882096117854496
sorted_array,32768,5,36.6669,1451882096117854496
sorted_array,32768,6,36.7050,1451882096117854496
sorted_array,32768,7,36.2701,1451882096117854496
sorted_array,32768,8,36.4532,1451882096117854496
sorted_array,32768,9,36.5982,1451882096117854496
sorted_array,32768,10,36.4731,1451882096117854496
sorted_array,32768,11,36.6653,1451882096117854496
sorted_array,32768,12,36.2885,1451882096117854496
sorted_array,32768,13,36.6623,1451882096117854496
sorted_array,32768,14,36.6119,1451882096117854496
btree8,32768,0,48.7778,1451882096117854496
btree8,32768,1,47.0901,1451882096117854496
btree8,32768,2,47.1085,1451882096117854496
btree8,32768,3,46.9971,1451882096117854496
btree8,32768,4,47.0978,1451882096117854496
btree8,32768,5,46.7789,1451882096117854496
btree8,32768,6,46.9742,1451882096117854496
btree8,32768,7,47.1039,1451882096117854496
btree8,32768,8,47.7768,1451882096117854496
btree8,32768,9,47.2443,1451882096117854496
btree8,32768,10,47.1710,1451882096117854496
btree8,32768,11,46.8002,1451882096117854496
btree8,32768,12,46.8353,1451882096117854496
btree8,32768,13,46.9238,1451882096117854496
btree8,32768,14,47.0673,1451882096117854496
btree8_bl,32768,0,46.3852,1451882096117854496
btree8_bl,32768,1,40.5502,1451882096117854496
btree8_bl,32768,2,40.4633,1451882096117854496
btree8_bl,32768,3,40.1825,1451882096117854496
btree8_bl,32768,4,40.4953,1451882096117854496
btree8_bl,32768,5,40.1123,1451882096117854496
btree8_bl,32768,6,40.6097,1451882096117854496
btree8_bl,32768,7,40.3290,1451882096117854496
btree8_bl,32768,8,40.4877,1451882096117854496
btree8_bl,32768,9,40.4144,1451882096117854496
btree8_bl,32768,10,40.2573,1451882096117854496
btree8_bl,32768,11,40.5365,1451882096117854496
btree8_bl,32768,12,40.4602,1451882096117854496
btree8_bl,32768,13,40.8966,1451882096117854496
btree8_bl,32768,14,41.2933,1451882096117854496
btree8_a64,32768,0,49.5956,1451882096117854496
btree8_a64,32768,1,47.1527,1451882096117854496
btree8_a64,32768,2,45.0302,1451882096117854496
btree8_a64,32768,3,45.2438,1451882096117854496
btree8_a64,32768,4,44.9036,1451882096117854496
btree8_a64,32768,5,49.1608,1451882096117854496
btree8_a64,32768,6,44.8380,1451882096117854496
btree8_a64,32768,7,44.8410,1451882096117854496
btree8_a64,32768,8,44.7830,1451882096117854496
btree8_a64,32768,9,45.2896,1451882096117854496
btree8_a64,32768,10,45.6467,1451882096117854496
btree8_a64,32768,11,45.8237,1451882096117854496
btree8_a64,32768,12,46.8948,1451882096117854496
btree8_a64,32768,13,78.0716,1451882096117854496
btree8_a64,32768,14,64.1617,1451882096117854496
btree8_bl_a64,32768,0,74.6094,1451882096117854496
btree8_bl_a64,32768,1,47.0856,1451882096117854496
btree8_bl_a64,32768,2,38.4384,1451882096117854496
btree8_bl_a64,32768,3,46.8124,1451882096117854496
btree8_bl_a64,32768,4,38.4186,1451882096117854496
btree8_bl_a64,32768,5,38.8153,1451882096117854496
btree8_bl_a64,32768,6,38.3896,1451882096117854496
btree8_bl_a64,32768,7,41.5939,1451882096117854496
btree8_bl_a64,32768,8,41.3696,1451882096117854496
btree8_bl_a64,32768,9,38.8214,1451882096117854496
btree8_bl_a64,32768,10,43.2388,1451882096117854496
btree8_bl_a64,32768,11,53.3905,1451882096117854496
btree8_bl_a64,32768,12,39.4028,1451882096117854496
btree8_bl_a64,32768,13,38.3698,1451882096117854496
btree8_bl_a64,32768,14,39.8453,1451882096117854496
btree16_bl_a64,32768,0,53.1036,1451882096117854496
btree16_bl_a64,32768,1,85.0113,1451882096117854496
btree16_bl_a64,32768,2,105.6671,1451882096117854496
btree16_bl_a64,32768,3,70.1981,1451882096117854496
btree16_bl_a64,32768,4,34.8129,1451882096117854496
btree16_bl_a64,32768,5,34.7931,1451882096117854496
btree16_bl_a64,32768,6,34.7092,1451882096117854496
btree16_bl_a64,32768,7,35.2676,1451882096117854496
btree16_bl_a64,32768,8,44.1910,1451882096117854496
btree16_bl_a64,32768,9,64.9231,1451882096117854496
btree16_bl_a64,32768,10,34.7443,1451882096117854496
btree16_bl_a64,32768,11,35.2020,1451882096117854496
btree16_bl_a64,32768,12,34.7229,1451882096117854496
btree16_bl_a64,32768,13,34.7351,1451882096117854496
btree16_bl_a64,32768,14,37.5519,1451882096117854496
fusion8,32768,0,88.7054,1451882096117854496
fusion8,32768,1,79.9728,1451882096117854496
fusion8,32768,2,79.7882,1451882096117854496
fusion8,32768,3,79.9240,1451882096117854496
fusion8,32768,4,79.7333,1451882096117854496
fusion8,32768,5,79.6158,1451882096117854496
fusion8,32768,6,79.8172,1451882096117854496
fusion8,32768,7,79.7424,1451882096117854496
fusion8,32768,8,79.7302,1451882096117854496
fusion8,32768,9,79.7913,1451882096117854496
fusion8,32768,10,79.8019,1451882096117854496
fusion8,32768,11,79.9469,1451882096117854496
fusion8,32768,12,79.9850,1451882096117854496
fusion8,32768,13,79.8752,1451882096117854496
fusion8,32768,14,79.8340,1451882096117854496
fusion8_bf,32768,0,95.2759,1451882096117854496
fusion8_bf,32768,1,87.6633,1451882096117854496
fusion8_bf,32768,2,87.8662,1451882096117854496
fusion8_bf,32768,3,87.7274,1451882096117854496
fusion8_bf,32768,4,87.7441,1451882096117854496
fusion8_bf,32768,5,87.8662,1451882096117854496
fusion8_bf,32768,6,87.6572,1451882096117854496
fusion8_bf,32768,7,87.6373,1451882096117854496
fusion8_bf,32768,8,87.6770,1451882096117854496
fusion8_bf,32768,9,87.6389,1451882096117854496
fusion8_bf,32768,10,87.5259,1451882096117854496
fusion8_bf,32768,11,87.4969,1451882096117854496
fusion8_bf,32768,12,87.6831,1451882096117854496
fusion8_bf,32768,13,87.5702,1451882096117854496
fusion8_bf,32768,14,87.6968,1451882096117854496
fusion8_c,32768,0,91.6824,1451882096117854496
fusion8_c,32768,1,86.9522,1451882096117854496
fusion8_c,32768,2,86.7950,1451882096117854496
fusion8_c,32768,3,86.7416,1451882096117854496
fusion8_c,32768,4,86.8332,1451882096117854496
fusion8_c,32768,5,86.8271,1451882096117854496
fusion8_c,32768,6,86.7737,1451882096117854496
fusion8_c,32768,7,86.8042,1451882096117854496
fusion8_c,32768,8,86.8332,1451882096117854496
fusion8_c,32768,9,86.7813,1451882096117854496
fusion8_c,32768,10,86.6943,1451882096117854496
fusion8_c,32768,11,86.8576,1451882096117854496
fusion8_c,32768,12,86.8362,1451882096117854496
fusion8_c,32768,13,87.4557,1451882096117854496
fusion8_c,32768,14,86.7508,1451882096117854496
fusion16_w,32768,0,95.6528,1451882096117854496
fusion16_w,32768,1,88.2004,1451882096117854496
fusion16_w,32768,2,88.3301,1451882096117854496
fusion16_w,32768,3,88.1561,1451882096117854496
fusion16_w,32768,4,88.1088,1451882096117854496
fusion16_w,32768,5,89.1022,1451882096117854496
fusion16_w,32768,6,88.0692,1451882096117854496
fusion16_w,32768,7,87.9288,1451882096117854496
fusion16_w,32768,8,88.1958,1451882096117854496
fusion16_w,32768,9,88.0203,1451882096117854496
fusion16_w,32768,10,88.0219,1451882096117854496
fusion16_w,32768,11,87.9684,1451882096117854496
fusion16_w,32768,12,88.0371,1451882096117854496
fusion16_w,32768,13,87.9807,1451882096117854496
fusion16_w,32768,14,87.9089,1451882096117854496
sorted_array,65536,0,49.1699,1313883487276844600
sorted_array,65536,1,46.4645,1313883487276844600
sorted_array,65536,2,46.5698,1313883487276844600
sorted_array,65536,3,46.5546,1313883487276844600
sorted_array,65536,4,46.8170,1313883487276844600
sorted_array,65536,5,46.6400,1313883487276844600
sorted_array,65536,6,46.5103,1313883487276844600
sorted_array,65536,7,46.6034,1313883487276844600
sorted_array,65536,8,46.5897,1313883487276844600
sorted_array,65536,9,46.4661,1313883487276844600
sorted_array,65536,10,46.5134,1313883487276844600
sorted_array,65536,11,46.5118,1313883487276844600
sorted_array,65536,12,46.5210,1313883487276844600
sorted_array,65536,13,46.5378,1313883487276844600
sorted_array,65536,14,46.6980,1313883487276844600
btree8,65536,0,58.8669,1313883487276844600
btree8,65536,1,52.8442,1313883487276844600
btree8,65536,2,55.2292,1313883487276844600
btree8,65536,3,52.6230,1313883487276844600
btree8,65536,4,52.6505,1313883487276844600
btree8,65536,5,52.5650,1313883487276844600
btree8,65536,6,52.5024,1313883487276844600
btree8,65536,7,52.5330,1313883487276844600
btree8,65536,8,52.5177,1313883487276844600
btree8,65536,9,52.4719,1313883487276844600
btree8,65536,10,52.5421,1313883487276844600
btree8,65536,11,52.3117,1313883487276844600
btree8,65536,12,52.5223,1313883487276844600
btree8,65536,13,52.3926,1313883487276844600
btree8,65536,14,52.4765,1313883487276844600
btree8_bl,65536,0,51.3474,1313883487276844600
btree8_bl,65536,1,45.3720,1313883487276844600
btree8_bl,65536,2,44.3848,1313883487276844600
btree8_bl,65536,3,45.0958,1313883487276844600
btree8_bl,65536,4,44.0826,1313883487276844600
btree8_bl,65536,5,44.1925,1313883487276844600
btree8_bl,65536,6,44.0994,1313883487276844600
btree8_bl,65536,7,44.1238,1313883487276844600
btree8_bl,65536,8,44.1422,1313883487276844600
btree8_bl,65536,9,44.1269,1313883487276844600
btree8_bl,65536,10,44.0994,1313883487276844600
btree8_bl,65536,11,44.0353,1313883487276844600
btree8_bl,65536,12,44.1223,1313883487276844600
btree8_bl,65536,13,44.0536,1313883487276844600
btree8_bl,65536,14,44.1147,1313883487276844600
btree8_a64,65536,0,62.3352,1313883487276844600
btree8_a64,65536,1,50.8469,1313883487276844600
btree8_a64,65536,2,50.7812,1313883487276844600
btree8_a64,65536,3,50.8636,1313883487276844600
btree8_a64,65536,4,50.8286,1313883487276844600
btree8_a64,65536,5,51.8387,1313883487276844600
btree8_a64,65536,6,50.9567,1313883487276844600
btree8_a64,65536,7,50.8713,1313883487276844600
btree8_a64,65536,8,50.7996,1313883487276844600
btree8_a64,65536,9,50.8301,1313883487276844600
btree8_a64,65536,10,50.9445,1313883487276844600
btree8_a64,65536,11,50.7568,1313883487276844600
btree8_a64,65536,12,50.6683,1313883487276844600
btree8_a64,65536,13,50.6317,1313883487276844600
btree8_a64,65536,14,50.6119,1313883487276844600
btree8_bl_a64,65536,0,59.8938,1313883487276844600
btree8_bl_a64,65536,1,42.6086,1313883487276844600
btree8_bl_a64,65536,2,42.6178,1313883487276844600
btree8_bl_a64,65536,3,42.4988,1313883487276844600
btree8_bl_a64,65536,4,42.6773,1313883487276844600
btree8_bl_a64,65536,5,42.5522,1313883487276844600
btree8_bl_a64,65536,6,42.5873,1313883487276844600
btree8_bl_a64,65536,7,42.5262,1313883487276844600
btree8_bl_a64,65536,8,42.5446,1313883487276844600
btree8_bl_a64,65536,9,42.5095,1313883487276844600
btree8_bl_a64,65536,10,42.5018,1313883487276844600
btree8_bl_a64,65536,11,42.5461,1313883487276844600
btree8_bl_a64,65536,12,42.4866,1313883487276844600
btree8_bl_a64,65536,13,42.5934,1313883487276844600
btree8_bl_a64,65536,14,42.5934,1313883487276844600
btree16_bl_a64,65536,0,47.2427,1313883487276844600
btree16_bl_a64,65536,1,34.6024,1313883487276844600
btree16_bl_a64,65536,2,34.5123,1313883487276844600
btree16_bl_a64,65536,3,34.5825,1313883487276844600
btree16_bl_a64,65536,4,34.5215,1313883487276844600
btree16_bl_a64,65536,5,34.5001,1313883487276844600
btree16_bl_a64,65536,6,36.6028,1313883487276844600
btree16_bl_a64,65536,7,34.5139,1313883487276844600
btree16_bl_a64,65536,8,34.5444,1313883487276844600
btree16_bl_a64,65536,9,34.4940,1313883487276844600
btree16_bl_a64,65536,10,34.6024,1313883487276844600
btree16_bl_a64,65536,11,34.4925,1313883487276844600
btree16_bl_a64,65536,12,34.4788,1313883487276844600
btree16_bl_a64,65536,13,34.5200,1313883487276844600
btree16_bl_a64,65536,14,34.4757,1313883487276844600
fusion8,65536,0,98.3673,1313883487276844600
fusion8,65536,1,86.1740,1313883487276844600
fusion8,65536,2,85.8185,1313883487276844600
fusion8,65536,3,85.9650,1313883487276844600
fusion8,65536,4,85.8322,1313883487276844600
fusion8,65536,5,85.7956,1313883487276844600
fusion8,65536,6,85.7101,1313883487276844600
fusion8,65536,7,85.9100,1313883487276844600
fusion8,65536,8,85.7605,1313883487276844600
fusion8,65536,9,85.7269,1313883487276844600
fusion8,65536,10,85.7071,1313883487276844600
fusion8,65536,11,85.6918,1313883487276844600
fusion8,65536,12,85.6415,1313883487276844600
fusion8,65536,13,85.7086,1313883487276844600
fusion8,65536,14,85.6216,1313883487276844600
fusion8_bf,65536,0,104.1443,1313883487276844600
fusion8_bf,65536,1,93.8751,1313883487276844600
fusion8_bf,65536,2,93.6417,1313883487276844600
fusion8_bf,65536,3,93.8889,1313883487276844600
fusion8_bf,65536,4,93.7256,1313883487276844600
fusion8_bf,65536,5,93.6050,1313883487276844600
fusion8_bf,65536,6,93.6249,1313883487276844600
fusion8_bf,65536,7,93.5562,1313883487276844600
fusion8_bf,65536,8,93.8934,1313883487276844600
fusion8_bf,65536,9,93.5867,1313883487276844600
fusion8_bf,65536,10,93.5196,1313883487276844600
fusion8_bf,65536,11,93.5791,1313883487276844600
fusion8_bf,65536,12,93.5059,1313883487276844600
fusion8_bf,65536,13,93.4616,1313883487276844600
fusion8_bf,65536,14,93.6035,1313883487276844600
fusion8_c,65536,0,115.3320,1313883487276844600
fusion8_c,65536,1,93.2953,1313883487276844600
fusion8_c,65536,2,92.7124,1313883487276844600
fusion8_c,65536,3,92.4423,1313883487276844600
fusion8_c,65536,4,93.2785,1313883487276844600
fusion8_c,65536,5,92.6208,1313883487276844600
fusion8_c,65536,6,92.3950,1313883487276844600
fusion8_c,65536,7,92.4072,1313883487276844600
fusion8_c,65536,8,92.4957,1313883487276844600
fusion8_c,65536,9,92.4438,1313883487276844600
fusion8_c,65536,10,92.2928,1313883487276844600
fusion8_c,65536,11,92.3477,1313883487276844600
fusion8_c,65536,12,92.3859,1313883487276844600
fusion8_c,65536,13,93.5669,1313883487276844600
fusion8_c,65536,14,92.3264,1313883487276844600
fusion16_w,65536,0,102.8763,1313883487276844600
fusion16_w,65536,1,89.2487,1313883487276844600
fusion16_w,65536,2,89.2166,1313883487276844600
fusion16_w,65536,3,89.2960,1313883487276844600
fusion16_w,65536,4,89.1937,1313883487276844600
fusion16_w,65536,5,89.4653,1313883487276844600
fusion16_w,65536,6,89.1800,1313883487276844600
fusion16_w,65536,7,90.0772,1313883487276844600
fusion16_w,65536,8,89.2197,1313883487276844600
fusion16_w,65536,9,89.3738,1313883487276844600
fusion16_w,65536,10,89.1525,1313883487276844600
fusion16_w,65536,11,89.1998,1313883487276844600
fusion16_w,65536,12,89.2120,1313883487276844600
fusion16_w,65536,13,89.2258,1313883487276844600
fusion16_w,65536,14,89.1571,1313883487276844600
sorted_array,131072,0,61.7844,7532165159138614248
sorted_array,131072,1,59.2651,7532165159138614248
sorted_array,131072,2,58.5938,7532165159138614248
sorted_array,131072,3,58.2932,7532165159138614248
sorted_array,131072,4,58.2855,7532165159138614248
sorted_array,131072,5,58.2367,7532165159138614248
sorted_array,131072,6,58.4198,7532165159138614248
sorted_array,131072,7,58.2916,7532165159138614248
sorted_array,131072,8,58.2733,7532165159138614248
sorted_array,131072,9,58.2962,7532165159138614248
sorted_array,131072,10,58.2748,7532165159138614248
sorted_array,131072,11,58.2748,7532165159138614248
sorted_array,131072,12,58.2581,7532165159138614248
sorted_array,131072,13,58.2947,7532165159138614248
sorted_array,131072,14,58.2901,7532165159138614248
btree8,131072,0,91.6199,7532165159138614248
btree8,131072,1,72.0673,7532165159138614248
btree8,131072,2,71.4844,7532165159138614248
btree8,131072,3,71.8430,7532165159138614248
btree8,131072,4,72.8699,7532165159138614248
btree8,131072,5,73.9059,7532165159138614248
btree8,131072,6,71.9711,7532165159138614248
btree8,131072,7,71.3699,7532165159138614248
btree8,131072,8,71.4783,7532165159138614248
btree8,131072,9,71.3486,7532165159138614248
btree8,131072,10,71.4386,7532165159138614248
btree8,131072,11,71.2708,7532165159138614248
btree8,131072,12,70.9534,7532165159138614248
btree8,131072,13,71.3989,7532165159138614248
btree8,131072,14,71.6049,7532165159138614248
btree8_bl,131072,0,93.4418,7532165159138614248
btree8_bl,131072,1,64.6561,7532165159138614248
btree8_bl,131072,2,64.1861,7532165159138614248
btree8_bl,131072,3,63.9359,7532165159138614248
btree8_bl,131072,4,63.4827,7532165159138614248
btree8_bl,131072,5,63.8123,7532165159138614248
btree8_bl,131072,6,63.9999,7532165159138614248
btree8_bl,131072,7,63.8275,7532165159138614248
btree8_bl,131072,8,63.7985,7532165159138614248
btree8_bl,131072,9,63.6429,7532165159138614248
btree8_bl,131072,10,63.7634,7532165159138614248
btree8_bl,131072,11,63.5117,7532165159138614248
btree8_bl,131072,12,63.5635,7532165159138614248
btree8_bl,131072,13,63.8809,7532165159138614248
btree8_bl,131072,14,63.5269,7532165159138614248
btree8_a64,131072,0,99.0204,7532165159138614248
btree8_a64,131072,1,70.7428,7532165159138614248
btree8_a64,131072,2,71.5851,7532165159138614248
btree8_a64,131072,3,71.1105,7532165159138614248
btree8_a64,131072,4,71.0724,7532165159138614248
btree8_a64,131072,5,71.4081,7532165159138614248
btree8_a64,131072,6,72.2229,7532165159138614248
btree8_a64,131072,7,71.6888,7532165159138614248
btree8_a64,131072,8,70.9625,7532165159138614248
btree8_a64,131072,9,70.7825,7532165159138614248
btree8_a64,131072,10,70.9061,7532165159138614248
btree8_a64,131072,11,70.9274,7532165159138614248
btree8_a64,131072,12,70.7336,7532165159138614248
btree8_a64,131072,13,70.3735,7532165159138614248
btree8_a64,131072,14,71.3089,7532165159138614248
btree8_bl_a64,131072,0,94.5450,7532165159138614248
btree8_bl_a64,131072,1,61.5402,7532165159138614248
btree8_bl_a64,131072,2,60.7788,7532165159138614248
btree8_bl_a64,131072,3,60.3577,7532165159138614248
btree8_bl_a64,131072,4,60.4370,7532165159138614248
btree8_bl_a64,131072,5,60.3607,7532165159138614248
btree8_bl_a64,131072,6,60.5499,7532165159138614248
btree8_bl_a64,131072,7,60.9451,7532165159138614248
btree8_bl_a64,131072,8,60.7605,7532165159138614248
btree8_bl_a64,131072,9,60.3729,7532165159138614248
btree8_bl_a64,131072,10,63.5529,7532165159138614248
btree8_bl_a64,131072,11,60.3867,7532165159138614248
btree8_bl_a64,131072,12,60.3607,7532165159138614248
btree8_bl_a64,131072,13,60.2737,7532165159138614248
btree8_bl_a64,131072,14,60.3149,7532165159138614248
btree16_bl_a64,131072,0,93.3685,7532165159138614248
btree16_bl_a64,131072,1,63.1256,7532165159138614248
btree16_bl_a64,131072,2,62.0270,7532165159138614248
btree16_bl_a64,131072,3,61.6150,7532165159138614248
btree16_bl_a64,131072,4,62.6099,7532165159138614248
btree16_bl_a64,131072,5,62.0895,7532165159138614248
btree16_bl_a64,131072,6,61.7096,7532165159138614248
btree16_bl_a64,131072,7,68.5806,7532165159138614248
btree16_bl_a64,131072,8,62.6770,7532165159138614248
btree16_bl_a64,131072,9,60.7697,7532165159138614248
btree16_bl_a64,131072,10,61.0916,7532165159138614248
btree16_bl_a64,131072,11,61.7661,7532165159138614248
btree16_bl_a64,131072,12,61.4304,7532165159138614248
btree16_bl_a64,131072,13,60.7880,7532165159138614248
btree16_bl_a64,131072,14,62.2742,7532165159138614248
fusion8,131072,0,163.4827,7532165159138614248
fusion8,131072,1,121.1121,7532165159138614248
fusion8,131072,2,118.8385,7532165159138614248
fusion8,131072,3,119.2749,7532165159138614248
fusion8,131072,4,119.0155,7532165159138614248
fusion8,131072,5,120.2835,7532165159138614248
fusion8,131072,6,121.5759,7532165159138614248
fusion8,131072,7,132.3761,7532165159138614248
fusion8,131072,8,121.4844,7532165159138614248
fusion8,131072,9,121.9803,7532165159138614248
fusion8,131072,10,123.0896,7532165159138614248
fusion8,131072,11,120.4437,7532165159138614248
fusion8,131072,12,119.8029,7532165159138614248
fusion8,131072,13,118.9285,7532165159138614248
fusion8,131072,14,120.9015,7532165159138614248
fusion8_bf,131072,0,160.5011,7532165159138614248
fusion8_bf,131072,1,126.3367,7532165159138614248
fusion8_bf,131072,2,126.8555,7532165159138614248
fusion8_bf,131072,3,128.9886,7532165159138614248
fusion8_bf,131072,4,127.5787,7532165159138614248
fusion8_bf,131072,5,127.6199,7532165159138614248
fusion8_bf,131072,6,126.4404,7532165159138614248
fusion8_bf,131072,7,126.6815,7532165159138614248
fusion8_bf,131072,8,126.8204,7532165159138614248
fusion8_bf,131072,9,127.9968,7532165159138614248
fusion8_bf,131072,10,126.9562,7532165159138614248
fusion8_bf,131072,11,129.1290,7532165159138614248
fusion8_bf,131072,12,127.1408,7532165159138614248
fusion8_bf,131072,13,129.5990,7532165159138614248
fusion8_bf,131072,14,127.1088,7532165159138614248
fusion8_c,131072,0,152.6215,7532165159138614248
fusion8_c,131072,1,117.5262,7532165159138614248
fusion8_c,131072,2,117.8543,7532165159138614248
fusion8_c,131072,3,118.9957,7532165159138614248
fusion8_c,131072,4,117.0105,7532165159138614248
fusion8_c,131072,5,120.1447,7532165159138614248
fusion8_c,131072,6,116.7526,7532165159138614248
fusion8_c,131072,7,116.1148,7532165159138614248
fusion8_c,131072,8,116.4429,7532165159138614248
fusion8_c,131072,9,116.6443,7532165159138614248
fusion8_c,131072,10,116.2155,7532165159138614248
fusion8_c,131072,11,116.4078,7532165159138614248
fusion8_c,131072,12,115.6082,7532165159138614248
fusion8_c,131072,13,120.1447,7532165159138614248
fusion8_c,131072,14,116.2903,7532165159138614248
fusion16_w,131072,0,159.7275,7532165159138614248
fusion16_w,131072,1,126.7700,7532165159138614248
fusion16_w,131072,2,125.2029,7532165159138614248
fusion16_w,131072,3,124.3927,7532165159138614248
fusion16_w,131072,4,126.0132,7532165159138614248
fusion16_w,131072,5,125.6424,7532165159138614248
fusion16_w,131072,6,125.3708,7532165159138614248
fusion16_w,131072,7,129.3427,7532165159138614248
fusion16_w,131072,8,124.4965,7532165159138614248
fusion16_w,131072,9,126.2451,7532165159138614248
fusion16_w,131072,10,124.9695,7532165159138614248
fusion16_w,131072,11,124.9359,7532165159138614248
fusion16_w,131072,12,125.7645,7532165159138614248
fusion16_w,131072,13,126.6129,7532165159138614248
fusion16_w,131072,14,125.9674,7532165159138614248
sorted_array,262144,0,76.0284,14595982901779754467
sorted_array,262144,1,67.5003,14595982901779754467
sorted_array,262144,2,67.4210,14595982901779754467
sorted_array,262144,3,67.3569,14595982901779754467
sorted_array,262144,4,67.2485,14595982901779754467
sorted_array,262144,5,67.4316,14595982901779754467
sorted_array,262144,6,67.6651,14595982901779754467
sorted_array,262144,7,67.2882,14595982901779754467
sorted_array,262144,8,68.0191,14595982901779754467
sorted_array,262144,9,67.4500,14595982901779754467
sorted_array,262144,10,67.5323,14595982901779754467
sorted_array,262144,11,67.4393,14595982901779754467
sorted_array,262144,12,67.3508,14595982901779754467
sorted_array,262144,13,67.3035,14595982901779754467
sorted_array,262144,14,67.3340,14595982901779754467
btree8,262144,0,103.4576,14595982901779754467
btree8,262144,1,73.6725,14595982901779754467
btree8,262144,2,73.4848,14595982901779754467
btree8,262144,3,73.4344,14595982901779754467
btree8,262144,4,73.7701,14595982901779754467
btree8,262144,5,73.3917,14595982901779754467
btree8,262144,6,73.4161,14595982901779754467
btree8,262144,7,74.4614,14595982901779754467
btree8,262144,8,73.8358,14595982901779754467
btree8,262144,9,74.4446,14595982901779754467
btree8,262144,10,73.9471,14595982901779754467
btree8,262144,11,74.0875,14595982901779754467
btree8,262144,12,73.8632,14595982901779754467
btree8,262144,13,73.9944,14595982901779754467
btree8,262144,14,73.7213,14595982901779754467
btree8_bl,262144,0,98.4177,14595982901779754467
btree8_bl,262144,1,67.4957,14595982901779754467
btree8_bl,262144,2,66.8610,14595982901779754467
btree8_bl,262144,3,67.0044,14595982901779754467
btree8_bl,262144,4,66.9342,14595982901779754467
btree8_bl,262144,5,67.1814,14595982901779754467
btree8_bl,262144,6,67.2348,14595982901779754467
btree8_bl,262144,7,66.9205,14595982901779754467
btree8_bl,262144,8,67.2302,14595982901779754467
btree8_bl,262144,9,66.9983,14595982901779754467
btree8_bl,262144,10,66.7770,14595982901779754467
btree8_bl,262144,11,67.1707,14595982901779754467
btree8_bl,262144,12,69.3481,14595982901779754467
btree8_bl,262144,13,69.5831,14595982901779754467
btree8_bl,262144,14,67.8986,14595982901779754467
btree8_a64,262144,0,105.3818,14595982901779754467
btree8_a64,262144,1,74.2157,14595982901779754467
btree8_a64,262144,2,74.2798,14595982901779754467
btree8_a64,262144,3,73.9426,14595982901779754467
btree8_a64,262144,4,73.2803,14595982901779754467
btree8_a64,262144,5,73.4818,14595982901779754467
btree8_a64,262144,6,74.7330,14595982901779754467
btree8_a64,262144,7,74.3347,14595982901779754467
btree8_a64,262144,8,74.2096,14595982901779754467
btree8_a64,262144,9,74.3454,14595982901779754467
btree8_a64,262144,10,74.2905,14595982901779754467
btree8_a64,262144,11,74.2065,14595982901779754467
btree8_a64,262144,12,74.3088,14595982901779754467
btree8_a64,262144,13,74.1608,14595982901779754467
btree8_a64,262144,14,74.0585,14595982901779754467
btree8_bl_a64,262144,0,112.9639,14595982901779754467
btree8_bl_a64,262144,1,67.9276,14595982901779754467
btree8_bl_a64,262144,2,64.3341,14595982901779754467
btree8_bl_a64,262144,3,63.8687,14595982901779754467
btree8_bl_a64,262144,4,71.4462,14595982901779754467
btree8_bl_a64,262144,5,75.7919,14595982901779754467
btree8_bl_a64,262144,6,64.1006,14595982901779754467
btree8_bl_a64,262144,7,62.7975,14595982901779754467
btree8_bl_a64,262144,8,62.5259,14595982901779754467
btree8_bl_a64,262144,9,62.3932,14595982901779754467
btree8_bl_a64,262144,10,63.2156,14595982901779754467
btree8_bl_a64,262144,11,64.3890,14595982901779754467
btree8_bl_a64,262144,12,62.8387,14595982901779754467
btree8_bl_a64,262144,13,62.4512,14595982901779754467
btree8_bl_a64,262144,14,61.9080,14595982901779754467
btree16_bl_a64,262144,0,145.5383,14595982901779754467
btree16_bl_a64,262144,1,96.4447,14595982901779754467
btree16_bl_a64,262144,2,90.3717,14595982901779754467
btree16_bl_a64,262144,3,89.9338,14595982901779754467
btree16_bl_a64,262144,4,89.6530,14595982901779754467
btree16_bl_a64,262144,5,93.2556,14595982901779754467
btree16_bl_a64,262144,6,89.0945,14595982901779754467
btree16_bl_a64,262144,7,87.8799,14595982901779754467
btree16_bl_a64,262144,8,88.4232,14595982901779754467
btree16_bl_a64,262144,9,90.8524,14595982901779754467
btree16_bl_a64,262144,10,92.0441,14595982901779754467
btree16_bl_a64,262144,11,96.0541,14595982901779754467
btree16_bl_a64,262144,12,95.7611,14595982901779754467
btree16_bl_a64,262144,13,93.0618,14595982901779754467
btree16_bl_a64,262144,14,90.5655,14595982901779754467
fusion8,262144,0,170.4651,14595982901779754467
fusion8,262144,1,131.7688,14595982901779754467
fusion8,262144,2,127.9190,14595982901779754467
fusion8,262144,3,128.2349,14595982901779754467
fusion8,262144,4,126.6266,14595982901779754467
fusion8,262144,5,128.2532,14595982901779754467
fusion8,262144,6,125.5417,14595982901779754467
fusion8,262144,7,130.2094,14595982901779754467
fusion8,262144,8,125.8331,14595982901779754467
fusion8,262144,9,125.5524,14595982901779754467
fusion8,262144,10,127.6215,14595982901779754467
fusion8,262144,11,125.4532,14595982901779754467
fusion8,262144,12,126.6815,14595982901779754467
fusion8,262144,13,125.7889,14595982901779754467
fusion8,262144,14,131.2042,14595982901779754467
fusion8_bf,262144,0,172.1176,14595982901779754467
fusion8_bf,262144,1,149.0616,14595982901779754467
fusion8_bf,262144,2,139.7858,14595982901779754467
fusion8_bf,262144,3,141.8121,14595982901779754467
fusion8_bf,262144,4,140.0711,14595982901779754467
fusion8_bf,262144,5,144.4244,14595982901779754467
fusion8_bf,262144,6,137.9593,14595982901779754467
fusion8_bf,262144,7,134.4757,14595982901779754467
fusion8_bf,262144,8,133.9920,14595982901779754467
fusion8_bf,262144,9,134.1431,14595982901779754467
fusion8_bf,262144,10,135.6934,14595982901779754467
fusion8_bf,262144,11,135.8917,14595982901779754467
fusion8_bf,262144,12,133.8760,14595982901779754467
fusion8_bf,262144,13,135.6567,14595982901779754467
fusion8_bf,262144,14,134.0927,14595982901779754467
fusion8_c,262144,0,154.3854,14595982901779754467
fusion8_c,262144,1,123.7091,14595982901779754467
fusion8_c,262144,2,122.7859,14595982901779754467
fusion8_c,262144,3,123.2895,14595982901779754467
fusion8_c,262144,4,122.9645,14595982901779754467
fusion8_c,262144,5,123.8586,14595982901779754467
fusion8_c,262144,6,124.8047,14595982901779754467
fusion8_c,262144,7,125.7507,14595982901779754467
fusion8_c,262144,8,131.2164,14595982901779754467
fusion8_c,262144,9,123.7656,14595982901779754467
fusion8_c,262144,10,122.8424,14595982901779754467
fusion8_c,262144,11,121.7270,14595982901779754467
fusion8_c,262144,12,122.3969,14595982901779754467
fusion8_c,262144,13,121.7636,14595982901779754467
fusion8_c,262144,14,122.4136,14595982901779754467
fusion16_w,262144,0,193.3167,14595982901779754467
fusion16_w,262144,1,159.2590,14595982901779754467
fusion16_w,262144,2,155.6076,14595982901779754467
fusion16_w,262144,3,155.5649,14595982901779754467
fusion16_w,262144,4,155.5511,14595982901779754467
fusion16_w,262144,5,157.8415,14595982901779754467
fusion16_w,262144,6,152.8259,14595982901779754467
fusion16_w,262144,7,152.0096,14595982901779754467
fusion16_w,262144,8,155.3818,14595982901779754467
fusion16_w,262144,9,157.6355,14595982901779754467
fusion16_w,262144,10,153.0716,14595982901779754467
fusion16_w,262144,11,157.6843,14595982901779754467
fusion16_w,262144,12,152.8580,14595982901779754467
fusion16_w,262144,13,156.9260,14595982901779754467
fusion16_w,262144,14,158.5938,14595982901779754467
sorted_array,524288,0,121.1929,2430445356442705539
sorted_array,524288,1,106.8619,2430445356442705539
sorted_array,524288,2,107.1655,2430445356442705539
sorted_array,524288,3,107.0419,2430445356442705539
sorted_array,524288,4,107.0740,2430445356442705539
sorted_array,524288,5,107.0114,2430445356442705539
sorted_array,524288,6,107.2052,2430445356442705539
sorted_array,524288,7,106.8924,2430445356442705539
sorted_array,524288,8,108.5983,2430445356442705539
sorted_array,524288,9,107.4127,2430445356442705539
sorted_array,524288,10,107.1365,2430445356442705539
sorted_array,524288,11,107.3822,2430445356442705539
sorted_array,524288,12,107.1609,2430445356442705539
sorted_array,524288,13,107.1457,2430445356442705539
sorted_array,524288,14,107.0770,2430445356442705539
btree8,524288,0,95.1706,2430445356442705539
btree8,524288,1,74.5773,2430445356442705539
btree8,524288,2,74.8734,2430445356442705539
btree8,524288,3,79.9561,2430445356442705539
btree8,524288,4,75.7187,2430445356442705539
btree8,524288,5,74.4766,2430445356442705539
btree8,524288,6,74.0524,2430445356442705539
btree8,524288,7,73.9975,2430445356442705539
btree8,524288,8,73.9548,2430445356442705539
btree8,524288,9,78.4576,2430445356442705539
btree8,524288,10,73.6588,2430445356442705539
btree8,524288,11,73.4512,2430445356442705539
btree8,524288,12,73.3673,2430445356442705539
btree8,524288,13,73.6465,2430445356442705539
btree8,524288,14,73.8586,2430445356442705539
btree8_bl,524288,0,103.8925,2430445356442705539
btree8_bl,524288,1,67.7383,2430445356442705539
btree8_bl,524288,2,67.1005,2430445356442705539
btree8_bl,524288,3,66.9266,2430445356442705539
btree8_bl,524288,4,67.0700,2430445356442705539
btree8_bl,524288,5,67.0731,2430445356442705539
btree8_bl,524288,6,67.1158,2430445356442705539
btree8_bl,524288,7,67.3904,2430445356442705539
btree8_bl,524288,8,67.3126,2430445356442705539
btree8_bl,524288,9,67.0212,2430445356442705539
btree8_bl,524288,10,67.0166,2430445356442705539
btree8_bl,524288,11,66.7618,2430445356442705539
btree8_bl,524288,12,66.6779,2430445356442705539
btree8_bl,524288,13,67.2699,2430445356442705539
btree8_bl,524288,14,66.9708,2430445356442705539
btree8_a64,524288,0,99.8428,2430445356442705539
btree8_a64,524288,1,74.4095,2430445356442705539
btree8_a64,524288,2,73.9761,2430445356442705539
btree8_a64,524288,3,73.8098,2430445356442705539
btree8_a64,524288,4,75.0122,2430445356442705539
btree8_a64,524288,5,74.0448,2430445356442705539
btree8_a64,524288,6,74.2554,2430445356442705539
btree8_a64,524288,7,73.9136,2430445356442705539
btree8_a64,524288,8,74.4705,2430445356442705539
btree8_a64,524288,9,73.1049,2430445356442705539
btree8_a64,524288,10,73.8510,2430445356442705539
btree8_a64,524288,11,73.4634,2430445356442705539
btree8_a64,524288,12,72.8592,2430445356442705539
btree8_a64,524288,13,72.5998,2430445356442705539
btree8_a64,524288,14,73.1949,2430445356442705539
btree8_bl_a64,524288,0,116.5939,2430445356442705539
btree8_bl_a64,524288,1,66.2201,2430445356442705539
btree8_bl_a64,524288,2,64.6881,2430445356442705539
btree8_bl_a64,524288,3,64.2120,2430445356442705539
btree8_bl_a64,524288,4,64.3585,2430445356442705539
btree8_bl_a64,524288,5,63.8382,2430445356442705539
btree8_bl_a64,524288,6,63.8199,2430445356442705539
btree8_bl_a64,524288,7,63.5574,2430445356442705539
btree8_bl_a64,524288,8,63.4064,2430445356442705539
btree8_bl_a64,524288,9,67.7902,2430445356442705539
btree8_bl_a64,524288,10,63.1531,2430445356442705539
btree8_bl_a64,524288,11,63.3194,2430445356442705539
btree8_bl_a64,524288,12,62.7625,2430445356442705539
btree8_bl_a64,524288,13,62.7151,2430445356442705539
btree8_bl_a64,524288,14,62.2025,2430445356442705539
btree16_bl_a64,524288,0,164.7873,2430445356442705539
btree16_bl_a64,524288,1,109.4681,2430445356442705539
btree16_bl_a64,524288,2,95.3110,2430445356442705539
btree16_bl_a64,524288,3,91.9037,2430445356442705539
btree16_bl_a64,524288,4,97.8195,2430445356442705539
btree16_bl_a64,524288,5,91.7877,2430445356442705539
btree16_bl_a64,524288,6,93.8080,2430445356442705539
btree16_bl_a64,524288,7,97.5815,2430445356442705539
btree16_bl_a64,524288,8,93.2724,2430445356442705539
btree16_bl_a64,524288,9,92.4118,2430445356442705539
btree16_bl_a64,524288,10,90.6525,2430445356442705539
btree16_bl_a64,524288,11,94.4824,2430445356442705539
btree16_bl_a64,524288,12,90.5533,2430445356442705539
btree16_bl_a64,524288,13,90.0696,2430445356442705539
btree16_bl_a64,524288,14,92.7658,2430445356442705539
fusion8,524288,0,169.4138,2430445356442705539
fusion8,524288,1,137.5809,2430445356442705539
fusion8,524288,2,129.1306,2430445356442705539
fusion8,524288,3,130.7327,2430445356442705539
fusion8,524288,4,128.6118,2430445356442705539
fusion8,524288,5,129.2297,2430445356442705539
fusion8,524288,6,130.2597,2430445356442705539
fusion8,524288,7,129.5853,2430445356442705539
fusion8,524288,8,130.9036,2430445356442705539
fusion8,524288,9,128.7125,2430445356442705539
fusion8,524288,10,128.7598,2430445356442705539
fusion8,524288,11,129.0009,2430445356442705539
fusion8,524288,12,131.1035,2430445356442705539
fusion8,524288,13,132.0923,2430445356442705539
fusion8,524288,14,131.8268,2430445356442705539
fusion8_bf,524288,0,181.5262,2430445356442705539
fusion8_bf,524288,1,142.5964,2430445356442705539
fusion8_bf,524288,2,142.1799,2430445356442705539
fusion8_bf,524288,3,142.7063,2430445356442705539
fusion8_bf,524288,4,138.6810,2430445356442705539
fusion8_bf,524288,5,141.2354,2430445356442705539
fusion8_bf,524288,6,138.2858,2430445356442705539
fusion8_bf,524288,7,139.2288,2430445356442705539
fusion8_bf,524288,8,141.7435,2430445356442705539
fusion8_bf,524288,9,141.9739,2430445356442705539
fusion8_bf,524288,10,138.0524,2430445356442705539
fusion8_bf,524288,11,141.5878,2430445356442705539
fusion8_bf,524288,12,139.8636,2430445356442705539
fusion8_bf,524288,13,139.1785,2430445356442705539
fusion8_bf,524288,14,141.0858,2430445356442705539
fusion8_c,524288,0,155.5511,2430445356442705539
fusion8_c,524288,1,127.1088,2430445356442705539
fusion8_c,524288,2,126.8494,2430445356442705539
fusion8_c,524288,3,126.7731,2430445356442705539
fusion8_c,524288,4,127.1317,2430445356442705539
fusion8_c,524288,5,125.3967,2430445356442705539
fusion8_c,524288,6,126.2177,2430445356442705539
fusion8_c,524288,7,125.5371,2430445356442705539
fusion8_c,524288,8,125.1312,2430445356442705539
fusion8_c,524288,9,125.2197,2430445356442705539
fusion8_c,524288,10,128.0228,2430445356442705539
fusion8_c,524288,11,131.4621,2430445356442705539
fusion8_c,524288,12,126.4526,2430445356442705539
fusion8_c,524288,13,124.9176,2430445356442705539
fusion8_c,524288,14,124.3271,2430445356442705539
fusion16_w,524288,0,219.5450,2430445356442705539
fusion16_w,524288,1,175.2426,2430445356442705539
fusion16_w,524288,2,171.4462,2430445356442705539
fusion16_w,524288,3,169.3176,2430445356442705539
fusion16_w,524288,4,173.8632,2430445356442705539
fusion16_w,524288,5,171.7651,2430445356442705539
fusion16_w,524288,6,168.4982,2430445356442705539
fusion16_w,524288,7,173.1750,2430445356442705539
fusion16_w,524288,8,182.4951,2430445356442705539
fusion16_w,524288,9,173.2559,2430445356442705539
fusion16_w,524288,10,169.6350,2430445356442705539
fusion16_w,524288,11,171.9101,2430445356442705539
fusion16_w,524288,12,174.5255,2430445356442705539
fusion16_w,524288,13,178.4607,2430445356442705539
fusion16_w,524288,14,188.2904,2430445356442705539
sorted_array,1048576,0,210.4996,9246909816537294732
sorted_array,1048576,1,174.3164,9246909816537294732
sorted_array,1048576,2,171.8765,9246909816537294732
sorted_array,1048576,3,172.8912,9246909816537294732
sorted_array,1048576,4,172.2672,9246909816537294732
sorted_array,1048576,5,173.0347,9246909816537294732
sorted_array,1048576,6,173.6359,9246909816537294732
sorted_array,1048576,7,173.8953,9246909816537294732
sorted_array,1048576,8,174.0234,9246909816537294732
sorted_array,1048576,9,172.9080,9246909816537294732
sorted_array,1048576,10,173.5107,9246909816537294732
sorted_array,1048576,11,172.4503,9246909816537294732
sorted_array,1048576,12,171.8307,9246909816537294732
sorted_array,1048576,13,171.4310,9246909816537294732
sorted_array,1048576,14,171.2479,9246909816537294732
btree8,1048576,0,248.3551,9246909816537294732
btree8,1048576,1,202.2308,9246909816537294732
btree8,1048576,2,203.6758,9246909816537294732
btree8,1048576,3,198.2178,9246909816537294732
btree8,1048576,4,198.6710,9246909816537294732
btree8,1048576,5,197.7432,9246909816537294732
btree8,1048576,6,202.8336,9246909816537294732
btree8,1048576,7,201.2497,9246909816537294732
btree8,1048576,8,201.5762,9246909816537294732
btree8,1048576,9,199.0891,9246909816537294732
btree8,1048576,10,204.2801,9246909816537294732
btree8,1048576,11,210.7346,9246909816537294732
btree8,1048576,12,208.1055,9246909816537294732
btree8,1048576,13,202.7878,9246909816537294732
btree8,1048576,14,206.3049,9246909816537294732
btree8_bl,1048576,0,239.0930,9246909816537294732
btree8_bl,1048576,1,177.9755,9246909816537294732
btree8_bl,1048576,2,254.0192,9246909816537294732
btree8_bl,1048576,3,261.0641,9246909816537294732
btree8_bl,1048576,4,175.8362,9246909816537294732
btree8_bl,1048576,5,177.7023,9246909816537294732
btree8_bl,1048576,6,177.9831,9246909816537294732
btree8_bl,1048576,7,176.3229,9246909816537294732
btree8_bl,1048576,8,182.9620,9246909816537294732
btree8_bl,1048576,9,196.2402,9246909816537294732
btree8_bl,1048576,10,185.6689,9246909816537294732
btree8_bl,1048576,11,182.7240,9246909816537294732
btree8_bl,1048576,12,179.7638,9246909816537294732
btree8_bl,1048576,13,179.2480,9246909816537294732
btree8_bl,1048576,14,182.1686,9246909816537294732
btree8_a64,1048576,0,255.9357,9246909816537294732
btree8_a64,1048576,1,200.0427,9246909816537294732
btree8_a64,1048576,2,214.5813,9246909816537294732
btree8_a64,1048576,3,212.7472,9246909816537294732
btree8_a64,1048576,4,206.7413,9246909816537294732
btree8_a64,1048576,5,204.2816,9246909816537294732
btree8_a64,1048576,6,201.9760,9246909816537294732
btree8_a64,1048576,7,215.1581,9246909816537294732
btree8_a64,1048576,8,216.3116,9246909816537294732
btree8_a64,1048576,9,215.0558,9246909816537294732
btree8_a64,1048576,10,204.0497,9246909816537294732
btree8_a64,1048576,11,198.4283,9246909816537294732
btree8_a64,1048576,12,211.8820,9246909816537294732
btree8_a64,1048576,13,203.7094,9246909816537294732
btree8_a64,1048576,14,202.5986,9246909816537294732
btree8_bl_a64,1048576,0,214.2776,9246909816537294732
btree8_bl_a64,1048576,1,174.2126,9246909816537294732
btree8_bl_a64,1048576,2,161.0001,9246909816537294732
btree8_bl_a64,1048576,3,147.8271,9246909816537294732
btree8_bl_a64,1048576,4,155.8624,9246909816537294732
btree8_bl_a64,1048576,5,156.6666,9246909816537294732
btree8_bl_a64,1048576,6,158.0536,9246909816537294732
btree8_bl_a64,1048576,7,156.2332,9246909816537294732
btree8_bl_a64,1048576,8,157.4539,9246909816537294732
btree8_bl_a64,1048576,9,153.5309,9246909816537294732
btree8_bl_a64,1048576,10,159.5703,9246909816537294732
btree8_bl_a64,1048576,11,161.4288,9246909816537294732
btree8_bl_a64,1048576,12,164.3509,9246909816537294732
btree8_bl_a64,1048576,13,170.3476,9246909816537294732
btree8_bl_a64,1048576,14,156.0120,9246909816537294732
btree16_bl_a64,1048576,0,163.4048,9246909816537294732
btree16_bl_a64,1048576,1,111.4700,9246909816537294732
btree16_bl_a64,1048576,2,99.3713,9246909816537294732
btree16_bl_a64,1048576,3,106.1203,9246909816537294732
btree16_bl_a64,1048576,4,96.8781,9246909816537294732
btree16_bl_a64,1048576,5,95.8923,9246909816537294732
btree16_bl_a64,1048576,6,92.6102,9246909816537294732
btree16_bl_a64,1048576,7,89.2868,9246909816537294732
btree16_bl_a64,1048576,8,96.0510,9246909816537294732
btree16_bl_a64,1048576,9,95.3400,9246909816537294732
btree16_bl_a64,1048576,10,97.5128,9246909816537294732
btree16_bl_a64,1048576,11,104.1260,9246909816537294732
btree16_bl_a64,1048576,12,95.6375,9246909816537294732
btree16_bl_a64,1048576,13,91.7694,9246909816537294732
btree16_bl_a64,1048576,14,89.3250,9246909816537294732
fusion8,1048576,0,336.0352,9246909816537294732
fusion8,1048576,1,310.9909,9246909816537294732
fusion8,1048576,2,303.6285,9246909816537294732
fusion8,1048576,3,305.3024,9246909816537294732
fusion8,1048576,4,315.2557,9246909816537294732
fusion8,1048576,5,303.9581,9246909816537294732
fusion8,1048576,6,303.7857,9246909816537294732
fusion8,1048576,7,298.1079,9246909816537294732
fusion8,1048576,8,300.3906,9246909816537294732
fusion8,1048576,9,300.7584,9246909816537294732
fusion8,1048576,10,297.6303,9246909816537294732
fusion8,1048576,11,303.1647,9246909816537294732
fusion8,1048576,12,308.9066,9246909816537294732
fusion8,1048576,13,309.6375,9246909816537294732
fusion8,1048576,14,305.2811,9246909816537294732
fusion8_bf,1048576,0,360.3165,9246909816537294732
fusion8_bf,1048576,1,320.1065,9246909816537294732
fusion8_bf,1048576,2,315.6387,9246909816537294732
fusion8_bf,1048576,3,325.2243,9246909816537294732
fusion8_bf,1048576,4,324.1394,9246909816537294732
fusion8_bf,1048576,5,311.9888,9246909816537294732
fusion8_bf,1048576,6,318.1610,9246909816537294732
fusion8_bf,1048576,7,327.2858,9246909816537294732
fusion8_bf,1048576,8,313.8306,9246909816537294732
fusion8_bf,1048576,9,311.5265,9246909816537294732
fusion8_bf,1048576,10,315.7120,9246909816537294732
fusion8_bf,1048576,11,312.1521,9246909816537294732
fusion8_bf,1048576,12,312.2070,9246909816537294732
fusion8_bf,1048576,13,319.1299,9246909816537294732
fusion8_bf,1048576,14,317.5858,9246909816537294732
fusion8_c,1048576,0,323.3673,9246909816537294732
fusion8_c,1048576,1,277.3087,9246909816537294732
fusion8_c,1048576,2,269.4855,9246909816537294732
fusion8_c,1048576,3,273.8419,9246909816537294732
fusion8_c,1048576,4,267.2485,9246909816537294732
fusion8_c,1048576,5,260.2798,9246909816537294732
fusion8_c,1048576,6,264.0701,9246909816537294732
fusion8_c,1048576,7,259.4391,9246909816537294732
fusion8_c,1048576,8,269.9631,9246909816537294732
fusion8_c,1048576,9,263.7405,9246909816537294732
fusion8_c,1048576,10,271.9055,9246909816537294732
fusion8_c,1048576,11,280.0293,9246909816537294732
fusion8_c,1048576,12,276.2115,9246909816537294732
fusion8_c,1048576,13,269.8135,9246909816537294732
fusion8_c,1048576,14,264.1663,9246909816537294732
fusion16_w,1048576,0,229.6432,9246909816537294732
fusion16_w,1048576,1,182.2495,9246909816537294732
fusion16_w,1048576,2,185.8780,9246909816537294732
fusion16_w,1048576,3,189.6896,9246909816537294732
fusion16_w,1048576,4,185.5759,9246909816537294732
fusion16_w,1048576,5,181.3309,9246909816537294732
fusion16_w,1048576,6,183.3755,9246909816537294732
fusion16_w,1048576,7,191.9678,9246909816537294732
fusion16_w,1048576,8,180.1773,9246909816537294732
fusion16_w,1048576,9,179.1275,9246909816537294732
fusion16_w,1048576,10,178.5049,9246909816537294732
fusion16_w,1048576,11,187.1368,9246909816537294732
fusion16_w,1048576,12,183.5175,9246909816537294732
fusion16_w,1048576,13,179.7180,9246909816537294732
fusion16_w,1048576,14,185.7269,9246909816537294732
sorted_array,2097152,0,312.8311,14519592687764155675
sorted_array,2097152,1,262.2131,14519592687764155675
sorted_array,2097152,2,248.7747,14519592687764155675
sorted_array,2097152,3,252.9282,14519592687764155675
sorted_array,2097152,4,250.4318,14519592687764155675
sorted_array,2097152,5,249.0219,14519592687764155675
sorted_array,2097152,6,250.2533,14519592687764155675
sorted_array,2097152,7,252.6245,14519592687764155675
sorted_array,2097152,8,251.5732,14519592687764155675
sorted_array,2097152,9,256.7093,14519592687764155675
sorted_array,2097152,10,249.7528,14519592687764155675
sorted_array,2097152,11,251.1810,14519592687764155675
sorted_array,2097152,12,255.7007,14519592687764155675
sorted_array,2097152,13,248.9487,14519592687764155675
sorted_array,2097152,14,265.8325,14519592687764155675
btree8,2097152,0,271.1212,14519592687764155675
btree8,2097152,1,226.9302,14519592687764155675
btree8,2097152,2,235.1349,14519592687764155675
btree8,2097152,3,372.7051,14519592687764155675
btree8,2097152,4,263.5788,14519592687764155675
btree8,2097152,5,222.9126,14519592687764155675
btree8,2097152,6,228.1570,14519592687764155675
btree8,2097152,7,224.5941,14519592687764155675
btree8,2097152,8,227.6215,14519592687764155675
btree8,2097152,9,229.7256,14519592687764155675
btree8,2097152,10,226.6663,14519592687764155675
btree8,2097152,11,226.7761,14519592687764155675
btree8,2097152,12,233.1909,14519592687764155675
btree8,2097152,13,232.1671,14519592687764155675
btree8,2097152,14,228.6102,14519592687764155675
btree8_bl,2097152,0,282.8629,14519592687764155675
btree8_bl,2097152,1,234.0332,14519592687764155675
btree8_bl,2097152,2,241.7908,14519592687764155675
btree8_bl,2097152,3,252.7267,14519592687764155675
btree8_bl,2097152,4,245.5612,14519592687764155675
btree8_bl,2097152,5,255.3452,14519592687764155675
btree8_bl,2097152,6,250.0336,14519592687764155675
btree8_bl,2097152,7,236.1145,14519592687764155675
btree8_bl,2097152,8,237.6114,14519592687764155675
btree8_bl,2097152,9,241.0736,14519592687764155675
btree8_bl,2097152,10,240.3778,14519592687764155675
btree8_bl,2097152,11,235.0708,14519592687764155675
btree8_bl,2097152,12,235.5240,14519592687764155675
btree8_bl,2097152,13,238.3499,14519592687764155675
btree8_bl,2097152,14,243.9804,14519592687764155675
btree8_a64,2097152,0,264.6225,14519592687764155675
btree8_a64,2097152,1,233.8470,14519592687764155675
btree8_a64,2097152,2,224.7314,14519592687764155675
btree8_a64,2097152,3,235.9192,14519592687764155675
btree8_a64,2097152,4,220.0043,14519592687764155675
btree8_a64,2097152,5,226.1673,14519592687764155675
btree8_a64,2097152,6,228.7491,14519592687764155675
btree8_a64,2097152,7,227.3209,14519592687764155675
btree8_a64,2097152,8,228.7079,14519592687764155675
btree8_a64,2097152,9,227.7878,14519592687764155675
btree8_a64,2097152,10,229.5975,14519592687764155675
btree8_a64,2097152,11,227.5177,14519592687764155675
btree8_a64,2097152,12,227.7252,14519592687764155675
btree8_a64,2097152,13,224.9435,14519592687764155675
btree8_a64,2097152,14,227.2980,14519592687764155675
btree8_bl_a64,2097152,0,271.7270,14519592687764155675
btree8_bl_a64,2097152,1,223.6954,14519592687764155675
btree8_bl_a64,2097152,2,218.8782,14519592687764155675
btree8_bl_a64,2097152,3,221.8246,14519592687764155675
btree8_bl_a64,2097152,4,228.9459,14519592687764155675
btree8_bl_a64,2097152,5,227.2522,14519592687764155675
btree8_bl_a64,2097152,6,212.2452,14519592687764155675
btree8_bl_a64,2097152,7,218.2037,14519592687764155675
btree8_bl_a64,2097152,8,223.1079,14519592687764155675
btree8_bl_a64,2097152,9,217.2836,14519592687764155675
btree8_bl_a64,2097152,10,216.9952,14519592687764155675
btree8_bl_a64,2097152,11,220.4758,14519592687764155675
btree8_bl_a64,2097152,12,219.6793,14519592687764155675
btree8_bl_a64,2097152,13,213.9099,14519592687764155675
btree8_bl_a64,2097152,14,212.5381,14519592687764155675
btree16_bl_a64,2097152,0,247.1252,14519592687764155675
btree16_bl_a64,2097152,1,224.4705,14519592687764155675
btree16_bl_a64,2097152,2,224.3958,14519592687764155675
btree16_bl_a64,2097152,3,226.2817,14519592687764155675
btree16_bl_a64,2097152,4,222.8333,14519592687764155675
btree16_bl_a64,2097152,5,226.8341,14519592687764155675
btree16_bl_a64,2097152,6,224.1013,14519592687764155675
btree16_bl_a64,2097152,7,229.5670,14519592687764155675
btree16_bl_a64,2097152,8,229.7806,14519592687764155675
btree16_bl_a64,2097152,9,225.1266,14519592687764155675
btree16_bl_a64,2097152,10,230.1620,14519592687764155675
btree16_bl_a64,2097152,11,224.2157,14519592687764155675
btree16_bl_a64,2097152,12,227.9007,14519592687764155675
btree16_bl_a64,2097152,13,226.8311,14519592687764155675
btree16_bl_a64,2097152,14,235.9512,14519592687764155675
fusion8,2097152,0,365.3076,14519592687764155675
fusion8,2097152,1,336.0809,14519592687764155675
fusion8,2097152,2,341.7709,14519592687764155675
fusion8,2097152,3,339.0671,14519592687764155675
fusion8,2097152,4,343.2114,14519592687764155675
fusion8,2097152,5,340.6967,14519592687764155675
fusion8,2097152,6,354.8523,14519592687764155675
fusion8,2097152,7,339.2075,14519592687764155675
fusion8,2097152,8,374.5544,14519592687764155675
fusion8,2097152,9,351.7960,14519592687764155675
fusion8,2097152,10,347.9721,14519592687764155675
fusion8,2097152,11,351.6464,14519592687764155675
fusion8,2097152,12,362.1582,14519592687764155675
fusion8,2097152,13,388.7573,14519592687764155675
fusion8,2097152,14,364.3890,14519592687764155675
fusion8_bf,2097152,0,380.8746,14519592687764155675
fusion8_bf,2097152,1,364.4547,14519592687764155675
fusion8_bf,2097152,2,340.3320,14519592687764155675
fusion8_bf,2097152,3,330.1971,14519592687764155675
fusion8_bf,2097152,4,342.0822,14519592687764155675
fusion8_bf,2097152,5,341.1621,14519592687764155675
fusion8_bf,2097152,6,335.9726,14519592687764155675
fusion8_bf,2097152,7,340.8478,14519592687764155675
fusion8_bf,2097152,8,334.6725,14519592687764155675
fusion8_bf,2097152,9,341.5329,14519592687764155675
fusion8_bf,2097152,10,338.0920,14519592687764155675
fusion8_bf,2097152,11,335.5759,14519592687764155675
fusion8_bf,2097152,12,341.0858,14519592687764155675
fusion8_bf,2097152,13,336.0840,14519592687764155675
fusion8_bf,2097152,14,335.0159,14519592687764155675
fusion8_c,2097152,0,325.7202,14519592687764155675
fusion8_c,2097152,1,277.1423,14519592687764155675
fusion8_c,2097152,2,285.2066,14519592687764155675
fusion8_c,2097152,3,297.3450,14519592687764155675
fusion8_c,2097152,4,283.5831,14519592687764155675
fusion8_c,2097152,5,279.0878,14519592687764155675
fusion8_c,2097152,6,283.2611,14519592687764155675
fusion8_c,2097152,7,281.1737,14519592687764155675
fusion8_c,2097152,8,279.5700,14519592687764155675
fusion8_c,2097152,9,310.6979,14519592687764155675
fusion8_c,2097152,10,297.1085,14519592687764155675
fusion8_c,2097152,11,295.7245,14519592687764155675
fusion8_c,2097152,12,286.0474,14519592687764155675
fusion8_c,2097152,13,289.2929,14519592687764155675
fusion8_c,2097152,14,285.3592,14519592687764155675
fusion16_w,2097152,0,333.2428,14519592687764155675
fusion16_w,2097152,1,301.0590,14519592687764155675
fusion16_w,2097152,2,299.7055,14519592687764155675
fusion16_w,2097152,3,307.0007,14519592687764155675
fusion16_w,2097152,4,314.8621,14519592687764155675
fusion16_w,2097152,5,305.9296,14519592687764155675
fusion16_w,2097152,6,298.2483,14519592687764155675
fusion16_w,2097152,7,305.9250,14519592687764155675
fusion16_w,2097152,8,309.5322,14519592687764155675
fusion16_w,2097152,9,310.4568,14519592687764155675
fusion16_w,2097152,10,310.3989,14519592687764155675
fusion16_w,2097152,11,305.4352,14519592687764155675
fusion16_w,2097152,12,302.7695,14519592687764155675
fusion16_w,2097152,13,303.0991,14519592687764155675
fusion16_w,2097152,14,299.6735,14519592687764155675
sorted_array,4194304,0,541.7923,15606720263345192253
sorted_array,4194304,1,495.4391,15606720263345192253
sorted_array,4194304,2,479.1931,15606720263345192253
sorted_array,4194304,3,472.5174,15606720263345192253
sorted_array,4194304,4,489.2471,15606720263345192253
sorted_array,4194304,5,597.4060,15606720263345192253
sorted_array,4194304,6,679.3777,15606720263345192253
sorted_array,4194304,7,477.0447,15606720263345192253
sorted_array,4194304,8,474.3790,15606720263345192253
sorted_array,4194304,9,515.3214,15606720263345192253
sorted_array,4194304,10,485.1547,15606720263345192253
sorted_array,4194304,11,476.1780,15606720263345192253
sorted_array,4194304,12,495.0470,15606720263345192253
sorted_array,4194304,13,483.8394,15606720263345192253
sorted_array,4194304,14,480.2811,15606720263345192253
btree8,4194304,0,267.8070,15606720263345192253
btree8,4194304,1,220.0348,15606720263345192253
btree8,4194304,2,221.6568,15606720263345192253
btree8,4194304,3,223.9853,15606720263345192253
btree8,4194304,4,224.2157,15606720263345192253
btree8,4194304,5,237.2375,15606720263345192253
btree8,4194304,6,232.1396,15606720263345192253
btree8,4194304,7,231.5369,15606720263345192253
btree8,4194304,8,222.7753,15606720263345192253
btree8,4194304,9,224.3042,15606720263345192253
btree8,4194304,10,219.8959,15606720263345192253
btree8,4194304,11,230.7693,15606720263345192253
btree8,4194304,12,223.7671,15606720263345192253
btree8,4194304,13,218.6615,15606720263345192253
btree8,4194304,14,226.6006,15606720263345192253
btree8_bl,4194304,0,284.8282,15606720263345192253
btree8_bl,4194304,1,231.4682,15606720263345192253
btree8_bl,4194304,2,241.3696,15606720263345192253
btree8_bl,4194304,3,229.7394,15606720263345192253
btree8_bl,4194304,4,227.2873,15606720263345192253
btree8_bl,4194304,5,222.5021,15606720263345192253
btree8_bl,4194304,6,221.6965,15606720263345192253
btree8_bl,4194304,7,226.8936,15606720263345192253
btree8_bl,4194304,8,233.9310,15606720263345192253
btree8_bl,4194304,9,222.8897,15606720263345192253
btree8_bl,4194304,10,223.5947,15606720263345192253
btree8_bl,4194304,11,215.9943,15606720263345192253
btree8_bl,4194304,12,226.8723,15606720263345192253
btree8_bl,4194304,13,264.6255,15606720263345192253
btree8_bl,4194304,14,227.4994,15606720263345192253
btree8_a64,4194304,0,268.1198,15606720263345192253
btree8_a64,4194304,1,218.1305,15606720263345192253
btree8_a64,4194304,2,216.8808,15606720263345192253
btree8_a64,4194304,3,230.1941,15606720263345192253
btree8_a64,4194304,4,223.0896,15606720263345192253
btree8_a64,4194304,5,220.2927,15606720263345192253
btree8_a64,4194304,6,220.2591,15606720263345192253
btree8_a64,4194304,7,215.5579,15606720263345192253
btree8_a64,4194304,8,226.6388,15606720263345192253
btree8_a64,4194304,9,216.5649,15606720263345192253
btree8_a64,4194304,10,218.8263,15606720263345192253
btree8_a64,4194304,11,220.5750,15606720263345192253
btree8_a64,4194304,12,224.7482,15606720263345192253
btree8_a64,4194304,13,215.2161,15606720263345192253
btree8_a64,4194304,14,230.2811,15606720263345192253
btree8_bl_a64,4194304,0,270.6818,15606720263345192253
btree8_bl_a64,4194304,1,208.0963,15606720263345192253
btree8_bl_a64,4194304,2,207.6126,15606720263345192253
btree8_bl_a64,4194304,3,219.9356,15606720263345192253
btree8_bl_a64,4194304,4,219.8059,15606720263345192253
btree8_bl_a64,4194304,5,236.4029,15606720263345192253
btree8_bl_a64,4194304,6,213.0905,15606720263345192253
btree8_bl_a64,4194304,7,210.5682,15606720263345192253
btree8_bl_a64,4194304,8,202.1606,15606720263345192253
btree8_bl_a64,4194304,9,203.9108,15606720263345192253
btree8_bl_a64,4194304,10,204.5792,15606720263345192253
btree8_bl_a64,4194304,11,205.9479,15606720263345192253
btree8_bl_a64,4194304,12,212.2650,15606720263345192253
btree8_bl_a64,4194304,13,189.0305,15606720263345192253
btree8_bl_a64,4194304,14,192.1692,15606720263345192253
btree16_bl_a64,4194304,0,337.5839,15606720263345192253
btree16_bl_a64,4194304,1,323.1979,15606720263345192253
btree16_bl_a64,4194304,2,310.2844,15606720263345192253
btree16_bl_a64,4194304,3,313.3972,15606720263345192253
btree16_bl_a64,4194304,4,308.7830,15606720263345192253
btree16_bl_a64,4194304,5,313.0615,15606720263345192253
btree16_bl_a64,4194304,6,308.1879,15606720263345192253
btree16_bl_a64,4194304,7,308.9279,15606720263345192253
btree16_bl_a64,4194304,8,306.4209,15606720263345192253
btree16_bl_a64,4194304,9,307.1320,15606720263345192253
btree16_bl_a64,4194304,10,303.7979,15606720263345192253
btree16_bl_a64,4194304,11,303.9658,15606720263345192253
btree16_bl_a64,4194304,12,305.3009,15606720263345192253
btree16_bl_a64,4194304,13,307.4677,15606720263345192253
btree16_bl_a64,4194304,14,308.2275,15606720263345192253
fusion8,4194304,0,362.5961,15606720263345192253
fusion8,4194304,1,337.1613,15606720263345192253
fusion8,4194304,2,328.9963,15606720263345192253
fusion8,4194304,3,332.7377,15606720263345192253
fusion8,4194304,4,334.7488,15606720263345192253
fusion8,4194304,5,330.4382,15606720263345192253
fusion8,4194304,6,331.0776,15606720263345192253
fusion8,4194304,7,331.4362,15606720263345192253
fusion8,4194304,8,334.2087,15606720263345192253
fusion8,4194304,9,330.1727,15606720263345192253
fusion8,4194304,10,344.3954,15606720263345192253
fusion8,4194304,11,345.6024,15606720263345192253
fusion8,4194304,12,328.9276,15606720263345192253
fusion8,4194304,13,328.4760,15606720263345192253
fusion8,4194304,14,335.2432,15606720263345192253
fusion8_bf,4194304,0,376.8814,15606720263345192253
fusion8_bf,4194304,1,345.5032,15606720263345192253
fusion8_bf,4194304,2,346.4539,15606720263345192253
fusion8_bf,4194304,3,345.3125,15606720263345192253
fusion8_bf,4194304,4,349.5010,15606720263345192253
fusion8_bf,4194304,5,339.0533,15606720263345192253
fusion8_bf,4194304,6,361.1298,15606720263345192253
fusion8_bf,4194304,7,368.8171,15606720263345192253
fusion8_bf,4194304,8,354.3198,15606720263345192253
fusion8_bf,4194304,9,345.0012,15606720263345192253
fusion8_bf,4194304,10,346.2997,15606720263345192253
fusion8_bf,4194304,11,343.9819,15606720263345192253
fusion8_bf,4194304,12,354.0710,15606720263345192253
fusion8_bf,4194304,13,352.5696,15606720263345192253
fusion8_bf,4194304,14,347.5388,15606720263345192253
fusion8_c,4194304,0,334.1904,15606720263345192253
fusion8_c,4194304,1,297.7463,15606720263345192253
fusion8_c,4194304,2,309.7824,15606720263345192253
fusion8_c,4194304,3,305.1254,15606720263345192253
fusion8_c,4194304,4,301.4130,15606720263345192253
fusion8_c,4194304,5,290.8066,15606720263345192253
fusion8_c,4194304,6,288.0325,15606720263345192253
fusion8_c,4194304,7,295.4498,15606720263345192253
fusion8_c,4194304,8,288.5437,15606720263345192253
fusion8_c,4194304,9,294.8685,15606720263345192253
fusion8_c,4194304,10,307.1930,15606720263345192253
fusion8_c,4194304,11,301.9501,15606720263345192253
fusion8_c,4194304,12,298.0377,15606720263345192253
fusion8_c,4194304,13,292.1097,15606720263345192253
fusion8_c,4194304,14,288.1104,15606720263345192253
fusion16_w,4194304,0,395.9534,15606720263345192253
fusion16_w,4194304,1,375.0992,15606720263345192253
fusion16_w,4194304,2,366.2872,15606720263345192253
fusion16_w,4194304,3,364.4379,15606720263345192253
fusion16_w,4194304,4,361.0321,15606720263345192253
fusion16_w,4194304,5,365.9622,15606720263345192253
fusion16_w,4194304,6,362.1094,15606720263345192253
fusion16_w,4194304,7,362.5732,15606720263345192253
fusion16_w,4194304,8,361.6455,15606720263345192253
fusion16_w,4194304,9,362.2055,15606720263345192253
fusion16_w,4194304,10,361.5112,15606720263345192253
fusion16_w,4194304,11,368.8705,15606720263345192253
fusion16_w,4194304,12,365.4648,15606720263345192253
fusion16_w,4194304,13,364.9994,15606720263345192253
fusion16_w,4194304,14,363.3682,15606720263345192253
sorted_array,8388608,0,902.9282,10131753818064663245
sorted_array,8388608,1,887.3260,10131753818064663245
sorted_array,8388608,2,885.0311,10131753818064663245
sorted_array,8388608,3,876.3962,10131753818064663245
sorted_array,8388608,4,874.7696,10131753818064663245
sorted_array,8388608,5,881.1096,10131753818064663245
sorted_array,8388608,6,897.4609,10131753818064663245
sorted_array,8388608,7,1008.7357,10131753818064663245
sorted_array,8388608,8,888.9374,10131753818064663245
sorted_array,8388608,9,896.9528,10131753818064663245
sorted_array,8388608,10,882.2556,10131753818064663245
sorted_array,8388608,11,878.9001,10131753818064663245
sorted_array,8388608,12,882.1381,10131753818064663245
sorted_array,8388608,13,878.8559,10131753818064663245
sorted_array,8388608,14,887.3077,10131753818064663245
btree8,8388608,0,417.0959,10131753818064663245
btree8,8388608,1,392.6910,10131753818064663245
btree8,8388608,2,381.7886,10131753818064663245
btree8,8388608,3,376.1581,10131753818064663245
btree8,8388608,4,371.0281,10131753818064663245
btree8,8388608,5,368.3319,10131753818064663245
btree8,8388608,6,370.8374,10131753818064663245
btree8,8388608,7,368.9789,10131753818064663245
btree8,8388608,8,372.7478,10131753818064663245
btree8,8388608,9,393.5562,10131753818064663245
btree8,8388608,10,371.0663,10131753818064663245
btree8,8388608,11,366.6412,10131753818064663245
btree8,8388608,12,368.6249,10131753818064663245
btree8,8388608,13,369.5160,10131753818064663245
btree8,8388608,14,372.8485,10131753818064663245
btree8_bl,8388608,0,398.0301,10131753818064663245
btree8_bl,8388608,1,373.9487,10131753818064663245
btree8_bl,8388608,2,355.4688,10131753818064663245
btree8_bl,8388608,3,361.3220,10131753818064663245
btree8_bl,8388608,4,371.1166,10131753818064663245
btree8_bl,8388608,5,366.4185,10131753818064663245
btree8_bl,8388608,6,355.8960,10131753818064663245
btree8_bl,8388608,7,367.1326,10131753818064663245
btree8_bl,8388608,8,358.9584,10131753818064663245
btree8_bl,8388608,9,356.4850,10131753818064663245
btree8_bl,8388608,10,356.8985,10131753818064663245
btree8_bl,8388608,11,374.9695,10131753818064663245
btree8_bl,8388608,12,366.6870,10131753818064663245
btree8_bl,8388608,13,367.2913,10131753818064663245
btree8_bl,8388608,14,384.9976,10131753818064663245
btree8_a64,8388608,0,435.6720,10131753818064663245
btree8_a64,8388608,1,372.0718,10131753818064663245
btree8_a64,8388608,2,377.1103,10131753818064663245
btree8_a64,8388608,3,369.3802,10131753818064663245
btree8_a64,8388608,4,375.7172,10131753818064663245
btree8_a64,8388608,5,378.9322,10131753818064663245
btree8_a64,8388608,6,373.1171,10131753818064663245
btree8_a64,8388608,7,364.4562,10131753818064663245
btree8_a64,8388608,8,367.4698,10131753818064663245
btree8_a64,8388608,9,365.3870,10131753818064663245
btree8_a64,8388608,10,362.0407,10131753818064663245
btree8_a64,8388608,11,371.9254,10131753818064663245
btree8_a64,8388608,12,372.4075,10131753818064663245
btree8_a64,8388608,13,364.6133,10131753818064663245
btree8_a64,8388608,14,359.0698,10131753818064663245
btree8_bl_a64,8388608,0,374.8825,10131753818064663245
btree8_bl_a64,8388608,1,324.5255,10131753818064663245
btree8_bl_a64,8388608,2,325.9613,10131753818064663245
btree8_bl_a64,8388608,3,318.4021,10131753818064663245
btree8_bl_a64,8388608,4,316.3315,10131753818064663245
btree8_bl_a64,8388608,5,313.1271,10131753818064663245
btree8_bl_a64,8388608,6,328.8071,10131753818064663245
btree8_bl_a64,8388608,7,326.0925,10131753818064663245
btree8_bl_a64,8388608,8,328.6346,10131753818064663245
btree8_bl_a64,8388608,9,328.7918,10131753818064663245
btree8_bl_a64,8388608,10,325.1556,10131753818064663245
btree8_bl_a64,8388608,11,332.6431,10131753818064663245
btree8_bl_a64,8388608,12,329.9576,10131753818064663245
btree8_bl_a64,8388608,13,320.6512,10131753818064663245
btree8_bl_a64,8388608,14,343.7912,10131753818064663245
btree16_bl_a64,8388608,0,362.8815,10131753818064663245
btree16_bl_a64,8388608,1,325.2136,10131753818064663245
btree16_bl_a64,8388608,2,326.1276,10131753818064663245
btree16_bl_a64,8388608,3,323.8586,10131753818064663245
btree16_bl_a64,8388608,4,335.5942,10131753818064663245
btree16_bl_a64,8388608,5,334.1751,10131753818064663245
btree16_bl_a64,8388608,6,330.9372,10131753818064663245
btree16_bl_a64,8388608,7,329.9377,10131753818064663245
btree16_bl_a64,8388608,8,329.4449,10131753818064663245
btree16_bl_a64,8388608,9,332.6279,10131753818064663245
btree16_bl_a64,8388608,10,346.2723,10131753818064663245
btree16_bl_a64,8388608,11,365.3641,10131753818064663245
btree16_bl_a64,8388608,12,352.8107,10131753818064663245
btree16_bl_a64,8388608,13,327.5925,10131753818064663245
btree16_bl_a64,8388608,14,339.5721,10131753818064663245
fusion8,8388608,0,524.7849,10131753818064663245
fusion8,8388608,1,500.0412,10131753818064663245
fusion8,8388608,2,517.5705,10131753818064663245
fusion8,8388608,3,496.6873,10131753818064663245
fusion8,8388608,4,495.2896,10131753818064663245
fusion8,8388608,5,502.2888,10131753818064663245
fusion8,8388608,6,490.8783,10131753818064663245
fusion8,8388608,7,487.1155,10131753818064663245
fusion8,8388608,8,492.0212,10131753818064663245
fusion8,8388608,9,500.2716,10131753818064663245
fusion8,8388608,10,495.7962,10131753818064663245
fusion8,8388608,11,488.9709,10131753818064663245
fusion8,8388608,12,484.5749,10131753818064663245
fusion8,8388608,13,491.2949,10131753818064663245
fusion8,8388608,14,488.1836,10131753818064663245
fusion8_bf,8388608,0,578.7079,10131753818064663245
fusion8_bf,8388608,1,514.9994,10131753818064663245
fusion8_bf,8388608,2,510.5499,10131753818064663245
fusion8_bf,8388608,3,506.8573,10131753818064663245
fusion8_bf,8388608,4,517.8543,10131753818064663245
fusion8_bf,8388608,5,513.2141,10131753818064663245
fusion8_bf,8388608,6,515.7715,10131753818064663245
fusion8_bf,8388608,7,515.9378,10131753818064663245
fusion8_bf,8388608,8,514.4455,10131753818064663245
fusion8_bf,8388608,9,512.5748,10131753818064663245
fusion8_bf,8388608,10,518.4479,10131753818064663245
fusion8_bf,8388608,11,523.6649,10131753818064663245
fusion8_bf,8388608,12,511.4365,10131753818064663245
fusion8_bf,8388608,13,515.3687,10131753818064663245
fusion8_bf,8388608,14,507.4142,10131753818064663245
fusion8_c,8388608,0,505.8929,10131753818064663245
fusion8_c,8388608,1,462.0178,10131753818064663245
fusion8_c,8388608,2,455.1926,10131753818064663245
fusion8_c,8388608,3,448.8235,10131753818064663245
fusion8_c,8388608,4,459.4910,10131753818064663245
fusion8_c,8388608,5,464.6149,10131753818064663245
fusion8_c,8388608,6,456.5842,10131753818064663245
fusion8_c,8388608,7,459.0927,10131753818064663245
fusion8_c,8388608,8,462.1811,10131753818064663245
fusion8_c,8388608,9,470.6284,10131753818064663245
fusion8_c,8388608,10,455.0568,10131753818064663245
fusion8_c,8388608,11,465.0513,10131753818064663245
fusion8_c,8388608,12,472.9797,10131753818064663245
fusion8_c,8388608,13,460.5576,10131753818064663245
fusion8_c,8388608,14,460.6537,10131753818064663245
fusion16_w,8388608,0,421.0403,10131753818064663245
fusion16_w,8388608,1,405.8182,10131753818064663245
fusion16_w,8388608,2,401.3260,10131753818064663245
fusion16_w,8388608,3,393.5791,10131753818064663245
fusion16_w,8388608,4,390.3549,10131753818064663245
fusion16_w,8388608,5,391.9067,10131753818064663245
fusion16_w,8388608,6,393.9728,10131753818064663245
fusion16_w,8388608,7,396.6003,10131753818064663245
fusion16_w,8388608,8,393.1686,10131753818064663245
fusion16_w,8388608,9,390.5609,10131753818064663245
fusion16_w,8388608,10,393.7027,10131753818064663245
fusion16_w,8388608,11,389.6591,10131753818064663245
fusion16_w,8388608,12,391.9464,10131753818064663245
fusion16_w,8388608,13,395.4742,10131753818064663245
fusion16_w,8388608,14,397.0428,10131753818064663245
sorted_array,16777216,0,1210.9299,3590053196634910135
sorted_array,16777216,1,1222.1054,3590053196634910135
sorted_array,16777216,2,1385.6583,3590053196634910135
sorted_array,16777216,3,1187.7365,3590053196634910135
sorted_array,16777216,4,1194.7845,3590053196634910135
sorted_array,16777216,5,1189.0823,3590053196634910135
sorted_array,16777216,6,1187.0667,3590053196634910135
sorted_array,16777216,7,1199.2050,3590053196634910135
sorted_array,16777216,8,1186.1710,3590053196634910135
sorted_array,16777216,9,1187.8967,3590053196634910135
sorted_array,16777216,10,1191.5817,3590053196634910135
sorted_array,16777216,11,1195.8740,3590053196634910135
sorted_array,16777216,12,1225.5005,3590053196634910135
sorted_array,16777216,13,1195.5734,3590053196634910135
sorted_array,16777216,14,1208.7341,3590053196634910135
btree8,16777216,0,480.2322,3590053196634910135
btree8,16777216,1,425.6073,3590053196634910135
btree8,16777216,2,431.7719,3590053196634910135
btree8,16777216,3,414.1739,3590053196634910135
btree8,16777216,4,410.3271,3590053196634910135
btree8,16777216,5,408.4717,3590053196634910135
btree8,16777216,6,407.0633,3590053196634910135
btree8,16777216,7,412.9669,3590053196634910135
btree8,16777216,8,408.5144,3590053196634910135
btree8,16777216,9,411.7264,3590053196634910135
btree8,16777216,10,412.1277,3590053196634910135
btree8,16777216,11,412.5229,3590053196634910135
btree8,16777216,12,413.5849,3590053196634910135
btree8,16777216,13,411.3556,3590053196634910135
btree8,16777216,14,414.4882,3590053196634910135
btree8_bl,16777216,0,473.5703,3590053196634910135
btree8_bl,16777216,1,433.1604,3590053196634910135
btree8_bl,16777216,2,434.4666,3590053196634910135
btree8_bl,16777216,3,426.7380,3590053196634910135
btree8_bl,16777216,4,425.0504,3590053196634910135
btree8_bl,16777216,5,424.7864,3590053196634910135
btree8_bl,16777216,6,450.9979,3590053196634910135
btree8_bl,16777216,7,436.6425,3590053196634910135
btree8_bl,16777216,8,437.8113,3590053196634910135
btree8_bl,16777216,9,460.8521,3590053196634910135
btree8_bl,16777216,10,437.3779,3590053196634910135
btree8_bl,16777216,11,434.6191,3590053196634910135
btree8_bl,16777216,12,423.2315,3590053196634910135
btree8_bl,16777216,13,421.3211,3590053196634910135
btree8_bl,16777216,14,422.8973,3590053196634910135
btree8_a64,16777216,0,455.2475,3590053196634910135
btree8_a64,16777216,1,410.5667,3590053196634910135
btree8_a64,16777216,2,407.0480,3590053196634910135
btree8_a64,16777216,3,407.9697,3590053196634910135
btree8_a64,16777216,4,444.6198,3590053196634910135
btree8_a64,16777216,5,424.6277,3590053196634910135
btree8_a64,16777216,6,415.0436,3590053196634910135
btree8_a64,16777216,7,403.9017,3590053196634910135
btree8_a64,16777216,8,408.3130,3590053196634910135
btree8_a64,16777216,9,404.5761,3590053196634910135
btree8_a64,16777216,10,417.0029,3590053196634910135
btree8_a64,16777216,11,417.0059,3590053196634910135
btree8_a64,16777216,12,404.6722,3590053196634910135
btree8_a64,16777216,13,403.1723,3590053196634910135
btree8_a64,16777216,14,401.1108,3590053196634910135
btree8_bl_a64,16777216,0,447.7524,3590053196634910135
btree8_bl_a64,16777216,1,390.5228,3590053196634910135
btree8_bl_a64,16777216,2,395.4468,3590053196634910135
btree8_bl_a64,16777216,3,388.2812,3590053196634910135
btree8_bl_a64,16777216,4,391.1423,3590053196634910135
btree8_bl_a64,16777216,5,399.0402,3590053196634910135
btree8_bl_a64,16777216,6,394.6274,3590053196634910135
btree8_bl_a64,16777216,7,391.8167,3590053196634910135
btree8_bl_a64,16777216,8,387.5778,3590053196634910135
btree8_bl_a64,16777216,9,389.8804,3590053196634910135
btree8_bl_a64,16777216,10,389.7507,3590053196634910135
btree8_bl_a64,16777216,11,393.5959,3590053196634910135
btree8_bl_a64,16777216,12,400.9476,3590053196634910135
btree8_bl_a64,16777216,13,393.7653,3590053196634910135
btree8_bl_a64,16777216,14,414.3143,3590053196634910135
btree16_bl_a64,16777216,0,358.9218,3590053196634910135
btree16_bl_a64,16777216,1,328.9261,3590053196634910135
btree16_bl_a64,16777216,2,332.1350,3590053196634910135
btree16_bl_a64,16777216,3,329.8660,3590053196634910135
btree16_bl_a64,16777216,4,335.1639,3590053196634910135
btree16_bl_a64,16777216,5,323.8953,3590053196634910135
btree16_bl_a64,16777216,6,321.6553,3590053196634910135
btree16_bl_a64,16777216,7,322.3358,3590053196634910135
btree16_bl_a64,16777216,8,326.5198,3590053196634910135
btree16_bl_a64,16777216,9,323.9227,3590053196634910135
btree16_bl_a64,16777216,10,325.6927,3590053196634910135
btree16_bl_a64,16777216,11,327.5421,3590053196634910135
btree16_bl_a64,16777216,12,333.9951,3590053196634910135
btree16_bl_a64,16777216,13,331.1844,3590053196634910135
btree16_bl_a64,16777216,14,341.0248,3590053196634910135
fusion8,16777216,0,580.3574,3590053196634910135
fusion8,16777216,1,542.9077,3590053196634910135
fusion8,16777216,2,536.3083,3590053196634910135
fusion8,16777216,3,535.5911,3590053196634910135
fusion8,16777216,4,531.8878,3590053196634910135
fusion8,16777216,5,542.4164,3590053196634910135
fusion8,16777216,6,559.3582,3590053196634910135
fusion8,16777216,7,545.7870,3590053196634910135
fusion8,16777216,8,534.0393,3590053196634910135
fusion8,16777216,9,531.1386,3590053196634910135
fusion8,16777216,10,534.1446,3590053196634910135
fusion8,16777216,11,530.9540,3590053196634910135
fusion8,16777216,12,530.2994,3590053196634910135
fusion8,16777216,13,535.2661,3590053196634910135
fusion8,16777216,14,532.7652,3590053196634910135
fusion8_bf,16777216,0,593.5577,3590053196634910135
fusion8_bf,16777216,1,559.7214,3590053196634910135
fusion8_bf,16777216,2,554.6860,3590053196634910135
fusion8_bf,16777216,3,569.8975,3590053196634910135
fusion8_bf,16777216,4,554.9393,3590053196634910135
fusion8_bf,16777216,5,547.9996,3590053196634910135
fusion8_bf,16777216,6,559.3018,3590053196634910135
fusion8_bf,16777216,7,550.0824,3590053196634910135
fusion8_bf,16777216,8,559.3582,3590053196634910135
fusion8_bf,16777216,9,549.3881,3590053196634910135
fusion8_bf,16777216,10,550.2823,3590053196634910135
fusion8_bf,16777216,11,559.7504,3590053196634910135
fusion8_bf,16777216,12,569.9036,3590053196634910135
fusion8_bf,16777216,13,579.2648,3590053196634910135
fusion8_bf,16777216,14,565.1550,3590053196634910135
fusion8_c,16777216,0,537.4115,3590053196634910135
fusion8_c,16777216,1,496.9833,3590053196634910135
fusion8_c,16777216,2,507.5897,3590053196634910135
fusion8_c,16777216,3,508.2001,3590053196634910135
fusion8_c,16777216,4,500.9781,3590053196634910135
fusion8_c,16777216,5,498.3139,3590053196634910135
fusion8_c,16777216,6,493.8263,3590053196634910135
fusion8_c,16777216,7,490.6723,3590053196634910135
fusion8_c,16777216,8,502.8549,3590053196634910135
fusion8_c,16777216,9,508.8654,3590053196634910135
fusion8_c,16777216,10,509.3307,3590053196634910135
fusion8_c,16777216,11,506.8771,3590053196634910135
fusion8_c,16777216,12,493.6066,3590053196634910135
fusion8_c,16777216,13,502.8458,3590053196634910135
fusion8_c,16777216,14,500.4822,3590053196634910135
fusion16_w,16777216,0,448.1323,3590053196634910135
fusion16_w,16777216,1,414.4363,3590053196634910135
fusion16_w,16777216,2,419.9310,3590053196634910135
fusion16_w,16777216,3,419.7647,3590053196634910135
fusion16_w,16777216,4,420.3796,3590053196634910135
fusion16_w,16777216,5,415.1627,3590053196634910135
fusion16_w,16777216,6,421.9482,3590053196634910135
fusion16_w,16777216,7,421.3104,3590053196634910135
fusion16_w,16777216,8,414.8224,3590053196634910135
fusion16_w,16777216,9,412.9852,3590053196634910135
fusion16_w,16777216,10,418.4860,3590053196634910135
fusion16_w,16777216,11,420.9961,3590053196634910135
fusion16_w,16777216,12,422.4670,3590053196634910135
fusion16_w,16777216,13,418.5669,3590053196634910135
fusion16_w,16777216,14,425.2136,3590053196634910135
sorted_array,33554432,0,1492.8009,14493871693595802041
sorted_array,33554432,1,1433.0215,14493871693595802041
sorted_array,33554432,2,1433.9310,14493871693595802041
sorted_array,33554432,3,1443.3899,14493871693595802041
sorted_array,33554432,4,1452.8168,14493871693595802041
sorted_array,33554432,5,1458.4915,14493871693595802041
sorted_array,33554432,6,1465.2771,14493871693595802041
sorted_array,33554432,7,1491.4978,14493871693595802041
sorted_array,33554432,8,1479.8523,14493871693595802041
sorted_array,33554432,9,1863.0676,14493871693595802041
sorted_array,33554432,10,1446.7087,14493871693595802041
sorted_array,33554432,11,1488.5880,14493871693595802041
sorted_array,33554432,12,1475.9476,14493871693595802041
sorted_array,33554432,13,1426.5244,14493871693595802041
sorted_array,33554432,14,1402.6337,14493871693595802041
btree8,33554432,0,472.0139,14493871693595802041
btree8,33554432,1,439.0823,14493871693595802041
btree8,33554432,2,440.3336,14493871693595802041
btree8,33554432,3,459.2560,14493871693595802041
btree8,33554432,4,448.9426,14493871693595802041
btree8,33554432,5,469.5282,14493871693595802041
btree8,33554432,6,442.0258,14493871693595802041
btree8,33554432,7,441.2750,14493871693595802041
btree8,33554432,8,462.6770,14493871693595802041
btree8,33554432,9,490.9897,14493871693595802041
btree8,33554432,10,498.8739,14493871693595802041
btree8,33554432,11,517.7704,14493871693595802041
btree8,33554432,12,490.9149,14493871693595802041
btree8,33554432,13,478.9795,14493871693595802041
btree8,33554432,14,473.2758,14493871693595802041
btree8_bl,33554432,0,514.4913,14493871693595802041
btree8_bl,33554432,1,491.8091,14493871693595802041
btree8_bl,33554432,2,483.0551,14493871693595802041
btree8_bl,33554432,3,573.9609,14493871693595802041
btree8_bl,33554432,4,594.7052,14493871693595802041
btree8_bl,33554432,5,623.0576,14493871693595802041
btree8_bl,33554432,6,596.9879,14493871693595802041
btree8_bl,33554432,7,500.6073,14493871693595802041
btree8_bl,33554432,8,507.3914,14493871693595802041
btree8_bl,33554432,9,482.4280,14493871693595802041
btree8_bl,33554432,10,481.6742,14493871693595802041
btree8_bl,33554432,11,480.2399,14493871693595802041
btree8_bl,33554432,12,456.8222,14493871693595802041
btree8_bl,33554432,13,464.2578,14493871693595802041
btree8_bl,33554432,14,449.2813,14493871693595802041
btree8_a64,33554432,0,466.0248,14493871693595802041
btree8_a64,33554432,1,428.1723,14493871693595802041
btree8_a64,33554432,2,426.3748,14493871693595802041
btree8_a64,33554432,3,442.2043,14493871693595802041
btree8_a64,33554432,4,439.5157,14493871693595802041
btree8_a64,33554432,5,437.4146,14493871693595802041
btree8_a64,33554432,6,442.7017,14493871693595802041
btree8_a64,33554432,7,455.7846,14493871693595802041
btree8_a64,33554432,8,430.4062,14493871693595802041
btree8_a64,33554432,9,429.9026,14493871693595802041
btree8_a64,33554432,10,434.5673,14493871693595802041
btree8_a64,33554432,11,434.0820,14493871693595802041
btree8_a64,33554432,12,426.5839,14493871693595802041
btree8_a64,33554432,13,436.0580,14493871693595802041
btree8_a64,33554432,14,435.0998,14493871693595802041
btree8_bl_a64,33554432,0,474.7864,14493871693595802041
btree8_bl_a64,33554432,1,437.4359,14493871693595802041
btree8_bl_a64,33554432,2,443.8477,14493871693595802041
btree8_bl_a64,33554432,3,434.4986,14493871693595802041
btree8_bl_a64,33554432,4,438.7589,14493871693595802041
btree8_bl_a64,33554432,5,435.5057,14493871693595802041
btree8_bl_a64,33554432,6,440.9485,14493871693595802041
btree8_bl_a64,33554432,7,440.5746,14493871693595802041
btree8_bl_a64,33554432,8,457.0175,14493871693595802041
btree8_bl_a64,33554432,9,473.8037,14493871693595802041
btree8_bl_a64,33554432,10,502.8137,14493871693595802041
btree8_bl_a64,33554432,11,487.6938,14493871693595802041
btree8_bl_a64,33554432,12,464.3265,14493871693595802041
btree8_bl_a64,33554432,13,465.6586,14493871693595802041
btree8_bl_a64,33554432,14,463.0508,14493871693595802041
btree16_bl_a64,33554432,0,558.9157,14493871693595802041
btree16_bl_a64,33554432,1,521.0236,14493871693595802041
btree16_bl_a64,33554432,2,513.3087,14493871693595802041
btree16_bl_a64,33554432,3,508.1268,14493871693595802041
btree16_bl_a64,33554432,4,509.5795,14493871693595802041
btree16_bl_a64,33554432,5,511.3205,14493871693595802041
btree16_bl_a64,33554432,6,514.5462,14493871693595802041
btree16_bl_a64,33554432,7,507.9987,14493871693595802041
btree16_bl_a64,33554432,8,511.4838,14493871693595802041
btree16_bl_a64,33554432,9,518.1320,14493871693595802041
btree16_bl_a64,33554432,10,514.7095,14493871693595802041
btree16_bl_a64,33554432,11,507.5485,14493871693595802041
btree16_bl_a64,33554432,12,502.9663,14493871693595802041
btree16_bl_a64,33554432,13,500.6210,14493871693595802041
btree16_bl_a64,33554432,14,505.1483,14493871693595802041
fusion8,33554432,0,628.6957,14493871693595802041
fusion8,33554432,1,602.4612,14493871693595802041
fusion8,33554432,2,602.1225,14493871693595802041
fusion8,33554432,3,594.3100,14493871693595802041
fusion8,33554432,4,588.0463,14493871693595802041
fusion8,33554432,5,590.3870,14493871693595802041
fusion8,33554432,6,594.2169,14493871693595802041
fusion8,33554432,7,607.6736,14493871693595802041
fusion8,33554432,8,591.7526,14493871693595802041
fusion8,33554432,9,588.5727,14493871693595802041
fusion8,33554432,10,605.5695,14493871693595802041
fusion8,33554432,11,597.5296,14493871693595802041
fusion8,33554432,12,595.4681,14493871693595802041
fusion8,33554432,13,596.3654,14493871693595802041
fusion8,33554432,14,598.2910,14493871693595802041
fusion8_bf,33554432,0,651.1688,14493871693595802041
fusion8_bf,33554432,1,613.7680,14493871693595802041
fusion8_bf,33554432,2,627.5452,14493871693595802041
fusion8_bf,33554432,3,617.0746,14493871693595802041
fusion8_bf,33554432,4,610.3134,14493871693595802041
fusion8_bf,33554432,5,628.4698,14493871693595802041
fusion8_bf,33554432,6,613.9664,14493871693595802041
fusion8_bf,33554432,7,616.8594,14493871693595802041
fusion8_bf,33554432,8,602.9510,14493871693595802041
fusion8_bf,33554432,9,612.3703,14493871693595802041
fusion8_bf,33554432,10,624.6201,14493871693595802041
fusion8_bf,33554432,11,610.7834,14493871693595802041
fusion8_bf,33554432,12,622.7570,14493871693595802041
fusion8_bf,33554432,13,614.4699,14493871693595802041
fusion8_bf,33554432,14,620.4483,14493871693595802041
fusion8_c,33554432,0,577.5299,14493871693595802041
fusion8_c,33554432,1,551.8463,14493871693595802041
fusion8_c,33554432,2,547.9202,14493871693595802041
fusion8_c,33554432,3,541.9235,14493871693595802041
fusion8_c,33554432,4,539.6820,14493871693595802041
fusion8_c,33554432,5,525.3143,14493871693595802041
fusion8_c,33554432,6,525.7385,14493871693595802041
fusion8_c,33554432,7,518.7805,14493871693595802041
fusion8_c,33554432,8,518.0695,14493871693595802041
fusion8_c,33554432,9,526.2009,14493871693595802041
fusion8_c,33554432,10,517.2348,14493871693595802041
fusion8_c,33554432,11,518.2114,14493871693595802041
fusion8_c,33554432,12,514.8270,14493871693595802041
fusion8_c,33554432,13,515.0543,14493871693595802041
fusion8_c,33554432,14,523.6343,14493871693595802041
fusion16_w,33554432,0,630.1468,14493871693595802041
fusion16_w,33554432,1,599.6017,14493871693595802041
fusion16_w,33554432,2,597.0444,14493871693595802041
fusion16_w,33554432,3,599.1287,14493871693595802041
fusion16_w,33554432,4,602.1500,14493871693595802041
fusion16_w,33554432,5,598.9197,14493871693595802041
fusion16_w,33554432,6,589.9551,14493871693595802041
fusion16_w,33554432,7,601.4206,14493871693595802041
fusion16_w,33554432,8,596.6064,14493871693595802041
fusion16_w,33554432,9,601.1963,14493871693595802041
fusion16_w,33554432,10,599.1516,14493871693595802041
fusion16_w,33554432,11,603.6407,14493871693595802041
fusion16_w,33554432,12,597.9813,14493871693595802041
fusion16_w,33554432,13,601.9089,14493871693595802041
fusion16_w,33554432,14,622.9813,14493871693595802041
