structure,n,rep,ns_per_query,checksum
sorted_array,256,0,13.0630,3802318259966007189
sorted_array,256,1,13.1897,3802318259966007189
sorted_array,256,2,13.1058,3802318259966007189
sorted_array,256,3,13.0615,3802318259966007189
sorted_array,256,4,13.1104,3802318259966007189
sorted_array,256,5,13.0630,3802318259966007189
sorted_array,256,6,13.1027,3802318259966007189
sorted_array,256,7,13.0737,3802318259966007189
sorted_array,256,8,13.0920,3802318259966007189
sorted_array,256,9,13.0676,3802318259966007189
sorted_array,256,10,13.1058,3802318259966007189
sorted_array,256,11,13.0646,3802318259966007189
sorted_array,256,12,13.1027,3802318259966007189
sorted_array,256,13,13.0661,3802318259966007189
sorted_array,256,14,13.1088,3802318259966007189
btree8,256,0,21.2723,3802318259966007189
btree8,256,1,21.1349,3802318259966007189
btree8,256,2,21.0587,3802318259966007189
btree8,256,3,20.9564,3802318259966007189
btree8,256,4,20.8450,3802318259966007189
btree8,256,5,20.9702,3802318259966007189
btree8,256,6,20.7825,3802318259966007189
btree8,256,7,20.8206,3802318259966007189
btree8,256,8,20.7672,3802318259966007189
btree8,256,9,20.9045,3802318259966007189
btree8,256,10,20.9167,3802318259966007189
btree8,256,11,20.9427,3802318259966007189
btree8,256,12,20.9976,3802318259966007189
btree8,256,13,20.9717,3802318259966007189
btree8,256,14,21.0190,3802318259966007189
btree8_bl,256,0,21.9391,3802318259966007189
btree8_bl,256,1,21.8948,3802318259966007189
btree8_bl,256,2,21.8460,3802318259966007189
btree8_bl,256,3,21.7926,3802318259966007189
btree8_bl,256,4,21.7392,3802318259966007189
btree8_bl,256,5,21.7514,3802318259966007189
btree8_bl,256,6,21.8277,3802318259966007189
btree8_bl,256,7,21.6232,3802318259966007189
btree8_bl,256,8,21.6217,3802318259966007189
btree8_bl,256,9,21.6003,3802318259966007189
btree8_bl,256,10,21.5942,3802318259966007189
btree8_bl,256,11,21.6034,3802318259966007189
btree8_bl,256,12,21.5530,3802318259966007189
btree8_bl,256,13,21.6064,3802318259966007189
btree8_bl,256,14,21.5988,3802318259966007189
btree8_a64,256,0,20.8191,3802318259966007189
btree8_a64,256,1,20.3705,3802318259966007189
btree8_a64,256,2,20.2393,3802318259966007189
btree8_a64,256,3,20.2469,3802318259966007189
btree8_a64,256,4,20.2286,3802318259966007189
btree8_a64,256,5,20.2133,3802318259966007189
btree8_a64,256,6,20.1889,3802318259966007189
btree8_a64,256,7,20.1462,3802318259966007189
btree8_a64,256,8,20.1569,3802318259966007189
btree8_a64,256,9,20.1889,3802318259966007189
btree8_a64,256,10,20.1660,3802318259966007189
btree8_a64,256,11,20.1767,3802318259966007189
btree8_a64,256,12,20.1263,3802318259966007189
btree8_a64,256,13,20.6924,3802318259966007189
btree8_a64,256,14,20.2286,3802318259966007189
btree8_bl_a64,256,0,20.3217,3802318259966007189
btree8_bl_a64,256,1,20.1401,3802318259966007189
btree8_bl_a64,256,2,20.0745,3802318259966007189
btree8_bl_a64,256,3,20.1340,3802318259966007189
btree8_bl_a64,256,4,20.1691,3802318259966007189
btree8_bl_a64,256,5,20.1584,3802318259966007189
btree8_bl_a64,256,6,20.3415,3802318259966007189
btree8_bl_a64,256,7,20.4849,3802318259966007189
btree8_bl_a64,256,8,20.2881,3802318259966007189
btree8_bl_a64,256,9,20.1324,3802318259966007189
btree8_bl_a64,256,10,20.1202,3802318259966007189
btree8_bl_a64,256,11,20.1035,3802318259966007189
btree8_bl_a64,256,12,20.2164,3802318259966007189
btree8_bl_a64,256,13,20.2286,3802318259966007189
btree8_bl_a64,256,14,20.1157,3802318259966007189
btree16_bl_a64,256,0,14.2471,3802318259966007189
btree16_bl_a64,256,1,14.5508,3802318259966007189
btree16_bl_a64,256,2,14.5020,3802318259966007189
btree16_bl_a64,256,3,14.0396,3802318259966007189
btree16_bl_a64,256,4,14.0778,3802318259966007189
btree16_bl_a64,256,5,14.2258,3802318259966007189
btree16_bl_a64,256,6,14.4974,3802318259966007189
btree16_bl_a64,256,7,14.2914,3802318259966007189
btree16_bl_a64,256,8,14.1144,3802318259966007189
btree16_bl_a64,256,9,14.6545,3802318259966007189
btree16_bl_a64,256,10,14.2273,3802318259966007189
btree16_bl_a64,256,11,13.9771,3802318259966007189
btree16_bl_a64,256,12,14.1144,3802318259966007189
btree16_bl_a64,256,13,14.2578,3802318259966007189
btree16_bl_a64,256,14,14.8865,3802318259966007189
fusion8,256,0,39.8895,3802318259966007189
fusion8,256,1,39.6942,3802318259966007189
fusion8,256,2,39.6454,3802318259966007189
fusion8,256,3,39.6912,3802318259966007189
fusion8,256,4,40.0772,3802318259966007189
fusion8,256,5,39.8270,3802318259966007189
fusion8,256,6,39.6225,3802318259966007189
fusion8,256,7,39.4806,3802318259966007189
fusion8,256,8,39.4562,3802318259966007189
fusion8,256,9,39.5004,3802318259966007189
fusion8,256,10,39.6912,3802318259966007189
fusion8,256,11,39.4180,3802318259966007189
fusion8,256,12,39.3845,3802318259966007189
fusion8,256,13,39.5554,3802318259966007189
fusion8,256,14,39.4058,3802318259966007189
fusion8_bf,256,0,43.8400,3802318259966007189
fusion8_bf,256,1,43.0893,3802318259966007189
fusion8_bf,256,2,43.1381,3802318259966007189
fusion8_bf,256,3,43.1076,3802318259966007189
fusion8_bf,256,4,43.1229,3802318259966007189
fusion8_bf,256,5,43.1244,3802318259966007189
fusion8_bf,256,6,43.2983,3802318259966007189
fusion8_bf,256,7,43.5928,3802318259966007189
fusion8_bf,256,8,43.6646,3802318259966007189
fusion8_bf,256,9,43.3243,3802318259966007189
fusion8_bf,256,10,43.1625,3802318259966007189
fusion8_bf,256,11,43.2297,3802318259966007189
fusion8_bf,256,12,43.2632,3802318259966007189
fusion8_bf,256,13,43.1030,3802318259966007189
fusion8_bf,256,14,43.1686,3802318259966007189
fusion8_c,256,0,42.0181,3802318259966007189
fusion8_c,256,1,41.9342,3802318259966007189
fusion8_c,256,2,41.7526,3802318259966007189
fusion8_c,256,3,41.8015,3802318259966007189
fusion8_c,256,4,41.7053,3802318259966007189
fusion8_c,256,5,41.9174,3802318259966007189
fusion8_c,256,6,41.8121,3802318259966007189
fusion8_c,256,7,41.7862,3802318259966007189
fusion8_c,256,8,41.7099,3802318259966007189
fusion8_c,256,9,41.6992,3802318259966007189
fusion8_c,256,10,41.6382,3802318259966007189
fusion8_c,256,11,41.7358,3802318259966007189
fusion8_c,256,12,41.7374,3802318259966007189
fusion8_c,256,13,41.7496,3802318259966007189
fusion8_c,256,14,42.2653,3802318259966007189
fusion16_w,256,0,38.4857,3802318259966007189
fusion16_w,256,1,38.3591,3802318259966007189
fusion16_w,256,2,38.3942,3802318259966007189
fusion16_w,256,3,38.3636,3802318259966007189
fusion16_w,256,4,38.4048,3802318259966007189
fusion16_w,256,5,38.3591,3802318259966007189
fusion16_w,256,6,38.4399,3802318259966007189
fusion16_w,256,7,38.2904,3802318259966007189
fusion16_w,256,8,38.4583,3802318259966007189
fusion16_w,256,9,38.2721,3802318259966007189
fusion16_w,256,10,38.3179,3802318259966007189
fusion16_w,256,11,38.6200,3802318259966007189
fusion16_w,256,12,38.6719,3802318259966007189
fusion16_w,256,13,38.3118,3802318259966007189
fusion16_w,256,14,38.3163,3802318259966007189
sorted_array,512,0,14.3738,18445980686323395203
sorted_array,512,1,14.3341,18445980686323395203
sorted_array,512,2,14.3997,18445980686323395203
sorted_array,512,3,14.3478,18445980686323395203
sorted_array,512,4,14.3845,18445980686323395203
sorted_array,512,5,14.3402,18445980686323395203
sorted_array,512,6,14.3814,18445980686323395203
sorted_array,512,7,14.3494,18445980686323395203
sorted_array,512,8,14.3646,18445980686323395203
sorted_array,512,9,14.3692,18445980686323395203
sorted_array,512,10,14.3616,18445980686323395203
sorted_array,512,11,14.3341,18445980686323395203
sorted_array,512,12,14.3585,18445980686323395203
sorted_array,512,13,14.3600,18445980686323395203
sorted_array,512,14,14.3478,18445980686323395203
btree8,512,0,23.9746,18445980686323395203
btree8,512,1,23.5611,18445980686323395203
btree8,512,2,23.3597,18445980686323395203
btree8,512,3,23.3139,18445980686323395203
btree8,512,4,23.1903,18445980686323395203
btree8,512,5,23.2895,18445980686323395203
btree8,512,6,23.3841,18445980686323395203
btree8,512,7,23.6115,18445980686323395203
btree8,512,8,23.2254,18445980686323395203
btree8,512,9,23.4497,18445980686323395203
btree8,512,10,23.5840,18445980686323395203
btree8,512,11,23.4650,18445980686323395203
btree8,512,12,23.4055,18445980686323395203
btree8,512,13,23.3047,18445980686323395203
btree8,512,14,23.2178,18445980686323395203
btree8_bl,512,0,21.8185,18445980686323395203
btree8_bl,512,1,21.7590,18445980686323395203
btree8_bl,512,2,21.7270,18445980686323395203
btree8_bl,512,3,21.7514,18445980686323395203
btree8_bl,512,4,21.6644,18445980686323395203
btree8_bl,512,5,21.7972,18445980686323395203
btree8_bl,512,6,21.7926,18445980686323395203
btree8_bl,512,7,21.8079,18445980686323395203
btree8_bl,512,8,21.8506,18445980686323395203
btree8_bl,512,9,21.7422,18445980686323395203
btree8_bl,512,10,21.7957,18445980686323395203
btree8_bl,512,11,21.8857,18445980686323395203
btree8_bl,512,12,21.8018,18445980686323395203
btree8_bl,512,13,21.7300,18445980686323395203
btree8_bl,512,14,21.7819,18445980686323395203
btree8_a64,512,0,22.9843,18445980686323395203
btree8_a64,512,1,22.8104,18445980686323395203
btree8_a64,512,2,22.6791,18445980686323395203
btree8_a64,512,3,22.5815,18445980686323395203
btree8_a64,512,4,22.5983,18445980686323395203
btree8_a64,512,5,22.4930,18445980686323395203
btree8_a64,512,6,22.3160,18445980686323395203
btree8_a64,512,7,22.3511,18445980686323395203
btree8_a64,512,8,22.5235,18445980686323395203
btree8_a64,512,9,22.5204,18445980686323395203
btree8_a64,512,10,22.5693,18445980686323395203
btree8_a64,512,11,22.6639,18445980686323395203
btree8_a64,512,12,22.4823,18445980686323395203
btree8_a64,512,13,22.2977,18445980686323395203
btree8_a64,512,14,22.4457,18445980686323395203
btree8_bl_a64,512,0,19.4611,18445980686323395203
btree8_bl_a64,512,1,19.3817,18445980686323395203
btree8_bl_a64,512,2,19.4916,18445980686323395203
btree8_bl_a64,512,3,19.3985,18445980686323395203
btree8_bl_a64,512,4,19.3954,18445980686323395203
btree8_bl_a64,512,5,19.3344,18445980686323395203
btree8_bl_a64,512,6,19.3787,18445980686323395203
btree8_bl_a64,512,7,19.3863,18445980686323395203
btree8_bl_a64,512,8,20.3262,18445980686323395203
btree8_bl_a64,512,9,19.3771,18445980686323395203
btree8_bl_a64,512,10,19.3237,18445980686323395203
btree8_bl_a64,512,11,19.4077,18445980686323395203
btree8_bl_a64,512,12,19.4580,18445980686323395203
btree8_bl_a64,512,13,19.3512,18445980686323395203
btree8_bl_a64,512,14,19.5145,18445980686323395203
btree16_bl_a64,512,0,20.1492,18445980686323395203
btree16_bl_a64,512,1,20.0241,18445980686323395203
btree16_bl_a64,512,2,20.1050,18445980686323395203
btree16_bl_a64,512,3,19.9554,18445980686323395203
btree16_bl_a64,512,4,20.1996,18445980686323395203
btree16_bl_a64,512,5,20.1996,18445980686323395203
btree16_bl_a64,512,6,19.9829,18445980686323395203
btree16_bl_a64,512,7,20.0195,18445980686323395203
btree16_bl_a64,512,8,19.9860,18445980686323395203
btree16_bl_a64,512,9,19.9539,18445980686323395203
btree16_bl_a64,512,10,20.0684,18445980686323395203
btree16_bl_a64,512,11,20.0333,18445980686323395203
btree16_bl_a64,512,12,19.9463,18445980686323395203
btree16_bl_a64,512,13,19.9356,18445980686323395203
btree16_bl_a64,512,14,20.0974,18445980686323395203
fusion8,512,0,40.5716,18445980686323395203
fusion8,512,1,40.4114,18445980686323395203
fusion8,512,2,41.2308,18445980686323395203
fusion8,512,3,40.2527,18445980686323395203
fusion8,512,4,40.1901,18445980686323395203
fusion8,512,5,40.1642,18445980686323395203
fusion8,512,6,40.2542,18445980686323395203
fusion8,512,7,40.2527,18445980686323395203
fusion8,512,8,40.1993,18445980686323395203
fusion8,512,9,40.1886,18445980686323395203
fusion8,512,10,40.3412,18445980686323395203
fusion8,512,11,40.4404,18445980686323395203
fusion8,512,12,40.2298,18445980686323395203
fusion8,512,13,40.2008,18445980686323395203
fusion8,512,14,40.3152,18445980686323395203
fusion8_bf,512,0,46.4615,18445980686323395203
fusion8_bf,512,1,45.3751,18445980686323395203
fusion8_bf,512,2,46.3669,18445980686323395203
fusion8_bf,512,3,46.8018,18445980686323395203
fusion8_bf,512,4,45.4193,18445980686323395203
fusion8_bf,512,5,45.3552,18445980686323395203
fusion8_bf,512,6,45.3354,18445980686323395203
fusion8_bf,512,7,45.2988,18445980686323395203
fusion8_bf,512,8,45.6711,18445980686323395203
fusion8_bf,512,9,45.3964,18445980686323395203
fusion8_bf,512,10,45.3110,18445980686323395203
fusion8_bf,512,11,45.3232,18445980686323395203
fusion8_bf,512,12,45.3629,18445980686323395203
fusion8_bf,512,13,45.3140,18445980686323395203
fusion8_bf,512,14,46.5988,18445980686323395203
fusion8_c,512,0,44.5206,18445980686323395203
fusion8_c,512,1,44.4901,18445980686323395203
fusion8_c,512,2,44.5679,18445980686323395203
fusion8_c,512,3,44.4443,18445980686323395203
fusion8_c,512,4,44.7342,18445980686323395203
fusion8_c,512,5,44.4580,18445980686323395203
fusion8_c,512,6,46.5439,18445980686323395203
fusion8_c,512,7,47.4823,18445980686323395203
fusion8_c,512,8,47.1970,18445980686323395203
fusion8_c,512,9,44.6320,18445980686323395203
fusion8_c,512,10,44.3771,18445980686323395203
fusion8_c,512,11,44.3939,18445980686323395203
fusion8_c,512,12,44.3207,18445980686323395203
fusion8_c,512,13,45.2652,18445980686323395203
fusion8_c,512,14,44.4824,18445980686323395203
fusion16_w,512,0,50.9964,18445980686323395203
fusion16_w,512,1,50.5905,18445980686323395203
fusion16_w,512,2,50.5905,18445980686323395203
fusion16_w,512,3,50.4669,18445980686323395203
fusion16_w,512,4,51.7090,18445980686323395203
fusion16_w,512,5,50.5814,18445980686323395203
fusion16_w,512,6,50.5539,18445980686323395203
fusion16_w,512,7,50.5905,18445980686323395203
fusion16_w,512,8,50.5737,18445980686323395203
fusion16_w,512,9,60.9604,18445980686323395203
fusion16_w,512,10,50.7431,18445980686323395203
fusion16_w,512,11,50.9888,18445980686323395203
fusion16_w,512,12,50.5600,18445980686323395203
fusion16_w,512,13,50.6622,18445980686323395203
fusion16_w,512,14,50.5493,18445980686323395203
sorted_array,1024,0,15.7883,13330139387826418850
sorted_array,1024,1,15.8112,13330139387826418850
sorted_array,1024,2,15.8005,13330139387826418850
sorted_array,1024,3,15.7623,13330139387826418850
sorted_array,1024,4,15.9729,13330139387826418850
sorted_array,1024,5,15.7547,13330139387826418850
sorted_array,1024,6,15.7928,13330139387826418850
sorted_array,1024,7,16.9357,13330139387826418850
sorted_array,1024,8,15.9210,13330139387826418850
sorted_array,1024,9,15.9546,13330139387826418850
sorted_array,1024,10,15.7730,13330139387826418850
sorted_array,1024,11,15.8081,13330139387826418850
sorted_array,1024,12,15.7578,13330139387826418850
sorted_array,1024,13,15.8127,13330139387826418850
sorted_array,1024,14,15.7715,13330139387826418850
btree8,1024,0,26.9775,13330139387826418850
btree8,1024,1,26.8417,13330139387826418850
btree8,1024,2,26.9333,13330139387826418850
btree8,1024,3,26.4862,13330139387826418850
btree8,1024,4,26.3672,13330139387826418850
btree8,1024,5,25.9521,13330139387826418850
btree8,1024,6,26.3794,13330139387826418850
btree8,1024,7,26.0605,13330139387826418850
btree8,1024,8,26.1078,13330139387826418850
btree8,1024,9,26.3382,13330139387826418850
btree8,1024,10,26.3931,13330139387826418850
btree8,1024,11,26.1551,13330139387826418850
btree8,1024,12,26.4359,13330139387826418850
btree8,1024,13,26.5778,13330139387826418850
btree8,1024,14,26.3550,13330139387826418850
btree8_bl,1024,0,27.8198,13330139387826418850
btree8_bl,1024,1,27.5314,13330139387826418850
btree8_bl,1024,2,27.3605,13330139387826418850
btree8_bl,1024,3,27.6459,13330139387826418850
btree8_bl,1024,4,27.6093,13330139387826418850
btree8_bl,1024,5,27.8046,13330139387826418850
btree8_bl,1024,6,27.3117,13330139387826418850
btree8_bl,1024,7,27.2934,13330139387826418850
btree8_bl,1024,8,27.6245,13330139387826418850
btree8_bl,1024,9,27.4124,13330139387826418850
btree8_bl,1024,10,27.3865,13330139387826418850
btree8_bl,1024,11,27.2720,13330139387826418850
btree8_bl,1024,12,27.5040,13330139387826418850
btree8_bl,1024,13,27.2827,13330139387826418850
btree8_bl,1024,14,27.3026,13330139387826418850
btree8_a64,1024,0,25.3860,13330139387826418850
btree8_a64,1024,1,24.8047,13330139387826418850
btree8_a64,1024,2,24.7513,13330139387826418850
btree8_a64,1024,3,24.6994,13330139387826418850
btree8_a64,1024,4,24.6887,13330139387826418850
btree8_a64,1024,5,24.7162,13330139387826418850
btree8_a64,1024,6,24.6338,13330139387826418850
btree8_a64,1024,7,24.8215,13330139387826418850
btree8_a64,1024,8,24.7116,13330139387826418850
btree8_a64,1024,9,24.6796,13330139387826418850
btree8_a64,1024,10,24.8260,13330139387826418850
btree8_a64,1024,11,24.8108,13330139387826418850
btree8_a64,1024,12,24.7818,13330139387826418850
btree8_a64,1024,13,24.7269,13330139387826418850
btree8_a64,1024,14,24.7147,13330139387826418850
btree8_bl_a64,1024,0,25.2167,13330139387826418850
btree8_bl_a64,1024,1,25.1129,13330139387826418850
btree8_bl_a64,1024,2,25.0656,13330139387826418850
btree8_bl_a64,1024,3,25.1083,13330139387826418850
btree8_bl_a64,1024,4,24.9893,13330139387826418850
btree8_bl_a64,1024,5,25.1770,13330139387826418850
btree8_bl_a64,1024,6,25.0290,13330139387826418850
btree8_bl_a64,1024,7,25.0381,13330139387826418850
btree8_bl_a64,1024,8,25.0427,13330139387826418850
btree8_bl_a64,1024,9,25.0626,13330139387826418850
btree8_bl_a64,1024,10,25.0595,13330139387826418850
btree8_bl_a64,1024,11,25.0534,13330139387826418850
btree8_bl_a64,1024,12,24.9619,13330139387826418850
btree8_bl_a64,1024,13,25.1068,13330139387826418850
btree8_bl_a64,1024,14,25.3311,13330139387826418850
btree16_bl_a64,1024,0,22.1909,13330139387826418850
btree16_bl_a64,1024,1,21.8750,13330139387826418850
btree16_bl_a64,1024,2,21.8048,13330139387826418850
btree16_bl_a64,1024,3,21.8246,13330139387826418850
btree16_bl_a64,1024,4,21.7957,13330139387826418850
btree16_bl_a64,1024,5,21.8002,13330139387826418850
btree16_bl_a64,1024,6,21.7148,13330139387826418850
btree16_bl_a64,1024,7,21.7850,13330139387826418850
btree16_bl_a64,1024,8,21.7911,13330139387826418850
btree16_bl_a64,1024,9,21.7819,13330139387826418850
btree16_bl_a64,1024,10,21.7499,13330139387826418850
btree16_bl_a64,1024,11,21.7789,13330139387826418850
btree16_bl_a64,1024,12,21.7285,13330139387826418850
btree16_bl_a64,1024,13,21.7316,13330139387826418850
btree16_bl_a64,1024,14,21.7010,13330139387826418850
fusion8,1024,0,47.6654,13330139387826418850
fusion8,1024,1,46.8994,13330139387826418850
fusion8,1024,2,47.0856,13330139387826418850
fusion8,1024,3,47.1863,13330139387826418850
fusion8,1024,4,51.2787,13330139387826418850
fusion8,1024,5,47.0413,13330139387826418850
fusion8,1024,6,54.8019,13330139387826418850
fusion8,1024,7,47.0627,13330139387826418850
fusion8,1024,8,47.1054,13330139387826418850
fusion8,1024,9,47.0245,13330139387826418850
fusion8,1024,10,47.2000,13330139387826418850
fusion8,1024,11,47.2076,13330139387826418850
fusion8,1024,12,46.9604,13330139387826418850
fusion8,1024,13,46.9864,13330139387826418850
fusion8,1024,14,47.4045,13330139387826418850
fusion8_bf,1024,0,54.9667,13330139387826418850
fusion8_bf,1024,1,54.3976,13330139387826418850
fusion8_bf,1024,2,54.3686,13330139387826418850
fusion8_bf,1024,3,54.2877,13330139387826418850
fusion8_bf,1024,4,54.8416,13330139387826418850
fusion8_bf,1024,5,54.4342,13330139387826418850
fusion8_bf,1024,6,54.3198,13330139387826418850
fusion8_bf,1024,7,55.1559,13330139387826418850
fusion8_bf,1024,8,58.3481,13330139387826418850
fusion8_bf,1024,9,55.9875,13330139387826418850
fusion8_bf,1024,10,74.8734,13330139387826418850
fusion8_bf,1024,11,56.4972,13330139387826418850
fusion8_bf,1024,12,56.1172,13330139387826418850
fusion8_bf,1024,13,65.5487,13330139387826418850
fusion8_bf,1024,14,55.7632,13330139387826418850
fusion8_c,1024,0,55.4184,13330139387826418850
fusion8_c,1024,1,53.9200,13330139387826418850
fusion8_c,1024,2,53.3020,13330139387826418850
fusion8_c,1024,3,60.5148,13330139387826418850
fusion8_c,1024,4,54.4052,13330139387826418850
fusion8_c,1024,5,53.5233,13330139387826418850
fusion8_c,1024,6,56.4209,13330139387826418850
fusion8_c,1024,7,53.5263,13330139387826418850
fusion8_c,1024,8,53.8986,13330139387826418850
fusion8_c,1024,9,53.2364,13330139387826418850
fusion8_c,1024,10,53.1509,13330139387826418850
fusion8_c,1024,11,53.4515,13330139387826418850
fusion8_c,1024,12,54.1504,13330139387826418850
fusion8_c,1024,13,53.3493,13330139387826418850
fusion8_c,1024,14,54.1702,13330139387826418850
fusion16_w,1024,0,57.6187,13330139387826418850
fusion16_w,1024,1,56.7215,13330139387826418850
fusion16_w,1024,2,56.3843,13330139387826418850
fusion16_w,1024,3,58.8745,13330139387826418850
fusion16_w,1024,4,56.2286,13330139387826418850
fusion16_w,1024,5,262.1246,13330139387826418850
fusion16_w,1024,6,56.8939,13330139387826418850
fusion16_w,1024,7,56.3950,13330139387826418850
fusion16_w,1024,8,56.4789,13330139387826418850
fusion16_w,1024,9,56.7078,13330139387826418850
fusion16_w,1024,10,56.2698,13330139387826418850
fusion16_w,1024,11,56.4819,13330139387826418850
fusion16_w,1024,12,57.2495,13330139387826418850
fusion16_w,1024,13,90.8829,13330139387826418850
fusion16_w,1024,14,56.6071,13330139387826418850
sorted_array,2048,0,17.5491,8649855807846794996
sorted_array,2048,1,17.2943,8649855807846794996
sorted_array,2048,2,17.2501,8649855807846794996
sorted_array,2048,3,17.3004,8649855807846794996
sorted_array,2048,4,17.3721,8649855807846794996
sorted_array,2048,5,17.4637,8649855807846794996
sorted_array,2048,6,17.2806,8649855807846794996
sorted_array,2048,7,17.3553,8649855807846794996
sorted_array,2048,8,17.6941,8649855807846794996
sorted_array,2048,9,17.3157,8649855807846794996
sorted_array,2048,10,17.2653,8649855807846794996
sorted_array,2048,11,17.2760,8649855807846794996
sorted_array,2048,12,17.2775,8649855807846794996
sorted_array,2048,13,17.2714,8649855807846794996
sorted_array,2048,14,17.2455,8649855807846794996
btree8,2048,0,33.3588,8649855807846794996
btree8,2048,1,31.9168,8649855807846794996
btree8,2048,2,30.5466,8649855807846794996
btree8,2048,3,30.4947,8649855807846794996
btree8,2048,4,31.1722,8649855807846794996
btree8,2048,5,33.4122,8649855807846794996
btree8,2048,6,30.9372,8649855807846794996
btree8,2048,7,30.5923,8649855807846794996
btree8,2048,8,30.4291,8649855807846794996
btree8,2048,9,30.6458,8649855807846794996
btree8,2048,10,30.2750,8649855807846794996
btree8,2048,11,30.4565,8649855807846794996
btree8,2048,12,30.6107,8649855807846794996
btree8,2048,13,31.0562,8649855807846794996
btree8,2048,14,30.5878,8649855807846794996
btree8_bl,2048,0,29.7089,8649855807846794996
btree8_bl,2048,1,29.1916,8649855807846794996
btree8_bl,2048,2,29.1946,8649855807846794996
btree8_bl,2048,3,29.0970,8649855807846794996
btree8_bl,2048,4,29.0894,8649855807846794996
btree8_bl,2048,5,29.0726,8649855807846794996
btree8_bl,2048,6,29.1611,8649855807846794996
btree8_bl,2048,7,29.0497,8649855807846794996
btree8_bl,2048,8,29.0436,8649855807846794996
btree8_bl,2048,9,29.0329,8649855807846794996
btree8_bl,2048,10,29.0741,8649855807846794996
btree8_bl,2048,11,29.0771,8649855807846794996
btree8_bl,2048,12,29.0298,8649855807846794996
btree8_bl,2048,13,29.0329,8649855807846794996
btree8_bl,2048,14,29.0558,8649855807846794996
btree8_a64,2048,0,29.4479,8649855807846794996
btree8_a64,2048,1,28.8895,8649855807846794996
btree8_a64,2048,2,28.8284,8649855807846794996
btree8_a64,2048,3,28.8467,8649855807846794996
btree8_a64,2048,4,28.7842,8649855807846794996
btree8_a64,2048,5,28.8010,8649855807846794996
btree8_a64,2048,6,28.7628,8649855807846794996
btree8_a64,2048,7,28.8040,8649855807846794996
btree8_a64,2048,8,29.1641,8649855807846794996
btree8_a64,2048,9,28.8132,8649855807846794996
btree8_a64,2048,10,28.7369,8649855807846794996
btree8_a64,2048,11,28.7872,8649855807846794996
btree8_a64,2048,12,28.7613,8649855807846794996
btree8_a64,2048,13,28.7262,8649855807846794996
btree8_a64,2048,14,28.7247,8649855807846794996
btree8_bl_a64,2048,0,27.4216,8649855807846794996
btree8_bl_a64,2048,1,26.8265,8649855807846794996
btree8_bl_a64,2048,2,26.7502,8649855807846794996
btree8_bl_a64,2048,3,26.8250,8649855807846794996
btree8_bl_a64,2048,4,26.7776,8649855807846794996
btree8_bl_a64,2048,5,26.7426,8649855807846794996
btree8_bl_a64,2048,6,26.7349,8649855807846794996
btree8_bl_a64,2048,7,26.7059,8649855807846794996
btree8_bl_a64,2048,8,26.7258,8649855807846794996
btree8_bl_a64,2048,9,26.7227,8649855807846794996
btree8_bl_a64,2048,10,26.7410,8649855807846794996
btree8_bl_a64,2048,11,26.8158,8649855807846794996
btree8_bl_a64,2048,12,26.6342,8649855807846794996
btree8_bl_a64,2048,13,26.6235,8649855807846794996
btree8_bl_a64,2048,14,26.6312,8649855807846794996
btree16_bl_a64,2048,0,21.7972,8649855807846794996
btree16_bl_a64,2048,1,21.5530,8649855807846794996
btree16_bl_a64,2048,2,21.5317,8649855807846794996
btree16_bl_a64,2048,3,151.1719,8649855807846794996
btree16_bl_a64,2048,4,22.1939,8649855807846794996
btree16_bl_a64,2048,5,24.9405,8649855807846794996
btree16_bl_a64,2048,6,22.6212,8649855807846794996
btree16_bl_a64,2048,7,21.5256,8649855807846794996
btree16_bl_a64,2048,8,21.4661,8649855807846794996
btree16_bl_a64,2048,9,21.4813,8649855807846794996
btree16_bl_a64,2048,10,21.6461,8649855807846794996
btree16_bl_a64,2048,11,24.3546,8649855807846794996
btree16_bl_a64,2048,12,23.5458,8649855807846794996
btree16_bl_a64,2048,13,24.2615,8649855807846794996
btree16_bl_a64,2048,14,24.2752,8649855807846794996
fusion8,2048,0,70.9854,8649855807846794996
fusion8,2048,1,64.8315,8649855807846794996
fusion8,2048,2,63.8168,8649855807846794996
fusion8,2048,3,61.3129,8649855807846794996
fusion8,2048,4,65.8249,8649855807846794996
fusion8,2048,5,55.6107,8649855807846794996
fusion8,2048,6,56.7825,8649855807846794996
fusion8,2048,7,55.8441,8649855807846794996
fusion8,2048,8,57.3929,8649855807846794996
fusion8,2048,9,56.0471,8649855807846794996
fusion8,2048,10,55.6564,8649855807846794996
fusion8,2048,11,56.2363,8649855807846794996
fusion8,2048,12,55.4138,8649855807846794996
fusion8,2048,13,55.1788,8649855807846794996
fusion8,2048,14,55.3192,8649855807846794996
fusion8_bf,2048,0,61.3129,8649855807846794996
fusion8_bf,2048,1,60.3973,8649855807846794996
fusion8_bf,2048,2,60.4111,8649855807846794996
fusion8_bf,2048,3,60.4538,8649855807846794996
fusion8_bf,2048,4,60.5072,8649855807846794996
fusion8_bf,2048,5,60.2646,8649855807846794996
fusion8_bf,2048,6,60.1379,8649855807846794996
fusion8_bf,2048,7,60.2173,8649855807846794996
fusion8_bf,2048,8,60.3790,8649855807846794996
fusion8_bf,2048,9,60.3973,8649855807846794996
fusion8_bf,2048,10,60.1547,8649855807846794996
fusion8_bf,2048,11,60.3088,8649855807846794996
fusion8_bf,2048,12,60.4721,8649855807846794996
fusion8_bf,2048,13,60.0952,8649855807846794996
fusion8_bf,2048,14,60.1120,8649855807846794996
fusion8_c,2048,0,60.0220,8649855807846794996
fusion8_c,2048,1,59.2194,8649855807846794996
fusion8_c,2048,2,59.3002,8649855807846794996
fusion8_c,2048,3,59.2468,8649855807846794996
fusion8_c,2048,4,59.1156,8649855807846794996
fusion8_c,2048,5,59.1217,8649855807846794996
fusion8_c,2048,6,59.0286,8649855807846794996
fusion8_c,2048,7,59.0424,8649855807846794996
fusion8_c,2048,8,59.0424,8649855807846794996
fusion8_c,2048,9,59.8465,8649855807846794996
fusion8_c,2048,10,59.6344,8649855807846794996
fusion8_c,2048,11,59.1431,8649855807846794996
fusion8_c,2048,12,59.2621,8649855807846794996
fusion8_c,2048,13,59.0836,8649855807846794996
fusion8_c,2048,14,58.9905,8649855807846794996
fusion16_w,2048,0,60.1791,8649855807846794996
fusion16_w,2048,1,59.5856,8649855807846794996
fusion16_w,2048,2,59.3231,8649855807846794996
fusion16_w,2048,3,59.2850,8649855807846794996
fusion16_w,2048,4,59.3079,8649855807846794996
fusion16_w,2048,5,59.2468,8649855807846794996
fusion16_w,2048,6,59.3811,8649855807846794996
fusion16_w,2048,7,59.2743,8649855807846794996
fusion16_w,2048,8,59.2148,8649855807846794996
fusion16_w,2048,9,59.2667,8649855807846794996
fusion16_w,2048,10,59.2316,8649855807846794996
fusion16_w,2048,11,59.2590,8649855807846794996
fusion16_w,2048,12,59.2239,8649855807846794996
fusion16_w,2048,13,59.3552,8649855807846794996
fusion16_w,2048,14,66.4215,8649855807846794996
sorted_array,4096,0,18.7439,201817674810245547
sorted_array,4096,1,18.7149,201817674810245547
sorted_array,4096,2,18.6676,201817674810245547
sorted_array,4096,3,18.6996,201817674810245547
sorted_array,4096,4,18.8217,201817674810245547
sorted_array,4096,5,18.6508,201817674810245547
sorted_array,4096,6,18.6890,201817674810245547
sorted_array,4096,7,18.6951,201817674810245547
sorted_array,4096,8,18.6569,201817674810245547
sorted_array,4096,9,18.6890,201817674810245547
sorted_array,4096,10,19.0994,201817674810245547
sorted_array,4096,11,18.7622,201817674810245547
sorted_array,4096,12,18.7073,201817674810245547
sorted_array,4096,13,18.6554,201817674810245547
sorted_array,4096,14,18.6996,201817674810245547
btree8,4096,0,34.5779,201817674810245547
btree8,4096,1,34.0271,201817674810245547
btree8,4096,2,33.7326,201817674810245547
btree8,4096,3,34.1812,201817674810245547
btree8,4096,4,33.8959,201817674810245547
btree8,4096,5,34.0195,201817674810245547
btree8,4096,6,33.7738,201817674810245547
btree8,4096,7,34.1141,201817674810245547
btree8,4096,8,33.9203,201817674810245547
btree8,4096,9,33.9844,201817674810245547
btree8,4096,10,34.0134,201817674810245547
btree8,4096,11,33.8608,201817674810245547
btree8,4096,12,33.6456,201817674810245547
btree8,4096,13,33.8501,201817674810245547
btree8,4096,14,34.0866,201817674810245547
btree8_bl,4096,0,29.5288,201817674810245547
btree8_bl,4096,1,29.3976,201817674810245547
btree8_bl,4096,2,30.1834,201817674810245547
btree8_bl,4096,3,30.0110,201817674810245547
btree8_bl,4096,4,29.1840,201817674810245547
btree8_bl,4096,5,29.4449,201817674810245547
btree8_bl,4096,6,30.9418,201817674810245547
btree8_bl,4096,7,29.1260,201817674810245547
btree8_bl,4096,8,29.1473,201817674810245547
btree8_bl,4096,9,29.1290,201817674810245547
btree8_bl,4096,10,29.1733,201817674810245547
btree8_bl,4096,11,29.0924,201817674810245547
btree8_bl,4096,12,29.1565,201817674810245547
btree8_bl,4096,13,29.1061,201817674810245547
btree8_bl,4096,14,29.1031,201817674810245547
btree8_a64,4096,0,32.8979,201817674810245547
btree8_a64,4096,1,31.3477,201817674810245547
btree8_a64,4096,2,31.4072,201817674810245547
btree8_a64,4096,3,31.5216,201817674810245547
btree8_a64,4096,4,31.3065,201817674810245547
btree8_a64,4096,5,31.2637,201817674810245547
btree8_a64,4096,6,31.2515,201817674810245547
btree8_a64,4096,7,31.2256,201817674810245547
btree8_a64,4096,8,31.2195,201817674810245547
btree8_a64,4096,9,31.2637,201817674810245547
btree8_a64,4096,10,31.2119,201817674810245547
btree8_a64,4096,11,32.0953,201817674810245547
btree8_a64,4096,12,31.1142,201817674810245547
btree8_a64,4096,13,31.2134,201817674810245547
btree8_a64,4096,14,31.2088,201817674810245547
btree8_bl_a64,4096,0,27.5024,201817674810245547
btree8_bl_a64,4096,1,26.7227,201817674810245547
btree8_bl_a64,4096,2,26.5854,201817674810245547
btree8_bl_a64,4096,3,26.7502,201817674810245547
btree8_bl_a64,4096,4,26.4709,201817674810245547
btree8_bl_a64,4096,5,26.7609,201817674810245547
btree8_bl_a64,4096,6,26.7792,201817674810245547
btree8_bl_a64,4096,7,26.7273,201817674810245547
btree8_bl_a64,4096,8,26.8387,201817674810245547
btree8_bl_a64,4096,9,26.7181,201817674810245547
btree8_bl_a64,4096,10,27.0691,201817674810245547
btree8_bl_a64,4096,11,26.6754,201817674810245547
btree8_bl_a64,4096,12,26.4526,201817674810245547
btree8_bl_a64,4096,13,26.7303,201817674810245547
btree8_bl_a64,4096,14,27.3193,201817674810245547
btree16_bl_a64,4096,0,22.3083,201817674810245547
btree16_bl_a64,4096,1,21.3715,201817674810245547
btree16_bl_a64,4096,2,21.5088,201817674810245547
btree16_bl_a64,4096,3,21.3608,201817674810245547
btree16_bl_a64,4096,4,21.3898,201817674810245547
btree16_bl_a64,4096,5,21.8506,201817674810245547
btree16_bl_a64,4096,6,21.4844,201817674810245547
btree16_bl_a64,4096,7,21.2860,201817674810245547
btree16_bl_a64,4096,8,21.8079,201817674810245547
btree16_bl_a64,4096,9,21.6125,201817674810245547
btree16_bl_a64,4096,10,21.5042,201817674810245547
btree16_bl_a64,4096,11,21.9589,201817674810245547
btree16_bl_a64,4096,12,21.2814,201817674810245547
btree16_bl_a64,4096,13,21.3333,201817674810245547
btree16_bl_a64,4096,14,22.1619,201817674810245547
fusion8,4096,0,63.0096,201817674810245547
fusion8,4096,1,57.4722,201817674810245547
fusion8,4096,2,56.9412,201817674810245547
fusion8,4096,3,56.9824,201817674810245547
fusion8,4096,4,58.1924,201817674810245547
fusion8,4096,5,57.3654,201817674810245547
fusion8,4096,6,57.4036,201817674810245547
fusion8,4096,7,57.2449,201817674810245547
fusion8,4096,8,56.9290,201817674810245547
fusion8,4096,9,58.0505,201817674810245547
fusion8,4096,10,57.8918,201817674810245547
fusion8,4096,11,57.4081,201817674810245547
fusion8,4096,12,57.2800,201817674810245547
fusion8,4096,13,57.1686,201817674810245547
fusion8,4096,14,57.1136,201817674810245547
fusion8_bf,4096,0,64.9063,201817674810245547
fusion8_bf,4096,1,64.0610,201817674810245547
fusion8_bf,4096,2,63.9450,201817674810245547
fusion8_bf,4096,3,63.7695,201817674810245547
fusion8_bf,4096,4,63.9191,201817674810245547
fusion8_bf,4096,5,63.8077,201817674810245547
fusion8_bf,4096,6,63.8855,201817674810245547
fusion8_bf,4096,7,124.1684,201817674810245547
fusion8_bf,4096,8,64.4867,201817674810245547
fusion8_bf,4096,9,64.0320,201817674810245547
fusion8_bf,4096,10,64.0915,201817674810245547
fusion8_bf,4096,11,64.0320,201817674810245547
fusion8_bf,4096,12,63.6688,201817674810245547
fusion8_bf,4096,13,63.9893,201817674810245547
fusion8_bf,4096,14,64.3250,201817674810245547
fusion8_c,4096,0,106.4102,201817674810245547
fusion8_c,4096,1,61.7874,201817674810245547
fusion8_c,4096,2,85.6766,201817674810245547
fusion8_c,4096,3,62.0255,201817674810245547
fusion8_c,4096,4,61.6409,201817674810245547
fusion8_c,4096,5,71.6461,201817674810245547
fusion8_c,4096,6,125.7385,201817674810245547
fusion8_c,4096,7,61.4944,201817674810245547
fusion8_c,4096,8,62.0224,201817674810245547
fusion8_c,4096,9,61.0565,201817674810245547
fusion8_c,4096,10,70.1889,201817674810245547
fusion8_c,4096,11,80.4932,201817674810245547
fusion8_c,4096,12,63.0493,201817674810245547
fusion8_c,4096,13,68.4418,201817674810245547
fusion8_c,4096,14,62.0041,201817674810245547
fusion16_w,4096,0,60.2127,201817674810245547
fusion16_w,4096,1,59.5001,201817674810245547
fusion16_w,4096,2,59.4467,201817674810245547
fusion16_w,4096,3,59.5016,201817674810245547
fusion16_w,4096,4,59.4269,201817674810245547
fusion16_w,4096,5,59.6130,201817674810245547
fusion16_w,4096,6,59.6451,201817674810245547
fusion16_w,4096,7,59.3826,201817674810245547
fusion16_w,4096,8,60.0372,201817674810245547
fusion16_w,4096,9,60.1883,201817674810245547
fusion16_w,4096,10,61.5417,201817674810245547
fusion16_w,4096,11,60.7376,201817674810245547
fusion16_w,4096,12,59.5001,201817674810245547
fusion16_w,4096,13,59.3506,201817674810245547
fusion16_w,4096,14,59.3628,201817674810245547
sorted_array,8192,0,24.8581,14779494332775015852
sorted_array,8192,1,23.0301,14779494332775015852
sorted_array,8192,2,23.0591,14779494332775015852
sorted_array,8192,3,23.8815,14779494332775015852
sorted_array,8192,4,23.0331,14779494332775015852
sorted_array,8192,5,23.0560,14779494332775015852
sorted_array,8192,6,23.1598,14779494332775015852
sorted_array,8192,7,23.3078,14779494332775015852
sorted_array,8192,8,22.9904,14779494332775015852
sorted_array,8192,9,23.0423,14779494332775015852
sorted_array,8192,10,23.1216,14779494332775015852
sorted_array,8192,11,23.0026,14779494332775015852
sorted_array,8192,12,23.0179,14779494332775015852
sorted_array,8192,13,23.2330,14779494332775015852
sorted_array,8192,14,23.0255,14779494332775015852
btree8,8192,0,38.1149,14779494332775015852
btree8,8192,1,36.6364,14779494332775015852
btree8,8192,2,36.8057,14779494332775015852
btree8,8192,3,37.1384,14779494332775015852
btree8,8192,4,37.0209,14779494332775015852
btree8,8192,5,37.3871,14779494332775015852
btree8,8192,6,37.1796,14779494332775015852
btree8,8192,7,36.8256,14779494332775015852
btree8,8192,8,36.9476,14779494332775015852
btree8,8192,9,39.2136,14779494332775015852
btree8,8192,10,37.4893,14779494332775015852
btree8,8192,11,36.9049,14779494332775015852
btree8,8192,12,36.8729,14779494332775015852
btree8,8192,13,36.9751,14779494332775015852
btree8,8192,14,36.2595,14779494332775015852
btree8_bl,8192,0,35.7712,14779494332775015852
btree8_bl,8192,1,33.5770,14779494332775015852
btree8_bl,8192,2,33.7112,14779494332775015852
btree8_bl,8192,3,33.5281,14779494332775015852
btree8_bl,8192,4,33.5983,14779494332775015852
btree8_bl,8192,5,33.6029,14779494332775015852
btree8_bl,8192,6,33.5403,14779494332775015852
btree8_bl,8192,7,33.5205,14779494332775015852
btree8_bl,8192,8,33.5190,14779494332775015852
btree8_bl,8192,9,33.6090,14779494332775015852
btree8_bl,8192,10,33.4717,14779494332775015852
btree8_bl,8192,11,33.6075,14779494332775015852
btree8_bl,8192,12,33.4793,14779494332775015852
btree8_bl,8192,13,33.5251,14779494332775015852
btree8_bl,8192,14,33.5388,14779494332775015852
btree8_a64,8192,0,36.8881,14779494332775015852
btree8_a64,8192,1,34.9533,14779494332775015852
btree8_a64,8192,2,34.9991,14779494332775015852
btree8_a64,8192,3,34.7733,14779494332775015852
btree8_a64,8192,4,34.7382,14779494332775015852
btree8_a64,8192,5,34.7885,14779494332775015852
btree8_a64,8192,6,34.7107,14779494332775015852
btree8_a64,8192,7,34.7824,14779494332775015852
btree8_a64,8192,8,34.7427,14779494332775015852
btree8_a64,8192,9,34.7549,14779494332775015852
btree8_a64,8192,10,34.8938,14779494332775015852
btree8_a64,8192,11,34.8740,14779494332775015852
btree8_a64,8192,12,34.8053,14779494332775015852
btree8_a64,8192,13,34.6863,14779494332775015852
btree8_a64,8192,14,34.7321,14779494332775015852
btree8_bl_a64,8192,0,33.6075,14779494332775015852
btree8_bl_a64,8192,1,30.8990,14779494332775015852
btree8_bl_a64,8192,2,30.9662,14779494332775015852
btree8_bl_a64,8192,3,33.6578,14779494332775015852
btree8_bl_a64,8192,4,31.1981,14779494332775015852
btree8_bl_a64,8192,5,30.8075,14779494332775015852
btree8_bl_a64,8192,6,30.8090,14779494332775015852
btree8_bl_a64,8192,7,30.7907,14779494332775015852
btree8_bl_a64,8192,8,30.8563,14779494332775015852
btree8_bl_a64,8192,9,30.8365,14779494332775015852
btree8_bl_a64,8192,10,30.7938,14779494332775015852
btree8_bl_a64,8192,11,30.9021,14779494332775015852
btree8_bl_a64,8192,12,30.7816,14779494332775015852
btree8_bl_a64,8192,13,30.7678,14779494332775015852
btree8_bl_a64,8192,14,30.7785,14779494332775015852
btree16_bl_a64,8192,0,36.3953,14779494332775015852
btree16_bl_a64,8192,1,32.0679,14779494332775015852
btree16_bl_a64,8192,2,32.0297,14779494332775015852
btree16_bl_a64,8192,3,31.9672,14779494332775015852
btree16_bl_a64,8192,4,32.0251,14779494332775015852
btree16_bl_a64,8192,5,31.9870,14779494332775015852
btree16_bl_a64,8192,6,31.9138,14779494332775015852
btree16_bl_a64,8192,7,31.9321,14779494332775015852
btree16_bl_a64,8192,8,31.9977,14779494332775015852
btree16_bl_a64,8192,9,31.9138,14779494332775015852
btree16_bl_a64,8192,10,31.9977,14779494332775015852
btree16_bl_a64,8192,11,31.9580,14779494332775015852
btree16_bl_a64,8192,12,31.9641,14779494332775015852
btree16_bl_a64,8192,13,31.9901,14779494332775015852
btree16_bl_a64,8192,14,31.9565,14779494332775015852
fusion8,8192,0,66.8472,14779494332775015852
fusion8,8192,1,64.3356,14779494332775015852
fusion8,8192,2,64.0900,14779494332775015852
fusion8,8192,3,64.0274,14779494332775015852
fusion8,8192,4,64.5187,14779494332775015852
fusion8,8192,5,64.2258,14779494332775015852
fusion8,8192,6,64.1785,14779494332775015852
fusion8,8192,7,64.0625,14779494332775015852
fusion8,8192,8,64.0503,14779494332775015852
fusion8,8192,9,63.9526,14779494332775015852
fusion8,8192,10,64.0045,14779494332775015852
fusion8,8192,11,64.1235,14779494332775015852
fusion8,8192,12,64.1373,14779494332775015852
fusion8,8192,13,64.0503,14779494332775015852
fusion8,8192,14,63.8657,14779494332775015852
fusion8_bf,8192,0,98.2483,14779494332775015852
fusion8_bf,8192,1,72.4823,14779494332775015852
fusion8_bf,8192,2,72.6379,14779494332775015852
fusion8_bf,8192,3,72.7631,14779494332775015852
fusion8_bf,8192,4,72.4136,14779494332775015852
fusion8_bf,8192,5,72.4823,14779494332775015852
fusion8_bf,8192,6,72.6074,14779494332775015852
fusion8_bf,8192,7,72.7203,14779494332775015852
fusion8_bf,8192,8,72.5815,14779494332775015852
fusion8_bf,8192,9,72.3022,14779494332775015852
fusion8_bf,8192,10,72.3740,14779494332775015852
fusion8_bf,8192,11,72.8119,14779494332775015852
fusion8_bf,8192,12,72.5525,14779494332775015852
fusion8_bf,8192,13,73.0988,14779494332775015852
fusion8_bf,8192,14,72.3862,14779494332775015852
fusion8_c,8192,0,72.5754,14779494332775015852
fusion8_c,8192,1,70.7733,14779494332775015852
fusion8_c,8192,2,71.0129,14779494332775015852
fusion8_c,8192,3,71.4478,14779494332775015852
fusion8_c,8192,4,70.6558,14779494332775015852
fusion8_c,8192,5,71.0754,14779494332775015852
fusion8_c,8192,6,70.8221,14779494332775015852
fusion8_c,8192,7,70.7214,14779494332775015852
fusion8_c,8192,8,69.6762,14779494332775015852
fusion8_c,8192,9,69.5709,14779494332775015852
fusion8_c,8192,10,68.9865,14779494332775015852
fusion8_c,8192,11,68.8248,14779494332775015852
fusion8_c,8192,12,73.7610,14779494332775015852
fusion8_c,8192,13,68.8919,14779494332775015852
fusion8_c,8192,14,69.1711,14779494332775015852
fusion16_w,8192,0,82.4432,14779494332775015852
fusion16_w,8192,1,76.4709,14779494332775015852
fusion16_w,8192,2,76.2466,14779494332775015852
fusion16_w,8192,3,76.2039,14779494332775015852
fusion16_w,8192,4,76.1780,14779494332775015852
fusion16_w,8192,5,76.4252,14779494332775015852
fusion16_w,8192,6,76.3351,14779494332775015852
fusion16_w,8192,7,76.2085,14779494332775015852
fusion16_w,8192,8,76.2421,14779494332775015852
fusion16_w,8192,9,76.0925,14779494332775015852
fusion16_w,8192,10,76.1322,14779494332775015852
fusion16_w,8192,11,76.0330,14779494332775015852
fusion16_w,8192,12,76.2497,14779494332775015852
fusion16_w,8192,13,76.3840,14779494332775015852
fusion16_w,8192,14,76.1429,14779494332775015852
sorted_array,16384,0,29.9438,5257893481483210933
sorted_array,16384,1,29.5120,5257893481483210933
sorted_array,16384,2,29.3945,5257893481483210933
sorted_array,16384,3,29.5731,5257893481483210933
sorted_array,16384,4,29.8782,5257893481483210933
sorted_array,16384,5,29.3518,5257893481483210933
sorted_array,16384,6,31.0013,5257893481483210933
sorted_array,16384,7,29.4067,5257893481483210933
sorted_array,16384,8,29.7775,5257893481483210933
sorted_array,16384,9,29.2953,5257893481483210933
sorted_array,16384,10,29.5059,5257893481483210933
sorted_array,16384,11,29.2847,5257893481483210933
sorted_array,16384,12,29.4144,5257893481483210933
sorted_array,16384,13,29.2450,5257893481483210933
sorted_array,16384,14,29.5181,5257893481483210933
btree8,16384,0,49.5148,5257893481483210933
btree8,16384,1,46.5210,5257893481483210933
btree8,16384,2,46.4767,5257893481483210933
btree8,16384,3,46.6309,5257893481483210933
btree8,16384,4,46.2448,5257893481483210933
btree8,16384,5,46.3974,5257893481483210933
btree8,16384,6,46.3394,5257893481483210933
btree8,16384,7,46.3226,5257893481483210933
btree8,16384,8,46.0007,5257893481483210933
btree8,16384,9,46.3837,5257893481483210933
btree8,16384,10,48.9105,5257893481483210933
btree8,16384,11,46.4783,5257893481483210933
btree8,16384,12,46.2006,5257893481483210933
btree8,16384,13,46.2891,5257893481483210933
btree8,16384,14,46.5210,5257893481483210933
btree8_bl,16384,0,46.4066,5257893481483210933
btree8_bl,16384,1,40.8157,5257893481483210933
btree8_bl,16384,2,40.6158,5257893481483210933
btree8_bl,16384,3,40.6387,5257893481483210933
btree8_bl,16384,4,40.6998,5257893481483210933
btree8_bl,16384,5,40.9103,5257893481483210933
btree8_bl,16384,6,40.7928,5257893481483210933
btree8_bl,16384,7,40.5548,5257893481483210933
btree8_bl,16384,8,41.0309,5257893481483210933
btree8_bl,16384,9,40.6570,5257893481483210933
btree8_bl,16384,10,40.7013,5257893481483210933
btree8_bl,16384,11,40.5838,5257893481483210933
btree8_bl,16384,12,40.5884,5257893481483210933
btree8_bl,16384,13,40.5487,5257893481483210933
btree8_bl,16384,14,40.4892,5257893481483210933
btree8_a64,16384,0,48.5764,5257893481483210933
btree8_a64,16384,1,44.6289,5257893481483210933
btree8_a64,16384,2,44.8608,5257893481483210933
btree8_a64,16384,3,44.5175,5257893481483210933
btree8_a64,16384,4,44.3863,5257893481483210933
btree8_a64,16384,5,44.2749,5257893481483210933
btree8_a64,16384,6,44.3954,5257893481483210933
btree8_a64,16384,7,44.4275,5257893481483210933
btree8_a64,16384,8,44.3817,5257893481483210933
btree8_a64,16384,9,44.3634,5257893481483210933
btree8_a64,16384,10,46.9299,5257893481483210933
btree8_a64,16384,11,49.9603,5257893481483210933
btree8_a64,16384,12,44.3573,5257893481483210933
btree8_a64,16384,13,52.6382,5257893481483210933
btree8_a64,16384,14,52.3041,5257893481483210933
btree8_bl_a64,16384,0,73.5886,5257893481483210933
btree8_bl_a64,16384,1,43.7119,5257893481483210933
btree8_bl_a64,16384,2,39.3478,5257893481483210933
btree8_bl_a64,16384,3,38.3835,5257893481483210933
btree8_bl_a64,16384,4,38.3408,5257893481483210933
btree8_bl_a64,16384,5,38.2980,5257893481483210933
btree8_bl_a64,16384,6,38.3057,5257893481483210933
btree8_bl_a64,16384,7,38.3087,5257893481483210933
btree8_bl_a64,16384,8,38.4628,5257893481483210933
btree8_bl_a64,16384,9,38.3133,5257893481483210933
btree8_bl_a64,16384,10,38.2751,5257893481483210933
btree8_bl_a64,16384,11,38.3026,5257893481483210933
btree8_bl_a64,16384,12,38.3820,5257893481483210933
btree8_bl_a64,16384,13,38.4750,5257893481483210933
btree8_bl_a64,16384,14,38.6261,5257893481483210933
btree16_bl_a64,16384,0,44.4351,5257893481483210933
btree16_bl_a64,16384,1,35.4401,5257893481483210933
btree16_bl_a64,16384,2,34.9442,5257893481483210933
btree16_bl_a64,16384,3,35.1196,5257893481483210933
btree16_bl_a64,16384,4,35.0006,5257893481483210933
btree16_bl_a64,16384,5,35.1089,5257893481483210933
btree16_bl_a64,16384,6,36.0397,5257893481483210933
btree16_bl_a64,16384,7,36.3220,5257893481483210933
btree16_bl_a64,16384,8,36.5036,5257893481483210933
btree16_bl_a64,16384,9,36.0336,5257893481483210933
btree16_bl_a64,16384,10,35.1166,5257893481483210933
btree16_bl_a64,16384,11,35.0479,5257893481483210933
btree16_bl_a64,16384,12,35.1318,5257893481483210933
btree16_bl_a64,16384,13,34.8755,5257893481483210933
btree16_bl_a64,16384,14,34.7870,5257893481483210933
fusion8,16384,0,85.0266,5257893481483210933
fusion8,16384,1,77.1408,5257893481483210933
fusion8,16384,2,78.3585,5257893481483210933
fusion8,16384,3,78.3752,5257893481483210933
fusion8,16384,4,79.1992,5257893481483210933
fusion8,16384,5,77.8610,5257893481483210933
fusion8,16384,6,76.9562,5257893481483210933
fusion8,16384,7,77.2003,5257893481483210933
fusion8,16384,8,77.7374,5257893481483210933
fusion8,16384,9,76.8509,5257893481483210933
fusion8,16384,10,76.9943,5257893481483210933
fusion8,16384,11,76.9165,5257893481483210933
fusion8,16384,12,76.7868,5257893481483210933
fusion8,16384,13,76.8127,5257893481483210933
fusion8,16384,14,79.0146,5257893481483210933
fusion8_bf,16384,0,93.3777,5257893481483210933
fusion8_bf,16384,1,84.0759,5257893481483210933
fusion8_bf,16384,2,84.1919,5257893481483210933
fusion8_bf,16384,3,84.0057,5257893481483210933
fusion8_bf,16384,4,84.0866,5257893481483210933
fusion8_bf,16384,5,84.0591,5257893481483210933
fusion8_bf,16384,6,83.9935,5257893481483210933
fusion8_bf,16384,7,84.1537,5257893481483210933
fusion8_bf,16384,8,84.3262,5257893481483210933
fusion8_bf,16384,9,84.0012,5257893481483210933
fusion8_bf,16384,10,83.8791,5257893481483210933
fusion8_bf,16384,11,83.9981,5257893481483210933
fusion8_bf,16384,12,84.0897,5257893481483210933
fusion8_bf,16384,13,84.1354,5257893481483210933
fusion8_bf,16384,14,85.1425,5257893481483210933
fusion8_c,16384,0,88.3636,5257893481483210933
fusion8_c,16384,1,82.8430,5257893481483210933
fusion8_c,16384,2,82.7469,5257893481483210933
fusion8_c,16384,3,83.0948,5257893481483210933
fusion8_c,16384,4,82.2296,5257893481483210933
fusion8_c,16384,5,82.0358,5257893481483210933
fusion8_c,16384,6,81.9977,5257893481483210933
fusion8_c,16384,7,82.0267,5257893481483210933
fusion8_c,16384,8,82.1396,5257893481483210933
fusion8_c,16384,9,81.9168,5257893481483210933
fusion8_c,16384,10,81.9748,5257893481483210933
fusion8_c,16384,11,82.1198,5257893481483210933
fusion8_c,16384,12,81.9717,5257893481483210933
fusion8_c,16384,13,81.9565,5257893481483210933
fusion8_c,16384,14,82.1564,5257893481483210933
fusion16_w,16384,0,91.1942,5257893481483210933
fusion16_w,16384,1,83.7067,5257893481483210933
fusion16_w,16384,2,84.0622,5257893481483210933
fusion16_w,16384,3,83.5510,5257893481483210933
fusion16_w,16384,4,83.5983,5257893481483210933
fusion16_w,16384,5,83.4351,5257893481483210933
fusion16_w,16384,6,83.4900,5257893481483210933
fusion16_w,16384,7,83.5327,5257893481483210933
fusion16_w,16384,8,83.4854,5257893481483210933
fusion16_w,16384,9,83.7280,5257893481483210933
fusion16_w,16384,10,83.9478,5257893481483210933
fusion16_w,16384,11,83.7326,5257893481483210933
fusion16_w,16384,12,83.8791,5257893481483210933
fusion16_w,16384,13,83.5129,5257893481483210933
fusion16_w,16384,14,83.5083,5257893481483210933
sorted_array,32768,0,37.8571,8916881238133207675
sorted_array,32768,1,36.6226,8916881238133207675
sorted_array,32768,2,36.7157,8916881238133207675
sorted_array,32768,3,36.5875,8916881238133207675
sorted_array,32768,4,36.5509,8916881238133207675
sorted_array,32768,5,38.0020,8916881238133207675
sorted_array,32768,6,36.8851,8916881238133207675
sorted_array,32768,7,36.6882,8916881238133207675
sorted_array,32768,8,36.5707,8916881238133207675
sorted_array,32768,9,36.9385,8916881238133207675
sorted_array,32768,10,36.7538,8916881238133207675
sorted_array,32768,11,36.5463,8916881238133207675
sorted_array,32768,12,36.7172,8916881238133207675
sorted_array,32768,13,36.8195,8916881238133207675
sorted_array,32768,14,36.7279,8916881238133207675
btree8,32768,0,50.4730,8916881238133207675
btree8,32768,1,46.9742,8916881238133207675
btree8,32768,2,47.2336,8916881238133207675
btree8,32768,3,47.1283,8916881238133207675
btree8,32768,4,47.1008,8916881238133207675
btree8,32768,5,47.1100,8916881238133207675
btree8,32768,6,47.1939,8916881238133207675
btree8,32768,7,47.0230,8916881238133207675
btree8,32768,8,47.5983,8916881238133207675
btree8,32768,9,47.0123,8916881238133207675
btree8,32768,10,47.1130,8916881238133207675
btree8,32768,11,47.0535,8916881238133207675
btree8,32768,12,46.8231,8916881238133207675
btree8,32768,13,47.0947,8916881238133207675
btree8,32768,14,46.8811,8916881238133207675
btree8_bl,32768,0,46.0419,8916881238133207675
btree8_bl,32768,1,41.5314,8916881238133207675
btree8_bl,32768,2,40.5777,8916881238133207675
btree8_bl,32768,3,41.0614,8916881238133207675
btree8_bl,32768,4,40.5579,8916881238133207675
btree8_bl,32768,5,40.6158,8916881238133207675
btree8_bl,32768,6,40.5396,8916881238133207675
btree8_bl,32768,7,40.7135,8916881238133207675
btree8_bl,32768,8,40.6921,8916881238133207675
btree8_bl,32768,9,40.5579,8916881238133207675
btree8_bl,32768,10,40.4938,8916881238133207675
btree8_bl,32768,11,40.5502,8916881238133207675
btree8_bl,32768,12,40.5975,8916881238133207675
btree8_bl,32768,13,40.6342,8916881238133207675
btree8_bl,32768,14,41.0889,8916881238133207675
btree8_a64,32768,0,51.5121,8916881238133207675
btree8_a64,32768,1,45.2087,8916881238133207675
btree8_a64,32768,2,45.1172,8916881238133207675
btree8_a64,32768,3,45.1736,8916881238133207675
btree8_a64,32768,4,45.0150,8916881238133207675
btree8_a64,32768,5,44.9783,8916881238133207675
btree8_a64,32768,6,45.0058,8916881238133207675
btree8_a64,32768,7,45.0623,8916881238133207675
btree8_a64,32768,8,45.0287,8916881238133207675
btree8_a64,32768,9,45.1263,8916881238133207675
btree8_a64,32768,10,45.1965,8916881238133207675
btree8_a64,32768,11,45.0226,8916881238133207675
btree8_a64,32768,12,45.0882,8916881238133207675
btree8_a64,32768,13,45.1508,8916881238133207675
btree8_a64,32768,14,44.9173,8916881238133207675
btree8_bl_a64,32768,0,46.2143,8916881238133207675
btree8_bl_a64,32768,1,38.7436,8916881238133207675
btree8_bl_a64,32768,2,38.4094,8916881238133207675
btree8_bl_a64,32768,3,38.5193,8916881238133207675
btree8_bl_a64,32768,4,38.5895,8916881238133207675
btree8_bl_a64,32768,5,38.5559,8916881238133207675
btree8_bl_a64,32768,6,38.4415,8916881238133207675
btree8_bl_a64,32768,7,38.4064,8916881238133207675
btree8_bl_a64,32768,8,38.4323,8916881238133207675
btree8_bl_a64,32768,9,38.3713,8916881238133207675
btree8_bl_a64,32768,10,38.3759,8916881238133207675
btree8_bl_a64,32768,11,38.3957,8916881238133207675
btree8_bl_a64,32768,12,38.3987,8916881238133207675
btree8_bl_a64,32768,13,38.3804,8916881238133207675
btree8_bl_a64,32768,14,38.5132,8916881238133207675
btree16_bl_a64,32768,0,43.5394,8916881238133207675
btree16_bl_a64,32768,1,34.8297,8916881238133207675
btree16_bl_a64,32768,2,34.6497,8916881238133207675
btree16_bl_a64,32768,3,34.8190,8916881238133207675
btree16_bl_a64,32768,4,34.9426,8916881238133207675
btree16_bl_a64,32768,5,34.6588,8916881238133207675
btree16_bl_a64,32768,6,35.1547,8916881238133207675
btree16_bl_a64,32768,7,34.6329,8916881238133207675
btree16_bl_a64,32768,8,34.7565,8916881238133207675
btree16_bl_a64,32768,9,48.9380,8916881238133207675
btree16_bl_a64,32768,10,34.6954,8916881238133207675
btree16_bl_a64,32768,11,34.6924,8916881238133207675
btree16_bl_a64,32768,12,36.2823,8916881238133207675
btree16_bl_a64,32768,13,35.0311,8916881238133207675
btree16_bl_a64,32768,14,37.7487,8916881238133207675
fusion8,32768,0,94.7128,8916881238133207675
fusion8,32768,1,80.4230,8916881238133207675
fusion8,32768,2,80.1666,8916881238133207675
fusion8,32768,3,80.2261,8916881238133207675
fusion8,32768,4,80.2460,8916881238133207675
fusion8,32768,5,80.0339,8916881238133207675
fusion8,32768,6,80.0003,8916881238133207675
fusion8,32768,7,80.0720,8916881238133207675
fusion8,32768,8,80.0369,8916881238133207675
fusion8,32768,9,80.0629,8916881238133207675
fusion8,32768,10,80.0522,8916881238133207675
fusion8,32768,11,87.6663,8916881238133207675
fusion8,32768,12,80.1239,8916881238133207675
fusion8,32768,13,80.0064,8916881238133207675
fusion8,32768,14,80.0003,8916881238133207675
fusion8_bf,32768,0,96.0358,8916881238133207675
fusion8_bf,32768,1,88.0920,8916881238133207675
fusion8_bf,32768,2,87.9349,8916881238133207675
fusion8_bf,32768,3,88.0753,8916881238133207675
fusion8_bf,32768,4,87.7548,8916881238133207675
fusion8_bf,32768,5,87.9440,8916881238133207675
fusion8_bf,32768,6,87.7411,8916881238133207675
fusion8_bf,32768,7,87.6480,8916881238133207675
fusion8_bf,32768,8,87.7701,8916881238133207675
fusion8_bf,32768,9,87.7960,8916881238133207675
fusion8_bf,32768,10,87.8036,8916881238133207675
fusion8_bf,32768,11,87.6846,8916881238133207675
fusion8_bf,32768,12,87.9623,8916881238133207675
fusion8_bf,32768,13,87.8342,8916881238133207675
fusion8_bf,32768,14,87.8174,8916881238133207675
fusion8_c,32768,0,94.5496,8916881238133207675
fusion8_c,32768,1,87.3276,8916881238133207675
fusion8_c,32768,2,87.0682,8916881238133207675
fusion8_c,32768,3,87.0026,8916881238133207675
fusion8_c,32768,4,86.9278,8916881238133207675
fusion8_c,32768,5,86.9827,8916881238133207675
fusion8_c,32768,6,86.8866,8916881238133207675
fusion8_c,32768,7,88.3316,8916881238133207675
fusion8_c,32768,8,86.8866,8916881238133207675
fusion8_c,32768,9,86.8668,8916881238133207675
fusion8_c,32768,10,86.8454,8916881238133207675
fusion8_c,32768,11,87.1078,8916881238133207675
fusion8_c,32768,12,86.9583,8916881238133207675
fusion8_c,32768,13,86.9537,8916881238133207675
fusion8_c,32768,14,87.4481,8916881238133207675
fusion16_w,32768,0,95.7443,8916881238133207675
fusion16_w,32768,1,88.0600,8916881238133207675
fusion16_w,32768,2,87.9364,8916881238133207675
fusion16_w,32768,3,88.0142,8916881238133207675
fusion16_w,32768,4,88.0356,8916881238133207675
fusion16_w,32768,5,87.8799,8916881238133207675
fusion16_w,32768,6,87.9761,8916881238133207675
fusion16_w,32768,7,88.1378,8916881238133207675
fusion16_w,32768,8,88.0112,8916881238133207675
fusion16_w,32768,9,87.5839,8916881238133207675
fusion16_w,32768,10,89.4714,8916881238133207675
fusion16_w,32768,11,87.9196,8916881238133207675
fusion16_w,32768,12,88.0371,8916881238133207675
fusion16_w,32768,13,87.9257,8916881238133207675
fusion16_w,32768,14,89.3265,8916881238133207675
sorted_array,65536,0,49.1333,13538052259203909017
sorted_array,65536,1,46.7819,13538052259203909017
sorted_array,65536,2,46.7087,13538052259203909017
sorted_array,65536,3,46.7850,13538052259203909017
sorted_array,65536,4,46.7957,13538052259203909017
sorted_array,65536,5,46.9528,13538052259203909017
sorted_array,65536,6,46.7712,13538052259203909017
sorted_array,65536,7,46.7331,13538052259203909017
sorted_array,65536,8,47.6303,13538052259203909017
sorted_array,65536,9,46.7728,13538052259203909017
sorted_array,65536,10,46.7697,13538052259203909017
sorted_array,65536,11,46.5759,13538052259203909017
sorted_array,65536,12,46.5576,13538052259203909017
sorted_array,65536,13,46.7606,13538052259203909017
sorted_array,65536,14,46.9894,13538052259203909017
btree8,65536,0,58.8120,13538052259203909017
btree8,65536,1,52.6428,13538052259203909017
btree8,65536,2,53.7018,13538052259203909017
btree8,65536,3,52.8488,13538052259203909017
btree8,65536,4,53.3905,13538052259203909017
btree8,65536,5,52.7908,13538052259203909017
btree8,65536,6,52.9388,13538052259203909017
btree8,65536,7,52.7603,13538052259203909017
btree8,65536,8,52.8549,13538052259203909017
btree8,65536,9,52.8641,13538052259203909017
btree8,65536,10,53.6438,13538052259203909017
btree8,65536,11,52.0920,13538052259203909017
btree8,65536,12,52.1088,13538052259203909017
btree8,65536,13,52.7527,13538052259203909017
btree8,65536,14,52.5894,13538052259203909017
btree8_bl,65536,0,51.6159,13538052259203909017
btree8_bl,65536,1,44.1620,13538052259203909017
btree8_bl,65536,2,45.1767,13538052259203909017
btree8_bl,65536,3,44.2154,13538052259203909017
btree8_bl,65536,4,44.2032,13538052259203909017
btree8_bl,65536,5,43.9957,13538052259203909017
btree8_bl,65536,6,43.2602,13538052259203909017
btree8_bl,65536,7,43.8339,13538052259203909017
btree8_bl,65536,8,44.0308,13538052259203909017
btree8_bl,65536,9,44.0598,13538052259203909017
btree8_bl,65536,10,44.0491,13538052259203909017
btree8_bl,65536,11,44.1376,13538052259203909017
btree8_bl,65536,12,44.1330,13538052259203909017
btree8_bl,65536,13,44.2520,13538052259203909017
btree8_bl,65536,14,44.1757,13538052259203909017
btree8_a64,65536,0,57.4844,13538052259203909017
btree8_a64,65536,1,51.2711,13538052259203909017
btree8_a64,65536,2,51.0956,13538052259203909017
btree8_a64,65536,3,51.1810,13538052259203909017
btree8_a64,65536,4,51.2527,13538052259203909017
btree8_a64,65536,5,51.2619,13538052259203909017
btree8_a64,65536,6,51.3535,13538052259203909017
btree8_a64,65536,7,51.2375,13538052259203909017
btree8_a64,65536,8,51.2650,13538052259203909017
btree8_a64,65536,9,51.0681,13538052259203909017
btree8_a64,65536,10,50.9857,13538052259203909017
btree8_a64,65536,11,51.0498,13538052259203909017
btree8_a64,65536,12,50.7950,13538052259203909017
btree8_a64,65536,13,50.9323,13538052259203909017
btree8_a64,65536,14,51.0590,13538052259203909017
btree8_bl_a64,65536,0,50.2319,13538052259203909017
btree8_bl_a64,65536,1,42.8162,13538052259203909017
btree8_bl_a64,65536,2,43.9148,13538052259203909017
btree8_bl_a64,65536,3,43.2602,13538052259203909017
btree8_bl_a64,65536,4,42.5934,13538052259203909017
btree8_bl_a64,65536,5,42.6010,13538052259203909017
btree8_bl_a64,65536,6,42.6727,13538052259203909017
btree8_bl_a64,65536,7,42.6132,13538052259203909017
btree8_bl_a64,65536,8,43.0222,13538052259203909017
btree8_bl_a64,65536,9,42.8101,13538052259203909017
btree8_bl_a64,65536,10,42.5064,13538052259203909017
btree8_bl_a64,65536,11,42.6285,13538052259203909017
btree8_bl_a64,65536,12,42.6636,13538052259203909017
btree8_bl_a64,65536,13,42.8070,13538052259203909017
btree8_bl_a64,65536,14,42.8329,13538052259203909017
btree16_bl_a64,65536,0,50.9857,13538052259203909017
btree16_bl_a64,65536,1,34.5001,13538052259203909017
btree16_bl_a64,65536,2,34.4940,13538052259203909017
btree16_bl_a64,65536,3,34.5078,13538052259203909017
btree16_bl_a64,65536,4,34.2239,13538052259203909017
btree16_bl_a64,65536,5,35.1257,13538052259203909017
btree16_bl_a64,65536,6,34.5291,13538052259203909017
btree16_bl_a64,65536,7,34.4757,13538052259203909017
btree16_bl_a64,65536,8,35.5957,13538052259203909017
btree16_bl_a64,65536,9,34.4971,13538052259203909017
btree16_bl_a64,65536,10,34.7794,13538052259203909017
btree16_bl_a64,65536,11,34.4604,13538052259203909017
btree16_bl_a64,65536,12,38.3804,13538052259203909017
btree16_bl_a64,65536,13,36.9324,13538052259203909017
btree16_bl_a64,65536,14,62.4496,13538052259203909017
fusion8,65536,0,129.8950,13538052259203909017
fusion8,65536,1,92.1356,13538052259203909017
fusion8,65536,2,86.3190,13538052259203909017
fusion8,65536,3,86.0672,13538052259203909017
fusion8,65536,4,86.1908,13538052259203909017
fusion8,65536,5,84.7702,13538052259203909017
fusion8,65536,6,85.7330,13538052259203909017
fusion8,65536,7,86.2122,13538052259203909017
fusion8,65536,8,87.9150,13538052259203909017
fusion8,65536,9,86.0794,13538052259203909017
fusion8,65536,10,85.9451,13538052259203909017
fusion8,65536,11,86.1206,13538052259203909017
fusion8,65536,12,85.5255,13538052259203909017
fusion8,65536,13,86.2366,13538052259203909017
fusion8,65536,14,85.7971,13538052259203909017
fusion8_bf,65536,0,108.0765,13538052259203909017
fusion8_bf,65536,1,93.8416,13538052259203909017
fusion8_bf,65536,2,92.5827,13538052259203909017
fusion8_bf,65536,3,93.7805,13538052259203909017
fusion8_bf,65536,4,93.6462,13538052259203909017
fusion8_bf,65536,5,93.5730,13538052259203909017
fusion8_bf,65536,6,93.4738,13538052259203909017
fusion8_bf,65536,7,92.9428,13538052259203909017
fusion8_bf,65536,8,93.6829,13538052259203909017
fusion8_bf,65536,9,93.4753,13538052259203909017
fusion8_bf,65536,10,93.7515,13538052259203909017
fusion8_bf,65536,11,93.6356,13538052259203909017
fusion8_bf,65536,12,93.6981,13538052259203909017
fusion8_bf,65536,13,93.5883,13538052259203909017
fusion8_bf,65536,14,93.5165,13538052259203909017
fusion8_c,65536,0,109.6024,13538052259203909017
fusion8_c,65536,1,95.6314,13538052259203909017
fusion8_c,65536,2,96.5088,13538052259203909017
fusion8_c,65536,3,96.2814,13538052259203909017
fusion8_c,65536,4,95.8939,13538052259203909017
fusion8_c,65536,5,95.9061,13538052259203909017
fusion8_c,65536,6,96.9971,13538052259203909017
fusion8_c,65536,7,96.7850,13538052259203909017
fusion8_c,65536,8,96.3455,13538052259203909017
fusion8_c,65536,9,92.7536,13538052259203909017
fusion8_c,65536,10,92.7902,13538052259203909017
fusion8_c,65536,11,92.6208,13538052259203909017
fusion8_c,65536,12,92.7475,13538052259203909017
fusion8_c,65536,13,93.0435,13538052259203909017
fusion8_c,65536,14,92.8833,13538052259203909017
fusion16_w,65536,0,98.7000,13538052259203909017
fusion16_w,65536,1,89.5309,13538052259203909017
fusion16_w,65536,2,89.3814,13538052259203909017
fusion16_w,65536,3,89.7018,13538052259203909017
fusion16_w,65536,4,89.4135,13538052259203909017
fusion16_w,65536,5,88.1531,13538052259203909017
fusion16_w,65536,6,89.3585,13538052259203909017
fusion16_w,65536,7,89.2288,13538052259203909017
fusion16_w,65536,8,87.9395,13538052259203909017
fusion16_w,65536,9,87.9379,13538052259203909017
fusion16_w,65536,10,89.2944,13538052259203909017
fusion16_w,65536,11,89.5050,13538052259203909017
fusion16_w,65536,12,90.2649,13538052259203909017
fusion16_w,65536,13,88.7131,13538052259203909017
fusion16_w,65536,14,89.3921,13538052259203909017
sorted_array,131072,0,62.6450,18322359750267561758
sorted_array,131072,1,57.2906,18322359750267561758
sorted_array,131072,2,56.9931,18322359750267561758
sorted_array,131072,3,57.3944,18322359750267561758
sorted_array,131072,4,58.0734,18322359750267561758
sorted_array,131072,5,56.8329,18322359750267561758
sorted_array,131072,6,56.8481,18322359750267561758
sorted_array,131072,7,57.4539,18322359750267561758
sorted_array,131072,8,56.8375,18322359750267561758
sorted_array,131072,9,57.0709,18322359750267561758
sorted_array,131072,10,56.8207,18322359750267561758
sorted_array,131072,11,56.8848,18322359750267561758
sorted_array,131072,12,57.6187,18322359750267561758
sorted_array,131072,13,56.8649,18322359750267561758
sorted_array,131072,14,57.1518,18322359750267561758
btree8,131072,0,93.2266,18322359750267561758
btree8,131072,1,70.1721,18322359750267561758
btree8,131072,2,69.9799,18322359750267561758
btree8,131072,3,69.9234,18322359750267561758
btree8,131072,4,69.9783,18322359750267561758
btree8,131072,5,70.5948,18322359750267561758
btree8,131072,6,70.3690,18322359750267561758
btree8,131072,7,70.8267,18322359750267561758
btree8,131072,8,70.3751,18322359750267561758
btree8,131072,9,69.3207,18322359750267561758
btree8,131072,10,70.3751,18322359750267561758
btree8,131072,11,69.6533,18322359750267561758
btree8,131072,12,69.9524,18322359750267561758
btree8,131072,13,69.2444,18322359750267561758
btree8,131072,14,69.4290,18322359750267561758
btree8_bl,131072,0,102.7100,18322359750267561758
btree8_bl,131072,1,64.4028,18322359750267561758
btree8_bl,131072,2,63.4186,18322359750267561758
btree8_bl,131072,3,62.0590,18322359750267561758
btree8_bl,131072,4,61.9232,18322359750267561758
btree8_bl,131072,5,63.5437,18322359750267561758
btree8_bl,131072,6,63.5284,18322359750267561758
btree8_bl,131072,7,61.9583,18322359750267561758
btree8_bl,131072,8,61.9232,18322359750267561758
btree8_bl,131072,9,62.5381,18322359750267561758
btree8_bl,131072,10,61.9659,18322359750267561758
btree8_bl,131072,11,62.0224,18322359750267561758
btree8_bl,131072,12,61.9278,18322359750267561758
btree8_bl,131072,13,62.2787,18322359750267561758
btree8_bl,131072,14,62.4161,18322359750267561758
btree8_a64,131072,0,107.7164,18322359750267561758
btree8_a64,131072,1,70.2621,18322359750267561758
btree8_a64,131072,2,70.7794,18322359750267561758
btree8_a64,131072,3,70.7443,18322359750267561758
btree8_a64,131072,4,69.9432,18322359750267561758
btree8_a64,131072,5,70.2194,18322359750267561758
btree8_a64,131072,6,69.6686,18322359750267561758
btree8_a64,131072,7,70.0562,18322359750267561758
btree8_a64,131072,8,69.5511,18322359750267561758
btree8_a64,131072,9,70.4437,18322359750267561758
btree8_a64,131072,10,69.3497,18322359750267561758
btree8_a64,131072,11,69.5831,18322359750267561758
btree8_a64,131072,12,71.8002,18322359750267561758
btree8_a64,131072,13,73.3337,18322359750267561758
btree8_a64,131072,14,84.9106,18322359750267561758
btree8_bl_a64,131072,0,162.5870,18322359750267561758
btree8_bl_a64,131072,1,88.7451,18322359750267561758
btree8_bl_a64,131072,2,67.9535,18322359750267561758
btree8_bl_a64,131072,3,61.6287,18322359750267561758
btree8_bl_a64,131072,4,59.4772,18322359750267561758
btree8_bl_a64,131072,5,60.9344,18322359750267561758
btree8_bl_a64,131072,6,61.6989,18322359750267561758
btree8_bl_a64,131072,7,59.9014,18322359750267561758
btree8_bl_a64,131072,8,59.0805,18322359750267561758
btree8_bl_a64,131072,9,58.9874,18322359750267561758
btree8_bl_a64,131072,10,58.9661,18322359750267561758
btree8_bl_a64,131072,11,59.1156,18322359750267561758
btree8_bl_a64,131072,12,58.9371,18322359750267561758
btree8_bl_a64,131072,13,59.8953,18322359750267561758
btree8_bl_a64,131072,14,59.1736,18322359750267561758
btree16_bl_a64,131072,0,99.9893,18322359750267561758
btree16_bl_a64,131072,1,62.0422,18322359750267561758
btree16_bl_a64,131072,2,59.7824,18322359750267561758
btree16_bl_a64,131072,3,62.5504,18322359750267561758
btree16_bl_a64,131072,4,59.9960,18322359750267561758
btree16_bl_a64,131072,5,59.8389,18322359750267561758
btree16_bl_a64,131072,6,60.0632,18322359750267561758
btree16_bl_a64,131072,7,60.2081,18322359750267561758
btree16_bl_a64,131072,8,60.1608,18322359750267561758
btree16_bl_a64,131072,9,59.7290,18322359750267561758
btree16_bl_a64,131072,10,59.7214,18322359750267561758
btree16_bl_a64,131072,11,62.1841,18322359750267561758
btree16_bl_a64,131072,12,60.0998,18322359750267561758
btree16_bl_a64,131072,13,59.8145,18322359750267561758
btree16_bl_a64,131072,14,59.6832,18322359750267561758
fusion8,131072,0,163.5345,18322359750267561758
fusion8,131072,1,117.8009,18322359750267561758
fusion8,131072,2,119.2719,18322359750267561758
fusion8,131072,3,128.9841,18322359750267561758
fusion8,131072,4,132.9376,18322359750267561758
fusion8,131072,5,122.2595,18322359750267561758
fusion8,131072,6,117.5781,18322359750267561758
fusion8,131072,7,120.0974,18322359750267561758
fusion8,131072,8,123.6481,18322359750267561758
fusion8,131072,9,129.3213,18322359750267561758
fusion8,131072,10,125.0854,18322359750267561758
fusion8,131072,11,116.2338,18322359750267561758
fusion8,131072,12,116.0461,18322359750267561758
fusion8,131072,13,114.2532,18322359750267561758
fusion8,131072,14,114.8056,18322359750267561758
fusion8_bf,131072,0,182.0755,18322359750267561758
fusion8_bf,131072,1,126.0605,18322359750267561758
fusion8_bf,131072,2,124.5651,18322359750267561758
fusion8_bf,131072,3,123.9090,18322359750267561758
fusion8_bf,131072,4,126.6403,18322359750267561758
fusion8_bf,131072,5,125.1740,18322359750267561758
fusion8_bf,131072,6,125.1846,18322359750267561758
fusion8_bf,131072,7,123.5779,18322359750267561758
fusion8_bf,131072,8,124.9557,18322359750267561758
fusion8_bf,131072,9,122.4731,18322359750267561758
fusion8_bf,131072,10,125.4623,18322359750267561758
fusion8_bf,131072,11,122.8149,18322359750267561758
fusion8_bf,131072,12,123.2224,18322359750267561758
fusion8_bf,131072,13,123.2880,18322359750267561758
fusion8_bf,131072,14,126.4938,18322359750267561758
fusion8_c,131072,0,162.5595,18322359750267561758
fusion8_c,131072,1,118.8156,18322359750267561758
fusion8_c,131072,2,119.6884,18322359750267561758
fusion8_c,131072,3,118.7424,18322359750267561758
fusion8_c,131072,4,116.2399,18322359750267561758
fusion8_c,131072,5,115.2969,18322359750267561758
fusion8_c,131072,6,114.5645,18322359750267561758
fusion8_c,131072,7,115.8890,18322359750267561758
fusion8_c,131072,8,114.3967,18322359750267561758
fusion8_c,131072,9,115.6586,18322359750267561758
fusion8_c,131072,10,114.4119,18322359750267561758
fusion8_c,131072,11,115.8829,18322359750267561758
fusion8_c,131072,12,114.0640,18322359750267561758
fusion8_c,131072,13,116.0477,18322359750267561758
fusion8_c,131072,14,114.9323,18322359750267561758
fusion16_w,131072,0,157.9132,18322359750267561758
fusion16_w,131072,1,124.3286,18322359750267561758
fusion16_w,131072,2,126.7288,18322359750267561758
fusion16_w,131072,3,125.7034,18322359750267561758
fusion16_w,131072,4,120.7077,18322359750267561758
fusion16_w,131072,5,120.4071,18322359750267561758
fusion16_w,131072,6,119.9158,18322359750267561758
fusion16_w,131072,7,118.9941,18322359750267561758
fusion16_w,131072,8,122.3526,18322359750267561758
fusion16_w,131072,9,119.0231,18322359750267561758
fusion16_w,131072,10,122.5906,18322359750267561758
fusion16_w,131072,11,121.3974,18322359750267561758
fusion16_w,131072,12,134.6817,18322359750267561758
fusion16_w,131072,13,152.5253,18322359750267561758
fusion16_w,131072,14,130.4962,18322359750267561758
sorted_array,262144,0,77.5543,10037066851814254848
sorted_array,262144,1,67.5888,10037066851814254848
sorted_array,262144,2,66.5756,10037066851814254848
sorted_array,262144,3,65.8798,10037066851814254848
sorted_array,262144,4,65.9866,10037066851814254848
sorted_array,262144,5,66.9952,10037066851814254848
sorted_array,262144,6,66.3361,10037066851814254848
sorted_array,262144,7,65.8371,10037066851814254848
sorted_array,262144,8,66.7511,10037066851814254848
sorted_array,262144,9,67.1829,10037066851814254848
sorted_array,262144,10,67.1829,10037066851814254848
sorted_array,262144,11,66.4810,10037066851814254848
sorted_array,262144,12,66.8808,10037066851814254848
sorted_array,262144,13,66.7007,10037066851814254848
sorted_array,262144,14,65.9073,10037066851814254848
btree8,262144,0,100.8804,10037066851814254848
btree8,262144,1,75.7324,10037066851814254848
btree8,262144,2,76.6876,10037066851814254848
btree8,262144,3,78.4927,10037066851814254848
btree8,262144,4,76.1734,10037066851814254848
btree8,262144,5,75.0839,10037066851814254848
btree8,262144,6,75.7767,10037066851814254848
btree8,262144,7,73.3383,10037066851814254848
btree8,262144,8,72.5098,10037066851814254848
btree8,262144,9,72.7386,10037066851814254848
btree8,262144,10,73.5428,10037066851814254848
btree8,262144,11,72.4152,10037066851814254848
btree8,262144,12,73.9227,10037066851814254848
btree8,262144,13,72.3618,10037066851814254848
btree8,262144,14,72.2427,10037066851814254848
btree8_bl,262144,0,120.2927,10037066851814254848
btree8_bl,262144,1,66.7648,10037066851814254848
btree8_bl,262144,2,66.0812,10037066851814254848
btree8_bl,262144,3,65.4480,10037066851814254848
btree8_bl,262144,4,66.5848,10037066851814254848
btree8_bl,262144,5,66.0110,10037066851814254848
btree8_bl,262144,6,65.2618,10037066851814254848
btree8_bl,262144,7,65.3580,10037066851814254848
btree8_bl,262144,8,65.4251,10037066851814254848
btree8_bl,262144,9,65.3107,10037066851814254848
btree8_bl,262144,10,65.6830,10037066851814254848
btree8_bl,262144,11,64.9765,10037066851814254848
btree8_bl,262144,12,65.5212,10037066851814254848
btree8_bl,262144,13,65.8463,10037066851814254848
btree8_bl,262144,14,65.1978,10037066851814254848
btree8_a64,262144,0,104.3991,10037066851814254848
btree8_a64,262144,1,72.5143,10037066851814254848
btree8_a64,262144,2,71.5988,10037066851814254848
btree8_a64,262144,3,71.3913,10037066851814254848
btree8_a64,262144,4,71.2357,10037066851814254848
btree8_a64,262144,5,71.2967,10037066851814254848
btree8_a64,262144,6,71.2418,10037066851814254848
btree8_a64,262144,7,72.3404,10037066851814254848
btree8_a64,262144,8,72.0383,10037066851814254848
btree8_a64,262144,9,71.6232,10037066851814254848
btree8_a64,262144,10,72.0215,10037066851814254848
btree8_a64,262144,11,71.9101,10037066851814254848
btree8_a64,262144,12,72.7402,10037066851814254848
btree8_a64,262144,13,71.5729,10037066851814254848
btree8_a64,262144,14,72.1222,10037066851814254848
btree8_bl_a64,262144,0,127.2980,10037066851814254848
btree8_bl_a64,262144,1,63.5574,10037066851814254848
btree8_bl_a64,262144,2,61.8805,10037066851814254848
btree8_bl_a64,262144,3,62.4527,10037066851814254848
btree8_bl_a64,262144,4,62.0911,10037066851814254848
btree8_bl_a64,262144,5,61.9675,10037066851814254848
btree8_bl_a64,262144,6,62.0224,10037066851814254848
btree8_bl_a64,262144,7,62.0590,10037066851814254848
btree8_bl_a64,262144,8,62.1475,10037066851814254848
btree8_bl_a64,262144,9,61.6257,10037066851814254848
btree8_bl_a64,262144,10,62.5504,10037066851814254848
btree8_bl_a64,262144,11,61.6730,10037066851814254848
btree8_bl_a64,262144,12,62.8571,10037066851814254848
btree8_bl_a64,262144,13,61.8423,10037066851814254848
btree8_bl_a64,262144,14,61.4777,10037066851814254848
btree16_bl_a64,262144,0,160.2341,10037066851814254848
btree16_bl_a64,262144,1,83.4320,10037066851814254848
btree16_bl_a64,262144,2,74.5056,10037066851814254848
btree16_bl_a64,262144,3,78.0838,10037066851814254848
btree16_bl_a64,262144,4,76.0269,10037066851814254848
btree16_bl_a64,262144,5,76.0559,10037066851814254848
btree16_bl_a64,262144,6,76.0254,10037066851814254848
btree16_bl_a64,262144,7,77.6550,10037066851814254848
btree16_bl_a64,262144,8,75.4700,10037066851814254848
btree16_bl_a64,262144,9,76.9287,10037066851814254848
btree16_bl_a64,262144,10,75.2151,10037066851814254848
btree16_bl_a64,262144,11,75.6989,10037066851814254848
btree16_bl_a64,262144,12,79.3533,10037066851814254848
btree16_bl_a64,262144,13,84.4070,10037066851814254848
btree16_bl_a64,262144,14,76.9104,10037066851814254848
fusion8,262144,0,181.8420,10037066851814254848
fusion8,262144,1,127.0615,10037066851814254848
fusion8,262144,2,124.0097,10037066851814254848
fusion8,262144,3,122.5769,10037066851814254848
fusion8,262144,4,123.3902,10037066851814254848
fusion8,262144,5,123.1277,10037066851814254848
fusion8,262144,6,123.2666,10037066851814254848
fusion8,262144,7,124.6307,10037066851814254848
fusion8,262144,8,123.5046,10037066851814254848
fusion8,262144,9,124.8688,10037066851814254848
fusion8,262144,10,126.0712,10037066851814254848
fusion8,262144,11,122.9507,10037066851814254848
fusion8,262144,12,123.3200,10037066851814254848
fusion8,262144,13,123.5657,10037066851814254848
fusion8,262144,14,123.5336,10037066851814254848
fusion8_bf,262144,0,183.5510,10037066851814254848
fusion8_bf,262144,1,133.0887,10037066851814254848
fusion8_bf,262144,2,135.4050,10037066851814254848
fusion8_bf,262144,3,130.6519,10037066851814254848
fusion8_bf,262144,4,130.8701,10037066851814254848
fusion8_bf,262144,5,131.1600,10037066851814254848
fusion8_bf,262144,6,133.4473,10037066851814254848
fusion8_bf,262144,7,130.6641,10037066851814254848
fusion8_bf,262144,8,131.9595,10037066851814254848
fusion8_bf,262144,9,131.3828,10037066851814254848
fusion8_bf,262144,10,133.5114,10037066851814254848
fusion8_bf,262144,11,136.2473,10037066851814254848
fusion8_bf,262144,12,162.6404,10037066851814254848
fusion8_bf,262144,13,167.4026,10037066851814254848
fusion8_bf,262144,14,184.2361,10037066851814254848
fusion8_c,262144,0,174.2966,10037066851814254848
fusion8_c,262144,1,131.8588,10037066851814254848
fusion8_c,262144,2,133.5144,10037066851814254848
fusion8_c,262144,3,131.3187,10037066851814254848
fusion8_c,262144,4,127.0157,10037066851814254848
fusion8_c,262144,5,125.7828,10037066851814254848
fusion8_c,262144,6,125.3860,10037066851814254848
fusion8_c,262144,7,131.6681,10037066851814254848
fusion8_c,262144,8,126.7441,10037066851814254848
fusion8_c,262144,9,126.2650,10037066851814254848
fusion8_c,262144,10,125.3784,10037066851814254848
fusion8_c,262144,11,131.4865,10037066851814254848
fusion8_c,262144,12,133.8562,10037066851814254848
fusion8_c,262144,13,126.4450,10037066851814254848
fusion8_c,262144,14,126.6129,10037066851814254848
fusion16_w,262144,0,196.0815,10037066851814254848
fusion16_w,262144,1,159.7015,10037066851814254848
fusion16_w,262144,2,155.8319,10037066851814254848
fusion16_w,262144,3,150.2243,10037066851814254848
fusion16_w,262144,4,141.7297,10037066851814254848
fusion16_w,262144,5,139.8346,10037066851814254848
fusion16_w,262144,6,139.3906,10037066851814254848
fusion16_w,262144,7,138.3591,10037066851814254848
fusion16_w,262144,8,141.7709,10037066851814254848
fusion16_w,262144,9,138.8535,10037066851814254848
fusion16_w,262144,10,143.2571,10037066851814254848
fusion16_w,262144,11,140.7303,10037066851814254848
fusion16_w,262144,12,142.8482,10037066851814254848
fusion16_w,262144,13,140.8447,10037066851814254848
fusion16_w,262144,14,141.2766,10037066851814254848
sorted_array,524288,0,129.1260,12494368574949970434
sorted_array,524288,1,106.2897,12494368574949970434
sorted_array,524288,2,105.4794,12494368574949970434
sorted_array,524288,3,105.6702,12494368574949970434
sorted_array,524288,4,105.9265,12494368574949970434
sorted_array,524288,5,106.0226,12494368574949970434
sorted_array,524288,6,105.5786,12494368574949970434
sorted_array,524288,7,105.9555,12494368574949970434
sorted_array,524288,8,105.5771,12494368574949970434
sorted_array,524288,9,105.6625,12494368574949970434
sorted_array,524288,10,105.7877,12494368574949970434
sorted_array,524288,11,105.8975,12494368574949970434
sorted_array,524288,12,106.0715,12494368574949970434
sorted_array,524288,13,106.0226,12494368574949970434
sorted_array,524288,14,106.2744,12494368574949970434
btree8,524288,0,101.4725,12494368574949970434
btree8,524288,1,75.3769,12494368574949970434
btree8,524288,2,74.5926,12494368574949970434
btree8,524288,3,74.1379,12494368574949970434
btree8,524288,4,74.2004,12494368574949970434
btree8,524288,5,73.9624,12494368574949970434
btree8,524288,6,73.9243,12494368574949970434
btree8,524288,7,74.2920,12494368574949970434
btree8,524288,8,74.3988,12494368574949970434
btree8,524288,9,74.0799,12494368574949970434
btree8,524288,10,73.7488,12494368574949970434
btree8,524288,11,73.9853,12494368574949970434
btree8,524288,12,73.6740,12494368574949970434
btree8,524288,13,73.5504,12494368574949970434
btree8,524288,14,73.9212,12494368574949970434
btree8_bl,524288,0,135.3821,12494368574949970434
btree8_bl,524288,1,68.0496,12494368574949970434
btree8_bl,524288,2,68.6829,12494368574949970434
btree8_bl,524288,3,68.8873,12494368574949970434
btree8_bl,524288,4,67.9581,12494368574949970434
btree8_bl,524288,5,67.7383,12494368574949970434
btree8_bl,524288,6,68.0084,12494368574949970434
btree8_bl,524288,7,66.7419,12494368574949970434
btree8_bl,524288,8,66.5054,12494368574949970434
btree8_bl,524288,9,69.5953,12494368574949970434
btree8_bl,524288,10,66.7480,12494368574949970434
btree8_bl,524288,11,71.2341,12494368574949970434
btree8_bl,524288,12,67.1341,12494368574949970434
btree8_bl,524288,13,67.6956,12494368574949970434
btree8_bl,524288,14,67.5507,12494368574949970434
btree8_a64,524288,0,108.5709,12494368574949970434
btree8_a64,524288,1,75.3601,12494368574949970434
btree8_a64,524288,2,75.2457,12494368574949970434
btree8_a64,524288,3,74.4614,12494368574949970434
btree8_a64,524288,4,74.3149,12494368574949970434
btree8_a64,524288,5,76.0223,12494368574949970434
btree8_a64,524288,6,74.8734,12494368574949970434
btree8_a64,524288,7,75.3983,12494368574949970434
btree8_a64,524288,8,74.6140,12494368574949970434
btree8_a64,524288,9,74.0662,12494368574949970434
btree8_a64,524288,10,74.9268,12494368574949970434
btree8_a64,524288,11,73.2178,12494368574949970434
btree8_a64,524288,12,72.8851,12494368574949970434
btree8_a64,524288,13,72.8180,12494368574949970434
btree8_a64,524288,14,72.8424,12494368574949970434
btree8_bl_a64,524288,0,121.1868,12494368574949970434
btree8_bl_a64,524288,1,64.0503,12494368574949970434
btree8_bl_a64,524288,2,63.3423,12494368574949970434
btree8_bl_a64,524288,3,61.9019,12494368574949970434
btree8_bl_a64,524288,4,61.5677,12494368574949970434
btree8_bl_a64,524288,5,61.3953,12494368574949970434
btree8_bl_a64,524288,6,61.5082,12494368574949970434
btree8_bl_a64,524288,7,65.2283,12494368574949970434
btree8_bl_a64,524288,8,61.6791,12494368574949970434
btree8_bl_a64,524288,9,61.4319,12494368574949970434
btree8_bl_a64,524288,10,61.6318,12494368574949970434
btree8_bl_a64,524288,11,61.3495,12494368574949970434
btree8_bl_a64,524288,12,61.3617,12494368574949970434
btree8_bl_a64,524288,13,61.3831,12494368574949970434
btree8_bl_a64,524288,14,61.4288,12494368574949970434
btree16_bl_a64,524288,0,171.6034,12494368574949970434
btree16_bl_a64,524288,1,90.1993,12494368574949970434
btree16_bl_a64,524288,2,80.7068,12494368574949970434
btree16_bl_a64,524288,3,77.5909,12494368574949970434
btree16_bl_a64,524288,4,83.3145,12494368574949970434
btree16_bl_a64,524288,5,82.6904,12494368574949970434
btree16_bl_a64,524288,6,77.4826,12494368574949970434
btree16_bl_a64,524288,7,80.9692,12494368574949970434
btree16_bl_a64,524288,8,78.8284,12494368574949970434
btree16_bl_a64,524288,9,76.4023,12494368574949970434
btree16_bl_a64,524288,10,78.7628,12494368574949970434
btree16_bl_a64,524288,11,79.0924,12494368574949970434
btree16_bl_a64,524288,12,77.9526,12494368574949970434
btree16_bl_a64,524288,13,78.7399,12494368574949970434
btree16_bl_a64,524288,14,82.8491,12494368574949970434
fusion8,524288,0,181.7612,12494368574949970434
fusion8,524288,1,126.7395,12494368574949970434
fusion8,524288,2,126.8448,12494368574949970434
fusion8,524288,3,125.4669,12494368574949970434
fusion8,524288,4,125.3174,12494368574949970434
fusion8,524288,5,126.3870,12494368574949970434
fusion8,524288,6,124.1211,12494368574949970434
fusion8,524288,7,125.4532,12494368574949970434
fusion8,524288,8,125.5081,12494368574949970434
fusion8,524288,9,124.8566,12494368574949970434
fusion8,524288,10,133.1238,12494368574949970434
fusion8,524288,11,193.1229,12494368574949970434
fusion8,524288,12,200.7233,12494368574949970434
fusion8,524288,13,172.1756,12494368574949970434
fusion8,524288,14,204.7348,12494368574949970434
fusion8_bf,524288,0,228.3325,12494368574949970434
fusion8_bf,524288,1,183.6029,12494368574949970434
fusion8_bf,524288,2,148.3612,12494368574949970434
fusion8_bf,524288,3,135.5209,12494368574949970434
fusion8_bf,524288,4,134.8022,12494368574949970434
fusion8_bf,524288,5,143.1656,12494368574949970434
fusion8_bf,524288,6,138.3942,12494368574949970434
fusion8_bf,524288,7,142.2897,12494368574949970434
fusion8_bf,524288,8,134.1599,12494368574949970434
fusion8_bf,524288,9,133.0399,12494368574949970434
fusion8_bf,524288,10,133.8043,12494368574949970434
fusion8_bf,524288,11,134.9396,12494368574949970434
fusion8_bf,524288,12,133.5114,12494368574949970434
fusion8_bf,524288,13,133.6304,12494368574949970434
fusion8_bf,524288,14,132.9422,12494368574949970434
fusion8_c,524288,0,185.3683,12494368574949970434
fusion8_c,524288,1,123.5596,12494368574949970434
fusion8_c,524288,2,123.3429,12494368574949970434
fusion8_c,524288,3,123.7030,12494368574949970434
fusion8_c,524288,4,122.7280,12494368574949970434
fusion8_c,524288,5,122.0703,12494368574949970434
fusion8_c,524288,6,122.4045,12494368574949970434
fusion8_c,524288,7,123.0438,12494368574949970434
fusion8_c,524288,8,121.4981,12494368574949970434
fusion8_c,524288,9,121.9315,12494368574949970434
fusion8_c,524288,10,121.8414,12494368574949970434
fusion8_c,524288,11,124.1211,12494368574949970434
fusion8_c,524288,12,122.1375,12494368574949970434
fusion8_c,524288,13,121.5881,12494368574949970434
fusion8_c,524288,14,121.1838,12494368574949970434
fusion16_w,524288,0,229.3625,12494368574949970434
fusion16_w,524288,1,165.3717,12494368574949970434
fusion16_w,524288,2,171.1990,12494368574949970434
fusion16_w,524288,3,159.3735,12494368574949970434
fusion16_w,524288,4,156.2576,12494368574949970434
fusion16_w,524288,5,162.0636,12494368574949970434
fusion16_w,524288,6,152.4216,12494368574949970434
fusion16_w,524288,7,151.0391,12494368574949970434
fusion16_w,524288,8,162.3718,12494368574949970434
fusion16_w,524288,9,157.3517,12494368574949970434
fusion16_w,524288,10,155.1300,12494368574949970434
fusion16_w,524288,11,192.3859,12494368574949970434
fusion16_w,524288,12,177.8534,12494368574949970434
fusion16_w,524288,13,161.2411,12494368574949970434
fusion16_w,524288,14,178.9276,12494368574949970434
sorted_array,1048576,0,210.3058,16362192324183350314
sorted_array,1048576,1,167.5461,16362192324183350314
sorted_array,1048576,2,166.8396,16362192324183350314
sorted_array,1048576,3,166.8243,16362192324183350314
sorted_array,1048576,4,168.1503,16362192324183350314
sorted_array,1048576,5,166.1850,16362192324183350314
sorted_array,1048576,6,167.4225,16362192324183350314
sorted_array,1048576,7,167.2516,16362192324183350314
sorted_array,1048576,8,167.1021,16362192324183350314
sorted_array,1048576,9,166.8457,16362192324183350314
sorted_array,1048576,10,164.8697,16362192324183350314
sorted_array,1048576,11,164.5569,16362192324183350314
sorted_array,1048576,12,165.0421,16362192324183350314
sorted_array,1048576,13,165.5136,16362192324183350314
sorted_array,1048576,14,167.9657,16362192324183350314
btree8,1048576,0,260.8765,16362192324183350314
btree8,1048576,1,220.0089,16362192324183350314
btree8,1048576,2,225.8850,16362192324183350314
btree8,1048576,3,202.2003,16362192324183350314
btree8,1048576,4,183.8028,16362192324183350314
btree8,1048576,5,170.6696,16362192324183350314
btree8,1048576,6,176.8250,16362192324183350314
btree8,1048576,7,168.8309,16362192324183350314
btree8,1048576,8,167.0654,16362192324183350314
btree8,1048576,9,179.2435,16362192324183350314
btree8,1048576,10,164.4272,16362192324183350314
btree8,1048576,11,167.2272,16362192324183350314
btree8,1048576,12,175.0809,16362192324183350314
btree8,1048576,13,168.3182,16362192324183350314
btree8,1048576,14,165.0024,16362192324183350314
btree8_bl,1048576,0,238.7451,16362192324183350314
btree8_bl,1048576,1,193.3090,16362192324183350314
btree8_bl,1048576,2,182.7026,16362192324183350314
btree8_bl,1048576,3,151.8051,16362192324183350314
btree8_bl,1048576,4,140.0391,16362192324183350314
btree8_bl,1048576,5,146.0266,16362192324183350314
btree8_bl,1048576,6,132.4692,16362192324183350314
btree8_bl,1048576,7,142.1783,16362192324183350314
btree8_bl,1048576,8,144.7769,16362192324183350314
btree8_bl,1048576,9,164.9368,16362192324183350314
btree8_bl,1048576,10,148.3932,16362192324183350314
btree8_bl,1048576,11,142.4835,16362192324183350314
btree8_bl,1048576,12,156.9626,16362192324183350314
btree8_bl,1048576,13,142.9520,16362192324183350314
btree8_bl,1048576,14,137.1185,16362192324183350314
btree8_a64,1048576,0,249.0311,16362192324183350314
btree8_a64,1048576,1,179.7211,16362192324183350314
btree8_a64,1048576,2,158.7280,16362192324183350314
btree8_a64,1048576,3,158.2825,16362192324183350314
btree8_a64,1048576,4,163.2812,16362192324183350314
btree8_a64,1048576,5,164.5248,16362192324183350314
btree8_a64,1048576,6,161.3510,16362192324183350314
btree8_a64,1048576,7,172.2076,16362192324183350314
btree8_a64,1048576,8,162.0773,16362192324183350314
btree8_a64,1048576,9,160.7254,16362192324183350314
btree8_a64,1048576,10,178.7277,16362192324183350314
btree8_a64,1048576,11,175.1282,16362192324183350314
btree8_a64,1048576,12,162.3184,16362192324183350314
btree8_a64,1048576,13,166.7221,16362192324183350314
btree8_a64,1048576,14,167.9688,16362192324183350314
btree8_bl_a64,1048576,0,217.5522,16362192324183350314
btree8_bl_a64,1048576,1,130.0461,16362192324183350314
btree8_bl_a64,1048576,2,132.9697,16362192324183350314
btree8_bl_a64,1048576,3,135.0388,16362192324183350314
btree8_bl_a64,1048576,4,137.3978,16362192324183350314
btree8_bl_a64,1048576,5,120.8862,16362192324183350314
btree8_bl_a64,1048576,6,122.4731,16362192324183350314
btree8_bl_a64,1048576,7,117.3874,16362192324183350314
btree8_bl_a64,1048576,8,119.6274,16362192324183350314
btree8_bl_a64,1048576,9,119.3558,16362192324183350314
btree8_bl_a64,1048576,10,121.5744,16362192324183350314
btree8_bl_a64,1048576,11,118.8721,16362192324183350314
btree8_bl_a64,1048576,12,126.2833,16362192324183350314
btree8_bl_a64,1048576,13,124.9008,16362192324183350314
btree8_bl_a64,1048576,14,120.1248,16362192324183350314
btree16_bl_a64,1048576,0,162.8250,16362192324183350314
btree16_bl_a64,1048576,1,91.1484,16362192324183350314
btree16_bl_a64,1048576,2,78.4988,16362192324183350314
btree16_bl_a64,1048576,3,79.1794,16362192324183350314
btree16_bl_a64,1048576,4,77.9648,16362192324183350314
btree16_bl_a64,1048576,5,80.7571,16362192324183350314
btree16_bl_a64,1048576,6,79.8523,16362192324183350314
btree16_bl_a64,1048576,7,78.8437,16362192324183350314
btree16_bl_a64,1048576,8,77.9129,16362192324183350314
btree16_bl_a64,1048576,9,84.4406,16362192324183350314
btree16_bl_a64,1048576,10,80.2551,16362192324183350314
btree16_bl_a64,1048576,11,79.3045,16362192324183350314
btree16_bl_a64,1048576,12,82.1960,16362192324183350314
btree16_bl_a64,1048576,13,79.5715,16362192324183350314
btree16_bl_a64,1048576,14,77.8091,16362192324183350314
fusion8,1048576,0,329.7943,16362192324183350314
fusion8,1048576,1,262.5641,16362192324183350314
fusion8,1048576,2,262.9257,16362192324183350314
fusion8,1048576,3,299.5438,16362192324183350314
fusion8,1048576,4,316.6763,16362192324183350314
fusion8,1048576,5,409.4269,16362192324183350314
fusion8,1048576,6,313.5208,16362192324183350314
fusion8,1048576,7,307.9498,16362192324183350314
fusion8,1048576,8,280.0659,16362192324183350314
fusion8,1048576,9,263.2629,16362192324183350314
fusion8,1048576,10,260.7971,16362192324183350314
fusion8,1048576,11,266.7191,16362192324183350314
fusion8,1048576,12,267.1860,16362192324183350314
fusion8,1048576,13,257.3181,16362192324183350314
fusion8,1048576,14,261.8881,16362192324183350314
fusion8_bf,1048576,0,339.5584,16362192324183350314
fusion8_bf,1048576,1,274.7635,16362192324183350314
fusion8_bf,1048576,2,308.2932,16362192324183350314
fusion8_bf,1048576,3,282.3303,16362192324183350314
fusion8_bf,1048576,4,265.3595,16362192324183350314
fusion8_bf,1048576,5,271.1411,16362192324183350314
fusion8_bf,1048576,6,270.6009,16362192324183350314
fusion8_bf,1048576,7,273.5764,16362192324183350314
fusion8_bf,1048576,8,279.8401,16362192324183350314
fusion8_bf,1048576,9,273.1735,16362192324183350314
fusion8_bf,1048576,10,266.9998,16362192324183350314
fusion8_bf,1048576,11,278.8406,16362192324183350314
fusion8_bf,1048576,12,274.5697,16362192324183350314
fusion8_bf,1048576,13,272.4686,16362192324183350314
fusion8_bf,1048576,14,271.0266,16362192324183350314
fusion8_c,1048576,0,313.5101,16362192324183350314
fusion8_c,1048576,1,218.9377,16362192324183350314
fusion8_c,1048576,2,227.5742,16362192324183350314
fusion8_c,1048576,3,217.4332,16362192324183350314
fusion8_c,1048576,4,244.5328,16362192324183350314
fusion8_c,1048576,5,230.2521,16362192324183350314
fusion8_c,1048576,6,212.6541,16362192324183350314
fusion8_c,1048576,7,214.5798,16362192324183350314
fusion8_c,1048576,8,212.5275,16362192324183350314
fusion8_c,1048576,9,211.0641,16362192324183350314
fusion8_c,1048576,10,212.8494,16362192324183350314
fusion8_c,1048576,11,221.5073,16362192324183350314
fusion8_c,1048576,12,220.9137,16362192324183350314
fusion8_c,1048576,13,210.2356,16362192324183350314
fusion8_c,1048576,14,210.2203,16362192324183350314
fusion16_w,1048576,0,228.2501,16362192324183350314
fusion16_w,1048576,1,168.9026,16362192324183350314
fusion16_w,1048576,2,160.6155,16362192324183350314
fusion16_w,1048576,3,157.6309,16362192324183350314
fusion16_w,1048576,4,160.1532,16362192324183350314
fusion16_w,1048576,5,165.9073,16362192324183350314
fusion16_w,1048576,6,167.1616,16362192324183350314
fusion16_w,1048576,7,161.0641,16362192324183350314
fusion16_w,1048576,8,158.2748,16362192324183350314
fusion16_w,1048576,9,158.3588,16362192324183350314
fusion16_w,1048576,10,163.5666,16362192324183350314
fusion16_w,1048576,11,158.7418,16362192324183350314
fusion16_w,1048576,12,157.8278,16362192324183350314
fusion16_w,1048576,13,163.3133,16362192324183350314
fusion16_w,1048576,14,159.9258,16362192324183350314
sorted_array,2097152,0,307.6477,6087976039063001523
sorted_array,2097152,1,228.7262,6087976039063001523
sorted_array,2097152,2,227.3895,6087976039063001523
sorted_array,2097152,3,228.3829,6087976039063001523
sorted_array,2097152,4,227.8580,6087976039063001523
sorted_array,2097152,5,227.8870,6087976039063001523
sorted_array,2097152,6,227.0081,6087976039063001523
sorted_array,2097152,7,231.3492,6087976039063001523
sorted_array,2097152,8,260.7437,6087976039063001523
sorted_array,2097152,9,258.7769,6087976039063001523
sorted_array,2097152,10,241.2918,6087976039063001523
sorted_array,2097152,11,226.4801,6087976039063001523
sorted_array,2097152,12,224.4705,6087976039063001523
sorted_array,2097152,13,226.1673,6087976039063001523
sorted_array,2097152,14,227.7267,6087976039063001523
btree8,2097152,0,257.2540,6087976039063001523
btree8,2097152,1,183.5587,6087976039063001523
btree8,2097152,2,179.6555,6087976039063001523
btree8,2097152,3,180.3574,6087976039063001523
btree8,2097152,4,183.3633,6087976039063001523
btree8,2097152,5,188.0447,6087976039063001523
btree8,2097152,6,187.9700,6087976039063001523
btree8,2097152,7,211.7752,6087976039063001523
btree8,2097152,8,229.9820,6087976039063001523
btree8,2097152,9,235.4080,6087976039063001523
btree8,2097152,10,235.2356,6087976039063001523
btree8,2097152,11,194.5099,6087976039063001523
btree8,2097152,12,186.2183,6087976039063001523
btree8,2097152,13,187.1155,6087976039063001523
btree8,2097152,14,181.7749,6087976039063001523
btree8_bl,2097152,0,275.0397,6087976039063001523
btree8_bl,2097152,1,175.1083,6087976039063001523
btree8_bl,2097152,2,155.4306,6087976039063001523
btree8_bl,2097152,3,156.5796,6087976039063001523
btree8_bl,2097152,4,156.9489,6087976039063001523
btree8_bl,2097152,5,172.4869,6087976039063001523
btree8_bl,2097152,6,180.5115,6087976039063001523
btree8_bl,2097152,7,183.7006,6087976039063001523
btree8_bl,2097152,8,165.6494,6087976039063001523
btree8_bl,2097152,9,180.1697,6087976039063001523
btree8_bl,2097152,10,175.4471,6087976039063001523
btree8_bl,2097152,11,174.9863,6087976039063001523
btree8_bl,2097152,12,202.4658,6087976039063001523
btree8_bl,2097152,13,200.4303,6087976039063001523
btree8_bl,2097152,14,166.6107,6087976039063001523
btree8_a64,2097152,0,258.9767,6087976039063001523
btree8_a64,2097152,1,198.6206,6087976039063001523
btree8_a64,2097152,2,173.7900,6087976039063001523
btree8_a64,2097152,3,170.6726,6087976039063001523
btree8_a64,2097152,4,172.9645,6087976039063001523
btree8_a64,2097152,5,173.8403,6087976039063001523
btree8_a64,2097152,6,198.6313,6087976039063001523
btree8_a64,2097152,7,180.3040,6087976039063001523
btree8_a64,2097152,8,181.1081,6087976039063001523
btree8_a64,2097152,9,176.0590,6087976039063001523
btree8_a64,2097152,10,177.6459,6087976039063001523
btree8_a64,2097152,11,176.6968,6087976039063001523
btree8_a64,2097152,12,175.4333,6087976039063001523
btree8_a64,2097152,13,174.3820,6087976039063001523
btree8_a64,2097152,14,185.5347,6087976039063001523
btree8_bl_a64,2097152,0,261.2427,6087976039063001523
btree8_bl_a64,2097152,1,151.2604,6087976039063001523
btree8_bl_a64,2097152,2,134.6603,6087976039063001523
btree8_bl_a64,2097152,3,131.7520,6087976039063001523
btree8_bl_a64,2097152,4,130.1193,6087976039063001523
btree8_bl_a64,2097152,5,137.1399,6087976039063001523
btree8_bl_a64,2097152,6,133.9325,6087976039063001523
btree8_bl_a64,2097152,7,134.1782,6087976039063001523
btree8_bl_a64,2097152,8,202.0279,6087976039063001523
btree8_bl_a64,2097152,9,224.6750,6087976039063001523
btree8_bl_a64,2097152,10,171.1426,6087976039063001523
btree8_bl_a64,2097152,11,163.4857,6087976039063001523
btree8_bl_a64,2097152,12,144.8975,6087976039063001523
btree8_bl_a64,2097152,13,138.8687,6087976039063001523
btree8_bl_a64,2097152,14,157.6065,6087976039063001523
btree16_bl_a64,2097152,0,235.7651,6087976039063001523
btree16_bl_a64,2097152,1,184.1171,6087976039063001523
btree16_bl_a64,2097152,2,212.0895,6087976039063001523
btree16_bl_a64,2097152,3,196.4813,6087976039063001523
btree16_bl_a64,2097152,4,177.0355,6087976039063001523
btree16_bl_a64,2097152,5,173.0270,6087976039063001523
btree16_bl_a64,2097152,6,204.9133,6087976039063001523
btree16_bl_a64,2097152,7,199.2035,6087976039063001523
btree16_bl_a64,2097152,8,176.5457,6087976039063001523
btree16_bl_a64,2097152,9,174.4644,6087976039063001523
btree16_bl_a64,2097152,10,175.2335,6087976039063001523
btree16_bl_a64,2097152,11,173.1857,6087976039063001523
btree16_bl_a64,2097152,12,169.6381,6087976039063001523
btree16_bl_a64,2097152,13,181.3248,6087976039063001523
btree16_bl_a64,2097152,14,192.0578,6087976039063001523
fusion8,2097152,0,360.9512,6087976039063001523
fusion8,2097152,1,303.1311,6087976039063001523
fusion8,2097152,2,283.9111,6087976039063001523
fusion8,2097152,3,279.0909,6087976039063001523
fusion8,2097152,4,284.3918,6087976039063001523
fusion8,2097152,5,285.6491,6087976039063001523
fusion8,2097152,6,289.4257,6087976039063001523
fusion8,2097152,7,287.8006,6087976039063001523
fusion8,2097152,8,287.1155,6087976039063001523
fusion8,2097152,9,284.4818,6087976039063001523
fusion8,2097152,10,285.9573,6087976039063001523
fusion8,2097152,11,286.3998,6087976039063001523
fusion8,2097152,12,286.9873,6087976039063001523
fusion8,2097152,13,284.2545,6087976039063001523
fusion8,2097152,14,320.4239,6087976039063001523
fusion8_bf,2097152,0,362.7899,6087976039063001523
fusion8_bf,2097152,1,311.3724,6087976039063001523
fusion8_bf,2097152,2,291.5253,6087976039063001523
fusion8_bf,2097152,3,295.5231,6087976039063001523
fusion8_bf,2097152,4,303.2654,6087976039063001523
fusion8_bf,2097152,5,307.5638,6087976039063001523
fusion8_bf,2097152,6,299.2386,6087976039063001523
fusion8_bf,2097152,7,305.0980,6087976039063001523
fusion8_bf,2097152,8,294.1772,6087976039063001523
fusion8_bf,2097152,9,289.1586,6087976039063001523
fusion8_bf,2097152,10,295.0287,6087976039063001523
fusion8_bf,2097152,11,294.1315,6087976039063001523
fusion8_bf,2097152,12,290.4007,6087976039063001523
fusion8_bf,2097152,13,313.7604,6087976039063001523
fusion8_bf,2097152,14,296.5683,6087976039063001523
fusion8_c,2097152,0,327.2141,6087976039063001523
fusion8_c,2097152,1,237.5702,6087976039063001523
fusion8_c,2097152,2,245.4803,6087976039063001523
fusion8_c,2097152,3,236.9308,6087976039063001523
fusion8_c,2097152,4,228.9322,6087976039063001523
fusion8_c,2097152,5,225.6012,6087976039063001523
fusion8_c,2097152,6,237.2696,6087976039063001523
fusion8_c,2097152,7,234.2941,6087976039063001523
fusion8_c,2097152,8,231.7261,6087976039063001523
fusion8_c,2097152,9,225.2625,6087976039063001523
fusion8_c,2097152,10,229.5837,6087976039063001523
fusion8_c,2097152,11,228.2974,6087976039063001523
fusion8_c,2097152,12,237.5610,6087976039063001523
fusion8_c,2097152,13,238.8412,6087976039063001523
fusion8_c,2097152,14,228.6591,6087976039063001523
fusion16_w,2097152,0,322.6639,6087976039063001523
fusion16_w,2097152,1,269.5099,6087976039063001523
fusion16_w,2097152,2,269.8273,6087976039063001523
fusion16_w,2097152,3,259.4040,6087976039063001523
fusion16_w,2097152,4,258.5648,6087976039063001523
fusion16_w,2097152,5,263.5010,6087976039063001523
fusion16_w,2097152,6,260.5515,6087976039063001523
fusion16_w,2097152,7,260.4538,6087976039063001523
fusion16_w,2097152,8,264.9841,6087976039063001523
fusion16_w,2097152,9,274.0250,6087976039063001523
fusion16_w,2097152,10,271.0419,6087976039063001523
fusion16_w,2097152,11,275.1389,6087976039063001523
fusion16_w,2097152,12,275.8789,6087976039063001523
fusion16_w,2097152,13,266.0919,6087976039063001523
fusion16_w,2097152,14,262.7350,6087976039063001523
sorted_array,4194304,0,501.4084,14247903871160904604
sorted_array,4194304,1,420.2194,14247903871160904604
sorted_array,4194304,2,423.3856,14247903871160904604
sorted_array,4194304,3,431.1157,14247903871160904604
sorted_array,4194304,4,420.7962,14247903871160904604
sorted_array,4194304,5,424.7574,14247903871160904604
sorted_array,4194304,6,428.0075,14247903871160904604
sorted_array,4194304,7,423.4863,14247903871160904604
sorted_array,4194304,8,451.2329,14247903871160904604
sorted_array,4194304,9,447.1390,14247903871160904604
sorted_array,4194304,10,432.2510,14247903871160904604
sorted_array,4194304,11,434.8373,14247903871160904604
sorted_array,4194304,12,428.3325,14247903871160904604
sorted_array,4194304,13,426.3077,14247903871160904604
sorted_array,4194304,14,435.3943,14247903871160904604
btree8,4194304,0,368.4372,14247903871160904604
btree8,4194304,1,203.5629,14247903871160904604
btree8,4194304,2,184.4940,14247903871160904604
btree8,4194304,3,198.6511,14247903871160904604
btree8,4194304,4,197.0856,14247903871160904604
btree8,4194304,5,196.6736,14247903871160904604
btree8,4194304,6,187.8326,14247903871160904604
btree8,4194304,7,191.1392,14247903871160904604
btree8,4194304,8,186.4395,14247903871160904604
btree8,4194304,9,188.4064,14247903871160904604
btree8,4194304,10,184.2941,14247903871160904604
btree8,4194304,11,190.2603,14247903871160904604
btree8,4194304,12,186.9553,14247903871160904604
btree8,4194304,13,186.9095,14247903871160904604
btree8,4194304,14,190.0620,14247903871160904604
btree8_bl,4194304,0,281.2775,14247903871160904604
btree8_bl,4194304,1,178.3951,14247903871160904604
btree8_bl,4194304,2,167.8650,14247903871160904604
btree8_bl,4194304,3,164.9246,14247903871160904604
btree8_bl,4194304,4,167.6514,14247903871160904604
btree8_bl,4194304,5,182.2098,14247903871160904604
btree8_bl,4194304,6,173.7808,14247903871160904604
btree8_bl,4194304,7,166.5359,14247903871160904604
btree8_bl,4194304,8,163.0951,14247903871160904604
btree8_bl,4194304,9,172.7066,14247903871160904604
btree8_bl,4194304,10,187.9929,14247903871160904604
btree8_bl,4194304,11,179.1565,14247903871160904604
btree8_bl,4194304,12,177.0615,14247903871160904604
btree8_bl,4194304,13,169.3619,14247903871160904604
btree8_bl,4194304,14,164.3143,14247903871160904604
btree8_a64,4194304,0,262.2864,14247903871160904604
btree8_a64,4194304,1,189.4333,14247903871160904604
btree8_a64,4194304,2,180.8167,14247903871160904604
btree8_a64,4194304,3,183.0795,14247903871160904604
btree8_a64,4194304,4,184.3842,14247903871160904604
btree8_a64,4194304,5,179.3854,14247903871160904604
btree8_a64,4194304,6,179.8386,14247903871160904604
btree8_a64,4194304,7,188.8184,14247903871160904604
btree8_a64,4194304,8,183.9264,14247903871160904604
btree8_a64,4194304,9,179.8874,14247903871160904604
btree8_a64,4194304,10,181.6727,14247903871160904604
btree8_a64,4194304,11,187.1964,14247903871160904604
btree8_a64,4194304,12,197.8729,14247903871160904604
btree8_a64,4194304,13,187.7518,14247903871160904604
btree8_a64,4194304,14,182.7560,14247903871160904604
btree8_bl_a64,4194304,0,268.7790,14247903871160904604
btree8_bl_a64,4194304,1,164.6179,14247903871160904604
btree8_bl_a64,4194304,2,135.5835,14247903871160904604
btree8_bl_a64,4194304,3,132.9590,14247903871160904604
btree8_bl_a64,4194304,4,131.8161,14247903871160904604
btree8_bl_a64,4194304,5,131.0623,14247903871160904604
btree8_bl_a64,4194304,6,141.9281,14247903871160904604
btree8_bl_a64,4194304,7,142.3309,14247903871160904604
btree8_bl_a64,4194304,8,150.8331,14247903871160904604
btree8_bl_a64,4194304,9,139.6591,14247903871160904604
btree8_bl_a64,4194304,10,139.0076,14247903871160904604
btree8_bl_a64,4194304,11,155.3253,14247903871160904604
btree8_bl_a64,4194304,12,144.0536,14247903871160904604
btree8_bl_a64,4194304,13,212.8937,14247903871160904604
btree8_bl_a64,4194304,14,186.6135,14247903871160904604
btree16_bl_a64,4194304,0,318.3884,14247903871160904604
btree16_bl_a64,4194304,1,263.8107,14247903871160904604
btree16_bl_a64,4194304,2,256.2576,14247903871160904604
btree16_bl_a64,4194304,3,253.0579,14247903871160904604
btree16_bl_a64,4194304,4,259.7885,14247903871160904604
btree16_bl_a64,4194304,5,257.4799,14247903871160904604
btree16_bl_a64,4194304,6,263.7421,14247903871160904604
btree16_bl_a64,4194304,7,381.0699,14247903871160904604
btree16_bl_a64,4194304,8,288.1454,14247903871160904604
btree16_bl_a64,4194304,9,269.7754,14247903871160904604
btree16_bl_a64,4194304,10,269.2947,14247903871160904604
btree16_bl_a64,4194304,11,256.5659,14247903871160904604
btree16_bl_a64,4194304,12,257.4295,14247903871160904604
btree16_bl_a64,4194304,13,286.7630,14247903871160904604
btree16_bl_a64,4194304,14,272.3007,14247903871160904604
fusion8,4194304,0,379.7775,14247903871160904604
fusion8,4194304,1,324.4507,14247903871160904604
fusion8,4194304,2,308.4854,14247903871160904604
fusion8,4194304,3,299.8062,14247903871160904604
fusion8,4194304,4,314.9445,14247903871160904604
fusion8,4194304,5,299.2935,14247903871160904604
fusion8,4194304,6,315.7211,14247903871160904604
fusion8,4194304,7,327.1484,14247903871160904604
fusion8,4194304,8,316.7679,14247903871160904604
fusion8,4194304,9,291.6107,14247903871160904604
fusion8,4194304,10,292.9321,14247903871160904604
fusion8,4194304,11,299.9588,14247903871160904604
fusion8,4194304,12,306.0364,14247903871160904604
fusion8,4194304,13,294.0857,14247903871160904604
fusion8,4194304,14,288.5559,14247903871160904604
fusion8_bf,4194304,0,385.6155,14247903871160904604
fusion8_bf,4194304,1,346.3608,14247903871160904604
fusion8_bf,4194304,2,352.2629,14247903871160904604
fusion8_bf,4194304,3,327.1301,14247903871160904604
fusion8_bf,4194304,4,323.3368,14247903871160904604
fusion8_bf,4194304,5,334.9304,14247903871160904604
fusion8_bf,4194304,6,328.4576,14247903871160904604
fusion8_bf,4194304,7,328.6865,14247903871160904604
fusion8_bf,4194304,8,325.7736,14247903871160904604
fusion8_bf,4194304,9,322.9385,14247903871160904604
fusion8_bf,4194304,10,301.5732,14247903871160904604
fusion8_bf,4194304,11,312.6038,14247903871160904604
fusion8_bf,4194304,12,330.8090,14247903871160904604
fusion8_bf,4194304,13,336.5860,14247903871160904604
fusion8_bf,4194304,14,333.7601,14247903871160904604
fusion8_c,4194304,0,340.8463,14247903871160904604
fusion8_c,4194304,1,258.8287,14247903871160904604
fusion8_c,4194304,2,259.2468,14247903871160904604
fusion8_c,4194304,3,240.2328,14247903871160904604
fusion8_c,4194304,4,247.4030,14247903871160904604
fusion8_c,4194304,5,246.7590,14247903871160904604
fusion8_c,4194304,6,234.1064,14247903871160904604
fusion8_c,4194304,7,243.7561,14247903871160904604
fusion8_c,4194304,8,242.9657,14247903871160904604
fusion8_c,4194304,9,253.8544,14247903871160904604
fusion8_c,4194304,10,246.0785,14247903871160904604
fusion8_c,4194304,11,261.7065,14247903871160904604
fusion8_c,4194304,12,241.8335,14247903871160904604
fusion8_c,4194304,13,265.2954,14247903871160904604
fusion8_c,4194304,14,278.7491,14247903871160904604
fusion16_w,4194304,0,379.2313,14247903871160904604
fusion16_w,4194304,1,332.7881,14247903871160904604
fusion16_w,4194304,2,334.4086,14247903871160904604
fusion16_w,4194304,3,337.2589,14247903871160904604
fusion16_w,4194304,4,325.6622,14247903871160904604
fusion16_w,4194304,5,339.6317,14247903871160904604
fusion16_w,4194304,6,325.5112,14247903871160904604
fusion16_w,4194304,7,324.0646,14247903871160904604
fusion16_w,4194304,8,317.7872,14247903871160904604
fusion16_w,4194304,9,318.3548,14247903871160904604
fusion16_w,4194304,10,341.5833,14247903871160904604
fusion16_w,4194304,11,338.9832,14247903871160904604
fusion16_w,4194304,12,337.5702,14247903871160904604
fusion16_w,4194304,13,329.5547,14247903871160904604
fusion16_w,4194304,14,452.3865,14247903871160904604
sorted_array,8388608,0,887.2467,16818331115280313399
sorted_array,8388608,1,843.8278,16818331115280313399
sorted_array,8388608,2,827.8290,16818331115280313399
sorted_array,8388608,3,853.8345,16818331115280313399
sorted_array,8388608,4,843.9545,16818331115280313399
sorted_array,8388608,5,836.1954,16818331115280313399
sorted_array,8388608,6,832.9254,16818331115280313399
sorted_array,8388608,7,848.6740,16818331115280313399
sorted_array,8388608,8,834.5169,16818331115280313399
sorted_array,8388608,9,995.1340,16818331115280313399
sorted_array,8388608,10,845.0150,16818331115280313399
sorted_array,8388608,11,841.3681,16818331115280313399
sorted_array,8388608,12,830.6732,16818331115280313399
sorted_array,8388608,13,825.3662,16818331115280313399
sorted_array,8388608,14,823.2315,16818331115280313399
btree8,8388608,0,396.7865,16818331115280313399
btree8,8388608,1,330.6122,16818331115280313399
btree8,8388608,2,321.9269,16818331115280313399
btree8,8388608,3,316.2079,16818331115280313399
btree8,8388608,4,311.6302,16818331115280313399
btree8,8388608,5,315.6265,16818331115280313399
btree8,8388608,6,319.6060,16818331115280313399
btree8,8388608,7,313.0402,16818331115280313399
btree8,8388608,8,315.7639,16818331115280313399
btree8,8388608,9,311.5494,16818331115280313399
btree8,8388608,10,331.9519,16818331115280313399
btree8,8388608,11,323.0927,16818331115280313399
btree8,8388608,12,320.6604,16818331115280313399
btree8,8388608,13,315.0040,16818331115280313399
btree8,8388608,14,309.6603,16818331115280313399
btree8_bl,8388608,0,394.8898,16818331115280313399
btree8_bl,8388608,1,316.1331,16818331115280313399
btree8_bl,8388608,2,307.8323,16818331115280313399
btree8_bl,8388608,3,309.6252,16818331115280313399
btree8_bl,8388608,4,297.4625,16818331115280313399
btree8_bl,8388608,5,293.3777,16818331115280313399
btree8_bl,8388608,6,297.8699,16818331115280313399
btree8_bl,8388608,7,295.2286,16818331115280313399
btree8_bl,8388608,8,297.6242,16818331115280313399
btree8_bl,8388608,9,299.4125,16818331115280313399
btree8_bl,8388608,10,327.1042,16818331115280313399
btree8_bl,8388608,11,339.5874,16818331115280313399
btree8_bl,8388608,12,355.2597,16818331115280313399
btree8_bl,8388608,13,366.0065,16818331115280313399
btree8_bl,8388608,14,341.6870,16818331115280313399
btree8_a64,8388608,0,407.1915,16818331115280313399
btree8_a64,8388608,1,355.8395,16818331115280313399
btree8_a64,8388608,2,351.6434,16818331115280313399
btree8_a64,8388608,3,358.9630,16818331115280313399
btree8_a64,8388608,4,360.5774,16818331115280313399
btree8_a64,8388608,5,373.8815,16818331115280313399
btree8_a64,8388608,6,385.7635,16818331115280313399
btree8_a64,8388608,7,377.1057,16818331115280313399
btree8_a64,8388608,8,383.2611,16818331115280313399
btree8_a64,8388608,9,389.7797,16818331115280313399
btree8_a64,8388608,10,386.7432,16818331115280313399
btree8_a64,8388608,11,383.8776,16818331115280313399
btree8_a64,8388608,12,380.1666,16818331115280313399
btree8_a64,8388608,13,380.0186,16818331115280313399
btree8_a64,8388608,14,377.4750,16818331115280313399
btree8_bl_a64,8388608,0,384.9258,16818331115280313399
btree8_bl_a64,8388608,1,502.0523,16818331115280313399
btree8_bl_a64,8388608,2,351.6190,16818331115280313399
btree8_bl_a64,8388608,3,322.1664,16818331115280313399
btree8_bl_a64,8388608,4,280.0705,16818331115280313399
btree8_bl_a64,8388608,5,274.7330,16818331115280313399
btree8_bl_a64,8388608,6,271.8597,16818331115280313399
btree8_bl_a64,8388608,7,282.1747,16818331115280313399
btree8_bl_a64,8388608,8,323.7045,16818331115280313399
btree8_bl_a64,8388608,9,302.3438,16818331115280313399
btree8_bl_a64,8388608,10,316.4612,16818331115280313399
btree8_bl_a64,8388608,11,304.2633,16818331115280313399
btree8_bl_a64,8388608,12,300.4166,16818331115280313399
btree8_bl_a64,8388608,13,296.9986,16818331115280313399
btree8_bl_a64,8388608,14,296.5897,16818331115280313399
btree16_bl_a64,8388608,0,349.0494,16818331115280313399
btree16_bl_a64,8388608,1,306.3980,16818331115280313399
btree16_bl_a64,8388608,2,300.0885,16818331115280313399
btree16_bl_a64,8388608,3,308.9691,16818331115280313399
btree16_bl_a64,8388608,4,307.3288,16818331115280313399
btree16_bl_a64,8388608,5,308.8623,16818331115280313399
btree16_bl_a64,8388608,6,308.4137,16818331115280313399
btree16_bl_a64,8388608,7,305.9250,16818331115280313399
btree16_bl_a64,8388608,8,312.9135,16818331115280313399
btree16_bl_a64,8388608,9,306.5781,16818331115280313399
btree16_bl_a64,8388608,10,310.8948,16818331115280313399
btree16_bl_a64,8388608,11,309.3246,16818331115280313399
btree16_bl_a64,8388608,12,306.3477,16818331115280313399
btree16_bl_a64,8388608,13,313.4109,16818331115280313399
btree16_bl_a64,8388608,14,309.5276,16818331115280313399
fusion8,8388608,0,522.8806,16818331115280313399
fusion8,8388608,1,471.6873,16818331115280313399
fusion8,8388608,2,472.1573,16818331115280313399
fusion8,8388608,3,486.5677,16818331115280313399
fusion8,8388608,4,472.7554,16818331115280313399
fusion8,8388608,5,455.2307,16818331115280313399
fusion8,8388608,6,440.5930,16818331115280313399
fusion8,8388608,7,437.5946,16818331115280313399
fusion8,8388608,8,452.7222,16818331115280313399
fusion8,8388608,9,479.7073,16818331115280313399
fusion8,8388608,10,452.0889,16818331115280313399
fusion8,8388608,11,474.1241,16818331115280313399
fusion8,8388608,12,483.8364,16818331115280313399
fusion8,8388608,13,471.1914,16818331115280313399
fusion8,8388608,14,466.0187,16818331115280313399
fusion8_bf,8388608,0,538.4521,16818331115280313399
fusion8_bf,8388608,1,464.3753,16818331115280313399
fusion8_bf,8388608,2,458.9218,16818331115280313399
fusion8_bf,8388608,3,463.0402,16818331115280313399
fusion8_bf,8388608,4,468.8965,16818331115280313399
fusion8_bf,8388608,5,468.1152,16818331115280313399
fusion8_bf,8388608,6,456.2408,16818331115280313399
fusion8_bf,8388608,7,451.5411,16818331115280313399
fusion8_bf,8388608,8,471.5393,16818331115280313399
fusion8_bf,8388608,9,474.0936,16818331115280313399
fusion8_bf,8388608,10,674.2340,16818331115280313399
fusion8_bf,8388608,11,494.0323,16818331115280313399
fusion8_bf,8388608,12,477.7893,16818331115280313399
fusion8_bf,8388608,13,464.2899,16818331115280313399
fusion8_bf,8388608,14,473.4024,16818331115280313399
fusion8_c,8388608,0,475.6683,16818331115280313399
fusion8_c,8388608,1,414.0900,16818331115280313399
fusion8_c,8388608,2,399.3164,16818331115280313399
fusion8_c,8388608,3,390.0208,16818331115280313399
fusion8_c,8388608,4,416.6321,16818331115280313399
fusion8_c,8388608,5,440.4114,16818331115280313399
fusion8_c,8388608,6,456.9183,16818331115280313399
fusion8_c,8388608,7,471.2509,16818331115280313399
fusion8_c,8388608,8,510.6033,16818331115280313399
fusion8_c,8388608,9,463.8626,16818331115280313399
fusion8_c,8388608,10,450.0824,16818331115280313399
fusion8_c,8388608,11,451.0742,16818331115280313399
fusion8_c,8388608,12,445.3934,16818331115280313399
fusion8_c,8388608,13,443.9163,16818331115280313399
fusion8_c,8388608,14,442.6682,16818331115280313399
fusion16_w,8388608,0,437.3306,16818331115280313399
fusion16_w,8388608,1,384.9884,16818331115280313399
fusion16_w,8388608,2,387.4008,16818331115280313399
fusion16_w,8388608,3,383.4412,16818331115280313399
fusion16_w,8388608,4,406.6589,16818331115280313399
fusion16_w,8388608,5,396.8292,16818331115280313399
fusion16_w,8388608,6,392.6743,16818331115280313399
fusion16_w,8388608,7,388.2431,16818331115280313399
fusion16_w,8388608,8,382.8781,16818331115280313399
fusion16_w,8388608,9,395.3705,16818331115280313399
fusion16_w,8388608,10,392.9901,16818331115280313399
fusion16_w,8388608,11,389.7186,16818331115280313399
fusion16_w,8388608,12,397.9721,16818331115280313399
fusion16_w,8388608,13,397.2534,16818331115280313399
fusion16_w,8388608,14,396.2708,16818331115280313399
sorted_array,16777216,0,1166.9907,7378316869786178009
sorted_array,16777216,1,1136.8240,7378316869786178009
sorted_array,16777216,2,1146.7163,7378316869786178009
sorted_array,16777216,3,1158.7463,7378316869786178009
sorted_array,16777216,4,1150.1511,7378316869786178009
sorted_array,16777216,5,1164.6255,7378316869786178009
sorted_array,16777216,6,1144.6564,7378316869786178009
sorted_array,16777216,7,1127.3636,7378316869786178009
sorted_array,16777216,8,1119.0826,7378316869786178009
sorted_array,16777216,9,1168.0756,7378316869786178009
sorted_array,16777216,10,1146.1929,7378316869786178009
sorted_array,16777216,11,1153.2623,7378316869786178009
sorted_array,16777216,12,1156.2210,7378316869786178009
sorted_array,16777216,13,1159.2453,7378316869786178009
sorted_array,16777216,14,1158.5526,7378316869786178009
btree8,16777216,0,433.6594,7378316869786178009
btree8,16777216,1,345.1950,7378316869786178009
btree8,16777216,2,337.0804,7378316869786178009
btree8,16777216,3,336.5997,7378316869786178009
btree8,16777216,4,351.3168,7378316869786178009
btree8,16777216,5,437.3077,7378316869786178009
btree8,16777216,6,395.4803,7378316869786178009
btree8,16777216,7,378.9749,7378316869786178009
btree8,16777216,8,376.7242,7378316869786178009
btree8,16777216,9,379.6616,7378316869786178009
btree8,16777216,10,391.2750,7378316869786178009
btree8,16777216,11,382.2815,7378316869786178009
btree8,16777216,12,365.8798,7378316869786178009
btree8,16777216,13,349.6429,7378316869786178009
btree8,16777216,14,349.0326,7378316869786178009
btree8_bl,16777216,0,446.1578,7378316869786178009
btree8_bl,16777216,1,357.2937,7378316869786178009
btree8_bl,16777216,2,392.2134,7378316869786178009
btree8_bl,16777216,3,403.5889,7378316869786178009
btree8_bl,16777216,4,389.9612,7378316869786178009
btree8_bl,16777216,5,397.5830,7378316869786178009
btree8_bl,16777216,6,384.0057,7378316869786178009
btree8_bl,16777216,7,357.9987,7378316869786178009
btree8_bl,16777216,8,376.6983,7378316869786178009
btree8_bl,16777216,9,370.9183,7378316869786178009
btree8_bl,16777216,10,380.1544,7378316869786178009
btree8_bl,16777216,11,379.3106,7378316869786178009
btree8_bl,16777216,12,398.3429,7378316869786178009
btree8_bl,16777216,13,393.9072,7378316869786178009
btree8_bl,16777216,14,390.4099,7378316869786178009
btree8_a64,16777216,0,444.5770,7378316869786178009
btree8_a64,16777216,1,384.8267,7378316869786178009
btree8_a64,16777216,2,379.6906,7378316869786178009
btree8_a64,16777216,3,378.5919,7378316869786178009
btree8_a64,16777216,4,369.4687,7378316869786178009
btree8_a64,16777216,5,389.1983,7378316869786178009
btree8_a64,16777216,6,380.1422,7378316869786178009
btree8_a64,16777216,7,377.4460,7378316869786178009
btree8_a64,16777216,8,372.1817,7378316869786178009
btree8_a64,16777216,9,371.1365,7378316869786178009
btree8_a64,16777216,10,391.3940,7378316869786178009
btree8_a64,16777216,11,378.7903,7378316869786178009
btree8_a64,16777216,12,386.9583,7378316869786178009
btree8_a64,16777216,13,401.4862,7378316869786178009
btree8_a64,16777216,14,382.3792,7378316869786178009
btree8_bl_a64,16777216,0,437.1597,7378316869786178009
btree8_bl_a64,16777216,1,361.4014,7378316869786178009
btree8_bl_a64,16777216,2,336.5601,7378316869786178009
btree8_bl_a64,16777216,3,315.0543,7378316869786178009
btree8_bl_a64,16777216,4,353.2394,7378316869786178009
btree8_bl_a64,16777216,5,353.7521,7378316869786178009
btree8_bl_a64,16777216,6,354.5151,7378316869786178009
btree8_bl_a64,16777216,7,333.4045,7378316869786178009
btree8_bl_a64,16777216,8,328.4973,7378316869786178009
btree8_bl_a64,16777216,9,317.4530,7378316869786178009
btree8_bl_a64,16777216,10,321.7606,7378316869786178009
btree8_bl_a64,16777216,11,332.5333,7378316869786178009
btree8_bl_a64,16777216,12,352.3483,7378316869786178009
btree8_bl_a64,16777216,13,354.3655,7378316869786178009
btree8_bl_a64,16777216,14,380.8777,7378316869786178009
btree16_bl_a64,16777216,0,367.3492,7378316869786178009
btree16_bl_a64,16777216,1,332.4081,7378316869786178009
btree16_bl_a64,16777216,2,301.5228,7378316869786178009
btree16_bl_a64,16777216,3,285.1212,7378316869786178009
btree16_bl_a64,16777216,4,279.9973,7378316869786178009
btree16_bl_a64,16777216,5,277.6825,7378316869786178009
btree16_bl_a64,16777216,6,266.6962,7378316869786178009
btree16_bl_a64,16777216,7,306.5796,7378316869786178009
btree16_bl_a64,16777216,8,311.6608,7378316869786178009
btree16_bl_a64,16777216,9,317.0166,7378316869786178009
btree16_bl_a64,16777216,10,320.9808,7378316869786178009
btree16_bl_a64,16777216,11,293.9880,7378316869786178009
btree16_bl_a64,16777216,12,278.1937,7378316869786178009
btree16_bl_a64,16777216,13,269.7769,7378316869786178009
btree16_bl_a64,16777216,14,291.2231,7378316869786178009
fusion8,16777216,0,557.9254,7378316869786178009
fusion8,16777216,1,489.4928,7378316869786178009
fusion8,16777216,2,477.2690,7378316869786178009
fusion8,16777216,3,515.6036,7378316869786178009
fusion8,16777216,4,508.8654,7378316869786178009
fusion8,16777216,5,484.8679,7378316869786178009
fusion8,16777216,6,472.9324,7378316869786178009
fusion8,16777216,7,486.5356,7378316869786178009
fusion8,16777216,8,477.5467,7378316869786178009
fusion8,16777216,9,475.9964,7378316869786178009
fusion8,16777216,10,478.3401,7378316869786178009
fusion8,16777216,11,490.2725,7378316869786178009
fusion8,16777216,12,489.7324,7378316869786178009
fusion8,16777216,13,472.8973,7378316869786178009
fusion8,16777216,14,479.3579,7378316869786178009
fusion8_bf,16777216,0,572.2702,7378316869786178009
fusion8_bf,16777216,1,501.6541,7378316869786178009
fusion8_bf,16777216,2,511.5585,7378316869786178009
fusion8_bf,16777216,3,520.5322,7378316869786178009
fusion8_bf,16777216,4,521.2936,7378316869786178009
fusion8_bf,16777216,5,517.8497,7378316869786178009
fusion8_bf,16777216,6,503.0731,7378316869786178009
fusion8_bf,16777216,7,493.8675,7378316869786178009
fusion8_bf,16777216,8,489.5294,7378316869786178009
fusion8_bf,16777216,9,494.9799,7378316869786178009
fusion8_bf,16777216,10,501.6586,7378316869786178009
fusion8_bf,16777216,11,501.7365,7378316869786178009
fusion8_bf,16777216,12,519.0170,7378316869786178009
fusion8_bf,16777216,13,507.0328,7378316869786178009
fusion8_bf,16777216,14,498.4894,7378316869786178009
fusion8_c,16777216,0,515.9805,7378316869786178009
fusion8_c,16777216,1,432.9422,7378316869786178009
fusion8_c,16777216,2,423.8342,7378316869786178009
fusion8_c,16777216,3,495.2393,7378316869786178009
fusion8_c,16777216,4,459.1827,7378316869786178009
fusion8_c,16777216,5,471.0526,7378316869786178009
fusion8_c,16777216,6,444.2810,7378316869786178009
fusion8_c,16777216,7,442.0273,7378316869786178009
fusion8_c,16777216,8,435.0143,7378316869786178009
fusion8_c,16777216,9,426.4755,7378316869786178009
fusion8_c,16777216,10,420.4132,7378316869786178009
fusion8_c,16777216,11,417.5797,7378316869786178009
fusion8_c,16777216,12,429.2953,7378316869786178009
fusion8_c,16777216,13,443.0527,7378316869786178009
fusion8_c,16777216,14,440.6357,7378316869786178009
fusion16_w,16777216,0,438.9648,7378316869786178009
fusion16_w,16777216,1,393.3777,7378316869786178009
fusion16_w,16777216,2,388.8000,7378316869786178009
fusion16_w,16777216,3,370.6238,7378316869786178009
fusion16_w,16777216,4,371.1884,7378316869786178009
fusion16_w,16777216,5,362.6648,7378316869786178009
fusion16_w,16777216,6,360.7437,7378316869786178009
fusion16_w,16777216,7,364.3707,7378316869786178009
fusion16_w,16777216,8,364.4089,7378316869786178009
fusion16_w,16777216,9,361.8713,7378316869786178009
fusion16_w,16777216,10,361.0580,7378316869786178009
fusion16_w,16777216,11,359.8923,7378316869786178009
fusion16_w,16777216,12,365.6876,7378316869786178009
fusion16_w,16777216,13,383.0231,7378316869786178009
fusion16_w,16777216,14,389.5050,7378316869786178009
sorted_array,33554432,0,1417.6483,14781225337507930917
sorted_array,33554432,1,1400.7034,14781225337507930917
sorted_array,33554432,2,1399.7635,14781225337507930917
sorted_array,33554432,3,1411.9629,14781225337507930917
sorted_array,33554432,4,1421.5576,14781225337507930917
sorted_array,33554432,5,1381.5750,14781225337507930917
sorted_array,33554432,6,1368.0893,14781225337507930917
sorted_array,33554432,7,1364.2319,14781225337507930917
sorted_array,33554432,8,1365.9622,14781225337507930917
sorted_array,33554432,9,1378.7308,14781225337507930917
sorted_array,33554432,10,1366.7755,14781225337507930917
sorted_array,33554432,11,1358.4351,14781225337507930917
sorted_array,33554432,12,1357.4554,14781225337507930917
sorted_array,33554432,13,1377.9648,14781225337507930917
sorted_array,33554432,14,1378.2242,14781225337507930917
btree8,33554432,0,478.0121,14781225337507930917
btree8,33554432,1,393.9621,14781225337507930917
btree8,33554432,2,382.8262,14781225337507930917
btree8,33554432,3,380.0873,14781225337507930917
btree8,33554432,4,388.7512,14781225337507930917
btree8,33554432,5,379.1351,14781225337507930917
btree8,33554432,6,382.3242,14781225337507930917
btree8,33554432,7,396.8231,14781225337507930917
btree8,33554432,8,449.0311,14781225337507930917
btree8,33554432,9,518.0176,14781225337507930917
btree8,33554432,10,412.8143,14781225337507930917
btree8,33554432,11,394.6762,14781225337507930917
btree8,33554432,12,373.1171,14781225337507930917
btree8,33554432,13,365.7242,14781225337507930917
btree8,33554432,14,375.5402,14781225337507930917
btree8_bl,33554432,0,463.6200,14781225337507930917
btree8_bl,33554432,1,447.3206,14781225337507930917
btree8_bl,33554432,2,430.3970,14781225337507930917
btree8_bl,33554432,3,403.0441,14781225337507930917
btree8_bl,33554432,4,388.2553,14781225337507930917
btree8_bl,33554432,5,386.2320,14781225337507930917
btree8_bl,33554432,6,389.1785,14781225337507930917
btree8_bl,33554432,7,392.8146,14781225337507930917
btree8_bl,33554432,8,389.0381,14781225337507930917
btree8_bl,33554432,9,383.2413,14781225337507930917
btree8_bl,33554432,10,385.9039,14781225337507930917
btree8_bl,33554432,11,382.5165,14781225337507930917
btree8_bl,33554432,12,385.2478,14781225337507930917
btree8_bl,33554432,13,390.4251,14781225337507930917
btree8_bl,33554432,14,451.8860,14781225337507930917
btree8_a64,33554432,0,456.8344,14781225337507930917
btree8_a64,33554432,1,415.6525,14781225337507930917
btree8_a64,33554432,2,405.2200,14781225337507930917
btree8_a64,33554432,3,400.5020,14781225337507930917
btree8_a64,33554432,4,402.4414,14781225337507930917
btree8_a64,33554432,5,395.0638,14781225337507930917
btree8_a64,33554432,6,395.5154,14781225337507930917
btree8_a64,33554432,7,392.9947,14781225337507930917
btree8_a64,33554432,8,407.3547,14781225337507930917
btree8_a64,33554432,9,398.8953,14781225337507930917
btree8_a64,33554432,10,394.5755,14781225337507930917
btree8_a64,33554432,11,395.5673,14781225337507930917
btree8_a64,33554432,12,395.8282,14781225337507930917
btree8_a64,33554432,13,393.1931,14781225337507930917
btree8_a64,33554432,14,396.0617,14781225337507930917
btree8_bl_a64,33554432,0,443.0527,14781225337507930917
btree8_bl_a64,33554432,1,407.1350,14781225337507930917
btree8_bl_a64,33554432,2,396.4935,14781225337507930917
btree8_bl_a64,33554432,3,383.4625,14781225337507930917
btree8_bl_a64,33554432,4,376.5747,14781225337507930917
btree8_bl_a64,33554432,5,379.2282,14781225337507930917
btree8_bl_a64,33554432,6,374.4263,14781225337507930917
btree8_bl_a64,33554432,7,366.8671,14781225337507930917
btree8_bl_a64,33554432,8,356.3705,14781225337507930917
btree8_bl_a64,33554432,9,353.4042,14781225337507930917
btree8_bl_a64,33554432,10,346.6980,14781225337507930917
btree8_bl_a64,33554432,11,358.0582,14781225337507930917
btree8_bl_a64,33554432,12,362.1353,14781225337507930917
btree8_bl_a64,33554432,13,363.8290,14781225337507930917
btree8_bl_a64,33554432,14,345.7047,14781225337507930917
btree16_bl_a64,33554432,0,477.0859,14781225337507930917
btree16_bl_a64,33554432,1,418.6005,14781225337507930917
btree16_bl_a64,33554432,2,413.6108,14781225337507930917
btree16_bl_a64,33554432,3,415.0314,14781225337507930917
btree16_bl_a64,33554432,4,421.4935,14781225337507930917
btree16_bl_a64,33554432,5,437.5763,14781225337507930917
btree16_bl_a64,33554432,6,426.2222,14781225337507930917
btree16_bl_a64,33554432,7,415.5075,14781225337507930917
btree16_bl_a64,33554432,8,445.8466,14781225337507930917
btree16_bl_a64,33554432,9,428.2303,14781225337507930917
btree16_bl_a64,33554432,10,413.9984,14781225337507930917
btree16_bl_a64,33554432,11,410.2997,14781225337507930917
btree16_bl_a64,33554432,12,402.8168,14781225337507930917
btree16_bl_a64,33554432,13,404.6082,14781225337507930917
btree16_bl_a64,33554432,14,412.5732,14781225337507930917
fusion8,33554432,0,589.7079,14781225337507930917
fusion8,33554432,1,566.5558,14781225337507930917
fusion8,33554432,2,513.4003,14781225337507930917
fusion8,33554432,3,509.4849,14781225337507930917
fusion8,33554432,4,503.5202,14781225337507930917
fusion8,33554432,5,499.5621,14781225337507930917
fusion8,33554432,6,510.7605,14781225337507930917
fusion8,33554432,7,519.2230,14781225337507930917
fusion8,33554432,8,501.9760,14781225337507930917
fusion8,33554432,9,501.2878,14781225337507930917
fusion8,33554432,10,500.1007,14781225337507930917
fusion8,33554432,11,498.3353,14781225337507930917
fusion8,33554432,12,500.8759,14781225337507930917
fusion8,33554432,13,499.4308,14781225337507930917
fusion8,33554432,14,498.2040,14781225337507930917
fusion8_bf,33554432,0,580.0568,14781225337507930917
fusion8_bf,33554432,1,524.8596,14781225337507930917
fusion8_bf,33554432,2,518.6081,14781225337507930917
fusion8_bf,33554432,3,519.4519,14781225337507930917
fusion8_bf,33554432,4,514.0869,14781225337507930917
fusion8_bf,33554432,5,517.9489,14781225337507930917
fusion8_bf,33554432,6,514.9170,14781225337507930917
fusion8_bf,33554432,7,514.7202,14781225337507930917
fusion8_bf,33554432,8,524.1165,14781225337507930917
fusion8_bf,33554432,9,519.0948,14781225337507930917
fusion8_bf,33554432,10,523.4161,14781225337507930917
fusion8_bf,33554432,11,533.9096,14781225337507930917
fusion8_bf,33554432,12,520.3674,14781225337507930917
fusion8_bf,33554432,13,534.8358,14781225337507930917
fusion8_bf,33554432,14,520.2423,14781225337507930917
fusion8_c,33554432,0,521.7102,14781225337507930917
fusion8_c,33554432,1,480.4413,14781225337507930917
fusion8_c,33554432,2,476.6464,14781225337507930917
fusion8_c,33554432,3,469.4946,14781225337507930917
fusion8_c,33554432,4,466.5909,14781225337507930917
fusion8_c,33554432,5,494.5663,14781225337507930917
fusion8_c,33554432,6,473.6435,14781225337507930917
fusion8_c,33554432,7,467.8207,14781225337507930917
fusion8_c,33554432,8,467.0486,14781225337507930917
fusion8_c,33554432,9,461.8195,14781225337507930917
fusion8_c,33554432,10,452.9266,14781225337507930917
fusion8_c,33554432,11,468.7790,14781225337507930917
fusion8_c,33554432,12,461.8500,14781225337507930917
fusion8_c,33554432,13,453.1052,14781225337507930917
fusion8_c,33554432,14,460.8475,14781225337507930917
fusion16_w,33554432,0,577.8381,14781225337507930917
fusion16_w,33554432,1,530.5222,14781225337507930917
fusion16_w,33554432,2,518.9728,14781225337507930917
fusion16_w,33554432,3,518.1763,14781225337507930917
fusion16_w,33554432,4,518.8858,14781225337507930917
fusion16_w,33554432,5,522.4197,14781225337507930917
fusion16_w,33554432,6,527.8030,14781225337507930917
fusion16_w,33554432,7,517.1371,14781225337507930917
fusion16_w,33554432,8,515.3549,14781225337507930917
fusion16_w,33554432,9,515.5182,14781225337507930917
fusion16_w,33554432,10,524.3073,14781225337507930917
fusion16_w,33554432,11,525.1251,14781225337507930917
fusion16_w,33554432,12,518.9148,14781225337507930917
fusion16_w,33554432,13,514.6439,14781225337507930917
fusion16_w,33554432,14,515.7578,14781225337507930917
