structure,n,rep,ns_per_query,checksum
fusion8,256,0,35.2371,11530405409878601149
fusion8_c,256,0,37.5854,11530405409878601149
btree8_a64,256,0,19.7159,11530405409878601149
btree16_bl_a64,256,0,4.5654,11530405409878601149
btree8,256,0,23.4222,11530405409878601149
btree8_bl,256,0,13.4247,11530405409878601149
fusion16_w,256,0,26.4801,11530405409878601149
fusion8_bf,256,0,38.2874,11530405409878601149
btree8_bl_a64,256,0,11.7111,11530405409878601149
sorted_array,256,0,4.3671,11530405409878601149
btree8_bl,256,1,13.2874,11530405409878601149
fusion8,256,1,35.2051,11530405409878601149
btree16_bl_a64,256,1,4.3915,11530405409878601149
fusion16_w,256,1,26.4679,11530405409878601149
btree8_bl_a64,256,1,11.8057,11530405409878601149
btree8_a64,256,1,19.5892,11530405409878601149
fusion8_c,256,1,38.3759,11530405409878601149
sorted_array,256,1,4.3671,11530405409878601149
btree8,256,1,21.0648,11530405409878601149
fusion8_bf,256,1,38.4674,11530405409878601149
btree8_bl,256,2,13.1104,11530405409878601149
sorted_array,256,2,4.3961,11530405409878601149
btree16_bl_a64,256,2,4.5288,11530405409878601149
fusion8_c,256,2,37.1399,11530405409878601149
btree8_a64,256,2,19.9371,11530405409878601149
btree8,256,2,22.9721,11530405409878601149
fusion16_w,256,2,26.6098,11530405409878601149
fusion8,256,2,35.2676,11530405409878601149
fusion8_bf,256,2,37.3383,11530405409878601149
btree8_bl_a64,256,2,11.6074,11530405409878601149
fusion8_c,256,3,37.3047,11530405409878601149
fusion8_bf,256,3,37.3459,11530405409878601149
btree16_bl_a64,256,3,4.5090,11530405409878601149
btree8_bl_a64,256,3,11.6882,11530405409878601149
fusion8,256,3,35.2448,11530405409878601149
btree8,256,3,21.2311,11530405409878601149
sorted_array,256,3,4.3900,11530405409878601149
fusion16_w,256,3,26.5533,11530405409878601149
btree8_a64,256,3,19.5709,11530405409878601149
btree8_bl,256,3,13.3224,11530405409878601149
btree8_bl,256,4,13.0920,11530405409878601149
fusion16_w,256,4,26.4694,11530405409878601149
btree8_bl_a64,256,4,11.8057,11530405409878601149
btree16_bl_a64,256,4,4.4586,11530405409878601149
btree8,256,4,21.0999,11530405409878601149
fusion8,256,4,36.4273,11530405409878601149
fusion8_c,256,4,37.2879,11530405409878601149
fusion8_bf,256,4,37.4023,11530405409878601149
sorted_array,256,4,4.3686,11530405409878601149
btree8_a64,256,4,19.6228,11530405409878601149
fusion8_bf,256,5,38.3987,11530405409878601149
btree8,256,5,22.2656,11530405409878601149
btree8_a64,256,5,21.7621,11530405409878601149
btree8_bl,256,5,13.4247,11530405409878601149
btree16_bl_a64,256,5,4.3594,11530405409878601149
fusion8,256,5,35.4263,11530405409878601149
fusion16_w,256,5,26.6953,11530405409878601149
sorted_array,256,5,4.4022,11530405409878601149
btree8_bl_a64,256,5,11.8103,11530405409878601149
fusion8_c,256,5,36.9522,11530405409878601149
fusion8,256,6,35.1410,11530405409878601149
btree8_a64,256,6,19.4183,11530405409878601149
sorted_array,256,6,4.4403,11530405409878601149
btree8_bl,256,6,13.2538,11530405409878601149
btree16_bl_a64,256,6,4.5135,11530405409878601149
fusion8_bf,256,6,37.5107,11530405409878601149
fusion16_w,256,6,26.3779,11530405409878601149
btree8_bl_a64,256,6,11.8042,11530405409878601149
fusion8_c,256,6,36.9827,11530405409878601149
btree8,256,6,21.0342,11530405409878601149
fusion8_c,256,7,38.4445,11530405409878601149
fusion8_bf,256,7,38.0981,11530405409878601149
sorted_array,256,7,4.4754,11530405409878601149
btree8_bl,256,7,13.0920,11530405409878601149
btree8,256,7,20.9167,11530405409878601149
fusion16_w,256,7,26.6479,11530405409878601149
btree8_a64,256,7,19.6442,11530405409878601149
fusion8,256,7,37.7518,11530405409878601149
btree8_bl_a64,256,7,11.6867,11530405409878601149
btree16_bl_a64,256,7,4.4144,11530405409878601149
fusion8_c,256,8,36.9431,11530405409878601149
btree8_bl,256,8,13.2629,11530405409878601149
btree16_bl_a64,256,8,4.3427,11530405409878601149
fusion16_w,256,8,26.5564,11530405409878601149
btree8_bl_a64,256,8,11.7981,11530405409878601149
btree8,256,8,20.7565,11530405409878601149
btree8_a64,256,8,21.7316,11530405409878601149
fusion8_bf,256,8,38.1729,11530405409878601149
fusion8,256,8,35.4050,11530405409878601149
sorted_array,256,8,4.3716,11530405409878601149
fusion8_bf,256,9,37.2101,11530405409878601149
sorted_array,256,9,4.4174,11530405409878601149
btree8,256,9,21.1716,11530405409878601149
btree8_a64,256,9,21.8735,11530405409878601149
fusion16_w,256,9,27.5574,11530405409878601149
btree8_bl,256,9,13.4216,11530405409878601149
btree8_bl_a64,256,9,11.9446,11530405409878601149
btree16_bl_a64,256,9,4.4525,11530405409878601149
fusion8_c,256,9,37.1338,11530405409878601149
fusion8,256,9,35.2493,11530405409878601149
fusion8,256,10,34.9991,11530405409878601149
btree16_bl_a64,256,10,4.4312,11530405409878601149
btree8_bl_a64,256,10,11.7142,11530405409878601149
sorted_array,256,10,4.3686,11530405409878601149
fusion16_w,256,10,26.5411,11530405409878601149
btree8_bl,256,10,13.3057,11530405409878601149
fusion8_c,256,10,36.9858,11530405409878601149
btree8_a64,256,10,19.6487,11530405409878601149
btree8,256,10,21.1456,11530405409878601149
fusion8_bf,256,10,38.6978,11530405409878601149
fusion8,256,11,35.1852,11530405409878601149
btree8_a64,256,11,19.7479,11530405409878601149
fusion8_bf,256,11,38.6017,11530405409878601149
btree8,256,11,21.0953,11530405409878601149
btree8_bl_a64,256,11,11.8805,11530405409878601149
btree8_bl,256,11,13.4354,11530405409878601149
sorted_array,256,11,4.3610,11530405409878601149
fusion8_c,256,11,38.2172,11530405409878601149
btree16_bl_a64,256,11,4.3549,11530405409878601149
fusion16_w,256,11,26.4160,11530405409878601149
btree8_bl,256,12,13.3606,11530405409878601149
fusion16_w,256,12,26.5427,11530405409878601149
fusion8_bf,256,12,37.4069,11530405409878601149
fusion8,256,12,35.2341,11530405409878601149
sorted_array,256,12,4.3671,11530405409878601149
btree8_a64,256,12,19.4962,11530405409878601149
btree8_bl_a64,256,12,11.8729,11530405409878601149
fusion8_c,256,12,37.2757,11530405409878601149
btree16_bl_a64,256,12,4.5013,11530405409878601149
btree8,256,12,21.3745,11530405409878601149
fusion8,256,13,36.3831,11530405409878601149
fusion16_w,256,13,26.3535,11530405409878601149
btree8_a64,256,13,19.6335,11530405409878601149
fusion8_c,256,13,38.3698,11530405409878601149
btree8,256,13,20.9747,11530405409878601149
btree8_bl,256,13,13.3804,11530405409878601149
fusion8_bf,256,13,37.8647,11530405409878601149
btree16_bl_a64,256,13,4.4937,11530405409878601149
btree8_bl_a64,256,13,11.9400,11530405409878601149
sorted_array,256,13,4.3854,11530405409878601149
btree8_bl_a64,256,14,11.6455,11530405409878601149
fusion16_w,256,14,26.4297,11530405409878601149
btree8,256,14,21.1136,11530405409878601149
btree8_a64,256,14,21.7773,11530405409878601149
sorted_array,256,14,4.4022,11530405409878601149
btree8_bl,256,14,13.4048,11530405409878601149
btree16_bl_a64,256,14,4.7012,11530405409878601149
fusion8_bf,256,14,37.5153,11530405409878601149
fusion8,256,14,35.1547,11530405409878601149
fusion8_c,256,14,38.2034,11530405409878601149
fusion8_c,512,0,37.9654,16697882275220540387
btree8,512,0,24.2661,16697882275220540387
btree8_a64,512,0,25.5692,16697882275220540387
btree8_bl,512,0,9.0668,16697882275220540387
btree8_bl_a64,512,0,8.1360,16697882275220540387
fusion8,512,0,35.0372,16697882275220540387
sorted_array,512,0,5.0797,16697882275220540387
btree16_bl_a64,512,0,15.1016,16697882275220540387
fusion8_bf,512,0,38.3575,16697882275220540387
fusion16_w,512,0,42.5095,16697882275220540387
btree8_a64,512,1,23.0865,16697882275220540387
btree8,512,1,26.5121,16697882275220540387
fusion16_w,512,1,42.4393,16697882275220540387
fusion8,512,1,35.1562,16697882275220540387
btree8_bl,512,1,8.9996,16697882275220540387
btree16_bl_a64,512,1,14.9307,16697882275220540387
btree8_bl_a64,512,1,8.0612,16697882275220540387
fusion8_bf,512,1,38.4766,16697882275220540387
fusion8_c,512,1,38.2980,16697882275220540387
sorted_array,512,1,5.0613,16697882275220540387
fusion16_w,512,2,42.3843,16697882275220540387
btree8_bl_a64,512,2,7.9529,16697882275220540387
btree16_bl_a64,512,2,14.9078,16697882275220540387
fusion8_c,512,2,37.8723,16697882275220540387
fusion8_bf,512,2,38.2782,16697882275220540387
btree8_bl,512,2,8.9920,16697882275220540387
fusion8,512,2,35.0784,16697882275220540387
sorted_array,512,2,5.0629,16697882275220540387
btree8,512,2,24.3027,16697882275220540387
btree8_a64,512,2,24.7330,16697882275220540387
btree8_bl_a64,512,3,8.0811,16697882275220540387
btree8_a64,512,3,22.9279,16697882275220540387
sorted_array,512,3,5.0583,16697882275220540387
fusion8_c,512,3,39.1037,16697882275220540387
btree8,512,3,24.3729,16697882275220540387
fusion8,512,3,36.0519,16697882275220540387
fusion8_bf,512,3,38.5315,16697882275220540387
btree8_bl,512,3,8.9142,16697882275220540387
fusion16_w,512,3,42.3416,16697882275220540387
btree16_bl_a64,512,3,14.8605,16697882275220540387
fusion8_c,512,4,37.9120,16697882275220540387
btree8_bl,512,4,8.8608,16697882275220540387
btree16_bl_a64,512,4,14.6820,16697882275220540387
btree8,512,4,24.2828,16697882275220540387
btree8_bl_a64,512,4,8.1299,16697882275220540387
sorted_array,512,4,5.0629,16697882275220540387
btree8_a64,512,4,23.3582,16697882275220540387
fusion8_bf,512,4,38.9847,16697882275220540387
fusion16_w,512,4,42.3737,16697882275220540387
fusion8,512,4,35.2203,16697882275220540387
btree8_bl_a64,512,5,8.0185,16697882275220540387
btree8_bl,512,5,9.0042,16697882275220540387
fusion8_c,512,5,38.0157,16697882275220540387
btree16_bl_a64,512,5,14.8788,16697882275220540387
btree8,512,5,24.1623,16697882275220540387
btree8_a64,512,5,25.1755,16697882275220540387
fusion16_w,512,5,42.6361,16697882275220540387
sorted_array,512,5,5.0705,16697882275220540387
fusion8_bf,512,5,38.3484,16697882275220540387
fusion8,512,5,35.1761,16697882275220540387
fusion8,512,6,34.9686,16697882275220540387
btree8,512,6,24.4171,16697882275220540387
sorted_array,512,6,5.0613,16697882275220540387
btree16_bl_a64,512,6,14.9445,16697882275220540387
fusion16_w,512,6,42.3721,16697882275220540387
fusion8_c,512,6,37.8891,16697882275220540387
btree8_bl_a64,512,6,8.1146,16697882275220540387
btree8_a64,512,6,23.0820,16697882275220540387
btree8_bl,512,6,9.0118,16697882275220540387
fusion8_bf,512,6,38.5620,16697882275220540387
btree8,512,7,24.1455,16697882275220540387
btree8_a64,512,7,26.4160,16697882275220540387
fusion8_c,512,7,39.8361,16697882275220540387
fusion8_bf,512,7,39.4913,16697882275220540387
fusion8,512,7,34.9960,16697882275220540387
btree8_bl_a64,512,7,8.0383,16697882275220540387
fusion16_w,512,7,42.8787,16697882275220540387
btree16_bl_a64,512,7,14.8804,16697882275220540387
sorted_array,512,7,5.0613,16697882275220540387
btree8_bl,512,7,8.9050,16697882275220540387
sorted_array,512,8,5.0751,16697882275220540387
btree8_bl,512,8,8.9951,16697882275220540387
btree8_bl_a64,512,8,8.0383,16697882275220540387
btree16_bl_a64,512,8,14.8956,16697882275220540387
fusion8_bf,512,8,38.3087,16697882275220540387
fusion8,512,8,35.0769,16697882275220540387
fusion16_w,512,8,42.5079,16697882275220540387
fusion8_c,512,8,39.7888,16697882275220540387
btree8_a64,512,8,22.7554,16697882275220540387
btree8,512,8,26.2085,16697882275220540387
btree8_bl_a64,512,9,8.0490,16697882275220540387
btree8,512,9,23.9594,16697882275220540387
fusion16_w,512,9,43.4555,16697882275220540387
fusion8_c,512,9,38.3759,16697882275220540387
sorted_array,512,9,5.0613,16697882275220540387
btree8_a64,512,9,22.9370,16697882275220540387
btree16_bl_a64,512,9,14.7705,16697882275220540387
fusion8,512,9,35.3806,16697882275220540387
btree8_bl,512,9,8.9615,16697882275220540387
fusion8_bf,512,9,38.4995,16697882275220540387
btree8_bl,512,10,8.8684,16697882275220540387
btree8,512,10,23.9853,16697882275220540387
fusion8_c,512,10,39.4775,16697882275220540387
btree8_bl_a64,512,10,8.1512,16697882275220540387
btree8_a64,512,10,22.8210,16697882275220540387
sorted_array,512,10,5.0613,16697882275220540387
fusion16_w,512,10,42.4591,16697882275220540387
fusion8,512,10,35.2493,16697882275220540387
btree16_bl_a64,512,10,14.7659,16697882275220540387
fusion8_bf,512,10,38.4079,16697882275220540387
btree8_bl_a64,512,11,8.1299,16697882275220540387
fusion8_bf,512,11,38.2858,16697882275220540387
fusion8_c,512,11,38.5269,16697882275220540387
btree8_a64,512,11,22.8622,16697882275220540387
btree8_bl,512,11,9.0607,16697882275220540387
btree16_bl_a64,512,11,14.7446,16697882275220540387
fusion8,512,11,34.9167,16697882275220540387
fusion16_w,512,11,42.3248,16697882275220540387
sorted_array,512,11,5.0598,16697882275220540387
btree8,512,11,24.0372,16697882275220540387
btree8_bl_a64,512,12,8.1161,16697882275220540387
fusion8_bf,512,12,38.6856,16697882275220540387
fusion8_c,512,12,38.5025,16697882275220540387
btree8,512,12,24.0738,16697882275220540387
fusion8,512,12,35.9207,16697882275220540387
btree8_bl,512,12,8.9920,16697882275220540387
btree16_bl_a64,512,12,14.9094,16697882275220540387
btree8_a64,512,12,22.9980,16697882275220540387
sorted_array,512,12,5.1025,16697882275220540387
fusion16_w,512,12,42.6254,16697882275220540387
btree8,512,13,24.1165,16697882275220540387
fusion16_w,512,13,44.0094,16697882275220540387
btree8_a64,512,13,22.8058,16697882275220540387
sorted_array,512,13,5.0629,16697882275220540387
fusion8_bf,512,13,39.4714,16697882275220540387
fusion8,512,13,35.0174,16697882275220540387
btree8_bl,512,13,8.9096,16697882275220540387
btree16_bl_a64,512,13,14.7552,16697882275220540387
btree8_bl_a64,512,13,8.1665,16697882275220540387
fusion8_c,512,13,37.9791,16697882275220540387
btree8_bl_a64,512,14,8.0078,16697882275220540387
fusion8_bf,512,14,38.3347,16697882275220540387
btree8_a64,512,14,22.7234,16697882275220540387
btree8_bl,512,14,8.9600,16697882275220540387
btree16_bl_a64,512,14,14.8010,16697882275220540387
fusion16_w,512,14,42.3721,16697882275220540387
btree8,512,14,24.5010,16697882275220540387
fusion8_c,512,14,39.2059,16697882275220540387
sorted_array,512,14,5.0659,16697882275220540387
fusion8,512,14,34.9960,16697882275220540387
btree8,1024,0,27.5192,1822299186294993737
fusion16_w,1024,0,48.3963,1822299186294993737
btree8_a64,1024,0,25.4776,1822299186294993737
btree8_bl,1024,0,21.6797,1822299186294993737
fusion8_bf,1024,0,51.0422,1822299186294993737
fusion8,1024,0,45.7687,1822299186294993737
btree8_bl_a64,1024,0,19.0933,1822299186294993737
fusion8_c,1024,0,51.0651,1822299186294993737
sorted_array,1024,0,5.8365,1822299186294993737
btree16_bl_a64,1024,0,12.1613,1822299186294993737
btree8,1024,1,27.5284,1822299186294993737
fusion8,1024,1,46.4966,1822299186294993737
fusion8_bf,1024,1,51.9348,1822299186294993737
fusion8_c,1024,1,51.6479,1822299186294993737
fusion16_w,1024,1,48.0225,1822299186294993737
btree8_bl,1024,1,21.8018,1822299186294993737
sorted_array,1024,1,5.8472,1822299186294993737
btree16_bl_a64,1024,1,12.2238,1822299186294993737
btree8_bl_a64,1024,1,19.0094,1822299186294993737
btree8_a64,1024,1,25.9003,1822299186294993737
btree8,1024,2,32.2189,1822299186294993737
fusion8_bf,1024,2,53.5339,1822299186294993737
btree8_a64,1024,2,27.0493,1822299186294993737
btree8_bl,1024,2,21.6980,1822299186294993737
btree16_bl_a64,1024,2,12.0682,1822299186294993737
fusion8_c,1024,2,49.6536,1822299186294993737
fusion16_w,1024,2,47.8439,1822299186294993737
fusion8,1024,2,45.6726,1822299186294993737
sorted_array,1024,2,6.0089,1822299186294993737
btree8_bl_a64,1024,2,19.0491,1822299186294993737
sorted_array,1024,3,5.8289,1822299186294993737
fusion8_c,1024,3,49.3851,1822299186294993737
fusion16_w,1024,3,47.8760,1822299186294993737
btree16_bl_a64,1024,3,11.9659,1822299186294993737
fusion8,1024,3,43.4265,1822299186294993737
btree8_bl_a64,1024,3,18.9377,1822299186294993737
btree8_a64,1024,3,25.6485,1822299186294993737
fusion8_bf,1024,3,54.8050,1822299186294993737
btree8_bl,1024,3,21.9635,1822299186294993737
btree8,1024,3,27.4185,1822299186294993737
btree8_a64,1024,4,29.9423,1822299186294993737
btree8,1024,4,26.6541,1822299186294993737
fusion8_c,1024,4,52.5024,1822299186294993737
btree8_bl,1024,4,21.8430,1822299186294993737
sorted_array,1024,4,5.8289,1822299186294993737
fusion8_bf,1024,4,51.3596,1822299186294993737
btree8_bl_a64,1024,4,18.8950,1822299186294993737
btree16_bl_a64,1024,4,12.1338,1822299186294993737
fusion16_w,1024,4,47.8775,1822299186294993737
fusion8,1024,4,44.6442,1822299186294993737
fusion8,1024,5,43.4402,1822299186294993737
btree16_bl_a64,1024,5,11.9736,1822299186294993737
fusion16_w,1024,5,47.7356,1822299186294993737
btree8_bl,1024,5,21.7850,1822299186294993737
btree8_a64,1024,5,25.8850,1822299186294993737
fusion8_c,1024,5,53.2166,1822299186294993737
btree8,1024,5,27.0477,1822299186294993737
fusion8_bf,1024,5,55.7266,1822299186294993737
btree8_bl_a64,1024,5,19.0079,1822299186294993737
sorted_array,1024,5,5.8289,1822299186294993737
fusion16_w,1024,6,47.9172,1822299186294993737
btree8_bl,1024,6,21.8185,1822299186294993737
fusion8,1024,6,45.5536,1822299186294993737
btree8_a64,1024,6,25.9460,1822299186294993737
btree8,1024,6,31.8558,1822299186294993737
fusion8_c,1024,6,53.0579,1822299186294993737
sorted_array,1024,6,5.8289,1822299186294993737
btree8_bl_a64,1024,6,18.9499,1822299186294993737
btree16_bl_a64,1024,6,12.0575,1822299186294993737
fusion8_bf,1024,6,50.2609,1822299186294993737
sorted_array,1024,7,5.8456,1822299186294993737
fusion8_c,1024,7,49.6307,1822299186294993737
fusion8,1024,7,44.7662,1822299186294993737
btree16_bl_a64,1024,7,12.0300,1822299186294993737
fusion16_w,1024,7,47.8363,1822299186294993737
btree8,1024,7,27.3392,1822299186294993737
btree8_bl_a64,1024,7,19.0033,1822299186294993737
btree8_bl,1024,7,21.9894,1822299186294993737
btree8_a64,1024,7,25.8408,1822299186294993737
fusion8_bf,1024,7,51.0193,1822299186294993737
fusion8,1024,8,45.9091,1822299186294993737
btree8_bl,1024,8,21.7178,1822299186294993737
btree8_bl_a64,1024,8,19.3390,1822299186294993737
fusion8_c,1024,8,49.5087,1822299186294993737
fusion8_bf,1024,8,53.7399,1822299186294993737
btree16_bl_a64,1024,8,12.1231,1822299186294993737
sorted_array,1024,8,5.8411,1822299186294993737
btree8_a64,1024,8,25.6165,1822299186294993737
fusion16_w,1024,8,48.0560,1822299186294993737
btree8,1024,8,27.5620,1822299186294993737
fusion16_w,1024,9,48.0194,1822299186294993737
fusion8,1024,9,43.5745,1822299186294993737
btree8_a64,1024,9,25.9399,1822299186294993737
fusion8_bf,1024,9,54.0176,1822299186294993737
btree16_bl_a64,1024,9,12.1429,1822299186294993737
btree8_bl_a64,1024,9,19.0765,1822299186294993737
btree8_bl,1024,9,21.7789,1822299186294993737
fusion8_c,1024,9,50.0427,1822299186294993737
btree8,1024,9,27.8336,1822299186294993737
sorted_array,1024,9,5.8380,1822299186294993737
fusion8,1024,10,46.1044,1822299186294993737
btree16_bl_a64,1024,10,11.9965,1822299186294993737
fusion8_c,1024,10,49.8337,1822299186294993737
fusion8_bf,1024,10,51.3397,1822299186294993737
fusion16_w,1024,10,47.7829,1822299186294993737
btree8,1024,10,27.1149,1822299186294993737
sorted_array,1024,10,5.8731,1822299186294993737
btree8_bl,1024,10,21.9070,1822299186294993737
btree8_a64,1024,10,25.6027,1822299186294993737
btree8_bl_a64,1024,10,19.1879,1822299186294993737
btree8_bl_a64,1024,11,19.0567,1822299186294993737
sorted_array,1024,11,5.8289,1822299186294993737
btree8,1024,11,27.2766,1822299186294993737
fusion8,1024,11,45.9885,1822299186294993737
fusion8_bf,1024,11,52.3026,1822299186294993737
btree16_bl_a64,1024,11,12.0407,1822299186294993737
fusion16_w,1024,11,47.7142,1822299186294993737
btree8_a64,1024,11,25.7355,1822299186294993737
fusion8_c,1024,11,52.9373,1822299186294993737
btree8_bl,1024,11,21.7346,1822299186294993737
fusion16_w,1024,12,48.0026,1822299186294993737
fusion8,1024,12,43.1763,1822299186294993737
btree16_bl_a64,1024,12,12.0834,1822299186294993737
fusion8_bf,1024,12,50.1465,1822299186294993737
btree8_a64,1024,12,25.9415,1822299186294993737
sorted_array,1024,12,5.8258,1822299186294993737
btree8_bl_a64,1024,12,19.1452,1822299186294993737
btree8_bl,1024,12,21.9635,1822299186294993737
btree8,1024,12,27.5299,1822299186294993737
fusion8_c,1024,12,52.2110,1822299186294993737
btree8_bl,1024,13,22.6822,1822299186294993737
btree8,1024,13,46.0678,1822299186294993737
fusion16_w,1024,13,50.9338,1822299186294993737
sorted_array,1024,13,6.3690,1822299186294993737
btree8_bl_a64,1024,13,20.4865,1822299186294993737
fusion8_bf,1024,13,50.5676,1822299186294993737
btree16_bl_a64,1024,13,13.2660,1822299186294993737
fusion8_c,1024,13,52.3560,1822299186294993737
btree8_a64,1024,13,27.2751,1822299186294993737
fusion8,1024,13,48.1964,1822299186294993737
btree16_bl_a64,1024,14,12.1704,1822299186294993737
fusion8,1024,14,43.0481,1822299186294993737
sorted_array,1024,14,5.8350,1822299186294993737
fusion8_c,1024,14,49.8352,1822299186294993737
btree8,1024,14,27.7695,1822299186294993737
btree8_bl_a64,1024,14,19.1498,1822299186294993737
btree8_bl,1024,14,22.2626,1822299186294993737
fusion16_w,1024,14,48.4039,1822299186294993737
btree8_a64,1024,14,25.6287,1822299186294993737
fusion8_bf,1024,14,55.5206,1822299186294993737
fusion8,2048,0,53.6774,6787589965792239204
fusion16_w,2048,0,48.8388,6787589965792239204
btree8_bl_a64,2048,0,16.0233,6787589965792239204
btree8_bl,2048,0,17.5369,6787589965792239204
fusion8_c,2048,0,53.0334,6787589965792239204
btree16_bl_a64,2048,0,9.4833,6787589965792239204
sorted_array,2048,0,6.5918,6787589965792239204
btree8_a64,2048,0,29.2648,6787589965792239204
btree8,2048,0,35.1181,6787589965792239204
fusion8_bf,2048,0,55.9174,6787589965792239204
fusion8,2048,1,53.2074,6787589965792239204
btree16_bl_a64,2048,1,9.2453,6787589965792239204
sorted_array,2048,1,6.4560,6787589965792239204
btree8_a64,2048,1,29.3961,6787589965792239204
btree8,2048,1,35.4446,6787589965792239204
fusion16_w,2048,1,49.0097,6787589965792239204
fusion8_bf,2048,1,53.9307,6787589965792239204
fusion8_c,2048,1,54.6524,6787589965792239204
btree8_bl,2048,1,17.6193,6787589965792239204
btree8_bl_a64,2048,1,16.1804,6787589965792239204
fusion16_w,2048,2,48.4177,6787589965792239204
btree16_bl_a64,2048,2,9.3277,6787589965792239204
btree8,2048,2,31.0867,6787589965792239204
fusion8_c,2048,2,55.6030,6787589965792239204
sorted_array,2048,2,6.6864,6787589965792239204
btree8_a64,2048,2,29.9149,6787589965792239204
fusion8,2048,2,52.4094,6787589965792239204
fusion8_bf,2048,2,56.2500,6787589965792239204
btree8_bl,2048,2,17.3859,6787589965792239204
btree8_bl_a64,2048,2,16.0324,6787589965792239204
btree8_bl,2048,3,17.4393,6787589965792239204
fusion8_c,2048,3,52.9022,6787589965792239204
sorted_array,2048,3,6.4209,6787589965792239204
btree8_a64,2048,3,29.1336,6787589965792239204
fusion8_bf,2048,3,56.4423,6787589965792239204
btree16_bl_a64,2048,3,9.3323,6787589965792239204
btree8_bl_a64,2048,3,15.9561,6787589965792239204
btree8,2048,3,31.1752,6787589965792239204
fusion16_w,2048,3,48.7885,6787589965792239204
fusion8,2048,3,51.9119,6787589965792239204
btree16_bl_a64,2048,4,9.2957,6787589965792239204
sorted_array,2048,4,6.5048,6787589965792239204
fusion16_w,2048,4,48.6221,6787589965792239204
btree8_bl,2048,4,17.6956,6787589965792239204
btree8_bl_a64,2048,4,15.9683,6787589965792239204
fusion8,2048,4,51.8143,6787589965792239204
btree8_a64,2048,4,29.4983,6787589965792239204
fusion8_bf,2048,4,56.0272,6787589965792239204
btree8,2048,4,30.6595,6787589965792239204
fusion8_c,2048,4,56.1966,6787589965792239204
fusion8,2048,5,51.9272,6787589965792239204
btree8_bl,2048,5,17.3965,6787589965792239204
btree8,2048,5,31.2515,6787589965792239204
fusion8_c,2048,5,56.1768,6787589965792239204
sorted_array,2048,5,6.4346,6787589965792239204
btree8_a64,2048,5,29.1840,6787589965792239204
btree16_bl_a64,2048,5,9.3582,6787589965792239204
btree8_bl_a64,2048,5,16.0202,6787589965792239204
fusion8_bf,2048,5,54.0237,6787589965792239204
fusion16_w,2048,5,48.6374,6787589965792239204
btree8,2048,6,31.2881,6787589965792239204
sorted_array,2048,6,6.4270,6787589965792239204
fusion8,2048,6,54.9393,6787589965792239204
btree8_bl_a64,2048,6,15.9714,6787589965792239204
fusion8_c,2048,6,52.9144,6787589965792239204
fusion8_bf,2048,6,55.0049,6787589965792239204
fusion16_w,2048,6,49.4064,6787589965792239204
btree16_bl_a64,2048,6,9.3750,6787589965792239204
btree8_a64,2048,6,29.2770,6787589965792239204
btree8_bl,2048,6,17.7002,6787589965792239204
fusion8_bf,2048,7,54.1168,6787589965792239204
btree8,2048,7,31.3171,6787589965792239204
btree8_bl,2048,7,17.5613,6787589965792239204
btree16_bl_a64,2048,7,9.3811,6787589965792239204
btree8_bl_a64,2048,7,16.0339,6787589965792239204
fusion8_c,2048,7,52.9556,6787589965792239204
btree8_a64,2048,7,29.1672,6787589965792239204
sorted_array,2048,7,6.4194,6787589965792239204
fusion16_w,2048,7,49.8444,6787589965792239204
fusion8,2048,7,51.9760,6787589965792239204
fusion16_w,2048,8,48.6801,6787589965792239204
btree8,2048,8,31.2195,6787589965792239204
btree8_bl_a64,2048,8,15.9561,6787589965792239204
fusion8_c,2048,8,53.2104,6787589965792239204
btree8_bl,2048,8,17.5232,6787589965792239204
btree8_a64,2048,8,29.3243,6787589965792239204
fusion8_bf,2048,8,55.9464,6787589965792239204
btree16_bl_a64,2048,8,9.3155,6787589965792239204
sorted_array,2048,8,6.4438,6787589965792239204
fusion8,2048,8,53.6453,6787589965792239204
btree8_a64,2048,9,29.9591,6787589965792239204
fusion8,2048,9,53.7140,6787589965792239204
btree8,2048,9,31.7108,6787589965792239204
fusion16_w,2048,9,48.8434,6787589965792239204
btree16_bl_a64,2048,9,9.3979,6787589965792239204
btree8_bl,2048,9,17.8223,6787589965792239204
btree8_bl_a64,2048,9,16.0934,6787589965792239204
fusion8_bf,2048,9,54.2328,6787589965792239204
sorted_array,2048,9,6.5460,6787589965792239204
fusion8_c,2048,9,54.7714,6787589965792239204
btree16_bl_a64,2048,10,9.3567,6787589965792239204
sorted_array,2048,10,6.4102,6787589965792239204
btree8_bl,2048,10,17.8436,6787589965792239204
fusion8_c,2048,10,52.9205,6787589965792239204
fusion8,2048,10,53.1189,6787589965792239204
btree8,2048,10,31.7947,6787589965792239204
fusion16_w,2048,10,56.0211,6787589965792239204
btree8_bl_a64,2048,10,16.3300,6787589965792239204
fusion8_bf,2048,10,54.4601,6787589965792239204
btree8_a64,2048,10,30.8655,6787589965792239204
btree8,2048,11,32.1060,6787589965792239204
btree8_bl_a64,2048,11,15.9302,6787589965792239204
btree8_a64,2048,11,29.2969,6787589965792239204
fusion8_bf,2048,11,56.4713,6787589965792239204
btree8_bl,2048,11,17.5827,6787589965792239204
fusion8_c,2048,11,53.3524,6787589965792239204
fusion16_w,2048,11,48.9029,6787589965792239204
btree16_bl_a64,2048,11,9.5764,6787589965792239204
fusion8,2048,11,53.5660,6787589965792239204
sorted_array,2048,11,6.4636,6787589965792239204
sorted_array,2048,12,6.4133,6787589965792239204
btree16_bl_a64,2048,12,9.2529,6787589965792239204
btree8_bl_a64,2048,12,16.0080,6787589965792239204
fusion8_c,2048,12,53.1326,6787589965792239204
btree8_bl,2048,12,17.7185,6787589965792239204
btree8,2048,12,31.2973,6787589965792239204
fusion8_bf,2048,12,58.2001,6787589965792239204
fusion16_w,2048,12,48.8724,6787589965792239204
btree8_a64,2048,12,29.4556,6787589965792239204
fusion8,2048,12,54.0619,6787589965792239204
fusion16_w,2048,13,48.5519,6787589965792239204
btree8_bl,2048,13,17.3523,6787589965792239204
fusion8,2048,13,51.5778,6787589965792239204
btree16_bl_a64,2048,13,9.3826,6787589965792239204
fusion8_c,2048,13,53.0304,6787589965792239204
btree8_a64,2048,13,29.2023,6787589965792239204
btree8,2048,13,35.2982,6787589965792239204
sorted_array,2048,13,6.4209,6787589965792239204
btree8_bl_a64,2048,13,15.9927,6787589965792239204
fusion8_bf,2048,13,54.0970,6787589965792239204
btree8_bl,2048,14,17.4850,6787589965792239204
btree16_bl_a64,2048,14,9.4406,6787589965792239204
btree8,2048,14,31.4606,6787589965792239204
fusion8_bf,2048,14,55.9784,6787589965792239204
fusion8,2048,14,53.3615,6787589965792239204
btree8_a64,2048,14,29.5761,6787589965792239204
btree8_bl_a64,2048,14,16.0294,6787589965792239204
sorted_array,2048,14,6.5201,6787589965792239204
fusion16_w,2048,14,48.6191,6787589965792239204
fusion8_c,2048,14,54.1382,6787589965792239204
sorted_array,4096,0,7.2723,1914815765761774336
btree8,4096,0,34.2712,1914815765761774336
fusion8_c,4096,0,57.8537,1914815765761774336
fusion8_bf,4096,0,55.8334,1914815765761774336
btree8_bl,4096,0,14.5508,1914815765761774336
fusion16_w,4096,0,47.7097,1914815765761774336
fusion8,4096,0,52.1957,1914815765761774336
btree8_bl_a64,4096,0,12.6724,1914815765761774336
btree16_bl_a64,4096,0,8.2916,1914815765761774336
btree8_a64,4096,0,32.3853,1914815765761774336
fusion16_w,4096,1,48.1094,1914815765761774336
btree16_bl_a64,4096,1,8.2443,1914815765761774336
btree8_bl,4096,1,14.7400,1914815765761774336
btree8_bl_a64,4096,1,12.6541,1914815765761774336
btree8_a64,4096,1,31.4545,1914815765761774336
fusion8_bf,4096,1,58.4091,1914815765761774336
sorted_array,4096,1,7.2708,1914815765761774336
fusion8_c,4096,1,61.3800,1914815765761774336
fusion8,4096,1,52.6535,1914815765761774336
btree8,4096,1,34.2422,1914815765761774336
btree8_bl,4096,2,14.7720,1914815765761774336
fusion8_bf,4096,2,56.7459,1914815765761774336
btree8_bl_a64,4096,2,13.0219,1914815765761774336
fusion16_w,4096,2,48.0591,1914815765761774336
btree8_a64,4096,2,32.5958,1914815765761774336
btree8,4096,2,37.3672,1914815765761774336
btree16_bl_a64,4096,2,8.4579,1914815765761774336
fusion8_c,4096,2,56.6452,1914815765761774336
fusion8,4096,2,53.1250,1914815765761774336
sorted_array,4096,2,7.3715,1914815765761774336
fusion8_c,4096,3,54.4037,1914815765761774336
fusion8_bf,4096,3,55.9906,1914815765761774336
btree8,4096,3,37.1521,1914815765761774336
fusion8,4096,3,54.8660,1914815765761774336
btree16_bl_a64,4096,3,8.2855,1914815765761774336
btree8_bl,4096,3,14.5737,1914815765761774336
sorted_array,4096,3,7.3196,1914815765761774336
fusion16_w,4096,3,47.5449,1914815765761774336
btree8_a64,4096,3,32.3990,1914815765761774336
btree8_bl_a64,4096,3,12.8632,1914815765761774336
btree8_bl,4096,4,14.6530,1914815765761774336
fusion8_c,4096,4,55.6732,1914815765761774336
fusion8,4096,4,53.0212,1914815765761774336
btree8_bl_a64,4096,4,12.7319,1914815765761774336
btree8,4096,4,34.3613,1914815765761774336
sorted_array,4096,4,7.3395,1914815765761774336
fusion16_w,4096,4,47.9080,1914815765761774336
btree16_bl_a64,4096,4,8.3984,1914815765761774336
fusion8_bf,4096,4,56.3614,1914815765761774336
btree8_a64,4096,4,32.4280,1914815765761774336
btree8_bl_a64,4096,5,12.7640,1914815765761774336
btree16_bl_a64,4096,5,8.2703,1914815765761774336
fusion8_c,4096,5,54.5944,1914815765761774336
btree8,4096,5,34.2285,1914815765761774336
fusion16_w,4096,5,47.7722,1914815765761774336
btree8_bl,4096,5,14.6683,1914815765761774336
sorted_array,4096,5,7.3349,1914815765761774336
btree8_a64,4096,5,32.6706,1914815765761774336
fusion8,4096,5,54.0573,1914815765761774336
fusion8_bf,4096,5,57.5378,1914815765761774336
fusion8_bf,4096,6,57.4280,1914815765761774336
btree8_bl,4096,6,14.4714,1914815765761774336
sorted_array,4096,6,7.3135,1914815765761774336
btree8,4096,6,34.8618,1914815765761774336
fusion16_w,4096,6,47.9568,1914815765761774336
btree16_bl_a64,4096,6,8.3405,1914815765761774336
btree8_a64,4096,6,32.5211,1914815765761774336
fusion8,4096,6,54.4815,1914815765761774336
fusion8_c,4096,6,56.2439,1914815765761774336
btree8_bl_a64,4096,6,12.6587,1914815765761774336
btree8,4096,7,34.3979,1914815765761774336
sorted_array,4096,7,7.4417,1914815765761774336
fusion8_c,4096,7,57.8827,1914815765761774336
fusion16_w,4096,7,47.3541,1914815765761774336
btree8_bl_a64,4096,7,12.5031,1914815765761774336
btree8_a64,4096,7,32.2403,1914815765761774336
fusion8_bf,4096,7,59.4025,1914815765761774336
btree16_bl_a64,4096,7,8.2993,1914815765761774336
btree8_bl,4096,7,14.5233,1914815765761774336
fusion8,4096,7,52.2446,1914815765761774336
btree8,4096,8,33.6472,1914815765761774336
btree8_a64,4096,8,35.1624,1914815765761774336
fusion8_c,4096,8,57.9926,1914815765761774336
sorted_array,4096,8,7.3364,1914815765761774336
btree16_bl_a64,4096,8,8.2932,1914815765761774336
btree8_bl_a64,4096,8,12.7945,1914815765761774336
fusion8_bf,4096,8,56.1386,1914815765761774336
fusion16_w,4096,8,47.5372,1914815765761774336
btree8_bl,4096,8,14.7446,1914815765761774336
fusion8,4096,8,52.1942,1914815765761774336
fusion16_w,4096,9,47.4869,1914815765761774336
btree8_a64,4096,9,32.6859,1914815765761774336
sorted_array,4096,9,7.2662,1914815765761774336
btree8_bl_a64,4096,9,12.8220,1914815765761774336
btree8,4096,9,34.8175,1914815765761774336
fusion8_bf,4096,9,59.0240,1914815765761774336
fusion8_c,4096,9,55.6580,1914815765761774336
fusion8,4096,9,54.3976,1914815765761774336
btree8_bl,4096,9,14.7217,1914815765761774336
btree16_bl_a64,4096,9,8.3298,1914815765761774336
sorted_array,4096,10,7.2693,1914815765761774336
fusion16_w,4096,10,47.4579,1914815765761774336
fusion8,4096,10,52.4750,1914815765761774336
btree8_bl_a64,4096,10,12.7914,1914815765761774336
fusion8_c,4096,10,54.5410,1914815765761774336
btree8_a64,4096,10,32.1838,1914815765761774336
btree8,4096,10,37.2650,1914815765761774336
btree8_bl,4096,10,14.6439,1914815765761774336
btree16_bl_a64,4096,10,8.2397,1914815765761774336
fusion8_bf,4096,10,55.7465,1914815765761774336
btree8_bl,4096,11,14.3753,1914815765761774336
btree8_a64,4096,11,31.9946,1914815765761774336
fusion8,4096,11,54.0695,1914815765761774336
btree8_bl_a64,4096,11,12.6205,1914815765761774336
fusion8_c,4096,11,54.6814,1914815765761774336
fusion8_bf,4096,11,56.2683,1914815765761774336
btree16_bl_a64,4096,11,8.3191,1914815765761774336
btree8,4096,11,34.2819,1914815765761774336
fusion16_w,4096,11,47.6730,1914815765761774336
sorted_array,4096,11,7.2662,1914815765761774336
btree8_bl_a64,4096,12,12.7350,1914815765761774336
fusion8_c,4096,12,54.5868,1914815765761774336
btree8_a64,4096,12,32.2678,1914815765761774336
btree16_bl_a64,4096,12,8.3008,1914815765761774336
btree8_bl,4096,12,14.6851,1914815765761774336
btree8,4096,12,34.5932,1914815765761774336
fusion8_bf,4096,12,71.3730,1914815765761774336
fusion8,4096,12,54.2953,1914815765761774336
fusion16_w,4096,12,48.1445,1914815765761774336
sorted_array,4096,12,7.3822,1914815765761774336
btree8_a64,4096,13,32.5775,1914815765761774336
fusion8,4096,13,54.5792,1914815765761774336
btree8_bl,4096,13,14.6713,1914815765761774336
sorted_array,4096,13,7.2678,1914815765761774336
btree8_bl_a64,4096,13,13.1256,1914815765761774336
fusion16_w,4096,13,47.5723,1914815765761774336
btree8,4096,13,34.5016,1914815765761774336
fusion8_bf,4096,13,60.1746,1914815765761774336
btree16_bl_a64,4096,13,8.4579,1914815765761774336
fusion8_c,4096,13,56.3065,1914815765761774336
btree8_bl_a64,4096,14,12.6266,1914815765761774336
fusion8,4096,14,52.3407,1914815765761774336
fusion16_w,4096,14,47.5876,1914815765761774336
fusion8_c,4096,14,55.9601,1914815765761774336
btree8_bl,4096,14,14.5187,1914815765761774336
fusion8_bf,4096,14,56.5109,1914815765761774336
btree16_bl_a64,4096,14,8.3435,1914815765761774336
btree8,4096,14,34.9213,1914815765761774336
btree8_a64,4096,14,35.0204,1914815765761774336
sorted_array,4096,14,7.2861,1914815765761774336
fusion8_bf,8192,0,69.3085,6370395544211917414
fusion8_c,8192,0,66.7557,6370395544211917414
sorted_array,8192,0,9.2117,6370395544211917414
btree8_bl,8192,0,23.5321,6370395544211917414
btree8,8192,0,38.2370,6370395544211917414
btree16_bl_a64,8192,0,24.8627,6370395544211917414
btree8_bl_a64,8192,0,20.9885,6370395544211917414
fusion8,8192,0,60.8917,6370395544211917414
btree8_a64,8192,0,36.0123,6370395544211917414
fusion16_w,8192,0,69.1711,6370395544211917414
fusion8_bf,8192,1,68.4280,6370395544211917414
btree8_a64,8192,1,35.6537,6370395544211917414
fusion8_c,8192,1,71.4294,6370395544211917414
fusion16_w,8192,1,69.1666,6370395544211917414
sorted_array,8192,1,9.1293,6370395544211917414
btree16_bl_a64,8192,1,24.3378,6370395544211917414
btree8_bl_a64,8192,1,19.7556,6370395544211917414
btree8,8192,1,37.9517,6370395544211917414
btree8_bl,8192,1,23.7518,6370395544211917414
fusion8,8192,1,59.0805,6370395544211917414
btree16_bl_a64,8192,2,23.0438,6370395544211917414
btree8_a64,8192,2,35.7117,6370395544211917414
fusion8,8192,2,63.0753,6370395544211917414
sorted_array,8192,2,9.2148,6370395544211917414
fusion8_c,8192,2,69.9402,6370395544211917414
btree8_bl_a64,8192,2,20.5978,6370395544211917414
fusion16_w,8192,2,70.4666,6370395544211917414
fusion8_bf,8192,2,71.1731,6370395544211917414
btree8_bl,8192,2,23.0652,6370395544211917414
btree8,8192,2,38.3881,6370395544211917414
fusion8_bf,8192,3,75.0168,6370395544211917414
btree8,8192,3,37.3215,6370395544211917414
btree16_bl_a64,8192,3,25.3922,6370395544211917414
btree8_a64,8192,3,36.2488,6370395544211917414
btree8_bl,8192,3,23.6679,6370395544211917414
fusion8_c,8192,3,68.4082,6370395544211917414
sorted_array,8192,3,9.2056,6370395544211917414
fusion16_w,8192,3,81.1111,6370395544211917414
fusion8,8192,3,61.0641,6370395544211917414
btree8_bl_a64,8192,3,20.4193,6370395544211917414
btree8_bl,8192,4,23.7427,6370395544211917414
btree8,8192,4,38.5254,6370395544211917414
btree8_a64,8192,4,39.5203,6370395544211917414
sorted_array,8192,4,9.2422,6370395544211917414
btree8_bl_a64,8192,4,21.0236,6370395544211917414
fusion8_c,8192,4,67.7048,6370395544211917414
fusion8_bf,8192,4,72.2504,6370395544211917414
fusion16_w,8192,4,71.6599,6370395544211917414
btree16_bl_a64,8192,4,25.3357,6370395544211917414
fusion8,8192,4,60.8658,6370395544211917414
btree8_bl,8192,5,23.3536,6370395544211917414
btree8_bl_a64,8192,5,20.2560,6370395544211917414
btree8_a64,8192,5,36.3693,6370395544211917414
btree16_bl_a64,8192,5,23.6237,6370395544211917414
sorted_array,8192,5,9.3201,6370395544211917414
fusion16_w,8192,5,83.5114,6370395544211917414
fusion8_c,8192,5,69.3771,6370395544211917414
fusion8_bf,8192,5,70.1706,6370395544211917414
fusion8,8192,5,63.7665,6370395544211917414
btree8,8192,5,38.6368,6370395544211917414
sorted_array,8192,6,9.2957,6370395544211917414
fusion8,8192,6,62.2635,6370395544211917414
fusion8_c,8192,6,69.5786,6370395544211917414
fusion16_w,8192,6,71.5210,6370395544211917414
fusion8_bf,8192,6,68.1824,6370395544211917414
btree8_bl,8192,6,23.1155,6370395544211917414
btree8_a64,8192,6,38.0524,6370395544211917414
btree8,8192,6,40.7883,6370395544211917414
btree16_bl_a64,8192,6,25.9613,6370395544211917414
btree8_bl_a64,8192,6,20.4834,6370395544211917414
btree8_bl_a64,8192,7,19.4229,6370395544211917414
sorted_array,8192,7,9.2285,6370395544211917414
fusion8_bf,8192,7,69.1772,6370395544211917414
btree8,8192,7,37.0071,6370395544211917414
btree16_bl_a64,8192,7,23.2422,6370395544211917414
fusion8,8192,7,60.6552,6370395544211917414
btree8_bl,8192,7,22.8943,6370395544211917414
fusion8_c,8192,7,67.1997,6370395544211917414
btree8_a64,8192,7,35.9253,6370395544211917414
fusion16_w,8192,7,71.6995,6370395544211917414
fusion8,8192,8,59.3857,6370395544211917414
btree16_bl_a64,8192,8,25.0870,6370395544211917414
btree8_a64,8192,8,35.7666,6370395544211917414
fusion16_w,8192,8,69.5114,6370395544211917414
btree8_bl_a64,8192,8,20.9854,6370395544211917414
fusion8_c,8192,8,67.6102,6370395544211917414
fusion8_bf,8192,8,72.6151,6370395544211917414
btree8,8192,8,38.3606,6370395544211917414
btree8_bl,8192,8,25.2441,6370395544211917414
sorted_array,8192,8,9.5490,6370395544211917414
sorted_array,8192,9,9.1217,6370395544211917414
btree8,8192,9,37.2971,6370395544211917414
fusion8_c,8192,9,71.3959,6370395544211917414
fusion8,8192,9,60.6705,6370395544211917414
fusion16_w,8192,9,72.5601,6370395544211917414
btree8_bl,8192,9,23.0713,6370395544211917414
fusion8_bf,8192,9,68.3426,6370395544211917414
btree16_bl_a64,8192,9,25.8606,6370395544211917414
btree8_bl_a64,8192,9,20.4742,6370395544211917414
btree8_a64,8192,9,36.3312,6370395544211917414
fusion16_w,8192,10,69.8669,6370395544211917414
btree16_bl_a64,8192,10,23.3688,6370395544211917414
btree8_a64,8192,10,35.1364,6370395544211917414
fusion8_bf,8192,10,74.1119,6370395544211917414
sorted_array,8192,10,9.3323,6370395544211917414
btree8,8192,10,39.4073,6370395544211917414
fusion8,8192,10,64.1296,6370395544211917414
fusion8_c,8192,10,70.3445,6370395544211917414
btree8_bl,8192,10,23.3505,6370395544211917414
btree8_bl_a64,8192,10,19.9341,6370395544211917414
btree8,8192,11,38.2904,6370395544211917414
fusion8,8192,11,64.3951,6370395544211917414
btree8_a64,8192,11,36.0077,6370395544211917414
fusion8_c,8192,11,70.7581,6370395544211917414
btree16_bl_a64,8192,11,24.8016,6370395544211917414
btree8_bl_a64,8192,11,19.7098,6370395544211917414
btree8_bl,8192,11,22.1649,6370395544211917414
fusion8_bf,8192,11,69.9310,6370395544211917414
sorted_array,8192,11,9.1599,6370395544211917414
fusion16_w,8192,11,69.8181,6370395544211917414
fusion8_c,8192,12,67.8268,6370395544211917414
btree8_bl,8192,12,24.4232,6370395544211917414
fusion8_bf,8192,12,67.1936,6370395544211917414
btree16_bl_a64,8192,12,23.5718,6370395544211917414
sorted_array,8192,12,9.1751,6370395544211917414
fusion8,8192,12,59.6497,6370395544211917414
btree8_a64,8192,12,35.7101,6370395544211917414
fusion16_w,8192,12,68.7149,6370395544211917414
btree8_bl_a64,8192,12,21.2509,6370395544211917414
btree8,8192,12,37.8311,6370395544211917414
btree8_bl,8192,13,24.5987,6370395544211917414
btree8_bl_a64,8192,13,19.3542,6370395544211917414
btree16_bl_a64,8192,13,23.6008,6370395544211917414
btree8,8192,13,37.0514,6370395544211917414
fusion8_bf,8192,13,76.6449,6370395544211917414
fusion16_w,8192,13,68.8736,6370395544211917414
fusion8,8192,13,60.5652,6370395544211917414
sorted_array,8192,13,9.2697,6370395544211917414
btree8_a64,8192,13,35.6812,6370395544211917414
fusion8_c,8192,13,71.3730,6370395544211917414
fusion16_w,8192,14,68.5471,6370395544211917414
fusion8,8192,14,59.0454,6370395544211917414
btree16_bl_a64,8192,14,24.9191,6370395544211917414
btree8_a64,8192,14,35.7437,6370395544211917414
btree8_bl_a64,8192,14,21.6293,6370395544211917414
fusion8_bf,8192,14,68.0786,6370395544211917414
sorted_array,8192,14,9.1553,6370395544211917414
btree8,8192,14,38.0371,6370395544211917414
fusion8_c,8192,14,71.6599,6370395544211917414
btree8_bl,8192,14,24.0723,6370395544211917414
fusion8,16384,0,80.5038,8091356701843327338
btree16_bl_a64,16384,0,21.6461,8091356701843327338
btree8,16384,0,48.8098,8091356701843327338
fusion8_c,16384,0,80.8838,8091356701843327338
btree8_bl,16384,0,29.4373,8091356701843327338
sorted_array,16384,0,11.8652,8091356701843327338
btree8_a64,16384,0,47.6227,8091356701843327338
fusion16_w,16384,0,77.7069,8091356701843327338
fusion8_bf,16384,0,79.3793,8091356701843327338
btree8_bl_a64,16384,0,26.5228,8091356701843327338
fusion8_c,16384,1,77.2903,8091356701843327338
fusion8_bf,16384,1,77.2369,8091356701843327338
btree8_bl,16384,1,28.5645,8091356701843327338
btree16_bl_a64,16384,1,21.5439,8091356701843327338
fusion16_w,16384,1,76.2222,8091356701843327338
btree8_bl_a64,16384,1,25.2243,8091356701843327338
btree8,16384,1,48.5596,8091356701843327338
btree8_a64,16384,1,47.9507,8091356701843327338
sorted_array,16384,1,11.9934,8091356701843327338
fusion8,16384,1,82.4768,8091356701843327338
btree8_bl_a64,16384,2,26.0056,8091356701843327338
sorted_array,16384,2,11.9827,8091356701843327338
fusion8_bf,16384,2,81.2973,8091356701843327338
btree8,16384,2,48.6526,8091356701843327338
fusion8_c,16384,2,85.4950,8091356701843327338
btree8_bl,16384,2,28.4500,8091356701843327338
btree16_bl_a64,16384,2,21.7346,8091356701843327338
fusion16_w,16384,2,77.9510,8091356701843327338
btree8_a64,16384,2,45.8771,8091356701843327338
fusion8,16384,2,80.5145,8091356701843327338
btree16_bl_a64,16384,3,22.1008,8091356701843327338
btree8,16384,3,48.0438,8091356701843327338
fusion16_w,16384,3,76.7700,8091356701843327338
fusion8,16384,3,74.3912,8091356701843327338
btree8_bl_a64,16384,3,26.3092,8091356701843327338
fusion8_c,16384,3,77.3621,8091356701843327338
btree8_a64,16384,3,44.8318,8091356701843327338
sorted_array,16384,3,12.1719,8091356701843327338
fusion8_bf,16384,3,87.0270,8091356701843327338
btree8_bl,16384,3,28.4042,8091356701843327338
btree8_bl,16384,4,26.9196,8091356701843327338
btree8_bl_a64,16384,4,25.4837,8091356701843327338
fusion8_bf,16384,4,76.3626,8091356701843327338
fusion8,16384,4,79.7592,8091356701843327338
fusion16_w,16384,4,84.0912,8091356701843327338
btree8,16384,4,48.9594,8091356701843327338
sorted_array,16384,4,12.0880,8091356701843327338
btree8_a64,16384,4,46.9177,8091356701843327338
btree16_bl_a64,16384,4,23.0240,8091356701843327338
fusion8_c,16384,4,79.7455,8091356701843327338
btree8_bl,16384,5,29.5410,8091356701843327338
btree8_a64,16384,5,47.1756,8091356701843327338
btree8,16384,5,48.9670,8091356701843327338
btree16_bl_a64,16384,5,21.1823,8091356701843327338
fusion16_w,16384,5,78.2181,8091356701843327338
btree8_bl_a64,16384,5,26.5106,8091356701843327338
sorted_array,16384,5,12.0758,8091356701843327338
fusion8_c,16384,5,76.0437,8091356701843327338
fusion8,16384,5,80.9616,8091356701843327338
fusion8_bf,16384,5,82.5012,8091356701843327338
sorted_array,16384,6,12.0529,8091356701843327338
btree16_bl_a64,16384,6,22.4548,8091356701843327338
fusion8,16384,6,75.0565,8091356701843327338
btree8_bl_a64,16384,6,26.9379,8091356701843327338
btree8_a64,16384,6,46.1060,8091356701843327338
fusion16_w,16384,6,77.8564,8091356701843327338
btree8_bl,16384,6,29.8706,8091356701843327338
fusion8_bf,16384,6,79.1733,8091356701843327338
btree8,16384,6,49.8459,8091356701843327338
fusion8_c,16384,6,84.7885,8091356701843327338
fusion16_w,16384,7,77.6001,8091356701843327338
btree8_bl,16384,7,29.3228,8091356701843327338
fusion8_bf,16384,7,81.0745,8091356701843327338
btree16_bl_a64,16384,7,21.5698,8091356701843327338
btree8,16384,7,49.5804,8091356701843327338
btree8_bl_a64,16384,7,27.1927,8091356701843327338
btree8_a64,16384,7,46.5485,8091356701843327338
fusion8_c,16384,7,81.0394,8091356701843327338
fusion8,16384,7,77.6535,8091356701843327338
sorted_array,16384,7,12.1796,8091356701843327338
btree16_bl_a64,16384,8,22.0139,8091356701843327338
btree8_a64,16384,8,46.1563,8091356701843327338
btree8,16384,8,49.8138,8091356701843327338
sorted_array,16384,8,12.4481,8091356701843327338
btree8_bl_a64,16384,8,26.6251,8091356701843327338
fusion8_c,16384,8,76.2573,8091356701843327338
btree8_bl,16384,8,29.3991,8091356701843327338
fusion8,16384,8,76.4755,8091356701843327338
fusion8_bf,16384,8,82.1823,8091356701843327338
fusion16_w,16384,8,79.1229,8091356701843327338
sorted_array,16384,9,12.1185,8091356701843327338
btree8,16384,9,50.5234,8091356701843327338
btree16_bl_a64,16384,9,23.4787,8091356701843327338
fusion8_bf,16384,9,78.7842,8091356701843327338
fusion8,16384,9,77.0798,8091356701843327338
btree8_bl,16384,9,29.5074,8091356701843327338
fusion16_w,16384,9,77.6993,8091356701843327338
btree8_a64,16384,9,47.5296,8091356701843327338
btree8_bl_a64,16384,9,28.2822,8091356701843327338
fusion8_c,16384,9,79.3030,8091356701843327338
btree8,16384,10,49.2599,8091356701843327338
fusion8_bf,16384,10,85.7132,8091356701843327338
fusion8_c,16384,10,81.4148,8091356701843327338
btree8_a64,16384,10,46.2402,8091356701843327338
fusion16_w,16384,10,76.7471,8091356701843327338
fusion8,16384,10,78.2898,8091356701843327338
btree16_bl_a64,16384,10,23.2651,8091356701843327338
btree8_bl,16384,10,28.8620,8091356701843327338
btree8_bl_a64,16384,10,27.3392,8091356701843327338
sorted_array,16384,10,12.0361,8091356701843327338
fusion8,16384,11,74.5285,8091356701843327338
btree8_a64,16384,11,44.9921,8091356701843327338
btree8_bl_a64,16384,11,25.3891,8091356701843327338
fusion8_bf,16384,11,78.5934,8091356701843327338
fusion8_c,16384,11,80.8533,8091356701843327338
btree8,16384,11,48.7274,8091356701843327338
sorted_array,16384,11,11.8912,8091356701843327338
btree16_bl_a64,16384,11,22.2656,8091356701843327338
btree8_bl,16384,11,28.4729,8091356701843327338
fusion16_w,16384,11,77.4399,8091356701843327338
btree8_a64,16384,12,46.9193,8091356701843327338
sorted_array,16384,12,11.8958,8091356701843327338
btree8,16384,12,48.7473,8091356701843327338
btree8_bl,16384,12,28.8376,8091356701843327338
btree8_bl_a64,16384,12,27.0981,8091356701843327338
fusion8_c,16384,12,77.6260,8091356701843327338
fusion8,16384,12,79.2389,8091356701843327338
fusion16_w,16384,12,77.5803,8091356701843327338
btree16_bl_a64,16384,12,22.5464,8091356701843327338
fusion8_bf,16384,12,79.2374,8091356701843327338
btree16_bl_a64,16384,13,19.9738,8091356701843327338
btree8_bl,16384,13,28.2394,8091356701843327338
fusion8_c,16384,13,75.7629,8091356701843327338
btree8,16384,13,49.2706,8091356701843327338
fusion16_w,16384,13,77.1713,8091356701843327338
btree8_bl_a64,16384,13,26.6983,8091356701843327338
btree8_a64,16384,13,47.2336,8091356701843327338
fusion8_bf,16384,13,83.9478,8091356701843327338
fusion8,16384,13,82.2510,8091356701843327338
sorted_array,16384,13,12.0392,8091356701843327338
fusion8_c,16384,14,76.1810,8091356701843327338
sorted_array,16384,14,11.8179,8091356701843327338
btree16_bl_a64,16384,14,21.3272,8091356701843327338
fusion16_w,16384,14,75.3616,8091356701843327338
btree8_a64,16384,14,45.5948,8091356701843327338
btree8,16384,14,48.4726,8091356701843327338
btree8_bl_a64,16384,14,26.9073,8091356701843327338
fusion8,16384,14,77.5131,8091356701843327338
btree8_bl,16384,14,29.8370,8091356701843327338
fusion8_bf,16384,14,82.3486,8091356701843327338
btree8_a64,32768,0,47.9645,1451882096117854496
fusion16_w,32768,0,77.3849,1451882096117854496
sorted_array,32768,0,16.0553,1451882096117854496
btree8,32768,0,49.1135,1451882096117854496
fusion8_bf,32768,0,88.2294,1451882096117854496
fusion8,32768,0,83.1482,1451882096117854496
btree16_bl_a64,32768,0,19.8807,1451882096117854496
btree8_bl,32768,0,23.5703,1451882096117854496
btree8_bl_a64,32768,0,22.4457,1451882096117854496
fusion8_c,32768,0,81.8222,1451882096117854496
btree8_bl,32768,1,23.8434,1451882096117854496
btree8_bl_a64,32768,1,19.8151,1451882096117854496
fusion16_w,32768,1,78.8986,1451882096117854496
fusion8,32768,1,80.6335,1451882096117854496
sorted_array,32768,1,15.8249,1451882096117854496
btree16_bl_a64,32768,1,17.8299,1451882096117854496
fusion8_bf,32768,1,84.9686,1451882096117854496
fusion8_c,32768,1,82.6965,1451882096117854496
btree8_a64,32768,1,48.4268,1451882096117854496
btree8,32768,1,48.8754,1451882096117854496
btree8,32768,2,47.0627,1451882096117854496
fusion8,32768,2,80.2292,1451882096117854496
btree8_bl,32768,2,23.7015,1451882096117854496
btree16_bl_a64,32768,2,17.5690,1451882096117854496
fusion16_w,32768,2,78.6636,1451882096117854496
fusion8_bf,32768,2,81.6269,1451882096117854496
btree8_a64,32768,2,46.6782,1451882096117854496
sorted_array,32768,2,15.7990,1451882096117854496
fusion8_c,32768,2,85.9985,1451882096117854496
btree8_bl_a64,32768,2,21.8277,1451882096117854496
fusion8_c,32768,3,78.2883,1451882096117854496
btree8_bl_a64,32768,3,18.8324,1451882096117854496
btree8_bl,32768,3,22.5327,1451882096117854496
fusion8,32768,3,77.4155,1451882096117854496
sorted_array,32768,3,15.7516,1451882096117854496
btree8_a64,32768,3,46.1380,1451882096117854496
fusion8_bf,32768,3,88.7970,1451882096117854496
btree8,32768,3,49.9710,1451882096117854496
fusion16_w,32768,3,81.2866,1451882096117854496
btree16_bl_a64,32768,3,19.9142,1451882096117854496
fusion8,32768,4,80.0995,1451882096117854496
btree8_bl_a64,32768,4,21.2631,1451882096117854496
fusion8_bf,32768,4,81.1020,1451882096117854496
fusion16_w,32768,4,78.4714,1451882096117854496
btree8_bl,32768,4,22.7707,1451882096117854496
fusion8_c,32768,4,80.5344,1451882096117854496
sorted_array,32768,4,16.1942,1451882096117854496
btree8_a64,32768,4,48.3673,1451882096117854496
btree16_bl_a64,32768,4,19.3527,1451882096117854496
btree8,32768,4,49.1409,1451882096117854496
fusion8_bf,32768,5,87.6465,1451882096117854496
fusion16_w,32768,5,78.8162,1451882096117854496
btree8_bl_a64,32768,5,21.5210,1451882096117854496
btree8_a64,32768,5,46.4020,1451882096117854496
fusion8,32768,5,84.7763,1451882096117854496
fusion8_c,32768,5,84.8724,1451882096117854496
btree8,32768,5,48.8129,1451882096117854496
sorted_array,32768,5,16.2125,1451882096117854496
btree16_bl_a64,32768,5,20.2103,1451882096117854496
btree8_bl,32768,5,23.7625,1451882096117854496
btree8,32768,6,48.4390,1451882096117854496
fusion8_bf,32768,6,92.7612,1451882096117854496
fusion8,32768,6,81.0745,1451882096117854496
btree16_bl_a64,32768,6,18.2877,1451882096117854496
btree8_a64,32768,6,49.3896,1451882096117854496
fusion8_c,32768,6,82.0557,1451882096117854496
fusion16_w,32768,6,79.2252,1451882096117854496
sorted_array,32768,6,15.9561,1451882096117854496
btree8_bl_a64,32768,6,21.9208,1451882096117854496
btree8_bl,32768,6,22.4228,1451882096117854496
fusion8,32768,7,78.3340,1451882096117854496
fusion8_bf,32768,7,84.2957,1451882096117854496
fusion8_c,32768,7,83.0917,1451882096117854496
sorted_array,32768,7,15.9775,1451882096117854496
btree8_bl_a64,32768,7,21.6461,1451882096117854496
btree16_bl_a64,32768,7,19.4092,1451882096117854496
btree8,32768,7,48.9304,1451882096117854496
btree8_bl,32768,7,24.1013,1451882096117854496
fusion16_w,32768,7,81.0196,1451882096117854496
btree8_a64,32768,7,47.9828,1451882096117854496
fusion8_bf,32768,8,85.1578,1451882096117854496
btree16_bl_a64,32768,8,17.6697,1451882096117854496
btree8_bl,32768,8,22.1222,1451882096117854496
fusion8_c,32768,8,79.8370,1451882096117854496
fusion8,32768,8,81.0898,1451882096117854496
btree8,32768,8,48.6893,1451882096117854496
btree8_bl_a64,32768,8,21.4752,1451882096117854496
sorted_array,32768,8,15.8585,1451882096117854496
btree8_a64,32768,8,48.4955,1451882096117854496
fusion16_w,32768,8,81.3477,1451882096117854496
btree8_bl_a64,32768,9,21.6599,1451882096117854496
fusion8,32768,9,80.8167,1451882096117854496
fusion8_bf,32768,9,83.9035,1451882096117854496
btree8_a64,32768,9,45.9488,1451882096117854496
sorted_array,32768,9,16.0995,1451882096117854496
btree8_bl,32768,9,23.0377,1451882096117854496
btree16_bl_a64,32768,9,17.9993,1451882096117854496
fusion16_w,32768,9,77.1179,1451882096117854496
btree8,32768,9,49.2981,1451882096117854496
fusion8_c,32768,9,87.0407,1451882096117854496
fusion8_c,32768,10,82.1198,1451882096117854496
fusion16_w,32768,10,76.3474,1451882096117854496
sorted_array,32768,10,15.8051,1451882096117854496
fusion8_bf,32768,10,82.9895,1451882096117854496
btree16_bl_a64,32768,10,17.2928,1451882096117854496
btree8_bl_a64,32768,10,22.7478,1451882096117854496
fusion8,32768,10,79.4037,1451882096117854496
btree8,32768,10,48.4375,1451882096117854496
btree8_bl,32768,10,23.0530,1451882096117854496
btree8_a64,32768,10,47.0032,1451882096117854496
fusion8_bf,32768,11,84.3369,1451882096117854496
btree16_bl_a64,32768,11,18.1808,1451882096117854496
btree8,32768,11,48.2529,1451882096117854496
btree8_bl,32768,11,22.3312,1451882096117854496
fusion8,32768,11,77.0798,1451882096117854496
btree8_a64,32768,11,46.6034,1451882096117854496
btree8_bl_a64,32768,11,21.8948,1451882096117854496
fusion16_w,32768,11,77.9419,1451882096117854496
fusion8_c,32768,11,80.3497,1451882096117854496
sorted_array,32768,11,16.6565,1451882096117854496
fusion8_c,32768,12,79.3060,1451882096117854496
btree8_bl,32768,12,22.0917,1451882096117854496
btree8_a64,32768,12,46.4966,1451882096117854496
sorted_array,32768,12,15.8600,1451882096117854496
btree8_bl_a64,32768,12,22.3984,1451882096117854496
fusion8,32768,12,79.6936,1451882096117854496
btree16_bl_a64,32768,12,18.0099,1451882096117854496
fusion8_bf,32768,12,81.5811,1451882096117854496
fusion16_w,32768,12,79.5425,1451882096117854496
btree8,32768,12,50.3860,1451882096117854496
sorted_array,32768,13,15.8127,1451882096117854496
fusion8_c,32768,13,85.4889,1451882096117854496
btree8_a64,32768,13,46.1426,1451882096117854496
btree8_bl,32768,13,22.5662,1451882096117854496
fusion16_w,32768,13,76.8478,1451882096117854496
btree8,32768,13,48.7854,1451882096117854496
fusion8_bf,32768,13,90.4999,1451882096117854496
btree8_bl_a64,32768,13,23.3337,1451882096117854496
btree16_bl_a64,32768,13,19.4122,1451882096117854496
fusion8,32768,13,81.4651,1451882096117854496
btree16_bl_a64,32768,14,17.0227,1451882096117854496
fusion8_bf,32768,14,82.7484,1451882096117854496
btree8_bl_a64,32768,14,21.6431,1451882096117854496
fusion8,32768,14,76.8066,1451882096117854496
fusion16_w,32768,14,81.7963,1451882096117854496
btree8_bl,32768,14,23.9334,1451882096117854496
btree8,32768,14,49.1882,1451882096117854496
sorted_array,32768,14,16.3651,1451882096117854496
fusion8_c,32768,14,88.2339,1451882096117854496
btree8_a64,32768,14,48.1766,1451882096117854496
fusion8,65536,0,91.2201,1313883487276844600
fusion8_bf,65536,0,95.6421,1313883487276844600
fusion8_c,65536,0,100.0580,1313883487276844600
btree8_bl_a64,65536,0,25.0000,1313883487276844600
btree8_a64,65536,0,56.7276,1313883487276844600
btree16_bl_a64,65536,0,18.5577,1313883487276844600
fusion16_w,65536,0,81.4255,1313883487276844600
btree8_bl,65536,0,25.6790,1313883487276844600
sorted_array,65536,0,22.3526,1313883487276844600
btree8,65536,0,56.0989,1313883487276844600
btree8_bl_a64,65536,1,26.5335,1313883487276844600
fusion16_w,65536,1,77.3941,1313883487276844600
fusion8_c,65536,1,97.0337,1313883487276844600
fusion8,65536,1,91.4078,1313883487276844600
sorted_array,65536,1,21.5515,1313883487276844600
btree16_bl_a64,65536,1,17.8375,1313883487276844600
btree8,65536,1,54.9500,1313883487276844600
btree8_bl,65536,1,27.5421,1313883487276844600
fusion8_bf,65536,1,93.8660,1313883487276844600
btree8_a64,65536,1,55.3772,1313883487276844600
btree8_a64,65536,2,50.8224,1313883487276844600
sorted_array,65536,2,21.8887,1313883487276844600
btree16_bl_a64,65536,2,17.3279,1313883487276844600
fusion8_c,65536,2,103.2150,1313883487276844600
btree8,65536,2,54.5883,1313883487276844600
btree8_bl,65536,2,28.0319,1313883487276844600
fusion8,65536,2,88.1805,1313883487276844600
fusion16_w,65536,2,79.8569,1313883487276844600
fusion8_bf,65536,2,91.6306,1313883487276844600
btree8_bl_a64,65536,2,27.3026,1313883487276844600
btree8_a64,65536,3,56.0684,1313883487276844600
fusion16_w,65536,3,78.5324,1313883487276844600
fusion8_bf,65536,3,90.3687,1313883487276844600
btree8_bl,65536,3,25.7507,1313883487276844600
sorted_array,65536,3,21.8216,1313883487276844600
fusion8_c,65536,3,91.7923,1313883487276844600
btree8,65536,3,56.8359,1313883487276844600
fusion8,65536,3,97.6562,1313883487276844600
btree8_bl_a64,65536,3,25.1953,1313883487276844600
btree16_bl_a64,65536,3,18.3914,1313883487276844600
fusion8_bf,65536,4,98.7640,1313883487276844600
btree8_a64,65536,4,56.5994,1313883487276844600
btree16_bl_a64,65536,4,16.6382,1313883487276844600
sorted_array,65536,4,21.7606,1313883487276844600
btree8,65536,4,55.7266,1313883487276844600
btree8_bl,65536,4,27.8168,1313883487276844600
fusion8,65536,4,86.4807,1313883487276844600
fusion16_w,65536,4,81.2531,1313883487276844600
btree8_bl_a64,65536,4,28.7720,1313883487276844600
fusion8_c,65536,4,91.9815,1313883487276844600
btree8_bl_a64,65536,5,23.9349,1313883487276844600
sorted_array,65536,5,21.7422,1313883487276844600
fusion8_bf,65536,5,97.8256,1313883487276844600
fusion8_c,65536,5,96.7743,1313883487276844600
btree16_bl_a64,65536,5,17.1371,1313883487276844600
fusion16_w,65536,5,77.8763,1313883487276844600
btree8,65536,5,57.1075,1313883487276844600
btree8_bl,65536,5,28.9871,1313883487276844600
fusion8,65536,5,86.0504,1313883487276844600
btree8_a64,65536,5,55.8517,1313883487276844600
fusion8,65536,6,87.1078,1313883487276844600
fusion8_bf,65536,6,94.6228,1313883487276844600
fusion8_c,65536,6,99.8306,1313883487276844600
btree8_a64,65536,6,53.2074,1313883487276844600
btree16_bl_a64,65536,6,17.1631,1313883487276844600
btree8,65536,6,55.0247,1313883487276844600
fusion16_w,65536,6,79.0710,1313883487276844600
btree8_bl_a64,65536,6,26.7136,1313883487276844600
sorted_array,65536,6,21.8903,1313883487276844600
btree8_bl,65536,6,25.1343,1313883487276844600
btree8_bl,65536,7,22.4625,1313883487276844600
fusion8_bf,65536,7,90.8356,1313883487276844600
sorted_array,65536,7,23.3765,1313883487276844600
fusion8,65536,7,102.6596,1313883487276844600
fusion16_w,65536,7,80.3314,1313883487276844600
btree16_bl_a64,65536,7,18.6447,1313883487276844600
btree8,65536,7,58.0429,1313883487276844600
btree8_a64,65536,7,56.7520,1313883487276844600
btree8_bl_a64,65536,7,28.6972,1313883487276844600
fusion8_c,65536,7,96.0495,1313883487276844600
fusion8_bf,65536,8,100.8499,1313883487276844600
fusion16_w,65536,8,84.5947,1313883487276844600
btree8,65536,8,57.9239,1313883487276844600
btree16_bl_a64,65536,8,18.9331,1313883487276844600
fusion8_c,65536,8,100.6638,1313883487276844600
btree8_bl_a64,65536,8,26.8753,1313883487276844600
sorted_array,65536,8,21.8079,1313883487276844600
btree8_a64,65536,8,56.9534,1313883487276844600
btree8_bl,65536,8,31.4209,1313883487276844600
fusion8,65536,8,86.1282,1313883487276844600
btree8,65536,9,55.6442,1313883487276844600
btree8_bl_a64,65536,9,27.4277,1313883487276844600
btree16_bl_a64,65536,9,18.0832,1313883487276844600
fusion8_bf,65536,9,97.6395,1313883487276844600
btree8_bl,65536,9,27.5787,1313883487276844600
fusion8,65536,9,88.7451,1313883487276844600
btree8_a64,65536,9,58.1696,1313883487276844600
fusion16_w,65536,9,80.6854,1313883487276844600
sorted_array,65536,9,21.2540,1313883487276844600
fusion8_c,65536,9,92.0380,1313883487276844600
btree16_bl_a64,65536,10,16.7358,1313883487276844600
btree8_a64,65536,10,54.5425,1313883487276844600
fusion8,65536,10,86.7416,1313883487276844600
fusion8_c,65536,10,96.5942,1313883487276844600
sorted_array,65536,10,21.6171,1313883487276844600
btree8_bl_a64,65536,10,25.3845,1313883487276844600
btree8,65536,10,57.5531,1313883487276844600
fusion8_bf,65536,10,104.4220,1313883487276844600
fusion16_w,65536,10,80.1804,1313883487276844600
btree8_bl,65536,10,28.7094,1313883487276844600
fusion8,65536,11,84.6252,1313883487276844600
btree8,65536,11,57.3883,1313883487276844600
fusion16_w,65536,11,80.7327,1313883487276844600
btree8_bl,65536,11,28.5873,1313883487276844600
fusion8_c,65536,11,96.0464,1313883487276844600
btree8_bl_a64,65536,11,26.9119,1313883487276844600
btree8_a64,65536,11,55.9052,1313883487276844600
fusion8_bf,65536,11,108.6365,1313883487276844600
btree16_bl_a64,65536,11,18.6569,1313883487276844600
sorted_array,65536,11,23.7381,1313883487276844600
fusion16_w,65536,12,79.5502,1313883487276844600
fusion8_c,65536,12,99.2706,1313883487276844600
btree8_bl_a64,65536,12,25.8469,1313883487276844600
fusion8,65536,12,86.8546,1313883487276844600
fusion8_bf,65536,12,92.4881,1313883487276844600
sorted_array,65536,12,21.8124,1313883487276844600
btree8_bl,65536,12,26.4084,1313883487276844600
btree16_bl_a64,65536,12,16.6229,1313883487276844600
btree8,65536,12,56.0242,1313883487276844600
btree8_a64,65536,12,57.4768,1313883487276844600
btree8_bl_a64,65536,13,27.5360,1313883487276844600
fusion8_bf,65536,13,93.0222,1313883487276844600
btree16_bl_a64,65536,13,16.8320,1313883487276844600
btree8_a64,65536,13,53.1342,1313883487276844600
fusion16_w,65536,13,78.3340,1313883487276844600
fusion8,65536,13,89.3631,1313883487276844600
sorted_array,65536,13,21.8079,1313883487276844600
btree8,65536,13,55.4535,1313883487276844600
btree8_bl,65536,13,28.7903,1313883487276844600
fusion8_c,65536,13,92.2943,1313883487276844600
btree8_bl_a64,65536,14,25.9232,1313883487276844600
btree8_a64,65536,14,54.6066,1313883487276844600
fusion16_w,65536,14,78.8651,1313883487276844600
btree8_bl,65536,14,28.5843,1313883487276844600
fusion8_bf,65536,14,95.4575,1313883487276844600
sorted_array,65536,14,21.7209,1313883487276844600
fusion8_c,65536,14,97.5891,1313883487276844600
btree8,65536,14,56.9595,1313883487276844600
fusion8,65536,14,94.5862,1313883487276844600
btree16_bl_a64,65536,14,17.0547,1313883487276844600
btree8_bl_a64,131072,0,58.1955,7532165159138614248
btree8,131072,0,91.9495,7532165159138614248
fusion8_bf,131072,0,176.5961,7532165159138614248
fusion16_w,131072,0,148.2025,7532165159138614248
fusion8,131072,0,148.9975,7532165159138614248
btree16_bl_a64,131072,0,62.7838,7532165159138614248
btree8_a64,131072,0,87.9547,7532165159138614248
sorted_array,131072,0,29.6585,7532165159138614248
fusion8_c,131072,0,142.8711,7532165159138614248
btree8_bl,131072,0,52.6031,7532165159138614248
fusion8_c,131072,1,112.2681,7532165159138614248
fusion8,131072,1,148.0011,7532165159138614248
sorted_array,131072,1,28.4973,7532165159138614248
btree8_a64,131072,1,88.5300,7532165159138614248
fusion8_bf,131072,1,151.7624,7532165159138614248
btree8_bl,131072,1,56.4285,7532165159138614248
btree8,131072,1,84.8312,7532165159138614248
btree16_bl_a64,131072,1,64.0854,7532165159138614248
fusion16_w,131072,1,137.5702,7532165159138614248
btree8_bl_a64,131072,1,57.2220,7532165159138614248
btree8,131072,2,84.0637,7532165159138614248
sorted_array,131072,2,29.5242,7532165159138614248
fusion8_c,131072,2,149.0845,7532165159138614248
btree16_bl_a64,131072,2,58.2077,7532165159138614248
fusion8,131072,2,147.1298,7532165159138614248
fusion16_w,131072,2,141.4307,7532165159138614248
btree8_a64,131072,2,88.3453,7532165159138614248
btree8_bl_a64,131072,2,57.2876,7532165159138614248
fusion8_bf,131072,2,147.2549,7532165159138614248
btree8_bl,131072,2,58.3130,7532165159138614248
fusion8,131072,3,142.4667,7532165159138614248
btree8_bl,131072,3,48.8922,7532165159138614248
btree16_bl_a64,131072,3,62.2147,7532165159138614248
fusion8_bf,131072,3,144.8288,7532165159138614248
sorted_array,131072,3,28.4515,7532165159138614248
btree8,131072,3,84.5596,7532165159138614248
fusion8_c,131072,3,146.7682,7532165159138614248
btree8_a64,131072,3,89.5432,7532165159138614248
btree8_bl_a64,131072,3,72.7905,7532165159138614248
fusion16_w,131072,3,136.9705,7532165159138614248
btree16_bl_a64,131072,4,58.1970,7532165159138614248
fusion8_bf,131072,4,149.7604,7532165159138614248
btree8,131072,4,84.4376,7532165159138614248
fusion8_c,131072,4,161.6028,7532165159138614248
fusion8,131072,4,145.0302,7532165159138614248
btree8_bl_a64,131072,4,63.1424,7532165159138614248
sorted_array,131072,4,29.4861,7532165159138614248
btree8_bl,131072,4,57.0190,7532165159138614248
fusion16_w,131072,4,137.1170,7532165159138614248
btree8_a64,131072,4,94.3161,7532165159138614248
fusion8_bf,131072,5,181.0074,7532165159138614248
fusion8_c,131072,5,156.4270,7532165159138614248
fusion16_w,131072,5,139.7858,7532165159138614248
btree16_bl_a64,131072,5,59.0561,7532165159138614248
btree8_a64,131072,5,92.8329,7532165159138614248
btree8_bl_a64,131072,5,55.1178,7532165159138614248
fusion8,131072,5,144.0704,7532165159138614248
btree8,131072,5,86.3037,7532165159138614248
btree8_bl,131072,5,62.2391,7532165159138614248
sorted_array,131072,5,29.4510,7532165159138614248
btree16_bl_a64,131072,6,62.9028,7532165159138614248
fusion8_c,131072,6,145.5505,7532165159138614248
btree8_bl_a64,131072,6,53.9429,7532165159138614248
sorted_array,131072,6,29.5258,7532165159138614248
btree8_bl,131072,6,57.4707,7532165159138614248
btree8,131072,6,89.6820,7532165159138614248
btree8_a64,131072,6,91.8442,7532165159138614248
fusion16_w,131072,6,151.8295,7532165159138614248
fusion8_bf,131072,6,158.6929,7532165159138614248
fusion8,131072,6,141.0034,7532165159138614248
btree8_a64,131072,7,94.2490,7532165159138614248
fusion8_bf,131072,7,165.1138,7532165159138614248
fusion8,131072,7,156.3873,7532165159138614248
btree8_bl,131072,7,60.4538,7532165159138614248
btree8_bl_a64,131072,7,57.1594,7532165159138614248
btree16_bl_a64,131072,7,63.9420,7532165159138614248
fusion8_c,131072,7,149.1989,7532165159138614248
btree8,131072,7,92.0609,7532165159138614248
fusion16_w,131072,7,155.2338,7532165159138614248
sorted_array,131072,7,29.7058,7532165159138614248
fusion8_c,131072,8,138.7802,7532165159138614248
btree16_bl_a64,131072,8,60.7788,7532165159138614248
btree8_bl_a64,131072,8,59.1324,7532165159138614248
fusion8_bf,131072,8,159.3994,7532165159138614248
fusion16_w,131072,8,150.0046,7532165159138614248
btree8_bl,131072,8,56.4087,7532165159138614248
btree8_a64,131072,8,94.3497,7532165159138614248
btree8,131072,8,90.7104,7532165159138614248
fusion8,131072,8,154.7272,7532165159138614248
sorted_array,131072,8,29.7592,7532165159138614248
fusion8,131072,9,117.4026,7532165159138614248
fusion16_w,131072,9,138.6047,7532165159138614248
sorted_array,131072,9,29.6417,7532165159138614248
btree8_bl_a64,131072,9,57.3013,7532165159138614248
btree16_bl_a64,131072,9,61.4334,7532165159138614248
fusion8_bf,131072,9,187.3550,7532165159138614248
btree8_a64,131072,9,94.1544,7532165159138614248
btree8_bl,131072,9,59.8114,7532165159138614248
btree8,131072,9,84.6161,7532165159138614248
fusion8_c,131072,9,138.5330,7532165159138614248
fusion8,131072,10,150.5539,7532165159138614248
sorted_array,131072,10,29.3793,7532165159138614248
fusion8_bf,131072,10,142.5629,7532165159138614248
btree8,131072,10,85.5759,7532165159138614248
fusion8_c,131072,10,152.5757,7532165159138614248
btree16_bl_a64,131072,10,63.1790,7532165159138614248
fusion16_w,131072,10,136.7996,7532165159138614248
btree8_bl_a64,131072,10,58.7936,7532165159138614248
btree8_bl,131072,10,55.2872,7532165159138614248
btree8_a64,131072,10,92.0441,7532165159138614248
btree8_a64,131072,11,70.3827,7532165159138614248
btree8_bl_a64,131072,11,56.7184,7532165159138614248
fusion8,131072,11,138.0234,7532165159138614248
btree8_bl,131072,11,53.3829,7532165159138614248
fusion8_c,131072,11,134.9304,7532165159138614248
fusion16_w,131072,11,146.0541,7532165159138614248
sorted_array,131072,11,29.4998,7532165159138614248
btree16_bl_a64,131072,11,58.1818,7532165159138614248
fusion8_bf,131072,11,142.4255,7532165159138614248
btree8,131072,11,86.2411,7532165159138614248
fusion8_bf,131072,12,132.8598,7532165159138614248
fusion8,131072,12,147.9813,7532165159138614248
btree16_bl_a64,131072,12,64.4348,7532165159138614248
btree8_bl_a64,131072,12,58.4335,7532165159138614248
sorted_array,131072,12,29.5013,7532165159138614248
fusion16_w,131072,12,135.6522,7532165159138614248
fusion8_c,131072,12,135.4324,7532165159138614248
btree8_a64,131072,12,91.4017,7532165159138614248
btree8,131072,12,87.2711,7532165159138614248
btree8_bl,131072,12,62.5076,7532165159138614248
sorted_array,131072,13,29.6371,7532165159138614248
btree8,131072,13,80.4001,7532165159138614248
fusion8,131072,13,148.7473,7532165159138614248
btree8_a64,131072,13,89.4028,7532165159138614248
fusion8_c,131072,13,148.4558,7532165159138614248
fusion8_bf,131072,13,163.7817,7532165159138614248
btree8_bl,131072,13,63.9313,7532165159138614248
btree16_bl_a64,131072,13,59.2773,7532165159138614248
btree8_bl_a64,131072,13,56.7886,7532165159138614248
fusion16_w,131072,13,139.1434,7532165159138614248
fusion8_c,131072,14,155.8502,7532165159138614248
btree8_a64,131072,14,94.7327,7532165159138614248
btree8,131072,14,91.3528,7532165159138614248
fusion16_w,131072,14,157.6172,7532165159138614248
btree8_bl_a64,131072,14,61.2930,7532165159138614248
fusion8,131072,14,150.3204,7532165159138614248
fusion8_bf,131072,14,158.8882,7532165159138614248
btree16_bl_a64,131072,14,59.7549,7532165159138614248
btree8_bl,131072,14,58.5159,7532165159138614248
sorted_array,131072,14,28.3905,7532165159138614248
btree16_bl_a64,262144,0,67.9703,14595982901779754467
btree8_bl,262144,0,52.2766,14595982901779754467
btree8_bl_a64,262144,0,53.4256,14595982901779754467
btree8,262144,0,94.7556,14595982901779754467
fusion8_c,262144,0,171.2204,14595982901779754467
fusion8_bf,262144,0,157.7194,14595982901779754467
fusion8,262144,0,156.6528,14595982901779754467
sorted_array,262144,0,36.9324,14595982901779754467
btree8_a64,262144,0,97.9111,14595982901779754467
fusion16_w,262144,0,189.4730,14595982901779754467
sorted_array,262144,1,38.8870,14595982901779754467
fusion16_w,262144,1,166.9449,14595982901779754467
fusion8_c,262144,1,149.5804,14595982901779754467
btree8,262144,1,93.2144,14595982901779754467
btree8_a64,262144,1,94.9585,14595982901779754467
btree8_bl,262144,1,51.9867,14595982901779754467
fusion8_bf,262144,1,153.6285,14595982901779754467
btree8_bl_a64,262144,1,52.2400,14595982901779754467
btree16_bl_a64,262144,1,65.9637,14595982901779754467
fusion8,262144,1,153.0319,14595982901779754467
fusion8_c,262144,2,145.0287,14595982901779754467
fusion16_w,262144,2,176.0559,14595982901779754467
btree8,262144,2,89.6332,14595982901779754467
btree8_bl,262144,2,54.4449,14595982901779754467
sorted_array,262144,2,38.5681,14595982901779754467
btree8_a64,262144,2,90.4373,14595982901779754467
fusion8,262144,2,152.4445,14595982901779754467
btree8_bl_a64,262144,2,56.5002,14595982901779754467
btree16_bl_a64,262144,2,66.9312,14595982901779754467
fusion8_bf,262144,2,166.5573,14595982901779754467
btree8_bl_a64,262144,3,61.0611,14595982901779754467
btree8_a64,262144,3,95.0272,14595982901779754467
fusion8_bf,262144,3,156.9138,14595982901779754467
sorted_array,262144,3,36.2198,14595982901779754467
fusion8_c,262144,3,160.2203,14595982901779754467
fusion8,262144,3,153.7155,14595982901779754467
btree8,262144,3,89.8178,14595982901779754467
btree16_bl_a64,262144,3,67.1539,14595982901779754467
btree8_bl,262144,3,52.3254,14595982901779754467
fusion16_w,262144,3,168.9514,14595982901779754467
btree8,262144,4,95.8344,14595982901779754467
btree8_a64,262144,4,100.0763,14595982901779754467
btree8_bl_a64,262144,4,49.5575,14595982901779754467
btree16_bl_a64,262144,4,69.1666,14595982901779754467
fusion8_bf,262144,4,157.5974,14595982901779754467
sorted_array,262144,4,36.5051,14595982901779754467
btree8_bl,262144,4,46.6354,14595982901779754467
fusion8,262144,4,159.4360,14595982901779754467
fusion16_w,262144,4,160.5392,14595982901779754467
fusion8_c,262144,4,146.8918,14595982901779754467
fusion16_w,262144,5,143.8965,14595982901779754467
fusion8_bf,262144,5,161.5311,14595982901779754467
btree8_a64,262144,5,90.9424,14595982901779754467
fusion8_c,262144,5,149.8367,14595982901779754467
btree16_bl_a64,262144,5,69.3771,14595982901779754467
fusion8,262144,5,146.9177,14595982901779754467
btree8_bl_a64,262144,5,56.4651,14595982901779754467
btree8_bl,262144,5,51.8372,14595982901779754467
sorted_array,262144,5,38.3774,14595982901779754467
btree8,262144,5,90.9012,14595982901779754467
fusion8_c,262144,6,154.6143,14595982901779754467
btree8_bl_a64,262144,6,50.8530,14595982901779754467
btree16_bl_a64,262144,6,65.9363,14595982901779754467
btree8_bl,262144,6,50.8072,14595982901779754467
btree8,262144,6,87.9822,14595982901779754467
fusion8,262144,6,165.4816,14595982901779754467
fusion8_bf,262144,6,165.7166,14595982901779754467
fusion16_w,262144,6,170.9030,14595982901779754467
sorted_array,262144,6,36.4578,14595982901779754467
btree8_a64,262144,6,96.2448,14595982901779754467
btree8_bl_a64,262144,7,58.3908,14595982901779754467
fusion8,262144,7,162.0056,14595982901779754467
fusion8_c,262144,7,135.2127,14595982901779754467
fusion16_w,262144,7,170.0699,14595982901779754467
btree8,262144,7,90.9134,14595982901779754467
sorted_array,262144,7,37.8098,14595982901779754467
btree16_bl_a64,262144,7,65.4770,14595982901779754467
fusion8_bf,262144,7,155.1941,14595982901779754467
btree8_bl,262144,7,51.6022,14595982901779754467
btree8_a64,262144,7,94.0140,14595982901779754467
sorted_array,262144,8,35.9497,14595982901779754467
btree8_a64,262144,8,73.9532,14595982901779754467
btree16_bl_a64,262144,8,67.9489,14595982901779754467
btree8,262144,8,90.9943,14595982901779754467
fusion8,262144,8,159.2804,14595982901779754467
btree8_bl_a64,262144,8,54.5151,14595982901779754467
fusion8_c,262144,8,137.6175,14595982901779754467
fusion16_w,262144,8,157.1640,14595982901779754467
fusion8_bf,262144,8,162.9059,14595982901779754467
btree8_bl,262144,8,60.0861,14595982901779754467
btree8,262144,9,92.6804,14595982901779754467
btree8_bl,262144,9,40.8157,14595982901779754467
btree8_bl_a64,262144,9,47.7905,14595982901779754467
fusion16_w,262144,9,160.6262,14595982901779754467
fusion8_c,262144,9,152.2446,14595982901779754467
btree8_a64,262144,9,93.3929,14595982901779754467
fusion8_bf,262144,9,170.9503,14595982901779754467
sorted_array,262144,9,37.3215,14595982901779754467
fusion8,262144,9,155.5588,14595982901779754467
btree16_bl_a64,262144,9,67.7826,14595982901779754467
fusion8,262144,10,145.4666,14595982901779754467
sorted_array,262144,10,36.3358,14595982901779754467
btree8_a64,262144,10,97.7646,14595982901779754467
btree8_bl,262144,10,48.3566,14595982901779754467
btree8,262144,10,92.0395,14595982901779754467
btree8_bl_a64,262144,10,50.6546,14595982901779754467
btree16_bl_a64,262144,10,67.0670,14595982901779754467
fusion16_w,262144,10,160.1562,14595982901779754467
fusion8_c,262144,10,145.4391,14595982901779754467
fusion8_bf,262144,10,172.5937,14595982901779754467
btree8_bl,262144,11,47.6440,14595982901779754467
btree16_bl_a64,262144,11,66.7389,14595982901779754467
fusion8_bf,262144,11,149.3988,14595982901779754467
sorted_array,262144,11,36.2213,14595982901779754467
fusion16_w,262144,11,173.7122,14595982901779754467
btree8_a64,262144,11,104.8248,14595982901779754467
btree8_bl_a64,262144,11,62.8799,14595982901779754467
fusion8_c,262144,11,152.0782,14595982901779754467
btree8,262144,11,90.2603,14595982901779754467
fusion8,262144,11,154.2419,14595982901779754467
btree8_bl_a64,262144,12,55.8929,14595982901779754467
fusion8_bf,262144,12,167.5919,14595982901779754467
fusion8,262144,12,148.6237,14595982901779754467
btree16_bl_a64,262144,12,68.6081,14595982901779754467
btree8,262144,12,88.6414,14595982901779754467
fusion8_c,262144,12,154.0329,14595982901779754467
btree8_bl,262144,12,52.2903,14595982901779754467
sorted_array,262144,12,37.9868,14595982901779754467
btree8_a64,262144,12,97.5952,14595982901779754467
fusion16_w,262144,12,204.8340,14595982901779754467
fusion8,262144,13,153.4317,14595982901779754467
btree8_a64,262144,13,91.3788,14595982901779754467
btree16_bl_a64,262144,13,69.0277,14595982901779754467
fusion8_c,262144,13,139.4058,14595982901779754467
btree8_bl_a64,262144,13,54.3655,14595982901779754467
sorted_array,262144,13,37.6953,14595982901779754467
fusion16_w,262144,13,157.3868,14595982901779754467
btree8,262144,13,95.0699,14595982901779754467
btree8_bl,262144,13,53.5522,14595982901779754467
fusion8_bf,262144,13,167.4438,14595982901779754467
btree8_a64,262144,14,92.7185,14595982901779754467
sorted_array,262144,14,36.3724,14595982901779754467
fusion8_c,262144,14,157.3288,14595982901779754467
btree8_bl_a64,262144,14,53.9215,14595982901779754467
btree16_bl_a64,262144,14,66.6626,14595982901779754467
fusion16_w,262144,14,162.3627,14595982901779754467
fusion8_bf,262144,14,159.8862,14595982901779754467
btree8_bl,262144,14,55.5222,14595982901779754467
fusion8,262144,14,148.0667,14595982901779754467
btree8,262144,14,90.6479,14595982901779754467
sorted_array,524288,0,59.5688,2430445356442705539
fusion8_c,524288,0,138.2523,2430445356442705539
btree8_bl,524288,0,59.4833,2430445356442705539
btree8_a64,524288,0,99.1028,2430445356442705539
fusion8_bf,524288,0,183.3527,2430445356442705539
fusion8,524288,0,156.8405,2430445356442705539
btree8,524288,0,90.4694,2430445356442705539
btree8_bl_a64,524288,0,48.5229,2430445356442705539
btree16_bl_a64,524288,0,63.8275,2430445356442705539
fusion16_w,524288,0,169.4458,2430445356442705539
btree8,524288,1,93.5074,2430445356442705539
fusion8_bf,524288,1,161.0977,2430445356442705539
btree8_bl_a64,524288,1,47.9568,2430445356442705539
sorted_array,524288,1,60.3760,2430445356442705539
btree8_bl,524288,1,43.6905,2430445356442705539
btree8_a64,524288,1,95.0897,2430445356442705539
fusion16_w,524288,1,185.0372,2430445356442705539
fusion8_c,524288,1,142.4484,2430445356442705539
fusion8,524288,1,160.7574,2430445356442705539
btree16_bl_a64,524288,1,62.7899,2430445356442705539
btree8_bl,524288,2,44.5984,2430445356442705539
btree8,524288,2,91.1880,2430445356442705539
fusion8,524288,2,158.0429,2430445356442705539
btree8_a64,524288,2,94.4138,2430445356442705539
btree16_bl_a64,524288,2,62.9196,2430445356442705539
fusion8_c,524288,2,138.4430,2430445356442705539
btree8_bl_a64,524288,2,52.6306,2430445356442705539
fusion8_bf,524288,2,149.8245,2430445356442705539
fusion16_w,524288,2,182.7133,2430445356442705539
sorted_array,524288,2,59.5901,2430445356442705539
sorted_array,524288,3,52.4673,2430445356442705539
btree8_a64,524288,3,96.4081,2430445356442705539
btree16_bl_a64,524288,3,65.8737,2430445356442705539
fusion8_c,524288,3,136.7249,2430445356442705539
btree8,524288,3,97.7921,2430445356442705539
fusion8,524288,3,167.1066,2430445356442705539
btree8_bl_a64,524288,3,46.2952,2430445356442705539
btree8_bl,524288,3,45.2835,2430445356442705539
fusion16_w,524288,3,164.9231,2430445356442705539
fusion8_bf,524288,3,171.4783,2430445356442705539
btree8_a64,524288,4,99.3546,2430445356442705539
btree8_bl_a64,524288,4,47.3160,2430445356442705539
btree16_bl_a64,524288,4,65.1505,2430445356442705539
sorted_array,524288,4,61.7020,2430445356442705539
btree8_bl,524288,4,42.0654,2430445356442705539
fusion8,524288,4,144.9112,2430445356442705539
fusion8_bf,524288,4,156.4392,2430445356442705539
btree8,524288,4,90.2328,2430445356442705539
fusion16_w,524288,4,186.1389,2430445356442705539
fusion8_c,524288,4,140.7364,2430445356442705539
btree8_bl,524288,5,43.9407,2430445356442705539
btree8_bl_a64,524288,5,45.8069,2430445356442705539
btree16_bl_a64,524288,5,66.0141,2430445356442705539
fusion8_c,524288,5,155.6015,2430445356442705539
fusion16_w,524288,5,183.1161,2430445356442705539
btree8,524288,5,89.1373,2430445356442705539
fusion8,524288,5,148.9517,2430445356442705539
sorted_array,524288,5,59.7107,2430445356442705539
fusion8_bf,524288,5,157.7606,2430445356442705539
btree8_a64,524288,5,100.5554,2430445356442705539
btree16_bl_a64,524288,6,62.5565,2430445356442705539
sorted_array,524288,6,60.4721,2430445356442705539
btree8_bl_a64,524288,6,50.4227,2430445356442705539
fusion8,524288,6,143.0481,2430445356442705539
fusion8_bf,524288,6,156.1203,2430445356442705539
btree8,524288,6,96.7972,2430445356442705539
fusion16_w,524288,6,186.6226,2430445356442705539
btree8_a64,524288,6,97.9279,2430445356442705539
btree8_bl,524288,6,48.0148,2430445356442705539
fusion8_c,524288,6,134.4238,2430445356442705539
fusion8,524288,7,165.7867,2430445356442705539
sorted_array,524288,7,60.9756,2430445356442705539
fusion16_w,524288,7,164.7980,2430445356442705539
fusion8_bf,524288,7,167.7521,2430445356442705539
btree16_bl_a64,524288,7,63.2706,2430445356442705539
btree8_bl,524288,7,43.6157,2430445356442705539
btree8_bl_a64,524288,7,50.4410,2430445356442705539
btree8_a64,524288,7,97.7524,2430445356442705539
btree8,524288,7,91.6199,2430445356442705539
fusion8_c,524288,7,156.6071,2430445356442705539
fusion8_bf,524288,8,153.8467,2430445356442705539
fusion8_c,524288,8,134.2850,2430445356442705539
fusion16_w,524288,8,184.6420,2430445356442705539
btree16_bl_a64,524288,8,66.7145,2430445356442705539
sorted_array,524288,8,61.1435,2430445356442705539
btree8,524288,8,95.8313,2430445356442705539
btree8_bl_a64,524288,8,48.3673,2430445356442705539
btree8_bl,524288,8,43.6813,2430445356442705539
fusion8,524288,8,155.6030,2430445356442705539
btree8_a64,524288,8,98.6588,2430445356442705539
sorted_array,524288,9,59.1690,2430445356442705539
fusion8_bf,524288,9,154.8157,2430445356442705539
fusion8,524288,9,152.3102,2430445356442705539
fusion8_c,524288,9,146.4951,2430445356442705539
btree8_bl_a64,524288,9,52.6260,2430445356442705539
btree16_bl_a64,524288,9,66.0477,2430445356442705539
btree8,524288,9,95.5399,2430445356442705539
btree8_bl,524288,9,77.5360,2430445356442705539
fusion16_w,524288,9,169.1605,2430445356442705539
btree8_a64,524288,9,100.5936,2430445356442705539
btree8_a64,524288,10,73.5306,2430445356442705539
fusion16_w,524288,10,165.0314,2430445356442705539
fusion8_bf,524288,10,158.4183,2430445356442705539
fusion8,524288,10,153.6072,2430445356442705539
btree8,524288,10,90.3183,2430445356442705539
btree16_bl_a64,524288,10,66.6321,2430445356442705539
btree8_bl,524288,10,46.1731,2430445356442705539
btree8_bl_a64,524288,10,50.1923,2430445356442705539
sorted_array,524288,10,59.2438,2430445356442705539
fusion8_c,524288,10,138.8260,2430445356442705539
fusion8_bf,524288,11,158.0460,2430445356442705539
btree8,524288,11,95.3110,2430445356442705539
fusion8,524288,11,155.9006,2430445356442705539
btree8_a64,524288,11,95.8954,2430445356442705539
btree16_bl_a64,524288,11,64.2288,2430445356442705539
fusion8_c,524288,11,155.2750,2430445356442705539
btree8_bl,524288,11,43.6539,2430445356442705539
fusion16_w,524288,11,162.9196,2430445356442705539
btree8_bl_a64,524288,11,54.6387,2430445356442705539
sorted_array,524288,11,60.1608,2430445356442705539
fusion16_w,524288,12,156.9366,2430445356442705539
btree16_bl_a64,524288,12,64.0930,2430445356442705539
btree8_bl,524288,12,47.3129,2430445356442705539
sorted_array,524288,12,59.8541,2430445356442705539
fusion8_c,524288,12,137.9425,2430445356442705539
btree8,524288,12,91.9495,2430445356442705539
fusion8,524288,12,157.0679,2430445356442705539
fusion8_bf,524288,12,149.5697,2430445356442705539
btree8_bl_a64,524288,12,51.3794,2430445356442705539
btree8_a64,524288,12,94.0445,2430445356442705539
btree8_bl_a64,524288,13,42.8986,2430445356442705539
btree8,524288,13,93.2220,2430445356442705539
fusion16_w,524288,13,190.7654,2430445356442705539
btree16_bl_a64,524288,13,62.3749,2430445356442705539
btree8_bl,524288,13,44.0125,2430445356442705539
btree8_a64,524288,13,100.0656,2430445356442705539
fusion8_c,524288,13,145.9763,2430445356442705539
fusion8_bf,524288,13,160.2921,2430445356442705539
fusion8,524288,13,165.0925,2430445356442705539
sorted_array,524288,13,60.2219,2430445356442705539
fusion8_bf,524288,14,137.6953,2430445356442705539
btree16_bl_a64,524288,14,64.1876,2430445356442705539
fusion16_w,524288,14,168.9178,2430445356442705539
fusion8_c,524288,14,157.5653,2430445356442705539
sorted_array,524288,14,59.2972,2430445356442705539
fusion8,524288,14,154.2053,2430445356442705539
btree8_bl,524288,14,46.8674,2430445356442705539
btree8_a64,524288,14,95.8694,2430445356442705539
btree8,524288,14,94.4489,2430445356442705539
btree8_bl_a64,524288,14,52.7634,2430445356442705539
btree8_bl,1048576,0,125.3036,9246909816537294732
fusion16_w,1048576,0,159.6664,9246909816537294732
fusion8_bf,1048576,0,322.2046,9246909816537294732
btree16_bl_a64,1048576,0,63.6459,9246909816537294732
fusion8_c,1048576,0,291.7999,9246909816537294732
btree8,1048576,0,228.1067,9246909816537294732
btree8_a64,1048576,0,221.3409,9246909816537294732
fusion8,1048576,0,321.1807,9246909816537294732
sorted_array,1048576,0,102.9678,9246909816537294732
btree8_bl_a64,1048576,0,115.4953,9246909816537294732
sorted_array,1048576,1,92.7979,9246909816537294732
btree8_bl,1048576,1,116.5970,9246909816537294732
fusion8,1048576,1,314.8056,9246909816537294732
btree8_a64,1048576,1,219.7968,9246909816537294732
btree8,1048576,1,227.8961,9246909816537294732
btree8_bl_a64,1048576,1,137.4176,9246909816537294732
fusion8_bf,1048576,1,312.4908,9246909816537294732
btree16_bl_a64,1048576,1,60.7071,9246909816537294732
fusion16_w,1048576,1,168.7592,9246909816537294732
fusion8_c,1048576,1,305.8655,9246909816537294732
fusion8,1048576,2,343.5852,9246909816537294732
btree16_bl_a64,1048576,2,66.7938,9246909816537294732
btree8,1048576,2,221.6644,9246909816537294732
fusion8_bf,1048576,2,356.7307,9246909816537294732
btree8_bl,1048576,2,136.2595,9246909816537294732
btree8_bl_a64,1048576,2,109.3903,9246909816537294732
fusion8_c,1048576,2,308.2062,9246909816537294732
btree8_a64,1048576,2,226.7639,9246909816537294732
sorted_array,1048576,2,101.5976,9246909816537294732
fusion16_w,1048576,2,181.7902,9246909816537294732
fusion8_bf,1048576,3,333.0704,9246909816537294732
fusion8,1048576,3,304.1946,9246909816537294732
fusion16_w,1048576,3,170.2362,9246909816537294732
btree8,1048576,3,234.5932,9246909816537294732
fusion8_c,1048576,3,314.2120,9246909816537294732
sorted_array,1048576,3,101.8326,9246909816537294732
btree8_bl_a64,1048576,3,132.2128,9246909816537294732
btree16_bl_a64,1048576,3,60.7040,9246909816537294732
btree8_bl,1048576,3,119.4901,9246909816537294732
btree8_a64,1048576,3,220.5505,9246909816537294732
btree8_bl_a64,1048576,4,135.4645,9246909816537294732
btree8,1048576,4,217.9504,9246909816537294732
fusion8_bf,1048576,4,329.6112,9246909816537294732
btree16_bl_a64,1048576,4,66.3116,9246909816537294732
btree8_a64,1048576,4,228.3112,9246909816537294732
btree8_bl,1048576,4,130.4703,9246909816537294732
sorted_array,1048576,4,99.2493,9246909816537294732
fusion8,1048576,4,323.9960,9246909816537294732
fusion8_c,1048576,4,290.2222,9246909816537294732
fusion16_w,1048576,4,178.1097,9246909816537294732
fusion8,1048576,5,309.9106,9246909816537294732
btree8,1048576,5,221.6583,9246909816537294732
btree8_bl_a64,1048576,5,129.4357,9246909816537294732
fusion8_c,1048576,5,300.3464,9246909816537294732
sorted_array,1048576,5,101.0254,9246909816537294732
btree8_a64,1048576,5,225.2808,9246909816537294732
fusion16_w,1048576,5,187.1155,9246909816537294732
btree16_bl_a64,1048576,5,63.7772,9246909816537294732
btree8_bl,1048576,5,115.9668,9246909816537294732
fusion8_bf,1048576,5,322.8226,9246909816537294732
btree8,1048576,6,219.1086,9246909816537294732
sorted_array,1048576,6,101.6434,9246909816537294732
fusion8,1048576,6,328.9093,9246909816537294732
fusion8_c,1048576,6,296.2692,9246909816537294732
fusion8_bf,1048576,6,356.5506,9246909816537294732
fusion16_w,1048576,6,166.0843,9246909816537294732
btree8_bl_a64,1048576,6,139.4684,9246909816537294732
btree16_bl_a64,1048576,6,65.1642,9246909816537294732
btree8_bl,1048576,6,121.8552,9246909816537294732
btree8_a64,1048576,6,228.6499,9246909816537294732
fusion8,1048576,7,317.4698,9246909816537294732
btree8_bl_a64,1048576,7,131.3461,9246909816537294732
btree8,1048576,7,223.9517,9246909816537294732
fusion8_c,1048576,7,314.7598,9246909816537294732
fusion16_w,1048576,7,177.0218,9246909816537294732
fusion8_bf,1048576,7,320.8527,9246909816537294732
btree8_a64,1048576,7,225.4791,9246909816537294732
btree16_bl_a64,1048576,7,65.1413,9246909816537294732
sorted_array,1048576,7,100.5249,9246909816537294732
btree8_bl,1048576,7,117.6285,9246909816537294732
btree8,1048576,8,221.3287,9246909816537294732
fusion8_bf,1048576,8,351.8127,9246909816537294732
fusion8,1048576,8,306.9717,9246909816537294732
fusion16_w,1048576,8,164.9689,9246909816537294732
btree8_a64,1048576,8,226.8494,9246909816537294732
btree8_bl_a64,1048576,8,131.6177,9246909816537294732
fusion8_c,1048576,8,306.3248,9246909816537294732
btree8_bl,1048576,8,126.8692,9246909816537294732
sorted_array,1048576,8,100.7904,9246909816537294732
btree16_bl_a64,1048576,8,63.1149,9246909816537294732
fusion16_w,1048576,9,164.5706,9246909816537294732
btree8_a64,1048576,9,234.1110,9246909816537294732
fusion8_c,1048576,9,306.0059,9246909816537294732
fusion8,1048576,9,333.3496,9246909816537294732
sorted_array,1048576,9,101.8051,9246909816537294732
fusion8_bf,1048576,9,315.0513,9246909816537294732
btree8,1048576,9,221.8384,9246909816537294732
btree16_bl_a64,1048576,9,63.4323,9246909816537294732
btree8_bl_a64,1048576,9,114.9994,9246909816537294732
btree8_bl,1048576,9,115.6738,9246909816537294732
fusion16_w,1048576,10,165.4617,9246909816537294732
btree8_bl_a64,1048576,10,117.6437,9246909816537294732
fusion8,1048576,10,315.0589,9246909816537294732
fusion8_bf,1048576,10,331.4102,9246909816537294732
btree16_bl_a64,1048576,10,67.3828,9246909816537294732
btree8_bl,1048576,10,117.2073,9246909816537294732
btree8,1048576,10,219.8776,9246909816537294732
fusion8_c,1048576,10,321.9467,9246909816537294732
btree8_a64,1048576,10,217.8284,9246909816537294732
sorted_array,1048576,10,101.3214,9246909816537294732
btree8_bl_a64,1048576,11,132.2189,9246909816537294732
fusion8,1048576,11,313.9328,9246909816537294732
sorted_array,1048576,11,101.3245,9246909816537294732
btree8,1048576,11,218.9468,9246909816537294732
fusion8_c,1048576,11,315.3687,9246909816537294732
btree16_bl_a64,1048576,11,61.8896,9246909816537294732
btree8_bl,1048576,11,120.6482,9246909816537294732
btree8_a64,1048576,11,232.1777,9246909816537294732
fusion16_w,1048576,11,185.8154,9246909816537294732
fusion8_bf,1048576,11,327.2949,9246909816537294732
sorted_array,1048576,12,103.3859,9246909816537294732
fusion8_c,1048576,12,310.2585,9246909816537294732
btree8,1048576,12,224.3713,9246909816537294732
btree8_bl,1048576,12,132.9926,9246909816537294732
fusion8,1048576,12,315.4327,9246909816537294732
fusion16_w,1048576,12,165.9271,9246909816537294732
btree8_a64,1048576,12,224.8535,9246909816537294732
btree8_bl_a64,1048576,12,131.3934,9246909816537294732
btree16_bl_a64,1048576,12,59.8450,9246909816537294732
fusion8_bf,1048576,12,324.1516,9246909816537294732
fusion8,1048576,13,312.8937,9246909816537294732
sorted_array,1048576,13,101.9089,9246909816537294732
btree8_bl_a64,1048576,13,136.1938,9246909816537294732
btree16_bl_a64,1048576,13,63.9648,9246909816537294732
fusion8_bf,1048576,13,315.8340,9246909816537294732
btree8_a64,1048576,13,224.4980,9246909816537294732
fusion16_w,1048576,13,191.0309,9246909816537294732
fusion8_c,1048576,13,292.3477,9246909816537294732
btree8,1048576,13,226.0742,9246909816537294732
btree8_bl,1048576,13,133.2703,9246909816537294732
btree16_bl_a64,1048576,14,59.9564,9246909816537294732
btree8_bl,1048576,14,109.4376,9246909816537294732
sorted_array,1048576,14,103.4912,9246909816537294732
btree8,1048576,14,227.1637,9246909816537294732
fusion16_w,1048576,14,178.5751,9246909816537294732
fusion8_c,1048576,14,310.5850,9246909816537294732
btree8_a64,1048576,14,251.6830,9246909816537294732
fusion8_bf,1048576,14,338.0753,9246909816537294732
btree8_bl_a64,1048576,14,111.5433,9246909816537294732
fusion8,1048576,14,311.0336,9246909816537294732
btree8_a64,2097152,0,364.6164,14519592687764155675
btree8_bl_a64,2097152,0,205.6366,14519592687764155675
fusion8_c,2097152,0,369.2383,14519592687764155675
fusion16_w,2097152,0,324.9756,14519592687764155675
btree16_bl_a64,2097152,0,122.5189,14519592687764155675
fusion8,2097152,0,347.6700,14519592687764155675
fusion8_bf,2097152,0,338.0325,14519592687764155675
btree8,2097152,0,236.3220,14519592687764155675
btree8_bl,2097152,0,134.8068,14519592687764155675
sorted_array,2097152,0,143.1290,14519592687764155675
fusion8_c,2097152,1,321.4203,14519592687764155675
fusion16_w,2097152,1,280.3024,14519592687764155675
fusion8_bf,2097152,1,355.0629,14519592687764155675
btree8_a64,2097152,1,234.7321,14519592687764155675
sorted_array,2097152,1,144.7479,14519592687764155675
btree8_bl,2097152,1,124.4308,14519592687764155675
btree8,2097152,1,232.8644,14519592687764155675
btree8_bl_a64,2097152,1,128.0060,14519592687764155675
fusion8,2097152,1,357.3425,14519592687764155675
btree16_bl_a64,2097152,1,135.5927,14519592687764155675
sorted_array,2097152,2,143.6249,14519592687764155675
btree8_a64,2097152,2,230.7892,14519592687764155675
btree8_bl,2097152,2,138.1699,14519592687764155675
fusion8_c,2097152,2,305.9174,14519592687764155675
btree8,2097152,2,228.9627,14519592687764155675
fusion8,2097152,2,376.0422,14519592687764155675
btree16_bl_a64,2097152,2,123.6969,14519592687764155675
fusion16_w,2097152,2,298.1918,14519592687764155675
fusion8_bf,2097152,2,343.9621,14519592687764155675
btree8_bl_a64,2097152,2,125.2426,14519592687764155675
btree16_bl_a64,2097152,3,125.3571,14519592687764155675
btree8_bl,2097152,3,112.3291,14519592687764155675
fusion8_c,2097152,3,307.3410,14519592687764155675
btree8_a64,2097152,3,236.0596,14519592687764155675
fusion16_w,2097152,3,326.5625,14519592687764155675
btree8,2097152,3,228.0853,14519592687764155675
sorted_array,2097152,3,152.3514,14519592687764155675
fusion8,2097152,3,351.8127,14519592687764155675
fusion8_bf,2097152,3,355.0034,14519592687764155675
btree8_bl_a64,2097152,3,112.9318,14519592687764155675
btree8_bl_a64,2097152,4,68.2785,14519592687764155675
btree8_a64,2097152,4,232.6935,14519592687764155675
btree8,2097152,4,241.1209,14519592687764155675
btree16_bl_a64,2097152,4,144.3207,14519592687764155675
fusion16_w,2097152,4,290.1138,14519592687764155675
btree8_bl,2097152,4,118.7302,14519592687764155675
fusion8,2097152,4,333.5434,14519592687764155675
sorted_array,2097152,4,146.1594,14519592687764155675
fusion8_c,2097152,4,306.4804,14519592687764155675
fusion8_bf,2097152,4,343.7347,14519592687764155675
fusion16_w,2097152,5,282.0862,14519592687764155675
btree8,2097152,5,237.5519,14519592687764155675
fusion8,2097152,5,350.5249,14519592687764155675
sorted_array,2097152,5,145.3400,14519592687764155675
fusion8_c,2097152,5,308.0338,14519592687764155675
fusion8_bf,2097152,5,345.3857,14519592687764155675
btree8_bl_a64,2097152,5,124.8611,14519592687764155675
btree16_bl_a64,2097152,5,124.5712,14519592687764155675
btree8_a64,2097152,5,233.4015,14519592687764155675
btree8_bl,2097152,5,138.7924,14519592687764155675
btree8,2097152,6,232.6660,14519592687764155675
btree8_bl_a64,2097152,6,123.1079,14519592687764155675
fusion8_bf,2097152,6,346.8384,14519592687764155675
fusion8_c,2097152,6,329.9927,14519592687764155675
fusion16_w,2097152,6,279.8660,14519592687764155675
sorted_array,2097152,6,146.6019,14519592687764155675
fusion8,2097152,6,356.2592,14519592687764155675
btree8_bl,2097152,6,113.8733,14519592687764155675
btree16_bl_a64,2097152,6,121.6476,14519592687764155675
btree8_a64,2097152,6,237.6312,14519592687764155675
btree8_bl_a64,2097152,7,110.4324,14519592687764155675
fusion16_w,2097152,7,277.1088,14519592687764155675
btree16_bl_a64,2097152,7,138.1210,14519592687764155675
btree8_a64,2097152,7,230.2170,14519592687764155675
fusion8_bf,2097152,7,349.9680,14519592687764155675
fusion8_c,2097152,7,329.5456,14519592687764155675
fusion8,2097152,7,337.1185,14519592687764155675
btree8,2097152,7,243.6752,14519592687764155675
btree8_bl,2097152,7,126.3916,14519592687764155675
sorted_array,2097152,7,144.9432,14519592687764155675
fusion16_w,2097152,8,292.1844,14519592687764155675
btree8_bl,2097152,8,112.2452,14519592687764155675
sorted_array,2097152,8,145.2240,14519592687764155675
fusion8_bf,2097152,8,343.2541,14519592687764155675
btree8,2097152,8,233.4366,14519592687764155675
fusion8_c,2097152,8,323.3688,14519592687764155675
btree16_bl_a64,2097152,8,126.8372,14519592687764155675
btree8_a64,2097152,8,232.7042,14519592687764155675
fusion8,2097152,8,347.1146,14519592687764155675
btree8_bl_a64,2097152,8,120.3461,14519592687764155675
btree8_bl,2097152,9,114.0762,14519592687764155675
fusion8,2097152,9,340.4236,14519592687764155675
fusion8_c,2097152,9,311.9247,14519592687764155675
fusion8_bf,2097152,9,375.5905,14519592687764155675
fusion16_w,2097152,9,296.6782,14519592687764155675
btree8_bl_a64,2097152,9,119.4077,14519592687764155675
btree16_bl_a64,2097152,9,126.1063,14519592687764155675
sorted_array,2097152,9,147.5220,14519592687764155675
btree8,2097152,9,227.0737,14519592687764155675
btree8_a64,2097152,9,233.7814,14519592687764155675
fusion8_c,2097152,10,328.8437,14519592687764155675
fusion16_w,2097152,10,322.0154,14519592687764155675
btree8_bl_a64,2097152,10,111.1603,14519592687764155675
fusion8,2097152,10,328.4851,14519592687764155675
btree8_bl,2097152,10,125.4013,14519592687764155675
fusion8_bf,2097152,10,341.7938,14519592687764155675
btree16_bl_a64,2097152,10,127.5024,14519592687764155675
btree8,2097152,10,233.9172,14519592687764155675
btree8_a64,2097152,10,235.5927,14519592687764155675
sorted_array,2097152,10,146.6385,14519592687764155675
fusion8_bf,2097152,11,349.8779,14519592687764155675
sorted_array,2097152,11,148.1827,14519592687764155675
fusion8_c,2097152,11,319.8715,14519592687764155675
btree8_bl_a64,2097152,11,124.4385,14519592687764155675
btree8_bl,2097152,11,115.2267,14519592687764155675
btree8_a64,2097152,11,240.4083,14519592687764155675
btree8,2097152,11,236.5891,14519592687764155675
btree16_bl_a64,2097152,11,144.9112,14519592687764155675
fusion16_w,2097152,11,285.2921,14519592687764155675
fusion8,2097152,11,345.5048,14519592687764155675
btree16_bl_a64,2097152,12,134.6771,14519592687764155675
fusion8,2097152,12,334.3033,14519592687764155675
sorted_array,2097152,12,150.0290,14519592687764155675
fusion16_w,2097152,12,298.1323,14519592687764155675
fusion8_c,2097152,12,330.8792,14519592687764155675
btree8,2097152,12,239.7217,14519592687764155675
btree8_bl,2097152,12,115.4755,14519592687764155675
fusion8_bf,2097152,12,342.2974,14519592687764155675
btree8_bl_a64,2097152,12,121.3547,14519592687764155675
btree8_a64,2097152,12,231.0989,14519592687764155675
fusion8,2097152,13,357.5119,14519592687764155675
fusion8_c,2097152,13,316.5695,14519592687764155675
fusion8_bf,2097152,13,358.0719,14519592687764155675
fusion16_w,2097152,13,279.0009,14519592687764155675
sorted_array,2097152,13,149.3622,14519592687764155675
btree8,2097152,13,232.6981,14519592687764155675
btree16_bl_a64,2097152,13,124.8734,14519592687764155675
btree8_a64,2097152,13,235.3806,14519592687764155675
btree8_bl,2097152,13,131.6330,14519592687764155675
btree8_bl_a64,2097152,13,106.6818,14519592687764155675
fusion8_c,2097152,14,303.3554,14519592687764155675
btree8,2097152,14,234.6283,14519592687764155675
fusion8_bf,2097152,14,348.8541,14519592687764155675
fusion8,2097152,14,349.0448,14519592687764155675
btree8_bl,2097152,14,129.1611,14519592687764155675
btree16_bl_a64,2097152,14,123.3734,14519592687764155675
btree8_a64,2097152,14,235.9848,14519592687764155675
fusion16_w,2097152,14,321.0907,14519592687764155675
btree8_bl_a64,2097152,14,127.4292,14519592687764155675
sorted_array,2097152,14,147.8516,14519592687764155675
fusion8_bf,4194304,0,329.8691,15606720263345192253
btree8_bl_a64,4194304,0,115.4068,15606720263345192253
btree8,4194304,0,240.0955,15606720263345192253
fusion16_w,4194304,0,370.8664,15606720263345192253
fusion8_c,4194304,0,324.2828,15606720263345192253
btree8_a64,4194304,0,238.5788,15606720263345192253
sorted_array,4194304,0,242.6941,15606720263345192253
btree8_bl,4194304,0,123.7854,15606720263345192253
btree16_bl_a64,4194304,0,134.4070,15606720263345192253
fusion8,4194304,0,340.2634,15606720263345192253
btree8_bl_a64,4194304,1,113.8702,15606720263345192253
btree8_a64,4194304,1,239.4699,15606720263345192253
fusion8,4194304,1,343.6264,15606720263345192253
sorted_array,4194304,1,234.8389,15606720263345192253
fusion16_w,4194304,1,332.8598,15606720263345192253
fusion8_bf,4194304,1,491.8671,15606720263345192253
btree16_bl_a64,4194304,1,139.8727,15606720263345192253
btree8_bl,4194304,1,110.0708,15606720263345192253
fusion8_c,4194304,1,344.4443,15606720263345192253
btree8,4194304,1,264.8178,15606720263345192253
fusion16_w,4194304,2,390.4419,15606720263345192253
fusion8,4194304,2,339.7171,15606720263345192253
fusion8_bf,4194304,2,330.4245,15606720263345192253
btree8_bl,4194304,2,125.9613,15606720263345192253
fusion8_c,4194304,2,302.5681,15606720263345192253
sorted_array,4194304,2,240.7593,15606720263345192253
btree8_a64,4194304,2,244.1696,15606720263345192253
btree16_bl_a64,4194304,2,137.3856,15606720263345192253
btree8_bl_a64,4194304,2,106.0974,15606720263345192253
btree8,4194304,2,241.5909,15606720263345192253
fusion8,4194304,3,337.5168,15606720263345192253
fusion8_bf,4194304,3,338.1287,15606720263345192253
btree16_bl_a64,4194304,3,135.2371,15606720263345192253
fusion16_w,4194304,3,318.2190,15606720263345192253
btree8_bl_a64,4194304,3,117.7795,15606720263345192253
sorted_array,4194304,3,239.9551,15606720263345192253
btree8_a64,4194304,3,245.7199,15606720263345192253
fusion8_c,4194304,3,328.4195,15606720263345192253
btree8,4194304,3,237.9684,15606720263345192253
btree8_bl,4194304,3,117.7841,15606720263345192253
fusion8_bf,4194304,4,331.9305,15606720263345192253
btree8,4194304,4,240.5579,15606720263345192253
btree8_bl,4194304,4,126.7944,15606720263345192253
sorted_array,4194304,4,237.3611,15606720263345192253
fusion8_c,4194304,4,308.7006,15606720263345192253
btree16_bl_a64,4194304,4,140.9164,15606720263345192253
fusion8,4194304,4,338.6246,15606720263345192253
btree8_bl_a64,4194304,4,114.7156,15606720263345192253
fusion16_w,4194304,4,325.4028,15606720263345192253
btree8_a64,4194304,4,244.3680,15606720263345192253
fusion16_w,4194304,5,408.2016,15606720263345192253
sorted_array,4194304,5,243.8248,15606720263345192253
btree16_bl_a64,4194304,5,155.4932,15606720263345192253
btree8,4194304,5,244.0811,15606720263345192253
btree8_bl,4194304,5,129.2267,15606720263345192253
fusion8_bf,4194304,5,353.1738,15606720263345192253
btree8_bl_a64,4194304,5,103.8574,15606720263345192253
fusion8,4194304,5,337.5778,15606720263345192253
btree8_a64,4194304,5,247.7875,15606720263345192253
fusion8_c,4194304,5,318.4402,15606720263345192253
btree8_a64,4194304,6,251.0986,15606720263345192253
sorted_array,4194304,6,242.0242,15606720263345192253
btree8_bl_a64,4194304,6,133.2520,15606720263345192253
btree8,4194304,6,245.3995,15606720263345192253
fusion8_c,4194304,6,334.4833,15606720263345192253
fusion8_bf,4194304,6,344.7189,15606720263345192253
btree8_bl,4194304,6,130.9555,15606720263345192253
fusion16_w,4194304,6,325.0397,15606720263345192253
btree16_bl_a64,4194304,6,143.4937,15606720263345192253
fusion8,4194304,6,345.5536,15606720263345192253
btree8,4194304,7,244.4351,15606720263345192253
sorted_array,4194304,7,237.6846,15606720263345192253
fusion16_w,4194304,7,364.2227,15606720263345192253
fusion8,4194304,7,338.8123,15606720263345192253
fusion8_c,4194304,7,325.3265,15606720263345192253
btree8_bl_a64,4194304,7,126.4481,15606720263345192253
btree16_bl_a64,4194304,7,139.1052,15606720263345192253
btree8_bl,4194304,7,109.3887,15606720263345192253
btree8_a64,4194304,7,244.7800,15606720263345192253
fusion8_bf,4194304,7,386.4441,15606720263345192253
fusion8,4194304,8,361.4182,15606720263345192253
fusion16_w,4194304,8,324.6994,15606720263345192253
btree8,4194304,8,248.6740,15606720263345192253
btree16_bl_a64,4194304,8,140.9271,15606720263345192253
btree8_bl,4194304,8,109.4528,15606720263345192253
sorted_array,4194304,8,238.2263,15606720263345192253
fusion8_c,4194304,8,322.3618,15606720263345192253
fusion8_bf,4194304,8,354.0558,15606720263345192253
btree8_bl_a64,4194304,8,129.0619,15606720263345192253
btree8_a64,4194304,8,253.7399,15606720263345192253
btree8_bl_a64,4194304,9,110.8047,15606720263345192253
btree8,4194304,9,249.4278,15606720263345192253
fusion8_bf,4194304,9,344.6793,15606720263345192253
btree8_a64,4194304,9,256.0562,15606720263345192253
fusion8,4194304,9,342.9703,15606720263345192253
btree8_bl,4194304,9,130.5603,15606720263345192253
btree16_bl_a64,4194304,9,139.8071,15606720263345192253
fusion8_c,4194304,9,311.3144,15606720263345192253
fusion16_w,4194304,9,372.2626,15606720263345192253
sorted_array,4194304,9,239.0732,15606720263345192253
fusion8,4194304,10,353.4393,15606720263345192253
fusion16_w,4194304,10,328.0487,15606720263345192253
sorted_array,4194304,10,236.1038,15606720263345192253
fusion8_c,4194304,10,318.6310,15606720263345192253
btree8,4194304,10,241.1926,15606720263345192253
fusion8_bf,4194304,10,348.6435,15606720263345192253
btree8_bl_a64,4194304,10,115.5121,15606720263345192253
btree8_bl,4194304,10,109.8190,15606720263345192253
btree8_a64,4194304,10,250.1282,15606720263345192253
btree16_bl_a64,4194304,10,138.3652,15606720263345192253
fusion8_c,4194304,11,307.1014,15606720263345192253
btree8_bl,4194304,11,113.6063,15606720263345192253
fusion8_bf,4194304,11,330.8670,15606720263345192253
fusion8,4194304,11,346.9635,15606720263345192253
btree8,4194304,11,239.5905,15606720263345192253
btree8_a64,4194304,11,241.4764,15606720263345192253
btree8_bl_a64,4194304,11,115.8630,15606720263345192253
btree16_bl_a64,4194304,11,135.6079,15606720263345192253
sorted_array,4194304,11,237.1826,15606720263345192253
fusion16_w,4194304,11,322.5372,15606720263345192253
fusion8_bf,4194304,12,340.7852,15606720263345192253
btree8_bl_a64,4194304,12,124.5575,15606720263345192253
fusion16_w,4194304,12,322.5800,15606720263345192253
sorted_array,4194304,12,237.7319,15606720263345192253
btree8_bl,4194304,12,108.0322,15606720263345192253
btree16_bl_a64,4194304,12,138.2767,15606720263345192253
fusion8_c,4194304,12,303.5767,15606720263345192253
fusion8,4194304,12,341.5009,15606720263345192253
btree8,4194304,12,237.9013,15606720263345192253
btree8_a64,4194304,12,251.3718,15606720263345192253
sorted_array,4194304,13,242.1219,15606720263345192253
fusion8_bf,4194304,13,350.4944,15606720263345192253
btree8_a64,4194304,13,257.4524,15606720263345192253
btree16_bl_a64,4194304,13,143.3334,15606720263345192253
btree8_bl,4194304,13,108.2001,15606720263345192253
fusion8_c,4194304,13,310.4279,15606720263345192253
fusion16_w,4194304,13,367.1768,15606720263345192253
btree8_bl_a64,4194304,13,108.9584,15606720263345192253
fusion8,4194304,13,342.0044,15606720263345192253
btree8,4194304,13,238.4521,15606720263345192253
fusion8_bf,4194304,14,363.1958,15606720263345192253
fusion16_w,4194304,14,348.6206,15606720263345192253
fusion8,4194304,14,360.0479,15606720263345192253
btree16_bl_a64,4194304,14,142.0212,15606720263345192253
fusion8_c,4194304,14,312.0377,15606720263345192253
btree8,4194304,14,240.5182,15606720263345192253
btree8_bl,4194304,14,110.0128,15606720263345192253
btree8_a64,4194304,14,249.3698,15606720263345192253
btree8_bl_a64,4194304,14,109.1461,15606720263345192253
sorted_array,4194304,14,234.8892,15606720263345192253
btree16_bl_a64,8388608,0,135.1456,10131753818064663245
fusion16_w,8388608,0,336.5082,10131753818064663245
fusion8_bf,8388608,0,531.9748,10131753818064663245
btree8_a64,8388608,0,377.1225,10131753818064663245
btree8_bl,8388608,0,224.9084,10131753818064663245
fusion8_c,8388608,0,474.5193,10131753818064663245
btree8,8388608,0,373.2361,10131753818064663245
fusion8,8388608,0,532.2021,10131753818064663245
sorted_array,8388608,0,445.2835,10131753818064663245
btree8_bl_a64,8388608,0,203.9322,10131753818064663245
btree8_bl,8388608,1,180.6183,10131753818064663245
fusion8,8388608,1,516.6840,10131753818064663245
fusion8_c,8388608,1,497.1008,10131753818064663245
fusion8_bf,8388608,1,550.0748,10131753818064663245
btree16_bl_a64,8388608,1,135.6049,10131753818064663245
fusion16_w,8388608,1,331.0837,10131753818064663245
btree8,8388608,1,379.9835,10131753818064663245
sorted_array,8388608,1,448.1934,10131753818064663245
btree8_a64,8388608,1,394.9615,10131753818064663245
btree8_bl_a64,8388608,1,230.1941,10131753818064663245
btree8_a64,8388608,2,391.5848,10131753818064663245
fusion8_c,8388608,2,517.0456,10131753818064663245
btree16_bl_a64,8388608,2,137.4268,10131753818064663245
sorted_array,8388608,2,443.9941,10131753818064663245
fusion8_bf,8388608,2,547.5708,10131753818064663245
btree8_bl_a64,8388608,2,169.0948,10131753818064663245
fusion8,8388608,2,560.9222,10131753818064663245
btree8_bl,8388608,2,230.1956,10131753818064663245
btree8,8388608,2,384.1736,10131753818064663245
fusion16_w,8388608,2,411.4517,10131753818064663245
btree8_bl_a64,8388608,3,196.2891,10131753818064663245
fusion16_w,8388608,3,323.6252,10131753818064663245
btree16_bl_a64,8388608,3,140.9027,10131753818064663245
fusion8,8388608,3,517.4576,10131753818064663245
fusion8_c,8388608,3,485.2631,10131753818064663245
sorted_array,8388608,3,461.8881,10131753818064663245
btree8_bl,8388608,3,258.5297,10131753818064663245
btree8,8388608,3,421.9879,10131753818064663245
btree8_a64,8388608,3,422.1741,10131753818064663245
fusion8_bf,8388608,3,583.1055,10131753818064663245
btree8_bl,8388608,4,228.1509,10131753818064663245
btree8,8388608,4,414.1922,10131753818064663245
btree16_bl_a64,8388608,4,139.7171,10131753818064663245
fusion16_w,8388608,4,374.9588,10131753818064663245
sorted_array,8388608,4,453.3524,10131753818064663245
fusion8_bf,8388608,4,541.9724,10131753818064663245
btree8_bl_a64,8388608,4,167.9276,10131753818064663245
btree8_a64,8388608,4,392.9626,10131753818064663245
fusion8_c,8388608,4,542.2623,10131753818064663245
fusion8,8388608,4,518.9835,10131753818064663245
fusion8_c,8388608,5,485.9940,10131753818064663245
fusion16_w,8388608,5,386.0260,10131753818064663245
btree8,8388608,5,392.1783,10131753818064663245
sorted_array,8388608,5,451.6861,10131753818064663245
btree16_bl_a64,8388608,5,139.1235,10131753818064663245
btree8_bl_a64,8388608,5,170.8008,10131753818064663245
btree8_bl,8388608,5,179.3350,10131753818064663245
fusion8,8388608,5,510.1974,10131753818064663245
fusion8_bf,8388608,5,522.4091,10131753818064663245
btree8_a64,8388608,5,387.5961,10131753818064663245
fusion8,8388608,6,518.5944,10131753818064663245
btree8_bl,8388608,6,209.0652,10131753818064663245
btree8_a64,8388608,6,386.8805,10131753818064663245
fusion8_c,8388608,6,510.4355,10131753818064663245
fusion16_w,8388608,6,409.1690,10131753818064663245
sorted_array,8388608,6,515.6036,10131753818064663245
fusion8_bf,8388608,6,648.8342,10131753818064663245
btree16_bl_a64,8388608,6,148.5428,10131753818064663245
btree8_bl_a64,8388608,6,188.3621,10131753818064663245
btree8,8388608,6,453.2990,10131753818064663245
btree16_bl_a64,8388608,7,156.0181,10131753818064663245
btree8,8388608,7,477.0020,10131753818064663245
fusion8_bf,8388608,7,650.6073,10131753818064663245
fusion8,8388608,7,634.2072,10131753818064663245
btree8_bl,8388608,7,201.4633,10131753818064663245
btree8_bl_a64,8388608,7,190.2206,10131753818064663245
sorted_array,8388608,7,542.6743,10131753818064663245
fusion16_w,8388608,7,350.3738,10131753818064663245
fusion8_c,8388608,7,548.8968,10131753818064663245
btree8_a64,8388608,7,418.4006,10131753818064663245
fusion8_c,8388608,8,524.7650,10131753818064663245
fusion8_bf,8388608,8,577.2186,10131753818064663245
btree16_bl_a64,8388608,8,141.1392,10131753818064663245
btree8_a64,8388608,8,394.2535,10131753818064663245
sorted_array,8388608,8,446.3348,10131753818064663245
btree8_bl_a64,8388608,8,228.6682,10131753818064663245
btree8,8388608,8,383.7143,10131753818064663245
fusion8,8388608,8,533.9539,10131753818064663245
fusion16_w,8388608,8,342.4332,10131753818064663245
btree8_bl,8388608,8,203.4195,10131753818064663245
fusion8_c,8388608,9,501.9669,10131753818064663245
btree16_bl_a64,8388608,9,143.0664,10131753818064663245
fusion8,8388608,9,523.7732,10131753818064663245
fusion16_w,8388608,9,343.3594,10131753818064663245
btree8_bl,8388608,9,234.3597,10131753818064663245
btree8_a64,8388608,9,382.8796,10131753818064663245
fusion8_bf,8388608,9,539.6347,10131753818064663245
btree8_bl_a64,8388608,9,210.0632,10131753818064663245
btree8,8388608,9,384.8373,10131753818064663245
sorted_array,8388608,9,455.5771,10131753818064663245
fusion8,8388608,10,535.0357,10131753818064663245
sorted_array,8388608,10,457.2678,10131753818064663245
fusion8_c,8388608,10,489.1052,10131753818064663245
fusion8_bf,8388608,10,546.7422,10131753818064663245
btree8_bl_a64,8388608,10,178.0228,10131753818064663245
btree16_bl_a64,8388608,10,139.8560,10131753818064663245
btree8_bl,8388608,10,185.6796,10131753818064663245
fusion16_w,8388608,10,333.0490,10131753818064663245
btree8,8388608,10,394.4977,10131753818064663245
btree8_a64,8388608,10,390.9500,10131753818064663245
btree8,8388608,11,398.7015,10131753818064663245
sorted_array,8388608,11,456.4606,10131753818064663245
btree8_bl,8388608,11,228.4882,10131753818064663245
btree16_bl_a64,8388608,11,138.1256,10131753818064663245
btree8_a64,8388608,11,387.1704,10131753818064663245
fusion8_c,8388608,11,503.8773,10131753818064663245
fusion8_bf,8388608,11,555.4657,10131753818064663245
fusion16_w,8388608,11,375.2777,10131753818064663245
btree8_bl_a64,8388608,11,211.4426,10131753818064663245
fusion8,8388608,11,507.2418,10131753818064663245
sorted_array,8388608,12,456.7261,10131753818064663245
btree8_a64,8388608,12,382.5058,10131753818064663245
btree8,8388608,12,379.2587,10131753818064663245
fusion8_c,8388608,12,499.3027,10131753818064663245
btree8_bl,8388608,12,232.5485,10131753818064663245
fusion8_bf,8388608,12,533.3374,10131753818064663245
fusion16_w,8388608,12,408.3893,10131753818064663245
btree8_bl_a64,8388608,12,170.9518,10131753818064663245
fusion8,8388608,12,516.3879,10131753818064663245
btree16_bl_a64,8388608,12,134.0042,10131753818064663245
btree8,8388608,13,398.0927,10131753818064663245
btree16_bl_a64,8388608,13,132.8506,10131753818064663245
fusion8,8388608,13,537.0041,10131753818064663245
btree8_bl,8388608,13,181.0471,10131753818064663245
btree8_a64,8388608,13,412.5946,10131753818064663245
fusion16_w,8388608,13,436.4960,10131753818064663245
btree8_bl_a64,8388608,13,198.2071,10131753818064663245
fusion8_bf,8388608,13,626.2909,10131753818064663245
fusion8_c,8388608,13,611.3419,10131753818064663245
sorted_array,8388608,13,492.2729,10131753818064663245
fusion8_bf,8388608,14,614.1388,10131753818064663245
btree8_bl,8388608,14,246.3089,10131753818064663245
btree8_bl_a64,8388608,14,193.2068,10131753818064663245
btree8,8388608,14,444.0216,10131753818064663245
sorted_array,8388608,14,491.1087,10131753818064663245
fusion8,8388608,14,614.9933,10131753818064663245
fusion16_w,8388608,14,387.3322,10131753818064663245
fusion8_c,8388608,14,485.2722,10131753818064663245
btree8_a64,8388608,14,395.4803,10131753818064663245
btree16_bl_a64,8388608,14,135.8582,10131753818064663245
fusion8,16777216,0,566.4459,3590053196634910135
fusion16_w,16777216,0,330.2719,3590053196634910135
btree8,16777216,0,398.8693,3590053196634910135
btree16_bl_a64,16777216,0,138.5452,3590053196634910135
btree8_bl_a64,16777216,0,178.1006,3590053196634910135
btree8_bl,16777216,0,180.4413,3590053196634910135
fusion8_bf,16777216,0,560.0372,3590053196634910135
btree8_a64,16777216,0,403.5919,3590053196634910135
fusion8_c,16777216,0,534.8068,3590053196634910135
sorted_array,16777216,0,597.3251,3590053196634910135
btree8,16777216,1,551.9485,3590053196634910135
btree16_bl_a64,16777216,1,201.4908,3590053196634910135
btree8_bl,16777216,1,185.8521,3590053196634910135
fusion8_c,16777216,1,532.0419,3590053196634910135
btree8_bl_a64,16777216,1,199.9207,3590053196634910135
btree8_a64,16777216,1,409.2438,3590053196634910135
sorted_array,16777216,1,603.0930,3590053196634910135
fusion8,16777216,1,581.9656,3590053196634910135
fusion8_bf,16777216,1,583.0231,3590053196634910135
fusion16_w,16777216,1,411.6104,3590053196634910135
btree8_a64,16777216,2,428.0518,3590053196634910135
fusion8,16777216,2,596.3516,3590053196634910135
btree8_bl,16777216,2,231.5918,3590053196634910135
sorted_array,16777216,2,620.2545,3590053196634910135
fusion8_c,16777216,2,527.3102,3590053196634910135
fusion8_bf,16777216,2,568.0756,3590053196634910135
btree8_bl_a64,16777216,2,206.4774,3590053196634910135
btree16_bl_a64,16777216,2,134.0897,3590053196634910135
fusion16_w,16777216,2,324.8459,3590053196634910135
btree8,16777216,2,401.5244,3590053196634910135
btree8,16777216,3,381.9183,3590053196634910135
btree8_a64,16777216,3,402.7649,3590053196634910135
fusion8,16777216,3,545.5429,3590053196634910135
fusion8_bf,16777216,3,615.3000,3590053196634910135
sorted_array,16777216,3,595.7703,3590053196634910135
fusion16_w,16777216,3,409.5657,3590053196634910135
btree16_bl_a64,16777216,3,136.8973,3590053196634910135
btree8_bl,16777216,3,177.2430,3590053196634910135
fusion8_c,16777216,3,518.1839,3590053196634910135
btree8_bl_a64,16777216,3,195.9198,3590053196634910135
fusion8,16777216,4,558.1482,3590053196634910135
fusion8_c,16777216,4,493.3609,3590053196634910135
btree8,16777216,4,393.8675,3590053196634910135
fusion16_w,16777216,4,391.6046,3590053196634910135
btree8_a64,16777216,4,390.4388,3590053196634910135
btree8_bl,16777216,4,199.9496,3590053196634910135
sorted_array,16777216,4,594.0613,3590053196634910135
btree8_bl_a64,16777216,4,175.3342,3590053196634910135
btree16_bl_a64,16777216,4,130.9143,3590053196634910135
fusion8_bf,16777216,4,549.1745,3590053196634910135
fusion8,16777216,5,557.9224,3590053196634910135
btree8,16777216,5,427.7954,3590053196634910135
btree8_bl_a64,16777216,5,182.0541,3590053196634910135
fusion8_c,16777216,5,586.4044,3590053196634910135
btree16_bl_a64,16777216,5,143.9621,3590053196634910135
btree8_a64,16777216,5,401.3138,3590053196634910135
btree8_bl,16777216,5,193.2785,3590053196634910135
fusion16_w,16777216,5,322.1741,3590053196634910135
sorted_array,16777216,5,595.4330,3590053196634910135
fusion8_bf,16777216,5,558.1467,3590053196634910135
sorted_array,16777216,6,595.0348,3590053196634910135
fusion8_c,16777216,6,511.1786,3590053196634910135
btree8,16777216,6,386.5784,3590053196634910135
fusion8,16777216,6,564.6637,3590053196634910135
btree8_bl,16777216,6,182.1075,3590053196634910135
btree8_a64,16777216,6,397.1069,3590053196634910135
btree16_bl_a64,16777216,6,131.7978,3590053196634910135
fusion16_w,16777216,6,329.2969,3590053196634910135
btree8_bl_a64,16777216,6,176.8494,3590053196634910135
fusion8_bf,16777216,6,553.0609,3590053196634910135
btree8_bl_a64,16777216,7,169.8364,3590053196634910135
btree8,16777216,7,391.4871,3590053196634910135
btree8_a64,16777216,7,394.3390,3590053196634910135
fusion8_c,16777216,7,510.7162,3590053196634910135
btree16_bl_a64,16777216,7,137.7411,3590053196634910135
fusion8_bf,16777216,7,539.1357,3590053196634910135
fusion8,16777216,7,548.9349,3590053196634910135
sorted_array,16777216,7,594.9295,3590053196634910135
btree8_bl,16777216,7,206.4774,3590053196634910135
fusion16_w,16777216,7,330.7098,3590053196634910135
fusion8,16777216,8,551.1566,3590053196634910135
sorted_array,16777216,8,594.4046,3590053196634910135
fusion8_c,16777216,8,494.3512,3590053196634910135
btree8,16777216,8,393.6844,3590053196634910135
btree8_bl_a64,16777216,8,181.6895,3590053196634910135
btree8_bl,16777216,8,177.4536,3590053196634910135
fusion16_w,16777216,8,327.0096,3590053196634910135
fusion8_bf,16777216,8,553.4912,3590053196634910135
btree16_bl_a64,16777216,8,132.0404,3590053196634910135
btree8_a64,16777216,8,393.2541,3590053196634910135
fusion8,16777216,9,547.5952,3590053196634910135
btree8,16777216,9,397.1512,3590053196634910135
fusion8_c,16777216,9,517.0181,3590053196634910135
fusion16_w,16777216,9,387.5778,3590053196634910135
sorted_array,16777216,9,591.6306,3590053196634910135
btree8_bl_a64,16777216,9,172.8699,3590053196634910135
btree16_bl_a64,16777216,9,133.6838,3590053196634910135
btree8_bl,16777216,9,187.4725,3590053196634910135
fusion8_bf,16777216,9,583.2184,3590053196634910135
btree8_a64,16777216,9,447.9660,3590053196634910135
btree8,16777216,10,432.1136,3590053196634910135
fusion16_w,16777216,10,432.5500,3590053196634910135
fusion8_c,16777216,10,601.6342,3590053196634910135
btree8_a64,16777216,10,483.8776,3590053196634910135
fusion8,16777216,10,688.3438,3590053196634910135
btree8_bl_a64,16777216,10,251.2268,3590053196634910135
sorted_array,16777216,10,651.9440,3590053196634910135
fusion8_bf,16777216,10,856.7719,3590053196634910135
btree8_bl,16777216,10,207.0038,3590053196634910135
btree16_bl_a64,16777216,10,148.5733,3590053196634910135
btree8_a64,16777216,11,447.0383,3590053196634910135
btree8,16777216,11,439.1022,3590053196634910135
fusion8_c,16777216,11,600.9293,3590053196634910135
btree8_bl_a64,16777216,11,195.7596,3590053196634910135
fusion8_bf,16777216,11,696.3913,3590053196634910135
fusion8,16777216,11,695.7504,3590053196634910135
btree8_bl,16777216,11,254.0268,3590053196634910135
fusion16_w,16777216,11,360.2753,3590053196634910135
btree16_bl_a64,16777216,11,138.4583,3590053196634910135
sorted_array,16777216,11,615.0146,3590053196634910135
fusion8_c,16777216,12,524.2371,3590053196634910135
sorted_array,16777216,12,601.7273,3590053196634910135
btree8_bl_a64,16777216,12,223.7396,3590053196634910135
btree8_bl,16777216,12,185.1883,3590053196634910135
btree16_bl_a64,16777216,12,133.8242,3590053196634910135
fusion8_bf,16777216,12,572.1252,3590053196634910135
btree8_a64,16777216,12,425.8041,3590053196634910135
fusion16_w,16777216,12,399.8077,3590053196634910135
fusion8,16777216,12,560.5713,3590053196634910135
btree8,16777216,12,404.8813,3590053196634910135
fusion16_w,16777216,13,374.9603,3590053196634910135
btree8_bl,16777216,13,234.9289,3590053196634910135
fusion8_bf,16777216,13,564.8392,3590053196634910135
btree8_bl_a64,16777216,13,196.2234,3590053196634910135
btree8_a64,16777216,13,433.1955,3590053196634910135
fusion8,16777216,13,583.7585,3590053196634910135
btree16_bl_a64,16777216,13,131.1920,3590053196634910135
sorted_array,16777216,13,601.6144,3590053196634910135
btree8,16777216,13,399.6872,3590053196634910135
fusion8_c,16777216,13,516.7099,3590053196634910135
sorted_array,16777216,14,600.9155,3590053196634910135
btree8_a64,16777216,14,394.7250,3590053196634910135
btree8_bl_a64,16777216,14,201.5594,3590053196634910135
fusion8_c,16777216,14,508.7524,3590053196634910135
btree8_bl,16777216,14,184.8755,3590053196634910135
btree8,16777216,14,418.2083,3590053196634910135
fusion16_w,16777216,14,378.9429,3590053196634910135
btree16_bl_a64,16777216,14,134.2407,3590053196634910135
fusion8,16777216,14,604.1718,3590053196634910135
fusion8_bf,16777216,14,620.1416,3590053196634910135
fusion8_c,33554432,0,611.0077,14493871693595802041
btree8_bl,33554432,0,305.8640,14493871693595802041
btree8,33554432,0,474.9420,14493871693595802041
fusion8,33554432,0,631.7001,14493871693595802041
btree8_bl_a64,33554432,0,186.2656,14493871693595802041
fusion16_w,33554432,0,576.1322,14493871693595802041
btree16_bl_a64,33554432,0,254.5227,14493871693595802041
fusion8_bf,33554432,0,675.8469,14493871693595802041
sorted_array,33554432,0,786.3251,14493871693595802041
btree8_a64,33554432,0,524.6246,14493871693595802041
fusion16_w,33554432,1,672.4930,14493871693595802041
sorted_array,33554432,1,794.2871,14493871693595802041
btree8_bl_a64,33554432,1,230.6137,14493871693595802041
btree8_bl,33554432,1,217.3996,14493871693595802041
fusion8,33554432,1,889.9841,14493871693595802041
btree8,33554432,1,548.2941,14493871693595802041
fusion8_bf,33554432,1,796.5225,14493871693595802041
fusion8_c,33554432,1,664.4073,14493871693595802041
btree16_bl_a64,33554432,1,250.2548,14493871693595802041
btree8_a64,33554432,1,461.7004,14493871693595802041
sorted_array,33554432,2,719.8685,14493871693595802041
btree8,33554432,2,496.4859,14493871693595802041
fusion8_c,33554432,2,582.4814,14493871693595802041
fusion16_w,33554432,2,605.1544,14493871693595802041
btree8_a64,33554432,2,485.1746,14493871693595802041
btree16_bl_a64,33554432,2,249.8062,14493871693595802041
btree8_bl,33554432,2,185.5652,14493871693595802041
fusion8,33554432,2,643.4448,14493871693595802041
fusion8_bf,33554432,2,621.7545,14493871693595802041
btree8_bl_a64,33554432,2,195.5353,14493871693595802041
fusion16_w,33554432,3,610.8444,14493871693595802041
sorted_array,33554432,3,757.5897,14493871693595802041
fusion8,33554432,3,681.5994,14493871693595802041
btree8_bl_a64,33554432,3,248.8083,14493871693595802041
fusion8_c,33554432,3,527.0279,14493871693595802041
btree8_a64,33554432,3,437.5549,14493871693595802041
btree8,33554432,3,454.8645,14493871693595802041
btree8_bl,33554432,3,209.0408,14493871693595802041
fusion8_bf,33554432,3,623.5214,14493871693595802041
btree16_bl_a64,33554432,3,277.8366,14493871693595802041
fusion16_w,33554432,4,604.6356,14493871693595802041
btree8_bl_a64,33554432,4,198.6191,14493871693595802041
sorted_array,33554432,4,771.3120,14493871693595802041
btree8_bl,33554432,4,196.0510,14493871693595802041
fusion8,33554432,4,645.4117,14493871693595802041
fusion8_bf,33554432,4,655.6656,14493871693595802041
btree8,33554432,4,469.6014,14493871693595802041
fusion8_c,33554432,4,544.8853,14493871693595802041
btree8_a64,33554432,4,448.1186,14493871693595802041
btree16_bl_a64,33554432,4,275.2838,14493871693595802041
fusion8,33554432,5,577.6962,14493871693595802041
fusion8_c,33554432,5,549.8398,14493871693595802041
btree16_bl_a64,33554432,5,257.0465,14493871693595802041
btree8_a64,33554432,5,454.1702,14493871693595802041
btree8_bl_a64,33554432,5,179.1061,14493871693595802041
btree8_bl,33554432,5,181.0181,14493871693595802041
fusion16_w,33554432,5,574.7452,14493871693595802041
fusion8_bf,33554432,5,657.3761,14493871693595802041
sorted_array,33554432,5,754.4907,14493871693595802041
btree8,33554432,5,491.4429,14493871693595802041
fusion8_bf,33554432,6,617.7032,14493871693595802041
fusion16_w,33554432,6,632.6721,14493871693595802041
btree8,33554432,6,437.7548,14493871693595802041
btree8_bl_a64,33554432,6,181.5979,14493871693595802041
fusion8_c,33554432,6,548.1415,14493871693595802041
sorted_array,33554432,6,733.8593,14493871693595802041
fusion8,33554432,6,627.2018,14493871693595802041
btree16_bl_a64,33554432,6,230.8777,14493871693595802041
btree8_a64,33554432,6,456.3934,14493871693595802041
btree8_bl,33554432,6,199.4873,14493871693595802041
fusion16_w,33554432,7,543.5410,14493871693595802041
btree8_bl_a64,33554432,7,179.8859,14493871693595802041
btree16_bl_a64,33554432,7,219.0750,14493871693595802041
btree8_bl,33554432,7,177.2018,14493871693595802041
fusion8_c,33554432,7,507.7042,14493871693595802041
fusion8_bf,33554432,7,581.5247,14493871693595802041
sorted_array,33554432,7,718.9667,14493871693595802041
btree8_a64,33554432,7,443.9392,14493871693595802041
fusion8,33554432,7,566.8945,14493871693595802041
btree8,33554432,7,442.0990,14493871693595802041
btree8_bl_a64,33554432,8,196.8643,14493871693595802041
fusion8_c,33554432,8,513.7558,14493871693595802041
fusion8,33554432,8,572.1481,14493871693595802041
fusion8_bf,33554432,8,586.4868,14493871693595802041
btree16_bl_a64,33554432,8,253.1021,14493871693595802041
btree8_a64,33554432,8,424.1379,14493871693595802041
sorted_array,33554432,8,725.2213,14493871693595802041
btree8_bl,33554432,8,187.1735,14493871693595802041
btree8,33554432,8,425.6989,14493871693595802041
fusion16_w,33554432,8,613.2263,14493871693595802041
btree8_a64,33554432,9,424.3240,14493871693595802041
btree8_bl,33554432,9,200.2686,14493871693595802041
btree8,33554432,9,424.7162,14493871693595802041
btree16_bl_a64,33554432,9,253.3585,14493871693595802041
fusion8,33554432,9,562.3154,14493871693595802041
fusion8_c,33554432,9,512.0544,14493871693595802041
fusion8_bf,33554432,9,590.6311,14493871693595802041
sorted_array,33554432,9,759.9533,14493871693595802041
btree8_bl_a64,33554432,9,166.4932,14493871693595802041
fusion16_w,33554432,9,513.3102,14493871693595802041
btree8_a64,33554432,10,428.8452,14493871693595802041
btree16_bl_a64,33554432,10,273.5184,14493871693595802041
btree8,33554432,10,438.3087,14493871693595802041
fusion16_w,33554432,10,602.4048,14493871693595802041
sorted_array,33554432,10,713.8733,14493871693595802041
btree8_bl,33554432,10,209.4162,14493871693595802041
fusion8_c,33554432,10,526.7548,14493871693595802041
fusion8_bf,33554432,10,582.5729,14493871693595802041
fusion8,33554432,10,555.6458,14493871693595802041
btree8_bl_a64,33554432,10,183.5144,14493871693595802041
fusion8_bf,33554432,11,582.3746,14493871693595802041
fusion8,33554432,11,578.7949,14493871693595802041
btree16_bl_a64,33554432,11,251.6144,14493871693595802041
btree8_bl,33554432,11,181.6193,14493871693595802041
fusion16_w,33554432,11,519.4687,14493871693595802041
sorted_array,33554432,11,713.5376,14493871693595802041
fusion8_c,33554432,11,525.1770,14493871693595802041
btree8,33554432,11,426.2222,14493871693595802041
btree8_a64,33554432,11,447.0505,14493871693595802041
btree8_bl_a64,33554432,11,191.8076,14493871693595802041
btree8_bl,33554432,12,177.9160,14493871693595802041
fusion8_c,33554432,12,504.8340,14493871693595802041
fusion16_w,33554432,12,570.7672,14493871693595802041
btree8_a64,33554432,12,485.9421,14493871693595802041
fusion8_bf,33554432,12,663.8245,14493871693595802041
sorted_array,33554432,12,802.4155,14493871693595802041
fusion8,33554432,12,704.3015,14493871693595802041
btree8,33554432,12,549.3637,14493871693595802041
btree16_bl_a64,33554432,12,291.8869,14493871693595802041
btree8_bl_a64,33554432,12,189.7430,14493871693595802041
btree8_a64,33554432,13,520.6528,14493871693595802041
fusion8,33554432,13,576.5457,14493871693595802041
fusion8_bf,33554432,13,572.5296,14493871693595802041
btree8_bl_a64,33554432,13,189.6317,14493871693595802041
btree8_bl,33554432,13,177.7039,14493871693595802041
fusion8_c,33554432,13,520.7733,14493871693595802041
btree16_bl_a64,33554432,13,244.0964,14493871693595802041
sorted_array,33554432,13,738.4048,14493871693595802041
btree8,33554432,13,429.3381,14493871693595802041
fusion16_w,33554432,13,568.6218,14493871693595802041
fusion16_w,33554432,14,507.3730,14493871693595802041
btree8_bl_a64,33554432,14,193.2877,14493871693595802041
fusion8_c,33554432,14,514.7537,14493871693595802041
btree8_a64,33554432,14,444.6411,14493871693595802041
sorted_array,33554432,14,730.3070,14493871693595802041
fusion8,33554432,14,553.5110,14493871693595802041
btree16_bl_a64,33554432,14,259.6436,14493871693595802041
btree8_bl,33554432,14,178.1204,14493871693595802041
fusion8_bf,33554432,14,552.1851,14493871693595802041
btree8,33554432,14,431.4453,14493871693595802041
