structure,n,rep,ns_per_query,checksum
fusion8,256,0,39.9368,3802318259966007189
fusion8_c,256,0,41.8701,3802318259966007189
btree8_a64,256,0,21.2143,3802318259966007189
btree16_bl_a64,256,0,14.1174,3802318259966007189
btree8,256,0,22.6334,3802318259966007189
btree8_bl,256,0,22.1390,3802318259966007189
fusion16_w,256,0,38.6124,3802318259966007189
fusion8_bf,256,0,43.2877,3802318259966007189
btree8_bl_a64,256,0,20.2667,3802318259966007189
sorted_array,256,0,13.0981,3802318259966007189
btree8_bl,256,1,22.0337,3802318259966007189
fusion8,256,1,40.6067,3802318259966007189
btree16_bl_a64,256,1,14.3036,3802318259966007189
fusion16_w,256,1,39.6652,3802318259966007189
btree8_bl_a64,256,1,20.2667,3802318259966007189
btree8_a64,256,1,20.2652,3802318259966007189
fusion8_c,256,1,42.0532,3802318259966007189
sorted_array,256,1,13.2050,3802318259966007189
btree8,256,1,21.2875,3802318259966007189
fusion8_bf,256,1,43.5959,3802318259966007189
btree8_bl,256,2,22.3694,3802318259966007189
sorted_array,256,2,13.1027,3802318259966007189
btree16_bl_a64,256,2,14.1312,3802318259966007189
fusion8_c,256,2,42.1936,3802318259966007189
btree8_a64,256,2,20.6604,3802318259966007189
btree8,256,2,22.5037,3802318259966007189
fusion16_w,256,2,38.5452,3802318259966007189
fusion8,256,2,39.9185,3802318259966007189
fusion8_bf,256,2,43.2678,3802318259966007189
btree8_bl_a64,256,2,20.4651,3802318259966007189
fusion8_c,256,3,41.1407,3802318259966007189
fusion8_bf,256,3,42.4652,3802318259966007189
btree16_bl_a64,256,3,13.8931,3802318259966007189
btree8_bl_a64,256,3,19.9127,3802318259966007189
fusion8,256,3,39.1953,3802318259966007189
btree8,256,3,20.9824,3802318259966007189
sorted_array,256,3,12.8525,3802318259966007189
fusion16_w,256,3,38.7573,3802318259966007189
btree8_a64,256,3,20.3781,3802318259966007189
btree8_bl,256,3,22.0474,3802318259966007189
btree8_bl,256,4,21.9162,3802318259966007189
fusion16_w,256,4,38.5254,3802318259966007189
btree8_bl_a64,256,4,20.3400,3802318259966007189
btree16_bl_a64,256,4,14.1571,3802318259966007189
btree8,256,4,21.2067,3802318259966007189
fusion8,256,4,40.1016,3802318259966007189
fusion8_c,256,4,42.4667,3802318259966007189
fusion8_bf,256,4,43.3090,3802318259966007189
sorted_array,256,4,13.0753,3802318259966007189
btree8_a64,256,4,20.5750,3802318259966007189
fusion8_bf,256,5,43.5318,3802318259966007189
btree8,256,5,21.3455,3802318259966007189
btree8_a64,256,5,22.2061,3802318259966007189
btree8_bl,256,5,22.3724,3802318259966007189
btree16_bl_a64,256,5,14.1235,3802318259966007189
fusion8,256,5,39.3738,3802318259966007189
fusion16_w,256,5,38.2233,3802318259966007189
sorted_array,256,5,13.0936,3802318259966007189
btree8_bl_a64,256,5,20.2805,3802318259966007189
fusion8_c,256,5,42.0410,3802318259966007189
fusion8,256,6,39.8773,3802318259966007189
btree8_a64,256,6,19.8318,3802318259966007189
sorted_array,256,6,13.0264,3802318259966007189
btree8_bl,256,6,22.8043,3802318259966007189
btree16_bl_a64,256,6,14.5294,3802318259966007189
fusion8_bf,256,6,43.3624,3802318259966007189
fusion16_w,256,6,38.3575,3802318259966007189
btree8_bl_a64,256,6,20.3354,3802318259966007189
fusion8_c,256,6,41.8518,3802318259966007189
btree8,256,6,21.4005,3802318259966007189
fusion8_c,256,7,41.7252,3802318259966007189
fusion8_bf,256,7,43.1854,3802318259966007189
sorted_array,256,7,13.0966,3802318259966007189
btree8_bl,256,7,21.9986,3802318259966007189
btree8,256,7,21.4310,3802318259966007189
fusion16_w,256,7,38.4094,3802318259966007189
btree8_a64,256,7,20.2850,3802318259966007189
fusion8,256,7,41.2277,3802318259966007189
btree8_bl_a64,256,7,20.2774,3802318259966007189
btree16_bl_a64,256,7,14.7995,3802318259966007189
fusion8_c,256,8,42.2745,3802318259966007189
btree8_bl,256,8,22.1344,3802318259966007189
btree16_bl_a64,256,8,14.1891,3802318259966007189
fusion16_w,256,8,38.6230,3802318259966007189
btree8_bl_a64,256,8,20.2728,3802318259966007189
btree8,256,8,21.4310,3802318259966007189
btree8_a64,256,8,21.6064,3802318259966007189
fusion8_bf,256,8,43.5501,3802318259966007189
fusion8,256,8,39.3204,3802318259966007189
sorted_array,256,8,12.8952,3802318259966007189
fusion8_bf,256,9,43.3502,3802318259966007189
sorted_array,256,9,13.0981,3802318259966007189
btree8,256,9,20.9122,3802318259966007189
btree8_a64,256,9,21.8887,3802318259966007189
fusion16_w,256,9,38.3667,3802318259966007189
btree8_bl,256,9,22.0993,3802318259966007189
btree8_bl_a64,256,9,21.2723,3802318259966007189
btree16_bl_a64,256,9,14.0991,3802318259966007189
fusion8_c,256,9,41.8640,3802318259966007189
fusion8,256,9,40.7791,3802318259966007189
fusion8,256,10,40.2924,3802318259966007189
btree16_bl_a64,256,10,14.0976,3802318259966007189
btree8_bl_a64,256,10,20.2362,3802318259966007189
sorted_array,256,10,13.1134,3802318259966007189
fusion16_w,256,10,38.4003,3802318259966007189
btree8_bl,256,10,21.9803,3802318259966007189
fusion8_c,256,10,41.3467,3802318259966007189
btree8_a64,256,10,20.1050,3802318259966007189
btree8,256,10,21.3852,3802318259966007189
fusion8_bf,256,10,43.4250,3802318259966007189
fusion8,256,11,39.9002,3802318259966007189
btree8_a64,256,11,19.9814,3802318259966007189
fusion8_bf,256,11,43.3609,3802318259966007189
btree8,256,11,21.5012,3802318259966007189
btree8_bl_a64,256,11,20.2286,3802318259966007189
btree8_bl,256,11,22.0215,3802318259966007189
sorted_array,256,11,13.2294,3802318259966007189
fusion8_c,256,11,42.0044,3802318259966007189
btree16_bl_a64,256,11,14.1190,3802318259966007189
fusion16_w,256,11,38.4537,3802318259966007189
btree8_bl,256,12,21.7743,3802318259966007189
fusion16_w,256,12,37.6831,3802318259966007189
fusion8_bf,256,12,42.7551,3802318259966007189
fusion8,256,12,39.4302,3802318259966007189
sorted_array,256,12,12.8693,3802318259966007189
btree8_a64,256,12,20.1828,3802318259966007189
btree8_bl_a64,256,12,19.9478,3802318259966007189
fusion8_c,256,12,41.6016,3802318259966007189
btree16_bl_a64,256,12,14.1373,3802318259966007189
btree8,256,12,22.2763,3802318259966007189
fusion8,256,13,40.4953,3802318259966007189
fusion16_w,256,13,38.4872,3802318259966007189
btree8_a64,256,13,20.3751,3802318259966007189
fusion8_c,256,13,42.2318,3802318259966007189
btree8,256,13,21.5256,3802318259966007189
btree8_bl,256,13,22.0535,3802318259966007189
fusion8_bf,256,13,43.1641,3802318259966007189
btree16_bl_a64,256,13,13.8000,3802318259966007189
btree8_bl_a64,256,13,19.9707,3802318259966007189
sorted_array,256,13,12.9028,3802318259966007189
btree8_bl_a64,256,14,19.8349,3802318259966007189
fusion16_w,256,14,37.6083,3802318259966007189
btree8,256,14,21.2387,3802318259966007189
btree8_a64,256,14,20.7870,3802318259966007189
sorted_array,256,14,12.8418,3802318259966007189
btree8_bl,256,14,22.1222,3802318259966007189
btree16_bl_a64,256,14,13.8794,3802318259966007189
fusion8_bf,256,14,43.3578,3802318259966007189
fusion8,256,14,39.5737,3802318259966007189
fusion8_c,256,14,41.1301,3802318259966007189
fusion8_c,512,0,44.0109,18445980686323395203
btree8,512,0,24.4537,18445980686323395203
btree8_a64,512,0,24.3240,18445980686323395203
btree8_bl,512,0,22.5479,18445980686323395203
btree8_bl_a64,512,0,20.0150,18445980686323395203
fusion8,512,0,39.7873,18445980686323395203
sorted_array,512,0,14.0564,18445980686323395203
btree16_bl_a64,512,0,19.8944,18445980686323395203
fusion8_bf,512,0,44.8441,18445980686323395203
fusion16_w,512,0,49.7940,18445980686323395203
btree8_a64,512,1,21.9254,18445980686323395203
btree8,512,1,25.1831,18445980686323395203
fusion16_w,512,1,49.6719,18445980686323395203
fusion8,512,1,39.7842,18445980686323395203
btree8_bl,512,1,21.4401,18445980686323395203
btree16_bl_a64,512,1,19.9234,18445980686323395203
btree8_bl_a64,512,1,19.1238,18445980686323395203
fusion8_bf,512,1,45.0287,18445980686323395203
fusion8_c,512,1,44.6152,18445980686323395203
sorted_array,512,1,14.1144,18445980686323395203
fusion16_w,512,2,49.3729,18445980686323395203
btree8_bl_a64,512,2,19.0781,18445980686323395203
btree16_bl_a64,512,2,19.9738,18445980686323395203
fusion8_c,512,2,43.7286,18445980686323395203
fusion8_bf,512,2,45.6085,18445980686323395203
btree8_bl,512,2,21.4279,18445980686323395203
fusion8,512,2,40.0711,18445980686323395203
sorted_array,512,2,14.4379,18445980686323395203
btree8,512,2,23.4970,18445980686323395203
btree8_a64,512,2,23.6404,18445980686323395203
btree8_bl_a64,512,3,19.2688,18445980686323395203
btree8_a64,512,3,22.8394,18445980686323395203
sorted_array,512,3,14.1357,18445980686323395203
fusion8_c,512,3,44.1376,18445980686323395203
btree8,512,3,24.1653,18445980686323395203
fusion8,512,3,41.8808,18445980686323395203
fusion8_bf,512,3,45.1324,18445980686323395203
btree8_bl,512,3,21.6141,18445980686323395203
fusion16_w,512,3,50.5814,18445980686323395203
btree16_bl_a64,512,3,20.3140,18445980686323395203
fusion8_c,512,4,44.0903,18445980686323395203
btree8_bl,512,4,21.4172,18445980686323395203
btree16_bl_a64,512,4,20.0043,18445980686323395203
btree8,512,4,24.0768,18445980686323395203
btree8_bl_a64,512,4,19.5068,18445980686323395203
sorted_array,512,4,14.3616,18445980686323395203
btree8_a64,512,4,23.8266,18445980686323395203
fusion8_bf,512,4,45.5963,18445980686323395203
fusion16_w,512,4,50.2441,18445980686323395203
fusion8,512,4,41.2094,18445980686323395203
btree8_bl_a64,512,5,19.2368,18445980686323395203
btree8_bl,512,5,21.4890,18445980686323395203
fusion8_c,512,5,43.6951,18445980686323395203
btree16_bl_a64,512,5,20.1981,18445980686323395203
btree8,512,5,24.5865,18445980686323395203
btree8_a64,512,5,23.5855,18445980686323395203
fusion16_w,512,5,50.2808,18445980686323395203
sorted_array,512,5,14.3753,18445980686323395203
fusion8_bf,512,5,45.8115,18445980686323395203
fusion8,512,5,40.7837,18445980686323395203
fusion8,512,6,40.5548,18445980686323395203
btree8,512,6,23.9349,18445980686323395203
sorted_array,512,6,14.0579,18445980686323395203
btree16_bl_a64,512,6,20.4407,18445980686323395203
fusion16_w,512,6,51.6449,18445980686323395203
fusion8_c,512,6,44.4473,18445980686323395203
btree8_bl_a64,512,6,19.5190,18445980686323395203
btree8_a64,512,6,22.2885,18445980686323395203
btree8_bl,512,6,21.9345,18445980686323395203
fusion8_bf,512,6,45.8099,18445980686323395203
btree8,512,7,23.6557,18445980686323395203
btree8_a64,512,7,22.7081,18445980686323395203
fusion8_c,512,7,45.2377,18445980686323395203
fusion8_bf,512,7,45.8450,18445980686323395203
fusion8,512,7,40.6174,18445980686323395203
btree8_bl_a64,512,7,19.4107,18445980686323395203
fusion16_w,512,7,50.1770,18445980686323395203
btree16_bl_a64,512,7,20.4163,18445980686323395203
sorted_array,512,7,14.8926,18445980686323395203
btree8_bl,512,7,22.4686,18445980686323395203
sorted_array,512,8,14.4058,18445980686323395203
btree8_bl,512,8,21.7880,18445980686323395203
btree8_bl_a64,512,8,19.4611,18445980686323395203
btree16_bl_a64,512,8,20.2209,18445980686323395203
fusion8_bf,512,8,45.5399,18445980686323395203
fusion8,512,8,40.4861,18445980686323395203
fusion16_w,512,8,49.6719,18445980686323395203
fusion8_c,512,8,44.5114,18445980686323395203
btree8_a64,512,8,22.6807,18445980686323395203
btree8,512,8,25.4807,18445980686323395203
btree8_bl_a64,512,9,19.4412,18445980686323395203
btree8,512,9,23.5703,18445980686323395203
fusion16_w,512,9,49.7910,18445980686323395203
fusion8_c,512,9,45.1477,18445980686323395203
sorted_array,512,9,14.3646,18445980686323395203
btree8_a64,512,9,22.2351,18445980686323395203
btree16_bl_a64,512,9,20.3445,18445980686323395203
fusion8,512,9,40.5746,18445980686323395203
btree8_bl,512,9,21.7300,18445980686323395203
fusion8_bf,512,9,45.5887,18445980686323395203
btree8_bl,512,10,21.7758,18445980686323395203
btree8,512,10,23.5855,18445980686323395203
fusion8_c,512,10,44.1391,18445980686323395203
btree8_bl_a64,512,10,20.6192,18445980686323395203
btree8_a64,512,10,22.3404,18445980686323395203
sorted_array,512,10,14.3631,18445980686323395203
fusion16_w,512,10,49.5743,18445980686323395203
fusion8,512,10,39.8056,18445980686323395203
btree16_bl_a64,512,10,20.2484,18445980686323395203
fusion8_bf,512,10,45.8466,18445980686323395203
btree8_bl_a64,512,11,19.1040,18445980686323395203
fusion8_bf,512,11,45.3751,18445980686323395203
fusion8_c,512,11,44.4199,18445980686323395203
btree8_a64,512,11,21.9315,18445980686323395203
btree8_bl,512,11,21.7865,18445980686323395203
btree16_bl_a64,512,11,20.1828,18445980686323395203
fusion8,512,11,39.7812,18445980686323395203
fusion16_w,512,11,49.7940,18445980686323395203
sorted_array,512,11,14.4348,18445980686323395203
btree8,512,11,24.8245,18445980686323395203
btree8_bl_a64,512,12,19.6304,18445980686323395203
fusion8_bf,512,12,45.7336,18445980686323395203
fusion8_c,512,12,44.4351,18445980686323395203
btree8,512,12,24.4354,18445980686323395203
fusion8,512,12,41.7679,18445980686323395203
btree8_bl,512,12,21.7438,18445980686323395203
btree16_bl_a64,512,12,19.7983,18445980686323395203
btree8_a64,512,12,22.8760,18445980686323395203
sorted_array,512,12,14.3875,18445980686323395203
fusion16_w,512,12,50.5112,18445980686323395203
btree8,512,13,23.6832,18445980686323395203
fusion16_w,512,13,49.3912,18445980686323395203
btree8_a64,512,13,21.7422,18445980686323395203
sorted_array,512,13,14.2517,18445980686323395203
fusion8_bf,512,13,46.3409,18445980686323395203
fusion8,512,13,40.6265,18445980686323395203
btree8_bl,512,13,21.6873,18445980686323395203
btree16_bl_a64,512,13,19.8074,18445980686323395203
btree8_bl_a64,512,13,19.2261,18445980686323395203
fusion8_c,512,13,44.9905,18445980686323395203
btree8_bl_a64,512,14,19.0048,18445980686323395203
fusion8_bf,512,14,44.6808,18445980686323395203
btree8_a64,512,14,22.0901,18445980686323395203
btree8_bl,512,14,21.9162,18445980686323395203
btree16_bl_a64,512,14,20.3735,18445980686323395203
fusion16_w,512,14,50.0778,18445980686323395203
btree8,512,14,23.7228,18445980686323395203
fusion8_c,512,14,43.6249,18445980686323395203
sorted_array,512,14,14.2929,18445980686323395203
fusion8,512,14,40.6921,18445980686323395203
btree8,1024,0,26.8890,13330139387826418850
fusion16_w,1024,0,55.4337,13330139387826418850
btree8_a64,1024,0,24.8581,13330139387826418850
btree8_bl,1024,0,27.6001,13330139387826418850
fusion8_bf,1024,0,54.3289,13330139387826418850
fusion8,1024,0,52.3422,13330139387826418850
btree8_bl_a64,1024,0,25.1251,13330139387826418850
fusion8_c,1024,0,53.3417,13330139387826418850
sorted_array,1024,0,15.7974,13330139387826418850
btree16_bl_a64,1024,0,21.7697,13330139387826418850
btree8,1024,1,26.3046,13330139387826418850
fusion8,1024,1,48.8449,13330139387826418850
fusion8_bf,1024,1,55.4092,13330139387826418850
fusion8_c,1024,1,52.6123,13330139387826418850
fusion16_w,1024,1,56.2317,13330139387826418850
btree8_bl,1024,1,27.1790,13330139387826418850
sorted_array,1024,1,15.6723,13330139387826418850
btree16_bl_a64,1024,1,21.5698,13330139387826418850
btree8_bl_a64,1024,1,24.9084,13330139387826418850
btree8_a64,1024,1,25.5646,13330139387826418850
btree8,1024,2,29.4754,13330139387826418850
fusion8_bf,1024,2,55.8990,13330139387826418850
btree8_a64,1024,2,26.0086,13330139387826418850
btree8_bl,1024,2,26.8494,13330139387826418850
btree16_bl_a64,1024,2,21.6385,13330139387826418850
fusion8_c,1024,2,52.6520,13330139387826418850
fusion16_w,1024,2,57.0053,13330139387826418850
fusion8,1024,2,48.0835,13330139387826418850
sorted_array,1024,2,15.8310,13330139387826418850
btree8_bl_a64,1024,2,24.9039,13330139387826418850
sorted_array,1024,3,15.7944,13330139387826418850
fusion8_c,1024,3,52.4109,13330139387826418850
fusion16_w,1024,3,56.4880,13330139387826418850
btree16_bl_a64,1024,3,22.3160,13330139387826418850
fusion8,1024,3,47.2763,13330139387826418850
btree8_bl_a64,1024,3,24.4003,13330139387826418850
btree8_a64,1024,3,24.7025,13330139387826418850
fusion8_bf,1024,3,56.9336,13330139387826418850
btree8_bl,1024,3,26.7380,13330139387826418850
btree8,1024,3,27.1286,13330139387826418850
btree8_a64,1024,4,24.7421,13330139387826418850
btree8,1024,4,29.1992,13330139387826418850
fusion8_c,1024,4,53.6331,13330139387826418850
btree8_bl,1024,4,26.6464,13330139387826418850
sorted_array,1024,4,15.4800,13330139387826418850
fusion8_bf,1024,4,53.9062,13330139387826418850
btree8_bl_a64,1024,4,24.8444,13330139387826418850
btree16_bl_a64,1024,4,23.1812,13330139387826418850
fusion16_w,1024,4,56.3675,13330139387826418850
fusion8,1024,4,46.9223,13330139387826418850
fusion8,1024,5,47.0917,13330139387826418850
btree16_bl_a64,1024,5,22.0062,13330139387826418850
fusion16_w,1024,5,55.8563,13330139387826418850
btree8_bl,1024,5,27.3392,13330139387826418850
btree8_a64,1024,5,25.1724,13330139387826418850
fusion8_c,1024,5,53.4683,13330139387826418850
btree8,1024,5,26.4786,13330139387826418850
fusion8_bf,1024,5,55.9982,13330139387826418850
btree8_bl_a64,1024,5,25.2350,13330139387826418850
sorted_array,1024,5,16.3223,13330139387826418850
fusion16_w,1024,6,57.0862,13330139387826418850
btree8_bl,1024,6,27.3819,13330139387826418850
fusion8,1024,6,48.1644,13330139387826418850
btree8_a64,1024,6,25.4257,13330139387826418850
btree8,1024,6,30.5099,13330139387826418850
fusion8_c,1024,6,52.4521,13330139387826418850
sorted_array,1024,6,15.8722,13330139387826418850
btree8_bl_a64,1024,6,24.9466,13330139387826418850
btree16_bl_a64,1024,6,21.9849,13330139387826418850
fusion8_bf,1024,6,54.4922,13330139387826418850
sorted_array,1024,7,15.5075,13330139387826418850
fusion8_c,1024,7,52.3407,13330139387826418850
fusion8,1024,7,50.4074,13330139387826418850
btree16_bl_a64,1024,7,22.2168,13330139387826418850
fusion16_w,1024,7,56.3950,13330139387826418850
btree8,1024,7,26.7120,13330139387826418850
btree8_bl_a64,1024,7,25.8698,13330139387826418850
btree8_bl,1024,7,26.9135,13330139387826418850
btree8_a64,1024,7,24.9435,13330139387826418850
fusion8_bf,1024,7,55.2460,13330139387826418850
fusion8,1024,8,50.3113,13330139387826418850
btree8_bl,1024,8,27.2263,13330139387826418850
btree8_bl_a64,1024,8,24.8856,13330139387826418850
fusion8_c,1024,8,52.2797,13330139387826418850
fusion8_bf,1024,8,55.2460,13330139387826418850
btree16_bl_a64,1024,8,21.5607,13330139387826418850
sorted_array,1024,8,15.4861,13330139387826418850
btree8_a64,1024,8,25.7874,13330139387826418850
fusion16_w,1024,8,56.1432,13330139387826418850
btree8,1024,8,26.7197,13330139387826418850
fusion16_w,1024,9,55.4413,13330139387826418850
fusion8,1024,9,46.8002,13330139387826418850
btree8_a64,1024,9,25.6485,13330139387826418850
fusion8_bf,1024,9,56.6620,13330139387826418850
btree16_bl_a64,1024,9,21.6736,13330139387826418850
btree8_bl_a64,1024,9,24.3942,13330139387826418850
btree8_bl,1024,9,26.8204,13330139387826418850
fusion8_c,1024,9,53.2013,13330139387826418850
btree8,1024,9,26.3672,13330139387826418850
sorted_array,1024,9,15.6540,13330139387826418850
fusion8,1024,10,48.7823,13330139387826418850
btree16_bl_a64,1024,10,22.0123,13330139387826418850
fusion8_c,1024,10,53.0579,13330139387826418850
fusion8_bf,1024,10,54.6875,13330139387826418850
fusion16_w,1024,10,55.7449,13330139387826418850
btree8,1024,10,26.4084,13330139387826418850
sorted_array,1024,10,15.7028,13330139387826418850
btree8_bl,1024,10,27.3819,13330139387826418850
btree8_a64,1024,10,25.4959,13330139387826418850
btree8_bl_a64,1024,10,24.9954,13330139387826418850
btree8_bl_a64,1024,11,24.8291,13330139387826418850
sorted_array,1024,11,16.0217,13330139387826418850
btree8,1024,11,26.6769,13330139387826418850
fusion8,1024,11,48.6542,13330139387826418850
fusion8_bf,1024,11,54.7531,13330139387826418850
btree16_bl_a64,1024,11,22.0413,13330139387826418850
fusion16_w,1024,11,56.6010,13330139387826418850
btree8_a64,1024,11,25.3418,13330139387826418850
fusion8_c,1024,11,52.9068,13330139387826418850
btree8_bl,1024,11,27.1622,13330139387826418850
fusion16_w,1024,12,56.3248,13330139387826418850
fusion8,1024,12,48.1705,13330139387826418850
btree16_bl_a64,1024,12,21.5897,13330139387826418850
fusion8_bf,1024,12,54.7760,13330139387826418850
btree8_a64,1024,12,25.0931,13330139387826418850
sorted_array,1024,12,15.4785,13330139387826418850
btree8_bl_a64,1024,12,24.6811,13330139387826418850
btree8_bl,1024,12,26.8845,13330139387826418850
btree8,1024,12,27.4277,13330139387826418850
fusion8_c,1024,12,52.7420,13330139387826418850
btree8_bl,1024,13,26.6205,13330139387826418850
btree8,1024,13,26.3641,13330139387826418850
fusion16_w,1024,13,55.4764,13330139387826418850
sorted_array,1024,13,15.4770,13330139387826418850
btree8_bl_a64,1024,13,24.7879,13330139387826418850
fusion8_bf,1024,13,54.6753,13330139387826418850
btree16_bl_a64,1024,13,22.0139,13330139387826418850
fusion8_c,1024,13,53.9078,13330139387826418850
btree8_a64,1024,13,25.1999,13330139387826418850
fusion8,1024,13,48.4558,13330139387826418850
btree16_bl_a64,1024,14,21.6125,13330139387826418850
fusion8,1024,14,47.9355,13330139387826418850
sorted_array,1024,14,15.6326,13330139387826418850
fusion8_c,1024,14,52.1896,13330139387826418850
btree8,1024,14,27.0752,13330139387826418850
btree8_bl_a64,1024,14,25.7599,13330139387826418850
btree8_bl,1024,14,27.2705,13330139387826418850
fusion16_w,1024,14,56.4880,13330139387826418850
btree8_a64,1024,14,25.8530,13330139387826418850
fusion8_bf,1024,14,58.4167,13330139387826418850
fusion8,2048,0,55.5893,8649855807846794996
fusion16_w,2048,0,59.1736,8649855807846794996
btree8_bl_a64,2048,0,28.1677,8649855807846794996
btree8_bl,2048,0,28.8452,8649855807846794996
fusion8_c,2048,0,57.3776,8649855807846794996
btree16_bl_a64,2048,0,21.4432,8649855807846794996
sorted_array,2048,0,17.1143,8649855807846794996
btree8_a64,2048,0,28.6865,8649855807846794996
btree8,2048,0,34.2087,8649855807846794996
fusion8_bf,2048,0,60.7498,8649855807846794996
fusion8,2048,1,57.7911,8649855807846794996
btree16_bl_a64,2048,1,21.6202,8649855807846794996
sorted_array,2048,1,16.9647,8649855807846794996
btree8_a64,2048,1,28.6285,8649855807846794996
btree8,2048,1,33.6578,8649855807846794996
fusion16_w,2048,1,59.5764,8649855807846794996
fusion8_bf,2048,1,59.5749,8649855807846794996
fusion8_c,2048,1,58.2458,8649855807846794996
btree8_bl,2048,1,29.2130,8649855807846794996
btree8_bl_a64,2048,1,26.3855,8649855807846794996
fusion16_w,2048,2,59.5108,8649855807846794996
btree16_bl_a64,2048,2,21.6843,8649855807846794996
btree8,2048,2,31.0028,8649855807846794996
fusion8_c,2048,2,58.7891,8649855807846794996
sorted_array,2048,2,16.9693,8649855807846794996
btree8_a64,2048,2,28.7521,8649855807846794996
fusion8,2048,2,57.5394,8649855807846794996
fusion8_bf,2048,2,59.4711,8649855807846794996
btree8_bl,2048,2,29.0421,8649855807846794996
btree8_bl_a64,2048,2,26.4297,8649855807846794996
btree8_bl,2048,3,28.8162,8649855807846794996
fusion8_c,2048,3,57.3792,8649855807846794996
sorted_array,2048,3,16.9846,8649855807846794996
btree8_a64,2048,3,29.5395,8649855807846794996
fusion8_bf,2048,3,63.0615,8649855807846794996
btree16_bl_a64,2048,3,21.7712,8649855807846794996
btree8_bl_a64,2048,3,26.5579,8649855807846794996
btree8,2048,3,30.1331,8649855807846794996
fusion16_w,2048,3,59.0561,8649855807846794996
fusion8,2048,3,55.2444,8649855807846794996
btree16_bl_a64,2048,4,21.1655,8649855807846794996
sorted_array,2048,4,17.0258,8649855807846794996
fusion16_w,2048,4,58.3435,8649855807846794996
btree8_bl,2048,4,28.7949,8649855807846794996
btree8_bl_a64,2048,4,26.3184,8649855807846794996
fusion8,2048,4,54.6341,8649855807846794996
btree8_a64,2048,4,29.8035,8649855807846794996
fusion8_bf,2048,4,62.4817,8649855807846794996
btree8,2048,4,30.4108,8649855807846794996
fusion8_c,2048,4,58.2214,8649855807846794996
fusion8,2048,5,55.2094,8649855807846794996
btree8_bl,2048,5,29.1504,8649855807846794996
btree8,2048,5,30.3726,8649855807846794996
fusion8_c,2048,5,58.0185,8649855807846794996
sorted_array,2048,5,16.9632,8649855807846794996
btree8_a64,2048,5,28.7491,8649855807846794996
btree16_bl_a64,2048,5,21.2814,8649855807846794996
btree8_bl_a64,2048,5,26.4954,8649855807846794996
fusion8_bf,2048,5,60.3012,8649855807846794996
fusion16_w,2048,5,58.5861,8649855807846794996
btree8,2048,6,30.7297,8649855807846794996
sorted_array,2048,6,16.9739,8649855807846794996
fusion8,2048,6,56.4026,8649855807846794996
btree8_bl_a64,2048,6,26.3916,8649855807846794996
fusion8_c,2048,6,58.1131,8649855807846794996
fusion8_bf,2048,6,60.6415,8649855807846794996
fusion16_w,2048,6,58.1284,8649855807846794996
btree16_bl_a64,2048,6,21.2357,8649855807846794996
btree8_a64,2048,6,29.1504,8649855807846794996
btree8_bl,2048,6,28.9185,8649855807846794996
fusion8_bf,2048,7,61.1771,8649855807846794996
btree8,2048,7,30.8487,8649855807846794996
btree8_bl,2048,7,29.2603,8649855807846794996
btree16_bl_a64,2048,7,21.2631,8649855807846794996
btree8_bl_a64,2048,7,27.1179,8649855807846794996
fusion8_c,2048,7,57.2510,8649855807846794996
btree8_a64,2048,7,29.3304,8649855807846794996
sorted_array,2048,7,17.2256,8649855807846794996
fusion16_w,2048,7,59.4269,8649855807846794996
fusion8,2048,7,55.1178,8649855807846794996
fusion16_w,2048,8,58.3740,8649855807846794996
btree8,2048,8,30.5161,8649855807846794996
btree8_bl_a64,2048,8,27.0203,8649855807846794996
fusion8_c,2048,8,57.2891,8649855807846794996
btree8_bl,2048,8,28.9322,8649855807846794996
btree8_a64,2048,8,29.5731,8649855807846794996
fusion8_bf,2048,8,62.0453,8649855807846794996
btree16_bl_a64,2048,8,21.3470,8649855807846794996
sorted_array,2048,8,17.0120,8649855807846794996
fusion8,2048,8,55.4810,8649855807846794996
btree8_a64,2048,9,28.7476,8649855807846794996
fusion8,2048,9,55.9738,8649855807846794996
btree8,2048,9,30.8197,8649855807846794996
fusion16_w,2048,9,58.0414,8649855807846794996
btree16_bl_a64,2048,9,21.2158,8649855807846794996
btree8_bl,2048,9,29.6463,8649855807846794996
btree8_bl_a64,2048,9,26.9577,8649855807846794996
fusion8_bf,2048,9,61.1053,8649855807846794996
sorted_array,2048,9,17.2867,8649855807846794996
fusion8_c,2048,9,58.2932,8649855807846794996
btree16_bl_a64,2048,10,21.9727,8649855807846794996
sorted_array,2048,10,17.0242,8649855807846794996
btree8_bl,2048,10,29.1519,8649855807846794996
fusion8_c,2048,10,58.1573,8649855807846794996
fusion8,2048,10,55.3421,8649855807846794996
btree8,2048,10,30.7144,8649855807846794996
fusion16_w,2048,10,58.2062,8649855807846794996
btree8_bl_a64,2048,10,26.5274,8649855807846794996
fusion8_bf,2048,10,62.0178,8649855807846794996
btree8_a64,2048,10,29.6051,8649855807846794996
btree8,2048,11,33.3847,8649855807846794996
btree8_bl_a64,2048,11,26.6586,8649855807846794996
btree8_a64,2048,11,28.3768,8649855807846794996
fusion8_bf,2048,11,60.6140,8649855807846794996
btree8_bl,2048,11,29.4678,8649855807846794996
fusion8_c,2048,11,57.3883,8649855807846794996
fusion16_w,2048,11,58.1360,8649855807846794996
btree16_bl_a64,2048,11,21.3226,8649855807846794996
fusion8,2048,11,55.7953,8649855807846794996
sorted_array,2048,11,17.3584,8649855807846794996
sorted_array,2048,12,17.3096,8649855807846794996
btree16_bl_a64,2048,12,22.3267,8649855807846794996
btree8_bl_a64,2048,12,26.8951,8649855807846794996
fusion8_c,2048,12,58.3344,8649855807846794996
btree8_bl,2048,12,29.1901,8649855807846794996
btree8,2048,12,30.4840,8649855807846794996
fusion8_bf,2048,12,61.3800,8649855807846794996
fusion16_w,2048,12,58.7601,8649855807846794996
btree8_a64,2048,12,29.1489,8649855807846794996
fusion8,2048,12,56.0013,8649855807846794996
fusion16_w,2048,13,58.3130,8649855807846794996
btree8_bl,2048,13,28.9124,8649855807846794996
fusion8,2048,13,55.2582,8649855807846794996
btree16_bl_a64,2048,13,21.2570,8649855807846794996
fusion8_c,2048,13,57.3151,8649855807846794996
btree8_a64,2048,13,29.1245,8649855807846794996
btree8,2048,13,33.3466,8649855807846794996
sorted_array,2048,13,16.9495,8649855807846794996
btree8_bl_a64,2048,13,26.6663,8649855807846794996
fusion8_bf,2048,13,60.2386,8649855807846794996
btree8_bl,2048,14,29.6402,8649855807846794996
btree16_bl_a64,2048,14,21.5622,8649855807846794996
btree8,2048,14,30.5725,8649855807846794996
fusion8_bf,2048,14,62.0453,8649855807846794996
fusion8,2048,14,57.0190,8649855807846794996
btree8_a64,2048,14,29.0543,8649855807846794996
btree8_bl_a64,2048,14,26.4282,8649855807846794996
sorted_array,2048,14,16.9830,8649855807846794996
fusion16_w,2048,14,59.3140,8649855807846794996
fusion8_c,2048,14,58.9096,8649855807846794996
sorted_array,4096,0,18.8324,201817674810245547
btree8,4096,0,33.3481,201817674810245547
fusion8_c,4096,0,60.9253,201817674810245547
fusion8_bf,4096,0,62.9532,201817674810245547
btree8_bl,4096,0,29.4128,201817674810245547
fusion16_w,4096,0,59.7351,201817674810245547
fusion8,4096,0,57.3639,201817674810245547
btree8_bl_a64,4096,0,26.3275,201817674810245547
btree16_bl_a64,4096,0,21.9452,201817674810245547
btree8_a64,4096,0,31.2286,201817674810245547
fusion16_w,4096,1,58.9737,201817674810245547
btree16_bl_a64,4096,1,21.0312,201817674810245547
btree8_bl,4096,1,29.1855,201817674810245547
btree8_bl_a64,4096,1,26.1719,201817674810245547
btree8_a64,4096,1,31.0669,201817674810245547
fusion8_bf,4096,1,65.5853,201817674810245547
sorted_array,4096,1,18.7408,201817674810245547
fusion8_c,4096,1,61.4639,201817674810245547
fusion8,4096,1,58.4671,201817674810245547
btree8,4096,1,33.9142,201817674810245547
btree8_bl,4096,2,29.8752,201817674810245547
fusion8_bf,4096,2,64.1602,201817674810245547
btree8_bl_a64,4096,2,26.1215,201817674810245547
fusion16_w,4096,2,60.5011,201817674810245547
btree8_a64,4096,2,32.4677,201817674810245547
btree8,4096,2,36.7004,201817674810245547
btree16_bl_a64,4096,2,21.5103,201817674810245547
fusion8_c,4096,2,62.0163,201817674810245547
fusion8,4096,2,58.0429,201817674810245547
sorted_array,4096,2,18.7790,201817674810245547
fusion8_c,4096,3,61.8805,201817674810245547
fusion8_bf,4096,3,64.1876,201817674810245547
btree8,4096,3,34.1858,201817674810245547
fusion8,4096,3,58.3282,201817674810245547
btree16_bl_a64,4096,3,21.4676,201817674810245547
btree8_bl,4096,3,29.1245,201817674810245547
sorted_array,4096,3,18.7088,201817674810245547
fusion16_w,4096,3,59.1965,201817674810245547
btree8_a64,4096,3,32.1564,201817674810245547
btree8_bl_a64,4096,3,26.1856,201817674810245547
btree8_bl,4096,4,29.0405,201817674810245547
fusion8_c,4096,4,60.8734,201817674810245547
fusion8,4096,4,58.4610,201817674810245547
btree8_bl_a64,4096,4,26.0483,201817674810245547
btree8,4096,4,33.4320,201817674810245547
sorted_array,4096,4,18.4021,201817674810245547
fusion16_w,4096,4,59.4833,201817674810245547
btree16_bl_a64,4096,4,21.5195,201817674810245547
fusion8_bf,4096,4,64.2731,201817674810245547
btree8_a64,4096,4,32.6721,201817674810245547
btree8_bl_a64,4096,5,26.6739,201817674810245547
btree16_bl_a64,4096,5,21.5378,201817674810245547
fusion8_c,4096,5,60.7147,201817674810245547
btree8,4096,5,34.1232,201817674810245547
fusion16_w,4096,5,60.8521,201817674810245547
btree8_bl,4096,5,28.6102,201817674810245547
sorted_array,4096,5,18.3380,201817674810245547
btree8_a64,4096,5,31.5704,201817674810245547
fusion8,4096,5,57.2861,201817674810245547
fusion8_bf,4096,5,64.2624,201817674810245547
fusion8_bf,4096,6,63.1790,201817674810245547
btree8_bl,4096,6,28.6148,201817674810245547
sorted_array,4096,6,18.3853,201817674810245547
btree8,4096,6,33.0475,201817674810245547
fusion16_w,4096,6,59.5932,201817674810245547
btree16_bl_a64,4096,6,22.2092,201817674810245547
btree8_a64,4096,6,32.5165,201817674810245547
fusion8,4096,6,57.8308,201817674810245547
fusion8_c,4096,6,61.4258,201817674810245547
btree8_bl_a64,4096,6,26.1093,201817674810245547
btree8,4096,7,33.5007,201817674810245547
sorted_array,4096,7,18.3624,201817674810245547
fusion8_c,4096,7,61.6974,201817674810245547
fusion16_w,4096,7,58.9447,201817674810245547
btree8_bl_a64,4096,7,26.0162,201817674810245547
btree8_a64,4096,7,31.2012,201817674810245547
fusion8_bf,4096,7,66.4886,201817674810245547
btree16_bl_a64,4096,7,21.0739,201817674810245547
btree8_bl,4096,7,28.7552,201817674810245547
fusion8,4096,7,56.3400,201817674810245547
btree8,4096,8,33.4534,201817674810245547
btree8_a64,4096,8,33.3908,201817674810245547
fusion8_c,4096,8,61.0992,201817674810245547
sorted_array,4096,8,18.4113,201817674810245547
btree16_bl_a64,4096,8,21.2128,201817674810245547
btree8_bl_a64,4096,8,26.0315,201817674810245547
fusion8_bf,4096,8,62.8662,201817674810245547
fusion16_w,4096,8,58.7860,201817674810245547
btree8_bl,4096,8,29.6127,201817674810245547
fusion8,4096,8,57.5272,201817674810245547
fusion16_w,4096,9,59.6024,201817674810245547
btree8_a64,4096,9,31.5689,201817674810245547
sorted_array,4096,9,18.3380,201817674810245547
btree8_bl_a64,4096,9,26.1337,201817674810245547
btree8,4096,9,33.4656,201817674810245547
fusion8_bf,4096,9,65.6784,201817674810245547
fusion8_c,4096,9,60.4645,201817674810245547
fusion8,4096,9,57.7042,201817674810245547
btree8_bl,4096,9,28.6667,201817674810245547
btree16_bl_a64,4096,9,21.7422,201817674810245547
sorted_array,4096,10,18.7485,201817674810245547
fusion16_w,4096,10,59.3277,201817674810245547
fusion8,4096,10,56.2668,201817674810245547
btree8_bl_a64,4096,10,26.0132,201817674810245547
fusion8_c,4096,10,60.0433,201817674810245547
btree8_a64,4096,10,31.5262,201817674810245547
btree8,4096,10,36.7966,201817674810245547
btree8_bl,4096,10,29.2236,201817674810245547
btree16_bl_a64,4096,10,20.9824,201817674810245547
fusion8_bf,4096,10,62.8159,201817674810245547
btree8_bl,4096,11,28.8391,201817674810245547
btree8_a64,4096,11,32.1152,201817674810245547
fusion8,4096,11,59.2819,201817674810245547
btree8_bl_a64,4096,11,26.0834,201817674810245547
fusion8_c,4096,11,60.2432,201817674810245547
fusion8_bf,4096,11,62.9105,201817674810245547
btree16_bl_a64,4096,11,21.0297,201817674810245547
btree8,4096,11,33.7219,201817674810245547
fusion16_w,4096,11,61.7218,201817674810245547
sorted_array,4096,11,18.4814,201817674810245547
btree8_bl_a64,4096,12,26.0681,201817674810245547
fusion8_c,4096,12,61.0062,201817674810245547
btree8_a64,4096,12,31.4941,201817674810245547
btree16_bl_a64,4096,12,21.0480,201817674810245547
btree8_bl,4096,12,29.1962,201817674810245547
btree8,4096,12,33.9584,201817674810245547
fusion8_bf,4096,12,64.9628,201817674810245547
fusion8,4096,12,57.3441,201817674810245547
fusion16_w,4096,12,58.7311,201817674810245547
sorted_array,4096,12,18.3502,201817674810245547
btree8_a64,4096,13,32.3853,201817674810245547
fusion8,4096,13,58.4747,201817674810245547
btree8_bl,4096,13,29.1779,201817674810245547
sorted_array,4096,13,18.8263,201817674810245547
btree8_bl_a64,4096,13,27.4216,201817674810245547
fusion16_w,4096,13,58.6761,201817674810245547
btree8,4096,13,33.4305,201817674810245547
fusion8_bf,4096,13,64.4470,201817674810245547
btree16_bl_a64,4096,13,21.0449,201817674810245547
fusion8_c,4096,13,60.5881,201817674810245547
btree8_bl_a64,4096,14,27.2202,201817674810245547
fusion8,4096,14,57.8552,201817674810245547
fusion16_w,4096,14,59.5795,201817674810245547
fusion8_c,4096,14,61.3312,201817674810245547
btree8_bl,4096,14,28.5233,201817674810245547
fusion8_bf,4096,14,62.8281,201817674810245547
btree16_bl_a64,4096,14,21.5286,201817674810245547
btree8,4096,14,34.1537,201817674810245547
btree8_a64,4096,14,33.8104,201817674810245547
sorted_array,4096,14,18.3746,201817674810245547
fusion8_bf,8192,0,73.1155,14779494332775015852
fusion8_c,8192,0,70.6818,14779494332775015852
sorted_array,8192,0,23.4741,14779494332775015852
btree8_bl,8192,0,35.0616,14779494332775015852
btree8,8192,0,39.3341,14779494332775015852
btree16_bl_a64,8192,0,33.6273,14779494332775015852
btree8_bl_a64,8192,0,31.0760,14779494332775015852
fusion8,8192,0,66.0187,14779494332775015852
btree8_a64,8192,0,36.8958,14779494332775015852
fusion16_w,8192,0,77.9404,14779494332775015852
fusion8_bf,8192,1,71.8842,14779494332775015852
btree8_a64,8192,1,36.4380,14779494332775015852
fusion8_c,8192,1,71.4890,14779494332775015852
fusion16_w,8192,1,78.7491,14779494332775015852
sorted_array,8192,1,22.6196,14779494332775015852
btree16_bl_a64,8192,1,33.6884,14779494332775015852
btree8_bl_a64,8192,1,31.3828,14779494332775015852
btree8,8192,1,37.1536,14779494332775015852
btree8_bl,8192,1,35.4080,14779494332775015852
fusion8,8192,1,66.0919,14779494332775015852
btree16_bl_a64,8192,2,32.2174,14779494332775015852
btree8_a64,8192,2,35.4614,14779494332775015852
fusion8,8192,2,65.0970,14779494332775015852
sorted_array,8192,2,23.4055,14779494332775015852
fusion8_c,8192,2,70.5780,14779494332775015852
btree8_bl_a64,8192,2,31.1844,14779494332775015852
fusion16_w,8192,2,75.7706,14779494332775015852
fusion8_bf,8192,2,73.8419,14779494332775015852
btree8_bl,8192,2,34.2697,14779494332775015852
btree8,8192,2,38.1805,14779494332775015852
fusion8_bf,8192,3,76.0559,14779494332775015852
btree8,8192,3,36.3754,14779494332775015852
btree16_bl_a64,8192,3,32.9163,14779494332775015852
btree8_a64,8192,3,37.2208,14779494332775015852
btree8_bl,8192,3,33.7067,14779494332775015852
fusion8_c,8192,3,68.2343,14779494332775015852
sorted_array,8192,3,22.6898,14779494332775015852
fusion16_w,8192,3,75.6943,14779494332775015852
fusion8,8192,3,68.1259,14779494332775015852
btree8_bl_a64,8192,3,31.5521,14779494332775015852
btree8_bl,8192,4,33.2382,14779494332775015852
btree8,8192,4,36.9232,14779494332775015852
btree8_a64,8192,4,37.6389,14779494332775015852
sorted_array,8192,4,22.9385,14779494332775015852
btree8_bl_a64,8192,4,32.7621,14779494332775015852
fusion8_c,8192,4,69.8013,14779494332775015852
fusion8_bf,8192,4,74.2065,14779494332775015852
fusion16_w,8192,4,75.2457,14779494332775015852
btree16_bl_a64,8192,4,33.3069,14779494332775015852
fusion8,8192,4,65.6738,14779494332775015852
btree8_bl,8192,5,33.2962,14779494332775015852
btree8_bl_a64,8192,5,30.6366,14779494332775015852
btree8_a64,8192,5,35.3592,14779494332775015852
btree16_bl_a64,8192,5,32.9819,14779494332775015852
sorted_array,8192,5,23.0957,14779494332775015852
fusion16_w,8192,5,75.8072,14779494332775015852
fusion8_c,8192,5,70.0134,14779494332775015852
fusion8_bf,8192,5,73.2590,14779494332775015852
fusion8,8192,5,64.7919,14779494332775015852
btree8,8192,5,37.0605,14779494332775015852
sorted_array,8192,6,22.6395,14779494332775015852
fusion8,8192,6,65.2496,14779494332775015852
fusion8_c,8192,6,70.1523,14779494332775015852
fusion16_w,8192,6,75.4150,14779494332775015852
fusion8_bf,8192,6,72.3007,14779494332775015852
btree8_bl,8192,6,33.2169,14779494332775015852
btree8_a64,8192,6,35.1273,14779494332775015852
btree8,8192,6,40.2740,14779494332775015852
btree16_bl_a64,8192,6,32.3334,14779494332775015852
btree8_bl_a64,8192,6,30.5878,14779494332775015852
btree8_bl_a64,8192,7,30.3329,14779494332775015852
sorted_array,8192,7,22.7798,14779494332775015852
fusion8_bf,8192,7,73.1232,14779494332775015852
btree8,8192,7,37.3001,14779494332775015852
btree16_bl_a64,8192,7,32.1548,14779494332775015852
fusion8,8192,7,65.3168,14779494332775015852
btree8_bl,8192,7,33.2565,14779494332775015852
fusion8_c,8192,7,68.6478,14779494332775015852
btree8_a64,8192,7,35.3821,14779494332775015852
fusion16_w,8192,7,78.1372,14779494332775015852
fusion8,8192,8,65.4785,14779494332775015852
btree16_bl_a64,8192,8,31.9565,14779494332775015852
btree8_a64,8192,8,35.1883,14779494332775015852
fusion16_w,8192,8,77.8305,14779494332775015852
btree8_bl_a64,8192,8,30.7907,14779494332775015852
fusion8_c,8192,8,68.3868,14779494332775015852
fusion8_bf,8192,8,74.0555,14779494332775015852
btree8,8192,8,37.3245,14779494332775015852
btree8_bl,8192,8,34.3140,14779494332775015852
sorted_array,8192,8,22.7127,14779494332775015852
sorted_array,8192,9,22.6196,14779494332775015852
btree8,8192,9,37.8113,14779494332775015852
fusion8_c,8192,9,69.8990,14779494332775015852
fusion8,8192,9,64.8163,14779494332775015852
fusion16_w,8192,9,76.2482,14779494332775015852
btree8_bl,8192,9,33.2993,14779494332775015852
fusion8_bf,8192,9,72.9630,14779494332775015852
btree16_bl_a64,8192,9,33.2794,14779494332775015852
btree8_bl_a64,8192,9,31.3599,14779494332775015852
btree8_a64,8192,9,35.9238,14779494332775015852
fusion16_w,8192,10,77.8381,14779494332775015852
btree16_bl_a64,8192,10,31.4529,14779494332775015852
btree8_a64,8192,10,35.0479,14779494332775015852
fusion8_bf,8192,10,74.7437,14779494332775015852
sorted_array,8192,10,22.7798,14779494332775015852
btree8,8192,10,39.1556,14779494332775015852
fusion8,8192,10,64.3036,14779494332775015852
fusion8_c,8192,10,69.1864,14779494332775015852
btree8_bl,8192,10,34.6039,14779494332775015852
btree8_bl_a64,8192,10,32.2006,14779494332775015852
btree8,8192,11,37.0102,14779494332775015852
fusion8,8192,11,64.2731,14779494332775015852
btree8_a64,8192,11,35.2264,14779494332775015852
fusion8_c,8192,11,71.4005,14779494332775015852
btree16_bl_a64,8192,11,32.7560,14779494332775015852
btree8_bl_a64,8192,11,30.7968,14779494332775015852
btree8_bl,8192,11,33.2458,14779494332775015852
fusion8_bf,8192,11,71.4340,14779494332775015852
sorted_array,8192,11,23.0103,14779494332775015852
fusion16_w,8192,11,77.8839,14779494332775015852
fusion8_c,8192,12,67.9398,14779494332775015852
btree8_bl,8192,12,33.6411,14779494332775015852
fusion8_bf,8192,12,73.1781,14779494332775015852
btree16_bl_a64,8192,12,31.5826,14779494332775015852
sorted_array,8192,12,22.6212,14779494332775015852
fusion8,8192,12,64.5782,14779494332775015852
btree8_a64,8192,12,34.8846,14779494332775015852
fusion16_w,8192,12,76.5610,14779494332775015852
btree8_bl_a64,8192,12,31.9809,14779494332775015852
btree8,8192,12,37.3795,14779494332775015852
btree8_bl,8192,13,34.3170,14779494332775015852
btree8_bl_a64,8192,13,30.4291,14779494332775015852
btree16_bl_a64,8192,13,32.1915,14779494332775015852
btree8,8192,13,36.9827,14779494332775015852
fusion8_bf,8192,13,76.7441,14779494332775015852
fusion16_w,8192,13,78.1967,14779494332775015852
fusion8,8192,13,65.0772,14779494332775015852
sorted_array,8192,13,22.8226,14779494332775015852
btree8_a64,8192,13,36.6989,14779494332775015852
fusion8_c,8192,13,72.2183,14779494332775015852
fusion16_w,8192,14,76.4618,14779494332775015852
fusion8,8192,14,66.0797,14779494332775015852
btree16_bl_a64,8192,14,33.2993,14779494332775015852
btree8_a64,8192,14,35.7285,14779494332775015852
btree8_bl_a64,8192,14,32.5378,14779494332775015852
fusion8_bf,8192,14,72.4594,14779494332775015852
sorted_array,8192,14,22.7798,14779494332775015852
btree8,8192,14,39.2136,14779494332775015852
fusion8_c,8192,14,72.6334,14779494332775015852
btree8_bl,8192,14,35.2081,14779494332775015852
fusion8,16384,0,81.4270,5257893481483210933
btree16_bl_a64,16384,0,39.4577,5257893481483210933
btree8,16384,0,46.7346,5257893481483210933
fusion8_c,16384,0,84.6298,5257893481483210933
btree8_bl,16384,0,44.4260,5257893481483210933
sorted_array,16384,0,29.0802,5257893481483210933
btree8_a64,16384,0,45.8038,5257893481483210933
fusion16_w,16384,0,84.0225,5257893481483210933
fusion8_bf,16384,0,87.0560,5257893481483210933
btree8_bl_a64,16384,0,44.9570,5257893481483210933
fusion8_c,16384,1,83.6182,5257893481483210933
fusion8_bf,16384,1,83.6426,5257893481483210933
btree8_bl,16384,1,42.0532,5257893481483210933
btree16_bl_a64,16384,1,37.9303,5257893481483210933
fusion16_w,16384,1,83.1818,5257893481483210933
btree8_bl_a64,16384,1,38.8840,5257893481483210933
btree8,16384,1,47.0795,5257893481483210933
btree8_a64,16384,1,46.3715,5257893481483210933
sorted_array,16384,1,29.8462,5257893481483210933
fusion8,16384,1,82.1152,5257893481483210933
btree8_bl_a64,16384,2,38.3957,5257893481483210933
sorted_array,16384,2,29.0161,5257893481483210933
fusion8_bf,16384,2,84.4345,5257893481483210933
btree8,16384,2,46.3943,5257893481483210933
fusion8_c,16384,2,85.3485,5257893481483210933
btree8_bl,16384,2,42.2272,5257893481483210933
btree16_bl_a64,16384,2,37.6160,5257893481483210933
fusion16_w,16384,2,85.0662,5257893481483210933
btree8_a64,16384,2,44.1910,5257893481483210933
fusion8,16384,2,80.5801,5257893481483210933
btree16_bl_a64,16384,3,36.7401,5257893481483210933
btree8,16384,3,48.1476,5257893481483210933
fusion16_w,16384,3,88.6932,5257893481483210933
fusion8,16384,3,79.5425,5257893481483210933
btree8_bl_a64,16384,3,44.8212,5257893481483210933
fusion8_c,16384,3,85.1440,5257893481483210933
btree8_a64,16384,3,46.1685,5257893481483210933
sorted_array,16384,3,29.0604,5257893481483210933
fusion8_bf,16384,3,92.2745,5257893481483210933
btree8_bl,16384,3,43.7149,5257893481483210933
btree8_bl,16384,4,40.7120,5257893481483210933
btree8_bl_a64,16384,4,40.6982,5257893481483210933
fusion8_bf,16384,4,85.4752,5257893481483210933
fusion8,16384,4,80.5450,5257893481483210933
fusion16_w,16384,4,84.6954,5257893481483210933
btree8,16384,4,48.1873,5257893481483210933
sorted_array,16384,4,29.5273,5257893481483210933
btree8_a64,16384,4,47.6059,5257893481483210933
btree16_bl_a64,16384,4,38.0249,5257893481483210933
fusion8_c,16384,4,83.5495,5257893481483210933
btree8_bl,16384,5,42.9550,5257893481483210933
btree8_a64,16384,5,45.1050,5257893481483210933
btree8,16384,5,48.9548,5257893481483210933
btree16_bl_a64,16384,5,38.4247,5257893481483210933
fusion16_w,16384,5,86.7813,5257893481483210933
btree8_bl_a64,16384,5,44.1681,5257893481483210933
sorted_array,16384,5,29.9973,5257893481483210933
fusion8_c,16384,5,84.6878,5257893481483210933
fusion8,16384,5,83.7372,5257893481483210933
fusion8_bf,16384,5,87.3489,5257893481483210933
sorted_array,16384,6,29.6982,5257893481483210933
btree16_bl_a64,16384,6,38.8000,5257893481483210933
fusion8,16384,6,79.0222,5257893481483210933
btree8_bl_a64,16384,6,43.3167,5257893481483210933
btree8_a64,16384,6,47.3465,5257893481483210933
fusion16_w,16384,6,89.7354,5257893481483210933
btree8_bl,16384,6,46.9650,5257893481483210933
fusion8_bf,16384,6,91.3620,5257893481483210933
btree8,16384,6,47.7036,5257893481483210933
fusion8_c,16384,6,89.7293,5257893481483210933
fusion16_w,16384,7,87.0041,5257893481483210933
btree8_bl,16384,7,43.9819,5257893481483210933
fusion8_bf,16384,7,86.4563,5257893481483210933
btree16_bl_a64,16384,7,43.5959,5257893481483210933
btree8,16384,7,48.0957,5257893481483210933
btree8_bl_a64,16384,7,45.7626,5257893481483210933
btree8_a64,16384,7,48.3139,5257893481483210933
fusion8_c,16384,7,87.5656,5257893481483210933
fusion8,16384,7,83.3817,5257893481483210933
sorted_array,16384,7,29.4876,5257893481483210933
btree16_bl_a64,16384,8,37.9578,5257893481483210933
btree8_a64,16384,8,46.4966,5257893481483210933
btree8,16384,8,47.8119,5257893481483210933
sorted_array,16384,8,29.4418,5257893481483210933
btree8_bl_a64,16384,8,42.7216,5257893481483210933
fusion8_c,16384,8,81.8222,5257893481483210933
btree8_bl,16384,8,43.7820,5257893481483210933
fusion8,16384,8,79.4861,5257893481483210933
fusion8_bf,16384,8,86.5189,5257893481483210933
fusion16_w,16384,8,87.7365,5257893481483210933
sorted_array,16384,9,28.8391,5257893481483210933
btree8,16384,9,46.6858,5257893481483210933
btree16_bl_a64,16384,9,36.8744,5257893481483210933
fusion8_bf,16384,9,85.3119,5257893481483210933
fusion8,16384,9,80.2429,5257893481483210933
btree8_bl,16384,9,42.2363,5257893481483210933
fusion16_w,16384,9,84.2834,5257893481483210933
btree8_a64,16384,9,45.0836,5257893481483210933
btree8_bl_a64,16384,9,40.0635,5257893481483210933
fusion8_c,16384,9,82.9941,5257893481483210933
btree8,16384,10,45.9305,5257893481483210933
fusion8_bf,16384,10,87.7029,5257893481483210933
fusion8_c,16384,10,83.7646,5257893481483210933
btree8_a64,16384,10,44.6350,5257893481483210933
fusion16_w,16384,10,85.7330,5257893481483210933
fusion8,16384,10,77.1820,5257893481483210933
btree16_bl_a64,16384,10,37.7243,5257893481483210933
btree8_bl,16384,10,44.0506,5257893481483210933
btree8_bl_a64,16384,10,39.4867,5257893481483210933
sorted_array,16384,10,29.1260,5257893481483210933
fusion8,16384,11,76.7303,5257893481483210933
btree8_a64,16384,11,44.5999,5257893481483210933
btree8_bl_a64,16384,11,40.8752,5257893481483210933
fusion8_bf,16384,11,87.5763,5257893481483210933
fusion8_c,16384,11,84.1064,5257893481483210933
btree8,16384,11,47.4045,5257893481483210933
sorted_array,16384,11,28.9001,5257893481483210933
btree16_bl_a64,16384,11,35.5530,5257893481483210933
btree8_bl,16384,11,41.5237,5257893481483210933
fusion16_w,16384,11,84.3933,5257893481483210933
btree8_a64,16384,12,45.0043,5257893481483210933
sorted_array,16384,12,29.5151,5257893481483210933
btree8,16384,12,48.4406,5257893481483210933
btree8_bl,16384,12,41.5222,5257893481483210933
btree8_bl_a64,16384,12,40.2771,5257893481483210933
fusion8_c,16384,12,84.6695,5257893481483210933
fusion8,16384,12,81.6620,5257893481483210933
fusion16_w,16384,12,86.1267,5257893481483210933
btree16_bl_a64,16384,12,41.0568,5257893481483210933
fusion8_bf,16384,12,90.9409,5257893481483210933
btree16_bl_a64,16384,13,37.7289,5257893481483210933
btree8_bl,16384,13,45.5444,5257893481483210933
fusion8_c,16384,13,86.0580,5257893481483210933
btree8,16384,13,49.7177,5257893481483210933
fusion16_w,16384,13,90.8157,5257893481483210933
btree8_bl_a64,16384,13,45.1981,5257893481483210933
btree8_a64,16384,13,48.6893,5257893481483210933
fusion8_bf,16384,13,97.2412,5257893481483210933
fusion8,16384,13,84.3369,5257893481483210933
sorted_array,16384,13,29.7424,5257893481483210933
fusion8_c,16384,14,87.3260,5257893481483210933
sorted_array,16384,14,29.4968,5257893481483210933
btree16_bl_a64,16384,14,43.3578,5257893481483210933
fusion16_w,16384,14,91.8716,5257893481483210933
btree8_a64,16384,14,48.7213,5257893481483210933
btree8,16384,14,51.8417,5257893481483210933
btree8_bl_a64,16384,14,45.8176,5257893481483210933
fusion8,16384,14,85.1822,5257893481483210933
btree8_bl,16384,14,46.1075,5257893481483210933
fusion8_bf,16384,14,91.3422,5257893481483210933
btree8_a64,32768,0,49.4232,8916881238133207675
fusion16_w,32768,0,90.1871,8916881238133207675
sorted_array,32768,0,39.2288,8916881238133207675
btree8,32768,0,50.1648,8916881238133207675
fusion8_bf,32768,0,100.8133,8916881238133207675
fusion8,32768,0,89.9078,8916881238133207675
btree16_bl_a64,32768,0,44.8059,8916881238133207675
btree8_bl,32768,0,46.9833,8916881238133207675
btree8_bl_a64,32768,0,43.6737,8916881238133207675
fusion8_c,32768,0,91.6473,8916881238133207675
btree8_bl,32768,1,44.9814,8916881238133207675
btree8_bl_a64,32768,1,39.4897,8916881238133207675
fusion16_w,32768,1,94.1742,8916881238133207675
fusion8,32768,1,88.9313,8916881238133207675
sorted_array,32768,1,38.1607,8916881238133207675
btree16_bl_a64,32768,1,39.3051,8916881238133207675
fusion8_bf,32768,1,95.8771,8916881238133207675
fusion8_c,32768,1,90.1443,8916881238133207675
btree8_a64,32768,1,49.7192,8916881238133207675
btree8,32768,1,52.4902,8916881238133207675
btree8,32768,2,48.7198,8916881238133207675
fusion8,32768,2,88.0386,8916881238133207675
btree8_bl,32768,2,44.5404,8916881238133207675
btree16_bl_a64,32768,2,42.5919,8916881238133207675
fusion16_w,32768,2,93.4296,8916881238133207675
fusion8_bf,32768,2,96.2967,8916881238133207675
btree8_a64,32768,2,49.3622,8916881238133207675
sorted_array,32768,2,38.0493,8916881238133207675
fusion8_c,32768,2,91.4368,8916881238133207675
btree8_bl_a64,32768,2,46.1685,8916881238133207675
fusion8_c,32768,3,86.5692,8916881238133207675
btree8_bl_a64,32768,3,39.4119,8916881238133207675
btree8_bl,32768,3,47.2183,8916881238133207675
fusion8,32768,3,89.2288,8916881238133207675
sorted_array,32768,3,38.4491,8916881238133207675
btree8_a64,32768,3,48.9716,8916881238133207675
fusion8_bf,32768,3,105.9937,8916881238133207675
btree8,32768,3,50.4410,8916881238133207675
fusion16_w,32768,3,96.5042,8916881238133207675
btree16_bl_a64,32768,3,44.0735,8916881238133207675
fusion8,32768,4,90.1657,8916881238133207675
btree8_bl_a64,32768,4,43.5501,8916881238133207675
fusion8_bf,32768,4,94.9982,8916881238133207675
fusion16_w,32768,4,95.9106,8916881238133207675
btree8_bl,32768,4,46.9299,8916881238133207675
fusion8_c,32768,4,91.4841,8916881238133207675
sorted_array,32768,4,38.8336,8916881238133207675
btree8_a64,32768,4,49.9680,8916881238133207675
btree16_bl_a64,32768,4,43.1381,8916881238133207675
btree8,32768,4,51.1719,8916881238133207675
fusion8_bf,32768,5,98.2376,8916881238133207675
fusion16_w,32768,5,96.5149,8916881238133207675
btree8_bl_a64,32768,5,46.0983,8916881238133207675
btree8_a64,32768,5,50.0015,8916881238133207675
fusion8,32768,5,91.1102,8916881238133207675
fusion8_c,32768,5,91.8579,8916881238133207675
btree8,32768,5,50.4639,8916881238133207675
sorted_array,32768,5,38.0676,8916881238133207675
btree16_bl_a64,32768,5,43.7210,8916881238133207675
btree8_bl,32768,5,46.9635,8916881238133207675
btree8,32768,6,49.3790,8916881238133207675
fusion8_bf,32768,6,96.6522,8916881238133207675
fusion8,32768,6,87.9227,8916881238133207675
btree16_bl_a64,32768,6,38.5025,8916881238133207675
btree8_a64,32768,6,49.1455,8916881238133207675
fusion8_c,32768,6,92.8833,8916881238133207675
fusion16_w,32768,6,95.8817,8916881238133207675
sorted_array,32768,6,37.7289,8916881238133207675
btree8_bl_a64,32768,6,47.9279,8916881238133207675
btree8_bl,32768,6,46.9604,8916881238133207675
fusion8,32768,7,84.6634,8916881238133207675
fusion8_bf,32768,7,95.1859,8916881238133207675
fusion8_c,32768,7,91.7969,8916881238133207675
sorted_array,32768,7,37.5839,8916881238133207675
btree8_bl_a64,32768,7,45.7687,8916881238133207675
btree16_bl_a64,32768,7,44.0720,8916881238133207675
btree8,32768,7,50.4105,8916881238133207675
btree8_bl,32768,7,47.7783,8916881238133207675
fusion16_w,32768,7,96.5179,8916881238133207675
btree8_a64,32768,7,49.4980,8916881238133207675
fusion8_bf,32768,8,97.6379,8916881238133207675
btree16_bl_a64,32768,8,42.9596,8916881238133207675
btree8_bl,32768,8,46.8460,8916881238133207675
fusion8_c,32768,8,92.6163,8916881238133207675
fusion8,32768,8,85.7605,8916881238133207675
btree8,32768,8,50.5402,8916881238133207675
btree8_bl_a64,32768,8,46.1502,8916881238133207675
sorted_array,32768,8,38.1958,8916881238133207675
btree8_a64,32768,8,49.9435,8916881238133207675
fusion16_w,32768,8,96.1899,8916881238133207675
btree8_bl_a64,32768,9,43.6707,8916881238133207675
fusion8,32768,9,84.1064,8916881238133207675
fusion8_bf,32768,9,92.6636,8916881238133207675
btree8_a64,32768,9,46.1212,8916881238133207675
sorted_array,32768,9,38.0051,8916881238133207675
btree8_bl,32768,9,44.4946,8916881238133207675
btree16_bl_a64,32768,9,44.0262,8916881238133207675
fusion16_w,32768,9,91.5894,8916881238133207675
btree8,32768,9,51.4084,8916881238133207675
fusion8_c,32768,9,93.8034,8916881238133207675
fusion8_c,32768,10,87.7701,8916881238133207675
fusion16_w,32768,10,89.0076,8916881238133207675
sorted_array,32768,10,37.6556,8916881238133207675
fusion8_bf,32768,10,97.2748,8916881238133207675
btree16_bl_a64,32768,10,38.4781,8916881238133207675
btree8_bl_a64,32768,10,41.2354,8916881238133207675
fusion8,32768,10,84.6237,8916881238133207675
btree8,32768,10,48.5321,8916881238133207675
btree8_bl,32768,10,45.4285,8916881238133207675
btree8_a64,32768,10,46.5775,8916881238133207675
fusion8_bf,32768,11,93.5135,8916881238133207675
btree16_bl_a64,32768,11,37.4802,8916881238133207675
btree8,32768,11,49.1516,8916881238133207675
btree8_bl,32768,11,42.3859,8916881238133207675
fusion8,32768,11,82.3441,8916881238133207675
btree8_a64,32768,11,46.3821,8916881238133207675
btree8_bl_a64,32768,11,42.0898,8916881238133207675
fusion16_w,32768,11,92.7414,8916881238133207675
fusion8_c,32768,11,89.7736,8916881238133207675
sorted_array,32768,11,38.5635,8916881238133207675
fusion8_c,32768,12,86.0245,8916881238133207675
btree8_bl,32768,12,46.5820,8916881238133207675
btree8_a64,32768,12,46.9345,8916881238133207675
sorted_array,32768,12,38.3102,8916881238133207675
btree8_bl_a64,32768,12,42.5278,8916881238133207675
fusion8,32768,12,86.8530,8916881238133207675
btree16_bl_a64,32768,12,39.2059,8916881238133207675
fusion8_bf,32768,12,92.7109,8916881238133207675
fusion16_w,32768,12,92.8299,8916881238133207675
btree8,32768,12,50.4562,8916881238133207675
sorted_array,32768,13,37.2223,8916881238133207675
fusion8_c,32768,13,90.1321,8916881238133207675
btree8_a64,32768,13,47.6471,8916881238133207675
btree8_bl,32768,13,44.0155,8916881238133207675
fusion16_w,32768,13,91.3696,8916881238133207675
btree8,32768,13,48.2376,8916881238133207675
fusion8_bf,32768,13,95.6512,8916881238133207675
btree8_bl_a64,32768,13,42.9932,8916881238133207675
btree16_bl_a64,32768,13,38.6063,8916881238133207675
fusion8,32768,13,87.3718,8916881238133207675
btree16_bl_a64,32768,14,35.2814,8916881238133207675
fusion8_bf,32768,14,90.1901,8916881238133207675
btree8_bl_a64,32768,14,43.4952,8916881238133207675
fusion8,32768,14,82.8156,8916881238133207675
fusion16_w,32768,14,90.7486,8916881238133207675
btree8_bl,32768,14,44.7510,8916881238133207675
btree8,32768,14,49.8581,8916881238133207675
sorted_array,32768,14,37.3169,8916881238133207675
fusion8_c,32768,14,88.3728,8916881238133207675
btree8_a64,32768,14,48.6526,8916881238133207675
fusion8,65536,0,95.2957,13538052259203909017
fusion8_bf,65536,0,102.6962,13538052259203909017
fusion8_c,65536,0,99.3896,13538052259203909017
btree8_bl_a64,65536,0,49.0448,13538052259203909017
btree8_a64,65536,0,57.3227,13538052259203909017
btree16_bl_a64,65536,0,39.1861,13538052259203909017
fusion16_w,65536,0,94.2230,13538052259203909017
btree8_bl,65536,0,50.5096,13538052259203909017
sorted_array,65536,0,49.1608,13538052259203909017
btree8,65536,0,60.0204,13538052259203909017
btree8_bl_a64,65536,1,53.6453,13538052259203909017
fusion16_w,65536,1,95.7596,13538052259203909017
fusion8_c,65536,1,106.3446,13538052259203909017
fusion8,65536,1,105.4733,13538052259203909017
sorted_array,65536,1,49.3835,13538052259203909017
btree16_bl_a64,65536,1,43.4326,13538052259203909017
btree8,65536,1,58.5373,13538052259203909017
btree8_bl,65536,1,55.2032,13538052259203909017
fusion8_bf,65536,1,103.8208,13538052259203909017
btree8_a64,65536,1,57.3776,13538052259203909017
btree8_a64,65536,2,53.0624,13538052259203909017
sorted_array,65536,2,49.1699,13538052259203909017
btree16_bl_a64,65536,2,42.6529,13538052259203909017
fusion8_c,65536,2,99.3301,13538052259203909017
btree8,65536,2,58.4366,13538052259203909017
btree8_bl,65536,2,51.3031,13538052259203909017
fusion8,65536,2,100.4654,13538052259203909017
fusion16_w,65536,2,100.5585,13538052259203909017
fusion8_bf,65536,2,104.5074,13538052259203909017
btree8_bl_a64,65536,2,52.3117,13538052259203909017
btree8_a64,65536,3,58.7051,13538052259203909017
fusion16_w,65536,3,97.1512,13538052259203909017
fusion8_bf,65536,3,102.8931,13538052259203909017
btree8_bl,65536,3,55.4031,13538052259203909017
sorted_array,65536,3,48.3139,13538052259203909017
fusion8_c,65536,3,104.4785,13538052259203909017
btree8,65536,3,56.5414,13538052259203909017
fusion8,65536,3,101.8372,13538052259203909017
btree8_bl_a64,65536,3,55.0049,13538052259203909017
btree16_bl_a64,65536,3,43.5135,13538052259203909017
fusion8_bf,65536,4,107.5623,13538052259203909017
btree8_a64,65536,4,58.3664,13538052259203909017
btree16_bl_a64,65536,4,38.6292,13538052259203909017
sorted_array,65536,4,49.2462,13538052259203909017
btree8,65536,4,58.4457,13538052259203909017
btree8_bl,65536,4,55.5084,13538052259203909017
fusion8,65536,4,101.5015,13538052259203909017
fusion16_w,65536,4,96.4355,13538052259203909017
btree8_bl_a64,65536,4,54.0939,13538052259203909017
fusion8_c,65536,4,99.6155,13538052259203909017
btree8_bl_a64,65536,5,46.7636,13538052259203909017
sorted_array,65536,5,49.1882,13538052259203909017
fusion8_bf,65536,5,105.1651,13538052259203909017
fusion8_c,65536,5,100.0702,13538052259203909017
btree16_bl_a64,65536,5,39.5340,13538052259203909017
fusion16_w,65536,5,97.2458,13538052259203909017
btree8,65536,5,56.9397,13538052259203909017
btree8_bl,65536,5,55.6946,13538052259203909017
fusion8,65536,5,101.6800,13538052259203909017
btree8_a64,65536,5,57.0084,13538052259203909017
fusion8,65536,6,92.5537,13538052259203909017
fusion8_bf,65536,6,106.2912,13538052259203909017
fusion8_c,65536,6,101.4328,13538052259203909017
btree8_a64,65536,6,59.1568,13538052259203909017
btree16_bl_a64,65536,6,43.2846,13538052259203909017
btree8,65536,6,57.1198,13538052259203909017
fusion16_w,65536,6,98.7778,13538052259203909017
btree8_bl_a64,65536,6,53.2715,13538052259203909017
sorted_array,65536,6,49.2950,13538052259203909017
btree8_bl,65536,6,51.4252,13538052259203909017
btree8_bl,65536,7,44.3237,13538052259203909017
fusion8_bf,65536,7,103.9246,13538052259203909017
sorted_array,65536,7,49.2126,13538052259203909017
fusion8,65536,7,103.4149,13538052259203909017
fusion16_w,65536,7,97.6868,13538052259203909017
btree16_bl_a64,65536,7,39.6179,13538052259203909017
btree8,65536,7,60.0082,13538052259203909017
btree8_a64,65536,7,60.5576,13538052259203909017
btree8_bl_a64,65536,7,51.2466,13538052259203909017
fusion8_c,65536,7,99.5773,13538052259203909017
fusion8_bf,65536,8,105.5237,13538052259203909017
fusion16_w,65536,8,93.7653,13538052259203909017
btree8,65536,8,56.3904,13538052259203909017
btree16_bl_a64,65536,8,40.8524,13538052259203909017
fusion8_c,65536,8,101.9043,13538052259203909017
btree8_bl_a64,65536,8,50.5722,13538052259203909017
sorted_array,65536,8,48.5550,13538052259203909017
btree8_a64,65536,8,57.5394,13538052259203909017
btree8_bl,65536,8,51.2039,13538052259203909017
fusion8,65536,8,93.9835,13538052259203909017
btree8,65536,9,56.7459,13538052259203909017
btree8_bl_a64,65536,9,54.1946,13538052259203909017
btree16_bl_a64,65536,9,42.1234,13538052259203909017
fusion8_bf,65536,9,107.7637,13538052259203909017
btree8_bl,65536,9,52.5436,13538052259203909017
fusion8,65536,9,100.5478,13538052259203909017
btree8_a64,65536,9,57.2968,13538052259203909017
fusion16_w,65536,9,96.9406,13538052259203909017
sorted_array,65536,9,48.9944,13538052259203909017
fusion8_c,65536,9,98.7656,13538052259203909017
btree16_bl_a64,65536,10,44.0918,13538052259203909017
btree8_a64,65536,10,58.2733,13538052259203909017
fusion8,65536,10,99.8550,13538052259203909017
fusion8_c,65536,10,104.0726,13538052259203909017
sorted_array,65536,10,49.0417,13538052259203909017
btree8_bl_a64,65536,10,54.0054,13538052259203909017
btree8,65536,10,58.3878,13538052259203909017
fusion8_bf,65536,10,112.5504,13538052259203909017
fusion16_w,65536,10,97.9645,13538052259203909017
btree8_bl,65536,10,55.2216,13538052259203909017
fusion8,65536,11,101.5671,13538052259203909017
btree8,65536,11,58.8516,13538052259203909017
fusion16_w,65536,11,97.8653,13538052259203909017
btree8_bl,65536,11,51.5015,13538052259203909017
fusion8_c,65536,11,104.2587,13538052259203909017
btree8_bl_a64,65536,11,54.6341,13538052259203909017
btree8_a64,65536,11,58.2993,13538052259203909017
fusion8_bf,65536,11,107.7423,13538052259203909017
btree16_bl_a64,65536,11,39.9063,13538052259203909017
sorted_array,65536,11,49.2218,13538052259203909017
fusion16_w,65536,12,98.9487,13538052259203909017
fusion8_c,65536,12,104.9744,13538052259203909017
btree8_bl_a64,65536,12,51.0101,13538052259203909017
fusion8,65536,12,101.1719,13538052259203909017
fusion8_bf,65536,12,108.2306,13538052259203909017
sorted_array,65536,12,49.8596,13538052259203909017
btree8_bl,65536,12,54.1565,13538052259203909017
btree16_bl_a64,65536,12,39.3127,13538052259203909017
btree8,65536,12,59.3307,13538052259203909017
btree8_a64,65536,12,57.9041,13538052259203909017
btree8_bl_a64,65536,13,51.7365,13538052259203909017
fusion8_bf,65536,13,103.5477,13538052259203909017
btree16_bl_a64,65536,13,42.9520,13538052259203909017
btree8_a64,65536,13,55.7755,13538052259203909017
fusion16_w,65536,13,95.8832,13538052259203909017
fusion8,65536,13,101.3275,13538052259203909017
sorted_array,65536,13,48.4528,13538052259203909017
btree8,65536,13,59.1888,13538052259203909017
btree8_bl,65536,13,55.7571,13538052259203909017
fusion8_c,65536,13,103.0685,13538052259203909017
btree8_bl_a64,65536,14,50.6409,13538052259203909017
btree8_a64,65536,14,57.9773,13538052259203909017
fusion16_w,65536,14,98.5153,13538052259203909017
btree8_bl,65536,14,50.1236,13538052259203909017
fusion8_bf,65536,14,107.2250,13538052259203909017
sorted_array,65536,14,49.0997,13538052259203909017
fusion8_c,65536,14,101.7242,13538052259203909017
btree8,65536,14,57.2281,13538052259203909017
fusion8,65536,14,95.1828,13538052259203909017
btree16_bl_a64,65536,14,39.3509,13538052259203909017
btree8_bl_a64,131072,0,101.4923,18322359750267561758
btree8,131072,0,91.1942,18322359750267561758
fusion8_bf,131072,0,172.9843,18322359750267561758
fusion16_w,131072,0,160.8398,18322359750267561758
fusion8,131072,0,160.5560,18322359750267561758
btree16_bl_a64,131072,0,93.2388,18322359750267561758
btree8_a64,131072,0,97.7234,18322359750267561758
sorted_array,131072,0,61.8561,18322359750267561758
fusion8_c,131072,0,155.2231,18322359750267561758
btree8_bl,131072,0,85.8795,18322359750267561758
fusion8_c,131072,1,129.5319,18322359750267561758
fusion8,131072,1,154.0787,18322359750267561758
sorted_array,131072,1,61.8683,18322359750267561758
btree8_a64,131072,1,92.7917,18322359750267561758
fusion8_bf,131072,1,183.8776,18322359750267561758
btree8_bl,131072,1,93.6325,18322359750267561758
btree8,131072,1,92.3782,18322359750267561758
btree16_bl_a64,131072,1,94.3893,18322359750267561758
fusion16_w,131072,1,155.7327,18322359750267561758
btree8_bl_a64,131072,1,102.4384,18322359750267561758
btree8,131072,2,88.2233,18322359750267561758
sorted_array,131072,2,61.7996,18322359750267561758
fusion8_c,131072,2,150.2609,18322359750267561758
btree16_bl_a64,131072,2,91.2964,18322359750267561758
fusion8,131072,2,157.3624,18322359750267561758
fusion16_w,131072,2,154.9225,18322359750267561758
btree8_a64,131072,2,94.4962,18322359750267561758
btree8_bl_a64,131072,2,93.9148,18322359750267561758
fusion8_bf,131072,2,165.0742,18322359750267561758
btree8_bl,131072,2,95.1797,18322359750267561758
fusion8,131072,3,155.5939,18322359750267561758
btree8_bl,131072,3,81.4362,18322359750267561758
btree16_bl_a64,131072,3,88.0386,18322359750267561758
fusion8_bf,131072,3,163.5635,18322359750267561758
sorted_array,131072,3,64.1083,18322359750267561758
btree8,131072,3,93.1351,18322359750267561758
fusion8_c,131072,3,150.9766,18322359750267561758
btree8_a64,131072,3,95.7077,18322359750267561758
btree8_bl_a64,131072,3,93.5852,18322359750267561758
fusion16_w,131072,3,157.1823,18322359750267561758
btree16_bl_a64,131072,4,90.4846,18322359750267561758
fusion8_bf,131072,4,166.3223,18322359750267561758
btree8,131072,4,93.0618,18322359750267561758
fusion8_c,131072,4,155.7098,18322359750267561758
fusion8,131072,4,157.7499,18322359750267561758
btree8_bl_a64,131072,4,99.2081,18322359750267561758
sorted_array,131072,4,65.3030,18322359750267561758
btree8_bl,131072,4,86.1618,18322359750267561758
fusion16_w,131072,4,155.7602,18322359750267561758
btree8_a64,131072,4,97.9401,18322359750267561758
fusion8_bf,131072,5,170.1950,18322359750267561758
fusion8_c,131072,5,147.1436,18322359750267561758
fusion16_w,131072,5,158.5556,18322359750267561758
btree16_bl_a64,131072,5,94.2703,18322359750267561758
btree8_a64,131072,5,93.1686,18322359750267561758
btree8_bl_a64,131072,5,97.1481,18322359750267561758
fusion8,131072,5,152.6917,18322359750267561758
btree8,131072,5,98.3337,18322359750267561758
btree8_bl,131072,5,88.5727,18322359750267561758
sorted_array,131072,5,61.7386,18322359750267561758
btree16_bl_a64,131072,6,90.7623,18322359750267561758
fusion8_c,131072,6,142.5293,18322359750267561758
btree8_bl_a64,131072,6,96.1075,18322359750267561758
sorted_array,131072,6,61.3449,18322359750267561758
btree8_bl,131072,6,84.1309,18322359750267561758
btree8,131072,6,88.0859,18322359750267561758
btree8_a64,131072,6,95.9610,18322359750267561758
fusion16_w,131072,6,165.4419,18322359750267561758
fusion8_bf,131072,6,171.6095,18322359750267561758
fusion8,131072,6,155.8151,18322359750267561758
btree8_a64,131072,7,97.9538,18322359750267561758
fusion8_bf,131072,7,156.7551,18322359750267561758
fusion8,131072,7,148.7808,18322359750267561758
btree8_bl,131072,7,85.1746,18322359750267561758
btree8_bl_a64,131072,7,93.4311,18322359750267561758
btree16_bl_a64,131072,7,89.7324,18322359750267561758
fusion8_c,131072,7,144.2307,18322359750267561758
btree8,131072,7,88.4415,18322359750267561758
fusion16_w,131072,7,167.6666,18322359750267561758
sorted_array,131072,7,63.1546,18322359750267561758
fusion8_c,131072,8,146.4066,18322359750267561758
btree16_bl_a64,131072,8,89.4501,18322359750267561758
btree8_bl_a64,131072,8,93.4128,18322359750267561758
fusion8_bf,131072,8,157.4112,18322359750267561758
fusion16_w,131072,8,149.6368,18322359750267561758
btree8_bl,131072,8,93.2953,18322359750267561758
btree8_a64,131072,8,91.8869,18322359750267561758
btree8,131072,8,88.8168,18322359750267561758
fusion8,131072,8,151.7715,18322359750267561758
sorted_array,131072,8,61.6348,18322359750267561758
fusion8,131072,9,121.0464,18322359750267561758
fusion16_w,131072,9,154.5685,18322359750267561758
sorted_array,131072,9,60.2905,18322359750267561758
btree8_bl_a64,131072,9,94.2780,18322359750267561758
btree16_bl_a64,131072,9,89.5508,18322359750267561758
fusion8_bf,131072,9,165.3412,18322359750267561758
btree8_a64,131072,9,94.8532,18322359750267561758
btree8_bl,131072,9,87.6846,18322359750267561758
btree8,131072,9,92.2562,18322359750267561758
fusion8_c,131072,9,150.0092,18322359750267561758
fusion8,131072,10,159.7443,18322359750267561758
sorted_array,131072,10,60.6064,18322359750267561758
fusion8_bf,131072,10,160.7330,18322359750267561758
btree8,131072,10,92.9886,18322359750267561758
fusion8_c,131072,10,163.7726,18322359750267561758
btree16_bl_a64,131072,10,93.7561,18322359750267561758
fusion16_w,131072,10,154.5807,18322359750267561758
btree8_bl_a64,131072,10,91.3513,18322359750267561758
btree8_bl,131072,10,88.4018,18322359750267561758
btree8_a64,131072,10,100.1633,18322359750267561758
btree8_a64,131072,11,70.4865,18322359750267561758
btree8_bl_a64,131072,11,101.9348,18322359750267561758
fusion8,131072,11,165.3183,18322359750267561758
btree8_bl,131072,11,93.6188,18322359750267561758
fusion8_c,131072,11,148.5291,18322359750267561758
fusion16_w,131072,11,152.9373,18322359750267561758
sorted_array,131072,11,61.6547,18322359750267561758
btree16_bl_a64,131072,11,92.9749,18322359750267561758
fusion8_bf,131072,11,183.0307,18322359750267561758
btree8,131072,11,90.8112,18322359750267561758
fusion8_bf,131072,12,138.9587,18322359750267561758
fusion8,131072,12,156.7352,18322359750267561758
btree16_bl_a64,131072,12,89.0152,18322359750267561758
btree8_bl_a64,131072,12,92.7139,18322359750267561758
sorted_array,131072,12,60.3668,18322359750267561758
fusion16_w,131072,12,153.5751,18322359750267561758
fusion8_c,131072,12,142.2302,18322359750267561758
btree8_a64,131072,12,104.6814,18322359750267561758
btree8,131072,12,89.2746,18322359750267561758
btree8_bl,131072,12,95.0668,18322359750267561758
sorted_array,131072,13,63.3194,18322359750267561758
btree8,131072,13,79.9057,18322359750267561758
fusion8,131072,13,171.8948,18322359750267561758
btree8_a64,131072,13,102.8809,18322359750267561758
fusion8_c,131072,13,171.5500,18322359750267561758
fusion8_bf,131072,13,167.2440,18322359750267561758
btree8_bl,131072,13,86.8958,18322359750267561758
btree16_bl_a64,131072,13,93.1396,18322359750267561758
btree8_bl_a64,131072,13,95.3278,18322359750267561758
fusion16_w,131072,13,157.4768,18322359750267561758
fusion8_c,131072,14,157.3090,18322359750267561758
btree8_a64,131072,14,95.2408,18322359750267561758
btree8,131072,14,96.0739,18322359750267561758
fusion16_w,131072,14,180.6885,18322359750267561758
btree8_bl_a64,131072,14,106.9931,18322359750267561758
fusion8,131072,14,161.7905,18322359750267561758
fusion8_bf,131072,14,165.0116,18322359750267561758
btree16_bl_a64,131072,14,108.6945,18322359750267561758
btree8_bl,131072,14,97.4060,18322359750267561758
sorted_array,131072,14,64.9780,18322359750267561758
btree16_bl_a64,262144,0,140.7654,10037066851814254848
btree8_bl,262144,0,106.1356,10037066851814254848
btree8_bl_a64,262144,0,108.5266,10037066851814254848
btree8,262144,0,100.7874,10037066851814254848
fusion8_c,262144,0,156.1249,10037066851814254848
fusion8_bf,262144,0,173.8571,10037066851814254848
fusion8,262144,0,170.5765,10037066851814254848
sorted_array,262144,0,75.4196,10037066851814254848
btree8_a64,262144,0,97.2641,10037066851814254848
fusion16_w,262144,0,200.4211,10037066851814254848
sorted_array,262144,1,76.6602,10037066851814254848
fusion16_w,262144,1,153.1693,10037066851814254848
fusion8_c,262144,1,152.2308,10037066851814254848
btree8,262144,1,91.2659,10037066851814254848
btree8_a64,262144,1,100.7935,10037066851814254848
btree8_bl,262144,1,106.4362,10037066851814254848
fusion8_bf,262144,1,174.5590,10037066851814254848
btree8_bl_a64,262144,1,106.6879,10037066851814254848
btree16_bl_a64,262144,1,138.8290,10037066851814254848
fusion8,262144,1,175.9445,10037066851814254848
fusion8_c,262144,2,160.6659,10037066851814254848
fusion16_w,262144,2,189.0350,10037066851814254848
btree8,262144,2,99.4156,10037066851814254848
btree8_bl,262144,2,105.4062,10037066851814254848
sorted_array,262144,2,73.7259,10037066851814254848
btree8_a64,262144,2,102.1561,10037066851814254848
fusion8,262144,2,179.1641,10037066851814254848
btree8_bl_a64,262144,2,109.8129,10037066851814254848
btree16_bl_a64,262144,2,141.4825,10037066851814254848
fusion8_bf,262144,2,172.7234,10037066851814254848
btree8_bl_a64,262144,3,104.8828,10037066851814254848
btree8_a64,262144,3,94.1040,10037066851814254848
fusion8_bf,262144,3,169.9982,10037066851814254848
sorted_array,262144,3,73.8998,10037066851814254848
fusion8_c,262144,3,156.3675,10037066851814254848
fusion8,262144,3,161.8011,10037066851814254848
btree8,262144,3,93.1641,10037066851814254848
btree16_bl_a64,262144,3,139.7507,10037066851814254848
btree8_bl,262144,3,103.9322,10037066851814254848
fusion16_w,262144,3,187.1078,10037066851814254848
btree8,262144,4,90.5426,10037066851814254848
btree8_a64,262144,4,96.5347,10037066851814254848
btree8_bl_a64,262144,4,106.4331,10037066851814254848
btree16_bl_a64,262144,4,143.8324,10037066851814254848
fusion8_bf,262144,4,183.0124,10037066851814254848
sorted_array,262144,4,74.8810,10037066851814254848
btree8_bl,262144,4,100.9399,10037066851814254848
fusion8,262144,4,166.3879,10037066851814254848
fusion16_w,262144,4,190.2252,10037066851814254848
fusion8_c,262144,4,156.0150,10037066851814254848
fusion16_w,262144,5,174.1837,10037066851814254848
fusion8_bf,262144,5,177.9785,10037066851814254848
btree8_a64,262144,5,100.4700,10037066851814254848
fusion8_c,262144,5,155.7770,10037066851814254848
btree16_bl_a64,262144,5,139.8422,10037066851814254848
fusion8,262144,5,186.7584,10037066851814254848
btree8_bl_a64,262144,5,109.9136,10037066851814254848
btree8_bl,262144,5,100.9933,10037066851814254848
sorted_array,262144,5,77.7420,10037066851814254848
btree8,262144,5,95.5399,10037066851814254848
fusion8_c,262144,6,157.4463,10037066851814254848
btree8_bl_a64,262144,6,112.1506,10037066851814254848
btree16_bl_a64,262144,6,148.1110,10037066851814254848
btree8_bl,262144,6,102.9510,10037066851814254848
btree8,262144,6,100.7523,10037066851814254848
fusion8,262144,6,177.7191,10037066851814254848
fusion8_bf,262144,6,177.9373,10037066851814254848
fusion16_w,262144,6,213.8550,10037066851814254848
sorted_array,262144,6,75.9354,10037066851814254848
btree8_a64,262144,6,101.7319,10037066851814254848
btree8_bl_a64,262144,7,106.0104,10037066851814254848
fusion8,262144,7,163.2812,10037066851814254848
fusion8_c,262144,7,154.7089,10037066851814254848
fusion16_w,262144,7,208.9111,10037066851814254848
btree8,262144,7,93.8568,10037066851814254848
sorted_array,262144,7,79.1275,10037066851814254848
btree16_bl_a64,262144,7,137.9333,10037066851814254848
fusion8_bf,262144,7,173.0972,10037066851814254848
btree8_bl,262144,7,99.3164,10037066851814254848
btree8_a64,262144,7,104.4510,10037066851814254848
sorted_array,262144,8,80.6442,10037066851814254848
btree8_a64,262144,8,81.8054,10037066851814254848
btree16_bl_a64,262144,8,139.8209,10037066851814254848
btree8,262144,8,91.7526,10037066851814254848
fusion8,262144,8,165.7593,10037066851814254848
btree8_bl_a64,262144,8,111.1694,10037066851814254848
fusion8_c,262144,8,155.7510,10037066851814254848
fusion16_w,262144,8,204.8111,10037066851814254848
fusion8_bf,262144,8,191.3528,10037066851814254848
btree8_bl,262144,8,96.7056,10037066851814254848
btree8,262144,9,94.7357,10037066851814254848
btree8_bl,262144,9,81.3675,10037066851814254848
btree8_bl_a64,262144,9,109.7275,10037066851814254848
fusion16_w,262144,9,189.6179,10037066851814254848
fusion8_c,262144,9,156.8161,10037066851814254848
btree8_a64,262144,9,98.4467,10037066851814254848
fusion8_bf,262144,9,184.2789,10037066851814254848
sorted_array,262144,9,75.8011,10037066851814254848
fusion8,262144,9,172.5586,10037066851814254848
btree16_bl_a64,262144,9,146.5195,10037066851814254848
fusion8,262144,10,175.8881,10037066851814254848
sorted_array,262144,10,76.1993,10037066851814254848
btree8_a64,262144,10,106.2134,10037066851814254848
btree8_bl,262144,10,119.7220,10037066851814254848
btree8,262144,10,101.7288,10037066851814254848
btree8_bl_a64,262144,10,129.1382,10037066851814254848
btree16_bl_a64,262144,10,159.8099,10037066851814254848
fusion16_w,262144,10,206.9916,10037066851814254848
fusion8_c,262144,10,167.8879,10037066851814254848
fusion8_bf,262144,10,190.7623,10037066851814254848
btree8_bl,262144,11,100.5661,10037066851814254848
btree16_bl_a64,262144,11,153.3447,10037066851814254848
fusion8_bf,262144,11,183.2809,10037066851814254848
sorted_array,262144,11,78.8513,10037066851814254848
fusion16_w,262144,11,197.8607,10037066851814254848
btree8_a64,262144,11,99.7025,10037066851814254848
btree8_bl_a64,262144,11,106.3522,10037066851814254848
fusion8_c,262144,11,161.5601,10037066851814254848
btree8,262144,11,93.2449,10037066851814254848
fusion8,262144,11,161.1145,10037066851814254848
btree8_bl_a64,262144,12,110.3653,10037066851814254848
fusion8_bf,262144,12,196.1044,10037066851814254848
fusion8,262144,12,202.6642,10037066851814254848
btree16_bl_a64,262144,12,150.5615,10037066851814254848
btree8,262144,12,101.0132,10037066851814254848
fusion8_c,262144,12,171.0556,10037066851814254848
btree8_bl,262144,12,113.6780,10037066851814254848
sorted_array,262144,12,79.1168,10037066851814254848
btree8_a64,262144,12,107.6889,10037066851814254848
fusion16_w,262144,12,207.6813,10037066851814254848
fusion8,262144,13,182.5989,10037066851814254848
btree8_a64,262144,13,105.9464,10037066851814254848
btree16_bl_a64,262144,13,151.6891,10037066851814254848
fusion8_c,262144,13,176.5305,10037066851814254848
btree8_bl_a64,262144,13,120.4758,10037066851814254848
sorted_array,262144,13,78.9810,10037066851814254848
fusion16_w,262144,13,197.9919,10037066851814254848
btree8,262144,13,99.8810,10037066851814254848
btree8_bl,262144,13,112.1399,10037066851814254848
fusion8_bf,262144,13,185.3439,10037066851814254848
btree8_a64,262144,14,108.2230,10037066851814254848
sorted_array,262144,14,78.8345,10037066851814254848
fusion8_c,262144,14,171.2677,10037066851814254848
btree8_bl_a64,262144,14,121.0556,10037066851814254848
btree16_bl_a64,262144,14,148.8022,10037066851814254848
fusion16_w,262144,14,205.6015,10037066851814254848
fusion8_bf,262144,14,206.9183,10037066851814254848
btree8_bl,262144,14,116.4703,10037066851814254848
fusion8,262144,14,196.2509,10037066851814254848
btree8,262144,14,103.3875,10037066851814254848
sorted_array,524288,0,125.3250,12494368574949970434
fusion8_c,524288,0,175.9872,12494368574949970434
btree8_bl,524288,0,106.6467,12494368574949970434
btree8_a64,524288,0,106.9214,12494368574949970434
fusion8_bf,524288,0,223.0652,12494368574949970434
fusion8,524288,0,221.6583,12494368574949970434
btree8,524288,0,106.1798,12494368574949970434
btree8_bl_a64,524288,0,130.9921,12494368574949970434
btree16_bl_a64,524288,0,174.0463,12494368574949970434
fusion16_w,524288,0,228.8742,12494368574949970434
btree8,524288,1,101.3351,12494368574949970434
fusion8_bf,524288,1,192.4042,12494368574949970434
btree8_bl_a64,524288,1,131.1417,12494368574949970434
sorted_array,524288,1,122.1222,12494368574949970434
btree8_bl,524288,1,122.3801,12494368574949970434
btree8_a64,524288,1,107.0099,12494368574949970434
fusion16_w,524288,1,245.4224,12494368574949970434
fusion8_c,524288,1,176.8463,12494368574949970434
fusion8,524288,1,199.3866,12494368574949970434
btree16_bl_a64,524288,1,170.0806,12494368574949970434
btree8_bl,524288,2,124.0494,12494368574949970434
btree8,524288,2,106.8970,12494368574949970434
fusion8,524288,2,185.9467,12494368574949970434
btree8_a64,524288,2,107.5363,12494368574949970434
btree16_bl_a64,524288,2,176.4786,12494368574949970434
fusion8_c,524288,2,178.2410,12494368574949970434
btree8_bl_a64,524288,2,130.2704,12494368574949970434
fusion8_bf,524288,2,199.4019,12494368574949970434
fusion16_w,524288,2,235.3210,12494368574949970434
sorted_array,524288,2,129.3381,12494368574949970434
sorted_array,524288,3,107.0053,12494368574949970434
btree8_a64,524288,3,106.5475,12494368574949970434
btree16_bl_a64,524288,3,167.6132,12494368574949970434
fusion8_c,524288,3,175.1205,12494368574949970434
btree8,524288,3,104.0512,12494368574949970434
fusion8,524288,3,182.9681,12494368574949970434
btree8_bl_a64,524288,3,123.6908,12494368574949970434
btree8_bl,524288,3,118.7119,12494368574949970434
fusion16_w,524288,3,228.9917,12494368574949970434
fusion8_bf,524288,3,195.6604,12494368574949970434
btree8_a64,524288,4,108.1741,12494368574949970434
btree8_bl_a64,524288,4,121.1639,12494368574949970434
btree16_bl_a64,524288,4,161.1465,12494368574949970434
sorted_array,524288,4,132.8079,12494368574949970434
btree8_bl,524288,4,114.6164,12494368574949970434
fusion8,524288,4,183.3389,12494368574949970434
fusion8_bf,524288,4,170.1935,12494368574949970434
btree8,524288,4,94.2139,12494368574949970434
fusion16_w,524288,4,221.4981,12494368574949970434
fusion8_c,524288,4,159.7229,12494368574949970434
btree8_bl,524288,5,105.2795,12494368574949970434
btree8_bl_a64,524288,5,108.2718,12494368574949970434
btree16_bl_a64,524288,5,159.5535,12494368574949970434
fusion8_c,524288,5,171.8658,12494368574949970434
fusion16_w,524288,5,244.8929,12494368574949970434
btree8,524288,5,102.9282,12494368574949970434
fusion8,524288,5,165.4709,12494368574949970434
sorted_array,524288,5,121.2540,12494368574949970434
fusion8_bf,524288,5,184.1751,12494368574949970434
btree8_a64,524288,5,104.8615,12494368574949970434
btree16_bl_a64,524288,6,151.1459,12494368574949970434
sorted_array,524288,6,126.4938,12494368574949970434
btree8_bl_a64,524288,6,110.9024,12494368574949970434
fusion8,524288,6,167.6651,12494368574949970434
fusion8_bf,524288,6,181.3583,12494368574949970434
btree8,524288,6,94.4458,12494368574949970434
fusion16_w,524288,6,234.1293,12494368574949970434
btree8_a64,524288,6,105.7526,12494368574949970434
btree8_bl,524288,6,119.7815,12494368574949970434
fusion8_c,524288,6,171.8277,12494368574949970434
fusion8,524288,7,184.3353,12494368574949970434
sorted_array,524288,7,126.5579,12494368574949970434
fusion16_w,524288,7,226.8555,12494368574949970434
fusion8_bf,524288,7,205.0842,12494368574949970434
btree16_bl_a64,524288,7,154.6219,12494368574949970434
btree8_bl,524288,7,120.0424,12494368574949970434
btree8_bl_a64,524288,7,129.1229,12494368574949970434
btree8_a64,524288,7,112.1262,12494368574949970434
btree8,524288,7,105.7800,12494368574949970434
fusion8_c,524288,7,163.9175,12494368574949970434
fusion8_bf,524288,8,179.8218,12494368574949970434
fusion8_c,524288,8,143.8828,12494368574949970434
fusion16_w,524288,8,213.7756,12494368574949970434
btree16_bl_a64,524288,8,172.6852,12494368574949970434
sorted_array,524288,8,122.8470,12494368574949970434
btree8,524288,8,103.3295,12494368574949970434
btree8_bl_a64,524288,8,114.4791,12494368574949970434
btree8_bl,524288,8,107.4417,12494368574949970434
fusion8,524288,8,172.1069,12494368574949970434
btree8_a64,524288,8,116.1240,12494368574949970434
sorted_array,524288,9,130.7480,12494368574949970434
fusion8_bf,524288,9,185.7391,12494368574949970434
fusion8,524288,9,185.1456,12494368574949970434
fusion8_c,524288,9,155.6732,12494368574949970434
btree8_bl_a64,524288,9,113.4537,12494368574949970434
btree16_bl_a64,524288,9,159.8419,12494368574949970434
btree8,524288,9,102.5330,12494368574949970434
btree8_bl,524288,9,110.1685,12494368574949970434
fusion16_w,524288,9,225.9033,12494368574949970434
btree8_a64,524288,9,105.2689,12494368574949970434
btree8_a64,524288,10,75.5829,12494368574949970434
fusion16_w,524288,10,210.2692,12494368574949970434
fusion8_bf,524288,10,181.3141,12494368574949970434
fusion8,524288,10,161.5570,12494368574949970434
btree8,524288,10,96.0785,12494368574949970434
btree16_bl_a64,524288,10,162.7060,12494368574949970434
btree8_bl,524288,10,115.9622,12494368574949970434
btree8_bl_a64,524288,10,114.2487,12494368574949970434
sorted_array,524288,10,129.3930,12494368574949970434
fusion8_c,524288,10,162.3550,12494368574949970434
fusion8_bf,524288,11,175.4333,12494368574949970434
btree8,524288,11,98.9304,12494368574949970434
fusion8,524288,11,171.8384,12494368574949970434
btree8_a64,524288,11,100.7660,12494368574949970434
btree16_bl_a64,524288,11,180.1880,12494368574949970434
fusion8_c,524288,11,164.5218,12494368574949970434
btree8_bl,524288,11,102.0798,12494368574949970434
fusion16_w,524288,11,218.2083,12494368574949970434
btree8_bl_a64,524288,11,107.4539,12494368574949970434
sorted_array,524288,11,120.1859,12494368574949970434
fusion16_w,524288,12,202.8549,12494368574949970434
btree16_bl_a64,524288,12,149.9680,12494368574949970434
btree8_bl,524288,12,109.8053,12494368574949970434
sorted_array,524288,12,122.2992,12494368574949970434
fusion8_c,524288,12,200.4761,12494368574949970434
btree8,524288,12,109.5657,12494368574949970434
fusion8,524288,12,182.4295,12494368574949970434
fusion8_bf,524288,12,232.4310,12494368574949970434
btree8_bl_a64,524288,12,131.5033,12494368574949970434
btree8_a64,524288,12,105.2185,12494368574949970434
btree8_bl_a64,524288,13,98.7808,12494368574949970434
btree8,524288,13,99.1516,12494368574949970434
fusion16_w,524288,13,234.3338,12494368574949970434
btree16_bl_a64,524288,13,153.9764,12494368574949970434
btree8_bl,524288,13,101.4328,12494368574949970434
btree8_a64,524288,13,108.6151,12494368574949970434
fusion8_c,524288,13,177.5467,12494368574949970434
fusion8_bf,524288,13,180.2292,12494368574949970434
fusion8,524288,13,169.8074,12494368574949970434
sorted_array,524288,13,126.5732,12494368574949970434
fusion8_bf,524288,14,181.6666,12494368574949970434
btree16_bl_a64,524288,14,226.7441,12494368574949970434
fusion16_w,524288,14,273.3292,12494368574949970434
fusion8_c,524288,14,186.2000,12494368574949970434
sorted_array,524288,14,170.4453,12494368574949970434
fusion8,524288,14,210.7483,12494368574949970434
btree8_bl,524288,14,122.7295,12494368574949970434
btree8_a64,524288,14,108.3511,12494368574949970434
btree8,524288,14,103.5080,12494368574949970434
btree8_bl_a64,524288,14,117.8162,12494368574949970434
btree8_bl,1048576,0,256.6238,16362192324183350314
fusion16_w,1048576,0,244.5389,16362192324183350314
fusion8_bf,1048576,0,390.5075,16362192324183350314
btree16_bl_a64,1048576,0,166.1041,16362192324183350314
fusion8_c,1048576,0,341.9647,16362192324183350314
btree8,1048576,0,272.7676,16362192324183350314
btree8_a64,1048576,0,300.9918,16362192324183350314
fusion8,1048576,0,408.4778,16362192324183350314
sorted_array,1048576,0,221.3181,16362192324183350314
btree8_bl_a64,1048576,0,264.6133,16362192324183350314
sorted_array,1048576,1,250.3494,16362192324183350314
btree8_bl,1048576,1,289.1830,16362192324183350314
fusion8,1048576,1,437.6358,16362192324183350314
btree8_a64,1048576,1,295.9930,16362192324183350314
btree8,1048576,1,294.8532,16362192324183350314
btree8_bl_a64,1048576,1,278.0411,16362192324183350314
fusion8_bf,1048576,1,473.3688,16362192324183350314
btree16_bl_a64,1048576,1,195.3308,16362192324183350314
fusion16_w,1048576,1,319.3741,16362192324183350314
fusion8_c,1048576,1,406.3354,16362192324183350314
fusion8,1048576,2,433.1894,16362192324183350314
btree16_bl_a64,1048576,2,238.6780,16362192324183350314
btree8,1048576,2,293.7744,16362192324183350314
fusion8_bf,1048576,2,428.0350,16362192324183350314
btree8_bl,1048576,2,291.5833,16362192324183350314
btree8_bl_a64,1048576,2,257.1411,16362192324183350314
fusion8_c,1048576,2,371.0724,16362192324183350314
btree8_a64,1048576,2,370.6879,16362192324183350314
sorted_array,1048576,2,233.4732,16362192324183350314
fusion16_w,1048576,2,259.7458,16362192324183350314
fusion8_bf,1048576,3,422.0612,16362192324183350314
fusion8,1048576,3,357.0328,16362192324183350314
fusion16_w,1048576,3,229.3335,16362192324183350314
btree8,1048576,3,275.9857,16362192324183350314
fusion8_c,1048576,3,344.6960,16362192324183350314
sorted_array,1048576,3,246.1456,16362192324183350314
btree8_bl_a64,1048576,3,229.8538,16362192324183350314
btree16_bl_a64,1048576,3,188.7726,16362192324183350314
btree8_bl,1048576,3,233.6075,16362192324183350314
btree8_a64,1048576,3,264.0854,16362192324183350314
btree8_bl_a64,1048576,4,231.5247,16362192324183350314
btree8,1048576,4,268.6234,16362192324183350314
fusion8_bf,1048576,4,452.8625,16362192324183350314
btree16_bl_a64,1048576,4,176.0437,16362192324183350314
btree8_a64,1048576,4,309.9991,16362192324183350314
btree8_bl,1048576,4,259.2377,16362192324183350314
sorted_array,1048576,4,355.8105,16362192324183350314
fusion8,1048576,4,387.4039,16362192324183350314
fusion8_c,1048576,4,367.4255,16362192324183350314
fusion16_w,1048576,4,275.9552,16362192324183350314
fusion8,1048576,5,424.4797,16362192324183350314
btree8,1048576,5,293.5593,16362192324183350314
btree8_bl_a64,1048576,5,260.9192,16362192324183350314
fusion8_c,1048576,5,347.8424,16362192324183350314
sorted_array,1048576,5,224.3896,16362192324183350314
btree8_a64,1048576,5,259.9350,16362192324183350314
fusion16_w,1048576,5,247.1695,16362192324183350314
btree16_bl_a64,1048576,5,169.4595,16362192324183350314
btree8_bl,1048576,5,232.8552,16362192324183350314
fusion8_bf,1048576,5,368.1488,16362192324183350314
btree8,1048576,6,256.1996,16362192324183350314
sorted_array,1048576,6,210.1746,16362192324183350314
fusion8,1048576,6,357.0908,16362192324183350314
fusion8_c,1048576,6,315.9607,16362192324183350314
fusion8_bf,1048576,6,356.2256,16362192324183350314
fusion16_w,1048576,6,231.6238,16362192324183350314
btree8_bl_a64,1048576,6,219.7983,16362192324183350314
btree16_bl_a64,1048576,6,163.5223,16362192324183350314
btree8_bl,1048576,6,230.5176,16362192324183350314
btree8_a64,1048576,6,251.6602,16362192324183350314
fusion8,1048576,7,348.2300,16362192324183350314
btree8_bl_a64,1048576,7,222.5647,16362192324183350314
btree8,1048576,7,267.0883,16362192324183350314
fusion8_c,1048576,7,315.1047,16362192324183350314
fusion16_w,1048576,7,231.4163,16362192324183350314
fusion8_bf,1048576,7,353.5080,16362192324183350314
btree8_a64,1048576,7,253.3188,16362192324183350314
btree16_bl_a64,1048576,7,156.5247,16362192324183350314
sorted_array,1048576,7,209.0607,16362192324183350314
btree8_bl,1048576,7,225.7645,16362192324183350314
btree8,1048576,8,250.8331,16362192324183350314
fusion8_bf,1048576,8,357.7347,16362192324183350314
fusion8,1048576,8,350.9933,16362192324183350314
fusion16_w,1048576,8,235.7574,16362192324183350314
btree8_a64,1048576,8,256.5903,16362192324183350314
btree8_bl_a64,1048576,8,209.3506,16362192324183350314
fusion8_c,1048576,8,313.8351,16362192324183350314
btree8_bl,1048576,8,236.9980,16362192324183350314
sorted_array,1048576,8,214.3433,16362192324183350314
btree16_bl_a64,1048576,8,155.3589,16362192324183350314
fusion16_w,1048576,9,227.1561,16362192324183350314
btree8_a64,1048576,9,247.3816,16362192324183350314
fusion8_c,1048576,9,328.5385,16362192324183350314
fusion8,1048576,9,341.4291,16362192324183350314
sorted_array,1048576,9,214.6484,16362192324183350314
fusion8_bf,1048576,9,361.1023,16362192324183350314
btree8,1048576,9,269.7342,16362192324183350314
btree16_bl_a64,1048576,9,163.4079,16362192324183350314
btree8_bl_a64,1048576,9,214.3204,16362192324183350314
btree8_bl,1048576,9,226.1169,16362192324183350314
fusion16_w,1048576,10,232.9269,16362192324183350314
btree8_bl_a64,1048576,10,241.0019,16362192324183350314
fusion8,1048576,10,384.6313,16362192324183350314
fusion8_bf,1048576,10,354.3793,16362192324183350314
btree16_bl_a64,1048576,10,164.0930,16362192324183350314
btree8_bl,1048576,10,225.7904,16362192324183350314
btree8,1048576,10,254.7745,16362192324183350314
fusion8_c,1048576,10,331.5521,16362192324183350314
btree8_a64,1048576,10,257.4493,16362192324183350314
sorted_array,1048576,10,212.9028,16362192324183350314
btree8_bl_a64,1048576,11,216.5451,16362192324183350314
fusion8,1048576,11,336.0748,16362192324183350314
sorted_array,1048576,11,212.7518,16362192324183350314
btree8,1048576,11,250.9338,16362192324183350314
fusion8_c,1048576,11,323.7091,16362192324183350314
btree16_bl_a64,1048576,11,164.4424,16362192324183350314
btree8_bl,1048576,11,224.8657,16362192324183350314
btree8_a64,1048576,11,253.6270,16362192324183350314
fusion16_w,1048576,11,236.7355,16362192324183350314
fusion8_bf,1048576,11,355.3574,16362192324183350314
sorted_array,1048576,12,215.1459,16362192324183350314
fusion8_c,1048576,12,318.9301,16362192324183350314
btree8,1048576,12,249.5667,16362192324183350314
btree8_bl,1048576,12,240.8615,16362192324183350314
fusion8,1048576,12,331.4774,16362192324183350314
fusion16_w,1048576,12,232.8384,16362192324183350314
btree8_a64,1048576,12,251.1246,16362192324183350314
btree8_bl_a64,1048576,12,216.4383,16362192324183350314
btree16_bl_a64,1048576,12,162.7136,16362192324183350314
fusion8_bf,1048576,12,341.9403,16362192324183350314
fusion8,1048576,13,343.8629,16362192324183350314
sorted_array,1048576,13,211.7386,16362192324183350314
btree8_bl_a64,1048576,13,212.6709,16362192324183350314
btree16_bl_a64,1048576,13,162.8815,16362192324183350314
fusion8_bf,1048576,13,347.3022,16362192324183350314
btree8_a64,1048576,13,249.3286,16362192324183350314
fusion16_w,1048576,13,240.2466,16362192324183350314
fusion8_c,1048576,13,316.2766,16362192324183350314
btree8,1048576,13,250.7477,16362192324183350314
btree8_bl,1048576,13,236.2122,16362192324183350314
btree16_bl_a64,1048576,14,160.8612,16362192324183350314
btree8_bl,1048576,14,201.4587,16362192324183350314
sorted_array,1048576,14,211.1450,16362192324183350314
btree8,1048576,14,247.1024,16362192324183350314
fusion16_w,1048576,14,235.0662,16362192324183350314
fusion8_c,1048576,14,314.2456,16362192324183350314
btree8_a64,1048576,14,251.9913,16362192324183350314
fusion8_bf,1048576,14,368.9026,16362192324183350314
btree8_bl_a64,1048576,14,222.9645,16362192324183350314
fusion8,1048576,14,340.4587,16362192324183350314
btree8_a64,2097152,0,263.0600,6087976039063001523
btree8_bl_a64,2097152,0,267.9413,6087976039063001523
fusion8_c,2097152,0,334.8618,6087976039063001523
fusion16_w,2097152,0,377.0721,6087976039063001523
btree16_bl_a64,2097152,0,384.4193,6087976039063001523
fusion8,2097152,0,396.2082,6087976039063001523
fusion8_bf,2097152,0,386.5738,6087976039063001523
btree8,2097152,0,258.0994,6087976039063001523
btree8_bl,2097152,0,295.8786,6087976039063001523
sorted_array,2097152,0,310.2188,6087976039063001523
fusion8_c,2097152,1,339.2090,6087976039063001523
fusion16_w,2097152,1,379.3228,6087976039063001523
fusion8_bf,2097152,1,541.7603,6087976039063001523
btree8_a64,2097152,1,330.9753,6087976039063001523
sorted_array,2097152,1,457.2372,6087976039063001523
btree8_bl,2097152,1,355.9937,6087976039063001523
btree8,2097152,1,338.7650,6087976039063001523
btree8_bl_a64,2097152,1,338.6017,6087976039063001523
fusion8,2097152,1,436.9522,6087976039063001523
btree16_bl_a64,2097152,1,277.0767,6087976039063001523
sorted_array,2097152,2,375.3967,6087976039063001523
btree8_a64,2097152,2,305.9982,6087976039063001523
btree8_bl,2097152,2,317.4896,6087976039063001523
fusion8_c,2097152,2,405.4962,6087976039063001523
btree8,2097152,2,308.6166,6087976039063001523
fusion8,2097152,2,411.5219,6087976039063001523
btree16_bl_a64,2097152,2,277.8625,6087976039063001523
fusion16_w,2097152,2,368.4845,6087976039063001523
fusion8_bf,2097152,2,415.7257,6087976039063001523
btree8_bl_a64,2097152,2,279.7089,6087976039063001523
btree16_bl_a64,2097152,3,240.8020,6087976039063001523
btree8_bl,2097152,3,278.0350,6087976039063001523
fusion8_c,2097152,3,329.1870,6087976039063001523
btree8_a64,2097152,3,265.6342,6087976039063001523
fusion16_w,2097152,3,366.2964,6087976039063001523
btree8,2097152,3,258.6884,6087976039063001523
sorted_array,2097152,3,296.2708,6087976039063001523
fusion8,2097152,3,354.1306,6087976039063001523
fusion8_bf,2097152,3,364.7095,6087976039063001523
btree8_bl_a64,2097152,3,266.8945,6087976039063001523
btree8_bl_a64,2097152,4,204.7989,6087976039063001523
btree8_a64,2097152,4,256.0440,6087976039063001523
btree8,2097152,4,255.0369,6087976039063001523
btree16_bl_a64,2097152,4,239.2029,6087976039063001523
fusion16_w,2097152,4,330.2353,6087976039063001523
btree8_bl,2097152,4,279.3930,6087976039063001523
fusion8,2097152,4,351.2604,6087976039063001523
sorted_array,2097152,4,314.2593,6087976039063001523
fusion8_c,2097152,4,339.5416,6087976039063001523
fusion8_bf,2097152,4,363.7573,6087976039063001523
fusion16_w,2097152,5,355.3665,6087976039063001523
btree8,2097152,5,262.9272,6087976039063001523
fusion8,2097152,5,348.8052,6087976039063001523
sorted_array,2097152,5,296.1655,6087976039063001523
fusion8_c,2097152,5,327.2308,6087976039063001523
fusion8_bf,2097152,5,376.2054,6087976039063001523
btree8_bl_a64,2097152,5,264.2273,6087976039063001523
btree16_bl_a64,2097152,5,247.8806,6087976039063001523
btree8_a64,2097152,5,274.0021,6087976039063001523
btree8_bl,2097152,5,283.0490,6087976039063001523
btree8,2097152,6,258.2443,6087976039063001523
btree8_bl_a64,2097152,6,276.1642,6087976039063001523
fusion8_bf,2097152,6,356.9916,6087976039063001523
fusion8_c,2097152,6,337.2162,6087976039063001523
fusion16_w,2097152,6,324.2874,6087976039063001523
sorted_array,2097152,6,307.7942,6087976039063001523
fusion8,2097152,6,352.6352,6087976039063001523
btree8_bl,2097152,6,272.8500,6087976039063001523
btree16_bl_a64,2097152,6,234.3658,6087976039063001523
btree8_a64,2097152,6,261.0641,6087976039063001523
btree8_bl_a64,2097152,7,267.0792,6087976039063001523
fusion16_w,2097152,7,329.1016,6087976039063001523
btree16_bl_a64,2097152,7,251.7120,6087976039063001523
btree8_a64,2097152,7,253.6713,6087976039063001523
fusion8_bf,2097152,7,372.7814,6087976039063001523
fusion8_c,2097152,7,330.4398,6087976039063001523
fusion8,2097152,7,355.5664,6087976039063001523
btree8,2097152,7,255.9326,6087976039063001523
btree8_bl,2097152,7,270.3171,6087976039063001523
sorted_array,2097152,7,299.0479,6087976039063001523
fusion16_w,2097152,8,332.2739,6087976039063001523
btree8_bl,2097152,8,273.3490,6087976039063001523
sorted_array,2097152,8,301.2939,6087976039063001523
fusion8_bf,2097152,8,364.0350,6087976039063001523
btree8,2097152,8,265.0284,6087976039063001523
fusion8_c,2097152,8,334.5306,6087976039063001523
btree16_bl_a64,2097152,8,241.4459,6087976039063001523
btree8_a64,2097152,8,253.8208,6087976039063001523
fusion8,2097152,8,358.6502,6087976039063001523
btree8_bl_a64,2097152,8,261.6394,6087976039063001523
btree8_bl,2097152,9,272.5540,6087976039063001523
fusion8,2097152,9,353.2166,6087976039063001523
fusion8_c,2097152,9,333.1238,6087976039063001523
fusion8_bf,2097152,9,365.3305,6087976039063001523
fusion16_w,2097152,9,324.6048,6087976039063001523
btree8_bl_a64,2097152,9,266.1072,6087976039063001523
btree16_bl_a64,2097152,9,236.9354,6087976039063001523
sorted_array,2097152,9,292.7704,6087976039063001523
btree8,2097152,9,253.0533,6087976039063001523
btree8_a64,2097152,9,265.2908,6087976039063001523
fusion8_c,2097152,10,335.6949,6087976039063001523
fusion16_w,2097152,10,336.0825,6087976039063001523
btree8_bl_a64,2097152,10,265.3152,6087976039063001523
fusion8,2097152,10,344.9478,6087976039063001523
btree8_bl,2097152,10,273.9029,6087976039063001523
fusion8_bf,2097152,10,357.6965,6087976039063001523
btree16_bl_a64,2097152,10,238.3743,6087976039063001523
btree8,2097152,10,257.2952,6087976039063001523
btree8_a64,2097152,10,259.6893,6087976039063001523
sorted_array,2097152,10,307.4890,6087976039063001523
fusion8_bf,2097152,11,376.3016,6087976039063001523
sorted_array,2097152,11,296.9177,6087976039063001523
fusion8_c,2097152,11,342.1341,6087976039063001523
btree8_bl_a64,2097152,11,262.9089,6087976039063001523
btree8_bl,2097152,11,270.6039,6087976039063001523
btree8_a64,2097152,11,255.2078,6087976039063001523
btree8,2097152,11,255.6046,6087976039063001523
btree16_bl_a64,2097152,11,234.8465,6087976039063001523
fusion16_w,2097152,11,328.1616,6087976039063001523
fusion8,2097152,11,351.1353,6087976039063001523
btree16_bl_a64,2097152,12,240.3381,6087976039063001523
fusion8,2097152,12,350.0900,6087976039063001523
sorted_array,2097152,12,301.3870,6087976039063001523
fusion16_w,2097152,12,326.4771,6087976039063001523
fusion8_c,2097152,12,330.3085,6087976039063001523
btree8,2097152,12,256.8481,6087976039063001523
btree8_bl,2097152,12,268.1229,6087976039063001523
fusion8_bf,2097152,12,361.4380,6087976039063001523
btree8_bl_a64,2097152,12,261.7767,6087976039063001523
btree8_a64,2097152,12,255.9143,6087976039063001523
fusion8,2097152,13,349.6613,6087976039063001523
fusion8_c,2097152,13,341.2460,6087976039063001523
fusion8_bf,2097152,13,363.2156,6087976039063001523
fusion16_w,2097152,13,326.1978,6087976039063001523
sorted_array,2097152,13,296.0388,6087976039063001523
btree8,2097152,13,253.8559,6087976039063001523
btree16_bl_a64,2097152,13,240.5411,6087976039063001523
btree8_a64,2097152,13,256.6879,6087976039063001523
btree8_bl,2097152,13,272.8073,6087976039063001523
btree8_bl_a64,2097152,13,259.8480,6087976039063001523
fusion8_c,2097152,14,323.6099,6087976039063001523
btree8,2097152,14,252.9007,6087976039063001523
fusion8_bf,2097152,14,364.0182,6087976039063001523
fusion8,2097152,14,349.2630,6087976039063001523
btree8_bl,2097152,14,273.0347,6087976039063001523
btree16_bl_a64,2097152,14,236.1572,6087976039063001523
btree8_a64,2097152,14,256.5186,6087976039063001523
fusion16_w,2097152,14,342.6041,6087976039063001523
btree8_bl_a64,2097152,14,266.0919,6087976039063001523
sorted_array,2097152,14,293.4982,6087976039063001523
fusion8_bf,4194304,0,371.6553,14247903871160904604
btree8_bl_a64,4194304,0,265.4602,14247903871160904604
btree8,4194304,0,268.6890,14247903871160904604
fusion16_w,4194304,0,424.4186,14247903871160904604
fusion8_c,4194304,0,334.7900,14247903871160904604
btree8_a64,4194304,0,261.7035,14247903871160904604
sorted_array,4194304,0,508.6334,14247903871160904604
btree8_bl,4194304,0,273.5687,14247903871160904604
btree16_bl_a64,4194304,0,324.5712,14247903871160904604
fusion8,4194304,0,354.8203,14247903871160904604
btree8_bl_a64,4194304,1,264.1464,14247903871160904604
btree8_a64,4194304,1,259.4299,14247903871160904604
fusion8,4194304,1,358.5678,14247903871160904604
sorted_array,4194304,1,510.9100,14247903871160904604
fusion16_w,4194304,1,383.0292,14247903871160904604
fusion8_bf,4194304,1,369.0659,14247903871160904604
btree16_bl_a64,4194304,1,325.0488,14247903871160904604
btree8_bl,4194304,1,275.4700,14247903871160904604
fusion8_c,4194304,1,344.1681,14247903871160904604
btree8,4194304,1,275.9964,14247903871160904604
fusion16_w,4194304,2,413.0676,14247903871160904604
fusion8,4194304,2,361.7676,14247903871160904604
fusion8_bf,4194304,2,393.2709,14247903871160904604
btree8_bl,4194304,2,462.2742,14247903871160904604
fusion8_c,4194304,2,581.9229,14247903871160904604
sorted_array,4194304,2,678.6224,14247903871160904604
btree8_a64,4194304,2,292.3004,14247903871160904604
btree16_bl_a64,4194304,2,374.1791,14247903871160904604
btree8_bl_a64,4194304,2,293.9316,14247903871160904604
btree8,4194304,2,281.2622,14247903871160904604
fusion8,4194304,3,481.4728,14247903871160904604
fusion8_bf,4194304,3,555.8014,14247903871160904604
btree16_bl_a64,4194304,3,448.7686,14247903871160904604
fusion16_w,4194304,3,508.5999,14247903871160904604
btree8_bl_a64,4194304,3,379.8492,14247903871160904604
sorted_array,4194304,3,712.1643,14247903871160904604
btree8_a64,4194304,3,344.9493,14247903871160904604
fusion8_c,4194304,3,486.7462,14247903871160904604
btree8,4194304,3,405.9937,14247903871160904604
btree8_bl,4194304,3,344.1055,14247903871160904604
fusion8_bf,4194304,4,508.2352,14247903871160904604
btree8,4194304,4,331.5216,14247903871160904604
btree8_bl,4194304,4,324.4324,14247903871160904604
sorted_array,4194304,4,882.8644,14247903871160904604
fusion8_c,4194304,4,437.2452,14247903871160904604
btree16_bl_a64,4194304,4,341.1987,14247903871160904604
fusion8,4194304,4,396.0678,14247903871160904604
btree8_bl_a64,4194304,4,290.4205,14247903871160904604
fusion16_w,4194304,4,412.0056,14247903871160904604
btree8_a64,4194304,4,285.0418,14247903871160904604
fusion16_w,4194304,5,439.2929,14247903871160904604
sorted_array,4194304,5,524.1226,14247903871160904604
btree16_bl_a64,4194304,5,327.3071,14247903871160904604
btree8,4194304,5,263.6765,14247903871160904604
btree8_bl,4194304,5,286.8332,14247903871160904604
fusion8_bf,4194304,5,408.2535,14247903871160904604
btree8_bl_a64,4194304,5,278.6942,14247903871160904604
fusion8,4194304,5,365.9042,14247903871160904604
btree8_a64,4194304,5,267.6727,14247903871160904604
fusion8_c,4194304,5,344.0689,14247903871160904604
btree8_a64,4194304,6,267.3981,14247903871160904604
sorted_array,4194304,6,637.7151,14247903871160904604
btree8_bl_a64,4194304,6,285.7132,14247903871160904604
btree8,4194304,6,273.6511,14247903871160904604
fusion8_c,4194304,6,347.9599,14247903871160904604
fusion8_bf,4194304,6,386.5524,14247903871160904604
btree8_bl,4194304,6,284.6375,14247903871160904604
fusion16_w,4194304,6,382.2662,14247903871160904604
btree16_bl_a64,4194304,6,324.4797,14247903871160904604
fusion8,4194304,6,370.2545,14247903871160904604
btree8,4194304,7,264.1403,14247903871160904604
sorted_array,4194304,7,505.4245,14247903871160904604
fusion16_w,4194304,7,426.0117,14247903871160904604
fusion8,4194304,7,378.9124,14247903871160904604
fusion8_c,4194304,7,352.3865,14247903871160904604
btree8_bl_a64,4194304,7,291.3040,14247903871160904604
btree16_bl_a64,4194304,7,341.1774,14247903871160904604
btree8_bl,4194304,7,290.0772,14247903871160904604
btree8_a64,4194304,7,274.8749,14247903871160904604
fusion8_bf,4194304,7,388.9984,14247903871160904604
fusion8,4194304,8,374.8642,14247903871160904604
fusion16_w,4194304,8,466.2735,14247903871160904604
btree8,4194304,8,286.2686,14247903871160904604
btree16_bl_a64,4194304,8,348.2254,14247903871160904604
btree8_bl,4194304,8,298.4009,14247903871160904604
sorted_array,4194304,8,570.1248,14247903871160904604
fusion8_c,4194304,8,350.2487,14247903871160904604
fusion8_bf,4194304,8,387.8815,14247903871160904604
btree8_bl_a64,4194304,8,291.6336,14247903871160904604
btree8_a64,4194304,8,273.5138,14247903871160904604
btree8_bl_a64,4194304,9,277.0340,14247903871160904604
btree8,4194304,9,264.1953,14247903871160904604
fusion8_bf,4194304,9,382.5546,14247903871160904604
btree8_a64,4194304,9,266.8518,14247903871160904604
fusion8,4194304,9,369.9554,14247903871160904604
btree8_bl,4194304,9,281.4362,14247903871160904604
btree16_bl_a64,4194304,9,340.8508,14247903871160904604
fusion8_c,4194304,9,338.1134,14247903871160904604
fusion16_w,4194304,9,413.4354,14247903871160904604
sorted_array,4194304,9,529.0680,14247903871160904604
fusion8,4194304,10,362.0438,14247903871160904604
fusion16_w,4194304,10,389.1281,14247903871160904604
sorted_array,4194304,10,531.8481,14247903871160904604
fusion8_c,4194304,10,341.3254,14247903871160904604
btree8,4194304,10,275.0763,14247903871160904604
fusion8_bf,4194304,10,390.5060,14247903871160904604
btree8_bl_a64,4194304,10,273.9136,14247903871160904604
btree8_bl,4194304,10,287.9257,14247903871160904604
btree8_a64,4194304,10,265.7013,14247903871160904604
btree16_bl_a64,4194304,10,343.3136,14247903871160904604
fusion8_c,4194304,11,336.4243,14247903871160904604
btree8_bl,4194304,11,280.3253,14247903871160904604
fusion8_bf,4194304,11,375.2167,14247903871160904604
fusion8,4194304,11,367.2775,14247903871160904604
btree8,4194304,11,268.6829,14247903871160904604
btree8_a64,4194304,11,261.3434,14247903871160904604
btree8_bl_a64,4194304,11,269.9783,14247903871160904604
btree16_bl_a64,4194304,11,328.8895,14247903871160904604
sorted_array,4194304,11,535.6964,14247903871160904604
fusion16_w,4194304,11,382.4631,14247903871160904604
fusion8_bf,4194304,12,371.4920,14247903871160904604
btree8_bl_a64,4194304,12,267.1982,14247903871160904604
fusion16_w,4194304,12,381.8436,14247903871160904604
sorted_array,4194304,12,511.2198,14247903871160904604
btree8_bl,4194304,12,273.0225,14247903871160904604
btree16_bl_a64,4194304,12,332.0267,14247903871160904604
fusion8_c,4194304,12,340.2313,14247903871160904604
fusion8,4194304,12,355.0552,14247903871160904604
btree8,4194304,12,274.0356,14247903871160904604
btree8_a64,4194304,12,272.3618,14247903871160904604
sorted_array,4194304,13,519.6732,14247903871160904604
fusion8_bf,4194304,13,399.1852,14247903871160904604
btree8_a64,4194304,13,265.7104,14247903871160904604
btree16_bl_a64,4194304,13,329.9469,14247903871160904604
btree8_bl,4194304,13,276.9333,14247903871160904604
fusion8_c,4194304,13,332.7911,14247903871160904604
fusion16_w,4194304,13,381.2027,14247903871160904604
btree8_bl_a64,4194304,13,270.2774,14247903871160904604
fusion8,4194304,13,351.3351,14247903871160904604
btree8,4194304,13,259.5322,14247903871160904604
fusion8_bf,4194304,14,365.1215,14247903871160904604
fusion16_w,4194304,14,409.7031,14247903871160904604
fusion8,4194304,14,353.3875,14247903871160904604
btree16_bl_a64,4194304,14,323.6588,14247903871160904604
fusion8_c,4194304,14,330.3497,14247903871160904604
btree8,4194304,14,263.2019,14247903871160904604
btree8_bl,4194304,14,276.7014,14247903871160904604
btree8_a64,4194304,14,262.2055,14247903871160904604
btree8_bl_a64,4194304,14,263.9862,14247903871160904604
sorted_array,4194304,14,495.9488,14247903871160904604
btree16_bl_a64,8388608,0,361.4548,16818331115280313399
fusion16_w,8388608,0,426.4816,16818331115280313399
fusion8_bf,8388608,0,567.4576,16818331115280313399
btree8_a64,8388608,0,409.7015,16818331115280313399
btree8_bl,8388608,0,420.5048,16818331115280313399
fusion8_c,8388608,0,497.0062,16818331115280313399
btree8,8388608,0,413.7543,16818331115280313399
fusion8,8388608,0,677.0096,16818331115280313399
sorted_array,8388608,0,913.6765,16818331115280313399
btree8_bl_a64,8388608,0,377.6596,16818331115280313399
btree8_bl,8388608,1,408.4396,16818331115280313399
fusion8,8388608,1,539.3234,16818331115280313399
fusion8_c,8388608,1,478.8132,16818331115280313399
fusion8_bf,8388608,1,533.8882,16818331115280313399
btree16_bl_a64,8388608,1,346.3043,16818331115280313399
fusion16_w,8388608,1,414.2181,16818331115280313399
btree8,8388608,1,399.6582,16818331115280313399
sorted_array,8388608,1,877.4628,16818331115280313399
btree8_a64,8388608,1,417.3431,16818331115280313399
btree8_bl_a64,8388608,1,363.2706,16818331115280313399
btree8_a64,8388608,2,398.9609,16818331115280313399
fusion8_c,8388608,2,491.0950,16818331115280313399
btree16_bl_a64,8388608,2,347.7585,16818331115280313399
sorted_array,8388608,2,870.1096,16818331115280313399
fusion8_bf,8388608,2,578.0228,16818331115280313399
btree8_bl_a64,8388608,2,362.2726,16818331115280313399
fusion8,8388608,2,510.1883,16818331115280313399
btree8_bl,8388608,2,389.0274,16818331115280313399
btree8,8388608,2,397.1558,16818331115280313399
fusion16_w,8388608,2,435.0601,16818331115280313399
btree8_bl_a64,8388608,3,416.9678,16818331115280313399
fusion16_w,8388608,3,414.0900,16818331115280313399
btree16_bl_a64,8388608,3,352.6810,16818331115280313399
fusion8,8388608,3,514.7308,16818331115280313399
fusion8_c,8388608,3,507.2372,16818331115280313399
sorted_array,8388608,3,897.3465,16818331115280313399
btree8_bl,8388608,3,408.4869,16818331115280313399
btree8,8388608,3,420.7321,16818331115280313399
btree8_a64,8388608,3,415.6006,16818331115280313399
fusion8_bf,8388608,3,563.5223,16818331115280313399
btree8_bl,8388608,4,390.1550,16818331115280313399
btree8,8388608,4,392.8909,16818331115280313399
btree16_bl_a64,8388608,4,344.0247,16818331115280313399
fusion16_w,8388608,4,415.4694,16818331115280313399
sorted_array,8388608,4,899.7894,16818331115280313399
fusion8_bf,8388608,4,529.4922,16818331115280313399
btree8_bl_a64,8388608,4,365.5518,16818331115280313399
btree8_a64,8388608,4,395.3262,16818331115280313399
fusion8_c,8388608,4,489.2685,16818331115280313399
fusion8,8388608,4,511.8027,16818331115280313399
fusion8_c,8388608,5,480.8533,16818331115280313399
fusion16_w,8388608,5,419.5602,16818331115280313399
btree8,8388608,5,403.9886,16818331115280313399
sorted_array,8388608,5,871.4615,16818331115280313399
btree16_bl_a64,8388608,5,341.6489,16818331115280313399
btree8_bl_a64,8388608,5,361.4090,16818331115280313399
btree8_bl,8388608,5,386.5982,16818331115280313399
fusion8,8388608,5,506.4545,16818331115280313399
fusion8_bf,8388608,5,537.8906,16818331115280313399
btree8_a64,8388608,5,401.3611,16818331115280313399
fusion8,8388608,6,508.5236,16818331115280313399
btree8_bl,8388608,6,386.2381,16818331115280313399
btree8_a64,8388608,6,397.1375,16818331115280313399
fusion8_c,8388608,6,486.1725,16818331115280313399
fusion16_w,8388608,6,410.9802,16818331115280313399
sorted_array,8388608,6,869.4748,16818331115280313399
fusion8_bf,8388608,6,538.6353,16818331115280313399
btree16_bl_a64,8388608,6,343.9926,16818331115280313399
btree8_bl_a64,8388608,6,360.1212,16818331115280313399
btree8,8388608,6,394.1772,16818331115280313399
btree16_bl_a64,8388608,7,352.1942,16818331115280313399
btree8,8388608,7,395.5841,16818331115280313399
fusion8_bf,8388608,7,542.0059,16818331115280313399
fusion8,8388608,7,503.0884,16818331115280313399
btree8_bl,8388608,7,386.5936,16818331115280313399
btree8_bl_a64,8388608,7,358.4351,16818331115280313399
sorted_array,8388608,7,884.7733,16818331115280313399
fusion16_w,8388608,7,411.0214,16818331115280313399
fusion8_c,8388608,7,482.7194,16818331115280313399
btree8_a64,8388608,7,407.0969,16818331115280313399
fusion8_c,8388608,8,467.2302,16818331115280313399
fusion8_bf,8388608,8,528.4683,16818331115280313399
btree16_bl_a64,8388608,8,354.2648,16818331115280313399
btree8_a64,8388608,8,397.7417,16818331115280313399
sorted_array,8388608,8,879.2053,16818331115280313399
btree8_bl_a64,8388608,8,368.0542,16818331115280313399
btree8,8388608,8,407.0145,16818331115280313399
fusion8,8388608,8,511.1130,16818331115280313399
fusion16_w,8388608,8,411.5341,16818331115280313399
btree8_bl,8388608,8,410.9543,16818331115280313399
fusion8_c,8388608,9,475.3372,16818331115280313399
btree16_bl_a64,8388608,9,346.6232,16818331115280313399
fusion8,8388608,9,508.3435,16818331115280313399
fusion16_w,8388608,9,412.2223,16818331115280313399
btree8_bl,8388608,9,410.7574,16818331115280313399
btree8_a64,8388608,9,397.4609,16818331115280313399
fusion8_bf,8388608,9,546.5332,16818331115280313399
btree8_bl_a64,8388608,9,363.1821,16818331115280313399
btree8,8388608,9,400.2319,16818331115280313399
sorted_array,8388608,9,869.0094,16818331115280313399
fusion8,8388608,10,500.3983,16818331115280313399
sorted_array,8388608,10,880.8701,16818331115280313399
fusion8_c,8388608,10,473.1445,16818331115280313399
fusion8_bf,8388608,10,552.2705,16818331115280313399
btree8_bl_a64,8388608,10,365.1917,16818331115280313399
btree16_bl_a64,8388608,10,348.2498,16818331115280313399
btree8_bl,8388608,10,383.7677,16818331115280313399
fusion16_w,8388608,10,416.7099,16818331115280313399
btree8,8388608,10,415.7471,16818331115280313399
btree8_a64,8388608,10,417.5613,16818331115280313399
btree8,8388608,11,418.4296,16818331115280313399
sorted_array,8388608,11,907.0114,16818331115280313399
btree8_bl,8388608,11,403.7201,16818331115280313399
btree16_bl_a64,8388608,11,360.6140,16818331115280313399
btree8_a64,8388608,11,412.9349,16818331115280313399
fusion8_c,8388608,11,488.1683,16818331115280313399
fusion8_bf,8388608,11,540.4678,16818331115280313399
fusion16_w,8388608,11,440.9897,16818331115280313399
btree8_bl_a64,8388608,11,362.8525,16818331115280313399
fusion8,8388608,11,506.8222,16818331115280313399
sorted_array,8388608,12,888.0264,16818331115280313399
btree8_a64,8388608,12,413.1668,16818331115280313399
btree8,8388608,12,413.6642,16818331115280313399
fusion8_c,8388608,12,534.0805,16818331115280313399
btree8_bl,8388608,12,395.8771,16818331115280313399
fusion8_bf,8388608,12,557.7209,16818331115280313399
fusion16_w,8388608,12,454.3701,16818331115280313399
btree8_bl_a64,8388608,12,372.9019,16818331115280313399
fusion8,8388608,12,520.8740,16818331115280313399
btree16_bl_a64,8388608,12,342.3767,16818331115280313399
btree8,8388608,13,391.4047,16818331115280313399
btree16_bl_a64,8388608,13,346.8857,16818331115280313399
fusion8,8388608,13,503.3157,16818331115280313399
btree8_bl,8388608,13,385.0952,16818331115280313399
btree8_a64,8388608,13,395.8527,16818331115280313399
fusion16_w,8388608,13,434.4315,16818331115280313399
btree8_bl_a64,8388608,13,358.6639,16818331115280313399
fusion8_bf,8388608,13,528.1784,16818331115280313399
fusion8_c,8388608,13,489.4028,16818331115280313399
sorted_array,8388608,13,883.7021,16818331115280313399
fusion8_bf,8388608,14,538.2233,16818331115280313399
btree8_bl,8388608,14,395.3247,16818331115280313399
btree8_bl_a64,8388608,14,360.2264,16818331115280313399
btree8,8388608,14,393.8919,16818331115280313399
sorted_array,8388608,14,873.0774,16818331115280313399
fusion8,8388608,14,507.2647,16818331115280313399
fusion16_w,8388608,14,413.3041,16818331115280313399
fusion8_c,8388608,14,480.5664,16818331115280313399
btree8_a64,8388608,14,410.9863,16818331115280313399
btree16_bl_a64,8388608,14,345.1324,16818331115280313399
fusion8,16777216,0,708.2413,7378316869786178009
fusion16_w,16777216,0,514.9582,7378316869786178009
btree8,16777216,0,1002.4307,7378316869786178009
btree16_bl_a64,16777216,0,483.9417,7378316869786178009
btree8_bl_a64,16777216,0,586.7996,7378316869786178009
btree8_bl,16777216,0,739.9261,7378316869786178009
fusion8_bf,16777216,0,878.4119,7378316869786178009
btree8_a64,16777216,0,638.0768,7378316869786178009
fusion8_c,16777216,0,688.8702,7378316869786178009
sorted_array,16777216,0,1300.3342,7378316869786178009
btree8,16777216,1,547.4472,7378316869786178009
btree16_bl_a64,16777216,1,507.3120,7378316869786178009
btree8_bl,16777216,1,621.0861,7378316869786178009
fusion8_c,16777216,1,788.6047,7378316869786178009
btree8_bl_a64,16777216,1,639.7476,7378316869786178009
btree8_a64,16777216,1,669.3527,7378316869786178009
sorted_array,16777216,1,1335.7361,7378316869786178009
fusion8,16777216,1,713.8550,7378316869786178009
fusion8_bf,16777216,1,762.7151,7378316869786178009
fusion16_w,16777216,1,544.9249,7378316869786178009
btree8_a64,16777216,2,569.1391,7378316869786178009
fusion8,16777216,2,657.2769,7378316869786178009
btree8_bl,16777216,2,465.7562,7378316869786178009
sorted_array,16777216,2,1188.6108,7378316869786178009
fusion8_c,16777216,2,550.3937,7378316869786178009
fusion8_bf,16777216,2,660.8002,7378316869786178009
btree8_bl_a64,16777216,2,504.5334,7378316869786178009
btree16_bl_a64,16777216,2,390.4861,7378316869786178009
fusion16_w,16777216,2,492.0364,7378316869786178009
btree8,16777216,2,494.1055,7378316869786178009
btree8,16777216,3,429.0436,7378316869786178009
btree8_a64,16777216,3,467.3264,7378316869786178009
fusion8,16777216,3,582.6614,7378316869786178009
fusion8_bf,16777216,3,604.8203,7378316869786178009
sorted_array,16777216,3,1213.0127,7378316869786178009
fusion16_w,16777216,3,454.3610,7378316869786178009
btree16_bl_a64,16777216,3,366.3589,7378316869786178009
btree8_bl,16777216,3,470.7962,7378316869786178009
fusion8_c,16777216,3,522.1069,7378316869786178009
btree8_bl_a64,16777216,3,461.5692,7378316869786178009
fusion8,16777216,4,591.4352,7378316869786178009
fusion8_c,16777216,4,549.0433,7378316869786178009
btree8,16777216,4,467.6559,7378316869786178009
fusion16_w,16777216,4,486.3785,7378316869786178009
btree8_a64,16777216,4,587.5244,7378316869786178009
btree8_bl,16777216,4,531.5308,7378316869786178009
sorted_array,16777216,4,1250.9018,7378316869786178009
btree8_bl_a64,16777216,4,472.6730,7378316869786178009
btree16_bl_a64,16777216,4,421.1761,7378316869786178009
fusion8_bf,16777216,4,628.4683,7378316869786178009
fusion8,16777216,5,688.0402,7378316869786178009
btree8,16777216,5,510.5621,7378316869786178009
btree8_bl_a64,16777216,5,511.7920,7378316869786178009
fusion8_c,16777216,5,607.7927,7378316869786178009
btree16_bl_a64,16777216,5,388.1897,7378316869786178009
btree8_a64,16777216,5,512.5671,7378316869786178009
btree8_bl,16777216,5,538.3408,7378316869786178009
fusion16_w,16777216,5,618.4738,7378316869786178009
sorted_array,16777216,5,1772.1420,7378316869786178009
fusion8_bf,16777216,5,750.6165,7378316869786178009
sorted_array,16777216,6,1302.9099,7378316869786178009
fusion8_c,16777216,6,698.4528,7378316869786178009
btree8,16777216,6,777.2095,7378316869786178009
fusion8,16777216,6,801.8127,7378316869786178009
btree8_bl,16777216,6,669.8792,7378316869786178009
btree8_a64,16777216,6,587.2452,7378316869786178009
btree16_bl_a64,16777216,6,419.4794,7378316869786178009
fusion16_w,16777216,6,561.7538,7378316869786178009
btree8_bl_a64,16777216,6,647.1909,7378316869786178009
fusion8_bf,16777216,6,712.4054,7378316869786178009
btree8_bl_a64,16777216,7,895.1843,7378316869786178009
btree8,16777216,7,664.0488,7378316869786178009
btree8_a64,16777216,7,827.6016,7378316869786178009
fusion8_c,16777216,7,699.4186,7378316869786178009
btree16_bl_a64,16777216,7,733.2596,7378316869786178009
fusion8_bf,16777216,7,1206.1813,7378316869786178009
fusion8,16777216,7,977.9465,7378316869786178009
sorted_array,16777216,7,1432.4173,7378316869786178009
btree8_bl,16777216,7,631.6437,7378316869786178009
fusion16_w,16777216,7,499.4766,7378316869786178009
fusion8,16777216,8,678.4561,7378316869786178009
sorted_array,16777216,8,1371.0541,7378316869786178009
fusion8_c,16777216,8,806.5887,7378316869786178009
btree8,16777216,8,820.5261,7378316869786178009
btree8_bl_a64,16777216,8,513.0783,7378316869786178009
btree8_bl,16777216,8,686.6470,7378316869786178009
fusion16_w,16777216,8,630.5099,7378316869786178009
fusion8_bf,16777216,8,841.8579,7378316869786178009
btree16_bl_a64,16777216,8,448.4940,7378316869786178009
btree8_a64,16777216,8,536.7081,7378316869786178009
fusion8,16777216,9,812.7350,7378316869786178009
btree8,16777216,9,554.2206,7378316869786178009
fusion8_c,16777216,9,652.4826,7378316869786178009
fusion16_w,16777216,9,555.6534,7378316869786178009
sorted_array,16777216,9,1389.8575,7378316869786178009
btree8_bl_a64,16777216,9,921.5515,7378316869786178009
btree16_bl_a64,16777216,9,365.2603,7378316869786178009
btree8_bl,16777216,9,516.3712,7378316869786178009
fusion8_bf,16777216,9,647.2061,7378316869786178009
btree8_a64,16777216,9,501.2314,7378316869786178009
btree8,16777216,10,498.9853,7378316869786178009
fusion16_w,16777216,10,500.8789,7378316869786178009
fusion8_c,16777216,10,610.2753,7378316869786178009
btree8_a64,16777216,10,537.0468,7378316869786178009
fusion8,16777216,10,687.8937,7378316869786178009
btree8_bl_a64,16777216,10,588.8168,7378316869786178009
sorted_array,16777216,10,1516.9937,7378316869786178009
fusion8_bf,16777216,10,830.6503,7378316869786178009
btree8_bl,16777216,10,490.5807,7378316869786178009
btree16_bl_a64,16777216,10,392.8894,7378316869786178009
btree8_a64,16777216,11,569.6777,7378316869786178009
btree8,16777216,11,576.3809,7378316869786178009
fusion8_c,16777216,11,584.7046,7378316869786178009
btree8_bl_a64,16777216,11,562.7747,7378316869786178009
fusion8_bf,16777216,11,707.6965,7378316869786178009
fusion8,16777216,11,686.8896,7378316869786178009
btree8_bl,16777216,11,556.7596,7378316869786178009
fusion16_w,16777216,11,597.9340,7378316869786178009
btree16_bl_a64,16777216,11,399.1318,7378316869786178009
sorted_array,16777216,11,1478.6423,7378316869786178009
fusion8_c,16777216,12,623.5275,7378316869786178009
sorted_array,16777216,12,1449.1058,7378316869786178009
btree8_bl_a64,16777216,12,559.4040,7378316869786178009
btree8_bl,16777216,12,632.3563,7378316869786178009
btree16_bl_a64,16777216,12,454.0955,7378316869786178009
fusion8_bf,16777216,12,750.0610,7378316869786178009
btree8_a64,16777216,12,548.1934,7378316869786178009
fusion16_w,16777216,12,530.0613,7378316869786178009
fusion8,16777216,12,728.7842,7378316869786178009
btree8,16777216,12,577.6886,7378316869786178009
fusion16_w,16777216,13,501.5533,7378316869786178009
btree8_bl,16777216,13,501.1429,7378316869786178009
fusion8_bf,16777216,13,638.8107,7378316869786178009
btree8_bl_a64,16777216,13,481.5704,7378316869786178009
btree8_a64,16777216,13,475.1541,7378316869786178009
fusion8,16777216,13,620.2667,7378316869786178009
btree16_bl_a64,16777216,13,373.1033,7378316869786178009
sorted_array,16777216,13,1453.7857,7378316869786178009
btree8,16777216,13,733.1436,7378316869786178009
fusion8_c,16777216,13,772.1725,7378316869786178009
sorted_array,16777216,14,1635.8276,7378316869786178009
btree8_a64,16777216,14,597.4350,7378316869786178009
btree8_bl_a64,16777216,14,565.2588,7378316869786178009
fusion8_c,16777216,14,684.7961,7378316869786178009
btree8_bl,16777216,14,674.7162,7378316869786178009
btree8,16777216,14,553.5095,7378316869786178009
fusion16_w,16777216,14,546.7316,7378316869786178009
btree16_bl_a64,16777216,14,383.3359,7378316869786178009
fusion8,16777216,14,619.8822,7378316869786178009
fusion8_bf,16777216,14,695.9534,7378316869786178009
fusion8_c,33554432,0,606.8436,14781225337507930917
btree8_bl,33554432,0,541.6641,14781225337507930917
btree8,33554432,0,508.9401,14781225337507930917
fusion8,33554432,0,652.4643,14781225337507930917
btree8_bl_a64,33554432,0,510.1303,14781225337507930917
fusion16_w,33554432,0,681.4377,14781225337507930917
btree16_bl_a64,33554432,0,581.3675,14781225337507930917
fusion8_bf,33554432,0,707.6050,14781225337507930917
sorted_array,33554432,0,1464.7812,14781225337507930917
btree8_a64,33554432,0,518.1046,14781225337507930917
fusion16_w,33554432,1,660.9009,14781225337507930917
sorted_array,33554432,1,1432.6096,14781225337507930917
btree8_bl_a64,33554432,1,470.3217,14781225337507930917
btree8_bl,33554432,1,503.3524,14781225337507930917
fusion8,33554432,1,592.9718,14781225337507930917
btree8,33554432,1,469.1467,14781225337507930917
fusion8_bf,33554432,1,619.4366,14781225337507930917
fusion8_c,33554432,1,550.4669,14781225337507930917
btree16_bl_a64,33554432,1,535.1913,14781225337507930917
btree8_a64,33554432,1,467.9962,14781225337507930917
sorted_array,33554432,2,1482.7057,14781225337507930917
btree8,33554432,2,558.7967,14781225337507930917
fusion8_c,33554432,2,541.2613,14781225337507930917
fusion16_w,33554432,2,646.7834,14781225337507930917
btree8_a64,33554432,2,475.2228,14781225337507930917
btree16_bl_a64,33554432,2,518.9362,14781225337507930917
btree8_bl,33554432,2,483.3344,14781225337507930917
fusion8,33554432,2,608.2535,14781225337507930917
fusion8_bf,33554432,2,616.3101,14781225337507930917
btree8_bl_a64,33554432,2,445.9015,14781225337507930917
fusion16_w,33554432,3,624.1501,14781225337507930917
sorted_array,33554432,3,1431.7596,14781225337507930917
fusion8,33554432,3,589.7766,14781225337507930917
btree8_bl_a64,33554432,3,464.3951,14781225337507930917
fusion8_c,33554432,3,559.5688,14781225337507930917
btree8_a64,33554432,3,464.3860,14781225337507930917
btree8,33554432,3,477.9480,14781225337507930917
btree8_bl,33554432,3,526.3000,14781225337507930917
fusion8_bf,33554432,3,725.6119,14781225337507930917
btree16_bl_a64,33554432,3,641.0599,14781225337507930917
fusion16_w,33554432,4,767.7032,14781225337507930917
btree8_bl_a64,33554432,4,540.9286,14781225337507930917
sorted_array,33554432,4,1559.7610,14781225337507930917
btree8_bl,33554432,4,566.1499,14781225337507930917
fusion8,33554432,4,706.5323,14781225337507930917
fusion8_bf,33554432,4,911.1237,14781225337507930917
btree8,33554432,4,538.6047,14781225337507930917
fusion8_c,33554432,4,777.9251,14781225337507930917
btree8_a64,33554432,4,495.6741,14781225337507930917
btree16_bl_a64,33554432,4,577.2903,14781225337507930917
fusion8,33554432,5,680.9006,14781225337507930917
fusion8_c,33554432,5,693.2419,14781225337507930917
btree16_bl_a64,33554432,5,649.9634,14781225337507930917
btree8_a64,33554432,5,526.1063,14781225337507930917
btree8_bl_a64,33554432,5,516.8106,14781225337507930917
btree8_bl,33554432,5,507.0587,14781225337507930917
fusion16_w,33554432,5,631.4743,14781225337507930917
fusion8_bf,33554432,5,624.8230,14781225337507930917
sorted_array,33554432,5,1431.0608,14781225337507930917
btree8,33554432,5,461.5936,14781225337507930917
fusion8_bf,33554432,6,591.6687,14781225337507930917
fusion16_w,33554432,6,631.3385,14781225337507930917
btree8,33554432,6,451.8707,14781225337507930917
btree8_bl_a64,33554432,6,454.0100,14781225337507930917
fusion8_c,33554432,6,539.5401,14781225337507930917
sorted_array,33554432,6,1418.5760,14781225337507930917
fusion8,33554432,6,582.2128,14781225337507930917
btree16_bl_a64,33554432,6,563.7772,14781225337507930917
btree8_a64,33554432,6,495.6924,14781225337507930917
btree8_bl,33554432,6,533.3664,14781225337507930917
fusion16_w,33554432,7,708.4961,14781225337507930917
btree8_bl_a64,33554432,7,510.9451,14781225337507930917
btree16_bl_a64,33554432,7,555.7602,14781225337507930917
btree8_bl,33554432,7,535.0845,14781225337507930917
fusion8_c,33554432,7,588.2233,14781225337507930917
fusion8_bf,33554432,7,751.2283,14781225337507930917
sorted_array,33554432,7,1688.1775,14781225337507930917
btree8_a64,33554432,7,515.3122,14781225337507930917
fusion8,33554432,7,799.4186,14781225337507930917
btree8,33554432,7,708.0261,14781225337507930917
btree8_bl_a64,33554432,8,577.3621,14781225337507930917
fusion8_c,33554432,8,576.0406,14781225337507930917
fusion8,33554432,8,715.4343,14781225337507930917
fusion8_bf,33554432,8,795.0195,14781225337507930917
btree16_bl_a64,33554432,8,607.5256,14781225337507930917
btree8_a64,33554432,8,486.8851,14781225337507930917
sorted_array,33554432,8,1479.6692,14781225337507930917
btree8_bl,33554432,8,469.9142,14781225337507930917
btree8,33554432,8,470.0790,14781225337507930917
fusion16_w,33554432,8,618.6859,14781225337507930917
btree8_a64,33554432,9,480.6702,14781225337507930917
btree8_bl,33554432,9,481.8146,14781225337507930917
btree8,33554432,9,482.0709,14781225337507930917
btree16_bl_a64,33554432,9,508.0582,14781225337507930917
fusion8,33554432,9,592.2729,14781225337507930917
fusion8_c,33554432,9,546.8979,14781225337507930917
fusion8_bf,33554432,9,605.5771,14781225337507930917
sorted_array,33554432,9,1445.5368,14781225337507930917
btree8_bl_a64,33554432,9,466.9632,14781225337507930917
fusion16_w,33554432,9,607.2021,14781225337507930917
btree8_a64,33554432,10,465.6052,14781225337507930917
btree16_bl_a64,33554432,10,533.9264,14781225337507930917
btree8,33554432,10,461.1450,14781225337507930917
fusion16_w,33554432,10,615.4388,14781225337507930917
sorted_array,33554432,10,1423.5718,14781225337507930917
btree8_bl,33554432,10,496.2769,14781225337507930917
fusion8_c,33554432,10,542.6147,14781225337507930917
fusion8_bf,33554432,10,621.2387,14781225337507930917
fusion8,33554432,10,600.3738,14781225337507930917
btree8_bl_a64,33554432,10,489.6027,14781225337507930917
fusion8_bf,33554432,11,602.3621,14781225337507930917
fusion8,33554432,11,588.1592,14781225337507930917
btree16_bl_a64,33554432,11,523.3994,14781225337507930917
btree8_bl,33554432,11,498.1506,14781225337507930917
fusion16_w,33554432,11,676.1902,14781225337507930917
sorted_array,33554432,11,1542.8192,14781225337507930917
fusion8_c,33554432,11,626.0696,14781225337507930917
btree8,33554432,11,480.1254,14781225337507930917
btree8_a64,33554432,11,564.0030,14781225337507930917
btree8_bl_a64,33554432,11,507.2372,14781225337507930917
btree8_bl,33554432,12,526.3626,14781225337507930917
fusion8_c,33554432,12,623.3093,14781225337507930917
fusion16_w,33554432,12,691.3254,14781225337507930917
btree8_a64,33554432,12,469.4550,14781225337507930917
fusion8_bf,33554432,12,598.9746,14781225337507930917
sorted_array,33554432,12,1435.5179,14781225337507930917
fusion8,33554432,12,579.7546,14781225337507930917
btree8,33554432,12,454.8172,14781225337507930917
btree16_bl_a64,33554432,12,489.8605,14781225337507930917
btree8_bl_a64,33554432,12,448.3673,14781225337507930917
btree8_a64,33554432,13,447.7356,14781225337507930917
fusion8,33554432,13,591.4352,14781225337507930917
fusion8_bf,33554432,13,599.2935,14781225337507930917
btree8_bl_a64,33554432,13,449.9649,14781225337507930917
btree8_bl,33554432,13,477.6321,14781225337507930917
fusion8_c,33554432,13,546.0678,14781225337507930917
btree16_bl_a64,33554432,13,516.6565,14781225337507930917
sorted_array,33554432,13,1420.5933,14781225337507930917
btree8,33554432,13,450.8881,14781225337507930917
fusion16_w,33554432,13,632.9117,14781225337507930917
fusion16_w,33554432,14,566.7358,14781225337507930917
btree8_bl_a64,33554432,14,444.8288,14781225337507930917
fusion8_c,33554432,14,530.1758,14781225337507930917
btree8_a64,33554432,14,448.3627,14781225337507930917
sorted_array,33554432,14,1434.5917,14781225337507930917
fusion8,33554432,14,576.0773,14781225337507930917
btree16_bl_a64,33554432,14,512.7426,14781225337507930917
btree8_bl,33554432,14,470.5444,14781225337507930917
fusion8_bf,33554432,14,604.3076,14781225337507930917
btree8,33554432,14,449.8886,14781225337507930917
